code,type,text,weight
overall_A,intro,Today is a day where your energy opens up and you can confidently try anything.,1
overall_A,intro,Today is the best fortune with good currents gathering from all directions.,1
overall_A,effect,"The more proactive you are, the bigger the results will be and the more cooperation will shine.",1
overall_A,effect,Things you start today are likely to lead to good results later on.,1
overall_A,action,"If you don't hesitate and take the first step, today's luck will support you with all your might.",1
overall_A,action,Today is the best day to start an important challenge that you have been putting off.,1
overall_A_geum_df_earth,intro,Today is a day when all your fortunes are clear and you are in the best condition overall.,1
overall_A_geum_df_earth,effect,A sharp rise in overall luck produces good results in all areas.,1
overall_A_geum_df_earth,action,"If you take bold action today, the results will exceed your expectations.",1
overall_A_geum_df_earth,state,"Calm judgment increases prudence, leading to deep insight, and calm energy increases prudence, leading to good results.",1
overall_A_geum_df_fire,intro,Today is a day when all your fortunes are clear and you are in the best condition overall.,1
overall_A_geum_df_fire,effect,A sharp rise in overall luck produces good results in all areas.,1
overall_A_geum_df_fire,action,"If you take bold action today, the results will exceed your expectations.",1
overall_A_geum_df_fire,state,"Calm judgment increases prudence, leads to deep insight, and clear energy increases vitality and creates a good flow.",1
overall_A_geum_df_water,intro,Today is a day when all your fortunes are clear and you are in the best condition overall.,1
overall_A_geum_df_water,effect,A sharp rise in overall luck produces good results in all areas.,1
overall_A_geum_df_water,action,"If you take bold action today, the results will exceed your expectations.",1
overall_A_geum_df_water,state,"Calm judgment increases prudence and leads to deep insight, and moist energy deeply refines the mind and opens clear vision.",1
overall_A_geum_df_wood,intro,Today is a day when all your fortunes are clear and you are in the best condition overall.,1
overall_A_geum_df_wood,effect,A sharp rise in overall luck produces good results in all areas.,1
overall_A_geum_df_wood,action,"If you take bold action today, the results will exceed your expectations.",1
overall_A_geum_df_wood,state,"Calm judgment increases prudence, leads to deep insight, and dynamic energy opens up new possibilities.",1
overall_A_geum_ex_earth,intro,Today is a day when all your fortunes are clear and you are in the best condition overall.,1
overall_A_geum_ex_earth,effect,A sharp rise in overall luck produces good results in all areas.,1
overall_A_geum_ex_earth,action,"If you take bold action today, the results will exceed your expectations.",1
overall_A_geum_ex_earth,state,"Sharp judgment penetrates to the core and leads to clear conclusions, and calm energy increases prudence, leading to good results.",1
overall_A_geum_ex_fire,intro,Today is a day when all your fortunes are clear and you are in the best condition overall.,1
overall_A_geum_ex_fire,effect,A sharp rise in overall luck produces good results in all areas.,1
overall_A_geum_ex_fire,action,"If you take bold action today, the results will exceed your expectations.",1
overall_A_geum_ex_fire,state,"Sharp judgment penetrates the core and draws clear conclusions, and clear energy boosts vitality and creates a good flow.",1
overall_A_geum_ex_water,intro,Today is a day when all your fortunes are clear and you are in the best condition overall.,1
overall_A_geum_ex_water,effect,A sharp rise in overall luck produces good results in all areas.,1
overall_A_geum_ex_water,action,"If you take bold action today, the results will exceed your expectations.",1
overall_A_geum_ex_water,state,"Sharp judgment penetrates the core and draws clear conclusions, and moist energy deeply refines the mind and opens clear vision.",1
overall_A_geum_ex_wood,intro,Today is a day when all your fortunes are clear and you are in the best condition overall.,1
overall_A_geum_ex_wood,effect,A sharp rise in overall luck produces good results in all areas.,1
overall_A_geum_ex_wood,action,"If you take bold action today, the results will exceed your expectations.",1
overall_A_geum_ex_wood,state,"Sharp judgment penetrates to the core and draws clear conclusions, and dynamic energy opens up new possibilities.",1
overall_A_hwa_df_earth,intro,It is a bright day with good energy coming from all directions.,1
overall_A_hwa_df_earth,effect,Energy in all directions is maximized and everything goes well.,1
overall_A_hwa_df_earth,action,Try today what you've been wanting to do the most.,1
overall_A_hwa_df_earth,state,"A calm inner self gives you the power to fully express your sincerity, and a calm energy increases prudence, leading to good results.",1
overall_A_hwa_df_fire,intro,It is a bright day with good energy coming from all directions.,1
overall_A_hwa_df_fire,effect,Energy in all directions is maximized and everything goes well.,1
overall_A_hwa_df_fire,action,Try today what you've been wanting to do the most.,1
overall_A_hwa_df_fire,state,"A calm inner self gives you the power to fully express your sincerity, and clear energy boosts your vitality and creates a good flow.",1
overall_A_hwa_df_water,intro,It is a bright day with good energy coming from all directions.,1
overall_A_hwa_df_water,effect,Energy in all directions is maximized and everything goes well.,1
overall_A_hwa_df_water,action,Try today what you've been wanting to do the most.,1
overall_A_hwa_df_water,state,"A calm inner self gives you the power to fully express your true feelings, and moist energy deeply refines your mind and opens up clear vision.",1
overall_A_hwa_df_wood,intro,It is a bright day with good energy coming from all directions.,1
overall_A_hwa_df_wood,effect,Energy in all directions is maximized and everything goes well.,1
overall_A_hwa_df_wood,action,Try today what you've been wanting to do the most.,1
overall_A_hwa_df_wood,state,"A calm inner self gives you the power to fully express your sincerity, and dynamic energy opens up new possibilities.",1
overall_A_hwa_ex_earth,intro,It is a bright day with good energy coming from all directions.,1
overall_A_hwa_ex_earth,effect,Energy in all directions is maximized and everything goes well.,1
overall_A_hwa_ex_earth,action,Try today what you've been wanting to do the most.,1
overall_A_hwa_ex_earth,state,"Overflowing passion greatly increases momentum and creates a good flow, and calm energy increases prudence, leading to good results.",1
overall_A_hwa_ex_fire,intro,It is a bright day with good energy coming from all directions.,1
overall_A_hwa_ex_fire,effect,Energy in all directions is maximized and everything goes well.,1
overall_A_hwa_ex_fire,action,Try today what you've been wanting to do the most.,1
overall_A_hwa_ex_fire,state,"Overflowing passion greatly increases driving force and creates a good flow, and clear energy increases vitality and creates a good flow.",1
overall_A_hwa_ex_water,intro,It is a bright day with good energy coming from all directions.,1
overall_A_hwa_ex_water,effect,Energy in all directions is maximized and everything goes well.,1
overall_A_hwa_ex_water,action,Try today what you've been wanting to do the most.,1
overall_A_hwa_ex_water,state,"The overflowing passion greatly increases the driving force and creates a good flow, and the moist energy deeply refines the mind and opens clear vision.",1
overall_A_hwa_ex_wood,intro,It is a bright day with good energy coming from all directions.,1
overall_A_hwa_ex_wood,effect,Energy in all directions is maximized and everything goes well.,1
overall_A_hwa_ex_wood,action,Try today what you've been wanting to do the most.,1
overall_A_hwa_ex_wood,state,"Overflowing passion greatly increases driving force, creating a good flow, and dynamic energy opens up new possibilities.",1
overall_A_mok_df_earth,intro,This is a day when the overall horoscope is filled with growth energy and opportunities for development.,1
overall_A_mok_df_earth,effect,All-round growth energy creates opportunities in all fields.,1
overall_A_mok_df_earth,action,"If you actively take on new challenges, good results will follow.",1
overall_A_mok_df_earth,state,"A cautious approach actually creates a solid start, and a calm energy increases prudence, leading to good results.",1
overall_A_mok_df_fire,intro,This is a day when the overall horoscope is filled with growth energy and opportunities for development.,1
overall_A_mok_df_fire,effect,All-round growth energy creates opportunities in all fields.,1
overall_A_mok_df_fire,action,"If you actively take on new challenges, good results will follow.",1
overall_A_mok_df_fire,state,"A cautious approach actually creates a solid start, and clear energy boosts vitality and creates a good flow.",1
overall_A_mok_df_water,intro,This is a day when the overall horoscope is filled with growth energy and opportunities for development.,1
overall_A_mok_df_water,effect,All-round growth energy creates opportunities in all fields.,1
overall_A_mok_df_water,action,"If you actively take on new challenges, good results will follow.",1
overall_A_mok_df_water,state,"A cautious approach actually creates a solid start, and moist energy deeply refines the mind and opens clear vision.",1
overall_A_mok_df_wood,intro,This is a day when the overall horoscope is filled with growth energy and opportunities for development.,1
overall_A_mok_df_wood,effect,All-round growth energy creates opportunities in all fields.,1
overall_A_mok_df_wood,action,"If you actively take on new challenges, good results will follow.",1
overall_A_mok_df_wood,state,"A cautious approach creates a solid start, and dynamic energy opens up new possibilities.",1
overall_A_mok_ex_earth,intro,This is a day when the overall horoscope is filled with growth energy and opportunities for development.,1
overall_A_mok_ex_earth,effect,All-round growth energy creates opportunities in all fields.,1
overall_A_mok_ex_earth,action,"If you actively take on new challenges, good results will follow.",1
overall_A_mok_ex_earth,state,"A strong will actively opens up new opportunities, and a calm energy increases prudence, leading to good results.",1
overall_A_mok_ex_fire,intro,This is a day when the overall horoscope is filled with growth energy and opportunities for development.,1
overall_A_mok_ex_fire,effect,All-round growth energy creates opportunities in all fields.,1
overall_A_mok_ex_fire,action,"If you actively take on new challenges, good results will follow.",1
overall_A_mok_ex_fire,state,"A strong will actively opens up new opportunities, and clear energy increases vitality and creates a good flow.",1
overall_A_mok_ex_water,intro,This is a day when the overall horoscope is filled with growth energy and opportunities for development.,1
overall_A_mok_ex_water,effect,All-round growth energy creates opportunities in all fields.,1
overall_A_mok_ex_water,action,"If you actively take on new challenges, good results will follow.",1
overall_A_mok_ex_water,state,"A strong will actively opens up new opportunities, and moist energy deeply refines the mind and opens clear vision.",1
overall_A_mok_ex_wood,intro,This is a day when the overall horoscope is filled with growth energy and opportunities for development.,1
overall_A_mok_ex_wood,effect,All-round growth energy creates opportunities in all fields.,1
overall_A_mok_ex_wood,action,"If you actively take on new challenges, good results will follow.",1
overall_A_mok_ex_wood,state,"A strong will actively opens up new opportunities, and a dynamic energy opens up new possibilities.",1
overall_A_su_df_earth,intro,"Everything flows naturally, making the entire day smooth.",1
overall_A_su_df_earth,effect,The uninterrupted flow of fortune brings all your efforts to fruition.,1
overall_A_su_df_earth,action,"If you go with the flow and move naturally, you will get the results you want.",1
overall_A_su_df_earth,state,"A solid center helps you maintain your direction without wavering, and a calm energy increases prudence, leading to good results.",1
overall_A_su_df_fire,intro,"Everything flows naturally, making the entire day smooth.",1
overall_A_su_df_fire,effect,The uninterrupted flow of fortune brings all your efforts to fruition.,1
overall_A_su_df_fire,action,"If you go with the flow and move naturally, you will get the results you want.",1
overall_A_su_df_fire,state,"A solid center keeps you in the right direction without wavering, and clear energy boosts vitality and creates a good flow.",1
overall_A_su_df_water,intro,"Everything flows naturally, making the entire day smooth.",1
overall_A_su_df_water,effect,The uninterrupted flow of fortune brings all your efforts to fruition.,1
overall_A_su_df_water,action,"If you go with the flow and move naturally, you will get the results you want.",1
overall_A_su_df_water,state,"A solid center helps you keep your direction without wavering, and moist energy deeply refines your mind and opens up clear vision.",1
overall_A_su_df_wood,intro,"Everything flows naturally, making the entire day smooth.",1
overall_A_su_df_wood,effect,The uninterrupted flow of fortune brings all your efforts to fruition.,1
overall_A_su_df_wood,action,"If you go with the flow and move naturally, you will get the results you want.",1
overall_A_su_df_wood,state,"A solid center maintains the direction without wavering, and dynamic energy opens up new possibilities.",1
overall_A_su_ex_earth,intro,"Everything flows naturally, making the entire day smooth.",1
overall_A_su_ex_earth,effect,The uninterrupted flow of fortune brings all your efforts to fruition.,1
overall_A_su_ex_earth,action,"If you go with the flow and move naturally, you will get the results you want.",1
overall_A_su_ex_earth,state,"Rich sensitivity leads to deep insight and helps in good judgment, and calm energy increases prudence, leading to good results.",1
overall_A_su_ex_fire,intro,"Everything flows naturally, making the entire day smooth.",1
overall_A_su_ex_fire,effect,The uninterrupted flow of fortune brings all your efforts to fruition.,1
overall_A_su_ex_fire,action,"If you go with the flow and move naturally, you will get the results you want.",1
overall_A_su_ex_fire,state,"Rich sensitivity leads to deep insight and helps in making good decisions, and clear energy increases vitality and creates a good flow.",1
overall_A_su_ex_water,intro,"Everything flows naturally, making the entire day smooth.",1
overall_A_su_ex_water,effect,The uninterrupted flow of fortune brings all your efforts to fruition.,1
overall_A_su_ex_water,action,"If you go with the flow and move naturally, you will get the results you want.",1
overall_A_su_ex_water,state,"Rich sensitivity leads to deep insight and helps in good judgment, and moist energy deeply refines the mind and opens clear vision.",1
overall_A_su_ex_wood,intro,"Everything flows naturally, making the entire day smooth.",1
overall_A_su_ex_wood,effect,The uninterrupted flow of fortune brings all your efforts to fruition.,1
overall_A_su_ex_wood,action,"If you go with the flow and move naturally, you will get the results you want.",1
overall_A_su_ex_wood,state,"Rich sensitivity leads to deep insight and helps in making good decisions, and dynamic energy opens up new possibilities.",1
overall_A_to_df_earth,intro,It is a peaceful and stable day with an overall calming energy overflowing throughout the day.,1
overall_A_to_df_earth,effect,A solid overall financial foundation guarantees stable performance in all fields.,1
overall_A_to_df_earth,action,"If you move carefully and consistently, you will achieve tangible results.",1
overall_A_to_df_earth,state,"A flexible attitude allows you to naturally accept new trends, and a calm energy increases prudence, leading to good results.",1
overall_A_to_df_fire,intro,It is a peaceful and stable day with an overall calming energy overflowing throughout the day.,1
overall_A_to_df_fire,effect,A solid overall financial foundation guarantees stable performance in all fields.,1
overall_A_to_df_fire,action,"If you move carefully and consistently, you will achieve tangible results.",1
overall_A_to_df_fire,state,"A flexible attitude allows you to naturally accept new trends, and clear energy increases vitality and creates a good flow.",1
overall_A_to_df_water,intro,It is a peaceful and stable day with an overall calming energy overflowing throughout the day.,1
overall_A_to_df_water,effect,A solid overall financial foundation guarantees stable performance in all fields.,1
overall_A_to_df_water,action,"If you move carefully and consistently, you will achieve tangible results.",1
overall_A_to_df_water,state,"A flexible attitude allows you to naturally accept new trends, and moist energy deeply refines your mind and opens up clear vision.",1
overall_A_to_df_wood,intro,It is a peaceful and stable day with an overall calming energy overflowing throughout the day.,1
overall_A_to_df_wood,effect,A solid overall financial foundation guarantees stable performance in all fields.,1
overall_A_to_df_wood,action,"If you move carefully and consistently, you will achieve tangible results.",1
overall_A_to_df_wood,state,"A flexible attitude allows you to naturally accept new trends, and a dynamic energy opens up new possibilities.",1
overall_A_to_ex_earth,intro,It is a peaceful and stable day with an overall calming energy overflowing throughout the day.,1
overall_A_to_ex_earth,effect,A solid overall financial foundation guarantees stable performance in all fields.,1
overall_A_to_ex_earth,action,"If you move carefully and consistently, you will achieve tangible results.",1
overall_A_to_ex_earth,state,"A strong sense of stability becomes a solid foundation for everything, and a calm energy increases prudence, leading to good results.",1
overall_A_to_ex_fire,intro,It is a peaceful and stable day with an overall calming energy overflowing throughout the day.,1
overall_A_to_ex_fire,effect,A solid overall financial foundation guarantees stable performance in all fields.,1
overall_A_to_ex_fire,action,"If you move carefully and consistently, you will achieve tangible results.",1
overall_A_to_ex_fire,state,"A strong sense of stability becomes a solid foundation for everything, and clear energy boosts vitality and creates a good flow.",1
overall_A_to_ex_water,intro,It is a peaceful and stable day with an overall calming energy overflowing throughout the day.,1
overall_A_to_ex_water,effect,A solid overall financial foundation guarantees stable performance in all fields.,1
overall_A_to_ex_water,action,"If you move carefully and consistently, you will achieve tangible results.",1
overall_A_to_ex_water,state,"A strong sense of stability becomes a solid foundation for everything, and moist energy deeply refines the mind and opens clear vision.",1
overall_A_to_ex_wood,intro,It is a peaceful and stable day with an overall calming energy overflowing throughout the day.,1
overall_A_to_ex_wood,effect,A solid overall financial foundation guarantees stable performance in all fields.,1
overall_A_to_ex_wood,action,"If you move carefully and consistently, you will achieve tangible results.",1
overall_A_to_ex_wood,state,"A strong sense of stability provides a solid foundation for everything, and dynamic energy opens up new possibilities.",1
overall_B,intro,"Today, the first half of the day goes smoothly and there is a good flow.",1
overall_B,intro,"Today, your energy will remain stable, allowing you to calmly pursue the things you want to do.",1
overall_B,effect,"If you pay a little more attention, there is a possibility that you will get results that exceed your expectations.",1
overall_B,effect,Big and small trends usually work in my favor.,1
overall_B,action,Efficiency will increase if you tackle the most important tasks first when you have good energy today.,1
overall_B,action,"Since you are more motivated than usual, try focusing on solving the tasks you have been putting off one by one.",1
overall_B_geum_df_earth,intro,The overall horoscope is good and most of the day flows smoothly.,1
overall_B_geum_df_earth,effect,Stable overall luck supports good results in key activities.,1
overall_B_geum_df_earth,action,Focus on important activities and build stable results.,1
overall_B_geum_df_earth,state,"Even if your determination becomes somewhat dull, the flow of daily life continues smoothly, and the cloudy energy adds to the calm atmosphere, creating a sense of tranquility.",1
overall_B_geum_df_fire,intro,The overall horoscope is good and most of the day flows smoothly.,1
overall_B_geum_df_fire,effect,Stable overall luck supports good results in key activities.,1
overall_B_geum_df_fire,action,Focus on important activities and build stable results.,1
overall_B_geum_df_fire,state,"Even if your determination becomes somewhat dull, the flow of your daily life continues smoothly, and the clear energy adds light vitality, creating a smooth flow.",1
overall_B_geum_df_water,intro,The overall horoscope is good and most of the day flows smoothly.,1
overall_B_geum_df_water,effect,Stable overall luck supports good results in key activities.,1
overall_B_geum_df_water,action,Focus on important activities and build stable results.,1
overall_B_geum_df_water,state,"Even if your determination becomes somewhat dull, the flow of your daily life continues smoothly, and the moist energy adds a calm lingering feeling to your emotions.",1
overall_B_geum_df_wood,intro,The overall horoscope is good and most of the day flows smoothly.,1
overall_B_geum_df_wood,effect,Stable overall luck supports good results in key activities.,1
overall_B_geum_df_wood,action,Focus on important activities and build stable results.,1
overall_B_geum_df_wood,state,"Even if your determination becomes somewhat dull, the flow of daily life continues smoothly and the slight energy of change adds appropriate stimulation.",1
overall_B_geum_ex_earth,intro,The overall horoscope is good and most of the day flows smoothly.,1
overall_B_geum_ex_earth,effect,Stable overall luck supports good results in key activities.,1
overall_B_geum_ex_earth,action,Focus on important activities and build stable results.,1
overall_B_geum_ex_earth,state,"Analytical judgment flows naturally at the usual pace, and the cloudy energy adds to the calm atmosphere, creating a sense of tranquility.",1
overall_B_geum_ex_fire,intro,The overall horoscope is good and most of the day flows smoothly.,1
overall_B_geum_ex_fire,effect,Stable overall luck supports good results in key activities.,1
overall_B_geum_ex_fire,action,Focus on important activities and build stable results.,1
overall_B_geum_ex_fire,state,"Analytical judgment naturally follows the usual pace, and the clear energy adds light vitality, creating a smooth flow.",1
overall_B_geum_ex_water,intro,The overall horoscope is good and most of the day flows smoothly.,1
overall_B_geum_ex_water,effect,Stable overall luck supports good results in key activities.,1
overall_B_geum_ex_water,action,Focus on important activities and build stable results.,1
overall_B_geum_ex_water,state,"Analytical judgment flows naturally at your usual pace, and the moist energy adds a calm lingering feeling to your emotions.",1
overall_B_geum_ex_wood,intro,The overall horoscope is good and most of the day flows smoothly.,1
overall_B_geum_ex_wood,effect,Stable overall luck supports good results in key activities.,1
overall_B_geum_ex_wood,action,Focus on important activities and build stable results.,1
overall_B_geum_ex_wood,state,"Analytical judgment naturally follows the usual pace, and the slight energy of change adds appropriate stimulation.",1
overall_B_hwa_df_earth,intro,It is a good day to be motivated as your overall energy remains above average.,1
overall_B_hwa_df_earth,effect,Sufficient energy produces balanced results in various fields.,1
overall_B_hwa_df_earth,action,"When you're full of energy, tackle the most important tasks first.",1
overall_B_hwa_df_earth,state,"Even though expressions are restrained, the stability of the relationship is easily maintained, and the cloudy energy adds to the calm atmosphere, leading to a sense of tranquility.",1
overall_B_hwa_df_fire,intro,It is a good day to be motivated as your overall energy remains above average.,1
overall_B_hwa_df_fire,effect,Sufficient energy produces balanced results in various fields.,1
overall_B_hwa_df_fire,action,"When you're full of energy, tackle the most important tasks first.",1
overall_B_hwa_df_fire,state,"Even if expressions are restrained, the stability of the relationship is easily maintained, and the clear energy adds light vitality, creating a smooth flow.",1
overall_B_hwa_df_water,intro,It is a good day to be motivated as your overall energy remains above average.,1
overall_B_hwa_df_water,effect,Sufficient energy produces balanced results in various fields.,1
overall_B_hwa_df_water,action,"When you're full of energy, tackle the most important tasks first.",1
overall_B_hwa_df_water,state,"Even if expressions are restrained, the stability of the relationship is easily maintained, and the moist energy adds a calm lingering feeling to the emotions.",1
overall_B_hwa_df_wood,intro,It is a good day to be motivated as your overall energy remains above average.,1
overall_B_hwa_df_wood,effect,Sufficient energy produces balanced results in various fields.,1
overall_B_hwa_df_wood,action,"When you're full of energy, tackle the most important tasks first.",1
overall_B_hwa_df_wood,state,"Even if expressions are restrained, the stability of the relationship is easily maintained, and the slight energy of change adds appropriate stimulation.",1
overall_B_hwa_ex_earth,intro,It is a good day to be motivated as your overall energy remains above average.,1
overall_B_hwa_ex_earth,effect,Sufficient energy produces balanced results in various fields.,1
overall_B_hwa_ex_earth,action,"When you're full of energy, tackle the most important tasks first.",1
overall_B_hwa_ex_earth,state,"Passion is alive, but balance is also maintained, leading to a stable day, and the cloudy energy adds a calm atmosphere, leading to serenity.",1
overall_B_hwa_ex_fire,intro,It is a good day to be motivated as your overall energy remains above average.,1
overall_B_hwa_ex_fire,effect,Sufficient energy produces balanced results in various fields.,1
overall_B_hwa_ex_fire,action,"When you're full of energy, tackle the most important tasks first.",1
overall_B_hwa_ex_fire,state,"Passion remains alive and balance is maintained, leading to a stable day, and clear energy adds light vitality, creating a smooth flow.",1
overall_B_hwa_ex_water,intro,It is a good day to be motivated as your overall energy remains above average.,1
overall_B_hwa_ex_water,effect,Sufficient energy produces balanced results in various fields.,1
overall_B_hwa_ex_water,action,"When you're full of energy, tackle the most important tasks first.",1
overall_B_hwa_ex_water,state,"Passion remains alive and balance is maintained, leading to a stable day, and the moist energy adds a calm lingering feeling to the emotions.",1
overall_B_hwa_ex_wood,intro,It is a good day to be motivated as your overall energy remains above average.,1
overall_B_hwa_ex_wood,effect,Sufficient energy produces balanced results in various fields.,1
overall_B_hwa_ex_wood,action,"When you're full of energy, tackle the most important tasks first.",1
overall_B_hwa_ex_wood,state,"Passion is alive and balanced, leading to a stable day, and the slight energy of change adds appropriate stimulation.",1
overall_B_mok_df_earth,intro,It is a day when comprehensive growth energy actively operates and overall development occurs.,1
overall_B_mok_df_earth,effect,"Growth energy is operating in various fields, leading to an overall upward trend.",1
overall_B_mok_df_earth,action,Continue your progress by actively seizing growth opportunities.,1
overall_B_mok_df_earth,state,"Even if you are cautious about trying new things, your daily life flows steadily, and the cloudy energy adds to the calm atmosphere, leading to a sense of tranquility.",1
overall_B_mok_df_fire,intro,It is a day when comprehensive growth energy actively operates and overall development occurs.,1
overall_B_mok_df_fire,effect,"Growth energy is operating in various fields, leading to an overall upward trend.",1
overall_B_mok_df_fire,action,Continue your progress by actively seizing growth opportunities.,1
overall_B_mok_df_fire,state,"Even if you are cautious when trying new things, your daily life flows steadily, and the clear energy adds light vitality, creating a smooth flow.",1
overall_B_mok_df_water,intro,It is a day when comprehensive growth energy actively operates and overall development occurs.,1
overall_B_mok_df_water,effect,"Growth energy is operating in various fields, leading to an overall upward trend.",1
overall_B_mok_df_water,action,Continue your progress by actively seizing growth opportunities.,1
overall_B_mok_df_water,state,"Even if you are cautious about trying new things, your daily life flows steadily and the moist energy adds a calm lingering feeling to your emotions.",1
overall_B_mok_df_wood,intro,It is a day when comprehensive growth energy actively operates and overall development occurs.,1
overall_B_mok_df_wood,effect,"Growth energy is operating in various fields, leading to an overall upward trend.",1
overall_B_mok_df_wood,action,Continue your progress by actively seizing growth opportunities.,1
overall_B_mok_df_wood,state,"Even if you are cautious about trying new things, your daily life flows steadily and the slight energy of change adds appropriate stimulation.",1
overall_B_mok_ex_earth,intro,It is a day when comprehensive growth energy actively operates and overall development occurs.,1
overall_B_mok_ex_earth,effect,"Growth energy is operating in various fields, leading to an overall upward trend.",1
overall_B_mok_ex_earth,action,Continue your progress by actively seizing growth opportunities.,1
overall_B_mok_ex_earth,state,"Steady motivation makes progress step by step, and the cloudy energy adds to the calm atmosphere, leading to tranquility.",1
overall_B_mok_ex_fire,intro,It is a day when comprehensive growth energy actively operates and overall development occurs.,1
overall_B_mok_ex_fire,effect,"Growth energy is operating in various fields, leading to an overall upward trend.",1
overall_B_mok_ex_fire,action,Continue your progress by actively seizing growth opportunities.,1
overall_B_mok_ex_fire,state,"Steady motivation makes progress step by step, and clear energy adds light vitality, creating a smooth flow.",1
overall_B_mok_ex_water,intro,It is a day when comprehensive growth energy actively operates and overall development occurs.,1
overall_B_mok_ex_water,effect,"Growth energy is operating in various fields, leading to an overall upward trend.",1
overall_B_mok_ex_water,action,Continue your progress by actively seizing growth opportunities.,1
overall_B_mok_ex_water,state,"Steady motivation makes progress step by step, and the moist energy adds a calm lingering feeling to the emotions.",1
overall_B_mok_ex_wood,intro,It is a day when comprehensive growth energy actively operates and overall development occurs.,1
overall_B_mok_ex_wood,effect,"Growth energy is operating in various fields, leading to an overall upward trend.",1
overall_B_mok_ex_wood,action,Continue your progress by actively seizing growth opportunities.,1
overall_B_mok_ex_wood,state,"Steady motivation makes ordinary progress step by step, and the weak energy of change adds appropriate stimulation.",1
overall_B_su_df_earth,intro,"The overall flow is steady, making the day an evenly good day.",1
overall_B_su_df_earth,effect,A smooth flow connects all activities smoothly.,1
overall_B_su_df_earth,action,"If you go with the flow and move according to plan, you can achieve the results you want.",1
overall_B_su_df_earth,state,"Although flexibility is somewhat lacking, the basic rhythm is maintained without difficulty, and the cloudy energy adds a calm atmosphere, leading to a sense of tranquility.",1
overall_B_su_df_fire,intro,"The overall flow is steady, making the day an evenly good day.",1
overall_B_su_df_fire,effect,A smooth flow connects all activities smoothly.,1
overall_B_su_df_fire,action,"If you go with the flow and move according to plan, you can achieve the results you want.",1
overall_B_su_df_fire,state,"Although flexibility is somewhat lacking, the basic rhythm is maintained without difficulty, and the clear energy adds light vitality, creating a smooth flow.",1
overall_B_su_df_water,intro,"The overall flow is steady, making the day an evenly good day.",1
overall_B_su_df_water,effect,A smooth flow connects all activities smoothly.,1
overall_B_su_df_water,action,"If you go with the flow and move according to plan, you can achieve the results you want.",1
overall_B_su_df_water,state,"Although it lacks flexibility, the basic rhythm is maintained without difficulty, and the moist energy adds a calm lingering feeling to the emotions.",1
overall_B_su_df_wood,intro,"The overall flow is steady, making the day an evenly good day.",1
overall_B_su_df_wood,effect,A smooth flow connects all activities smoothly.,1
overall_B_su_df_wood,action,"If you go with the flow and move according to plan, you can achieve the results you want.",1
overall_B_su_df_wood,state,"Although flexibility is somewhat lacking, the basic rhythm is maintained without difficulty, and the slight energy of change adds appropriate stimulation.",1
overall_B_su_ex_earth,intro,"The overall flow is steady, making the day an evenly good day.",1
overall_B_su_ex_earth,effect,A smooth flow connects all activities smoothly.,1
overall_B_su_ex_earth,action,"If you go with the flow and move according to plan, you can achieve the results you want.",1
overall_B_su_ex_earth,state,"The day is full of emotions, making it a more attentive day than usual, and the cloudy energy adds a calm atmosphere, leading to a sense of tranquility.",1
overall_B_su_ex_fire,intro,"The overall flow is steady, making the day an evenly good day.",1
overall_B_su_ex_fire,effect,A smooth flow connects all activities smoothly.,1
overall_B_su_ex_fire,action,"If you go with the flow and move according to plan, you can achieve the results you want.",1
overall_B_su_ex_fire,state,"The day is rich in emotions, making it a more attentive day than usual, and the clear energy adds light vitality, creating a smooth flow.",1
overall_B_su_ex_water,intro,"The overall flow is steady, making the day an evenly good day.",1
overall_B_su_ex_water,effect,A smooth flow connects all activities smoothly.,1
overall_B_su_ex_water,action,"If you go with the flow and move according to plan, you can achieve the results you want.",1
overall_B_su_ex_water,state,"The day is full of emotions, making you more attentive than usual, and the moist energy adds a calming aftertaste to your emotions.",1
overall_B_su_ex_wood,intro,"The overall flow is steady, making the day an evenly good day.",1
overall_B_su_ex_wood,effect,A smooth flow connects all activities smoothly.,1
overall_B_su_ex_wood,action,"If you go with the flow and move according to plan, you can achieve the results you want.",1
overall_B_su_ex_wood,state,"The day is full of emotions, making it a more attentive day than usual, and the slight energy of change adds appropriate stimulation.",1
overall_B_to_df_earth,intro,It is a day when overall stability is maintained and you can spend the day with peace of mind.,1
overall_B_to_df_earth,effect,Stable overall luck reduces unnecessary mistakes and increases performance.,1
overall_B_to_df_earth,action,Maintain your current sense of stability and move steadily.,1
overall_B_to_df_earth,state,"Even if the center of gravity is somewhat shaken, the balance of daily life is maintained without much trouble, and the cloudy energy adds to the calm atmosphere, leading to a sense of tranquility.",1
overall_B_to_df_fire,intro,It is a day when overall stability is maintained and you can spend the day with peace of mind.,1
overall_B_to_df_fire,effect,Stable overall luck reduces unnecessary mistakes and increases performance.,1
overall_B_to_df_fire,action,Maintain your current sense of stability and move steadily.,1
overall_B_to_df_fire,state,"Even if the center of gravity is somewhat shaken, the balance of daily life is maintained without much trouble, and the clear energy adds light vitality, creating a smooth flow.",1
overall_B_to_df_water,intro,It is a day when overall stability is maintained and you can spend the day with peace of mind.,1
overall_B_to_df_water,effect,Stable overall luck reduces unnecessary mistakes and increases performance.,1
overall_B_to_df_water,action,Maintain your current sense of stability and move steadily.,1
overall_B_to_df_water,state,"Even if your center of gravity is somewhat shaken, the balance of your daily life is maintained without much trouble, and the moist energy adds a calm lingering feeling to your emotions.",1
overall_B_to_df_wood,intro,It is a day when overall stability is maintained and you can spend the day with peace of mind.,1
overall_B_to_df_wood,effect,Stable overall luck reduces unnecessary mistakes and increases performance.,1
overall_B_to_df_wood,action,Maintain your current sense of stability and move steadily.,1
overall_B_to_df_wood,state,"Even if the center is somewhat shaken, the balance of daily life is maintained without much trouble, and the slight energy of change adds appropriate stimulation.",1
overall_B_to_ex_earth,intro,It is a day when overall stability is maintained and you can spend the day with peace of mind.,1
overall_B_to_ex_earth,effect,Stable overall luck reduces unnecessary mistakes and increases performance.,1
overall_B_to_ex_earth,action,Maintain your current sense of stability and move steadily.,1
overall_B_to_ex_earth,state,"It has a strong tendency toward stability, so it continues into a calm day without any problems, and the cloudy energy adds to the calm atmosphere, leading to serenity.",1
overall_B_to_ex_fire,intro,It is a day when overall stability is maintained and you can spend the day with peace of mind.,1
overall_B_to_ex_fire,effect,Stable overall luck reduces unnecessary mistakes and increases performance.,1
overall_B_to_ex_fire,action,Maintain your current sense of stability and move steadily.,1
overall_B_to_ex_fire,state,"It has a strong tendency toward stability, so it continues smoothly into a calm day, and the clear energy adds light vitality, creating a smooth flow.",1
overall_B_to_ex_water,intro,It is a day when overall stability is maintained and you can spend the day with peace of mind.,1
overall_B_to_ex_water,effect,Stable overall luck reduces unnecessary mistakes and increases performance.,1
overall_B_to_ex_water,action,Maintain your current sense of stability and move steadily.,1
overall_B_to_ex_water,state,"It has a strong stability-oriented nature, so it can easily lead to a calm day, and the moist energy adds a calming aftertaste to the emotions.",1
overall_B_to_ex_wood,intro,It is a day when overall stability is maintained and you can spend the day with peace of mind.,1
overall_B_to_ex_wood,effect,Stable overall luck reduces unnecessary mistakes and increases performance.,1
overall_B_to_ex_wood,action,Maintain your current sense of stability and move steadily.,1
overall_B_to_ex_wood,state,"The stability-orientation is strong, so it continues smoothly into a calm day, and the slight energy of change adds appropriate stimulation.",1
overall_B1,intro,"Today, if you have more energy than average and move consistently, it will be rewarding.",1
overall_B1,intro,"Today, the overall flow continues smoothly and stably.",1
overall_B1,effect,"It's a day where if you focus and move, you'll get closer to the results you want.",1
overall_B1,effect,"The day goes by steadily without any major variables, and the planned work is carried out calmly.",1
overall_B1,action,"It's not a bad day, so get the important work done today.",1
overall_B1,action,"If you carry out your plans one by one without overdoing it, you will have a good day.",1
overall_B1_geum_df_earth,intro,"This is a day where the overall fortune is average, but there are some areas of disappointment.",1
overall_B1_geum_df_earth,effect,"The overall flow of luck may be somewhat off, and some results may fall short of expectations.",1
overall_B1_geum_df_earth,action,Focus on important activities and reduce unnecessary attempts.,1
overall_B1_geum_df_earth,state,"Although I am slow to make decisions, the day continues without much hesitation, and the cloudy energy helps me maintain an easy pace.",1
overall_B1_geum_df_fire,intro,"This is a day where the overall fortune is average, but there are some areas of disappointment.",1
overall_B1_geum_df_fire,effect,"The overall flow of luck may be somewhat off, and some results may fall short of expectations.",1
overall_B1_geum_df_fire,action,Focus on important activities and reduce unnecessary attempts.,1
overall_B1_geum_df_fire,state,"Although I am slow to make decisions, the day goes on without much hesitation, and the clear energy adds calm vitality, leading to a normal day.",1
overall_B1_geum_df_water,intro,"This is a day where the overall fortune is average, but there are some areas of disappointment.",1
overall_B1_geum_df_water,effect,"The overall flow of luck may be somewhat off, and some results may fall short of expectations.",1
overall_B1_geum_df_water,action,Focus on important activities and reduce unnecessary attempts.,1
overall_B1_geum_df_water,state,"Although I am slow to make decisions, the day goes on without much hesitation, and the moist energy increases my thoughts but does not cause much agitation.",1
overall_B1_geum_df_wood,intro,"This is a day where the overall fortune is average, but there are some areas of disappointment.",1
overall_B1_geum_df_wood,effect,"The overall flow of luck may be somewhat off, and some results may fall short of expectations.",1
overall_B1_geum_df_wood,action,Focus on important activities and reduce unnecessary attempts.,1
overall_B1_geum_df_wood,state,"The decision may be slow, but the day goes on without much hesitation, and the calm energy of change only slightly shakes the normal flow.",1
overall_B1_geum_ex_earth,intro,"This is a day where the overall fortune is average, but there are some areas of disappointment.",1
overall_B1_geum_ex_earth,effect,"The overall flow of luck may be somewhat off, and some results may fall short of expectations.",1
overall_B1_geum_ex_earth,action,Focus on important activities and reduce unnecessary attempts.,1
overall_B1_geum_ex_earth,state,"The judgment is clear, but it ends with a mediocre result, and the cloudy energy helps maintain a decent pace.",1
overall_B1_geum_ex_fire,intro,"This is a day where the overall fortune is average, but there are some areas of disappointment.",1
overall_B1_geum_ex_fire,effect,"The overall flow of luck may be somewhat off, and some results may fall short of expectations.",1
overall_B1_geum_ex_fire,action,Focus on important activities and reduce unnecessary attempts.,1
overall_B1_geum_ex_fire,state,"The judgment is clear, but it ends with an ordinary result, and the clear energy adds calm vitality and continues the ordinary day.",1
overall_B1_geum_ex_water,intro,"This is a day where the overall fortune is average, but there are some areas of disappointment.",1
overall_B1_geum_ex_water,effect,"The overall flow of luck may be somewhat off, and some results may fall short of expectations.",1
overall_B1_geum_ex_water,action,Focus on important activities and reduce unnecessary attempts.,1
overall_B1_geum_ex_water,state,"The judgment is clear but ends with a simple result, and the moist energy increases thoughts but does not cause much agitation.",1
overall_B1_geum_ex_wood,intro,"This is a day where the overall fortune is average, but there are some areas of disappointment.",1
overall_B1_geum_ex_wood,effect,"The overall flow of luck may be somewhat off, and some results may fall short of expectations.",1
overall_B1_geum_ex_wood,action,Focus on important activities and reduce unnecessary attempts.,1
overall_B1_geum_ex_wood,state,"The judgment is clear, but it ends with a mediocre result, and the calm energy of change does little more than slightly shake up the normal flow.",1
overall_B1_hwa_df_earth,intro,Your overall energy may be below average and your day may feel lethargic.,1
overall_B1_hwa_df_earth,effect,Lack of energy reduces performance in several areas simultaneously.,1
overall_B1_hwa_df_earth,action,Set your priorities and focus on the one thing that matters most.,1
overall_B1_hwa_df_earth,state,"Although there is little expression, the relationship is not greatly shaken, and the cloudy energy helps maintain an easy pace.",1
overall_B1_hwa_df_fire,intro,Your overall energy may be below average and your day may feel lethargic.,1
overall_B1_hwa_df_fire,effect,Lack of energy reduces performance in several areas simultaneously.,1
overall_B1_hwa_df_fire,action,Set your priorities and focus on the one thing that matters most.,1
overall_B1_hwa_df_fire,state,"Although there are few expressions, the relationship is not greatly shaken, and the clear energy adds calm vitality and continues an ordinary day.",1
overall_B1_hwa_df_water,intro,Your overall energy may be below average and your day may feel lethargic.,1
overall_B1_hwa_df_water,effect,Lack of energy reduces performance in several areas simultaneously.,1
overall_B1_hwa_df_water,action,Set your priorities and focus on the one thing that matters most.,1
overall_B1_hwa_df_water,state,"Although there are few expressions, the relationship is not greatly shaken, and the moist energy increases thoughts, but does not cause much agitation.",1
overall_B1_hwa_df_wood,intro,Your overall energy may be below average and your day may feel lethargic.,1
overall_B1_hwa_df_wood,effect,Lack of energy reduces performance in several areas simultaneously.,1
overall_B1_hwa_df_wood,action,Set your priorities and focus on the one thing that matters most.,1
overall_B1_hwa_df_wood,state,"Although there is little expression, the relationship is not greatly shaken, and the calm energy of change is only enough to slightly shake the normal flow.",1
overall_B1_hwa_ex_earth,intro,Your overall energy may be below average and your day may feel lethargic.,1
overall_B1_hwa_ex_earth,effect,Lack of energy reduces performance in several areas simultaneously.,1
overall_B1_hwa_ex_earth,action,Set your priorities and focus on the one thing that matters most.,1
overall_B1_hwa_ex_earth,state,"The moderate heat makes for a smooth day, and the cloudy energy helps you maintain an easy pace.",1
overall_B1_hwa_ex_fire,intro,Your overall energy may be below average and your day may feel lethargic.,1
overall_B1_hwa_ex_fire,effect,Lack of energy reduces performance in several areas simultaneously.,1
overall_B1_hwa_ex_fire,action,Set your priorities and focus on the one thing that matters most.,1
overall_B1_hwa_ex_fire,state,"The moderate heat creates a smooth day, and the clear energy adds calm vitality and continues the ordinary day.",1
overall_B1_hwa_ex_water,intro,Your overall energy may be below average and your day may feel lethargic.,1
overall_B1_hwa_ex_water,effect,Lack of energy reduces performance in several areas simultaneously.,1
overall_B1_hwa_ex_water,action,Set your priorities and focus on the one thing that matters most.,1
overall_B1_hwa_ex_water,state,"The moderate heat makes for a smooth day, and the moist energy increases your thoughts but doesn't cause much agitation.",1
overall_B1_hwa_ex_wood,intro,Your overall energy may be below average and your day may feel lethargic.,1
overall_B1_hwa_ex_wood,effect,Lack of energy reduces performance in several areas simultaneously.,1
overall_B1_hwa_ex_wood,action,Set your priorities and focus on the one thing that matters most.,1
overall_B1_hwa_ex_wood,state,"The moderate heat makes for a smooth day, and the calm energy of change does little more than slightly shake up the normal flow.",1
overall_B1_mok_df_earth,intro,It is a day when overall growth energy is somewhat weakened and progress feels slow.,1
overall_B1_mok_df_earth,effect,"The overall growth has stagnated, causing frustration in many areas.",1
overall_B1_mok_df_earth,action,Focus on the most practical things you can do now.,1
overall_B1_mok_df_earth,state,"It stays more familiar than new, but the flow is uninterrupted and the cloudy energy helps you maintain an easy pace.",1
overall_B1_mok_df_fire,intro,It is a day when overall growth energy is somewhat weakened and progress feels slow.,1
overall_B1_mok_df_fire,effect,"The overall growth has stagnated, causing frustration in many areas.",1
overall_B1_mok_df_fire,action,Focus on the most practical things you can do now.,1
overall_B1_mok_df_fire,state,"Although it remains familiar rather than new, the flow is uninterrupted and the clear energy adds calm vitality and continues the ordinary day.",1
overall_B1_mok_df_water,intro,It is a day when overall growth energy is somewhat weakened and progress feels slow.,1
overall_B1_mok_df_water,effect,"The overall growth has stagnated, causing frustration in many areas.",1
overall_B1_mok_df_water,action,Focus on the most practical things you can do now.,1
overall_B1_mok_df_water,state,"Although it remains familiar rather than novel, the flow is uninterrupted and the moist energy increases thoughts but does not cause much agitation.",1
overall_B1_mok_df_wood,intro,It is a day when overall growth energy is somewhat weakened and progress feels slow.,1
overall_B1_mok_df_wood,effect,"The overall growth has stagnated, causing frustration in many areas.",1
overall_B1_mok_df_wood,action,Focus on the most practical things you can do now.,1
overall_B1_mok_df_wood,state,"Although it remains more familiar than new, the flow is uninterrupted and the calm energy of change only slightly shakes the normal flow.",1
overall_B1_mok_ex_earth,intro,It is a day when overall growth energy is somewhat weakened and progress feels slow.,1
overall_B1_mok_ex_earth,effect,"The overall growth has stagnated, causing frustration in many areas.",1
overall_B1_mok_ex_earth,action,Focus on the most practical things you can do now.,1
overall_B1_mok_ex_earth,state,"I am motivated, but my driving force remains at a mediocre level, and the cloudy energy helps me maintain a decent pace.",1
overall_B1_mok_ex_fire,intro,It is a day when overall growth energy is somewhat weakened and progress feels slow.,1
overall_B1_mok_ex_fire,effect,"The overall growth has stagnated, causing frustration in many areas.",1
overall_B1_mok_ex_fire,action,Focus on the most practical things you can do now.,1
overall_B1_mok_ex_fire,state,"Although I am motivated, my driving force remains at an average level, and the clear energy adds calm vitality and continues my ordinary day.",1
overall_B1_mok_ex_water,intro,It is a day when overall growth energy is somewhat weakened and progress feels slow.,1
overall_B1_mok_ex_water,effect,"The overall growth has stagnated, causing frustration in many areas.",1
overall_B1_mok_ex_water,action,Focus on the most practical things you can do now.,1
overall_B1_mok_ex_water,state,"There is motivation, but the driving force remains at a normal level, and the moist energy increases thoughts, but does not cause much agitation.",1
overall_B1_mok_ex_wood,intro,It is a day when overall growth energy is somewhat weakened and progress feels slow.,1
overall_B1_mok_ex_wood,effect,"The overall growth has stagnated, causing frustration in many areas.",1
overall_B1_mok_ex_wood,action,Focus on the most practical things you can do now.,1
overall_B1_mok_ex_wood,state,"There is motivation, but the driving force remains at a mediocre level, and the calm energy of change is only enough to slightly shake up the normal flow.",1
overall_B1_su_df_earth,intro,It's a day when the overall flow is a little off and things don't go as intended.,1
overall_B1_su_df_earth,effect,Deviations from the flow appear as small disruptions in many areas.,1
overall_B1_su_df_earth,action,Be flexible with your plan and go with the flow.,1
overall_B1_su_df_earth,state,"Although flexibility has decreased, the flow is not significantly interrupted, and the cloudy energy helps maintain a decent pace.",1
overall_B1_su_df_fire,intro,It's a day when the overall flow is a little off and things don't go as intended.,1
overall_B1_su_df_fire,effect,Deviations from the flow appear as small disruptions in many areas.,1
overall_B1_su_df_fire,action,Be flexible with your plan and go with the flow.,1
overall_B1_su_df_fire,state,"Although flexibility has decreased, the flow is not significantly disrupted, and the clear energy adds calm vitality and continues an ordinary day.",1
overall_B1_su_df_water,intro,It's a day when the overall flow is a little off and things don't go as intended.,1
overall_B1_su_df_water,effect,Deviations from the flow appear as small disruptions in many areas.,1
overall_B1_su_df_water,action,Be flexible with your plan and go with the flow.,1
overall_B1_su_df_water,state,"Flexibility is reduced, but the flow is not greatly interrupted, and the moist energy increases thoughts, but does not cause much agitation.",1
overall_B1_su_df_wood,intro,It's a day when the overall flow is a little off and things don't go as intended.,1
overall_B1_su_df_wood,effect,Deviations from the flow appear as small disruptions in many areas.,1
overall_B1_su_df_wood,action,Be flexible with your plan and go with the flow.,1
overall_B1_su_df_wood,state,"Although flexibility has decreased, the flow is not significantly disrupted, and the calm energy of change only slightly shakes the normal flow.",1
overall_B1_su_ex_earth,intro,It's a day when the overall flow is a little off and things don't go as intended.,1
overall_B1_su_ex_earth,effect,Deviations from the flow appear as small disruptions in many areas.,1
overall_B1_su_ex_earth,action,Be flexible with your plan and go with the flow.,1
overall_B1_su_ex_earth,state,"Even though I have a lot to think about, the day goes by without much disturbance, and the cloudy energy helps me maintain an easy pace.",1
overall_B1_su_ex_fire,intro,It's a day when the overall flow is a little off and things don't go as intended.,1
overall_B1_su_ex_fire,effect,Deviations from the flow appear as small disruptions in many areas.,1
overall_B1_su_ex_fire,action,Be flexible with your plan and go with the flow.,1
overall_B1_su_ex_fire,state,"Even though I have a lot of thoughts, the day goes by without much disturbance, and the clear energy adds calm vitality and continues the ordinary day.",1
overall_B1_su_ex_water,intro,It's a day when the overall flow is a little off and things don't go as intended.,1
overall_B1_su_ex_water,effect,Deviations from the flow appear as small disruptions in many areas.,1
overall_B1_su_ex_water,action,Be flexible with your plan and go with the flow.,1
overall_B1_su_ex_water,state,"Even if you have a lot of thoughts, the day goes by without much agitation, and the moist energy increases your thoughts but does not cause much agitation.",1
overall_B1_su_ex_wood,intro,It's a day when the overall flow is a little off and things don't go as intended.,1
overall_B1_su_ex_wood,effect,Deviations from the flow appear as small disruptions in many areas.,1
overall_B1_su_ex_wood,action,Be flexible with your plan and go with the flow.,1
overall_B1_su_ex_wood,state,"Even though I have a lot of thoughts, the day goes by without much disturbance, and the calm energy of change only slightly shakes the normal flow.",1
overall_B1_to_df_earth,intro,It is a day where minor anxiety continues because the overall sense of stability is below average.,1
overall_B1_to_df_earth,effect,The weakened overall stability base creates instability in many areas.,1
overall_B1_to_df_earth,action,Focus on what you can do now rather than on anxious thoughts.,1
overall_B1_to_df_earth,state,"Even though there is some tremor, daily life goes by smoothly and the cloudy energy helps me maintain an easy pace.",1
overall_B1_to_df_fire,intro,It is a day where minor anxiety continues because the overall sense of stability is below average.,1
overall_B1_to_df_fire,effect,The weakened overall stability base creates instability in many areas.,1
overall_B1_to_df_fire,action,Focus on what you can do now rather than on anxious thoughts.,1
overall_B1_to_df_fire,state,"Although there is some tremor, daily life flows smoothly, and the clear energy adds calm vitality and continues the normal day.",1
overall_B1_to_df_water,intro,It is a day where minor anxiety continues because the overall sense of stability is below average.,1
overall_B1_to_df_water,effect,The weakened overall stability base creates instability in many areas.,1
overall_B1_to_df_water,action,Focus on what you can do now rather than on anxious thoughts.,1
overall_B1_to_df_water,state,"Although there is shaking, daily life flows smoothly, and the moist energy increases thoughts, but does not cause much agitation.",1
overall_B1_to_df_wood,intro,It is a day where minor anxiety continues because the overall sense of stability is below average.,1
overall_B1_to_df_wood,effect,The weakened overall stability base creates instability in many areas.,1
overall_B1_to_df_wood,action,Focus on what you can do now rather than on anxious thoughts.,1
overall_B1_to_df_wood,state,"Although there are fluctuations, daily life flows smoothly, and the calm energy of change only slightly shakes the normal flow.",1
overall_B1_to_ex_earth,intro,It is a day where minor anxiety continues because the overall sense of stability is below average.,1
overall_B1_to_ex_earth,effect,The weakened overall stability base creates instability in many areas.,1
overall_B1_to_ex_earth,action,Focus on what you can do now rather than on anxious thoughts.,1
overall_B1_to_ex_earth,state,"Choosing familiarity over change leads to an easy day, and the cloudy energy helps me maintain an easy pace.",1
overall_B1_to_ex_fire,intro,It is a day where minor anxiety continues because the overall sense of stability is below average.,1
overall_B1_to_ex_fire,effect,The weakened overall stability base creates instability in many areas.,1
overall_B1_to_ex_fire,action,Focus on what you can do now rather than on anxious thoughts.,1
overall_B1_to_ex_fire,state,"Choosing familiarity over change leads to an ordinary day, and the clear energy adds calm vitality to the ordinary day.",1
overall_B1_to_ex_water,intro,It is a day where minor anxiety continues because the overall sense of stability is below average.,1
overall_B1_to_ex_water,effect,The weakened overall stability base creates instability in many areas.,1
overall_B1_to_ex_water,action,Focus on what you can do now rather than on anxious thoughts.,1
overall_B1_to_ex_water,state,"Choosing familiarity over change leads to a normal day, and the moist energy increases thoughts but does not cause much agitation.",1
overall_B1_to_ex_wood,intro,It is a day where minor anxiety continues because the overall sense of stability is below average.,1
overall_B1_to_ex_wood,effect,The weakened overall stability base creates instability in many areas.,1
overall_B1_to_ex_wood,action,Focus on what you can do now rather than on anxious thoughts.,1
overall_B1_to_ex_wood,state,"Choosing familiarity over change leads to a normal day, and the calm energy of change only slightly shakes the normal flow.",1
overall_C,intro,"Today is a bit of a lull in energy, so it's a good idea to plan your day carefully.",1
overall_C,intro,"Energy is lower than usual today, so it's better to take your time rather than over-plan.",1
overall_C,effect,This is a day that requires patience as the results may come slower than expected.,1
overall_C,effect,"Even in small things, unexpected variables can arise, so it is safer to take some time.",1
overall_C,action,"Today, focus on finishing existing things well rather than taking on new challenges.",1
overall_C,action,You can use your energy efficiently if you only move within the range of what you can do now.,1
overall_C_geum_df_earth,intro,"The overall fortune is poor, so the first half of the day is not easy.",1
overall_C_geum_df_earth,effect,A decline in overall luck creates difficulties in several areas simultaneously.,1
overall_C_geum_df_earth,action,Let go of your greed and carefully handle only the essentials.,1
overall_C_geum_df_earth,state,"As your resolve weakens, it is easy to put off important choices, and cloudy energy can slow you down and make your thoughts heavy.",1
overall_C_geum_df_fire,intro,"The overall fortune is poor, so the first half of the day is not easy.",1
overall_C_geum_df_fire,effect,A decline in overall luck creates difficulties in several areas simultaneously.,1
overall_C_geum_df_fire,action,Let go of your greed and carefully handle only the essentials.,1
overall_C_geum_df_fire,state,"As your resolve weakens, it is easy to put off important choices, and your clear energy can flow into an excited atmosphere, which can cloud your prudence.",1
overall_C_geum_df_water,intro,"The overall fortune is poor, so the first half of the day is not easy.",1
overall_C_geum_df_water,effect,A decline in overall luck creates difficulties in several areas simultaneously.,1
overall_C_geum_df_water,action,Let go of your greed and carefully handle only the essentials.,1
overall_C_geum_df_water,state,"It is easy to postpone important choices as your resolve becomes weak, and the energy of rain and snow can stimulate your emotions and inner self, which can have a bigger impact.",1
overall_C_geum_df_wood,intro,"The overall fortune is poor, so the first half of the day is not easy.",1
overall_C_geum_df_wood,effect,A decline in overall luck creates difficulties in several areas simultaneously.,1
overall_C_geum_df_wood,action,Let go of your greed and carefully handle only the essentials.,1
overall_C_geum_df_wood,state,"It is easy to postpone important choices due to weakened determination, and the strong energy of change can shake the rhythm and lead to unexpected variables.",1
overall_C_geum_ex_earth,intro,"The overall fortune is poor, so the first half of the day is not easy.",1
overall_C_geum_ex_earth,effect,A decline in overall luck creates difficulties in several areas simultaneously.,1
overall_C_geum_ex_earth,action,Let go of your greed and carefully handle only the essentials.,1
overall_C_geum_ex_earth,state,"Overly sharp judgment can make relationships cold, and cloudy energy can slow down your pace and make your thoughts heavy.",1
overall_C_geum_ex_fire,intro,"The overall fortune is poor, so the first half of the day is not easy.",1
overall_C_geum_ex_fire,effect,A decline in overall luck creates difficulties in several areas simultaneously.,1
overall_C_geum_ex_fire,action,Let go of your greed and carefully handle only the essentials.,1
overall_C_geum_ex_fire,state,"Excessively sharp judgment can make relationships cold, and clear energy can flow into an excited atmosphere, which can cloud prudence.",1
overall_C_geum_ex_water,intro,"The overall fortune is poor, so the first half of the day is not easy.",1
overall_C_geum_ex_water,effect,A decline in overall luck creates difficulties in several areas simultaneously.,1
overall_C_geum_ex_water,action,Let go of your greed and carefully handle only the essentials.,1
overall_C_geum_ex_water,state,"Overly sharp judgment can make relationships cold, and the energy of rain and snow can stimulate emotions and inner feelings, which can have a bigger impact.",1
overall_C_geum_ex_wood,intro,"The overall fortune is poor, so the first half of the day is not easy.",1
overall_C_geum_ex_wood,effect,A decline in overall luck creates difficulties in several areas simultaneously.,1
overall_C_geum_ex_wood,action,Let go of your greed and carefully handle only the essentials.,1
overall_C_geum_ex_wood,state,"Overly sharp judgment can make relationships cold, and the strong energy of change can shake up the rhythm and lead to unexpected variables.",1
overall_C_hwa_df_earth,intro,The whole day is difficult because I lack a lot of overall energy.,1
overall_C_hwa_df_earth,effect,Decreased energy reduces the efficiency of all activities simultaneously.,1
overall_C_hwa_df_earth,action,Don't overdo anything and only do what is necessary.,1
overall_C_hwa_df_earth,state,"It's easy for misunderstandings to occur due to difficulty in expressing yourself, and the cloudy energy can slow you down and make your thoughts heavy.",1
overall_C_hwa_df_fire,intro,The whole day is difficult because I lack a lot of overall energy.,1
overall_C_hwa_df_fire,effect,Decreased energy reduces the efficiency of all activities simultaneously.,1
overall_C_hwa_df_fire,action,Don't overdo anything and only do what is necessary.,1
overall_C_hwa_df_fire,state,"It is easy for misunderstandings to occur because expressions are difficult to understand, and the clear energy can flow into an excited atmosphere and cause caution to become clouded.",1
overall_C_hwa_df_water,intro,The whole day is difficult because I lack a lot of overall energy.,1
overall_C_hwa_df_water,effect,Decreased energy reduces the efficiency of all activities simultaneously.,1
overall_C_hwa_df_water,action,Don't overdo anything and only do what is necessary.,1
overall_C_hwa_df_water,state,"It is easy for misunderstandings to occur because expressions are difficult to understand, and the energy of rain and snow can stimulate emotions and inner feelings, which can have a bigger impact.",1
overall_C_hwa_df_wood,intro,The whole day is difficult because I lack a lot of overall energy.,1
overall_C_hwa_df_wood,effect,Decreased energy reduces the efficiency of all activities simultaneously.,1
overall_C_hwa_df_wood,action,Don't overdo anything and only do what is necessary.,1
overall_C_hwa_df_wood,state,"Misunderstandings are easy to occur due to difficult expressions, and the strong energy of change can shake the rhythm and lead to unexpected variables.",1
overall_C_hwa_ex_earth,intro,The whole day is difficult because I lack a lot of overall energy.,1
overall_C_hwa_ex_earth,effect,Decreased energy reduces the efficiency of all activities simultaneously.,1
overall_C_hwa_ex_earth,action,Don't overdo anything and only do what is necessary.,1
overall_C_hwa_ex_earth,state,"It's easy for emotions to clash, and cloudy energy can slow you down and make your thoughts heavy.",1
overall_C_hwa_ex_fire,intro,The whole day is difficult because I lack a lot of overall energy.,1
overall_C_hwa_ex_fire,effect,Decreased energy reduces the efficiency of all activities simultaneously.,1
overall_C_hwa_ex_fire,action,Don't overdo anything and only do what is necessary.,1
overall_C_hwa_ex_fire,state,"It is easy for emotions to clash, and the clear energy can flow into an excited atmosphere, causing caution to become clouded.",1
overall_C_hwa_ex_water,intro,The whole day is difficult because I lack a lot of overall energy.,1
overall_C_hwa_ex_water,effect,Decreased energy reduces the efficiency of all activities simultaneously.,1
overall_C_hwa_ex_water,action,Don't overdo anything and only do what is necessary.,1
overall_C_hwa_ex_water,state,"It is easy for emotions to come into conflict, and the energy of rain and snow can stimulate emotions and inner feelings, which can increase the impact.",1
overall_C_hwa_ex_wood,intro,The whole day is difficult because I lack a lot of overall energy.,1
overall_C_hwa_ex_wood,effect,Decreased energy reduces the efficiency of all activities simultaneously.,1
overall_C_hwa_ex_wood,action,Don't overdo anything and only do what is necessary.,1
overall_C_hwa_ex_wood,state,"It is easy for emotions to clash, and the strong energy of change can shake up the rhythm and lead to unexpected variables.",1
overall_C_mok_df_earth,intro,It is a day when comprehensive growth energy is blocked and it is difficult to expect any progress.,1
overall_C_mok_df_earth,effect,Blockage of growth energy creates stagnation and regression in all areas.,1
overall_C_mok_df_earth,action,"Today, focus on maintaining the status quo rather than progress.",1
overall_C_mok_df_earth,state,"Hesitation about trying new things can slow down progress, and cloudy energy can slow down your pace and make your thoughts heavy.",1
overall_C_mok_df_fire,intro,It is a day when comprehensive growth energy is blocked and it is difficult to expect any progress.,1
overall_C_mok_df_fire,effect,Blockage of growth energy creates stagnation and regression in all areas.,1
overall_C_mok_df_fire,action,"Today, focus on maintaining the status quo rather than progress.",1
overall_C_mok_df_fire,state,"Hesitation about trying new things can slow down progress, and clear energy can lead to an excited atmosphere, which can cloud caution.",1
overall_C_mok_df_water,intro,It is a day when comprehensive growth energy is blocked and it is difficult to expect any progress.,1
overall_C_mok_df_water,effect,Blockage of growth energy creates stagnation and regression in all areas.,1
overall_C_mok_df_water,action,"Today, focus on maintaining the status quo rather than progress.",1
overall_C_mok_df_water,state,"Hesitation about trying new things can slow down progress, and the energy of rain and snow can stimulate your emotions and inner self, which can increase the impact.",1
overall_C_mok_df_wood,intro,It is a day when comprehensive growth energy is blocked and it is difficult to expect any progress.,1
overall_C_mok_df_wood,effect,Blockage of growth energy creates stagnation and regression in all areas.,1
overall_C_mok_df_wood,action,"Today, focus on maintaining the status quo rather than progress.",1
overall_C_mok_df_wood,state,"Hesitation about trying new things can slow down progress, and the strong energy of change can shake up the rhythm and lead to unexpected variables.",1
overall_C_mok_ex_earth,intro,It is a day when comprehensive growth energy is blocked and it is difficult to expect any progress.,1
overall_C_mok_ex_earth,effect,Blockage of growth energy creates stagnation and regression in all areas.,1
overall_C_mok_ex_earth,action,"Today, focus on maintaining the status quo rather than progress.",1
overall_C_mok_ex_earth,state,"Excessive motivation can cause you to overdo things, and cloudy energy can slow you down and make your thoughts heavy.",1
overall_C_mok_ex_fire,intro,It is a day when comprehensive growth energy is blocked and it is difficult to expect any progress.,1
overall_C_mok_ex_fire,effect,Blockage of growth energy creates stagnation and regression in all areas.,1
overall_C_mok_ex_fire,action,"Today, focus on maintaining the status quo rather than progress.",1
overall_C_mok_ex_fire,state,"If you are too motivated, you may push yourself to do things, and your clear energy may flow into an excited atmosphere, which may cloud your prudence.",1
overall_C_mok_ex_water,intro,It is a day when comprehensive growth energy is blocked and it is difficult to expect any progress.,1
overall_C_mok_ex_water,effect,Blockage of growth energy creates stagnation and regression in all areas.,1
overall_C_mok_ex_water,action,"Today, focus on maintaining the status quo rather than progress.",1
overall_C_mok_ex_water,state,"If you have too much motivation, you may overdo things, and the energy of rain and snow can stimulate your emotions and inner self, which can increase the impact.",1
overall_C_mok_ex_wood,intro,It is a day when comprehensive growth energy is blocked and it is difficult to expect any progress.,1
overall_C_mok_ex_wood,effect,Blockage of growth energy creates stagnation and regression in all areas.,1
overall_C_mok_ex_wood,action,"Today, focus on maintaining the status quo rather than progress.",1
overall_C_mok_ex_wood,state,"Excessive motivation can lead to overdoing things, and the strong energy of change can shake up the rhythm and lead to unexpected variables.",1
overall_C_su_df_earth,intro,It's a day where the whole flow goes in the opposite direction and the day doesn't go smoothly.,1
overall_C_su_df_earth,effect,A reversal of flow creates losses and failures in several areas simultaneously.,1
overall_C_su_df_earth,action,"Instead of going against the flow, stop for a moment and observe the situation.",1
overall_C_su_df_earth,state,"It's easy to lose track of the flow due to lack of flexibility, and cloudy energy can slow you down and make your thoughts heavy.",1
overall_C_su_df_fire,intro,It's a day where the whole flow goes in the opposite direction and the day doesn't go smoothly.,1
overall_C_su_df_fire,effect,A reversal of flow creates losses and failures in several areas simultaneously.,1
overall_C_su_df_fire,action,"Instead of going against the flow, stop for a moment and observe the situation.",1
overall_C_su_df_fire,state,"Due to lack of flexibility, it is easy to lose track of the flow, and the clear energy can flow into an excited atmosphere, which can cloud your prudence.",1
overall_C_su_df_water,intro,It's a day where the whole flow goes in the opposite direction and the day doesn't go smoothly.,1
overall_C_su_df_water,effect,A reversal of flow creates losses and failures in several areas simultaneously.,1
overall_C_su_df_water,action,"Instead of going against the flow, stop for a moment and observe the situation.",1
overall_C_su_df_water,state,"Due to lack of flexibility, it is easy to lose track of the flow, and the energy of rain and snow can stimulate emotions and inner self, which can increase the impact.",1
overall_C_su_df_wood,intro,It's a day where the whole flow goes in the opposite direction and the day doesn't go smoothly.,1
overall_C_su_df_wood,effect,A reversal of flow creates losses and failures in several areas simultaneously.,1
overall_C_su_df_wood,action,"Instead of going against the flow, stop for a moment and observe the situation.",1
overall_C_su_df_wood,state,"Due to lack of flexibility, it is easy to lose track of the flow, and the strong energy of change can shake the rhythm and lead to unexpected variables.",1
overall_C_su_ex_earth,intro,It's a day where the whole flow goes in the opposite direction and the day doesn't go smoothly.,1
overall_C_su_ex_earth,effect,A reversal of flow creates losses and failures in several areas simultaneously.,1
overall_C_su_ex_earth,action,"Instead of going against the flow, stop for a moment and observe the situation.",1
overall_C_su_ex_earth,state,"It is easy for your judgment to be clouded by overflowing emotions, and the cloudy energy can slow you down and make your thoughts heavy.",1
overall_C_su_ex_fire,intro,It's a day where the whole flow goes in the opposite direction and the day doesn't go smoothly.,1
overall_C_su_ex_fire,effect,A reversal of flow creates losses and failures in several areas simultaneously.,1
overall_C_su_ex_fire,action,"Instead of going against the flow, stop for a moment and observe the situation.",1
overall_C_su_ex_fire,state,"Judgment can easily be clouded by overflowing emotions, and the clear energy can flow into an excited atmosphere, which can cloud prudence.",1
overall_C_su_ex_water,intro,It's a day where the whole flow goes in the opposite direction and the day doesn't go smoothly.,1
overall_C_su_ex_water,effect,A reversal of flow creates losses and failures in several areas simultaneously.,1
overall_C_su_ex_water,action,"Instead of going against the flow, stop for a moment and observe the situation.",1
overall_C_su_ex_water,state,"It is easy for your judgment to become clouded due to overflowing emotions, and the energy of rain and snow can stimulate your emotions and inner self, which can increase the impact.",1
overall_C_su_ex_wood,intro,It's a day where the whole flow goes in the opposite direction and the day doesn't go smoothly.,1
overall_C_su_ex_wood,effect,A reversal of flow creates losses and failures in several areas simultaneously.,1
overall_C_su_ex_wood,action,"Instead of going against the flow, stop for a moment and observe the situation.",1
overall_C_su_ex_wood,state,"Judgment can easily be clouded by emotions, and the strong energy of change can shake the rhythm and lead to unexpected variables.",1
overall_C_to_df_earth,intro,It is an unstable day all day long as the overall stable foundation is shaken.,1
overall_C_to_df_earth,effect,Unstable overall luck creates unexpected problems in many areas.,1
overall_C_to_df_earth,action,Don't rush into any decisions and find stability first.,1
overall_C_to_df_earth,state,"Because your center is shaken, it is easy to be swayed by your surroundings, and cloudy energy can slow you down and make your thoughts heavy.",1
overall_C_to_df_fire,intro,It is an unstable day all day long as the overall stable foundation is shaken.,1
overall_C_to_df_fire,effect,Unstable overall luck creates unexpected problems in many areas.,1
overall_C_to_df_fire,action,Don't rush into any decisions and find stability first.,1
overall_C_to_df_fire,state,"Because your center is shaken, it is easy to be swayed by those around you, and your clear energy can flow into an excited atmosphere, which can cloud your prudence.",1
overall_C_to_df_water,intro,It is an unstable day all day long as the overall stable foundation is shaken.,1
overall_C_to_df_water,effect,Unstable overall luck creates unexpected problems in many areas.,1
overall_C_to_df_water,action,Don't rush into any decisions and find stability first.,1
overall_C_to_df_water,state,"Because your center is shaken, it is easy to be swayed by your surroundings, and the energy of rain and snow can stimulate your emotions and inner self, which can increase the impact.",1
overall_C_to_df_wood,intro,It is an unstable day all day long as the overall stable foundation is shaken.,1
overall_C_to_df_wood,effect,Unstable overall luck creates unexpected problems in many areas.,1
overall_C_to_df_wood,action,Don't rush into any decisions and find stability first.,1
overall_C_to_df_wood,state,"Because the center is shaken, it is easy to be swayed by the surroundings, and the strong energy of change can shake the rhythm and lead to unexpected variables.",1
overall_C_to_ex_earth,intro,It is an unstable day all day long as the overall stable foundation is shaken.,1
overall_C_to_ex_earth,effect,Unstable overall luck creates unexpected problems in many areas.,1
overall_C_to_ex_earth,action,Don't rush into any decisions and find stability first.,1
overall_C_to_ex_earth,state,"A mind that refuses to change can block opportunities, and cloudy energy can slow down your pace and make your thoughts heavy.",1
overall_C_to_ex_fire,intro,It is an unstable day all day long as the overall stable foundation is shaken.,1
overall_C_to_ex_fire,effect,Unstable overall luck creates unexpected problems in many areas.,1
overall_C_to_ex_fire,action,Don't rush into any decisions and find stability first.,1
overall_C_to_ex_fire,state,"A mind that refuses to change can block opportunities, and clear energy can flow into an excited atmosphere, clouding caution.",1
overall_C_to_ex_water,intro,It is an unstable day all day long as the overall stable foundation is shaken.,1
overall_C_to_ex_water,effect,Unstable overall luck creates unexpected problems in many areas.,1
overall_C_to_ex_water,action,Don't rush into any decisions and find stability first.,1
overall_C_to_ex_water,state,"A mind that refuses to change can block opportunities, and the energy of rain and snow can stimulate emotions and inner feelings, which can increase the impact.",1
overall_C_to_ex_wood,intro,It is an unstable day all day long as the overall stable foundation is shaken.,1
overall_C_to_ex_wood,effect,Unstable overall luck creates unexpected problems in many areas.,1
overall_C_to_ex_wood,action,Don't rush into any decisions and find stability first.,1
overall_C_to_ex_wood,state,"A refusal to change can block opportunities, and the strong energy of change can shake up the rhythm and lead to unexpected variables.",1
overall_C1,intro,"Today, my energy is quite low, so it's a day to build strength quietly rather than making big moves.",1
overall_C1,intro,"Circumstances may not be favorable today, so you need to act cautiously.",1
overall_C1,effect,It is important to conserve energy as trying too hard can backfire.,1
overall_C1,effect,"A small mistake or carelessness can lead to big results, so it is better to check everything one more time.",1
overall_C1,action,It's a day when you're good enough just to maintain what you have.,1
overall_C1,action,"Today, focus on sorting out existing tasks and preparing for your next move rather than trying new things.",1
overall_C1_geum_df_earth,intro,"This is a very bad day for your overall fortune, with difficulties in many areas.",1
overall_C1_geum_df_earth,effect,The severe decline in overall fortunes creates barriers to all attempts.,1
overall_C1_geum_df_earth,action,Stop trying new things today and focus on maintaining the status quo.,1
overall_C1_geum_df_earth,state,"Due to lack of determination, it is easy for indecisive choices to accumulate, and cloudy energy can reduce motivation and cloud judgment.",1
overall_C1_geum_df_fire,intro,"This is a very bad day for your overall fortune, with difficulties in many areas.",1
overall_C1_geum_df_fire,effect,The severe decline in overall fortunes creates barriers to all attempts.,1
overall_C1_geum_df_fire,action,Stop trying new things today and focus on maintaining the status quo.,1
overall_C1_geum_df_fire,state,"Because of lack of determination, it is easy to make indecisive choices, and excited Yang can dissipate calmness and lead to minor mistakes.",1
overall_C1_geum_df_water,intro,"This is a very bad day for your overall fortune, with difficulties in many areas.",1
overall_C1_geum_df_water,effect,The severe decline in overall fortunes creates barriers to all attempts.,1
overall_C1_geum_df_water,action,Stop trying new things today and focus on maintaining the status quo.,1
overall_C1_geum_df_water,state,"Because of lack of determination, it is easy for indecisive choices to pile up, and the energy of rain and snow may not calm your emotions, making your heart heavy.",1
overall_C1_geum_df_wood,intro,"This is a very bad day for your overall fortune, with difficulties in many areas.",1
overall_C1_geum_df_wood,effect,The severe decline in overall fortunes creates barriers to all attempts.,1
overall_C1_geum_df_wood,action,Stop trying new things today and focus on maintaining the status quo.,1
overall_C1_geum_df_wood,state,"Because of lack of determination, it is easy for indecisive choices to pile up, and the energy of change can keep interfering and disrupting plans.",1
overall_C1_geum_ex_earth,intro,"This is a very bad day for your overall fortune, with difficulties in many areas.",1
overall_C1_geum_ex_earth,effect,The severe decline in overall fortunes creates barriers to all attempts.,1
overall_C1_geum_ex_earth,action,Stop trying new things today and focus on maintaining the status quo.,1
overall_C1_geum_ex_earth,state,"Sharpness can go too far and put a burden on those around you, and cloudy energy can reduce motivation and cloud your judgment.",1
overall_C1_geum_ex_fire,intro,"This is a very bad day for your overall fortune, with difficulties in many areas.",1
overall_C1_geum_ex_fire,effect,The severe decline in overall fortunes creates barriers to all attempts.,1
overall_C1_geum_ex_fire,action,Stop trying new things today and focus on maintaining the status quo.,1
overall_C1_geum_ex_fire,state,"Your sharpness can go too far and put a burden on those around you, and your excited energy can dissipate your calmness and lead to minor mistakes.",1
overall_C1_geum_ex_water,intro,"This is a very bad day for your overall fortune, with difficulties in many areas.",1
overall_C1_geum_ex_water,effect,The severe decline in overall fortunes creates barriers to all attempts.,1
overall_C1_geum_ex_water,action,Stop trying new things today and focus on maintaining the status quo.,1
overall_C1_geum_ex_water,state,"Your sharpness can go too far and put a burden on those around you, and the energy of rain and snow can not calm your emotions, making your heart feel heavy.",1
overall_C1_geum_ex_wood,intro,"This is a very bad day for your overall fortune, with difficulties in many areas.",1
overall_C1_geum_ex_wood,effect,The severe decline in overall fortunes creates barriers to all attempts.,1
overall_C1_geum_ex_wood,action,Stop trying new things today and focus on maintaining the status quo.,1
overall_C1_geum_ex_wood,state,"Your sharpness can go too far and put a burden on those around you, and the energy of change can keep interfering with your plans.",1
overall_C1_hwa_df_earth,intro,"Your overall energy is extremely low, making your entire day a lethargic day.",1
overall_C1_hwa_df_earth,effect,Complete exhaustion of energy blocks performance in all areas.,1
overall_C1_hwa_df_earth,action,Do minimal activity and focus on regaining energy.,1
overall_C1_hwa_df_earth,state,"It is easy for your feelings to not be conveyed properly due to blockage of expression, and cloudy energy can reduce motivation and cloud your judgment.",1
overall_C1_hwa_df_fire,intro,"Your overall energy is extremely low, making your entire day a lethargic day.",1
overall_C1_hwa_df_fire,effect,Complete exhaustion of energy blocks performance in all areas.,1
overall_C1_hwa_df_fire,action,Do minimal activity and focus on regaining energy.,1
overall_C1_hwa_df_fire,state,"It is easy for your feelings to not be conveyed properly due to blockage of expression, and excited energy can scatter your calmness and lead to minor mistakes.",1
overall_C1_hwa_df_water,intro,"Your overall energy is extremely low, making your entire day a lethargic day.",1
overall_C1_hwa_df_water,effect,Complete exhaustion of energy blocks performance in all areas.,1
overall_C1_hwa_df_water,action,Do minimal activity and focus on regaining energy.,1
overall_C1_hwa_df_water,state,"Because expressions are blocked, it is easy for your feelings to not be conveyed properly, and the energy of rain and snow cannot calm your emotions, which can make your heart feel heavy.",1
overall_C1_hwa_df_wood,intro,"Your overall energy is extremely low, making your entire day a lethargic day.",1
overall_C1_hwa_df_wood,effect,Complete exhaustion of energy blocks performance in all areas.,1
overall_C1_hwa_df_wood,action,Do minimal activity and focus on regaining energy.,1
overall_C1_hwa_df_wood,state,"It is easy for your feelings to not be conveyed properly due to blockage of expression, and the energy of change can keep interfering and disrupt your plans.",1
overall_C1_hwa_ex_earth,intro,"Your overall energy is extremely low, making your entire day a lethargic day.",1
overall_C1_hwa_ex_earth,effect,Complete exhaustion of energy blocks performance in all areas.,1
overall_C1_hwa_ex_earth,action,Do minimal activity and focus on regaining energy.,1
overall_C1_hwa_ex_earth,state,"It is easy for emotions to cause friction even over small things, and cloudy energy can reduce motivation and cloud judgment.",1
overall_C1_hwa_ex_fire,intro,"Your overall energy is extremely low, making your entire day a lethargic day.",1
overall_C1_hwa_ex_fire,effect,Complete exhaustion of energy blocks performance in all areas.,1
overall_C1_hwa_ex_fire,action,Do minimal activity and focus on regaining energy.,1
overall_C1_hwa_ex_fire,state,"It's easy for emotions to cause friction even over small things, and excited energy can disturb your calmness and lead to minor mistakes.",1
overall_C1_hwa_ex_water,intro,"Your overall energy is extremely low, making your entire day a lethargic day.",1
overall_C1_hwa_ex_water,effect,Complete exhaustion of energy blocks performance in all areas.,1
overall_C1_hwa_ex_water,action,Do minimal activity and focus on regaining energy.,1
overall_C1_hwa_ex_water,state,"It's easy for emotions to arise even over small things, and the energy of rain and snow can't calm your emotions, making your heart feel heavy.",1
overall_C1_hwa_ex_wood,intro,"Your overall energy is extremely low, making your entire day a lethargic day.",1
overall_C1_hwa_ex_wood,effect,Complete exhaustion of energy blocks performance in all areas.,1
overall_C1_hwa_ex_wood,action,Do minimal activity and focus on regaining energy.,1
overall_C1_hwa_ex_wood,state,"If you are emotionally driven, it is easy for friction to arise even over small things, and the energy of change can keep interfering and disrupting your plans.",1
overall_C1_mok_df_earth,intro,"It is a day when comprehensive growth energy is completely blocked, making it difficult for any attempt to bear fruit.",1
overall_C1_mok_df_earth,effect,Blockage of growth energy creates regression and frustration in all areas.,1
overall_C1_mok_df_earth,action,Don't start anything new today and prepare for tomorrow.,1
overall_C1_mok_df_earth,state,"If you hesitate for a long time, it is easy for an opportunity to slip out of your hands, and cloudy energy can reduce motivation and cloud your judgment.",1
overall_C1_mok_df_fire,intro,"It is a day when comprehensive growth energy is completely blocked, making it difficult for any attempt to bear fruit.",1
overall_C1_mok_df_fire,effect,Blockage of growth energy creates regression and frustration in all areas.,1
overall_C1_mok_df_fire,action,Don't start anything new today and prepare for tomorrow.,1
overall_C1_mok_df_fire,state,"If you hesitate for a long time, it is easy for an opportunity to slip out of your hands, and excited energy can dissipate your calmness and lead to minor mistakes.",1
overall_C1_mok_df_water,intro,"It is a day when comprehensive growth energy is completely blocked, making it difficult for any attempt to bear fruit.",1
overall_C1_mok_df_water,effect,Blockage of growth energy creates regression and frustration in all areas.,1
overall_C1_mok_df_water,action,Don't start anything new today and prepare for tomorrow.,1
overall_C1_mok_df_water,state,"If you hesitate for a long time, it is easy for an opportunity to slip out of your hands, and the energy of rain and snow can not calm your emotions, making your heart heavy.",1
overall_C1_mok_df_wood,intro,"It is a day when comprehensive growth energy is completely blocked, making it difficult for any attempt to bear fruit.",1
overall_C1_mok_df_wood,effect,Blockage of growth energy creates regression and frustration in all areas.,1
overall_C1_mok_df_wood,action,Don't start anything new today and prepare for tomorrow.,1
overall_C1_mok_df_wood,state,"If you hesitate for a long time, it is easy for an opportunity to slip out of your hands, and the energy of change can keep interfering and disrupt your plans.",1
overall_C1_mok_ex_earth,intro,"It is a day when comprehensive growth energy is completely blocked, making it difficult for any attempt to bear fruit.",1
overall_C1_mok_ex_earth,effect,Blockage of growth energy creates regression and frustration in all areas.,1
overall_C1_mok_ex_earth,action,Don't start anything new today and prepare for tomorrow.,1
overall_C1_mok_ex_earth,state,"It is easy for greed to lead to things that cannot be grasped, and cloudy energy can reduce motivation and cloud judgment.",1
overall_C1_mok_ex_fire,intro,"It is a day when comprehensive growth energy is completely blocked, making it difficult for any attempt to bear fruit.",1
overall_C1_mok_ex_fire,effect,Blockage of growth energy creates regression and frustration in all areas.,1
overall_C1_mok_ex_fire,action,Don't start anything new today and prepare for tomorrow.,1
overall_C1_mok_ex_fire,state,"It's easy to get greedy and do things that you can't control, and excited energy can disturb your calmness and lead to minor mistakes.",1
overall_C1_mok_ex_water,intro,"It is a day when comprehensive growth energy is completely blocked, making it difficult for any attempt to bear fruit.",1
overall_C1_mok_ex_water,effect,Blockage of growth energy creates regression and frustration in all areas.,1
overall_C1_mok_ex_water,action,Don't start anything new today and prepare for tomorrow.,1
overall_C1_mok_ex_water,state,"It's easy to get greedy and do things you can't control, and the energy of rain and snow can't calm your emotions, making your heart heavy.",1
overall_C1_mok_ex_wood,intro,"It is a day when comprehensive growth energy is completely blocked, making it difficult for any attempt to bear fruit.",1
overall_C1_mok_ex_wood,effect,Blockage of growth energy creates regression and frustration in all areas.,1
overall_C1_mok_ex_wood,action,Don't start anything new today and prepare for tomorrow.,1
overall_C1_mok_ex_wood,state,"It's easy to get greedy and end up doing things you can't control, and the energy of change can keep interfering and disrupting your plans.",1
overall_C1_su_df_earth,intro,The entire flow is completely blocked and the first half of the day is difficult.,1
overall_C1_su_df_earth,effect,Blockage of flow creates failures and losses in all areas simultaneously.,1
overall_C1_su_df_earth,action,Don't go against the flow and only make the safest choices.,1
overall_C1_su_df_earth,state,"It's easy to get stubborn and lose track of things repeatedly, and cloudy energy can reduce motivation and cloud your judgment.",1
overall_C1_su_df_fire,intro,The entire flow is completely blocked and the first half of the day is difficult.,1
overall_C1_su_df_fire,effect,Blockage of flow creates failures and losses in all areas simultaneously.,1
overall_C1_su_df_fire,action,Don't go against the flow and only make the safest choices.,1
overall_C1_su_df_fire,state,"It's easy to get stubborn and lose track of the flow, and excited energy can disturb your calmness and lead to minor mistakes.",1
overall_C1_su_df_water,intro,The entire flow is completely blocked and the first half of the day is difficult.,1
overall_C1_su_df_water,effect,Blockage of flow creates failures and losses in all areas simultaneously.,1
overall_C1_su_df_water,action,Don't go against the flow and only make the safest choices.,1
overall_C1_su_df_water,state,"It's easy to become stubborn and lose track of the flow, and the energy of rain and snow can't calm your emotions, making your heart heavy.",1
overall_C1_su_df_wood,intro,The entire flow is completely blocked and the first half of the day is difficult.,1
overall_C1_su_df_wood,effect,Blockage of flow creates failures and losses in all areas simultaneously.,1
overall_C1_su_df_wood,action,Don't go against the flow and only make the safest choices.,1
overall_C1_su_df_wood,state,"It's easy to get stubborn and lose track of things repeatedly, and the energy of change can keep interfering and disrupt your plans.",1
overall_C1_su_ex_earth,intro,The entire flow is completely blocked and the first half of the day is difficult.,1
overall_C1_su_ex_earth,effect,Blockage of flow creates failures and losses in all areas simultaneously.,1
overall_C1_su_ex_earth,action,Don't go against the flow and only make the safest choices.,1
overall_C1_su_ex_earth,state,"Emotions become deeper, so it is easy to be shaken by even small stimuli, and cloudy energy can reduce motivation and cloud judgment.",1
overall_C1_su_ex_fire,intro,The entire flow is completely blocked and the first half of the day is difficult.,1
overall_C1_su_ex_fire,effect,Blockage of flow creates failures and losses in all areas simultaneously.,1
overall_C1_su_ex_fire,action,Don't go against the flow and only make the safest choices.,1
overall_C1_su_ex_fire,state,"Emotions become deep, so it is easy to be shaken by even the slightest stimulus, and excited energy can disturb calmness and lead to minor mistakes.",1
overall_C1_su_ex_water,intro,The entire flow is completely blocked and the first half of the day is difficult.,1
overall_C1_su_ex_water,effect,Blockage of flow creates failures and losses in all areas simultaneously.,1
overall_C1_su_ex_water,action,Don't go against the flow and only make the safest choices.,1
overall_C1_su_ex_water,state,"As emotions become deeper, it is easy to be shaken by even the slightest stimulus, and the energy of rain and snow may not calm the emotions, making the heart heavy.",1
overall_C1_su_ex_wood,intro,The entire flow is completely blocked and the first half of the day is difficult.,1
overall_C1_su_ex_wood,effect,Blockage of flow creates failures and losses in all areas simultaneously.,1
overall_C1_su_ex_wood,action,Don't go against the flow and only make the safest choices.,1
overall_C1_su_ex_wood,state,"As your emotions deepen, it is easy to be shaken by even the slightest stimulus, and the energy of change can keep interfering and disrupting your plans.",1
overall_C1_to_df_earth,intro,It is a day when your overall sense of stability has been seriously disrupted and it is difficult to believe in anything.,1
overall_C1_to_df_earth,effect,The unstable overall luck base causes a series of problems.,1
overall_C1_to_df_earth,action,Postpone all important decisions today and focus only on regaining stability.,1
overall_C1_to_df_earth,state,"Because you are not centered, it is easy for your decisions to change, and cloudy energy can reduce motivation and cloud your judgment.",1
overall_C1_to_df_fire,intro,It is a day when your overall sense of stability has been seriously disrupted and it is difficult to believe in anything.,1
overall_C1_to_df_fire,effect,The unstable overall luck base causes a series of problems.,1
overall_C1_to_df_fire,action,Postpone all important decisions today and focus only on regaining stability.,1
overall_C1_to_df_fire,state,"Because you are not centered, it is easy for your decisions to change, and your excited energy can dissipate your calmness and lead to minor mistakes.",1
overall_C1_to_df_water,intro,It is a day when your overall sense of stability has been seriously disrupted and it is difficult to believe in anything.,1
overall_C1_to_df_water,effect,The unstable overall luck base causes a series of problems.,1
overall_C1_to_df_water,action,Postpone all important decisions today and focus only on regaining stability.,1
overall_C1_to_df_water,state,"Because you are not centered, it is easy for your decisions to change, and the energy of rain and snow cannot calm your emotions, making your heart heavy.",1
overall_C1_to_df_wood,intro,It is a day when your overall sense of stability has been seriously disrupted and it is difficult to believe in anything.,1
overall_C1_to_df_wood,effect,The unstable overall luck base causes a series of problems.,1
overall_C1_to_df_wood,action,Postpone all important decisions today and focus only on regaining stability.,1
overall_C1_to_df_wood,state,"Because you are not centered, it is easy for your decisions to change, and the energy of change can keep interfering with your plans.",1
overall_C1_to_ex_earth,intro,It is a day when your overall sense of stability has been seriously disrupted and it is difficult to believe in anything.,1
overall_C1_to_ex_earth,effect,The unstable overall luck base causes a series of problems.,1
overall_C1_to_ex_earth,action,Postpone all important decisions today and focus only on regaining stability.,1
overall_C1_to_ex_earth,state,"It is easy to ignore changes that require a stubborn stability orientation, and cloudy energy can reduce motivation and cloud judgment.",1
overall_C1_to_ex_fire,intro,It is a day when your overall sense of stability has been seriously disrupted and it is difficult to believe in anything.,1
overall_C1_to_ex_fire,effect,The unstable overall luck base causes a series of problems.,1
overall_C1_to_ex_fire,action,Postpone all important decisions today and focus only on regaining stability.,1
overall_C1_to_ex_fire,state,"It is easy to ignore changes that require stubborn stability, and excited energy can disturb calmness and lead to minor mistakes.",1
overall_C1_to_ex_water,intro,It is a day when your overall sense of stability has been seriously disrupted and it is difficult to believe in anything.,1
overall_C1_to_ex_water,effect,The unstable overall luck base causes a series of problems.,1
overall_C1_to_ex_water,action,Postpone all important decisions today and focus only on regaining stability.,1
overall_C1_to_ex_water,state,"It is easy to ignore changes that require stubborn stability, and the energy of rain and snow may not calm your emotions, making your heart heavy.",1
overall_C1_to_ex_wood,intro,It is a day when your overall sense of stability has been seriously disrupted and it is difficult to believe in anything.,1
overall_C1_to_ex_wood,effect,The unstable overall luck base causes a series of problems.,1
overall_C1_to_ex_wood,action,Postpone all important decisions today and focus only on regaining stability.,1
overall_C1_to_ex_wood,state,"It is easy to ignore changes that require a stubborn stability orientation, and the energy of change can keep interfering and disrupt your plans.",1
overall_D,intro,"Today, my energy is near the bottom, so I need a day to completely let go of my greed.",1
overall_D,intro,"The flow of luck is largely closed today, so it's best to keep everything to a minimum.",1
overall_D,effect,"It is a difficult day to go as planned in any field, requiring patience and restraint.",1
overall_D,effect,"Energy is near the bottom, so even small efforts can lead to major exhaustion, so conserving energy is important.",1
overall_D,action,"Today, existence itself is enough. It's a good day even if you don't do anything.",1
overall_D,action,Saving energy for tomorrow is the smartest thing you can do today.,1
overall_D_geum_df_earth,intro,Today is a very difficult day as your overall fortune is at its lowest.,1
overall_D_geum_df_earth,effect,A complete decline in all fortunes makes any effort fruitless.,1
overall_D_geum_df_earth,action,Take a quiet day today and look forward to tomorrow.,1
overall_D_geum_df_earth,state,"Your determination may be greatly broken, and any choice you make may result in regret, and the thick, cloudy energy may greatly slow down everything.",1
overall_D_geum_df_fire,intro,Today is a very difficult day as your overall fortune is at its lowest.,1
overall_D_geum_df_fire,effect,A complete decline in all fortunes makes any effort fruitless.,1
overall_D_geum_df_fire,action,Take a quiet day today and look forward to tomorrow.,1
overall_D_geum_df_fire,state,"Decisiveness can be greatly weakened, and any choice can lead to regret, and strong yang can encourage impulses and lead to reckless actions.",1
overall_D_geum_df_water,intro,Today is a very difficult day as your overall fortune is at its lowest.,1
overall_D_geum_df_water,effect,A complete decline in all fortunes makes any effort fruitless.,1
overall_D_geum_df_water,action,Take a quiet day today and look forward to tomorrow.,1
overall_D_geum_df_water,state,"Your determination can be greatly broken, and any choice you make can result in regret, and the force of heavy rain and snow can shake your emotions violently, making it difficult to control them.",1
overall_D_geum_df_wood,intro,Today is a very difficult day as your overall fortune is at its lowest.,1
overall_D_geum_df_wood,effect,A complete decline in all fortunes makes any effort fruitless.,1
overall_D_geum_df_wood,action,Take a quiet day today and look forward to tomorrow.,1
overall_D_geum_df_wood,state,"Your determination may be greatly broken, any choice you make may end in regret, and the fierce energy of change may cause all your predictions to go astray.",1
overall_D_geum_ex_earth,intro,Today is a very difficult day as your overall fortune is at its lowest.,1
overall_D_geum_ex_earth,effect,A complete decline in all fortunes makes any effort fruitless.,1
overall_D_geum_ex_earth,action,Take a quiet day today and look forward to tomorrow.,1
overall_D_geum_ex_earth,state,"If the sharpness goes too far, it can create a deep rift with the surroundings, and the thick cloudy energy can greatly slow down everything.",1
overall_D_geum_ex_fire,intro,Today is a very difficult day as your overall fortune is at its lowest.,1
overall_D_geum_ex_fire,effect,A complete decline in all fortunes makes any effort fruitless.,1
overall_D_geum_ex_fire,action,Take a quiet day today and look forward to tomorrow.,1
overall_D_geum_ex_fire,state,"Sharpness can go too far and create deep rifts with those around you, and strong yang can encourage impulses and lead to reckless actions.",1
overall_D_geum_ex_water,intro,Today is a very difficult day as your overall fortune is at its lowest.,1
overall_D_geum_ex_water,effect,A complete decline in all fortunes makes any effort fruitless.,1
overall_D_geum_ex_water,action,Take a quiet day today and look forward to tomorrow.,1
overall_D_geum_ex_water,state,"The sharpness can go too far and create deep cracks with the surroundings, and the force of heavy rain and snow can shake your emotions violently, making it difficult to control them.",1
overall_D_geum_ex_wood,intro,Today is a very difficult day as your overall fortune is at its lowest.,1
overall_D_geum_ex_wood,effect,A complete decline in all fortunes makes any effort fruitless.,1
overall_D_geum_ex_wood,action,Take a quiet day today and look forward to tomorrow.,1
overall_D_geum_ex_wood,state,"Sharpness can go too far and create deep cracks with the surroundings, and the fierce energy of change can make all predictions go astray.",1
overall_D_hwa_df_earth,intro,This is a day when your overall energy is completely exhausted and any movement is difficult.,1
overall_D_hwa_df_earth,effect,Complete energy depletion causes all fields to collapse simultaneously.,1
overall_D_hwa_df_earth,action,Reduce any activity today and get complete rest.,1
overall_D_hwa_df_earth,state,"The way to convey one's feelings is completely closed, which can deepen misunderstandings and disconnection, and the thick, cloudy energy can greatly slow down everything.",1
overall_D_hwa_df_fire,intro,This is a day when your overall energy is completely exhausted and any movement is difficult.,1
overall_D_hwa_df_fire,effect,Complete energy depletion causes all fields to collapse simultaneously.,1
overall_D_hwa_df_fire,action,Reduce any activity today and get complete rest.,1
overall_D_hwa_df_fire,state,"The way to communicate one's feelings is completely closed, which can deepen misunderstandings and disconnection, and strong positive energy can encourage impulses and lead to reckless actions.",1
overall_D_hwa_df_water,intro,This is a day when your overall energy is completely exhausted and any movement is difficult.,1
overall_D_hwa_df_water,effect,Complete energy depletion causes all fields to collapse simultaneously.,1
overall_D_hwa_df_water,action,Reduce any activity today and get complete rest.,1
overall_D_hwa_df_water,state,"The way to communicate one's feelings is completely closed, which can deepen misunderstandings and disconnection, and the force of heavy rain and snow can shake emotions violently, making it difficult to control them.",1
overall_D_hwa_df_wood,intro,This is a day when your overall energy is completely exhausted and any movement is difficult.,1
overall_D_hwa_df_wood,effect,Complete energy depletion causes all fields to collapse simultaneously.,1
overall_D_hwa_df_wood,action,Reduce any activity today and get complete rest.,1
overall_D_hwa_df_wood,state,"The way to communicate one's feelings is completely closed, misunderstandings and disconnection can deepen, and the fierce energy of change can cause all predictions to go astray.",1
overall_D_hwa_ex_earth,intro,This is a day when your overall energy is completely exhausted and any movement is difficult.,1
overall_D_hwa_ex_earth,effect,Complete energy depletion causes all fields to collapse simultaneously.,1
overall_D_hwa_ex_earth,action,Reduce any activity today and get complete rest.,1
overall_D_hwa_ex_earth,state,"Overheated emotions can spread into an irreparable conflict, and the thick cloudy energy can greatly slow down everything.",1
overall_D_hwa_ex_fire,intro,This is a day when your overall energy is completely exhausted and any movement is difficult.,1
overall_D_hwa_ex_fire,effect,Complete energy depletion causes all fields to collapse simultaneously.,1
overall_D_hwa_ex_fire,action,Reduce any activity today and get complete rest.,1
overall_D_hwa_ex_fire,state,"Overheated emotions can lead to irreversible conflict, and strong yang can encourage impulses and lead to reckless actions.",1
overall_D_hwa_ex_water,intro,This is a day when your overall energy is completely exhausted and any movement is difficult.,1
overall_D_hwa_ex_water,effect,Complete energy depletion causes all fields to collapse simultaneously.,1
overall_D_hwa_ex_water,action,Reduce any activity today and get complete rest.,1
overall_D_hwa_ex_water,state,"Overheated emotions can spread into an irreparable conflict, and the force of heavy rain and snow shakes emotions violently, making control difficult.",1
overall_D_hwa_ex_wood,intro,This is a day when your overall energy is completely exhausted and any movement is difficult.,1
overall_D_hwa_ex_wood,effect,Complete energy depletion causes all fields to collapse simultaneously.,1
overall_D_hwa_ex_wood,action,Reduce any activity today and get complete rest.,1
overall_D_hwa_ex_wood,state,"Overheated emotions can spread into an irreparable conflict, and the fierce energy of change can cause all predictions to go astray.",1
overall_D_mok_df_earth,intro,This can be the worst day of your life as your overall growth energy is completely lost.,1
overall_D_mok_df_earth,effect,The complete loss of growth energy makes the entire area worst.,1
overall_D_mok_df_earth,action,Don't do anything new today and put it off until tomorrow.,1
overall_D_mok_df_earth,state,"Fear can completely stop you from taking action and even cause you to lose opportunities, and the thick cloudy energy can greatly slow down everything.",1
overall_D_mok_df_fire,intro,This can be the worst day of your life as your overall growth energy is completely lost.,1
overall_D_mok_df_fire,effect,The complete loss of growth energy makes the entire area worst.,1
overall_D_mok_df_fire,action,Don't do anything new today and put it off until tomorrow.,1
overall_D_mok_df_fire,state,"Fear can completely stop an action and even result in loss of opportunities, and strong positive energy can encourage impulses and lead to reckless actions.",1
overall_D_mok_df_water,intro,This can be the worst day of your life as your overall growth energy is completely lost.,1
overall_D_mok_df_water,effect,The complete loss of growth energy makes the entire area worst.,1
overall_D_mok_df_water,action,Don't do anything new today and put it off until tomorrow.,1
overall_D_mok_df_water,state,"Fear can completely stop you from taking action and even cause you to lose opportunities, and the force of heavy rain and snow can shake your emotions so much that it becomes difficult to control them.",1
overall_D_mok_df_wood,intro,This can be the worst day of your life as your overall growth energy is completely lost.,1
overall_D_mok_df_wood,effect,The complete loss of growth energy makes the entire area worst.,1
overall_D_mok_df_wood,action,Don't do anything new today and put it off until tomorrow.,1
overall_D_mok_df_wood,state,"Fear can completely stop action and even lead to loss of opportunities, and the fierce energy of change can cause all predictions to go astray.",1
overall_D_mok_ex_earth,intro,This can be the worst day of your life as your overall growth energy is completely lost.,1
overall_D_mok_ex_earth,effect,The complete loss of growth energy makes the entire area worst.,1
overall_D_mok_ex_earth,action,Don't do anything new today and put it off until tomorrow.,1
overall_D_mok_ex_earth,state,"Uncontrollable motivation can lead to unreasonable accidents, and thick cloudy energy can greatly slow down everything.",1
overall_D_mok_ex_fire,intro,This can be the worst day of your life as your overall growth energy is completely lost.,1
overall_D_mok_ex_fire,effect,The complete loss of growth energy makes the entire area worst.,1
overall_D_mok_ex_fire,action,Don't do anything new today and put it off until tomorrow.,1
overall_D_mok_ex_fire,state,"Uncontrollable motivation can lead to unreasonable accidents, and strong positive energy can encourage impulses and lead to reckless actions.",1
overall_D_mok_ex_water,intro,This can be the worst day of your life as your overall growth energy is completely lost.,1
overall_D_mok_ex_water,effect,The complete loss of growth energy makes the entire area worst.,1
overall_D_mok_ex_water,action,Don't do anything new today and put it off until tomorrow.,1
overall_D_mok_ex_water,state,"Uncontrollable motivation can lead to unreasonable accidents, and the force of heavy rain and snow can shake emotions violently, making control difficult.",1
overall_D_mok_ex_wood,intro,This can be the worst day of your life as your overall growth energy is completely lost.,1
overall_D_mok_ex_wood,effect,The complete loss of growth energy makes the entire area worst.,1
overall_D_mok_ex_wood,action,Don't do anything new today and put it off until tomorrow.,1
overall_D_mok_ex_wood,state,"Uncontrollable motivation can lead to unreasonable thinking, and the fierce energy of change can cause all predictions to go astray.",1
overall_D_su_df_earth,intro,It is a day when the entire trend is completely reversed and any effort is counterproductive.,1
overall_D_su_df_earth,effect,A complete reversal of the flow makes all attempts fail.,1
overall_D_su_df_earth,action,Stop all your plans today and wait for the situation to turn around.,1
overall_D_su_df_earth,state,"A rigid attitude blocks all flow, making progress difficult, and thick, cloudy energy can greatly slow down everything.",1
overall_D_su_df_fire,intro,It is a day when the entire trend is completely reversed and any effort is counterproductive.,1
overall_D_su_df_fire,effect,A complete reversal of the flow makes all attempts fail.,1
overall_D_su_df_fire,action,Stop all your plans today and wait for the situation to turn around.,1
overall_D_su_df_fire,state,"A rigid attitude blocks all flow, making progress difficult, and strong positive energy can encourage impulses and lead to reckless actions.",1
overall_D_su_df_water,intro,It is a day when the entire trend is completely reversed and any effort is counterproductive.,1
overall_D_su_df_water,effect,A complete reversal of the flow makes all attempts fail.,1
overall_D_su_df_water,action,Stop all your plans today and wait for the situation to turn around.,1
overall_D_su_df_water,state,"A rigid attitude blocks all flow, making progress difficult, and the force of heavy rain and snow shakes emotions violently, making control difficult.",1
overall_D_su_df_wood,intro,It is a day when the entire trend is completely reversed and any effort is counterproductive.,1
overall_D_su_df_wood,effect,A complete reversal of the flow makes all attempts fail.,1
overall_D_su_df_wood,action,Stop all your plans today and wait for the situation to turn around.,1
overall_D_su_df_wood,state,"A rigid attitude blocks all flow, making progress difficult, and the fierce energy of change can cause all predictions to go astray.",1
overall_D_su_ex_earth,intro,It is a day when the entire trend is completely reversed and any effort is counterproductive.,1
overall_D_su_ex_earth,effect,A complete reversal of the flow makes all attempts fail.,1
overall_D_su_ex_earth,action,Stop all your plans today and wait for the situation to turn around.,1
overall_D_su_ex_earth,state,"The torrent of emotions can overwhelm reason and lead to big mistakes, and the thick, cloudy energy can greatly slow down everything.",1
overall_D_su_ex_fire,intro,It is a day when the entire trend is completely reversed and any effort is counterproductive.,1
overall_D_su_ex_fire,effect,A complete reversal of the flow makes all attempts fail.,1
overall_D_su_ex_fire,action,Stop all your plans today and wait for the situation to turn around.,1
overall_D_su_ex_fire,state,"A torrent of emotions can overwhelm reason and lead to big mistakes, and strong positive energy can encourage impulses and lead to reckless actions.",1
overall_D_su_ex_water,intro,It is a day when the entire trend is completely reversed and any effort is counterproductive.,1
overall_D_su_ex_water,effect,A complete reversal of the flow makes all attempts fail.,1
overall_D_su_ex_water,action,Stop all your plans today and wait for the situation to turn around.,1
overall_D_su_ex_water,state,"A torrent of emotions can overwhelm reason and lead to big mistakes, and the force of heavy rain and snow can shake emotions violently, making it difficult to control them.",1
overall_D_su_ex_wood,intro,It is a day when the entire trend is completely reversed and any effort is counterproductive.,1
overall_D_su_ex_wood,effect,A complete reversal of the flow makes all attempts fail.,1
overall_D_su_ex_wood,action,Stop all your plans today and wait for the situation to turn around.,1
overall_D_su_ex_wood,state,"The torrent of emotions can overwhelm reason and lead to big mistakes, and the fierce energy of change can cause all predictions to go astray.",1
overall_D_to_df_earth,intro,Today is a day of crisis as my overall sense of stability has completely collapsed.,1
overall_D_to_df_earth,effect,A completely collapsed stable foundation produces the worst results in all fields.,1
overall_D_to_df_earth,action,Take a complete break today and just focus on recovery.,1
overall_D_to_df_earth,state,"You can completely lose your balance and everything can go out of control, and the thick cloudy energy can greatly slow down everything.",1
overall_D_to_df_fire,intro,Today is a day of crisis as my overall sense of stability has completely collapsed.,1
overall_D_to_df_fire,effect,A completely collapsed stable foundation produces the worst results in all fields.,1
overall_D_to_df_fire,action,Take a complete break today and just focus on recovery.,1
overall_D_to_df_fire,state,"If you completely lose your balance, everything can go out of control, and strong yang energy can encourage impulses and lead you to reckless actions.",1
overall_D_to_df_water,intro,Today is a day of crisis as my overall sense of stability has completely collapsed.,1
overall_D_to_df_water,effect,A completely collapsed stable foundation produces the worst results in all fields.,1
overall_D_to_df_water,action,Take a complete break today and just focus on recovery.,1
overall_D_to_df_water,state,"You can completely lose your balance and everything can go out of control, and the force of heavy rain and snow can shake your emotions so much that it becomes difficult to control them.",1
overall_D_to_df_wood,intro,Today is a day of crisis as my overall sense of stability has completely collapsed.,1
overall_D_to_df_wood,effect,A completely collapsed stable foundation produces the worst results in all fields.,1
overall_D_to_df_wood,action,Take a complete break today and just focus on recovery.,1
overall_D_to_df_wood,state,"If you completely lose your balance, everything can go out of control, and the violent energy of change can make all your predictions go astray.",1
overall_D_to_ex_earth,intro,Today is a day of crisis as my overall sense of stability has completely collapsed.,1
overall_D_to_ex_earth,effect,A completely collapsed stable foundation produces the worst results in all fields.,1
overall_D_to_ex_earth,action,Take a complete break today and just focus on recovery.,1
overall_D_to_ex_earth,state,"Refusal to change can escalate a crisis and make recovery difficult, and a thick, cloudy atmosphere can greatly slow down everything.",1
overall_D_to_ex_fire,intro,Today is a day of crisis as my overall sense of stability has completely collapsed.,1
overall_D_to_ex_fire,effect,A completely collapsed stable foundation produces the worst results in all fields.,1
overall_D_to_ex_fire,action,Take a complete break today and just focus on recovery.,1
overall_D_to_ex_fire,state,"Refusal to change can escalate the crisis and make recovery difficult, and strong positive energy can encourage impulses and lead to reckless actions.",1
overall_D_to_ex_water,intro,Today is a day of crisis as my overall sense of stability has completely collapsed.,1
overall_D_to_ex_water,effect,A completely collapsed stable foundation produces the worst results in all fields.,1
overall_D_to_ex_water,action,Take a complete break today and just focus on recovery.,1
overall_D_to_ex_water,state,"Refusal to change can escalate the crisis and make recovery difficult, and the force of heavy rain and snow can shake emotions violently, making control difficult.",1
overall_D_to_ex_wood,intro,Today is a day of crisis as my overall sense of stability has completely collapsed.,1
overall_D_to_ex_wood,effect,A completely collapsed stable foundation produces the worst results in all fields.,1
overall_D_to_ex_wood,action,Take a complete break today and just focus on recovery.,1
overall_D_to_ex_wood,state,"Refusal to change can escalate a crisis and make recovery difficult, and the fierce energy of change can cause all predictions to go astray.",1
decision_A,intro,Today is the day when your judgment is at its peak and you can see complex situations clearly.,1
decision_A,intro,Today is a day when decision-making energy is good and long-standing worries are clearly sorted out.,1
decision_A,effect,"Intuition and logic work simultaneously, allowing you to make important choices without regret.",1
decision_A,effect,"Your judgment becomes sharper, so you can quickly grasp the key points and reach the right conclusion.",1
decision_A,action,"The decisions you make today can be trusted, so act with confidence.",1
decision_A,action,"If you make an important decision today that you've been putting off for a long time, things will go in a good direction.",1
decision_A_geum_df_earth,intro,It is a day when your sharp judgment is at its peak and any decision becomes clear.,1
decision_A_geum_df_earth,effect,Sharp analysis penetrates the core and leads to the best choice.,1
decision_A_geum_df_earth,action,"Even if you trust your intuition and make a decision, there will be no regrets.",1
decision_A_geum_df_earth,state,"Calm judgment increases prudence, leading to deep insight, and calm energy increases prudence, leading to good results.",1
decision_A_geum_df_fire,intro,It is a day when your sharp judgment is at its peak and any decision becomes clear.,1
decision_A_geum_df_fire,effect,Sharp analysis penetrates the core and leads to the best choice.,1
decision_A_geum_df_fire,action,"Even if you trust your intuition and make a decision, there will be no regrets.",1
decision_A_geum_df_fire,state,"Calm judgment increases prudence, leads to deep insight, and clear energy increases vitality and creates a good flow.",1
decision_A_geum_df_water,intro,It is a day when your sharp judgment is at its peak and any decision becomes clear.,1
decision_A_geum_df_water,effect,Sharp analysis penetrates the core and leads to the best choice.,1
decision_A_geum_df_water,action,"Even if you trust your intuition and make a decision, there will be no regrets.",1
decision_A_geum_df_water,state,"Calm judgment increases prudence and leads to deep insight, and moist energy deeply refines the mind and opens clear vision.",1
decision_A_geum_df_wood,intro,It is a day when your sharp judgment is at its peak and any decision becomes clear.,1
decision_A_geum_df_wood,effect,Sharp analysis penetrates the core and leads to the best choice.,1
decision_A_geum_df_wood,action,"Even if you trust your intuition and make a decision, there will be no regrets.",1
decision_A_geum_df_wood,state,"Calm judgment increases prudence, leads to deep insight, and dynamic energy opens up new possibilities.",1
decision_A_geum_ex_earth,intro,It is a day when your sharp judgment is at its peak and any decision becomes clear.,1
decision_A_geum_ex_earth,effect,Sharp analysis penetrates the core and leads to the best choice.,1
decision_A_geum_ex_earth,action,"Even if you trust your intuition and make a decision, there will be no regrets.",1
decision_A_geum_ex_earth,state,"Sharp judgment penetrates to the core and leads to clear conclusions, and calm energy increases prudence, leading to good results.",1
decision_A_geum_ex_fire,intro,It is a day when your sharp judgment is at its peak and any decision becomes clear.,1
decision_A_geum_ex_fire,effect,Sharp analysis penetrates the core and leads to the best choice.,1
decision_A_geum_ex_fire,action,"Even if you trust your intuition and make a decision, there will be no regrets.",1
decision_A_geum_ex_fire,state,"Sharp judgment penetrates the core and draws clear conclusions, and clear energy boosts vitality and creates a good flow.",1
decision_A_geum_ex_water,intro,It is a day when your sharp judgment is at its peak and any decision becomes clear.,1
decision_A_geum_ex_water,effect,Sharp analysis penetrates the core and leads to the best choice.,1
decision_A_geum_ex_water,action,"Even if you trust your intuition and make a decision, there will be no regrets.",1
decision_A_geum_ex_water,state,"Sharp judgment penetrates the core and draws clear conclusions, and moist energy deeply refines the mind and opens clear vision.",1
decision_A_geum_ex_wood,intro,It is a day when your sharp judgment is at its peak and any decision becomes clear.,1
decision_A_geum_ex_wood,effect,Sharp analysis penetrates the core and leads to the best choice.,1
decision_A_geum_ex_wood,action,"Even if you trust your intuition and make a decision, there will be no regrets.",1
decision_A_geum_ex_wood,state,"Sharp judgment penetrates to the core and draws clear conclusions, and dynamic energy opens up new possibilities.",1
decision_A_hwa_df_earth,intro,It is a day when your intuition shines brightly and you can confidently make important decisions.,1
decision_A_hwa_df_earth,effect,"Sensory judgments come together quickly, speeding up decision making.",1
decision_A_hwa_df_earth,action,It's okay to boldly make choices that are guided by your feelings.,1
decision_A_hwa_df_earth,state,"A calm inner self gives you the power to fully express your sincerity, and a calm energy increases prudence, leading to good results.",1
decision_A_hwa_df_fire,intro,It is a day when your intuition shines brightly and you can confidently make important decisions.,1
decision_A_hwa_df_fire,effect,"Sensory judgments come together quickly, speeding up decision making.",1
decision_A_hwa_df_fire,action,It's okay to boldly make choices that are guided by your feelings.,1
decision_A_hwa_df_fire,state,"A calm inner self gives you the power to fully express your sincerity, and clear energy boosts your vitality and creates a good flow.",1
decision_A_hwa_df_water,intro,It is a day when your intuition shines brightly and you can confidently make important decisions.,1
decision_A_hwa_df_water,effect,"Sensory judgments come together quickly, speeding up decision making.",1
decision_A_hwa_df_water,action,It's okay to boldly make choices that are guided by your feelings.,1
decision_A_hwa_df_water,state,"A calm inner self gives you the power to fully express your true feelings, and moist energy deeply refines your mind and opens up clear vision.",1
decision_A_hwa_df_wood,intro,It is a day when your intuition shines brightly and you can confidently make important decisions.,1
decision_A_hwa_df_wood,effect,"Sensory judgments come together quickly, speeding up decision making.",1
decision_A_hwa_df_wood,action,It's okay to boldly make choices that are guided by your feelings.,1
decision_A_hwa_df_wood,state,"A calm inner self gives you the power to fully express your sincerity, and dynamic energy opens up new possibilities.",1
decision_A_hwa_ex_earth,intro,It is a day when your intuition shines brightly and you can confidently make important decisions.,1
decision_A_hwa_ex_earth,effect,"Sensory judgments come together quickly, speeding up decision making.",1
decision_A_hwa_ex_earth,action,It's okay to boldly make choices that are guided by your feelings.,1
decision_A_hwa_ex_earth,state,"Overflowing passion greatly increases momentum and creates a good flow, and calm energy increases prudence, leading to good results.",1
decision_A_hwa_ex_fire,intro,It is a day when your intuition shines brightly and you can confidently make important decisions.,1
decision_A_hwa_ex_fire,effect,"Sensory judgments come together quickly, speeding up decision making.",1
decision_A_hwa_ex_fire,action,It's okay to boldly make choices that are guided by your feelings.,1
decision_A_hwa_ex_fire,state,"Overflowing passion greatly increases driving force and creates a good flow, and clear energy increases vitality and creates a good flow.",1
decision_A_hwa_ex_water,intro,It is a day when your intuition shines brightly and you can confidently make important decisions.,1
decision_A_hwa_ex_water,effect,"Sensory judgments come together quickly, speeding up decision making.",1
decision_A_hwa_ex_water,action,It's okay to boldly make choices that are guided by your feelings.,1
decision_A_hwa_ex_water,state,"The overflowing passion greatly increases the driving force and creates a good flow, and the moist energy deeply refines the mind and opens clear vision.",1
decision_A_hwa_ex_wood,intro,It is a day when your intuition shines brightly and you can confidently make important decisions.,1
decision_A_hwa_ex_wood,effect,"Sensory judgments come together quickly, speeding up decision making.",1
decision_A_hwa_ex_wood,action,It's okay to boldly make choices that are guided by your feelings.,1
decision_A_hwa_ex_wood,state,"Overflowing passion greatly increases driving force, creating a good flow, and dynamic energy opens up new possibilities.",1
decision_A_mok_df_earth,intro,It is a day when flexible thinking can be opened and various options can be clearly compared.,1
decision_A_mok_df_earth,effect,"The scope of judgment is expanded, allowing balanced conclusions to be drawn even in complex situations.",1
decision_A_mok_df_earth,action,Broaden your horizons and actively explore better alternatives.,1
decision_A_mok_df_earth,state,"A cautious approach actually creates a solid start, and a calm energy increases prudence, leading to good results.",1
decision_A_mok_df_fire,intro,It is a day when flexible thinking can be opened and various options can be clearly compared.,1
decision_A_mok_df_fire,effect,"The scope of judgment is expanded, allowing balanced conclusions to be drawn even in complex situations.",1
decision_A_mok_df_fire,action,Broaden your horizons and actively explore better alternatives.,1
decision_A_mok_df_fire,state,"A cautious approach actually creates a solid start, and clear energy boosts vitality and creates a good flow.",1
decision_A_mok_df_water,intro,It is a day when flexible thinking can be opened and various options can be clearly compared.,1
decision_A_mok_df_water,effect,"The scope of judgment is expanded, allowing balanced conclusions to be drawn even in complex situations.",1
decision_A_mok_df_water,action,Broaden your horizons and actively explore better alternatives.,1
decision_A_mok_df_water,state,"A cautious approach actually creates a solid start, and moist energy deeply refines the mind and opens clear vision.",1
decision_A_mok_df_wood,intro,It is a day when flexible thinking can be opened and various options can be clearly compared.,1
decision_A_mok_df_wood,effect,"The scope of judgment is expanded, allowing balanced conclusions to be drawn even in complex situations.",1
decision_A_mok_df_wood,action,Broaden your horizons and actively explore better alternatives.,1
decision_A_mok_df_wood,state,"A cautious approach creates a solid start, and dynamic energy opens up new possibilities.",1
decision_A_mok_ex_earth,intro,It is a day when flexible thinking can be opened and various options can be clearly compared.,1
decision_A_mok_ex_earth,effect,"The scope of judgment is expanded, allowing balanced conclusions to be drawn even in complex situations.",1
decision_A_mok_ex_earth,action,Broaden your horizons and actively explore better alternatives.,1
decision_A_mok_ex_earth,state,"A strong will actively opens up new opportunities, and a calm energy increases prudence, leading to good results.",1
decision_A_mok_ex_fire,intro,It is a day when flexible thinking can be opened and various options can be clearly compared.,1
decision_A_mok_ex_fire,effect,"The scope of judgment is expanded, allowing balanced conclusions to be drawn even in complex situations.",1
decision_A_mok_ex_fire,action,Broaden your horizons and actively explore better alternatives.,1
decision_A_mok_ex_fire,state,"A strong will actively opens up new opportunities, and clear energy increases vitality and creates a good flow.",1
decision_A_mok_ex_water,intro,It is a day when flexible thinking can be opened and various options can be clearly compared.,1
decision_A_mok_ex_water,effect,"The scope of judgment is expanded, allowing balanced conclusions to be drawn even in complex situations.",1
decision_A_mok_ex_water,action,Broaden your horizons and actively explore better alternatives.,1
decision_A_mok_ex_water,state,"A strong will actively opens up new opportunities, and moist energy deeply refines the mind and opens clear vision.",1
decision_A_mok_ex_wood,intro,It is a day when flexible thinking can be opened and various options can be clearly compared.,1
decision_A_mok_ex_wood,effect,"The scope of judgment is expanded, allowing balanced conclusions to be drawn even in complex situations.",1
decision_A_mok_ex_wood,action,Broaden your horizons and actively explore better alternatives.,1
decision_A_mok_ex_wood,state,"A strong will actively opens up new opportunities, and a dynamic energy opens up new possibilities.",1
decision_A_su_df_earth,intro,It is a day when your sense of reading the flow becomes keener and your decision timing becomes perfect.,1
decision_A_su_df_earth,effect,The decision to go with the flow of the situation produces good results.,1
decision_A_su_df_earth,action,Don't force conclusions; use your natural timing.,1
decision_A_su_df_earth,state,"A solid center helps you maintain your direction without wavering, and a calm energy increases prudence, leading to good results.",1
decision_A_su_df_fire,intro,It is a day when your sense of reading the flow becomes keener and your decision timing becomes perfect.,1
decision_A_su_df_fire,effect,The decision to go with the flow of the situation produces good results.,1
decision_A_su_df_fire,action,Don't force conclusions; use your natural timing.,1
decision_A_su_df_fire,state,"A solid center keeps you in the right direction without wavering, and clear energy boosts vitality and creates a good flow.",1
decision_A_su_df_water,intro,It is a day when your sense of reading the flow becomes keener and your decision timing becomes perfect.,1
decision_A_su_df_water,effect,The decision to go with the flow of the situation produces good results.,1
decision_A_su_df_water,action,Don't force conclusions; use your natural timing.,1
decision_A_su_df_water,state,"A solid center helps you keep your direction without wavering, and moist energy deeply refines your mind and opens up clear vision.",1
decision_A_su_df_wood,intro,It is a day when your sense of reading the flow becomes keener and your decision timing becomes perfect.,1
decision_A_su_df_wood,effect,The decision to go with the flow of the situation produces good results.,1
decision_A_su_df_wood,action,Don't force conclusions; use your natural timing.,1
decision_A_su_df_wood,state,"A solid center maintains the direction without wavering, and dynamic energy opens up new possibilities.",1
decision_A_su_ex_earth,intro,It is a day when your sense of reading the flow becomes keener and your decision timing becomes perfect.,1
decision_A_su_ex_earth,effect,The decision to go with the flow of the situation produces good results.,1
decision_A_su_ex_earth,action,Don't force conclusions; use your natural timing.,1
decision_A_su_ex_earth,state,"Rich sensitivity leads to deep insight and helps in good judgment, and calm energy increases prudence, leading to good results.",1
decision_A_su_ex_fire,intro,It is a day when your sense of reading the flow becomes keener and your decision timing becomes perfect.,1
decision_A_su_ex_fire,effect,The decision to go with the flow of the situation produces good results.,1
decision_A_su_ex_fire,action,Don't force conclusions; use your natural timing.,1
decision_A_su_ex_fire,state,"Rich sensitivity leads to deep insight and helps in making good decisions, and clear energy increases vitality and creates a good flow.",1
decision_A_su_ex_water,intro,It is a day when your sense of reading the flow becomes keener and your decision timing becomes perfect.,1
decision_A_su_ex_water,effect,The decision to go with the flow of the situation produces good results.,1
decision_A_su_ex_water,action,Don't force conclusions; use your natural timing.,1
decision_A_su_ex_water,state,"Rich sensitivity leads to deep insight and helps in good judgment, and moist energy deeply refines the mind and opens clear vision.",1
decision_A_su_ex_wood,intro,It is a day when your sense of reading the flow becomes keener and your decision timing becomes perfect.,1
decision_A_su_ex_wood,effect,The decision to go with the flow of the situation produces good results.,1
decision_A_su_ex_wood,action,Don't force conclusions; use your natural timing.,1
decision_A_su_ex_wood,state,"Rich sensitivity leads to deep insight and helps in making good decisions, and dynamic energy opens up new possibilities.",1
decision_A_to_df_earth,intro,It is a day when you can make decisions without wavering based on stable judgment.,1
decision_A_to_df_earth,effect,Careful and balanced judgment reduces mistakes and produces safe results.,1
decision_A_to_df_earth,action,"If you make decisions based on your beliefs, good results will follow.",1
decision_A_to_df_earth,state,"A flexible attitude allows you to naturally accept new trends, and a calm energy increases prudence, leading to good results.",1
decision_A_to_df_fire,intro,It is a day when you can make decisions without wavering based on stable judgment.,1
decision_A_to_df_fire,effect,Careful and balanced judgment reduces mistakes and produces safe results.,1
decision_A_to_df_fire,action,"If you make decisions based on your beliefs, good results will follow.",1
decision_A_to_df_fire,state,"A flexible attitude allows you to naturally accept new trends, and clear energy increases vitality and creates a good flow.",1
decision_A_to_df_water,intro,It is a day when you can make decisions without wavering based on stable judgment.,1
decision_A_to_df_water,effect,Careful and balanced judgment reduces mistakes and produces safe results.,1
decision_A_to_df_water,action,"If you make decisions based on your beliefs, good results will follow.",1
decision_A_to_df_water,state,"A flexible attitude allows you to naturally accept new trends, and moist energy deeply refines your mind and opens up clear vision.",1
decision_A_to_df_wood,intro,It is a day when you can make decisions without wavering based on stable judgment.,1
decision_A_to_df_wood,effect,Careful and balanced judgment reduces mistakes and produces safe results.,1
decision_A_to_df_wood,action,"If you make decisions based on your beliefs, good results will follow.",1
decision_A_to_df_wood,state,"A flexible attitude allows you to naturally accept new trends, and a dynamic energy opens up new possibilities.",1
decision_A_to_ex_earth,intro,It is a day when you can make decisions without wavering based on stable judgment.,1
decision_A_to_ex_earth,effect,Careful and balanced judgment reduces mistakes and produces safe results.,1
decision_A_to_ex_earth,action,"If you make decisions based on your beliefs, good results will follow.",1
decision_A_to_ex_earth,state,"A strong sense of stability becomes a solid foundation for everything, and a calm energy increases prudence, leading to good results.",1
decision_A_to_ex_fire,intro,It is a day when you can make decisions without wavering based on stable judgment.,1
decision_A_to_ex_fire,effect,Careful and balanced judgment reduces mistakes and produces safe results.,1
decision_A_to_ex_fire,action,"If you make decisions based on your beliefs, good results will follow.",1
decision_A_to_ex_fire,state,"A strong sense of stability becomes a solid foundation for everything, and clear energy boosts vitality and creates a good flow.",1
decision_A_to_ex_water,intro,It is a day when you can make decisions without wavering based on stable judgment.,1
decision_A_to_ex_water,effect,Careful and balanced judgment reduces mistakes and produces safe results.,1
decision_A_to_ex_water,action,"If you make decisions based on your beliefs, good results will follow.",1
decision_A_to_ex_water,state,"A strong sense of stability becomes a solid foundation for everything, and moist energy deeply refines the mind and opens clear vision.",1
decision_A_to_ex_wood,intro,It is a day when you can make decisions without wavering based on stable judgment.,1
decision_A_to_ex_wood,effect,Careful and balanced judgment reduces mistakes and produces safe results.,1
decision_A_to_ex_wood,action,"If you make decisions based on your beliefs, good results will follow.",1
decision_A_to_ex_wood,state,"A strong sense of stability provides a solid foundation for everything, and dynamic energy opens up new possibilities.",1
decision_B,intro,"Today, your thinking will be clear and you will be able to make important decisions with relative ease.",1
decision_B,intro,"Today, you will have good judgment and be able to quickly sort out your options and come to the right conclusion.",1
decision_B,effect,The ability to objectively understand the situation is strong and can reduce errors in judgment.,1
decision_B,effect,The information needed to make a decision is naturally gathered and the key points are clearly visible.,1
decision_B,action,"Rather than thinking too long, trust your clear judgment now and make your choice.",1
decision_B,action,"If you make a decision today, you are more likely to be satisfied when you look back later.",1
decision_B_geum_df_earth,intro,This is a day when your judgment will be generally stable and you will be able to handle difficult decisions with ease.,1
decision_B_geum_df_earth,effect,Focused analysis captures the essence and reduces wrong choices.,1
decision_B_geum_df_earth,action,Make important decisions after careful consideration.,1
decision_B_geum_df_earth,state,"Even if your determination becomes somewhat dull, the flow of daily life continues smoothly, and the cloudy energy adds to the calm atmosphere, creating a sense of tranquility.",1
decision_B_geum_df_fire,intro,This is a day when your judgment will be generally stable and you will be able to handle difficult decisions with ease.,1
decision_B_geum_df_fire,effect,Focused analysis captures the essence and reduces wrong choices.,1
decision_B_geum_df_fire,action,Make important decisions after careful consideration.,1
decision_B_geum_df_fire,state,"Even if your determination becomes somewhat dull, the flow of your daily life continues smoothly, and the clear energy adds light vitality, creating a smooth flow.",1
decision_B_geum_df_water,intro,This is a day when your judgment will be generally stable and you will be able to handle difficult decisions with ease.,1
decision_B_geum_df_water,effect,Focused analysis captures the essence and reduces wrong choices.,1
decision_B_geum_df_water,action,Make important decisions after careful consideration.,1
decision_B_geum_df_water,state,"Even if your determination becomes somewhat dull, the flow of your daily life continues smoothly, and the moist energy adds a calm lingering feeling to your emotions.",1
decision_B_geum_df_wood,intro,This is a day when your judgment will be generally stable and you will be able to handle difficult decisions with ease.,1
decision_B_geum_df_wood,effect,Focused analysis captures the essence and reduces wrong choices.,1
decision_B_geum_df_wood,action,Make important decisions after careful consideration.,1
decision_B_geum_df_wood,state,"Even if your determination becomes somewhat dull, the flow of daily life continues smoothly and the slight energy of change adds appropriate stimulation.",1
decision_B_geum_ex_earth,intro,This is a day when your judgment will be generally stable and you will be able to handle difficult decisions with ease.,1
decision_B_geum_ex_earth,effect,Focused analysis captures the essence and reduces wrong choices.,1
decision_B_geum_ex_earth,action,Make important decisions after careful consideration.,1
decision_B_geum_ex_earth,state,"Analytical judgment flows naturally at the usual pace, and the cloudy energy adds to the calm atmosphere, creating a sense of tranquility.",1
decision_B_geum_ex_fire,intro,This is a day when your judgment will be generally stable and you will be able to handle difficult decisions with ease.,1
decision_B_geum_ex_fire,effect,Focused analysis captures the essence and reduces wrong choices.,1
decision_B_geum_ex_fire,action,Make important decisions after careful consideration.,1
decision_B_geum_ex_fire,state,"Analytical judgment naturally follows the usual pace, and the clear energy adds light vitality, creating a smooth flow.",1
decision_B_geum_ex_water,intro,This is a day when your judgment will be generally stable and you will be able to handle difficult decisions with ease.,1
decision_B_geum_ex_water,effect,Focused analysis captures the essence and reduces wrong choices.,1
decision_B_geum_ex_water,action,Make important decisions after careful consideration.,1
decision_B_geum_ex_water,state,"Analytical judgment flows naturally at your usual pace, and the moist energy adds a calm lingering feeling to your emotions.",1
decision_B_geum_ex_wood,intro,This is a day when your judgment will be generally stable and you will be able to handle difficult decisions with ease.,1
decision_B_geum_ex_wood,effect,Focused analysis captures the essence and reduces wrong choices.,1
decision_B_geum_ex_wood,action,Make important decisions after careful consideration.,1
decision_B_geum_ex_wood,state,"Analytical judgment naturally follows the usual pace, and the slight energy of change adds appropriate stimulation.",1
decision_B_hwa_df_earth,intro,It is a day when intuition is evenly activated and there are fewer mistakes in sensory decisions.,1
decision_B_hwa_df_earth,effect,"Feeling and reason are balanced, improving the quality of decisions.",1
decision_B_hwa_df_earth,action,"Trust your intuition, but double-check key points.",1
decision_B_hwa_df_earth,state,"Even though expressions are restrained, the stability of the relationship is easily maintained, and the cloudy energy adds to the calm atmosphere, leading to a sense of tranquility.",1
decision_B_hwa_df_fire,intro,It is a day when intuition is evenly activated and there are fewer mistakes in sensory decisions.,1
decision_B_hwa_df_fire,effect,"Feeling and reason are balanced, improving the quality of decisions.",1
decision_B_hwa_df_fire,action,"Trust your intuition, but double-check key points.",1
decision_B_hwa_df_fire,state,"Even if expressions are restrained, the stability of the relationship is easily maintained, and the clear energy adds light vitality, creating a smooth flow.",1
decision_B_hwa_df_water,intro,It is a day when intuition is evenly activated and there are fewer mistakes in sensory decisions.,1
decision_B_hwa_df_water,effect,"Feeling and reason are balanced, improving the quality of decisions.",1
decision_B_hwa_df_water,action,"Trust your intuition, but double-check key points.",1
decision_B_hwa_df_water,state,"Even if expressions are restrained, the stability of the relationship is easily maintained, and the moist energy adds a calm lingering feeling to the emotions.",1
decision_B_hwa_df_wood,intro,It is a day when intuition is evenly activated and there are fewer mistakes in sensory decisions.,1
decision_B_hwa_df_wood,effect,"Feeling and reason are balanced, improving the quality of decisions.",1
decision_B_hwa_df_wood,action,"Trust your intuition, but double-check key points.",1
decision_B_hwa_df_wood,state,"Even if expressions are restrained, the stability of the relationship is easily maintained, and the slight energy of change adds appropriate stimulation.",1
decision_B_hwa_ex_earth,intro,It is a day when intuition is evenly activated and there are fewer mistakes in sensory decisions.,1
decision_B_hwa_ex_earth,effect,"Feeling and reason are balanced, improving the quality of decisions.",1
decision_B_hwa_ex_earth,action,"Trust your intuition, but double-check key points.",1
decision_B_hwa_ex_earth,state,"Passion is alive, but balance is also maintained, leading to a stable day, and the cloudy energy adds a calm atmosphere, leading to serenity.",1
decision_B_hwa_ex_fire,intro,It is a day when intuition is evenly activated and there are fewer mistakes in sensory decisions.,1
decision_B_hwa_ex_fire,effect,"Feeling and reason are balanced, improving the quality of decisions.",1
decision_B_hwa_ex_fire,action,"Trust your intuition, but double-check key points.",1
decision_B_hwa_ex_fire,state,"Passion remains alive and balance is maintained, leading to a stable day, and clear energy adds light vitality, creating a smooth flow.",1
decision_B_hwa_ex_water,intro,It is a day when intuition is evenly activated and there are fewer mistakes in sensory decisions.,1
decision_B_hwa_ex_water,effect,"Feeling and reason are balanced, improving the quality of decisions.",1
decision_B_hwa_ex_water,action,"Trust your intuition, but double-check key points.",1
decision_B_hwa_ex_water,state,"Passion remains alive and balance is maintained, leading to a stable day, and the moist energy adds a calm lingering feeling to the emotions.",1
decision_B_hwa_ex_wood,intro,It is a day when intuition is evenly activated and there are fewer mistakes in sensory decisions.,1
decision_B_hwa_ex_wood,effect,"Feeling and reason are balanced, improving the quality of decisions.",1
decision_B_hwa_ex_wood,action,"Trust your intuition, but double-check key points.",1
decision_B_hwa_ex_wood,state,"Passion is alive and balanced, leading to a stable day, and the slight energy of change adds appropriate stimulation.",1
decision_B_mok_df_earth,intro,It is a day when your mind operates flexibly and it is easy to compare multiple options.,1
decision_B_mok_df_earth,effect,Opening up different perspectives and discovering better options during the decision process.,1
decision_B_mok_df_earth,action,Look through your options and choose the most realistic one.,1
decision_B_mok_df_earth,state,"Even if you are cautious about trying new things, your daily life flows steadily, and the cloudy energy adds to the calm atmosphere, leading to a sense of tranquility.",1
decision_B_mok_df_fire,intro,It is a day when your mind operates flexibly and it is easy to compare multiple options.,1
decision_B_mok_df_fire,effect,Opening up different perspectives and discovering better options during the decision process.,1
decision_B_mok_df_fire,action,Look through your options and choose the most realistic one.,1
decision_B_mok_df_fire,state,"Even if you are cautious when trying new things, your daily life flows steadily, and the clear energy adds light vitality, creating a smooth flow.",1
decision_B_mok_df_water,intro,It is a day when your mind operates flexibly and it is easy to compare multiple options.,1
decision_B_mok_df_water,effect,Opening up different perspectives and discovering better options during the decision process.,1
decision_B_mok_df_water,action,Look through your options and choose the most realistic one.,1
decision_B_mok_df_water,state,"Even if you are cautious about trying new things, your daily life flows steadily and the moist energy adds a calm lingering feeling to your emotions.",1
decision_B_mok_df_wood,intro,It is a day when your mind operates flexibly and it is easy to compare multiple options.,1
decision_B_mok_df_wood,effect,Opening up different perspectives and discovering better options during the decision process.,1
decision_B_mok_df_wood,action,Look through your options and choose the most realistic one.,1
decision_B_mok_df_wood,state,"Even if you are cautious about trying new things, your daily life flows steadily and the slight energy of change adds appropriate stimulation.",1
decision_B_mok_ex_earth,intro,It is a day when your mind operates flexibly and it is easy to compare multiple options.,1
decision_B_mok_ex_earth,effect,Opening up different perspectives and discovering better options during the decision process.,1
decision_B_mok_ex_earth,action,Look through your options and choose the most realistic one.,1
decision_B_mok_ex_earth,state,"Steady motivation makes progress step by step, and the cloudy energy adds to the calm atmosphere, leading to tranquility.",1
decision_B_mok_ex_fire,intro,It is a day when your mind operates flexibly and it is easy to compare multiple options.,1
decision_B_mok_ex_fire,effect,Opening up different perspectives and discovering better options during the decision process.,1
decision_B_mok_ex_fire,action,Look through your options and choose the most realistic one.,1
decision_B_mok_ex_fire,state,"Steady motivation makes progress step by step, and clear energy adds light vitality, creating a smooth flow.",1
decision_B_mok_ex_water,intro,It is a day when your mind operates flexibly and it is easy to compare multiple options.,1
decision_B_mok_ex_water,effect,Opening up different perspectives and discovering better options during the decision process.,1
decision_B_mok_ex_water,action,Look through your options and choose the most realistic one.,1
decision_B_mok_ex_water,state,"Steady motivation makes progress step by step, and the moist energy adds a calm lingering feeling to the emotions.",1
decision_B_mok_ex_wood,intro,It is a day when your mind operates flexibly and it is easy to compare multiple options.,1
decision_B_mok_ex_wood,effect,Opening up different perspectives and discovering better options during the decision process.,1
decision_B_mok_ex_wood,action,Look through your options and choose the most realistic one.,1
decision_B_mok_ex_wood,state,"Steady motivation makes ordinary progress step by step, and the weak energy of change adds appropriate stimulation.",1
decision_B_su_df_earth,intro,This is a day when you can judge the situation reliably and grasp the timing well.,1
decision_B_su_df_earth,effect,Decisions that go with the flow prevent loss of opportunity.,1
decision_B_su_df_earth,action,Don't be in too much of a hurry and make a decision while watching the situation change.,1
decision_B_su_df_earth,state,"Although flexibility is somewhat lacking, the basic rhythm is maintained without difficulty, and the cloudy energy adds a calm atmosphere, leading to a sense of tranquility.",1
decision_B_su_df_fire,intro,This is a day when you can judge the situation reliably and grasp the timing well.,1
decision_B_su_df_fire,effect,Decisions that go with the flow prevent loss of opportunity.,1
decision_B_su_df_fire,action,Don't be in too much of a hurry and make a decision while watching the situation change.,1
decision_B_su_df_fire,state,"Although flexibility is somewhat lacking, the basic rhythm is maintained without difficulty, and the clear energy adds light vitality, creating a smooth flow.",1
decision_B_su_df_water,intro,This is a day when you can judge the situation reliably and grasp the timing well.,1
decision_B_su_df_water,effect,Decisions that go with the flow prevent loss of opportunity.,1
decision_B_su_df_water,action,Don't be in too much of a hurry and make a decision while watching the situation change.,1
decision_B_su_df_water,state,"Although it lacks flexibility, the basic rhythm is maintained without difficulty, and the moist energy adds a calm lingering feeling to the emotions.",1
decision_B_su_df_wood,intro,This is a day when you can judge the situation reliably and grasp the timing well.,1
decision_B_su_df_wood,effect,Decisions that go with the flow prevent loss of opportunity.,1
decision_B_su_df_wood,action,Don't be in too much of a hurry and make a decision while watching the situation change.,1
decision_B_su_df_wood,state,"Although flexibility is somewhat lacking, the basic rhythm is maintained without difficulty, and the slight energy of change adds appropriate stimulation.",1
decision_B_su_ex_earth,intro,This is a day when you can judge the situation reliably and grasp the timing well.,1
decision_B_su_ex_earth,effect,Decisions that go with the flow prevent loss of opportunity.,1
decision_B_su_ex_earth,action,Don't be in too much of a hurry and make a decision while watching the situation change.,1
decision_B_su_ex_earth,state,"The day is full of emotions, making it a more attentive day than usual, and the cloudy energy adds a calm atmosphere, leading to a sense of tranquility.",1
decision_B_su_ex_fire,intro,This is a day when you can judge the situation reliably and grasp the timing well.,1
decision_B_su_ex_fire,effect,Decisions that go with the flow prevent loss of opportunity.,1
decision_B_su_ex_fire,action,Don't be in too much of a hurry and make a decision while watching the situation change.,1
decision_B_su_ex_fire,state,"The day is rich in emotions, making it a more attentive day than usual, and the clear energy adds light vitality, creating a smooth flow.",1
decision_B_su_ex_water,intro,This is a day when you can judge the situation reliably and grasp the timing well.,1
decision_B_su_ex_water,effect,Decisions that go with the flow prevent loss of opportunity.,1
decision_B_su_ex_water,action,Don't be in too much of a hurry and make a decision while watching the situation change.,1
decision_B_su_ex_water,state,"The day is full of emotions, making you more attentive than usual, and the moist energy adds a calming aftertaste to your emotions.",1
decision_B_su_ex_wood,intro,This is a day when you can judge the situation reliably and grasp the timing well.,1
decision_B_su_ex_wood,effect,Decisions that go with the flow prevent loss of opportunity.,1
decision_B_su_ex_wood,action,Don't be in too much of a hurry and make a decision while watching the situation change.,1
decision_B_su_ex_wood,state,"The day is full of emotions, making it a more attentive day than usual, and the slight energy of change adds appropriate stimulation.",1
decision_B_to_df_earth,intro,It is a day when you can maintain calm judgment and make prudent decisions.,1
decision_B_to_df_earth,effect,Conclusions made on a stable foundation are maintained for a long time.,1
decision_B_to_df_earth,action,"For non-urgent matters, think slowly and make decisions.",1
decision_B_to_df_earth,state,"Even if the center of gravity is somewhat shaken, the balance of daily life is maintained without much trouble, and the cloudy energy adds to the calm atmosphere, leading to a sense of tranquility.",1
decision_B_to_df_fire,intro,It is a day when you can maintain calm judgment and make prudent decisions.,1
decision_B_to_df_fire,effect,Conclusions made on a stable foundation are maintained for a long time.,1
decision_B_to_df_fire,action,"For non-urgent matters, think slowly and make decisions.",1
decision_B_to_df_fire,state,"Even if the center of gravity is somewhat shaken, the balance of daily life is maintained without much trouble, and the clear energy adds light vitality, creating a smooth flow.",1
decision_B_to_df_water,intro,It is a day when you can maintain calm judgment and make prudent decisions.,1
decision_B_to_df_water,effect,Conclusions made on a stable foundation are maintained for a long time.,1
decision_B_to_df_water,action,"For non-urgent matters, think slowly and make decisions.",1
decision_B_to_df_water,state,"Even if your center of gravity is somewhat shaken, the balance of your daily life is maintained without much trouble, and the moist energy adds a calm lingering feeling to your emotions.",1
decision_B_to_df_wood,intro,It is a day when you can maintain calm judgment and make prudent decisions.,1
decision_B_to_df_wood,effect,Conclusions made on a stable foundation are maintained for a long time.,1
decision_B_to_df_wood,action,"For non-urgent matters, think slowly and make decisions.",1
decision_B_to_df_wood,state,"Even if the center is somewhat shaken, the balance of daily life is maintained without much trouble, and the slight energy of change adds appropriate stimulation.",1
decision_B_to_ex_earth,intro,It is a day when you can maintain calm judgment and make prudent decisions.,1
decision_B_to_ex_earth,effect,Conclusions made on a stable foundation are maintained for a long time.,1
decision_B_to_ex_earth,action,"For non-urgent matters, think slowly and make decisions.",1
decision_B_to_ex_earth,state,"It has a strong tendency toward stability, so it continues into a calm day without any problems, and the cloudy energy adds to the calm atmosphere, leading to serenity.",1
decision_B_to_ex_fire,intro,It is a day when you can maintain calm judgment and make prudent decisions.,1
decision_B_to_ex_fire,effect,Conclusions made on a stable foundation are maintained for a long time.,1
decision_B_to_ex_fire,action,"For non-urgent matters, think slowly and make decisions.",1
decision_B_to_ex_fire,state,"It has a strong tendency toward stability, so it continues smoothly into a calm day, and the clear energy adds light vitality, creating a smooth flow.",1
decision_B_to_ex_water,intro,It is a day when you can maintain calm judgment and make prudent decisions.,1
decision_B_to_ex_water,effect,Conclusions made on a stable foundation are maintained for a long time.,1
decision_B_to_ex_water,action,"For non-urgent matters, think slowly and make decisions.",1
decision_B_to_ex_water,state,"It has a strong stability-oriented nature, so it can easily lead to a calm day, and the moist energy adds a calming aftertaste to the emotions.",1
decision_B_to_ex_wood,intro,It is a day when you can maintain calm judgment and make prudent decisions.,1
decision_B_to_ex_wood,effect,Conclusions made on a stable foundation are maintained for a long time.,1
decision_B_to_ex_wood,action,"For non-urgent matters, think slowly and make decisions.",1
decision_B_to_ex_wood,state,"The stability-orientation is strong, so it continues smoothly into a calm day, and the slight energy of change adds appropriate stimulation.",1
decision_B1,intro,"Today, your judgment will function stably and you will be able to make decisions without making major mistakes.",1
decision_B1,intro,"Today's thoughts are relatively clear, making it an appropriate day to set standards and make choices.",1
decision_B1,effect,Calmly analyzing the situation is likely to lead to the right decision.,1
decision_B1,effect,"Even if the decision seems complicated, if you make the criteria clear, you will see the path.",1
decision_B1,action,"For important decisions, writing down the pros and cons briefly will help you organize your thoughts.",1
decision_B1,action,Trust your stable judgment today and start putting small choices into action.,1
decision_B1_geum_df_earth,intro,"You have average judgment, but complex decisions may require reconsideration.",1
decision_B1_geum_df_earth,effect,"The analysis is correct to some extent, but there are gaps in the details.",1
decision_B1_geum_df_earth,action,Check important decisions one more time before making them.,1
decision_B1_geum_df_earth,state,"Although I am slow to make decisions, the day continues without much hesitation, and the cloudy energy helps me maintain an easy pace.",1
decision_B1_geum_df_fire,intro,"You have average judgment, but complex decisions may require reconsideration.",1
decision_B1_geum_df_fire,effect,"The analysis is correct to some extent, but there are gaps in the details.",1
decision_B1_geum_df_fire,action,Check important decisions one more time before making them.,1
decision_B1_geum_df_fire,state,"Although I am slow to make decisions, the day goes on without much hesitation, and the clear energy adds calm vitality, leading to a normal day.",1
decision_B1_geum_df_water,intro,"You have average judgment, but complex decisions may require reconsideration.",1
decision_B1_geum_df_water,effect,"The analysis is correct to some extent, but there are gaps in the details.",1
decision_B1_geum_df_water,action,Check important decisions one more time before making them.,1
decision_B1_geum_df_water,state,"Although I am slow to make decisions, the day goes on without much hesitation, and the moist energy increases my thoughts but does not cause much agitation.",1
decision_B1_geum_df_wood,intro,"You have average judgment, but complex decisions may require reconsideration.",1
decision_B1_geum_df_wood,effect,"The analysis is correct to some extent, but there are gaps in the details.",1
decision_B1_geum_df_wood,action,Check important decisions one more time before making them.,1
decision_B1_geum_df_wood,state,"The decision may be slow, but the day goes on without much hesitation, and the calm energy of change only slightly shakes the normal flow.",1
decision_B1_geum_ex_earth,intro,"You have average judgment, but complex decisions may require reconsideration.",1
decision_B1_geum_ex_earth,effect,"The analysis is correct to some extent, but there are gaps in the details.",1
decision_B1_geum_ex_earth,action,Check important decisions one more time before making them.,1
decision_B1_geum_ex_earth,state,"The judgment is clear, but it ends with a mediocre result, and the cloudy energy helps maintain a decent pace.",1
decision_B1_geum_ex_fire,intro,"You have average judgment, but complex decisions may require reconsideration.",1
decision_B1_geum_ex_fire,effect,"The analysis is correct to some extent, but there are gaps in the details.",1
decision_B1_geum_ex_fire,action,Check important decisions one more time before making them.,1
decision_B1_geum_ex_fire,state,"The judgment is clear, but it ends with an ordinary result, and the clear energy adds calm vitality and continues the ordinary day.",1
decision_B1_geum_ex_water,intro,"You have average judgment, but complex decisions may require reconsideration.",1
decision_B1_geum_ex_water,effect,"The analysis is correct to some extent, but there are gaps in the details.",1
decision_B1_geum_ex_water,action,Check important decisions one more time before making them.,1
decision_B1_geum_ex_water,state,"The judgment is clear but ends with a simple result, and the moist energy increases thoughts but does not cause much agitation.",1
decision_B1_geum_ex_wood,intro,"You have average judgment, but complex decisions may require reconsideration.",1
decision_B1_geum_ex_wood,effect,"The analysis is correct to some extent, but there are gaps in the details.",1
decision_B1_geum_ex_wood,action,Check important decisions one more time before making them.,1
decision_B1_geum_ex_wood,state,"The judgment is clear, but it ends with a mediocre result, and the calm energy of change does little more than slightly shake up the normal flow.",1
decision_B1_hwa_df_earth,intro,"Since intuition is not fully alive, errors may occur in sensory judgment.",1
decision_B1_hwa_df_earth,effect,"Feelings become clouded, leaving uncertainty in decisions.",1
decision_B1_hwa_df_earth,action,"Don't just trust your intuition, check concrete information together.",1
decision_B1_hwa_df_earth,state,"Although there is little expression, the relationship is not greatly shaken, and the cloudy energy helps maintain an easy pace.",1
decision_B1_hwa_df_fire,intro,"Since intuition is not fully alive, errors may occur in sensory judgment.",1
decision_B1_hwa_df_fire,effect,"Feelings become clouded, leaving uncertainty in decisions.",1
decision_B1_hwa_df_fire,action,"Don't just trust your intuition, check concrete information together.",1
decision_B1_hwa_df_fire,state,"Although there are few expressions, the relationship is not greatly shaken, and the clear energy adds calm vitality and continues an ordinary day.",1
decision_B1_hwa_df_water,intro,"Since intuition is not fully alive, errors may occur in sensory judgment.",1
decision_B1_hwa_df_water,effect,"Feelings become clouded, leaving uncertainty in decisions.",1
decision_B1_hwa_df_water,action,"Don't just trust your intuition, check concrete information together.",1
decision_B1_hwa_df_water,state,"Although there are few expressions, the relationship is not greatly shaken, and the moist energy increases thoughts, but does not cause much agitation.",1
decision_B1_hwa_df_wood,intro,"Since intuition is not fully alive, errors may occur in sensory judgment.",1
decision_B1_hwa_df_wood,effect,"Feelings become clouded, leaving uncertainty in decisions.",1
decision_B1_hwa_df_wood,action,"Don't just trust your intuition, check concrete information together.",1
decision_B1_hwa_df_wood,state,"Although there is little expression, the relationship is not greatly shaken, and the calm energy of change is only enough to slightly shake the normal flow.",1
decision_B1_hwa_ex_earth,intro,"Since intuition is not fully alive, errors may occur in sensory judgment.",1
decision_B1_hwa_ex_earth,effect,"Feelings become clouded, leaving uncertainty in decisions.",1
decision_B1_hwa_ex_earth,action,"Don't just trust your intuition, check concrete information together.",1
decision_B1_hwa_ex_earth,state,"The moderate heat makes for a smooth day, and the cloudy energy helps you maintain an easy pace.",1
decision_B1_hwa_ex_fire,intro,"Since intuition is not fully alive, errors may occur in sensory judgment.",1
decision_B1_hwa_ex_fire,effect,"Feelings become clouded, leaving uncertainty in decisions.",1
decision_B1_hwa_ex_fire,action,"Don't just trust your intuition, check concrete information together.",1
decision_B1_hwa_ex_fire,state,"The moderate heat creates a smooth day, and the clear energy adds calm vitality and continues the ordinary day.",1
decision_B1_hwa_ex_water,intro,"Since intuition is not fully alive, errors may occur in sensory judgment.",1
decision_B1_hwa_ex_water,effect,"Feelings become clouded, leaving uncertainty in decisions.",1
decision_B1_hwa_ex_water,action,"Don't just trust your intuition, check concrete information together.",1
decision_B1_hwa_ex_water,state,"The moderate heat makes for a smooth day, and the moist energy increases your thoughts but doesn't cause much agitation.",1
decision_B1_hwa_ex_wood,intro,"Since intuition is not fully alive, errors may occur in sensory judgment.",1
decision_B1_hwa_ex_wood,effect,"Feelings become clouded, leaving uncertainty in decisions.",1
decision_B1_hwa_ex_wood,action,"Don't just trust your intuition, check concrete information together.",1
decision_B1_hwa_ex_wood,state,"The moderate heat makes for a smooth day, and the calm energy of change does little more than slightly shake up the normal flow.",1
decision_B1_mok_df_earth,intro,"Your judgment may be somewhat narrowed, making it difficult to fully consider your options.",1
decision_B1_mok_df_earth,effect,"Because your field of vision is limited, you may miss better choices.",1
decision_B1_mok_df_earth,action,Actively gather opinions and additional information from those around you before making a judgment.,1
decision_B1_mok_df_earth,state,"It stays more familiar than new, but the flow is uninterrupted and the cloudy energy helps you maintain an easy pace.",1
decision_B1_mok_df_fire,intro,"Your judgment may be somewhat narrowed, making it difficult to fully consider your options.",1
decision_B1_mok_df_fire,effect,"Because your field of vision is limited, you may miss better choices.",1
decision_B1_mok_df_fire,action,Actively gather opinions and additional information from those around you before making a judgment.,1
decision_B1_mok_df_fire,state,"Although it remains familiar rather than new, the flow is uninterrupted and the clear energy adds calm vitality and continues the ordinary day.",1
decision_B1_mok_df_water,intro,"Your judgment may be somewhat narrowed, making it difficult to fully consider your options.",1
decision_B1_mok_df_water,effect,"Because your field of vision is limited, you may miss better choices.",1
decision_B1_mok_df_water,action,Actively gather opinions and additional information from those around you before making a judgment.,1
decision_B1_mok_df_water,state,"Although it remains familiar rather than novel, the flow is uninterrupted and the moist energy increases thoughts but does not cause much agitation.",1
decision_B1_mok_df_wood,intro,"Your judgment may be somewhat narrowed, making it difficult to fully consider your options.",1
decision_B1_mok_df_wood,effect,"Because your field of vision is limited, you may miss better choices.",1
decision_B1_mok_df_wood,action,Actively gather opinions and additional information from those around you before making a judgment.,1
decision_B1_mok_df_wood,state,"Although it remains more familiar than new, the flow is uninterrupted and the calm energy of change only slightly shakes the normal flow.",1
decision_B1_mok_ex_earth,intro,"Your judgment may be somewhat narrowed, making it difficult to fully consider your options.",1
decision_B1_mok_ex_earth,effect,"Because your field of vision is limited, you may miss better choices.",1
decision_B1_mok_ex_earth,action,Actively gather opinions and additional information from those around you before making a judgment.,1
decision_B1_mok_ex_earth,state,"I am motivated, but my driving force remains at a mediocre level, and the cloudy energy helps me maintain a decent pace.",1
decision_B1_mok_ex_fire,intro,"Your judgment may be somewhat narrowed, making it difficult to fully consider your options.",1
decision_B1_mok_ex_fire,effect,"Because your field of vision is limited, you may miss better choices.",1
decision_B1_mok_ex_fire,action,Actively gather opinions and additional information from those around you before making a judgment.,1
decision_B1_mok_ex_fire,state,"Although I am motivated, my driving force remains at an average level, and the clear energy adds calm vitality and continues my ordinary day.",1
decision_B1_mok_ex_water,intro,"Your judgment may be somewhat narrowed, making it difficult to fully consider your options.",1
decision_B1_mok_ex_water,effect,"Because your field of vision is limited, you may miss better choices.",1
decision_B1_mok_ex_water,action,Actively gather opinions and additional information from those around you before making a judgment.,1
decision_B1_mok_ex_water,state,"There is motivation, but the driving force remains at a normal level, and the moist energy increases thoughts, but does not cause much agitation.",1
decision_B1_mok_ex_wood,intro,"Your judgment may be somewhat narrowed, making it difficult to fully consider your options.",1
decision_B1_mok_ex_wood,effect,"Because your field of vision is limited, you may miss better choices.",1
decision_B1_mok_ex_wood,action,Actively gather opinions and additional information from those around you before making a judgment.,1
decision_B1_mok_ex_wood,state,"There is motivation, but the driving force remains at a mediocre level, and the calm energy of change is only enough to slightly shake up the normal flow.",1
decision_B1_su_df_earth,intro,"My sense of reading the flow has become a little dull, so I am having trouble judging the timing.",1
decision_B1_su_df_earth,effect,The timing of the decision may be slightly off and the results may be less than expected.,1
decision_B1_su_df_earth,action,"Don't rush to make a decision, wait until the situation becomes clear.",1
decision_B1_su_df_earth,state,"Although flexibility has decreased, the flow is not significantly interrupted, and the cloudy energy helps maintain a decent pace.",1
decision_B1_su_df_fire,intro,"My sense of reading the flow has become a little dull, so I am having trouble judging the timing.",1
decision_B1_su_df_fire,effect,The timing of the decision may be slightly off and the results may be less than expected.,1
decision_B1_su_df_fire,action,"Don't rush to make a decision, wait until the situation becomes clear.",1
decision_B1_su_df_fire,state,"Although flexibility has decreased, the flow is not significantly disrupted, and the clear energy adds calm vitality and continues an ordinary day.",1
decision_B1_su_df_water,intro,"My sense of reading the flow has become a little dull, so I am having trouble judging the timing.",1
decision_B1_su_df_water,effect,The timing of the decision may be slightly off and the results may be less than expected.,1
decision_B1_su_df_water,action,"Don't rush to make a decision, wait until the situation becomes clear.",1
decision_B1_su_df_water,state,"Flexibility is reduced, but the flow is not greatly interrupted, and the moist energy increases thoughts, but does not cause much agitation.",1
decision_B1_su_df_wood,intro,"My sense of reading the flow has become a little dull, so I am having trouble judging the timing.",1
decision_B1_su_df_wood,effect,The timing of the decision may be slightly off and the results may be less than expected.,1
decision_B1_su_df_wood,action,"Don't rush to make a decision, wait until the situation becomes clear.",1
decision_B1_su_df_wood,state,"Although flexibility has decreased, the flow is not significantly disrupted, and the calm energy of change only slightly shakes the normal flow.",1
decision_B1_su_ex_earth,intro,"My sense of reading the flow has become a little dull, so I am having trouble judging the timing.",1
decision_B1_su_ex_earth,effect,The timing of the decision may be slightly off and the results may be less than expected.,1
decision_B1_su_ex_earth,action,"Don't rush to make a decision, wait until the situation becomes clear.",1
decision_B1_su_ex_earth,state,"Even though I have a lot to think about, the day goes by without much disturbance, and the cloudy energy helps me maintain an easy pace.",1
decision_B1_su_ex_fire,intro,"My sense of reading the flow has become a little dull, so I am having trouble judging the timing.",1
decision_B1_su_ex_fire,effect,The timing of the decision may be slightly off and the results may be less than expected.,1
decision_B1_su_ex_fire,action,"Don't rush to make a decision, wait until the situation becomes clear.",1
decision_B1_su_ex_fire,state,"Even though I have a lot of thoughts, the day goes by without much disturbance, and the clear energy adds calm vitality and continues the ordinary day.",1
decision_B1_su_ex_water,intro,"My sense of reading the flow has become a little dull, so I am having trouble judging the timing.",1
decision_B1_su_ex_water,effect,The timing of the decision may be slightly off and the results may be less than expected.,1
decision_B1_su_ex_water,action,"Don't rush to make a decision, wait until the situation becomes clear.",1
decision_B1_su_ex_water,state,"Even if you have a lot of thoughts, the day goes by without much agitation, and the moist energy increases your thoughts but does not cause much agitation.",1
decision_B1_su_ex_wood,intro,"My sense of reading the flow has become a little dull, so I am having trouble judging the timing.",1
decision_B1_su_ex_wood,effect,The timing of the decision may be slightly off and the results may be less than expected.,1
decision_B1_su_ex_wood,action,"Don't rush to make a decision, wait until the situation becomes clear.",1
decision_B1_su_ex_wood,state,"Even though I have a lot of thoughts, the day goes by without much disturbance, and the calm energy of change only slightly shakes the normal flow.",1
decision_B1_to_df_earth,intro,"The stability of judgment is maintained at an average level, but there may be fluctuations.",1
decision_B1_to_df_earth,effect,"The balance may be a bit off, leading to mistakes in important decisions.",1
decision_B1_to_df_earth,action,Consider things more carefully than usual and make decisions without haste.,1
decision_B1_to_df_earth,state,"Even though there is some tremor, daily life goes by smoothly and the cloudy energy helps me maintain an easy pace.",1
decision_B1_to_df_fire,intro,"The stability of judgment is maintained at an average level, but there may be fluctuations.",1
decision_B1_to_df_fire,effect,"The balance may be a bit off, leading to mistakes in important decisions.",1
decision_B1_to_df_fire,action,Consider things more carefully than usual and make decisions without haste.,1
decision_B1_to_df_fire,state,"Although there is some tremor, daily life flows smoothly, and the clear energy adds calm vitality and continues the normal day.",1
decision_B1_to_df_water,intro,"The stability of judgment is maintained at an average level, but there may be fluctuations.",1
decision_B1_to_df_water,effect,"The balance may be a bit off, leading to mistakes in important decisions.",1
decision_B1_to_df_water,action,Consider things more carefully than usual and make decisions without haste.,1
decision_B1_to_df_water,state,"Although there is shaking, daily life flows smoothly, and the moist energy increases thoughts, but does not cause much agitation.",1
decision_B1_to_df_wood,intro,"The stability of judgment is maintained at an average level, but there may be fluctuations.",1
decision_B1_to_df_wood,effect,"The balance may be a bit off, leading to mistakes in important decisions.",1
decision_B1_to_df_wood,action,Consider things more carefully than usual and make decisions without haste.,1
decision_B1_to_df_wood,state,"Although there are fluctuations, daily life flows smoothly, and the calm energy of change only slightly shakes the normal flow.",1
decision_B1_to_ex_earth,intro,"The stability of judgment is maintained at an average level, but there may be fluctuations.",1
decision_B1_to_ex_earth,effect,"The balance may be a bit off, leading to mistakes in important decisions.",1
decision_B1_to_ex_earth,action,Consider things more carefully than usual and make decisions without haste.,1
decision_B1_to_ex_earth,state,"Choosing familiarity over change leads to an easy day, and the cloudy energy helps me maintain an easy pace.",1
decision_B1_to_ex_fire,intro,"The stability of judgment is maintained at an average level, but there may be fluctuations.",1
decision_B1_to_ex_fire,effect,"The balance may be a bit off, leading to mistakes in important decisions.",1
decision_B1_to_ex_fire,action,Consider things more carefully than usual and make decisions without haste.,1
decision_B1_to_ex_fire,state,"Choosing familiarity over change leads to an ordinary day, and the clear energy adds calm vitality to the ordinary day.",1
decision_B1_to_ex_water,intro,"The stability of judgment is maintained at an average level, but there may be fluctuations.",1
decision_B1_to_ex_water,effect,"The balance may be a bit off, leading to mistakes in important decisions.",1
decision_B1_to_ex_water,action,Consider things more carefully than usual and make decisions without haste.,1
decision_B1_to_ex_water,state,"Choosing familiarity over change leads to a normal day, and the moist energy increases thoughts but does not cause much agitation.",1
decision_B1_to_ex_wood,intro,"The stability of judgment is maintained at an average level, but there may be fluctuations.",1
decision_B1_to_ex_wood,effect,"The balance may be a bit off, leading to mistakes in important decisions.",1
decision_B1_to_ex_wood,action,Consider things more carefully than usual and make decisions without haste.,1
decision_B1_to_ex_wood,state,"Choosing familiarity over change leads to a normal day, and the calm energy of change only slightly shakes the normal flow.",1
decision_C,intro,"Your judgment may be somewhat impaired today, so it is safe to postpone important decisions.",1
decision_C,intro,"I don't have the energy to make decisions today, so it's better to refer to someone else's opinion rather than making decisions on my own.",1
decision_C,effect,"The choice you make today may end up being regrettable later, so you need to approach it with as much caution as possible.",1
decision_C,effect,"Lack of information or emotions can cloud your judgment, so it is best to take your time and review.",1
decision_C,action,"If you jot down only the key points before making a decision, you can organize your mind and reduce mistakes.",1
decision_C,action,It is safer to review the conclusions made today again tomorrow and then put them into action.,1
decision_C_geum_df_earth,intro,This is a day when judgment is impaired and mistakes are likely to occur in complex decisions.,1
decision_C_geum_df_earth,effect,The accuracy of analysis may decrease and lead to incorrect conclusions.,1
decision_C_geum_df_earth,action,Avoid making important decisions today and discuss them with someone you trust.,1
decision_C_geum_df_earth,state,"As your resolve weakens, it is easy to put off important choices, and cloudy energy can slow you down and make your thoughts heavy.",1
decision_C_geum_df_fire,intro,This is a day when judgment is impaired and mistakes are likely to occur in complex decisions.,1
decision_C_geum_df_fire,effect,The accuracy of analysis may decrease and lead to incorrect conclusions.,1
decision_C_geum_df_fire,action,Avoid making important decisions today and discuss them with someone you trust.,1
decision_C_geum_df_fire,state,"As your resolve weakens, it is easy to put off important choices, and your clear energy can flow into an excited atmosphere, which can cloud your prudence.",1
decision_C_geum_df_water,intro,This is a day when judgment is impaired and mistakes are likely to occur in complex decisions.,1
decision_C_geum_df_water,effect,The accuracy of analysis may decrease and lead to incorrect conclusions.,1
decision_C_geum_df_water,action,Avoid making important decisions today and discuss them with someone you trust.,1
decision_C_geum_df_water,state,"It is easy to postpone important choices as your resolve becomes weak, and the energy of rain and snow can stimulate your emotions and inner self, which can have a bigger impact.",1
decision_C_geum_df_wood,intro,This is a day when judgment is impaired and mistakes are likely to occur in complex decisions.,1
decision_C_geum_df_wood,effect,The accuracy of analysis may decrease and lead to incorrect conclusions.,1
decision_C_geum_df_wood,action,Avoid making important decisions today and discuss them with someone you trust.,1
decision_C_geum_df_wood,state,"It is easy to postpone important choices due to weakened determination, and the strong energy of change can shake the rhythm and lead to unexpected variables.",1
decision_C_geum_ex_earth,intro,This is a day when judgment is impaired and mistakes are likely to occur in complex decisions.,1
decision_C_geum_ex_earth,effect,The accuracy of analysis may decrease and lead to incorrect conclusions.,1
decision_C_geum_ex_earth,action,Avoid making important decisions today and discuss them with someone you trust.,1
decision_C_geum_ex_earth,state,"Overly sharp judgment can make relationships cold, and cloudy energy can slow down your pace and make your thoughts heavy.",1
decision_C_geum_ex_fire,intro,This is a day when judgment is impaired and mistakes are likely to occur in complex decisions.,1
decision_C_geum_ex_fire,effect,The accuracy of analysis may decrease and lead to incorrect conclusions.,1
decision_C_geum_ex_fire,action,Avoid making important decisions today and discuss them with someone you trust.,1
decision_C_geum_ex_fire,state,"Excessively sharp judgment can make relationships cold, and clear energy can flow into an excited atmosphere, which can cloud prudence.",1
decision_C_geum_ex_water,intro,This is a day when judgment is impaired and mistakes are likely to occur in complex decisions.,1
decision_C_geum_ex_water,effect,The accuracy of analysis may decrease and lead to incorrect conclusions.,1
decision_C_geum_ex_water,action,Avoid making important decisions today and discuss them with someone you trust.,1
decision_C_geum_ex_water,state,"Overly sharp judgment can make relationships cold, and the energy of rain and snow can stimulate emotions and inner feelings, which can have a bigger impact.",1
decision_C_geum_ex_wood,intro,This is a day when judgment is impaired and mistakes are likely to occur in complex decisions.,1
decision_C_geum_ex_wood,effect,The accuracy of analysis may decrease and lead to incorrect conclusions.,1
decision_C_geum_ex_wood,action,Avoid making important decisions today and discuss them with someone you trust.,1
decision_C_geum_ex_wood,state,"Overly sharp judgment can make relationships cold, and the strong energy of change can shake up the rhythm and lead to unexpected variables.",1
decision_C_hwa_df_earth,intro,It is a day when intuition becomes blurred and it is difficult to trust sensory judgment.,1
decision_C_hwa_df_earth,effect,"If your feelings are at odds with reality, your decisions may lead to regret.",1
decision_C_hwa_df_earth,action,Make decisions carefully based on objective facts rather than feelings.,1
decision_C_hwa_df_earth,state,"It's easy for misunderstandings to occur due to difficulty in expressing yourself, and the cloudy energy can slow you down and make your thoughts heavy.",1
decision_C_hwa_df_fire,intro,It is a day when intuition becomes blurred and it is difficult to trust sensory judgment.,1
decision_C_hwa_df_fire,effect,"If your feelings are at odds with reality, your decisions may lead to regret.",1
decision_C_hwa_df_fire,action,Make decisions carefully based on objective facts rather than feelings.,1
decision_C_hwa_df_fire,state,"It is easy for misunderstandings to occur because expressions are difficult to understand, and the clear energy can flow into an excited atmosphere and cause caution to become clouded.",1
decision_C_hwa_df_water,intro,It is a day when intuition becomes blurred and it is difficult to trust sensory judgment.,1
decision_C_hwa_df_water,effect,"If your feelings are at odds with reality, your decisions may lead to regret.",1
decision_C_hwa_df_water,action,Make decisions carefully based on objective facts rather than feelings.,1
decision_C_hwa_df_water,state,"It is easy for misunderstandings to occur because expressions are difficult to understand, and the energy of rain and snow can stimulate emotions and inner feelings, which can have a bigger impact.",1
decision_C_hwa_df_wood,intro,It is a day when intuition becomes blurred and it is difficult to trust sensory judgment.,1
decision_C_hwa_df_wood,effect,"If your feelings are at odds with reality, your decisions may lead to regret.",1
decision_C_hwa_df_wood,action,Make decisions carefully based on objective facts rather than feelings.,1
decision_C_hwa_df_wood,state,"Misunderstandings are easy to occur due to difficult expressions, and the strong energy of change can shake the rhythm and lead to unexpected variables.",1
decision_C_hwa_ex_earth,intro,It is a day when intuition becomes blurred and it is difficult to trust sensory judgment.,1
decision_C_hwa_ex_earth,effect,"If your feelings are at odds with reality, your decisions may lead to regret.",1
decision_C_hwa_ex_earth,action,Make decisions carefully based on objective facts rather than feelings.,1
decision_C_hwa_ex_earth,state,"It's easy for emotions to clash, and cloudy energy can slow you down and make your thoughts heavy.",1
decision_C_hwa_ex_fire,intro,It is a day when intuition becomes blurred and it is difficult to trust sensory judgment.,1
decision_C_hwa_ex_fire,effect,"If your feelings are at odds with reality, your decisions may lead to regret.",1
decision_C_hwa_ex_fire,action,Make decisions carefully based on objective facts rather than feelings.,1
decision_C_hwa_ex_fire,state,"It is easy for emotions to clash, and the clear energy can flow into an excited atmosphere, causing caution to become clouded.",1
decision_C_hwa_ex_water,intro,It is a day when intuition becomes blurred and it is difficult to trust sensory judgment.,1
decision_C_hwa_ex_water,effect,"If your feelings are at odds with reality, your decisions may lead to regret.",1
decision_C_hwa_ex_water,action,Make decisions carefully based on objective facts rather than feelings.,1
decision_C_hwa_ex_water,state,"It is easy for emotions to come into conflict, and the energy of rain and snow can stimulate emotions and inner feelings, which can increase the impact.",1
decision_C_hwa_ex_wood,intro,It is a day when intuition becomes blurred and it is difficult to trust sensory judgment.,1
decision_C_hwa_ex_wood,effect,"If your feelings are at odds with reality, your decisions may lead to regret.",1
decision_C_hwa_ex_wood,action,Make decisions carefully based on objective facts rather than feelings.,1
decision_C_hwa_ex_wood,state,"It is easy for emotions to clash, and the strong energy of change can shake up the rhythm and lead to unexpected variables.",1
decision_C_mok_df_earth,intro,"This is a day when your flexibility in judgment decreases, making it difficult to adapt to new situations.",1
decision_C_mok_df_earth,effect,A fixed perspective obscures better choices and causes you to miss opportunities.,1
decision_C_mok_df_earth,action,Efforts are needed to break the mold and be open to diverse perspectives.,1
decision_C_mok_df_earth,state,"Hesitation about trying new things can slow down progress, and cloudy energy can slow down your pace and make your thoughts heavy.",1
decision_C_mok_df_fire,intro,"This is a day when your flexibility in judgment decreases, making it difficult to adapt to new situations.",1
decision_C_mok_df_fire,effect,A fixed perspective obscures better choices and causes you to miss opportunities.,1
decision_C_mok_df_fire,action,Efforts are needed to break the mold and be open to diverse perspectives.,1
decision_C_mok_df_fire,state,"Hesitation about trying new things can slow down progress, and clear energy can lead to an excited atmosphere, which can cloud caution.",1
decision_C_mok_df_water,intro,"This is a day when your flexibility in judgment decreases, making it difficult to adapt to new situations.",1
decision_C_mok_df_water,effect,A fixed perspective obscures better choices and causes you to miss opportunities.,1
decision_C_mok_df_water,action,Efforts are needed to break the mold and be open to diverse perspectives.,1
decision_C_mok_df_water,state,"Hesitation about trying new things can slow down progress, and the energy of rain and snow can stimulate your emotions and inner self, which can increase the impact.",1
decision_C_mok_df_wood,intro,"This is a day when your flexibility in judgment decreases, making it difficult to adapt to new situations.",1
decision_C_mok_df_wood,effect,A fixed perspective obscures better choices and causes you to miss opportunities.,1
decision_C_mok_df_wood,action,Efforts are needed to break the mold and be open to diverse perspectives.,1
decision_C_mok_df_wood,state,"Hesitation about trying new things can slow down progress, and the strong energy of change can shake up the rhythm and lead to unexpected variables.",1
decision_C_mok_ex_earth,intro,"This is a day when your flexibility in judgment decreases, making it difficult to adapt to new situations.",1
decision_C_mok_ex_earth,effect,A fixed perspective obscures better choices and causes you to miss opportunities.,1
decision_C_mok_ex_earth,action,Efforts are needed to break the mold and be open to diverse perspectives.,1
decision_C_mok_ex_earth,state,"Excessive motivation can cause you to overdo things, and cloudy energy can slow you down and make your thoughts heavy.",1
decision_C_mok_ex_fire,intro,"This is a day when your flexibility in judgment decreases, making it difficult to adapt to new situations.",1
decision_C_mok_ex_fire,effect,A fixed perspective obscures better choices and causes you to miss opportunities.,1
decision_C_mok_ex_fire,action,Efforts are needed to break the mold and be open to diverse perspectives.,1
decision_C_mok_ex_fire,state,"If you are too motivated, you may push yourself to do things, and your clear energy may flow into an excited atmosphere, which may cloud your prudence.",1
decision_C_mok_ex_water,intro,"This is a day when your flexibility in judgment decreases, making it difficult to adapt to new situations.",1
decision_C_mok_ex_water,effect,A fixed perspective obscures better choices and causes you to miss opportunities.,1
decision_C_mok_ex_water,action,Efforts are needed to break the mold and be open to diverse perspectives.,1
decision_C_mok_ex_water,state,"If you have too much motivation, you may overdo things, and the energy of rain and snow can stimulate your emotions and inner self, which can increase the impact.",1
decision_C_mok_ex_wood,intro,"This is a day when your flexibility in judgment decreases, making it difficult to adapt to new situations.",1
decision_C_mok_ex_wood,effect,A fixed perspective obscures better choices and causes you to miss opportunities.,1
decision_C_mok_ex_wood,action,Efforts are needed to break the mold and be open to diverse perspectives.,1
decision_C_mok_ex_wood,state,"Excessive motivation can lead to overdoing things, and the strong energy of change can shake up the rhythm and lead to unexpected variables.",1
decision_C_su_df_earth,intro,It is a day when your sense of flow becomes dull and it is easy to miss the timing of decisions.,1
decision_C_su_df_earth,effect,A decision at the wrong time produces results that are worse than expected.,1
decision_C_su_df_earth,action,Postpone a decision or consult an expert's opinion.,1
decision_C_su_df_earth,state,"It's easy to lose track of the flow due to lack of flexibility, and cloudy energy can slow you down and make your thoughts heavy.",1
decision_C_su_df_fire,intro,It is a day when your sense of flow becomes dull and it is easy to miss the timing of decisions.,1
decision_C_su_df_fire,effect,A decision at the wrong time produces results that are worse than expected.,1
decision_C_su_df_fire,action,Postpone a decision or consult an expert's opinion.,1
decision_C_su_df_fire,state,"Due to lack of flexibility, it is easy to lose track of the flow, and the clear energy can flow into an excited atmosphere, which can cloud your prudence.",1
decision_C_su_df_water,intro,It is a day when your sense of flow becomes dull and it is easy to miss the timing of decisions.,1
decision_C_su_df_water,effect,A decision at the wrong time produces results that are worse than expected.,1
decision_C_su_df_water,action,Postpone a decision or consult an expert's opinion.,1
decision_C_su_df_water,state,"Due to lack of flexibility, it is easy to lose track of the flow, and the energy of rain and snow can stimulate emotions and inner self, which can increase the impact.",1
decision_C_su_df_wood,intro,It is a day when your sense of flow becomes dull and it is easy to miss the timing of decisions.,1
decision_C_su_df_wood,effect,A decision at the wrong time produces results that are worse than expected.,1
decision_C_su_df_wood,action,Postpone a decision or consult an expert's opinion.,1
decision_C_su_df_wood,state,"Due to lack of flexibility, it is easy to lose track of the flow, and the strong energy of change can shake the rhythm and lead to unexpected variables.",1
decision_C_su_ex_earth,intro,It is a day when your sense of flow becomes dull and it is easy to miss the timing of decisions.,1
decision_C_su_ex_earth,effect,A decision at the wrong time produces results that are worse than expected.,1
decision_C_su_ex_earth,action,Postpone a decision or consult an expert's opinion.,1
decision_C_su_ex_earth,state,"It is easy for your judgment to be clouded by overflowing emotions, and the cloudy energy can slow you down and make your thoughts heavy.",1
decision_C_su_ex_fire,intro,It is a day when your sense of flow becomes dull and it is easy to miss the timing of decisions.,1
decision_C_su_ex_fire,effect,A decision at the wrong time produces results that are worse than expected.,1
decision_C_su_ex_fire,action,Postpone a decision or consult an expert's opinion.,1
decision_C_su_ex_fire,state,"Judgment can easily be clouded by overflowing emotions, and the clear energy can flow into an excited atmosphere, which can cloud prudence.",1
decision_C_su_ex_water,intro,It is a day when your sense of flow becomes dull and it is easy to miss the timing of decisions.,1
decision_C_su_ex_water,effect,A decision at the wrong time produces results that are worse than expected.,1
decision_C_su_ex_water,action,Postpone a decision or consult an expert's opinion.,1
decision_C_su_ex_water,state,"It is easy for your judgment to become clouded due to overflowing emotions, and the energy of rain and snow can stimulate your emotions and inner self, which can increase the impact.",1
decision_C_su_ex_wood,intro,It is a day when your sense of flow becomes dull and it is easy to miss the timing of decisions.,1
decision_C_su_ex_wood,effect,A decision at the wrong time produces results that are worse than expected.,1
decision_C_su_ex_wood,action,Postpone a decision or consult an expert's opinion.,1
decision_C_su_ex_wood,state,"Judgment can easily be clouded by emotions, and the strong energy of change can shake the rhythm and lead to unexpected variables.",1
decision_C_to_df_earth,intro,It is a day when your sense of stability is shaken and anxiety increases during the judgment process.,1
decision_C_to_df_earth,effect,Decisions made while anxious are likely to lead to mistakes.,1
decision_C_to_df_earth,action,Calm your mind and make a decision in a stable state.,1
decision_C_to_df_earth,state,"Because your center is shaken, it is easy to be swayed by your surroundings, and cloudy energy can slow you down and make your thoughts heavy.",1
decision_C_to_df_fire,intro,It is a day when your sense of stability is shaken and anxiety increases during the judgment process.,1
decision_C_to_df_fire,effect,Decisions made while anxious are likely to lead to mistakes.,1
decision_C_to_df_fire,action,Calm your mind and make a decision in a stable state.,1
decision_C_to_df_fire,state,"Because your center is shaken, it is easy to be swayed by those around you, and your clear energy can flow into an excited atmosphere, which can cloud your prudence.",1
decision_C_to_df_water,intro,It is a day when your sense of stability is shaken and anxiety increases during the judgment process.,1
decision_C_to_df_water,effect,Decisions made while anxious are likely to lead to mistakes.,1
decision_C_to_df_water,action,Calm your mind and make a decision in a stable state.,1
decision_C_to_df_water,state,"Because your center is shaken, it is easy to be swayed by your surroundings, and the energy of rain and snow can stimulate your emotions and inner self, which can increase the impact.",1
decision_C_to_df_wood,intro,It is a day when your sense of stability is shaken and anxiety increases during the judgment process.,1
decision_C_to_df_wood,effect,Decisions made while anxious are likely to lead to mistakes.,1
decision_C_to_df_wood,action,Calm your mind and make a decision in a stable state.,1
decision_C_to_df_wood,state,"Because the center is shaken, it is easy to be swayed by the surroundings, and the strong energy of change can shake the rhythm and lead to unexpected variables.",1
decision_C_to_ex_earth,intro,It is a day when your sense of stability is shaken and anxiety increases during the judgment process.,1
decision_C_to_ex_earth,effect,Decisions made while anxious are likely to lead to mistakes.,1
decision_C_to_ex_earth,action,Calm your mind and make a decision in a stable state.,1
decision_C_to_ex_earth,state,"A mind that refuses to change can block opportunities, and cloudy energy can slow down your pace and make your thoughts heavy.",1
decision_C_to_ex_fire,intro,It is a day when your sense of stability is shaken and anxiety increases during the judgment process.,1
decision_C_to_ex_fire,effect,Decisions made while anxious are likely to lead to mistakes.,1
decision_C_to_ex_fire,action,Calm your mind and make a decision in a stable state.,1
decision_C_to_ex_fire,state,"A mind that refuses to change can block opportunities, and clear energy can flow into an excited atmosphere, clouding caution.",1
decision_C_to_ex_water,intro,It is a day when your sense of stability is shaken and anxiety increases during the judgment process.,1
decision_C_to_ex_water,effect,Decisions made while anxious are likely to lead to mistakes.,1
decision_C_to_ex_water,action,Calm your mind and make a decision in a stable state.,1
decision_C_to_ex_water,state,"A mind that refuses to change can block opportunities, and the energy of rain and snow can stimulate emotions and inner feelings, which can increase the impact.",1
decision_C_to_ex_wood,intro,It is a day when your sense of stability is shaken and anxiety increases during the judgment process.,1
decision_C_to_ex_wood,effect,Decisions made while anxious are likely to lead to mistakes.,1
decision_C_to_ex_wood,action,Calm your mind and make a decision in a stable state.,1
decision_C_to_ex_wood,state,"A refusal to change can block opportunities, and the strong energy of change can shake up the rhythm and lead to unexpected variables.",1
decision_C1,intro,"Your judgment will be quite impaired today, so it is best to postpone important decisions as much as possible.",1
decision_C1,intro,"The energy to make decisions is very weak today, so it is safe to not trust your own judgment too much.",1
decision_C1,effect,"There is a high possibility that a decision made today will lead to regret, so it is better to actively consider putting it on hold.",1
decision_C1,effect,"Because emotions or external stimuli can distort judgment, it is better to collect information first.",1
decision_C1,action,"Today, spend time gathering and organizing your options rather than making decisions.",1
decision_C1,action,"Get the opinion of someone you trust first, then leave the final decision until tomorrow.",1
decision_C1_geum_df_earth,intro,Your judgment will be greatly impaired and you will need to be very careful about your decisions today.,1
decision_C1_geum_df_earth,effect,Decreased analytical ability can lead to misjudgments in important decisions.,1
decision_C1_geum_df_earth,action,Don't make important decisions today; put them off for as long as possible.,1
decision_C1_geum_df_earth,state,"Due to lack of determination, it is easy for indecisive choices to accumulate, and cloudy energy can reduce motivation and cloud judgment.",1
decision_C1_geum_df_fire,intro,Your judgment will be greatly impaired and you will need to be very careful about your decisions today.,1
decision_C1_geum_df_fire,effect,Decreased analytical ability can lead to misjudgments in important decisions.,1
decision_C1_geum_df_fire,action,Don't make important decisions today; put them off for as long as possible.,1
decision_C1_geum_df_fire,state,"Because of lack of determination, it is easy to make indecisive choices, and excited Yang can dissipate calmness and lead to minor mistakes.",1
decision_C1_geum_df_water,intro,Your judgment will be greatly impaired and you will need to be very careful about your decisions today.,1
decision_C1_geum_df_water,effect,Decreased analytical ability can lead to misjudgments in important decisions.,1
decision_C1_geum_df_water,action,Don't make important decisions today; put them off for as long as possible.,1
decision_C1_geum_df_water,state,"Because of lack of determination, it is easy for indecisive choices to pile up, and the energy of rain and snow may not calm your emotions, making your heart heavy.",1
decision_C1_geum_df_wood,intro,Your judgment will be greatly impaired and you will need to be very careful about your decisions today.,1
decision_C1_geum_df_wood,effect,Decreased analytical ability can lead to misjudgments in important decisions.,1
decision_C1_geum_df_wood,action,Don't make important decisions today; put them off for as long as possible.,1
decision_C1_geum_df_wood,state,"Because of lack of determination, it is easy for indecisive choices to pile up, and the energy of change can keep interfering and disrupting plans.",1
decision_C1_geum_ex_earth,intro,Your judgment will be greatly impaired and you will need to be very careful about your decisions today.,1
decision_C1_geum_ex_earth,effect,Decreased analytical ability can lead to misjudgments in important decisions.,1
decision_C1_geum_ex_earth,action,Don't make important decisions today; put them off for as long as possible.,1
decision_C1_geum_ex_earth,state,"Sharpness can go too far and put a burden on those around you, and cloudy energy can reduce motivation and cloud your judgment.",1
decision_C1_geum_ex_fire,intro,Your judgment will be greatly impaired and you will need to be very careful about your decisions today.,1
decision_C1_geum_ex_fire,effect,Decreased analytical ability can lead to misjudgments in important decisions.,1
decision_C1_geum_ex_fire,action,Don't make important decisions today; put them off for as long as possible.,1
decision_C1_geum_ex_fire,state,"Your sharpness can go too far and put a burden on those around you, and your excited energy can dissipate your calmness and lead to minor mistakes.",1
decision_C1_geum_ex_water,intro,Your judgment will be greatly impaired and you will need to be very careful about your decisions today.,1
decision_C1_geum_ex_water,effect,Decreased analytical ability can lead to misjudgments in important decisions.,1
decision_C1_geum_ex_water,action,Don't make important decisions today; put them off for as long as possible.,1
decision_C1_geum_ex_water,state,"Your sharpness can go too far and put a burden on those around you, and the energy of rain and snow can not calm your emotions, making your heart feel heavy.",1
decision_C1_geum_ex_wood,intro,Your judgment will be greatly impaired and you will need to be very careful about your decisions today.,1
decision_C1_geum_ex_wood,effect,Decreased analytical ability can lead to misjudgments in important decisions.,1
decision_C1_geum_ex_wood,action,Don't make important decisions today; put them off for as long as possible.,1
decision_C1_geum_ex_wood,state,"Your sharpness can go too far and put a burden on those around you, and the energy of change can keep interfering with your plans.",1
decision_C1_hwa_df_earth,intro,"Intuition rarely works, so relying on your senses to make decisions is risky.",1
decision_C1_hwa_df_earth,effect,The feeling is completely out of sync and ends up justifying the wrong choice.,1
decision_C1_hwa_df_earth,action,"No matter how certain you are, hold off on sensory judgment today.",1
decision_C1_hwa_df_earth,state,"It is easy for your feelings to not be conveyed properly due to blockage of expression, and cloudy energy can reduce motivation and cloud your judgment.",1
decision_C1_hwa_df_fire,intro,"Intuition rarely works, so relying on your senses to make decisions is risky.",1
decision_C1_hwa_df_fire,effect,The feeling is completely out of sync and ends up justifying the wrong choice.,1
decision_C1_hwa_df_fire,action,"No matter how certain you are, hold off on sensory judgment today.",1
decision_C1_hwa_df_fire,state,"It is easy for your feelings to not be conveyed properly due to blockage of expression, and excited energy can scatter your calmness and lead to minor mistakes.",1
decision_C1_hwa_df_water,intro,"Intuition rarely works, so relying on your senses to make decisions is risky.",1
decision_C1_hwa_df_water,effect,The feeling is completely out of sync and ends up justifying the wrong choice.,1
decision_C1_hwa_df_water,action,"No matter how certain you are, hold off on sensory judgment today.",1
decision_C1_hwa_df_water,state,"Because expressions are blocked, it is easy for your feelings to not be conveyed properly, and the energy of rain and snow cannot calm your emotions, which can make your heart feel heavy.",1
decision_C1_hwa_df_wood,intro,"Intuition rarely works, so relying on your senses to make decisions is risky.",1
decision_C1_hwa_df_wood,effect,The feeling is completely out of sync and ends up justifying the wrong choice.,1
decision_C1_hwa_df_wood,action,"No matter how certain you are, hold off on sensory judgment today.",1
decision_C1_hwa_df_wood,state,"It is easy for your feelings to not be conveyed properly due to blockage of expression, and the energy of change can keep interfering and disrupt your plans.",1
decision_C1_hwa_ex_earth,intro,"Intuition rarely works, so relying on your senses to make decisions is risky.",1
decision_C1_hwa_ex_earth,effect,The feeling is completely out of sync and ends up justifying the wrong choice.,1
decision_C1_hwa_ex_earth,action,"No matter how certain you are, hold off on sensory judgment today.",1
decision_C1_hwa_ex_earth,state,"It is easy for emotions to cause friction even over small things, and cloudy energy can reduce motivation and cloud judgment.",1
decision_C1_hwa_ex_fire,intro,"Intuition rarely works, so relying on your senses to make decisions is risky.",1
decision_C1_hwa_ex_fire,effect,The feeling is completely out of sync and ends up justifying the wrong choice.,1
decision_C1_hwa_ex_fire,action,"No matter how certain you are, hold off on sensory judgment today.",1
decision_C1_hwa_ex_fire,state,"It's easy for emotions to cause friction even over small things, and excited energy can disturb your calmness and lead to minor mistakes.",1
decision_C1_hwa_ex_water,intro,"Intuition rarely works, so relying on your senses to make decisions is risky.",1
decision_C1_hwa_ex_water,effect,The feeling is completely out of sync and ends up justifying the wrong choice.,1
decision_C1_hwa_ex_water,action,"No matter how certain you are, hold off on sensory judgment today.",1
decision_C1_hwa_ex_water,state,"It's easy for emotions to arise even over small things, and the energy of rain and snow can't calm your emotions, making your heart feel heavy.",1
decision_C1_hwa_ex_wood,intro,"Intuition rarely works, so relying on your senses to make decisions is risky.",1
decision_C1_hwa_ex_wood,effect,The feeling is completely out of sync and ends up justifying the wrong choice.,1
decision_C1_hwa_ex_wood,action,"No matter how certain you are, hold off on sensory judgment today.",1
decision_C1_hwa_ex_wood,state,"If you are emotionally driven, it is easy for friction to arise even over small things, and the energy of change can keep interfering and disrupting your plans.",1
decision_C1_mok_df_earth,intro,Your perspective will be greatly narrowed and you may miss important options.,1
decision_C1_mok_df_earth,effect,Limited perspectives repeatedly lead to wrong conclusions.,1
decision_C1_mok_df_earth,action,Don't judge on your own; seek help from someone you trust.,1
decision_C1_mok_df_earth,state,"If you hesitate for a long time, it is easy for an opportunity to slip out of your hands, and cloudy energy can reduce motivation and cloud your judgment.",1
decision_C1_mok_df_fire,intro,Your perspective will be greatly narrowed and you may miss important options.,1
decision_C1_mok_df_fire,effect,Limited perspectives repeatedly lead to wrong conclusions.,1
decision_C1_mok_df_fire,action,Don't judge on your own; seek help from someone you trust.,1
decision_C1_mok_df_fire,state,"If you hesitate for a long time, it is easy for an opportunity to slip out of your hands, and excited energy can dissipate your calmness and lead to minor mistakes.",1
decision_C1_mok_df_water,intro,Your perspective will be greatly narrowed and you may miss important options.,1
decision_C1_mok_df_water,effect,Limited perspectives repeatedly lead to wrong conclusions.,1
decision_C1_mok_df_water,action,Don't judge on your own; seek help from someone you trust.,1
decision_C1_mok_df_water,state,"If you hesitate for a long time, it is easy for an opportunity to slip out of your hands, and the energy of rain and snow can not calm your emotions, making your heart heavy.",1
decision_C1_mok_df_wood,intro,Your perspective will be greatly narrowed and you may miss important options.,1
decision_C1_mok_df_wood,effect,Limited perspectives repeatedly lead to wrong conclusions.,1
decision_C1_mok_df_wood,action,Don't judge on your own; seek help from someone you trust.,1
decision_C1_mok_df_wood,state,"If you hesitate for a long time, it is easy for an opportunity to slip out of your hands, and the energy of change can keep interfering and disrupt your plans.",1
decision_C1_mok_ex_earth,intro,Your perspective will be greatly narrowed and you may miss important options.,1
decision_C1_mok_ex_earth,effect,Limited perspectives repeatedly lead to wrong conclusions.,1
decision_C1_mok_ex_earth,action,Don't judge on your own; seek help from someone you trust.,1
decision_C1_mok_ex_earth,state,"It is easy for greed to lead to things that cannot be grasped, and cloudy energy can reduce motivation and cloud judgment.",1
decision_C1_mok_ex_fire,intro,Your perspective will be greatly narrowed and you may miss important options.,1
decision_C1_mok_ex_fire,effect,Limited perspectives repeatedly lead to wrong conclusions.,1
decision_C1_mok_ex_fire,action,Don't judge on your own; seek help from someone you trust.,1
decision_C1_mok_ex_fire,state,"It's easy to get greedy and do things that you can't control, and excited energy can disturb your calmness and lead to minor mistakes.",1
decision_C1_mok_ex_water,intro,Your perspective will be greatly narrowed and you may miss important options.,1
decision_C1_mok_ex_water,effect,Limited perspectives repeatedly lead to wrong conclusions.,1
decision_C1_mok_ex_water,action,Don't judge on your own; seek help from someone you trust.,1
decision_C1_mok_ex_water,state,"It's easy to get greedy and do things you can't control, and the energy of rain and snow can't calm your emotions, making your heart heavy.",1
decision_C1_mok_ex_wood,intro,Your perspective will be greatly narrowed and you may miss important options.,1
decision_C1_mok_ex_wood,effect,Limited perspectives repeatedly lead to wrong conclusions.,1
decision_C1_mok_ex_wood,action,Don't judge on your own; seek help from someone you trust.,1
decision_C1_mok_ex_wood,state,"It's easy to get greedy and end up doing things you can't control, and the energy of change can keep interfering and disrupting your plans.",1
decision_C1_su_df_earth,intro,"The sense of flow may be severely disrupted, leading to repeated timing judgment errors.",1
decision_C1_su_df_earth,effect,There are many decisions that lead to losses due to misreading the situation.,1
decision_C1_su_df_earth,action,Today it is safer to stick with your existing plan than to make a new decision.,1
decision_C1_su_df_earth,state,"It's easy to get stubborn and lose track of things repeatedly, and cloudy energy can reduce motivation and cloud your judgment.",1
decision_C1_su_df_fire,intro,"The sense of flow may be severely disrupted, leading to repeated timing judgment errors.",1
decision_C1_su_df_fire,effect,There are many decisions that lead to losses due to misreading the situation.,1
decision_C1_su_df_fire,action,Today it is safer to stick with your existing plan than to make a new decision.,1
decision_C1_su_df_fire,state,"It's easy to get stubborn and lose track of the flow, and excited energy can disturb your calmness and lead to minor mistakes.",1
decision_C1_su_df_water,intro,"The sense of flow may be severely disrupted, leading to repeated timing judgment errors.",1
decision_C1_su_df_water,effect,There are many decisions that lead to losses due to misreading the situation.,1
decision_C1_su_df_water,action,Today it is safer to stick with your existing plan than to make a new decision.,1
decision_C1_su_df_water,state,"It's easy to become stubborn and lose track of the flow, and the energy of rain and snow can't calm your emotions, making your heart heavy.",1
decision_C1_su_df_wood,intro,"The sense of flow may be severely disrupted, leading to repeated timing judgment errors.",1
decision_C1_su_df_wood,effect,There are many decisions that lead to losses due to misreading the situation.,1
decision_C1_su_df_wood,action,Today it is safer to stick with your existing plan than to make a new decision.,1
decision_C1_su_df_wood,state,"It's easy to get stubborn and lose track of things repeatedly, and the energy of change can keep interfering and disrupt your plans.",1
decision_C1_su_ex_earth,intro,"The sense of flow may be severely disrupted, leading to repeated timing judgment errors.",1
decision_C1_su_ex_earth,effect,There are many decisions that lead to losses due to misreading the situation.,1
decision_C1_su_ex_earth,action,Today it is safer to stick with your existing plan than to make a new decision.,1
decision_C1_su_ex_earth,state,"Emotions become deeper, so it is easy to be shaken by even small stimuli, and cloudy energy can reduce motivation and cloud judgment.",1
decision_C1_su_ex_fire,intro,"The sense of flow may be severely disrupted, leading to repeated timing judgment errors.",1
decision_C1_su_ex_fire,effect,There are many decisions that lead to losses due to misreading the situation.,1
decision_C1_su_ex_fire,action,Today it is safer to stick with your existing plan than to make a new decision.,1
decision_C1_su_ex_fire,state,"Emotions become deep, so it is easy to be shaken by even the slightest stimulus, and excited energy can disturb calmness and lead to minor mistakes.",1
decision_C1_su_ex_water,intro,"The sense of flow may be severely disrupted, leading to repeated timing judgment errors.",1
decision_C1_su_ex_water,effect,There are many decisions that lead to losses due to misreading the situation.,1
decision_C1_su_ex_water,action,Today it is safer to stick with your existing plan than to make a new decision.,1
decision_C1_su_ex_water,state,"As emotions become deeper, it is easy to be shaken by even the slightest stimulus, and the energy of rain and snow may not calm the emotions, making the heart heavy.",1
decision_C1_su_ex_wood,intro,"The sense of flow may be severely disrupted, leading to repeated timing judgment errors.",1
decision_C1_su_ex_wood,effect,There are many decisions that lead to losses due to misreading the situation.,1
decision_C1_su_ex_wood,action,Today it is safer to stick with your existing plan than to make a new decision.,1
decision_C1_su_ex_wood,state,"As your emotions deepen, it is easy to be shaken by even the slightest stimulus, and the energy of change can keep interfering and disrupting your plans.",1
decision_C1_to_df_earth,intro,It is a day when the basis for judgment becomes unstable and it is difficult to trust any decision.,1
decision_C1_to_df_earth,effect,Decisions made on shaky foundations lead to regret and loss.,1
decision_C1_to_df_earth,action,Avoid making important decisions today and prioritize maintaining the status quo.,1
decision_C1_to_df_earth,state,"Because you are not centered, it is easy for your decisions to change, and cloudy energy can reduce motivation and cloud your judgment.",1
decision_C1_to_df_fire,intro,It is a day when the basis for judgment becomes unstable and it is difficult to trust any decision.,1
decision_C1_to_df_fire,effect,Decisions made on shaky foundations lead to regret and loss.,1
decision_C1_to_df_fire,action,Avoid making important decisions today and prioritize maintaining the status quo.,1
decision_C1_to_df_fire,state,"Because you are not centered, it is easy for your decisions to change, and your excited energy can dissipate your calmness and lead to minor mistakes.",1
decision_C1_to_df_water,intro,It is a day when the basis for judgment becomes unstable and it is difficult to trust any decision.,1
decision_C1_to_df_water,effect,Decisions made on shaky foundations lead to regret and loss.,1
decision_C1_to_df_water,action,Avoid making important decisions today and prioritize maintaining the status quo.,1
decision_C1_to_df_water,state,"Because you are not centered, it is easy for your decisions to change, and the energy of rain and snow cannot calm your emotions, making your heart heavy.",1
decision_C1_to_df_wood,intro,It is a day when the basis for judgment becomes unstable and it is difficult to trust any decision.,1
decision_C1_to_df_wood,effect,Decisions made on shaky foundations lead to regret and loss.,1
decision_C1_to_df_wood,action,Avoid making important decisions today and prioritize maintaining the status quo.,1
decision_C1_to_df_wood,state,"Because you are not centered, it is easy for your decisions to change, and the energy of change can keep interfering with your plans.",1
decision_C1_to_ex_earth,intro,It is a day when the basis for judgment becomes unstable and it is difficult to trust any decision.,1
decision_C1_to_ex_earth,effect,Decisions made on shaky foundations lead to regret and loss.,1
decision_C1_to_ex_earth,action,Avoid making important decisions today and prioritize maintaining the status quo.,1
decision_C1_to_ex_earth,state,"It is easy to ignore changes that require a stubborn stability orientation, and cloudy energy can reduce motivation and cloud judgment.",1
decision_C1_to_ex_fire,intro,It is a day when the basis for judgment becomes unstable and it is difficult to trust any decision.,1
decision_C1_to_ex_fire,effect,Decisions made on shaky foundations lead to regret and loss.,1
decision_C1_to_ex_fire,action,Avoid making important decisions today and prioritize maintaining the status quo.,1
decision_C1_to_ex_fire,state,"It is easy to ignore changes that require stubborn stability, and excited energy can disturb calmness and lead to minor mistakes.",1
decision_C1_to_ex_water,intro,It is a day when the basis for judgment becomes unstable and it is difficult to trust any decision.,1
decision_C1_to_ex_water,effect,Decisions made on shaky foundations lead to regret and loss.,1
decision_C1_to_ex_water,action,Avoid making important decisions today and prioritize maintaining the status quo.,1
decision_C1_to_ex_water,state,"It is easy to ignore changes that require stubborn stability, and the energy of rain and snow may not calm your emotions, making your heart heavy.",1
decision_C1_to_ex_wood,intro,It is a day when the basis for judgment becomes unstable and it is difficult to trust any decision.,1
decision_C1_to_ex_wood,effect,Decisions made on shaky foundations lead to regret and loss.,1
decision_C1_to_ex_wood,action,Avoid making important decisions today and prioritize maintaining the status quo.,1
decision_C1_to_ex_wood,state,"It is easy to ignore changes that require a stubborn stability orientation, and the energy of change can keep interfering and disrupt your plans.",1
decision_D,intro,Your judgment may be severely impaired today and it is best not to make any decisions.,1
decision_D,intro,"Today, the energy to make decisions is completely blocked, so it is right to postpone all choices until after tomorrow.",1
decision_D,effect,"Conclusions made today almost always lead to regret later, so it is safer to put the decision on hold altogether.",1
decision_D,effect,"This is a day when your judgment is at its lowest point, and decisions that would normally be easy can lead to mistakes today.",1
decision_D,action,Make it a rule not to make any decisions today and move on to the next one.,1
decision_D,action,"When a situation arises that requires a choice, it is wisest to be honest and say that you cannot make a decision right now.",1
decision_D_geum_df_earth,intro,It is a day when your judgment is at its lowest and all decisions have to be put on hold.,1
decision_D_geum_df_earth,effect,"Judgment ability is extremely reduced, making it difficult to trust any analysis.",1
decision_D_geum_df_earth,action,Put off today’s decisions as much as possible and leave them until after tomorrow.,1
decision_D_geum_df_earth,state,"Your determination may be greatly broken, and any choice you make may result in regret, and the thick, cloudy energy may greatly slow down everything.",1
decision_D_geum_df_fire,intro,It is a day when your judgment is at its lowest and all decisions have to be put on hold.,1
decision_D_geum_df_fire,effect,"Judgment ability is extremely reduced, making it difficult to trust any analysis.",1
decision_D_geum_df_fire,action,Put off today’s decisions as much as possible and leave them until after tomorrow.,1
decision_D_geum_df_fire,state,"Decisiveness can be greatly weakened, and any choice can lead to regret, and strong yang can encourage impulses and lead to reckless actions.",1
decision_D_geum_df_water,intro,It is a day when your judgment is at its lowest and all decisions have to be put on hold.,1
decision_D_geum_df_water,effect,"Judgment ability is extremely reduced, making it difficult to trust any analysis.",1
decision_D_geum_df_water,action,Put off today’s decisions as much as possible and leave them until after tomorrow.,1
decision_D_geum_df_water,state,"Your determination can be greatly broken, and any choice you make can result in regret, and the force of heavy rain and snow can shake your emotions violently, making it difficult to control them.",1
decision_D_geum_df_wood,intro,It is a day when your judgment is at its lowest and all decisions have to be put on hold.,1
decision_D_geum_df_wood,effect,"Judgment ability is extremely reduced, making it difficult to trust any analysis.",1
decision_D_geum_df_wood,action,Put off today’s decisions as much as possible and leave them until after tomorrow.,1
decision_D_geum_df_wood,state,"Your determination may be greatly broken, any choice you make may end in regret, and the fierce energy of change may cause all your predictions to go astray.",1
decision_D_geum_ex_earth,intro,It is a day when your judgment is at its lowest and all decisions have to be put on hold.,1
decision_D_geum_ex_earth,effect,"Judgment ability is extremely reduced, making it difficult to trust any analysis.",1
decision_D_geum_ex_earth,action,Put off today’s decisions as much as possible and leave them until after tomorrow.,1
decision_D_geum_ex_earth,state,"If the sharpness goes too far, it can create a deep rift with the surroundings, and the thick cloudy energy can greatly slow down everything.",1
decision_D_geum_ex_fire,intro,It is a day when your judgment is at its lowest and all decisions have to be put on hold.,1
decision_D_geum_ex_fire,effect,"Judgment ability is extremely reduced, making it difficult to trust any analysis.",1
decision_D_geum_ex_fire,action,Put off today’s decisions as much as possible and leave them until after tomorrow.,1
decision_D_geum_ex_fire,state,"Sharpness can go too far and create deep rifts with those around you, and strong yang can encourage impulses and lead to reckless actions.",1
decision_D_geum_ex_water,intro,It is a day when your judgment is at its lowest and all decisions have to be put on hold.,1
decision_D_geum_ex_water,effect,"Judgment ability is extremely reduced, making it difficult to trust any analysis.",1
decision_D_geum_ex_water,action,Put off today’s decisions as much as possible and leave them until after tomorrow.,1
decision_D_geum_ex_water,state,"The sharpness can go too far and create deep cracks with the surroundings, and the force of heavy rain and snow can shake your emotions violently, making it difficult to control them.",1
decision_D_geum_ex_wood,intro,It is a day when your judgment is at its lowest and all decisions have to be put on hold.,1
decision_D_geum_ex_wood,effect,"Judgment ability is extremely reduced, making it difficult to trust any analysis.",1
decision_D_geum_ex_wood,action,Put off today’s decisions as much as possible and leave them until after tomorrow.,1
decision_D_geum_ex_wood,state,"Sharpness can go too far and create deep cracks with the surroundings, and the fierce energy of change can make all predictions go astray.",1
decision_D_hwa_df_earth,intro,It is a day when intuition is completely blocked and sensory judgment does not function at all.,1
decision_D_hwa_df_earth,effect,Wrong feelings cloud your entire judgment and lead to loss.,1
decision_D_hwa_df_earth,action,Completely let go of your instinctive judgment and decide nothing today.,1
decision_D_hwa_df_earth,state,"The way to convey one's feelings is completely closed, which can deepen misunderstandings and disconnection, and the thick, cloudy energy can greatly slow down everything.",1
decision_D_hwa_df_fire,intro,It is a day when intuition is completely blocked and sensory judgment does not function at all.,1
decision_D_hwa_df_fire,effect,Wrong feelings cloud your entire judgment and lead to loss.,1
decision_D_hwa_df_fire,action,Completely let go of your instinctive judgment and decide nothing today.,1
decision_D_hwa_df_fire,state,"The way to communicate one's feelings is completely closed, which can deepen misunderstandings and disconnection, and strong positive energy can encourage impulses and lead to reckless actions.",1
decision_D_hwa_df_water,intro,It is a day when intuition is completely blocked and sensory judgment does not function at all.,1
decision_D_hwa_df_water,effect,Wrong feelings cloud your entire judgment and lead to loss.,1
decision_D_hwa_df_water,action,Completely let go of your instinctive judgment and decide nothing today.,1
decision_D_hwa_df_water,state,"The way to communicate one's feelings is completely closed, which can deepen misunderstandings and disconnection, and the force of heavy rain and snow can shake emotions violently, making it difficult to control them.",1
decision_D_hwa_df_wood,intro,It is a day when intuition is completely blocked and sensory judgment does not function at all.,1
decision_D_hwa_df_wood,effect,Wrong feelings cloud your entire judgment and lead to loss.,1
decision_D_hwa_df_wood,action,Completely let go of your instinctive judgment and decide nothing today.,1
decision_D_hwa_df_wood,state,"The way to communicate one's feelings is completely closed, misunderstandings and disconnection can deepen, and the fierce energy of change can cause all predictions to go astray.",1
decision_D_hwa_ex_earth,intro,It is a day when intuition is completely blocked and sensory judgment does not function at all.,1
decision_D_hwa_ex_earth,effect,Wrong feelings cloud your entire judgment and lead to loss.,1
decision_D_hwa_ex_earth,action,Completely let go of your instinctive judgment and decide nothing today.,1
decision_D_hwa_ex_earth,state,"Overheated emotions can spread into an irreparable conflict, and the thick cloudy energy can greatly slow down everything.",1
decision_D_hwa_ex_fire,intro,It is a day when intuition is completely blocked and sensory judgment does not function at all.,1
decision_D_hwa_ex_fire,effect,Wrong feelings cloud your entire judgment and lead to loss.,1
decision_D_hwa_ex_fire,action,Completely let go of your instinctive judgment and decide nothing today.,1
decision_D_hwa_ex_fire,state,"Overheated emotions can lead to irreversible conflict, and strong yang can encourage impulses and lead to reckless actions.",1
decision_D_hwa_ex_water,intro,It is a day when intuition is completely blocked and sensory judgment does not function at all.,1
decision_D_hwa_ex_water,effect,Wrong feelings cloud your entire judgment and lead to loss.,1
decision_D_hwa_ex_water,action,Completely let go of your instinctive judgment and decide nothing today.,1
decision_D_hwa_ex_water,state,"Overheated emotions can spread into an irreparable conflict, and the force of heavy rain and snow shakes emotions violently, making control difficult.",1
decision_D_hwa_ex_wood,intro,It is a day when intuition is completely blocked and sensory judgment does not function at all.,1
decision_D_hwa_ex_wood,effect,Wrong feelings cloud your entire judgment and lead to loss.,1
decision_D_hwa_ex_wood,action,Completely let go of your instinctive judgment and decide nothing today.,1
decision_D_hwa_ex_wood,state,"Overheated emotions can spread into an irreparable conflict, and the fierce energy of change can cause all predictions to go astray.",1
decision_D_mok_df_earth,intro,It is a day when the range of judgment becomes extremely narrow and no choice is clear.,1
decision_D_mok_df_earth,effect,Limited vision obscures all important opportunities and leads to repeated misjudgments.,1
decision_D_mok_df_earth,action,Be sure to postpone important decisions until circumstances change.,1
decision_D_mok_df_earth,state,"Fear can completely stop you from taking action and even cause you to lose opportunities, and the thick cloudy energy can greatly slow down everything.",1
decision_D_mok_df_fire,intro,It is a day when the range of judgment becomes extremely narrow and no choice is clear.,1
decision_D_mok_df_fire,effect,Limited vision obscures all important opportunities and leads to repeated misjudgments.,1
decision_D_mok_df_fire,action,Be sure to postpone important decisions until circumstances change.,1
decision_D_mok_df_fire,state,"Fear can completely stop an action and even result in loss of opportunities, and strong positive energy can encourage impulses and lead to reckless actions.",1
decision_D_mok_df_water,intro,It is a day when the range of judgment becomes extremely narrow and no choice is clear.,1
decision_D_mok_df_water,effect,Limited vision obscures all important opportunities and leads to repeated misjudgments.,1
decision_D_mok_df_water,action,Be sure to postpone important decisions until circumstances change.,1
decision_D_mok_df_water,state,"Fear can completely stop you from taking action and even cause you to lose opportunities, and the force of heavy rain and snow can shake your emotions so much that it becomes difficult to control them.",1
decision_D_mok_df_wood,intro,It is a day when the range of judgment becomes extremely narrow and no choice is clear.,1
decision_D_mok_df_wood,effect,Limited vision obscures all important opportunities and leads to repeated misjudgments.,1
decision_D_mok_df_wood,action,Be sure to postpone important decisions until circumstances change.,1
decision_D_mok_df_wood,state,"Fear can completely stop action and even lead to loss of opportunities, and the fierce energy of change can cause all predictions to go astray.",1
decision_D_mok_ex_earth,intro,It is a day when the range of judgment becomes extremely narrow and no choice is clear.,1
decision_D_mok_ex_earth,effect,Limited vision obscures all important opportunities and leads to repeated misjudgments.,1
decision_D_mok_ex_earth,action,Be sure to postpone important decisions until circumstances change.,1
decision_D_mok_ex_earth,state,"Uncontrollable motivation can lead to unreasonable accidents, and thick cloudy energy can greatly slow down everything.",1
decision_D_mok_ex_fire,intro,It is a day when the range of judgment becomes extremely narrow and no choice is clear.,1
decision_D_mok_ex_fire,effect,Limited vision obscures all important opportunities and leads to repeated misjudgments.,1
decision_D_mok_ex_fire,action,Be sure to postpone important decisions until circumstances change.,1
decision_D_mok_ex_fire,state,"Uncontrollable motivation can lead to unreasonable accidents, and strong positive energy can encourage impulses and lead to reckless actions.",1
decision_D_mok_ex_water,intro,It is a day when the range of judgment becomes extremely narrow and no choice is clear.,1
decision_D_mok_ex_water,effect,Limited vision obscures all important opportunities and leads to repeated misjudgments.,1
decision_D_mok_ex_water,action,Be sure to postpone important decisions until circumstances change.,1
decision_D_mok_ex_water,state,"Uncontrollable motivation can lead to unreasonable accidents, and the force of heavy rain and snow can shake emotions violently, making control difficult.",1
decision_D_mok_ex_wood,intro,It is a day when the range of judgment becomes extremely narrow and no choice is clear.,1
decision_D_mok_ex_wood,effect,Limited vision obscures all important opportunities and leads to repeated misjudgments.,1
decision_D_mok_ex_wood,action,Be sure to postpone important decisions until circumstances change.,1
decision_D_mok_ex_wood,state,"Uncontrollable motivation can lead to unreasonable thinking, and the fierce energy of change can cause all predictions to go astray.",1
decision_D_su_df_earth,intro,It's a day when you completely lose the flow and find it difficult to get any timing.,1
decision_D_su_df_earth,effect,"Timing errors occur one after another, resulting in the worst possible outcome of the decision.",1
decision_D_su_df_earth,action,"Today, focus on protecting what you already have instead of making new decisions.",1
decision_D_su_df_earth,state,"A rigid attitude blocks all flow, making progress difficult, and thick, cloudy energy can greatly slow down everything.",1
decision_D_su_df_fire,intro,It's a day when you completely lose the flow and find it difficult to get any timing.,1
decision_D_su_df_fire,effect,"Timing errors occur one after another, resulting in the worst possible outcome of the decision.",1
decision_D_su_df_fire,action,"Today, focus on protecting what you already have instead of making new decisions.",1
decision_D_su_df_fire,state,"A rigid attitude blocks all flow, making progress difficult, and strong positive energy can encourage impulses and lead to reckless actions.",1
decision_D_su_df_water,intro,It's a day when you completely lose the flow and find it difficult to get any timing.,1
decision_D_su_df_water,effect,"Timing errors occur one after another, resulting in the worst possible outcome of the decision.",1
decision_D_su_df_water,action,"Today, focus on protecting what you already have instead of making new decisions.",1
decision_D_su_df_water,state,"A rigid attitude blocks all flow, making progress difficult, and the force of heavy rain and snow shakes emotions violently, making control difficult.",1
decision_D_su_df_wood,intro,It's a day when you completely lose the flow and find it difficult to get any timing.,1
decision_D_su_df_wood,effect,"Timing errors occur one after another, resulting in the worst possible outcome of the decision.",1
decision_D_su_df_wood,action,"Today, focus on protecting what you already have instead of making new decisions.",1
decision_D_su_df_wood,state,"A rigid attitude blocks all flow, making progress difficult, and the fierce energy of change can cause all predictions to go astray.",1
decision_D_su_ex_earth,intro,It's a day when you completely lose the flow and find it difficult to get any timing.,1
decision_D_su_ex_earth,effect,"Timing errors occur one after another, resulting in the worst possible outcome of the decision.",1
decision_D_su_ex_earth,action,"Today, focus on protecting what you already have instead of making new decisions.",1
decision_D_su_ex_earth,state,"The torrent of emotions can overwhelm reason and lead to big mistakes, and the thick, cloudy energy can greatly slow down everything.",1
decision_D_su_ex_fire,intro,It's a day when you completely lose the flow and find it difficult to get any timing.,1
decision_D_su_ex_fire,effect,"Timing errors occur one after another, resulting in the worst possible outcome of the decision.",1
decision_D_su_ex_fire,action,"Today, focus on protecting what you already have instead of making new decisions.",1
decision_D_su_ex_fire,state,"A torrent of emotions can overwhelm reason and lead to big mistakes, and strong positive energy can encourage impulses and lead to reckless actions.",1
decision_D_su_ex_water,intro,It's a day when you completely lose the flow and find it difficult to get any timing.,1
decision_D_su_ex_water,effect,"Timing errors occur one after another, resulting in the worst possible outcome of the decision.",1
decision_D_su_ex_water,action,"Today, focus on protecting what you already have instead of making new decisions.",1
decision_D_su_ex_water,state,"A torrent of emotions can overwhelm reason and lead to big mistakes, and the force of heavy rain and snow can shake emotions violently, making it difficult to control them.",1
decision_D_su_ex_wood,intro,It's a day when you completely lose the flow and find it difficult to get any timing.,1
decision_D_su_ex_wood,effect,"Timing errors occur one after another, resulting in the worst possible outcome of the decision.",1
decision_D_su_ex_wood,action,"Today, focus on protecting what you already have instead of making new decisions.",1
decision_D_su_ex_wood,state,"The torrent of emotions can overwhelm reason and lead to big mistakes, and the fierce energy of change can cause all predictions to go astray.",1
decision_D_to_df_earth,intro,"It is a day when both judgment and stability fall to the ground, making any decision dangerous.",1
decision_D_to_df_earth,effect,Unstable decisions lead to a series of bad results.,1
decision_D_to_df_earth,action,Stop judging today and focus on recovery.,1
decision_D_to_df_earth,state,"You can completely lose your balance and everything can go out of control, and the thick cloudy energy can greatly slow down everything.",1
decision_D_to_df_fire,intro,"It is a day when both judgment and stability fall to the ground, making any decision dangerous.",1
decision_D_to_df_fire,effect,Unstable decisions lead to a series of bad results.,1
decision_D_to_df_fire,action,Stop judging today and focus on recovery.,1
decision_D_to_df_fire,state,"If you completely lose your balance, everything can go out of control, and strong yang energy can encourage impulses and lead you to reckless actions.",1
decision_D_to_df_water,intro,"It is a day when both judgment and stability fall to the ground, making any decision dangerous.",1
decision_D_to_df_water,effect,Unstable decisions lead to a series of bad results.,1
decision_D_to_df_water,action,Stop judging today and focus on recovery.,1
decision_D_to_df_water,state,"You can completely lose your balance and everything can go out of control, and the force of heavy rain and snow can shake your emotions so much that it becomes difficult to control them.",1
decision_D_to_df_wood,intro,"It is a day when both judgment and stability fall to the ground, making any decision dangerous.",1
decision_D_to_df_wood,effect,Unstable decisions lead to a series of bad results.,1
decision_D_to_df_wood,action,Stop judging today and focus on recovery.,1
decision_D_to_df_wood,state,"If you completely lose your balance, everything can go out of control, and the violent energy of change can make all your predictions go astray.",1
decision_D_to_ex_earth,intro,"It is a day when both judgment and stability fall to the ground, making any decision dangerous.",1
decision_D_to_ex_earth,effect,Unstable decisions lead to a series of bad results.,1
decision_D_to_ex_earth,action,Stop judging today and focus on recovery.,1
decision_D_to_ex_earth,state,"Refusal to change can escalate a crisis and make recovery difficult, and a thick, cloudy atmosphere can greatly slow down everything.",1
decision_D_to_ex_fire,intro,"It is a day when both judgment and stability fall to the ground, making any decision dangerous.",1
decision_D_to_ex_fire,effect,Unstable decisions lead to a series of bad results.,1
decision_D_to_ex_fire,action,Stop judging today and focus on recovery.,1
decision_D_to_ex_fire,state,"Refusal to change can escalate the crisis and make recovery difficult, and strong positive energy can encourage impulses and lead to reckless actions.",1
decision_D_to_ex_water,intro,"It is a day when both judgment and stability fall to the ground, making any decision dangerous.",1
decision_D_to_ex_water,effect,Unstable decisions lead to a series of bad results.,1
decision_D_to_ex_water,action,Stop judging today and focus on recovery.,1
decision_D_to_ex_water,state,"Refusal to change can escalate the crisis and make recovery difficult, and the force of heavy rain and snow can shake emotions violently, making control difficult.",1
decision_D_to_ex_wood,intro,"It is a day when both judgment and stability fall to the ground, making any decision dangerous.",1
decision_D_to_ex_wood,effect,Unstable decisions lead to a series of bad results.,1
decision_D_to_ex_wood,action,Stop judging today and focus on recovery.,1
decision_D_to_ex_wood,state,"Refusal to change can escalate a crisis and make recovery difficult, and the fierce energy of change can cause all predictions to go astray.",1
money_A,intro,"Your financial flow may open up significantly today, leading to unexpected gains.",1
money_A,intro,"Today, you will be filled with the energy of wealth, and your planned profits will become reality.",1
money_A,effect,"Favorable situations can be created in investments or transactions, and results can be better than expected.",1
money_A,effect,There is a tendency to have financial freedom and the long-awaited financial flow tends to be released.,1
money_A,action,"Today, active financial decisions are more beneficial than conservative choices.",1
money_A,action,The key today is to not hesitate and take action if an opportunity comes into view.,1
money_A_geum_df_earth,intro,"It is a day when the flow of wealth opens without a hitch, bringing in greater profits than expected.",1
money_A_geum_df_earth,effect,They have keen financial sense and accurately spot profit opportunities.,1
money_A_geum_df_earth,action,You can boldly seize the opportunity for wealth that you see now.,1
money_A_geum_df_earth,state,"Calm judgment increases prudence, leading to deep insight, and calm energy increases prudence, leading to good results.",1
money_A_geum_df_fire,intro,"It is a day when the flow of wealth opens without a hitch, bringing in greater profits than expected.",1
money_A_geum_df_fire,effect,They have keen financial sense and accurately spot profit opportunities.,1
money_A_geum_df_fire,action,You can boldly seize the opportunity for wealth that you see now.,1
money_A_geum_df_fire,state,"Calm judgment increases prudence, leads to deep insight, and clear energy increases vitality and creates a good flow.",1
money_A_geum_df_water,intro,"It is a day when the flow of wealth opens without a hitch, bringing in greater profits than expected.",1
money_A_geum_df_water,effect,They have keen financial sense and accurately spot profit opportunities.,1
money_A_geum_df_water,action,You can boldly seize the opportunity for wealth that you see now.,1
money_A_geum_df_water,state,"Calm judgment increases prudence and leads to deep insight, and moist energy deeply refines the mind and opens clear vision.",1
money_A_geum_df_wood,intro,"It is a day when the flow of wealth opens without a hitch, bringing in greater profits than expected.",1
money_A_geum_df_wood,effect,They have keen financial sense and accurately spot profit opportunities.,1
money_A_geum_df_wood,action,You can boldly seize the opportunity for wealth that you see now.,1
money_A_geum_df_wood,state,"Calm judgment increases prudence, leads to deep insight, and dynamic energy opens up new possibilities.",1
money_A_geum_ex_earth,intro,"It is a day when the flow of wealth opens without a hitch, bringing in greater profits than expected.",1
money_A_geum_ex_earth,effect,They have keen financial sense and accurately spot profit opportunities.,1
money_A_geum_ex_earth,action,You can boldly seize the opportunity for wealth that you see now.,1
money_A_geum_ex_earth,state,"Sharp judgment penetrates to the core and leads to clear conclusions, and calm energy increases prudence, leading to good results.",1
money_A_geum_ex_fire,intro,"It is a day when the flow of wealth opens without a hitch, bringing in greater profits than expected.",1
money_A_geum_ex_fire,effect,They have keen financial sense and accurately spot profit opportunities.,1
money_A_geum_ex_fire,action,You can boldly seize the opportunity for wealth that you see now.,1
money_A_geum_ex_fire,state,"Sharp judgment penetrates the core and draws clear conclusions, and clear energy boosts vitality and creates a good flow.",1
money_A_geum_ex_water,intro,"It is a day when the flow of wealth opens without a hitch, bringing in greater profits than expected.",1
money_A_geum_ex_water,effect,They have keen financial sense and accurately spot profit opportunities.,1
money_A_geum_ex_water,action,You can boldly seize the opportunity for wealth that you see now.,1
money_A_geum_ex_water,state,"Sharp judgment penetrates the core and draws clear conclusions, and moist energy deeply refines the mind and opens clear vision.",1
money_A_geum_ex_wood,intro,"It is a day when the flow of wealth opens without a hitch, bringing in greater profits than expected.",1
money_A_geum_ex_wood,effect,They have keen financial sense and accurately spot profit opportunities.,1
money_A_geum_ex_wood,action,You can boldly seize the opportunity for wealth that you see now.,1
money_A_geum_ex_wood,state,"Sharp judgment penetrates to the core and draws clear conclusions, and dynamic energy opens up new possibilities.",1
money_A_hwa_df_earth,intro,It is a day when your instinct for wealth becomes outstanding and you quickly recognize opportunities to make money.,1
money_A_hwa_df_earth,effect,Intuitive judgment accurately matches the flow of wealth and leads to profit.,1
money_A_hwa_df_earth,action,Don't hesitate to make choices based on your feelings.,1
money_A_hwa_df_earth,state,"A calm inner self gives you the power to fully express your sincerity, and a calm energy increases prudence, leading to good results.",1
money_A_hwa_df_fire,intro,It is a day when your instinct for wealth becomes outstanding and you quickly recognize opportunities to make money.,1
money_A_hwa_df_fire,effect,Intuitive judgment accurately matches the flow of wealth and leads to profit.,1
money_A_hwa_df_fire,action,Don't hesitate to make choices based on your feelings.,1
money_A_hwa_df_fire,state,"A calm inner self gives you the power to fully express your sincerity, and clear energy boosts your vitality and creates a good flow.",1
money_A_hwa_df_water,intro,It is a day when your instinct for wealth becomes outstanding and you quickly recognize opportunities to make money.,1
money_A_hwa_df_water,effect,Intuitive judgment accurately matches the flow of wealth and leads to profit.,1
money_A_hwa_df_water,action,Don't hesitate to make choices based on your feelings.,1
money_A_hwa_df_water,state,"A calm inner self gives you the power to fully express your true feelings, and moist energy deeply refines your mind and opens up clear vision.",1
money_A_hwa_df_wood,intro,It is a day when your instinct for wealth becomes outstanding and you quickly recognize opportunities to make money.,1
money_A_hwa_df_wood,effect,Intuitive judgment accurately matches the flow of wealth and leads to profit.,1
money_A_hwa_df_wood,action,Don't hesitate to make choices based on your feelings.,1
money_A_hwa_df_wood,state,"A calm inner self gives you the power to fully express your sincerity, and dynamic energy opens up new possibilities.",1
money_A_hwa_ex_earth,intro,It is a day when your instinct for wealth becomes outstanding and you quickly recognize opportunities to make money.,1
money_A_hwa_ex_earth,effect,Intuitive judgment accurately matches the flow of wealth and leads to profit.,1
money_A_hwa_ex_earth,action,Don't hesitate to make choices based on your feelings.,1
money_A_hwa_ex_earth,state,"Overflowing passion greatly increases momentum and creates a good flow, and calm energy increases prudence, leading to good results.",1
money_A_hwa_ex_fire,intro,It is a day when your instinct for wealth becomes outstanding and you quickly recognize opportunities to make money.,1
money_A_hwa_ex_fire,effect,Intuitive judgment accurately matches the flow of wealth and leads to profit.,1
money_A_hwa_ex_fire,action,Don't hesitate to make choices based on your feelings.,1
money_A_hwa_ex_fire,state,"Overflowing passion greatly increases driving force and creates a good flow, and clear energy increases vitality and creates a good flow.",1
money_A_hwa_ex_water,intro,It is a day when your instinct for wealth becomes outstanding and you quickly recognize opportunities to make money.,1
money_A_hwa_ex_water,effect,Intuitive judgment accurately matches the flow of wealth and leads to profit.,1
money_A_hwa_ex_water,action,Don't hesitate to make choices based on your feelings.,1
money_A_hwa_ex_water,state,"The overflowing passion greatly increases the driving force and creates a good flow, and the moist energy deeply refines the mind and opens clear vision.",1
money_A_hwa_ex_wood,intro,It is a day when your instinct for wealth becomes outstanding and you quickly recognize opportunities to make money.,1
money_A_hwa_ex_wood,effect,Intuitive judgment accurately matches the flow of wealth and leads to profit.,1
money_A_hwa_ex_wood,action,Don't hesitate to make choices based on your feelings.,1
money_A_hwa_ex_wood,state,"Overflowing passion greatly increases driving force, creating a good flow, and dynamic energy opens up new possibilities.",1
money_A_mok_df_earth,intro,It is a day when the energy to expand wealth is at its peak and income comes in from many directions.,1
money_A_mok_df_earth,effect,"As various wealth channels are opened simultaneously, total profits increase significantly.",1
money_A_mok_df_earth,action,Actively explore new sources of income.,1
money_A_mok_df_earth,state,"A cautious approach actually creates a solid start, and a calm energy increases prudence, leading to good results.",1
money_A_mok_df_fire,intro,It is a day when the energy to expand wealth is at its peak and income comes in from many directions.,1
money_A_mok_df_fire,effect,"As various wealth channels are opened simultaneously, total profits increase significantly.",1
money_A_mok_df_fire,action,Actively explore new sources of income.,1
money_A_mok_df_fire,state,"A cautious approach actually creates a solid start, and clear energy boosts vitality and creates a good flow.",1
money_A_mok_df_water,intro,It is a day when the energy to expand wealth is at its peak and income comes in from many directions.,1
money_A_mok_df_water,effect,"As various wealth channels are opened simultaneously, total profits increase significantly.",1
money_A_mok_df_water,action,Actively explore new sources of income.,1
money_A_mok_df_water,state,"A cautious approach actually creates a solid start, and moist energy deeply refines the mind and opens clear vision.",1
money_A_mok_df_wood,intro,It is a day when the energy to expand wealth is at its peak and income comes in from many directions.,1
money_A_mok_df_wood,effect,"As various wealth channels are opened simultaneously, total profits increase significantly.",1
money_A_mok_df_wood,action,Actively explore new sources of income.,1
money_A_mok_df_wood,state,"A cautious approach creates a solid start, and dynamic energy opens up new possibilities.",1
money_A_mok_ex_earth,intro,It is a day when the energy to expand wealth is at its peak and income comes in from many directions.,1
money_A_mok_ex_earth,effect,"As various wealth channels are opened simultaneously, total profits increase significantly.",1
money_A_mok_ex_earth,action,Actively explore new sources of income.,1
money_A_mok_ex_earth,state,"A strong will actively opens up new opportunities, and a calm energy increases prudence, leading to good results.",1
money_A_mok_ex_fire,intro,It is a day when the energy to expand wealth is at its peak and income comes in from many directions.,1
money_A_mok_ex_fire,effect,"As various wealth channels are opened simultaneously, total profits increase significantly.",1
money_A_mok_ex_fire,action,Actively explore new sources of income.,1
money_A_mok_ex_fire,state,"A strong will actively opens up new opportunities, and clear energy increases vitality and creates a good flow.",1
money_A_mok_ex_water,intro,It is a day when the energy to expand wealth is at its peak and income comes in from many directions.,1
money_A_mok_ex_water,effect,"As various wealth channels are opened simultaneously, total profits increase significantly.",1
money_A_mok_ex_water,action,Actively explore new sources of income.,1
money_A_mok_ex_water,state,"A strong will actively opens up new opportunities, and moist energy deeply refines the mind and opens clear vision.",1
money_A_mok_ex_wood,intro,It is a day when the energy to expand wealth is at its peak and income comes in from many directions.,1
money_A_mok_ex_wood,effect,"As various wealth channels are opened simultaneously, total profits increase significantly.",1
money_A_mok_ex_wood,action,Actively explore new sources of income.,1
money_A_mok_ex_wood,state,"A strong will actively opens up new opportunities, and a dynamic energy opens up new possibilities.",1
money_A_su_df_earth,intro,This is a day when money comes in at a good time because you have an excellent sense of riding the flow of wealth.,1
money_A_su_df_earth,effect,A decision to go with the flow produces results that exceed expectations.,1
money_A_su_df_earth,action,Don't miss the timing and act proactively.,1
money_A_su_df_earth,state,"A solid center helps you maintain your direction without wavering, and a calm energy increases prudence, leading to good results.",1
money_A_su_df_fire,intro,This is a day when money comes in at a good time because you have an excellent sense of riding the flow of wealth.,1
money_A_su_df_fire,effect,A decision to go with the flow produces results that exceed expectations.,1
money_A_su_df_fire,action,Don't miss the timing and act proactively.,1
money_A_su_df_fire,state,"A solid center keeps you in the right direction without wavering, and clear energy boosts vitality and creates a good flow.",1
money_A_su_df_water,intro,This is a day when money comes in at a good time because you have an excellent sense of riding the flow of wealth.,1
money_A_su_df_water,effect,A decision to go with the flow produces results that exceed expectations.,1
money_A_su_df_water,action,Don't miss the timing and act proactively.,1
money_A_su_df_water,state,"A solid center helps you keep your direction without wavering, and moist energy deeply refines your mind and opens up clear vision.",1
money_A_su_df_wood,intro,This is a day when money comes in at a good time because you have an excellent sense of riding the flow of wealth.,1
money_A_su_df_wood,effect,A decision to go with the flow produces results that exceed expectations.,1
money_A_su_df_wood,action,Don't miss the timing and act proactively.,1
money_A_su_df_wood,state,"A solid center maintains the direction without wavering, and dynamic energy opens up new possibilities.",1
money_A_su_ex_earth,intro,This is a day when money comes in at a good time because you have an excellent sense of riding the flow of wealth.,1
money_A_su_ex_earth,effect,A decision to go with the flow produces results that exceed expectations.,1
money_A_su_ex_earth,action,Don't miss the timing and act proactively.,1
money_A_su_ex_earth,state,"Rich sensitivity leads to deep insight and helps in good judgment, and calm energy increases prudence, leading to good results.",1
money_A_su_ex_fire,intro,This is a day when money comes in at a good time because you have an excellent sense of riding the flow of wealth.,1
money_A_su_ex_fire,effect,A decision to go with the flow produces results that exceed expectations.,1
money_A_su_ex_fire,action,Don't miss the timing and act proactively.,1
money_A_su_ex_fire,state,"Rich sensitivity leads to deep insight and helps in making good decisions, and clear energy increases vitality and creates a good flow.",1
money_A_su_ex_water,intro,This is a day when money comes in at a good time because you have an excellent sense of riding the flow of wealth.,1
money_A_su_ex_water,effect,A decision to go with the flow produces results that exceed expectations.,1
money_A_su_ex_water,action,Don't miss the timing and act proactively.,1
money_A_su_ex_water,state,"Rich sensitivity leads to deep insight and helps in good judgment, and moist energy deeply refines the mind and opens clear vision.",1
money_A_su_ex_wood,intro,This is a day when money comes in at a good time because you have an excellent sense of riding the flow of wealth.,1
money_A_su_ex_wood,effect,A decision to go with the flow produces results that exceed expectations.,1
money_A_su_ex_wood,action,Don't miss the timing and act proactively.,1
money_A_su_ex_wood,state,"Rich sensitivity leads to deep insight and helps in making good decisions, and dynamic energy opens up new possibilities.",1
money_A_to_df_earth,intro,It is a day when a stable financial foundation is solidly formed and income is maintained steadily.,1
money_A_to_df_earth,effect,The unwavering flow of wealth guarantees stable expected income.,1
money_A_to_df_earth,action,Increase your wealth base by focusing on stable investments or savings.,1
money_A_to_df_earth,state,"A flexible attitude allows you to naturally accept new trends, and a calm energy increases prudence, leading to good results.",1
money_A_to_df_fire,intro,It is a day when a stable financial foundation is solidly formed and income is maintained steadily.,1
money_A_to_df_fire,effect,The unwavering flow of wealth guarantees stable expected income.,1
money_A_to_df_fire,action,Increase your wealth base by focusing on stable investments or savings.,1
money_A_to_df_fire,state,"A flexible attitude allows you to naturally accept new trends, and clear energy increases vitality and creates a good flow.",1
money_A_to_df_water,intro,It is a day when a stable financial foundation is solidly formed and income is maintained steadily.,1
money_A_to_df_water,effect,The unwavering flow of wealth guarantees stable expected income.,1
money_A_to_df_water,action,Increase your wealth base by focusing on stable investments or savings.,1
money_A_to_df_water,state,"A flexible attitude allows you to naturally accept new trends, and moist energy deeply refines your mind and opens up clear vision.",1
money_A_to_df_wood,intro,It is a day when a stable financial foundation is solidly formed and income is maintained steadily.,1
money_A_to_df_wood,effect,The unwavering flow of wealth guarantees stable expected income.,1
money_A_to_df_wood,action,Increase your wealth base by focusing on stable investments or savings.,1
money_A_to_df_wood,state,"A flexible attitude allows you to naturally accept new trends, and a dynamic energy opens up new possibilities.",1
money_A_to_ex_earth,intro,It is a day when a stable financial foundation is solidly formed and income is maintained steadily.,1
money_A_to_ex_earth,effect,The unwavering flow of wealth guarantees stable expected income.,1
money_A_to_ex_earth,action,Increase your wealth base by focusing on stable investments or savings.,1
money_A_to_ex_earth,state,"A strong sense of stability becomes a solid foundation for everything, and a calm energy increases prudence, leading to good results.",1
money_A_to_ex_fire,intro,It is a day when a stable financial foundation is solidly formed and income is maintained steadily.,1
money_A_to_ex_fire,effect,The unwavering flow of wealth guarantees stable expected income.,1
money_A_to_ex_fire,action,Increase your wealth base by focusing on stable investments or savings.,1
money_A_to_ex_fire,state,"A strong sense of stability becomes a solid foundation for everything, and clear energy boosts vitality and creates a good flow.",1
money_A_to_ex_water,intro,It is a day when a stable financial foundation is solidly formed and income is maintained steadily.,1
money_A_to_ex_water,effect,The unwavering flow of wealth guarantees stable expected income.,1
money_A_to_ex_water,action,Increase your wealth base by focusing on stable investments or savings.,1
money_A_to_ex_water,state,"A strong sense of stability becomes a solid foundation for everything, and moist energy deeply refines the mind and opens clear vision.",1
money_A_to_ex_wood,intro,It is a day when a stable financial foundation is solidly formed and income is maintained steadily.,1
money_A_to_ex_wood,effect,The unwavering flow of wealth guarantees stable expected income.,1
money_A_to_ex_wood,action,Increase your wealth base by focusing on stable investments or savings.,1
money_A_to_ex_wood,state,"A strong sense of stability provides a solid foundation for everything, and dynamic energy opens up new possibilities.",1
money_B,intro,Today is a day when money flows smoothly and you can balance your finances well.,1
money_B,intro,"Today, your financial energy is stable and your income and expenses are in balance.",1
money_B,effect,A positive trend continues as expected revenue comes in or expenses decrease.,1
money_B,effect,"The flow of wealth is lively, so if you take advantage of small opportunities, you can make a lot of money.",1
money_B,action,You can maximize your financial fortune today by organizing your earned money well and reducing unnecessary spending.,1
money_B,action,"If you have a new financial idea, today is a good day to review it.",1
money_B_geum_df_earth,intro,It is a day when wealth flows smoothly and stable income is maintained.,1
money_B_geum_df_earth,effect,Financial flows are balanced and profits are generated within the expected range.,1
money_B_geum_df_earth,action,Focus on stable financial management rather than excessive investments.,1
money_B_geum_df_earth,state,"Even if your determination becomes somewhat dull, the flow of daily life continues smoothly, and the cloudy energy adds to the calm atmosphere, creating a sense of tranquility.",1
money_B_geum_df_fire,intro,It is a day when wealth flows smoothly and stable income is maintained.,1
money_B_geum_df_fire,effect,Financial flows are balanced and profits are generated within the expected range.,1
money_B_geum_df_fire,action,Focus on stable financial management rather than excessive investments.,1
money_B_geum_df_fire,state,"Even if your determination becomes somewhat dull, the flow of your daily life continues smoothly, and the clear energy adds light vitality, creating a smooth flow.",1
money_B_geum_df_water,intro,It is a day when wealth flows smoothly and stable income is maintained.,1
money_B_geum_df_water,effect,Financial flows are balanced and profits are generated within the expected range.,1
money_B_geum_df_water,action,Focus on stable financial management rather than excessive investments.,1
money_B_geum_df_water,state,"Even if your determination becomes somewhat dull, the flow of your daily life continues smoothly, and the moist energy adds a calm lingering feeling to your emotions.",1
money_B_geum_df_wood,intro,It is a day when wealth flows smoothly and stable income is maintained.,1
money_B_geum_df_wood,effect,Financial flows are balanced and profits are generated within the expected range.,1
money_B_geum_df_wood,action,Focus on stable financial management rather than excessive investments.,1
money_B_geum_df_wood,state,"Even if your determination becomes somewhat dull, the flow of daily life continues smoothly and the slight energy of change adds appropriate stimulation.",1
money_B_geum_ex_earth,intro,It is a day when wealth flows smoothly and stable income is maintained.,1
money_B_geum_ex_earth,effect,Financial flows are balanced and profits are generated within the expected range.,1
money_B_geum_ex_earth,action,Focus on stable financial management rather than excessive investments.,1
money_B_geum_ex_earth,state,"Analytical judgment flows naturally at the usual pace, and the cloudy energy adds to the calm atmosphere, creating a sense of tranquility.",1
money_B_geum_ex_fire,intro,It is a day when wealth flows smoothly and stable income is maintained.,1
money_B_geum_ex_fire,effect,Financial flows are balanced and profits are generated within the expected range.,1
money_B_geum_ex_fire,action,Focus on stable financial management rather than excessive investments.,1
money_B_geum_ex_fire,state,"Analytical judgment naturally follows the usual pace, and the clear energy adds light vitality, creating a smooth flow.",1
money_B_geum_ex_water,intro,It is a day when wealth flows smoothly and stable income is maintained.,1
money_B_geum_ex_water,effect,Financial flows are balanced and profits are generated within the expected range.,1
money_B_geum_ex_water,action,Focus on stable financial management rather than excessive investments.,1
money_B_geum_ex_water,state,"Analytical judgment flows naturally at your usual pace, and the moist energy adds a calm lingering feeling to your emotions.",1
money_B_geum_ex_wood,intro,It is a day when wealth flows smoothly and stable income is maintained.,1
money_B_geum_ex_wood,effect,Financial flows are balanced and profits are generated within the expected range.,1
money_B_geum_ex_wood,action,Focus on stable financial management rather than excessive investments.,1
money_B_geum_ex_wood,state,"Analytical judgment naturally follows the usual pace, and the slight energy of change adds appropriate stimulation.",1
money_B_hwa_df_earth,intro,It is a day when you have a good sense of wealth and make fewer mistakes in money-related decisions.,1
money_B_hwa_df_earth,effect,Intuitive wealth judgment produces above-average results.,1
money_B_hwa_df_earth,action,Use your sense of wealth to actively seize good opportunities.,1
money_B_hwa_df_earth,state,"Even though expressions are restrained, the stability of the relationship is easily maintained, and the cloudy energy adds to the calm atmosphere, leading to a sense of tranquility.",1
money_B_hwa_df_fire,intro,It is a day when you have a good sense of wealth and make fewer mistakes in money-related decisions.,1
money_B_hwa_df_fire,effect,Intuitive wealth judgment produces above-average results.,1
money_B_hwa_df_fire,action,Use your sense of wealth to actively seize good opportunities.,1
money_B_hwa_df_fire,state,"Even if expressions are restrained, the stability of the relationship is easily maintained, and the clear energy adds light vitality, creating a smooth flow.",1
money_B_hwa_df_water,intro,It is a day when you have a good sense of wealth and make fewer mistakes in money-related decisions.,1
money_B_hwa_df_water,effect,Intuitive wealth judgment produces above-average results.,1
money_B_hwa_df_water,action,Use your sense of wealth to actively seize good opportunities.,1
money_B_hwa_df_water,state,"Even if expressions are restrained, the stability of the relationship is easily maintained, and the moist energy adds a calm lingering feeling to the emotions.",1
money_B_hwa_df_wood,intro,It is a day when you have a good sense of wealth and make fewer mistakes in money-related decisions.,1
money_B_hwa_df_wood,effect,Intuitive wealth judgment produces above-average results.,1
money_B_hwa_df_wood,action,Use your sense of wealth to actively seize good opportunities.,1
money_B_hwa_df_wood,state,"Even if expressions are restrained, the stability of the relationship is easily maintained, and the slight energy of change adds appropriate stimulation.",1
money_B_hwa_ex_earth,intro,It is a day when you have a good sense of wealth and make fewer mistakes in money-related decisions.,1
money_B_hwa_ex_earth,effect,Intuitive wealth judgment produces above-average results.,1
money_B_hwa_ex_earth,action,Use your sense of wealth to actively seize good opportunities.,1
money_B_hwa_ex_earth,state,"Passion is alive, but balance is also maintained, leading to a stable day, and the cloudy energy adds a calm atmosphere, leading to serenity.",1
money_B_hwa_ex_fire,intro,It is a day when you have a good sense of wealth and make fewer mistakes in money-related decisions.,1
money_B_hwa_ex_fire,effect,Intuitive wealth judgment produces above-average results.,1
money_B_hwa_ex_fire,action,Use your sense of wealth to actively seize good opportunities.,1
money_B_hwa_ex_fire,state,"Passion remains alive and balance is maintained, leading to a stable day, and clear energy adds light vitality, creating a smooth flow.",1
money_B_hwa_ex_water,intro,It is a day when you have a good sense of wealth and make fewer mistakes in money-related decisions.,1
money_B_hwa_ex_water,effect,Intuitive wealth judgment produces above-average results.,1
money_B_hwa_ex_water,action,Use your sense of wealth to actively seize good opportunities.,1
money_B_hwa_ex_water,state,"Passion remains alive and balance is maintained, leading to a stable day, and the moist energy adds a calm lingering feeling to the emotions.",1
money_B_hwa_ex_wood,intro,It is a day when you have a good sense of wealth and make fewer mistakes in money-related decisions.,1
money_B_hwa_ex_wood,effect,Intuitive wealth judgment produces above-average results.,1
money_B_hwa_ex_wood,action,Use your sense of wealth to actively seize good opportunities.,1
money_B_hwa_ex_wood,state,"Passion is alive and balanced, leading to a stable day, and the slight energy of change adds appropriate stimulation.",1
money_B_mok_df_earth,intro,It is a day when wealth gradually increases.,1
money_B_mok_df_earth,effect,Steady expansion of wealth leads to an increase in overall income.,1
money_B_mok_df_earth,action,Start investing or saving for long-term wealth growth.,1
money_B_mok_df_earth,state,"Even if you are cautious about trying new things, your daily life flows steadily, and the cloudy energy adds to the calm atmosphere, leading to a sense of tranquility.",1
money_B_mok_df_fire,intro,It is a day when wealth gradually increases.,1
money_B_mok_df_fire,effect,Steady expansion of wealth leads to an increase in overall income.,1
money_B_mok_df_fire,action,Start investing or saving for long-term wealth growth.,1
money_B_mok_df_fire,state,"Even if you are cautious when trying new things, your daily life flows steadily, and the clear energy adds light vitality, creating a smooth flow.",1
money_B_mok_df_water,intro,It is a day when wealth gradually increases.,1
money_B_mok_df_water,effect,Steady expansion of wealth leads to an increase in overall income.,1
money_B_mok_df_water,action,Start investing or saving for long-term wealth growth.,1
money_B_mok_df_water,state,"Even if you are cautious about trying new things, your daily life flows steadily and the moist energy adds a calm lingering feeling to your emotions.",1
money_B_mok_df_wood,intro,It is a day when wealth gradually increases.,1
money_B_mok_df_wood,effect,Steady expansion of wealth leads to an increase in overall income.,1
money_B_mok_df_wood,action,Start investing or saving for long-term wealth growth.,1
money_B_mok_df_wood,state,"Even if you are cautious about trying new things, your daily life flows steadily and the slight energy of change adds appropriate stimulation.",1
money_B_mok_ex_earth,intro,It is a day when wealth gradually increases.,1
money_B_mok_ex_earth,effect,Steady expansion of wealth leads to an increase in overall income.,1
money_B_mok_ex_earth,action,Start investing or saving for long-term wealth growth.,1
money_B_mok_ex_earth,state,"Steady motivation makes progress step by step, and the cloudy energy adds to the calm atmosphere, leading to tranquility.",1
money_B_mok_ex_fire,intro,It is a day when wealth gradually increases.,1
money_B_mok_ex_fire,effect,Steady expansion of wealth leads to an increase in overall income.,1
money_B_mok_ex_fire,action,Start investing or saving for long-term wealth growth.,1
money_B_mok_ex_fire,state,"Steady motivation makes progress step by step, and clear energy adds light vitality, creating a smooth flow.",1
money_B_mok_ex_water,intro,It is a day when wealth gradually increases.,1
money_B_mok_ex_water,effect,Steady expansion of wealth leads to an increase in overall income.,1
money_B_mok_ex_water,action,Start investing or saving for long-term wealth growth.,1
money_B_mok_ex_water,state,"Steady motivation makes progress step by step, and the moist energy adds a calm lingering feeling to the emotions.",1
money_B_mok_ex_wood,intro,It is a day when wealth gradually increases.,1
money_B_mok_ex_wood,effect,Steady expansion of wealth leads to an increase in overall income.,1
money_B_mok_ex_wood,action,Start investing or saving for long-term wealth growth.,1
money_B_mok_ex_wood,state,"Steady motivation makes ordinary progress step by step, and the weak energy of change adds appropriate stimulation.",1
money_B_su_df_earth,intro,It is a day when wealth flows naturally and the money you need comes in.,1
money_B_su_df_earth,effect,Making financial decisions that fit the flow creates stable profits without loss.,1
money_B_su_df_earth,action,Maintain the current flow and manage your wealth without overdoing it.,1
money_B_su_df_earth,state,"Although flexibility is somewhat lacking, the basic rhythm is maintained without difficulty, and the cloudy energy adds a calm atmosphere, leading to a sense of tranquility.",1
money_B_su_df_fire,intro,It is a day when wealth flows naturally and the money you need comes in.,1
money_B_su_df_fire,effect,Making financial decisions that fit the flow creates stable profits without loss.,1
money_B_su_df_fire,action,Maintain the current flow and manage your wealth without overdoing it.,1
money_B_su_df_fire,state,"Although flexibility is somewhat lacking, the basic rhythm is maintained without difficulty, and the clear energy adds light vitality, creating a smooth flow.",1
money_B_su_df_water,intro,It is a day when wealth flows naturally and the money you need comes in.,1
money_B_su_df_water,effect,Making financial decisions that fit the flow creates stable profits without loss.,1
money_B_su_df_water,action,Maintain the current flow and manage your wealth without overdoing it.,1
money_B_su_df_water,state,"Although it lacks flexibility, the basic rhythm is maintained without difficulty, and the moist energy adds a calm lingering feeling to the emotions.",1
money_B_su_df_wood,intro,It is a day when wealth flows naturally and the money you need comes in.,1
money_B_su_df_wood,effect,Making financial decisions that fit the flow creates stable profits without loss.,1
money_B_su_df_wood,action,Maintain the current flow and manage your wealth without overdoing it.,1
money_B_su_df_wood,state,"Although flexibility is somewhat lacking, the basic rhythm is maintained without difficulty, and the slight energy of change adds appropriate stimulation.",1
money_B_su_ex_earth,intro,It is a day when wealth flows naturally and the money you need comes in.,1
money_B_su_ex_earth,effect,Making financial decisions that fit the flow creates stable profits without loss.,1
money_B_su_ex_earth,action,Maintain the current flow and manage your wealth without overdoing it.,1
money_B_su_ex_earth,state,"The day is full of emotions, making it a more attentive day than usual, and the cloudy energy adds a calm atmosphere, leading to a sense of tranquility.",1
money_B_su_ex_fire,intro,It is a day when wealth flows naturally and the money you need comes in.,1
money_B_su_ex_fire,effect,Making financial decisions that fit the flow creates stable profits without loss.,1
money_B_su_ex_fire,action,Maintain the current flow and manage your wealth without overdoing it.,1
money_B_su_ex_fire,state,"The day is rich in emotions, making it a more attentive day than usual, and the clear energy adds light vitality, creating a smooth flow.",1
money_B_su_ex_water,intro,It is a day when wealth flows naturally and the money you need comes in.,1
money_B_su_ex_water,effect,Making financial decisions that fit the flow creates stable profits without loss.,1
money_B_su_ex_water,action,Maintain the current flow and manage your wealth without overdoing it.,1
money_B_su_ex_water,state,"The day is full of emotions, making you more attentive than usual, and the moist energy adds a calming aftertaste to your emotions.",1
money_B_su_ex_wood,intro,It is a day when wealth flows naturally and the money you need comes in.,1
money_B_su_ex_wood,effect,Making financial decisions that fit the flow creates stable profits without loss.,1
money_B_su_ex_wood,action,Maintain the current flow and manage your wealth without overdoing it.,1
money_B_su_ex_wood,state,"The day is full of emotions, making it a more attentive day than usual, and the slight energy of change adds appropriate stimulation.",1
money_B_to_df_earth,intro,It is a day when financial stability is maintained and expenditure and income are balanced.,1
money_B_to_df_earth,effect,A stable financial base can withstand unexpected expenses.,1
money_B_to_df_earth,action,Minimize your spending and maintain a stable financial base.,1
money_B_to_df_earth,state,"Even if the center of gravity is somewhat shaken, the balance of daily life is maintained without much trouble, and the cloudy energy adds to the calm atmosphere, leading to a sense of tranquility.",1
money_B_to_df_fire,intro,It is a day when financial stability is maintained and expenditure and income are balanced.,1
money_B_to_df_fire,effect,A stable financial base can withstand unexpected expenses.,1
money_B_to_df_fire,action,Minimize your spending and maintain a stable financial base.,1
money_B_to_df_fire,state,"Even if the center of gravity is somewhat shaken, the balance of daily life is maintained without much trouble, and the clear energy adds light vitality, creating a smooth flow.",1
money_B_to_df_water,intro,It is a day when financial stability is maintained and expenditure and income are balanced.,1
money_B_to_df_water,effect,A stable financial base can withstand unexpected expenses.,1
money_B_to_df_water,action,Minimize your spending and maintain a stable financial base.,1
money_B_to_df_water,state,"Even if your center of gravity is somewhat shaken, the balance of your daily life is maintained without much trouble, and the moist energy adds a calm lingering feeling to your emotions.",1
money_B_to_df_wood,intro,It is a day when financial stability is maintained and expenditure and income are balanced.,1
money_B_to_df_wood,effect,A stable financial base can withstand unexpected expenses.,1
money_B_to_df_wood,action,Minimize your spending and maintain a stable financial base.,1
money_B_to_df_wood,state,"Even if the center is somewhat shaken, the balance of daily life is maintained without much trouble, and the slight energy of change adds appropriate stimulation.",1
money_B_to_ex_earth,intro,It is a day when financial stability is maintained and expenditure and income are balanced.,1
money_B_to_ex_earth,effect,A stable financial base can withstand unexpected expenses.,1
money_B_to_ex_earth,action,Minimize your spending and maintain a stable financial base.,1
money_B_to_ex_earth,state,"It has a strong tendency toward stability, so it continues into a calm day without any problems, and the cloudy energy adds to the calm atmosphere, leading to serenity.",1
money_B_to_ex_fire,intro,It is a day when financial stability is maintained and expenditure and income are balanced.,1
money_B_to_ex_fire,effect,A stable financial base can withstand unexpected expenses.,1
money_B_to_ex_fire,action,Minimize your spending and maintain a stable financial base.,1
money_B_to_ex_fire,state,"It has a strong tendency toward stability, so it continues smoothly into a calm day, and the clear energy adds light vitality, creating a smooth flow.",1
money_B_to_ex_water,intro,It is a day when financial stability is maintained and expenditure and income are balanced.,1
money_B_to_ex_water,effect,A stable financial base can withstand unexpected expenses.,1
money_B_to_ex_water,action,Minimize your spending and maintain a stable financial base.,1
money_B_to_ex_water,state,"It has a strong stability-oriented nature, so it can easily lead to a calm day, and the moist energy adds a calming aftertaste to the emotions.",1
money_B_to_ex_wood,intro,It is a day when financial stability is maintained and expenditure and income are balanced.,1
money_B_to_ex_wood,effect,A stable financial base can withstand unexpected expenses.,1
money_B_to_ex_wood,action,Minimize your spending and maintain a stable financial base.,1
money_B_to_ex_wood,state,"The stability-orientation is strong, so it continues smoothly into a calm day, and the slight energy of change adds appropriate stimulation.",1
money_B1,intro,"Today, wealth energy will flow steadily and you will be able to maintain balance without major losses.",1
money_B1,intro,"Money flow is normal today, so there is an opportunity to make small profits.",1
money_B1,effect,Financial stability can be maintained by maintaining a relatively balanced income and expenditure.,1
money_B1,effect,Opportunities for small profits or savings come naturally.,1
money_B1,action,Keep your finances in check and practice small savings habits.,1
money_B1,action,Just watching your spending carefully is enough to take advantage of today's wealth.,1
money_B1_geum_df_earth,intro,"The flow of money will be normal, but some unexpected expenses may arise.",1
money_B1_geum_df_earth,effect,Part of the money flow may be blocked and profits may fall short of expectations.,1
money_B1_geum_df_earth,action,Reduce unnecessary spending and manage your finances thoroughly.,1
money_B1_geum_df_earth,state,"Although I am slow to make decisions, the day continues without much hesitation, and the cloudy energy helps me maintain an easy pace.",1
money_B1_geum_df_fire,intro,"The flow of money will be normal, but some unexpected expenses may arise.",1
money_B1_geum_df_fire,effect,Part of the money flow may be blocked and profits may fall short of expectations.,1
money_B1_geum_df_fire,action,Reduce unnecessary spending and manage your finances thoroughly.,1
money_B1_geum_df_fire,state,"Although I am slow to make decisions, the day goes on without much hesitation, and the clear energy adds calm vitality, leading to a normal day.",1
money_B1_geum_df_water,intro,"The flow of money will be normal, but some unexpected expenses may arise.",1
money_B1_geum_df_water,effect,Part of the money flow may be blocked and profits may fall short of expectations.,1
money_B1_geum_df_water,action,Reduce unnecessary spending and manage your finances thoroughly.,1
money_B1_geum_df_water,state,"Although I am slow to make decisions, the day goes on without much hesitation, and the moist energy increases my thoughts but does not cause much agitation.",1
money_B1_geum_df_wood,intro,"The flow of money will be normal, but some unexpected expenses may arise.",1
money_B1_geum_df_wood,effect,Part of the money flow may be blocked and profits may fall short of expectations.,1
money_B1_geum_df_wood,action,Reduce unnecessary spending and manage your finances thoroughly.,1
money_B1_geum_df_wood,state,"The decision may be slow, but the day goes on without much hesitation, and the calm energy of change only slightly shakes the normal flow.",1
money_B1_geum_ex_earth,intro,"The flow of money will be normal, but some unexpected expenses may arise.",1
money_B1_geum_ex_earth,effect,Part of the money flow may be blocked and profits may fall short of expectations.,1
money_B1_geum_ex_earth,action,Reduce unnecessary spending and manage your finances thoroughly.,1
money_B1_geum_ex_earth,state,"The judgment is clear, but it ends with a mediocre result, and the cloudy energy helps maintain a decent pace.",1
money_B1_geum_ex_fire,intro,"The flow of money will be normal, but some unexpected expenses may arise.",1
money_B1_geum_ex_fire,effect,Part of the money flow may be blocked and profits may fall short of expectations.,1
money_B1_geum_ex_fire,action,Reduce unnecessary spending and manage your finances thoroughly.,1
money_B1_geum_ex_fire,state,"The judgment is clear, but it ends with an ordinary result, and the clear energy adds calm vitality and continues the ordinary day.",1
money_B1_geum_ex_water,intro,"The flow of money will be normal, but some unexpected expenses may arise.",1
money_B1_geum_ex_water,effect,Part of the money flow may be blocked and profits may fall short of expectations.,1
money_B1_geum_ex_water,action,Reduce unnecessary spending and manage your finances thoroughly.,1
money_B1_geum_ex_water,state,"The judgment is clear but ends with a simple result, and the moist energy increases thoughts but does not cause much agitation.",1
money_B1_geum_ex_wood,intro,"The flow of money will be normal, but some unexpected expenses may arise.",1
money_B1_geum_ex_wood,effect,Part of the money flow may be blocked and profits may fall short of expectations.,1
money_B1_geum_ex_wood,action,Reduce unnecessary spending and manage your finances thoroughly.,1
money_B1_geum_ex_wood,state,"The judgment is clear, but it ends with a mediocre result, and the calm energy of change does little more than slightly shake up the normal flow.",1
money_B1_hwa_df_earth,intro,"Your financial intuition is not perfect, so you need to be careful about impulsive financial decisions.",1
money_B1_hwa_df_earth,effect,Sensory financial decisions can produce results that are different from what you expect.,1
money_B1_hwa_df_earth,action,Make financial decisions based on planning rather than impulse.,1
money_B1_hwa_df_earth,state,"Although there is little expression, the relationship is not greatly shaken, and the cloudy energy helps maintain an easy pace.",1
money_B1_hwa_df_fire,intro,"Your financial intuition is not perfect, so you need to be careful about impulsive financial decisions.",1
money_B1_hwa_df_fire,effect,Sensory financial decisions can produce results that are different from what you expect.,1
money_B1_hwa_df_fire,action,Make financial decisions based on planning rather than impulse.,1
money_B1_hwa_df_fire,state,"Although there are few expressions, the relationship is not greatly shaken, and the clear energy adds calm vitality and continues an ordinary day.",1
money_B1_hwa_df_water,intro,"Your financial intuition is not perfect, so you need to be careful about impulsive financial decisions.",1
money_B1_hwa_df_water,effect,Sensory financial decisions can produce results that are different from what you expect.,1
money_B1_hwa_df_water,action,Make financial decisions based on planning rather than impulse.,1
money_B1_hwa_df_water,state,"Although there are few expressions, the relationship is not greatly shaken, and the moist energy increases thoughts, but does not cause much agitation.",1
money_B1_hwa_df_wood,intro,"Your financial intuition is not perfect, so you need to be careful about impulsive financial decisions.",1
money_B1_hwa_df_wood,effect,Sensory financial decisions can produce results that are different from what you expect.,1
money_B1_hwa_df_wood,action,Make financial decisions based on planning rather than impulse.,1
money_B1_hwa_df_wood,state,"Although there is little expression, the relationship is not greatly shaken, and the calm energy of change is only enough to slightly shake the normal flow.",1
money_B1_hwa_ex_earth,intro,"Your financial intuition is not perfect, so you need to be careful about impulsive financial decisions.",1
money_B1_hwa_ex_earth,effect,Sensory financial decisions can produce results that are different from what you expect.,1
money_B1_hwa_ex_earth,action,Make financial decisions based on planning rather than impulse.,1
money_B1_hwa_ex_earth,state,"The moderate heat makes for a smooth day, and the cloudy energy helps you maintain an easy pace.",1
money_B1_hwa_ex_fire,intro,"Your financial intuition is not perfect, so you need to be careful about impulsive financial decisions.",1
money_B1_hwa_ex_fire,effect,Sensory financial decisions can produce results that are different from what you expect.,1
money_B1_hwa_ex_fire,action,Make financial decisions based on planning rather than impulse.,1
money_B1_hwa_ex_fire,state,"The moderate heat creates a smooth day, and the clear energy adds calm vitality and continues the ordinary day.",1
money_B1_hwa_ex_water,intro,"Your financial intuition is not perfect, so you need to be careful about impulsive financial decisions.",1
money_B1_hwa_ex_water,effect,Sensory financial decisions can produce results that are different from what you expect.,1
money_B1_hwa_ex_water,action,Make financial decisions based on planning rather than impulse.,1
money_B1_hwa_ex_water,state,"The moderate heat makes for a smooth day, and the moist energy increases your thoughts but doesn't cause much agitation.",1
money_B1_hwa_ex_wood,intro,"Your financial intuition is not perfect, so you need to be careful about impulsive financial decisions.",1
money_B1_hwa_ex_wood,effect,Sensory financial decisions can produce results that are different from what you expect.,1
money_B1_hwa_ex_wood,action,Make financial decisions based on planning rather than impulse.,1
money_B1_hwa_ex_wood,state,"The moderate heat makes for a smooth day, and the calm energy of change does little more than slightly shake up the normal flow.",1
money_B1_mok_df_earth,intro,"As your financial growth slows, it may be difficult to find new sources of income.",1
money_B1_mok_df_earth,effect,Expansion of wealth is limited and income growth is slower than expected.,1
money_B1_mok_df_earth,action,Focus on maintaining your existing income.,1
money_B1_mok_df_earth,state,"It stays more familiar than new, but the flow is uninterrupted and the cloudy energy helps you maintain an easy pace.",1
money_B1_mok_df_fire,intro,"As your financial growth slows, it may be difficult to find new sources of income.",1
money_B1_mok_df_fire,effect,Expansion of wealth is limited and income growth is slower than expected.,1
money_B1_mok_df_fire,action,Focus on maintaining your existing income.,1
money_B1_mok_df_fire,state,"Although it remains familiar rather than new, the flow is uninterrupted and the clear energy adds calm vitality and continues the ordinary day.",1
money_B1_mok_df_water,intro,"As your financial growth slows, it may be difficult to find new sources of income.",1
money_B1_mok_df_water,effect,Expansion of wealth is limited and income growth is slower than expected.,1
money_B1_mok_df_water,action,Focus on maintaining your existing income.,1
money_B1_mok_df_water,state,"Although it remains familiar rather than novel, the flow is uninterrupted and the moist energy increases thoughts but does not cause much agitation.",1
money_B1_mok_df_wood,intro,"As your financial growth slows, it may be difficult to find new sources of income.",1
money_B1_mok_df_wood,effect,Expansion of wealth is limited and income growth is slower than expected.,1
money_B1_mok_df_wood,action,Focus on maintaining your existing income.,1
money_B1_mok_df_wood,state,"Although it remains more familiar than new, the flow is uninterrupted and the calm energy of change only slightly shakes the normal flow.",1
money_B1_mok_ex_earth,intro,"As your financial growth slows, it may be difficult to find new sources of income.",1
money_B1_mok_ex_earth,effect,Expansion of wealth is limited and income growth is slower than expected.,1
money_B1_mok_ex_earth,action,Focus on maintaining your existing income.,1
money_B1_mok_ex_earth,state,"I am motivated, but my driving force remains at a mediocre level, and the cloudy energy helps me maintain a decent pace.",1
money_B1_mok_ex_fire,intro,"As your financial growth slows, it may be difficult to find new sources of income.",1
money_B1_mok_ex_fire,effect,Expansion of wealth is limited and income growth is slower than expected.,1
money_B1_mok_ex_fire,action,Focus on maintaining your existing income.,1
money_B1_mok_ex_fire,state,"Although I am motivated, my driving force remains at an average level, and the clear energy adds calm vitality and continues my ordinary day.",1
money_B1_mok_ex_water,intro,"As your financial growth slows, it may be difficult to find new sources of income.",1
money_B1_mok_ex_water,effect,Expansion of wealth is limited and income growth is slower than expected.,1
money_B1_mok_ex_water,action,Focus on maintaining your existing income.,1
money_B1_mok_ex_water,state,"There is motivation, but the driving force remains at a normal level, and the moist energy increases thoughts, but does not cause much agitation.",1
money_B1_mok_ex_wood,intro,"As your financial growth slows, it may be difficult to find new sources of income.",1
money_B1_mok_ex_wood,effect,Expansion of wealth is limited and income growth is slower than expected.,1
money_B1_mok_ex_wood,action,Focus on maintaining your existing income.,1
money_B1_mok_ex_wood,state,"There is motivation, but the driving force remains at a mediocre level, and the calm energy of change is only enough to slightly shake up the normal flow.",1
money_B1_su_df_earth,intro,"If your timing is slightly off, you may miss out on a good opportunity.",1
money_B1_su_df_earth,effect,Financial decisions that deviate from the flow may lead to minor losses.,1
money_B1_su_df_earth,action,"Don't rush to make financial decisions, but pay close attention to timing.",1
money_B1_su_df_earth,state,"Although flexibility has decreased, the flow is not significantly interrupted, and the cloudy energy helps maintain a decent pace.",1
money_B1_su_df_fire,intro,"If your timing is slightly off, you may miss out on a good opportunity.",1
money_B1_su_df_fire,effect,Financial decisions that deviate from the flow may lead to minor losses.,1
money_B1_su_df_fire,action,"Don't rush to make financial decisions, but pay close attention to timing.",1
money_B1_su_df_fire,state,"Although flexibility has decreased, the flow is not significantly disrupted, and the clear energy adds calm vitality and continues an ordinary day.",1
money_B1_su_df_water,intro,"If your timing is slightly off, you may miss out on a good opportunity.",1
money_B1_su_df_water,effect,Financial decisions that deviate from the flow may lead to minor losses.,1
money_B1_su_df_water,action,"Don't rush to make financial decisions, but pay close attention to timing.",1
money_B1_su_df_water,state,"Flexibility is reduced, but the flow is not greatly interrupted, and the moist energy increases thoughts, but does not cause much agitation.",1
money_B1_su_df_wood,intro,"If your timing is slightly off, you may miss out on a good opportunity.",1
money_B1_su_df_wood,effect,Financial decisions that deviate from the flow may lead to minor losses.,1
money_B1_su_df_wood,action,"Don't rush to make financial decisions, but pay close attention to timing.",1
money_B1_su_df_wood,state,"Although flexibility has decreased, the flow is not significantly disrupted, and the calm energy of change only slightly shakes the normal flow.",1
money_B1_su_ex_earth,intro,"If your timing is slightly off, you may miss out on a good opportunity.",1
money_B1_su_ex_earth,effect,Financial decisions that deviate from the flow may lead to minor losses.,1
money_B1_su_ex_earth,action,"Don't rush to make financial decisions, but pay close attention to timing.",1
money_B1_su_ex_earth,state,"Even though I have a lot to think about, the day goes by without much disturbance, and the cloudy energy helps me maintain an easy pace.",1
money_B1_su_ex_fire,intro,"If your timing is slightly off, you may miss out on a good opportunity.",1
money_B1_su_ex_fire,effect,Financial decisions that deviate from the flow may lead to minor losses.,1
money_B1_su_ex_fire,action,"Don't rush to make financial decisions, but pay close attention to timing.",1
money_B1_su_ex_fire,state,"Even though I have a lot of thoughts, the day goes by without much disturbance, and the clear energy adds calm vitality and continues the ordinary day.",1
money_B1_su_ex_water,intro,"If your timing is slightly off, you may miss out on a good opportunity.",1
money_B1_su_ex_water,effect,Financial decisions that deviate from the flow may lead to minor losses.,1
money_B1_su_ex_water,action,"Don't rush to make financial decisions, but pay close attention to timing.",1
money_B1_su_ex_water,state,"Even if you have a lot of thoughts, the day goes by without much agitation, and the moist energy increases your thoughts but does not cause much agitation.",1
money_B1_su_ex_wood,intro,"If your timing is slightly off, you may miss out on a good opportunity.",1
money_B1_su_ex_wood,effect,Financial decisions that deviate from the flow may lead to minor losses.,1
money_B1_su_ex_wood,action,"Don't rush to make financial decisions, but pay close attention to timing.",1
money_B1_su_ex_wood,state,"Even though I have a lot of thoughts, the day goes by without much disturbance, and the calm energy of change only slightly shakes the normal flow.",1
money_B1_to_df_earth,intro,The balance of wealth may be somewhat shaken and expenditures may slightly exceed income.,1
money_B1_to_df_earth,effect,"As your sense of financial security weakens, unexpected expenses become a burden.",1
money_B1_to_df_earth,action,Check your financial status and reduce unnecessary spending.,1
money_B1_to_df_earth,state,"Even though there is some tremor, daily life goes by smoothly and the cloudy energy helps me maintain an easy pace.",1
money_B1_to_df_fire,intro,The balance of wealth may be somewhat shaken and expenditures may slightly exceed income.,1
money_B1_to_df_fire,effect,"As your sense of financial security weakens, unexpected expenses become a burden.",1
money_B1_to_df_fire,action,Check your financial status and reduce unnecessary spending.,1
money_B1_to_df_fire,state,"Although there is some tremor, daily life flows smoothly, and the clear energy adds calm vitality and continues the normal day.",1
money_B1_to_df_water,intro,The balance of wealth may be somewhat shaken and expenditures may slightly exceed income.,1
money_B1_to_df_water,effect,"As your sense of financial security weakens, unexpected expenses become a burden.",1
money_B1_to_df_water,action,Check your financial status and reduce unnecessary spending.,1
money_B1_to_df_water,state,"Although there is shaking, daily life flows smoothly, and the moist energy increases thoughts, but does not cause much agitation.",1
money_B1_to_df_wood,intro,The balance of wealth may be somewhat shaken and expenditures may slightly exceed income.,1
money_B1_to_df_wood,effect,"As your sense of financial security weakens, unexpected expenses become a burden.",1
money_B1_to_df_wood,action,Check your financial status and reduce unnecessary spending.,1
money_B1_to_df_wood,state,"Although there are fluctuations, daily life flows smoothly, and the calm energy of change only slightly shakes the normal flow.",1
money_B1_to_ex_earth,intro,The balance of wealth may be somewhat shaken and expenditures may slightly exceed income.,1
money_B1_to_ex_earth,effect,"As your sense of financial security weakens, unexpected expenses become a burden.",1
money_B1_to_ex_earth,action,Check your financial status and reduce unnecessary spending.,1
money_B1_to_ex_earth,state,"Choosing familiarity over change leads to an easy day, and the cloudy energy helps me maintain an easy pace.",1
money_B1_to_ex_fire,intro,The balance of wealth may be somewhat shaken and expenditures may slightly exceed income.,1
money_B1_to_ex_fire,effect,"As your sense of financial security weakens, unexpected expenses become a burden.",1
money_B1_to_ex_fire,action,Check your financial status and reduce unnecessary spending.,1
money_B1_to_ex_fire,state,"Choosing familiarity over change leads to an ordinary day, and the clear energy adds calm vitality to the ordinary day.",1
money_B1_to_ex_water,intro,The balance of wealth may be somewhat shaken and expenditures may slightly exceed income.,1
money_B1_to_ex_water,effect,"As your sense of financial security weakens, unexpected expenses become a burden.",1
money_B1_to_ex_water,action,Check your financial status and reduce unnecessary spending.,1
money_B1_to_ex_water,state,"Choosing familiarity over change leads to a normal day, and the moist energy increases thoughts but does not cause much agitation.",1
money_B1_to_ex_wood,intro,The balance of wealth may be somewhat shaken and expenditures may slightly exceed income.,1
money_B1_to_ex_wood,effect,"As your sense of financial security weakens, unexpected expenses become a burden.",1
money_B1_to_ex_wood,action,Check your financial status and reduce unnecessary spending.,1
money_B1_to_ex_wood,state,"Choosing familiarity over change leads to a normal day, and the calm energy of change only slightly shakes the normal flow.",1
money_C,intro,"Wealth energy is weak today, so you need to pay close attention to your financial flow.",1
money_C,intro,"Money energy is low today, so it would be wise to cut back on unnecessary spending.",1
money_C,effect,There is a possibility that unplanned expenses may arise or expected income may be delayed.,1
money_C,effect,"This is a time when the flow of wealth is somewhat blocked, so maintaining the status quo is more advantageous than making new investments.",1
money_C,action,Keep detailed records of your spending and postpone impulsive spending for a day.,1
money_C,action,"Today, focusing on saving and saving is the wisest way to manage your wealth.",1
money_C_geum_df_earth,intro,It is a day when the flow of wealth is blocked and financial losses are likely to occur.,1
money_C_geum_df_earth,effect,A lack of money sense can lead to poor financial decisions.,1
money_C_geum_df_earth,action,Avoid new investments or big expenses today.,1
money_C_geum_df_earth,state,"As your resolve weakens, it is easy to put off important choices, and cloudy energy can slow you down and make your thoughts heavy.",1
money_C_geum_df_fire,intro,It is a day when the flow of wealth is blocked and financial losses are likely to occur.,1
money_C_geum_df_fire,effect,A lack of money sense can lead to poor financial decisions.,1
money_C_geum_df_fire,action,Avoid new investments or big expenses today.,1
money_C_geum_df_fire,state,"As your resolve weakens, it is easy to put off important choices, and your clear energy can flow into an excited atmosphere, which can cloud your prudence.",1
money_C_geum_df_water,intro,It is a day when the flow of wealth is blocked and financial losses are likely to occur.,1
money_C_geum_df_water,effect,A lack of money sense can lead to poor financial decisions.,1
money_C_geum_df_water,action,Avoid new investments or big expenses today.,1
money_C_geum_df_water,state,"It is easy to postpone important choices as your resolve becomes weak, and the energy of rain and snow can stimulate your emotions and inner self, which can have a bigger impact.",1
money_C_geum_df_wood,intro,It is a day when the flow of wealth is blocked and financial losses are likely to occur.,1
money_C_geum_df_wood,effect,A lack of money sense can lead to poor financial decisions.,1
money_C_geum_df_wood,action,Avoid new investments or big expenses today.,1
money_C_geum_df_wood,state,"It is easy to postpone important choices due to weakened determination, and the strong energy of change can shake the rhythm and lead to unexpected variables.",1
money_C_geum_ex_earth,intro,It is a day when the flow of wealth is blocked and financial losses are likely to occur.,1
money_C_geum_ex_earth,effect,A lack of money sense can lead to poor financial decisions.,1
money_C_geum_ex_earth,action,Avoid new investments or big expenses today.,1
money_C_geum_ex_earth,state,"Overly sharp judgment can make relationships cold, and cloudy energy can slow down your pace and make your thoughts heavy.",1
money_C_geum_ex_fire,intro,It is a day when the flow of wealth is blocked and financial losses are likely to occur.,1
money_C_geum_ex_fire,effect,A lack of money sense can lead to poor financial decisions.,1
money_C_geum_ex_fire,action,Avoid new investments or big expenses today.,1
money_C_geum_ex_fire,state,"Excessively sharp judgment can make relationships cold, and clear energy can flow into an excited atmosphere, which can cloud prudence.",1
money_C_geum_ex_water,intro,It is a day when the flow of wealth is blocked and financial losses are likely to occur.,1
money_C_geum_ex_water,effect,A lack of money sense can lead to poor financial decisions.,1
money_C_geum_ex_water,action,Avoid new investments or big expenses today.,1
money_C_geum_ex_water,state,"Overly sharp judgment can make relationships cold, and the energy of rain and snow can stimulate emotions and inner feelings, which can have a bigger impact.",1
money_C_geum_ex_wood,intro,It is a day when the flow of wealth is blocked and financial losses are likely to occur.,1
money_C_geum_ex_wood,effect,A lack of money sense can lead to poor financial decisions.,1
money_C_geum_ex_wood,action,Avoid new investments or big expenses today.,1
money_C_geum_ex_wood,state,"Overly sharp judgment can make relationships cold, and the strong energy of change can shake up the rhythm and lead to unexpected variables.",1
money_C_hwa_df_earth,intro,It is a day when your intuition about wealth becomes clouded and you make many mistakes in money-related decisions.,1
money_C_hwa_df_earth,effect,Impulsive financial decisions lead to regrettable spending.,1
money_C_hwa_df_earth,action,Be sure to reexamine and implement any sensible judgments regarding wealth.,1
money_C_hwa_df_earth,state,"It's easy for misunderstandings to occur due to difficulty in expressing yourself, and the cloudy energy can slow you down and make your thoughts heavy.",1
money_C_hwa_df_fire,intro,It is a day when your intuition about wealth becomes clouded and you make many mistakes in money-related decisions.,1
money_C_hwa_df_fire,effect,Impulsive financial decisions lead to regrettable spending.,1
money_C_hwa_df_fire,action,Be sure to reexamine and implement any sensible judgments regarding wealth.,1
money_C_hwa_df_fire,state,"It is easy for misunderstandings to occur because expressions are difficult to understand, and the clear energy can flow into an excited atmosphere and cause caution to become clouded.",1
money_C_hwa_df_water,intro,It is a day when your intuition about wealth becomes clouded and you make many mistakes in money-related decisions.,1
money_C_hwa_df_water,effect,Impulsive financial decisions lead to regrettable spending.,1
money_C_hwa_df_water,action,Be sure to reexamine and implement any sensible judgments regarding wealth.,1
money_C_hwa_df_water,state,"It is easy for misunderstandings to occur because expressions are difficult to understand, and the energy of rain and snow can stimulate emotions and inner feelings, which can have a bigger impact.",1
money_C_hwa_df_wood,intro,It is a day when your intuition about wealth becomes clouded and you make many mistakes in money-related decisions.,1
money_C_hwa_df_wood,effect,Impulsive financial decisions lead to regrettable spending.,1
money_C_hwa_df_wood,action,Be sure to reexamine and implement any sensible judgments regarding wealth.,1
money_C_hwa_df_wood,state,"Misunderstandings are easy to occur due to difficult expressions, and the strong energy of change can shake the rhythm and lead to unexpected variables.",1
money_C_hwa_ex_earth,intro,It is a day when your intuition about wealth becomes clouded and you make many mistakes in money-related decisions.,1
money_C_hwa_ex_earth,effect,Impulsive financial decisions lead to regrettable spending.,1
money_C_hwa_ex_earth,action,Be sure to reexamine and implement any sensible judgments regarding wealth.,1
money_C_hwa_ex_earth,state,"It's easy for emotions to clash, and cloudy energy can slow you down and make your thoughts heavy.",1
money_C_hwa_ex_fire,intro,It is a day when your intuition about wealth becomes clouded and you make many mistakes in money-related decisions.,1
money_C_hwa_ex_fire,effect,Impulsive financial decisions lead to regrettable spending.,1
money_C_hwa_ex_fire,action,Be sure to reexamine and implement any sensible judgments regarding wealth.,1
money_C_hwa_ex_fire,state,"It is easy for emotions to clash, and the clear energy can flow into an excited atmosphere, causing caution to become clouded.",1
money_C_hwa_ex_water,intro,It is a day when your intuition about wealth becomes clouded and you make many mistakes in money-related decisions.,1
money_C_hwa_ex_water,effect,Impulsive financial decisions lead to regrettable spending.,1
money_C_hwa_ex_water,action,Be sure to reexamine and implement any sensible judgments regarding wealth.,1
money_C_hwa_ex_water,state,"It is easy for emotions to come into conflict, and the energy of rain and snow can stimulate emotions and inner feelings, which can increase the impact.",1
money_C_hwa_ex_wood,intro,It is a day when your intuition about wealth becomes clouded and you make many mistakes in money-related decisions.,1
money_C_hwa_ex_wood,effect,Impulsive financial decisions lead to regrettable spending.,1
money_C_hwa_ex_wood,action,Be sure to reexamine and implement any sensible judgments regarding wealth.,1
money_C_hwa_ex_wood,state,"It is easy for emotions to clash, and the strong energy of change can shake up the rhythm and lead to unexpected variables.",1
money_C_mok_df_earth,intro,It is a day when your expansion of wealth may be blocked and your attempts at new income may be frustrated.,1
money_C_mok_df_earth,effect,"As wealth channels become narrower, income may actually decrease.",1
money_C_mok_df_earth,action,Focus on maintaining your existing income rather than taking on new financial challenges.,1
money_C_mok_df_earth,state,"Hesitation about trying new things can slow down progress, and cloudy energy can slow down your pace and make your thoughts heavy.",1
money_C_mok_df_fire,intro,It is a day when your expansion of wealth may be blocked and your attempts at new income may be frustrated.,1
money_C_mok_df_fire,effect,"As wealth channels become narrower, income may actually decrease.",1
money_C_mok_df_fire,action,Focus on maintaining your existing income rather than taking on new financial challenges.,1
money_C_mok_df_fire,state,"Hesitation about trying new things can slow down progress, and clear energy can lead to an excited atmosphere, which can cloud caution.",1
money_C_mok_df_water,intro,It is a day when your expansion of wealth may be blocked and your attempts at new income may be frustrated.,1
money_C_mok_df_water,effect,"As wealth channels become narrower, income may actually decrease.",1
money_C_mok_df_water,action,Focus on maintaining your existing income rather than taking on new financial challenges.,1
money_C_mok_df_water,state,"Hesitation about trying new things can slow down progress, and the energy of rain and snow can stimulate your emotions and inner self, which can increase the impact.",1
money_C_mok_df_wood,intro,It is a day when your expansion of wealth may be blocked and your attempts at new income may be frustrated.,1
money_C_mok_df_wood,effect,"As wealth channels become narrower, income may actually decrease.",1
money_C_mok_df_wood,action,Focus on maintaining your existing income rather than taking on new financial challenges.,1
money_C_mok_df_wood,state,"Hesitation about trying new things can slow down progress, and the strong energy of change can shake up the rhythm and lead to unexpected variables.",1
money_C_mok_ex_earth,intro,It is a day when your expansion of wealth may be blocked and your attempts at new income may be frustrated.,1
money_C_mok_ex_earth,effect,"As wealth channels become narrower, income may actually decrease.",1
money_C_mok_ex_earth,action,Focus on maintaining your existing income rather than taking on new financial challenges.,1
money_C_mok_ex_earth,state,"Excessive motivation can cause you to overdo things, and cloudy energy can slow you down and make your thoughts heavy.",1
money_C_mok_ex_fire,intro,It is a day when your expansion of wealth may be blocked and your attempts at new income may be frustrated.,1
money_C_mok_ex_fire,effect,"As wealth channels become narrower, income may actually decrease.",1
money_C_mok_ex_fire,action,Focus on maintaining your existing income rather than taking on new financial challenges.,1
money_C_mok_ex_fire,state,"If you are too motivated, you may push yourself to do things, and your clear energy may flow into an excited atmosphere, which may cloud your prudence.",1
money_C_mok_ex_water,intro,It is a day when your expansion of wealth may be blocked and your attempts at new income may be frustrated.,1
money_C_mok_ex_water,effect,"As wealth channels become narrower, income may actually decrease.",1
money_C_mok_ex_water,action,Focus on maintaining your existing income rather than taking on new financial challenges.,1
money_C_mok_ex_water,state,"If you have too much motivation, you may overdo things, and the energy of rain and snow can stimulate your emotions and inner self, which can increase the impact.",1
money_C_mok_ex_wood,intro,It is a day when your expansion of wealth may be blocked and your attempts at new income may be frustrated.,1
money_C_mok_ex_wood,effect,"As wealth channels become narrower, income may actually decrease.",1
money_C_mok_ex_wood,action,Focus on maintaining your existing income rather than taking on new financial challenges.,1
money_C_mok_ex_wood,state,"Excessive motivation can lead to overdoing things, and the strong energy of change can shake up the rhythm and lead to unexpected variables.",1
money_C_su_df_earth,intro,It is a day when the flow of wealth is reversed and the expected income is not received.,1
money_C_su_df_earth,effect,"If the timing is greatly off, property loss may be repeated.",1
money_C_su_df_earth,action,Put off financial decisions and focus on stable cash management.,1
money_C_su_df_earth,state,"It's easy to lose track of the flow due to lack of flexibility, and cloudy energy can slow you down and make your thoughts heavy.",1
money_C_su_df_fire,intro,It is a day when the flow of wealth is reversed and the expected income is not received.,1
money_C_su_df_fire,effect,"If the timing is greatly off, property loss may be repeated.",1
money_C_su_df_fire,action,Put off financial decisions and focus on stable cash management.,1
money_C_su_df_fire,state,"Due to lack of flexibility, it is easy to lose track of the flow, and the clear energy can flow into an excited atmosphere, which can cloud your prudence.",1
money_C_su_df_water,intro,It is a day when the flow of wealth is reversed and the expected income is not received.,1
money_C_su_df_water,effect,"If the timing is greatly off, property loss may be repeated.",1
money_C_su_df_water,action,Put off financial decisions and focus on stable cash management.,1
money_C_su_df_water,state,"Due to lack of flexibility, it is easy to lose track of the flow, and the energy of rain and snow can stimulate emotions and inner self, which can increase the impact.",1
money_C_su_df_wood,intro,It is a day when the flow of wealth is reversed and the expected income is not received.,1
money_C_su_df_wood,effect,"If the timing is greatly off, property loss may be repeated.",1
money_C_su_df_wood,action,Put off financial decisions and focus on stable cash management.,1
money_C_su_df_wood,state,"Due to lack of flexibility, it is easy to lose track of the flow, and the strong energy of change can shake the rhythm and lead to unexpected variables.",1
money_C_su_ex_earth,intro,It is a day when the flow of wealth is reversed and the expected income is not received.,1
money_C_su_ex_earth,effect,"If the timing is greatly off, property loss may be repeated.",1
money_C_su_ex_earth,action,Put off financial decisions and focus on stable cash management.,1
money_C_su_ex_earth,state,"It is easy for your judgment to be clouded by overflowing emotions, and the cloudy energy can slow you down and make your thoughts heavy.",1
money_C_su_ex_fire,intro,It is a day when the flow of wealth is reversed and the expected income is not received.,1
money_C_su_ex_fire,effect,"If the timing is greatly off, property loss may be repeated.",1
money_C_su_ex_fire,action,Put off financial decisions and focus on stable cash management.,1
money_C_su_ex_fire,state,"Judgment can easily be clouded by overflowing emotions, and the clear energy can flow into an excited atmosphere, which can cloud prudence.",1
money_C_su_ex_water,intro,It is a day when the flow of wealth is reversed and the expected income is not received.,1
money_C_su_ex_water,effect,"If the timing is greatly off, property loss may be repeated.",1
money_C_su_ex_water,action,Put off financial decisions and focus on stable cash management.,1
money_C_su_ex_water,state,"It is easy for your judgment to become clouded due to overflowing emotions, and the energy of rain and snow can stimulate your emotions and inner self, which can increase the impact.",1
money_C_su_ex_wood,intro,It is a day when the flow of wealth is reversed and the expected income is not received.,1
money_C_su_ex_wood,effect,"If the timing is greatly off, property loss may be repeated.",1
money_C_su_ex_wood,action,Put off financial decisions and focus on stable cash management.,1
money_C_su_ex_wood,state,"Judgment can easily be clouded by emotions, and the strong energy of change can shake the rhythm and lead to unexpected variables.",1
money_C_to_df_earth,intro,It is a day when the foundation of wealth is shaken and expenses and losses exceed income.,1
money_C_to_df_earth,effect,An unstable financial situation can lead to chain losses.,1
money_C_to_df_earth,action,Cut back on your spending right now and focus on protecting your financial base.,1
money_C_to_df_earth,state,"Because your center is shaken, it is easy to be swayed by your surroundings, and cloudy energy can slow you down and make your thoughts heavy.",1
money_C_to_df_fire,intro,It is a day when the foundation of wealth is shaken and expenses and losses exceed income.,1
money_C_to_df_fire,effect,An unstable financial situation can lead to chain losses.,1
money_C_to_df_fire,action,Cut back on your spending right now and focus on protecting your financial base.,1
money_C_to_df_fire,state,"Because your center is shaken, it is easy to be swayed by those around you, and your clear energy can flow into an excited atmosphere, which can cloud your prudence.",1
money_C_to_df_water,intro,It is a day when the foundation of wealth is shaken and expenses and losses exceed income.,1
money_C_to_df_water,effect,An unstable financial situation can lead to chain losses.,1
money_C_to_df_water,action,Cut back on your spending right now and focus on protecting your financial base.,1
money_C_to_df_water,state,"Because your center is shaken, it is easy to be swayed by your surroundings, and the energy of rain and snow can stimulate your emotions and inner self, which can increase the impact.",1
money_C_to_df_wood,intro,It is a day when the foundation of wealth is shaken and expenses and losses exceed income.,1
money_C_to_df_wood,effect,An unstable financial situation can lead to chain losses.,1
money_C_to_df_wood,action,Cut back on your spending right now and focus on protecting your financial base.,1
money_C_to_df_wood,state,"Because the center is shaken, it is easy to be swayed by the surroundings, and the strong energy of change can shake the rhythm and lead to unexpected variables.",1
money_C_to_ex_earth,intro,It is a day when the foundation of wealth is shaken and expenses and losses exceed income.,1
money_C_to_ex_earth,effect,An unstable financial situation can lead to chain losses.,1
money_C_to_ex_earth,action,Cut back on your spending right now and focus on protecting your financial base.,1
money_C_to_ex_earth,state,"A mind that refuses to change can block opportunities, and cloudy energy can slow down your pace and make your thoughts heavy.",1
money_C_to_ex_fire,intro,It is a day when the foundation of wealth is shaken and expenses and losses exceed income.,1
money_C_to_ex_fire,effect,An unstable financial situation can lead to chain losses.,1
money_C_to_ex_fire,action,Cut back on your spending right now and focus on protecting your financial base.,1
money_C_to_ex_fire,state,"A mind that refuses to change can block opportunities, and clear energy can flow into an excited atmosphere, clouding caution.",1
money_C_to_ex_water,intro,It is a day when the foundation of wealth is shaken and expenses and losses exceed income.,1
money_C_to_ex_water,effect,An unstable financial situation can lead to chain losses.,1
money_C_to_ex_water,action,Cut back on your spending right now and focus on protecting your financial base.,1
money_C_to_ex_water,state,"A mind that refuses to change can block opportunities, and the energy of rain and snow can stimulate emotions and inner feelings, which can increase the impact.",1
money_C_to_ex_wood,intro,It is a day when the foundation of wealth is shaken and expenses and losses exceed income.,1
money_C_to_ex_wood,effect,An unstable financial situation can lead to chain losses.,1
money_C_to_ex_wood,action,Cut back on your spending right now and focus on protecting your financial base.,1
money_C_to_ex_wood,state,"A refusal to change can block opportunities, and the strong energy of change can shake up the rhythm and lead to unexpected variables.",1
money_C1,intro,"Wealth energy is quite weak today, so you need to be especially careful about managing your expenses.",1
money_C1,intro,"Today, the flow of money is blocked, so preventing losses takes priority over profits.",1
money_C1,effect,"It is a day when it is easy to make financial mistakes or unexpected expenses, so it is best to avoid big decisions.",1
money_C1,effect,It is a day when you need to check and manage your finances because expenses can outpace profits.,1
money_C1,action,It is safe to postpone all payments or contract-related decisions until tomorrow.,1
money_C1,action,Check your cash flow and reduce non-urgent expenses as much as possible.,1
money_C1_geum_df_earth,intro,It is a day when your financial fortune is greatly reduced and the risk of financial loss is high.,1
money_C1_geum_df_earth,effect,"As your ability to judge wealth decreases, you may experience repeated losses.",1
money_C1_geum_df_earth,action,Stop trying new things altogether and focus on preventing losses.,1
money_C1_geum_df_earth,state,"Due to lack of determination, it is easy for indecisive choices to accumulate, and cloudy energy can reduce motivation and cloud judgment.",1
money_C1_geum_df_fire,intro,It is a day when your financial fortune is greatly reduced and the risk of financial loss is high.,1
money_C1_geum_df_fire,effect,"As your ability to judge wealth decreases, you may experience repeated losses.",1
money_C1_geum_df_fire,action,Stop trying new things altogether and focus on preventing losses.,1
money_C1_geum_df_fire,state,"Because of lack of determination, it is easy to make indecisive choices, and excited Yang can dissipate calmness and lead to minor mistakes.",1
money_C1_geum_df_water,intro,It is a day when your financial fortune is greatly reduced and the risk of financial loss is high.,1
money_C1_geum_df_water,effect,"As your ability to judge wealth decreases, you may experience repeated losses.",1
money_C1_geum_df_water,action,Stop trying new things altogether and focus on preventing losses.,1
money_C1_geum_df_water,state,"Because of lack of determination, it is easy for indecisive choices to pile up, and the energy of rain and snow may not calm your emotions, making your heart heavy.",1
money_C1_geum_df_wood,intro,It is a day when your financial fortune is greatly reduced and the risk of financial loss is high.,1
money_C1_geum_df_wood,effect,"As your ability to judge wealth decreases, you may experience repeated losses.",1
money_C1_geum_df_wood,action,Stop trying new things altogether and focus on preventing losses.,1
money_C1_geum_df_wood,state,"Because of lack of determination, it is easy for indecisive choices to pile up, and the energy of change can keep interfering and disrupting plans.",1
money_C1_geum_ex_earth,intro,It is a day when your financial fortune is greatly reduced and the risk of financial loss is high.,1
money_C1_geum_ex_earth,effect,"As your ability to judge wealth decreases, you may experience repeated losses.",1
money_C1_geum_ex_earth,action,Stop trying new things altogether and focus on preventing losses.,1
money_C1_geum_ex_earth,state,"Sharpness can go too far and put a burden on those around you, and cloudy energy can reduce motivation and cloud your judgment.",1
money_C1_geum_ex_fire,intro,It is a day when your financial fortune is greatly reduced and the risk of financial loss is high.,1
money_C1_geum_ex_fire,effect,"As your ability to judge wealth decreases, you may experience repeated losses.",1
money_C1_geum_ex_fire,action,Stop trying new things altogether and focus on preventing losses.,1
money_C1_geum_ex_fire,state,"Your sharpness can go too far and put a burden on those around you, and your excited energy can dissipate your calmness and lead to minor mistakes.",1
money_C1_geum_ex_water,intro,It is a day when your financial fortune is greatly reduced and the risk of financial loss is high.,1
money_C1_geum_ex_water,effect,"As your ability to judge wealth decreases, you may experience repeated losses.",1
money_C1_geum_ex_water,action,Stop trying new things altogether and focus on preventing losses.,1
money_C1_geum_ex_water,state,"Your sharpness can go too far and put a burden on those around you, and the energy of rain and snow can not calm your emotions, making your heart feel heavy.",1
money_C1_geum_ex_wood,intro,It is a day when your financial fortune is greatly reduced and the risk of financial loss is high.,1
money_C1_geum_ex_wood,effect,"As your ability to judge wealth decreases, you may experience repeated losses.",1
money_C1_geum_ex_wood,action,Stop trying new things altogether and focus on preventing losses.,1
money_C1_geum_ex_wood,state,"Your sharpness can go too far and put a burden on those around you, and the energy of change can keep interfering with your plans.",1
money_C1_hwa_df_earth,intro,This is a day when your sense of wealth is almost gone and the risk of impulsive spending is extremely high.,1
money_C1_hwa_df_earth,effect,A false sense of wealth can lead to great losses.,1
money_C1_hwa_df_earth,action,Strictly hold off on making decisions regarding your finances today.,1
money_C1_hwa_df_earth,state,"It is easy for your feelings to not be conveyed properly due to blockage of expression, and cloudy energy can reduce motivation and cloud your judgment.",1
money_C1_hwa_df_fire,intro,This is a day when your sense of wealth is almost gone and the risk of impulsive spending is extremely high.,1
money_C1_hwa_df_fire,effect,A false sense of wealth can lead to great losses.,1
money_C1_hwa_df_fire,action,Strictly hold off on making decisions regarding your finances today.,1
money_C1_hwa_df_fire,state,"It is easy for your feelings to not be conveyed properly due to blockage of expression, and excited energy can scatter your calmness and lead to minor mistakes.",1
money_C1_hwa_df_water,intro,This is a day when your sense of wealth is almost gone and the risk of impulsive spending is extremely high.,1
money_C1_hwa_df_water,effect,A false sense of wealth can lead to great losses.,1
money_C1_hwa_df_water,action,Strictly hold off on making decisions regarding your finances today.,1
money_C1_hwa_df_water,state,"Because expressions are blocked, it is easy for your feelings to not be conveyed properly, and the energy of rain and snow cannot calm your emotions, which can make your heart feel heavy.",1
money_C1_hwa_df_wood,intro,This is a day when your sense of wealth is almost gone and the risk of impulsive spending is extremely high.,1
money_C1_hwa_df_wood,effect,A false sense of wealth can lead to great losses.,1
money_C1_hwa_df_wood,action,Strictly hold off on making decisions regarding your finances today.,1
money_C1_hwa_df_wood,state,"It is easy for your feelings to not be conveyed properly due to blockage of expression, and the energy of change can keep interfering and disrupt your plans.",1
money_C1_hwa_ex_earth,intro,This is a day when your sense of wealth is almost gone and the risk of impulsive spending is extremely high.,1
money_C1_hwa_ex_earth,effect,A false sense of wealth can lead to great losses.,1
money_C1_hwa_ex_earth,action,Strictly hold off on making decisions regarding your finances today.,1
money_C1_hwa_ex_earth,state,"It is easy for emotions to cause friction even over small things, and cloudy energy can reduce motivation and cloud judgment.",1
money_C1_hwa_ex_fire,intro,This is a day when your sense of wealth is almost gone and the risk of impulsive spending is extremely high.,1
money_C1_hwa_ex_fire,effect,A false sense of wealth can lead to great losses.,1
money_C1_hwa_ex_fire,action,Strictly hold off on making decisions regarding your finances today.,1
money_C1_hwa_ex_fire,state,"It's easy for emotions to cause friction even over small things, and excited energy can disturb your calmness and lead to minor mistakes.",1
money_C1_hwa_ex_water,intro,This is a day when your sense of wealth is almost gone and the risk of impulsive spending is extremely high.,1
money_C1_hwa_ex_water,effect,A false sense of wealth can lead to great losses.,1
money_C1_hwa_ex_water,action,Strictly hold off on making decisions regarding your finances today.,1
money_C1_hwa_ex_water,state,"It's easy for emotions to arise even over small things, and the energy of rain and snow can't calm your emotions, making your heart feel heavy.",1
money_C1_hwa_ex_wood,intro,This is a day when your sense of wealth is almost gone and the risk of impulsive spending is extremely high.,1
money_C1_hwa_ex_wood,effect,A false sense of wealth can lead to great losses.,1
money_C1_hwa_ex_wood,action,Strictly hold off on making decisions regarding your finances today.,1
money_C1_hwa_ex_wood,state,"If you are emotionally driven, it is easy for friction to arise even over small things, and the energy of change can keep interfering and disrupting your plans.",1
money_C1_mok_df_earth,intro,It is the day when wealth growth completely stops and sources of income are blocked.,1
money_C1_mok_df_earth,effect,"Income channels may be blocked, leading to a sharp decline in income.",1
money_C1_mok_df_earth,action,Limit your spending as much as possible and protect your existing wealth.,1
money_C1_mok_df_earth,state,"If you hesitate for a long time, it is easy for an opportunity to slip out of your hands, and cloudy energy can reduce motivation and cloud your judgment.",1
money_C1_mok_df_fire,intro,It is the day when wealth growth completely stops and sources of income are blocked.,1
money_C1_mok_df_fire,effect,"Income channels may be blocked, leading to a sharp decline in income.",1
money_C1_mok_df_fire,action,Limit your spending as much as possible and protect your existing wealth.,1
money_C1_mok_df_fire,state,"If you hesitate for a long time, it is easy for an opportunity to slip out of your hands, and excited energy can dissipate your calmness and lead to minor mistakes.",1
money_C1_mok_df_water,intro,It is the day when wealth growth completely stops and sources of income are blocked.,1
money_C1_mok_df_water,effect,"Income channels may be blocked, leading to a sharp decline in income.",1
money_C1_mok_df_water,action,Limit your spending as much as possible and protect your existing wealth.,1
money_C1_mok_df_water,state,"If you hesitate for a long time, it is easy for an opportunity to slip out of your hands, and the energy of rain and snow can not calm your emotions, making your heart heavy.",1
money_C1_mok_df_wood,intro,It is the day when wealth growth completely stops and sources of income are blocked.,1
money_C1_mok_df_wood,effect,"Income channels may be blocked, leading to a sharp decline in income.",1
money_C1_mok_df_wood,action,Limit your spending as much as possible and protect your existing wealth.,1
money_C1_mok_df_wood,state,"If you hesitate for a long time, it is easy for an opportunity to slip out of your hands, and the energy of change can keep interfering and disrupt your plans.",1
money_C1_mok_ex_earth,intro,It is the day when wealth growth completely stops and sources of income are blocked.,1
money_C1_mok_ex_earth,effect,"Income channels may be blocked, leading to a sharp decline in income.",1
money_C1_mok_ex_earth,action,Limit your spending as much as possible and protect your existing wealth.,1
money_C1_mok_ex_earth,state,"It is easy for greed to lead to things that cannot be grasped, and cloudy energy can reduce motivation and cloud judgment.",1
money_C1_mok_ex_fire,intro,It is the day when wealth growth completely stops and sources of income are blocked.,1
money_C1_mok_ex_fire,effect,"Income channels may be blocked, leading to a sharp decline in income.",1
money_C1_mok_ex_fire,action,Limit your spending as much as possible and protect your existing wealth.,1
money_C1_mok_ex_fire,state,"It's easy to get greedy and do things that you can't control, and excited energy can disturb your calmness and lead to minor mistakes.",1
money_C1_mok_ex_water,intro,It is the day when wealth growth completely stops and sources of income are blocked.,1
money_C1_mok_ex_water,effect,"Income channels may be blocked, leading to a sharp decline in income.",1
money_C1_mok_ex_water,action,Limit your spending as much as possible and protect your existing wealth.,1
money_C1_mok_ex_water,state,"It's easy to get greedy and do things you can't control, and the energy of rain and snow can't calm your emotions, making your heart heavy.",1
money_C1_mok_ex_wood,intro,It is the day when wealth growth completely stops and sources of income are blocked.,1
money_C1_mok_ex_wood,effect,"Income channels may be blocked, leading to a sharp decline in income.",1
money_C1_mok_ex_wood,action,Limit your spending as much as possible and protect your existing wealth.,1
money_C1_mok_ex_wood,state,"It's easy to get greedy and end up doing things you can't control, and the energy of change can keep interfering and disrupting your plans.",1
money_C1_su_df_earth,intro,It is a day when the flow of wealth is completely reversed and losses continue.,1
money_C1_su_df_earth,effect,A poorly timed financial decision accelerates the loss.,1
money_C1_su_df_earth,action,Put off all today’s financial decisions until tomorrow.,1
money_C1_su_df_earth,state,"It's easy to get stubborn and lose track of things repeatedly, and cloudy energy can reduce motivation and cloud your judgment.",1
money_C1_su_df_fire,intro,It is a day when the flow of wealth is completely reversed and losses continue.,1
money_C1_su_df_fire,effect,A poorly timed financial decision accelerates the loss.,1
money_C1_su_df_fire,action,Put off all today’s financial decisions until tomorrow.,1
money_C1_su_df_fire,state,"It's easy to get stubborn and lose track of the flow, and excited energy can disturb your calmness and lead to minor mistakes.",1
money_C1_su_df_water,intro,It is a day when the flow of wealth is completely reversed and losses continue.,1
money_C1_su_df_water,effect,A poorly timed financial decision accelerates the loss.,1
money_C1_su_df_water,action,Put off all today’s financial decisions until tomorrow.,1
money_C1_su_df_water,state,"It's easy to become stubborn and lose track of the flow, and the energy of rain and snow can't calm your emotions, making your heart heavy.",1
money_C1_su_df_wood,intro,It is a day when the flow of wealth is completely reversed and losses continue.,1
money_C1_su_df_wood,effect,A poorly timed financial decision accelerates the loss.,1
money_C1_su_df_wood,action,Put off all today’s financial decisions until tomorrow.,1
money_C1_su_df_wood,state,"It's easy to get stubborn and lose track of things repeatedly, and the energy of change can keep interfering and disrupt your plans.",1
money_C1_su_ex_earth,intro,It is a day when the flow of wealth is completely reversed and losses continue.,1
money_C1_su_ex_earth,effect,A poorly timed financial decision accelerates the loss.,1
money_C1_su_ex_earth,action,Put off all today’s financial decisions until tomorrow.,1
money_C1_su_ex_earth,state,"Emotions become deeper, so it is easy to be shaken by even small stimuli, and cloudy energy can reduce motivation and cloud judgment.",1
money_C1_su_ex_fire,intro,It is a day when the flow of wealth is completely reversed and losses continue.,1
money_C1_su_ex_fire,effect,A poorly timed financial decision accelerates the loss.,1
money_C1_su_ex_fire,action,Put off all today’s financial decisions until tomorrow.,1
money_C1_su_ex_fire,state,"Emotions become deep, so it is easy to be shaken by even the slightest stimulus, and excited energy can disturb calmness and lead to minor mistakes.",1
money_C1_su_ex_water,intro,It is a day when the flow of wealth is completely reversed and losses continue.,1
money_C1_su_ex_water,effect,A poorly timed financial decision accelerates the loss.,1
money_C1_su_ex_water,action,Put off all today’s financial decisions until tomorrow.,1
money_C1_su_ex_water,state,"As emotions become deeper, it is easy to be shaken by even the slightest stimulus, and the energy of rain and snow may not calm the emotions, making the heart heavy.",1
money_C1_su_ex_wood,intro,It is a day when the flow of wealth is completely reversed and losses continue.,1
money_C1_su_ex_wood,effect,A poorly timed financial decision accelerates the loss.,1
money_C1_su_ex_wood,action,Put off all today’s financial decisions until tomorrow.,1
money_C1_su_ex_wood,state,"As your emotions deepen, it is easy to be shaken by even the slightest stimulus, and the energy of change can keep interfering and disrupting your plans.",1
money_C1_to_df_earth,intro,This is a day when your financial base is seriously weakened and any spending is risky.,1
money_C1_to_df_earth,effect,An unstable financial base can lead to continuous losses.,1
money_C1_to_df_earth,action,Just spend the minimum essentials and put everything else on hold.,1
money_C1_to_df_earth,state,"Because you are not centered, it is easy for your decisions to change, and cloudy energy can reduce motivation and cloud your judgment.",1
money_C1_to_df_fire,intro,This is a day when your financial base is seriously weakened and any spending is risky.,1
money_C1_to_df_fire,effect,An unstable financial base can lead to continuous losses.,1
money_C1_to_df_fire,action,Just spend the minimum essentials and put everything else on hold.,1
money_C1_to_df_fire,state,"Because you are not centered, it is easy for your decisions to change, and your excited energy can dissipate your calmness and lead to minor mistakes.",1
money_C1_to_df_water,intro,This is a day when your financial base is seriously weakened and any spending is risky.,1
money_C1_to_df_water,effect,An unstable financial base can lead to continuous losses.,1
money_C1_to_df_water,action,Just spend the minimum essentials and put everything else on hold.,1
money_C1_to_df_water,state,"Because you are not centered, it is easy for your decisions to change, and the energy of rain and snow cannot calm your emotions, making your heart heavy.",1
money_C1_to_df_wood,intro,This is a day when your financial base is seriously weakened and any spending is risky.,1
money_C1_to_df_wood,effect,An unstable financial base can lead to continuous losses.,1
money_C1_to_df_wood,action,Just spend the minimum essentials and put everything else on hold.,1
money_C1_to_df_wood,state,"Because you are not centered, it is easy for your decisions to change, and the energy of change can keep interfering with your plans.",1
money_C1_to_ex_earth,intro,This is a day when your financial base is seriously weakened and any spending is risky.,1
money_C1_to_ex_earth,effect,An unstable financial base can lead to continuous losses.,1
money_C1_to_ex_earth,action,Just spend the minimum essentials and put everything else on hold.,1
money_C1_to_ex_earth,state,"It is easy to ignore changes that require a stubborn stability orientation, and cloudy energy can reduce motivation and cloud judgment.",1
money_C1_to_ex_fire,intro,This is a day when your financial base is seriously weakened and any spending is risky.,1
money_C1_to_ex_fire,effect,An unstable financial base can lead to continuous losses.,1
money_C1_to_ex_fire,action,Just spend the minimum essentials and put everything else on hold.,1
money_C1_to_ex_fire,state,"It is easy to ignore changes that require stubborn stability, and excited energy can disturb calmness and lead to minor mistakes.",1
money_C1_to_ex_water,intro,This is a day when your financial base is seriously weakened and any spending is risky.,1
money_C1_to_ex_water,effect,An unstable financial base can lead to continuous losses.,1
money_C1_to_ex_water,action,Just spend the minimum essentials and put everything else on hold.,1
money_C1_to_ex_water,state,"It is easy to ignore changes that require stubborn stability, and the energy of rain and snow may not calm your emotions, making your heart heavy.",1
money_C1_to_ex_wood,intro,This is a day when your financial base is seriously weakened and any spending is risky.,1
money_C1_to_ex_wood,effect,An unstable financial base can lead to continuous losses.,1
money_C1_to_ex_wood,action,Just spend the minimum essentials and put everything else on hold.,1
money_C1_to_ex_wood,state,"It is easy to ignore changes that require a stubborn stability orientation, and the energy of change can keep interfering and disrupt your plans.",1
money_D,intro,"The wealth energy is completely closed today, so any financial actions should be kept to a minimum.",1
money_D,intro,"Today is a time when money flows are reversed, so preventing spending as much as possible is the top priority.",1
money_D,effect,You must remain alert as unexpected large expenses or financial losses may occur.,1
money_D,effect,"This is a day when the possibility of mistakes is high in all financial activities, so it is safe to postpone transactions or payments as much as possible.",1
money_D,action,It's best to completely close your wallet today and postpone all financial decisions until tomorrow.,1
money_D,action,Never spend money unplanned and just check your bank account balance.,1
money_D_geum_df_earth,intro,This is a day when your financial fortune is at its lowest and all financial decisions are risky.,1
money_D_geum_df_earth,effect,"Your judgment of wealth becomes extremely clouded, and any choice you make will lead to loss.",1
money_D_geum_df_earth,action,"Today, stop doing anything related to money completely.",1
money_D_geum_df_earth,state,"Your determination may be greatly broken, and any choice you make may result in regret, and the thick, cloudy energy may greatly slow down everything.",1
money_D_geum_df_fire,intro,This is a day when your financial fortune is at its lowest and all financial decisions are risky.,1
money_D_geum_df_fire,effect,"Your judgment of wealth becomes extremely clouded, and any choice you make will lead to loss.",1
money_D_geum_df_fire,action,"Today, stop doing anything related to money completely.",1
money_D_geum_df_fire,state,"Decisiveness can be greatly weakened, and any choice can lead to regret, and strong yang can encourage impulses and lead to reckless actions.",1
money_D_geum_df_water,intro,This is a day when your financial fortune is at its lowest and all financial decisions are risky.,1
money_D_geum_df_water,effect,"Your judgment of wealth becomes extremely clouded, and any choice you make will lead to loss.",1
money_D_geum_df_water,action,"Today, stop doing anything related to money completely.",1
money_D_geum_df_water,state,"Your determination can be greatly broken, and any choice you make can result in regret, and the force of heavy rain and snow can shake your emotions violently, making it difficult to control them.",1
money_D_geum_df_wood,intro,This is a day when your financial fortune is at its lowest and all financial decisions are risky.,1
money_D_geum_df_wood,effect,"Your judgment of wealth becomes extremely clouded, and any choice you make will lead to loss.",1
money_D_geum_df_wood,action,"Today, stop doing anything related to money completely.",1
money_D_geum_df_wood,state,"Your determination may be greatly broken, any choice you make may end in regret, and the fierce energy of change may cause all your predictions to go astray.",1
money_D_geum_ex_earth,intro,This is a day when your financial fortune is at its lowest and all financial decisions are risky.,1
money_D_geum_ex_earth,effect,"Your judgment of wealth becomes extremely clouded, and any choice you make will lead to loss.",1
money_D_geum_ex_earth,action,"Today, stop doing anything related to money completely.",1
money_D_geum_ex_earth,state,"If the sharpness goes too far, it can create a deep rift with the surroundings, and the thick cloudy energy can greatly slow down everything.",1
money_D_geum_ex_fire,intro,This is a day when your financial fortune is at its lowest and all financial decisions are risky.,1
money_D_geum_ex_fire,effect,"Your judgment of wealth becomes extremely clouded, and any choice you make will lead to loss.",1
money_D_geum_ex_fire,action,"Today, stop doing anything related to money completely.",1
money_D_geum_ex_fire,state,"Sharpness can go too far and create deep rifts with those around you, and strong yang can encourage impulses and lead to reckless actions.",1
money_D_geum_ex_water,intro,This is a day when your financial fortune is at its lowest and all financial decisions are risky.,1
money_D_geum_ex_water,effect,"Your judgment of wealth becomes extremely clouded, and any choice you make will lead to loss.",1
money_D_geum_ex_water,action,"Today, stop doing anything related to money completely.",1
money_D_geum_ex_water,state,"The sharpness can go too far and create deep cracks with the surroundings, and the force of heavy rain and snow can shake your emotions violently, making it difficult to control them.",1
money_D_geum_ex_wood,intro,This is a day when your financial fortune is at its lowest and all financial decisions are risky.,1
money_D_geum_ex_wood,effect,"Your judgment of wealth becomes extremely clouded, and any choice you make will lead to loss.",1
money_D_geum_ex_wood,action,"Today, stop doing anything related to money completely.",1
money_D_geum_ex_wood,state,"Sharpness can go too far and create deep cracks with the surroundings, and the fierce energy of change can make all predictions go astray.",1
money_D_hwa_df_earth,intro,"This is a day when your financial intuition can be completely blocked, leading to the worst decisions.",1
money_D_hwa_df_earth,effect,A wrong sense of wealth creates irreversible losses.,1
money_D_hwa_df_earth,action,Strictly suppress your material-related impulses and get through the day.,1
money_D_hwa_df_earth,state,"The way to convey one's feelings is completely closed, which can deepen misunderstandings and disconnection, and the thick, cloudy energy can greatly slow down everything.",1
money_D_hwa_df_fire,intro,"This is a day when your financial intuition can be completely blocked, leading to the worst decisions.",1
money_D_hwa_df_fire,effect,A wrong sense of wealth creates irreversible losses.,1
money_D_hwa_df_fire,action,Strictly suppress your material-related impulses and get through the day.,1
money_D_hwa_df_fire,state,"The way to communicate one's feelings is completely closed, which can deepen misunderstandings and disconnection, and strong positive energy can encourage impulses and lead to reckless actions.",1
money_D_hwa_df_water,intro,"This is a day when your financial intuition can be completely blocked, leading to the worst decisions.",1
money_D_hwa_df_water,effect,A wrong sense of wealth creates irreversible losses.,1
money_D_hwa_df_water,action,Strictly suppress your material-related impulses and get through the day.,1
money_D_hwa_df_water,state,"The way to communicate one's feelings is completely closed, which can deepen misunderstandings and disconnection, and the force of heavy rain and snow can shake emotions violently, making it difficult to control them.",1
money_D_hwa_df_wood,intro,"This is a day when your financial intuition can be completely blocked, leading to the worst decisions.",1
money_D_hwa_df_wood,effect,A wrong sense of wealth creates irreversible losses.,1
money_D_hwa_df_wood,action,Strictly suppress your material-related impulses and get through the day.,1
money_D_hwa_df_wood,state,"The way to communicate one's feelings is completely closed, misunderstandings and disconnection can deepen, and the fierce energy of change can cause all predictions to go astray.",1
money_D_hwa_ex_earth,intro,"This is a day when your financial intuition can be completely blocked, leading to the worst decisions.",1
money_D_hwa_ex_earth,effect,A wrong sense of wealth creates irreversible losses.,1
money_D_hwa_ex_earth,action,Strictly suppress your material-related impulses and get through the day.,1
money_D_hwa_ex_earth,state,"Overheated emotions can spread into an irreparable conflict, and the thick cloudy energy can greatly slow down everything.",1
money_D_hwa_ex_fire,intro,"This is a day when your financial intuition can be completely blocked, leading to the worst decisions.",1
money_D_hwa_ex_fire,effect,A wrong sense of wealth creates irreversible losses.,1
money_D_hwa_ex_fire,action,Strictly suppress your material-related impulses and get through the day.,1
money_D_hwa_ex_fire,state,"Overheated emotions can lead to irreversible conflict, and strong yang can encourage impulses and lead to reckless actions.",1
money_D_hwa_ex_water,intro,"This is a day when your financial intuition can be completely blocked, leading to the worst decisions.",1
money_D_hwa_ex_water,effect,A wrong sense of wealth creates irreversible losses.,1
money_D_hwa_ex_water,action,Strictly suppress your material-related impulses and get through the day.,1
money_D_hwa_ex_water,state,"Overheated emotions can spread into an irreparable conflict, and the force of heavy rain and snow shakes emotions violently, making control difficult.",1
money_D_hwa_ex_wood,intro,"This is a day when your financial intuition can be completely blocked, leading to the worst decisions.",1
money_D_hwa_ex_wood,effect,A wrong sense of wealth creates irreversible losses.,1
money_D_hwa_ex_wood,action,Strictly suppress your material-related impulses and get through the day.,1
money_D_hwa_ex_wood,state,"Overheated emotions can spread into an irreparable conflict, and the fierce energy of change can cause all predictions to go astray.",1
money_D_mok_df_earth,intro,It is a day when expansion of wealth is completely blocked and only losses increase.,1
money_D_mok_df_earth,effect,Every attempt at wealth backfires and makes the situation worse.,1
money_D_mok_df_earth,action,Stop all material activities today and make plans for tomorrow.,1
money_D_mok_df_earth,state,"Fear can completely stop you from taking action and even cause you to lose opportunities, and the thick cloudy energy can greatly slow down everything.",1
money_D_mok_df_fire,intro,It is a day when expansion of wealth is completely blocked and only losses increase.,1
money_D_mok_df_fire,effect,Every attempt at wealth backfires and makes the situation worse.,1
money_D_mok_df_fire,action,Stop all material activities today and make plans for tomorrow.,1
money_D_mok_df_fire,state,"Fear can completely stop an action and even result in loss of opportunities, and strong positive energy can encourage impulses and lead to reckless actions.",1
money_D_mok_df_water,intro,It is a day when expansion of wealth is completely blocked and only losses increase.,1
money_D_mok_df_water,effect,Every attempt at wealth backfires and makes the situation worse.,1
money_D_mok_df_water,action,Stop all material activities today and make plans for tomorrow.,1
money_D_mok_df_water,state,"Fear can completely stop you from taking action and even cause you to lose opportunities, and the force of heavy rain and snow can shake your emotions so much that it becomes difficult to control them.",1
money_D_mok_df_wood,intro,It is a day when expansion of wealth is completely blocked and only losses increase.,1
money_D_mok_df_wood,effect,Every attempt at wealth backfires and makes the situation worse.,1
money_D_mok_df_wood,action,Stop all material activities today and make plans for tomorrow.,1
money_D_mok_df_wood,state,"Fear can completely stop action and even lead to loss of opportunities, and the fierce energy of change can cause all predictions to go astray.",1
money_D_mok_ex_earth,intro,It is a day when expansion of wealth is completely blocked and only losses increase.,1
money_D_mok_ex_earth,effect,Every attempt at wealth backfires and makes the situation worse.,1
money_D_mok_ex_earth,action,Stop all material activities today and make plans for tomorrow.,1
money_D_mok_ex_earth,state,"Uncontrollable motivation can lead to unreasonable accidents, and thick cloudy energy can greatly slow down everything.",1
money_D_mok_ex_fire,intro,It is a day when expansion of wealth is completely blocked and only losses increase.,1
money_D_mok_ex_fire,effect,Every attempt at wealth backfires and makes the situation worse.,1
money_D_mok_ex_fire,action,Stop all material activities today and make plans for tomorrow.,1
money_D_mok_ex_fire,state,"Uncontrollable motivation can lead to unreasonable accidents, and strong positive energy can encourage impulses and lead to reckless actions.",1
money_D_mok_ex_water,intro,It is a day when expansion of wealth is completely blocked and only losses increase.,1
money_D_mok_ex_water,effect,Every attempt at wealth backfires and makes the situation worse.,1
money_D_mok_ex_water,action,Stop all material activities today and make plans for tomorrow.,1
money_D_mok_ex_water,state,"Uncontrollable motivation can lead to unreasonable accidents, and the force of heavy rain and snow can shake emotions violently, making control difficult.",1
money_D_mok_ex_wood,intro,It is a day when expansion of wealth is completely blocked and only losses increase.,1
money_D_mok_ex_wood,effect,Every attempt at wealth backfires and makes the situation worse.,1
money_D_mok_ex_wood,action,Stop all material activities today and make plans for tomorrow.,1
money_D_mok_ex_wood,state,"Uncontrollable motivation can lead to unreasonable thinking, and the fierce energy of change can cause all predictions to go astray.",1
money_D_su_df_earth,intro,It is a day when the flow of wealth is completely blocked and there is no timing or opportunity.,1
money_D_su_df_earth,effect,"The timing of all financial decisions is off, producing the worst results.",1
money_D_su_df_earth,action,Stop all your financial plans and wait for recovery.,1
money_D_su_df_earth,state,"A rigid attitude blocks all flow, making progress difficult, and thick, cloudy energy can greatly slow down everything.",1
money_D_su_df_fire,intro,It is a day when the flow of wealth is completely blocked and there is no timing or opportunity.,1
money_D_su_df_fire,effect,"The timing of all financial decisions is off, producing the worst results.",1
money_D_su_df_fire,action,Stop all your financial plans and wait for recovery.,1
money_D_su_df_fire,state,"A rigid attitude blocks all flow, making progress difficult, and strong positive energy can encourage impulses and lead to reckless actions.",1
money_D_su_df_water,intro,It is a day when the flow of wealth is completely blocked and there is no timing or opportunity.,1
money_D_su_df_water,effect,"The timing of all financial decisions is off, producing the worst results.",1
money_D_su_df_water,action,Stop all your financial plans and wait for recovery.,1
money_D_su_df_water,state,"A rigid attitude blocks all flow, making progress difficult, and the force of heavy rain and snow shakes emotions violently, making control difficult.",1
money_D_su_df_wood,intro,It is a day when the flow of wealth is completely blocked and there is no timing or opportunity.,1
money_D_su_df_wood,effect,"The timing of all financial decisions is off, producing the worst results.",1
money_D_su_df_wood,action,Stop all your financial plans and wait for recovery.,1
money_D_su_df_wood,state,"A rigid attitude blocks all flow, making progress difficult, and the fierce energy of change can cause all predictions to go astray.",1
money_D_su_ex_earth,intro,It is a day when the flow of wealth is completely blocked and there is no timing or opportunity.,1
money_D_su_ex_earth,effect,"The timing of all financial decisions is off, producing the worst results.",1
money_D_su_ex_earth,action,Stop all your financial plans and wait for recovery.,1
money_D_su_ex_earth,state,"The torrent of emotions can overwhelm reason and lead to big mistakes, and the thick, cloudy energy can greatly slow down everything.",1
money_D_su_ex_fire,intro,It is a day when the flow of wealth is completely blocked and there is no timing or opportunity.,1
money_D_su_ex_fire,effect,"The timing of all financial decisions is off, producing the worst results.",1
money_D_su_ex_fire,action,Stop all your financial plans and wait for recovery.,1
money_D_su_ex_fire,state,"A torrent of emotions can overwhelm reason and lead to big mistakes, and strong positive energy can encourage impulses and lead to reckless actions.",1
money_D_su_ex_water,intro,It is a day when the flow of wealth is completely blocked and there is no timing or opportunity.,1
money_D_su_ex_water,effect,"The timing of all financial decisions is off, producing the worst results.",1
money_D_su_ex_water,action,Stop all your financial plans and wait for recovery.,1
money_D_su_ex_water,state,"A torrent of emotions can overwhelm reason and lead to big mistakes, and the force of heavy rain and snow can shake emotions violently, making it difficult to control them.",1
money_D_su_ex_wood,intro,It is a day when the flow of wealth is completely blocked and there is no timing or opportunity.,1
money_D_su_ex_wood,effect,"The timing of all financial decisions is off, producing the worst results.",1
money_D_su_ex_wood,action,Stop all your financial plans and wait for recovery.,1
money_D_su_ex_wood,state,"The torrent of emotions can overwhelm reason and lead to big mistakes, and the fierce energy of change can cause all predictions to go astray.",1
money_D_to_df_earth,intro,"Your financial foundation has completely collapsed, so any financial actions today are risky.",1
money_D_to_df_earth,effect,An unstable financial situation leads to extreme losses.,1
money_D_to_df_earth,action,"Today, stop making financial decisions completely and focus on finding stability.",1
money_D_to_df_earth,state,"You can completely lose your balance and everything can go out of control, and the thick cloudy energy can greatly slow down everything.",1
money_D_to_df_fire,intro,"Your financial foundation has completely collapsed, so any financial actions today are risky.",1
money_D_to_df_fire,effect,An unstable financial situation leads to extreme losses.,1
money_D_to_df_fire,action,"Today, stop making financial decisions completely and focus on finding stability.",1
money_D_to_df_fire,state,"If you completely lose your balance, everything can go out of control, and strong yang energy can encourage impulses and lead you to reckless actions.",1
money_D_to_df_water,intro,"Your financial foundation has completely collapsed, so any financial actions today are risky.",1
money_D_to_df_water,effect,An unstable financial situation leads to extreme losses.,1
money_D_to_df_water,action,"Today, stop making financial decisions completely and focus on finding stability.",1
money_D_to_df_water,state,"You can completely lose your balance and everything can go out of control, and the force of heavy rain and snow can shake your emotions so much that it becomes difficult to control them.",1
money_D_to_df_wood,intro,"Your financial foundation has completely collapsed, so any financial actions today are risky.",1
money_D_to_df_wood,effect,An unstable financial situation leads to extreme losses.,1
money_D_to_df_wood,action,"Today, stop making financial decisions completely and focus on finding stability.",1
money_D_to_df_wood,state,"If you completely lose your balance, everything can go out of control, and the violent energy of change can make all your predictions go astray.",1
money_D_to_ex_earth,intro,"Your financial foundation has completely collapsed, so any financial actions today are risky.",1
money_D_to_ex_earth,effect,An unstable financial situation leads to extreme losses.,1
money_D_to_ex_earth,action,"Today, stop making financial decisions completely and focus on finding stability.",1
money_D_to_ex_earth,state,"Refusal to change can escalate a crisis and make recovery difficult, and a thick, cloudy atmosphere can greatly slow down everything.",1
money_D_to_ex_fire,intro,"Your financial foundation has completely collapsed, so any financial actions today are risky.",1
money_D_to_ex_fire,effect,An unstable financial situation leads to extreme losses.,1
money_D_to_ex_fire,action,"Today, stop making financial decisions completely and focus on finding stability.",1
money_D_to_ex_fire,state,"Refusal to change can escalate the crisis and make recovery difficult, and strong positive energy can encourage impulses and lead to reckless actions.",1
money_D_to_ex_water,intro,"Your financial foundation has completely collapsed, so any financial actions today are risky.",1
money_D_to_ex_water,effect,An unstable financial situation leads to extreme losses.,1
money_D_to_ex_water,action,"Today, stop making financial decisions completely and focus on finding stability.",1
money_D_to_ex_water,state,"Refusal to change can escalate the crisis and make recovery difficult, and the force of heavy rain and snow can shake emotions violently, making control difficult.",1
money_D_to_ex_wood,intro,"Your financial foundation has completely collapsed, so any financial actions today are risky.",1
money_D_to_ex_wood,effect,An unstable financial situation leads to extreme losses.,1
money_D_to_ex_wood,action,"Today, stop making financial decisions completely and focus on finding stability.",1
money_D_to_ex_wood,state,"Refusal to change can escalate a crisis and make recovery difficult, and the fierce energy of change can cause all predictions to go astray.",1
work_A,intro,"Today is the day when your career luck opens up, your efforts are recognized, and opportunities come to you.",1
work_A,intro,Today is the day when your work energy will be at its best and you can accomplish anything.,1
work_A,effect,"You can achieve results with high concentration, and support from those around you naturally follows.",1
work_A,effect,You will achieve outstanding results from your work today and your trust and evaluation will increase.,1
work_A,action,Set higher goals than usual and pursue them boldly.,1
work_A,action,"If you handle key tasks early, today's fortune will double your performance.",1
work_A_geum_df_earth,intro,It is a day when your work ability is at its peak and you can handle any task clearly.,1
work_A_geum_df_earth,effect,Sharp work concentration maximizes performance.,1
work_A_geum_df_earth,action,Take action on important tasks now.,1
work_A_geum_df_earth,state,"Calm judgment increases prudence, leading to deep insight, and calm energy increases prudence, leading to good results.",1
work_A_geum_df_fire,intro,It is a day when your work ability is at its peak and you can handle any task clearly.,1
work_A_geum_df_fire,effect,Sharp work concentration maximizes performance.,1
work_A_geum_df_fire,action,Take action on important tasks now.,1
work_A_geum_df_fire,state,"Calm judgment increases prudence, leads to deep insight, and clear energy increases vitality and creates a good flow.",1
work_A_geum_df_water,intro,It is a day when your work ability is at its peak and you can handle any task clearly.,1
work_A_geum_df_water,effect,Sharp work concentration maximizes performance.,1
work_A_geum_df_water,action,Take action on important tasks now.,1
work_A_geum_df_water,state,"Calm judgment increases prudence and leads to deep insight, and moist energy deeply refines the mind and opens clear vision.",1
work_A_geum_df_wood,intro,It is a day when your work ability is at its peak and you can handle any task clearly.,1
work_A_geum_df_wood,effect,Sharp work concentration maximizes performance.,1
work_A_geum_df_wood,action,Take action on important tasks now.,1
work_A_geum_df_wood,state,"Calm judgment increases prudence, leads to deep insight, and dynamic energy opens up new possibilities.",1
work_A_geum_ex_earth,intro,It is a day when your work ability is at its peak and you can handle any task clearly.,1
work_A_geum_ex_earth,effect,Sharp work concentration maximizes performance.,1
work_A_geum_ex_earth,action,Take action on important tasks now.,1
work_A_geum_ex_earth,state,"Sharp judgment penetrates to the core and leads to clear conclusions, and calm energy increases prudence, leading to good results.",1
work_A_geum_ex_fire,intro,It is a day when your work ability is at its peak and you can handle any task clearly.,1
work_A_geum_ex_fire,effect,Sharp work concentration maximizes performance.,1
work_A_geum_ex_fire,action,Take action on important tasks now.,1
work_A_geum_ex_fire,state,"Sharp judgment penetrates the core and draws clear conclusions, and clear energy boosts vitality and creates a good flow.",1
work_A_geum_ex_water,intro,It is a day when your work ability is at its peak and you can handle any task clearly.,1
work_A_geum_ex_water,effect,Sharp work concentration maximizes performance.,1
work_A_geum_ex_water,action,Take action on important tasks now.,1
work_A_geum_ex_water,state,"Sharp judgment penetrates the core and draws clear conclusions, and moist energy deeply refines the mind and opens clear vision.",1
work_A_geum_ex_wood,intro,It is a day when your work ability is at its peak and you can handle any task clearly.,1
work_A_geum_ex_wood,effect,Sharp work concentration maximizes performance.,1
work_A_geum_ex_wood,action,Take action on important tasks now.,1
work_A_geum_ex_wood,state,"Sharp judgment penetrates to the core and draws clear conclusions, and dynamic energy opens up new possibilities.",1
work_A_hwa_df_earth,intro,It is a day when you are overflowing with passion and your motivation to work is at its peak.,1
work_A_hwa_df_earth,effect,"Because you are full of energy, even difficult tasks are solved quickly.",1
work_A_hwa_df_earth,action,Start with the most challenging tasks and build momentum.,1
work_A_hwa_df_earth,state,"A calm inner self gives you the power to fully express your sincerity, and a calm energy increases prudence, leading to good results.",1
work_A_hwa_df_fire,intro,It is a day when you are overflowing with passion and your motivation to work is at its peak.,1
work_A_hwa_df_fire,effect,"Because you are full of energy, even difficult tasks are solved quickly.",1
work_A_hwa_df_fire,action,Start with the most challenging tasks and build momentum.,1
work_A_hwa_df_fire,state,"A calm inner self gives you the power to fully express your sincerity, and clear energy boosts your vitality and creates a good flow.",1
work_A_hwa_df_water,intro,It is a day when you are overflowing with passion and your motivation to work is at its peak.,1
work_A_hwa_df_water,effect,"Because you are full of energy, even difficult tasks are solved quickly.",1
work_A_hwa_df_water,action,Start with the most challenging tasks and build momentum.,1
work_A_hwa_df_water,state,"A calm inner self gives you the power to fully express your true feelings, and moist energy deeply refines your mind and opens up clear vision.",1
work_A_hwa_df_wood,intro,It is a day when you are overflowing with passion and your motivation to work is at its peak.,1
work_A_hwa_df_wood,effect,"Because you are full of energy, even difficult tasks are solved quickly.",1
work_A_hwa_df_wood,action,Start with the most challenging tasks and build momentum.,1
work_A_hwa_df_wood,state,"A calm inner self gives you the power to fully express your sincerity, and dynamic energy opens up new possibilities.",1
work_A_hwa_ex_earth,intro,It is a day when you are overflowing with passion and your motivation to work is at its peak.,1
work_A_hwa_ex_earth,effect,"Because you are full of energy, even difficult tasks are solved quickly.",1
work_A_hwa_ex_earth,action,Start with the most challenging tasks and build momentum.,1
work_A_hwa_ex_earth,state,"Overflowing passion greatly increases momentum and creates a good flow, and calm energy increases prudence, leading to good results.",1
work_A_hwa_ex_fire,intro,It is a day when you are overflowing with passion and your motivation to work is at its peak.,1
work_A_hwa_ex_fire,effect,"Because you are full of energy, even difficult tasks are solved quickly.",1
work_A_hwa_ex_fire,action,Start with the most challenging tasks and build momentum.,1
work_A_hwa_ex_fire,state,"Overflowing passion greatly increases driving force and creates a good flow, and clear energy increases vitality and creates a good flow.",1
work_A_hwa_ex_water,intro,It is a day when you are overflowing with passion and your motivation to work is at its peak.,1
work_A_hwa_ex_water,effect,"Because you are full of energy, even difficult tasks are solved quickly.",1
work_A_hwa_ex_water,action,Start with the most challenging tasks and build momentum.,1
work_A_hwa_ex_water,state,"The overflowing passion greatly increases the driving force and creates a good flow, and the moist energy deeply refines the mind and opens clear vision.",1
work_A_hwa_ex_wood,intro,It is a day when you are overflowing with passion and your motivation to work is at its peak.,1
work_A_hwa_ex_wood,effect,"Because you are full of energy, even difficult tasks are solved quickly.",1
work_A_hwa_ex_wood,action,Start with the most challenging tasks and build momentum.,1
work_A_hwa_ex_wood,state,"Overflowing passion greatly increases driving force, creating a good flow, and dynamic energy opens up new possibilities.",1
work_A_mok_df_earth,intro,This is a day when your work growth energy becomes active and you stand out in a new role.,1
work_A_mok_df_earth,effect,Expanded capabilities broaden the scope of work and increase performance.,1
work_A_mok_df_earth,action,Take on new projects or roles with confidence.,1
work_A_mok_df_earth,state,"A cautious approach actually creates a solid start, and a calm energy increases prudence, leading to good results.",1
work_A_mok_df_fire,intro,This is a day when your work growth energy becomes active and you stand out in a new role.,1
work_A_mok_df_fire,effect,Expanded capabilities broaden the scope of work and increase performance.,1
work_A_mok_df_fire,action,Take on new projects or roles with confidence.,1
work_A_mok_df_fire,state,"A cautious approach actually creates a solid start, and clear energy boosts vitality and creates a good flow.",1
work_A_mok_df_water,intro,This is a day when your work growth energy becomes active and you stand out in a new role.,1
work_A_mok_df_water,effect,Expanded capabilities broaden the scope of work and increase performance.,1
work_A_mok_df_water,action,Take on new projects or roles with confidence.,1
work_A_mok_df_water,state,"A cautious approach actually creates a solid start, and moist energy deeply refines the mind and opens clear vision.",1
work_A_mok_df_wood,intro,This is a day when your work growth energy becomes active and you stand out in a new role.,1
work_A_mok_df_wood,effect,Expanded capabilities broaden the scope of work and increase performance.,1
work_A_mok_df_wood,action,Take on new projects or roles with confidence.,1
work_A_mok_df_wood,state,"A cautious approach creates a solid start, and dynamic energy opens up new possibilities.",1
work_A_mok_ex_earth,intro,This is a day when your work growth energy becomes active and you stand out in a new role.,1
work_A_mok_ex_earth,effect,Expanded capabilities broaden the scope of work and increase performance.,1
work_A_mok_ex_earth,action,Take on new projects or roles with confidence.,1
work_A_mok_ex_earth,state,"A strong will actively opens up new opportunities, and a calm energy increases prudence, leading to good results.",1
work_A_mok_ex_fire,intro,This is a day when your work growth energy becomes active and you stand out in a new role.,1
work_A_mok_ex_fire,effect,Expanded capabilities broaden the scope of work and increase performance.,1
work_A_mok_ex_fire,action,Take on new projects or roles with confidence.,1
work_A_mok_ex_fire,state,"A strong will actively opens up new opportunities, and clear energy increases vitality and creates a good flow.",1
work_A_mok_ex_water,intro,This is a day when your work growth energy becomes active and you stand out in a new role.,1
work_A_mok_ex_water,effect,Expanded capabilities broaden the scope of work and increase performance.,1
work_A_mok_ex_water,action,Take on new projects or roles with confidence.,1
work_A_mok_ex_water,state,"A strong will actively opens up new opportunities, and moist energy deeply refines the mind and opens clear vision.",1
work_A_mok_ex_wood,intro,This is a day when your work growth energy becomes active and you stand out in a new role.,1
work_A_mok_ex_wood,effect,Expanded capabilities broaden the scope of work and increase performance.,1
work_A_mok_ex_wood,action,Take on new projects or roles with confidence.,1
work_A_mok_ex_wood,state,"A strong will actively opens up new opportunities, and a dynamic energy opens up new possibilities.",1
work_A_su_df_earth,intro,It is a day when work flows are naturally connected and collaboration proceeds without interruption.,1
work_A_su_df_earth,effect,Smooth communication increases work efficiency and accelerates results.,1
work_A_su_df_earth,action,Accelerate your work by leveraging collaboration with your team.,1
work_A_su_df_earth,state,"A solid center helps you maintain your direction without wavering, and a calm energy increases prudence, leading to good results.",1
work_A_su_df_fire,intro,It is a day when work flows are naturally connected and collaboration proceeds without interruption.,1
work_A_su_df_fire,effect,Smooth communication increases work efficiency and accelerates results.,1
work_A_su_df_fire,action,Accelerate your work by leveraging collaboration with your team.,1
work_A_su_df_fire,state,"A solid center keeps you in the right direction without wavering, and clear energy boosts vitality and creates a good flow.",1
work_A_su_df_water,intro,It is a day when work flows are naturally connected and collaboration proceeds without interruption.,1
work_A_su_df_water,effect,Smooth communication increases work efficiency and accelerates results.,1
work_A_su_df_water,action,Accelerate your work by leveraging collaboration with your team.,1
work_A_su_df_water,state,"A solid center helps you keep your direction without wavering, and moist energy deeply refines your mind and opens up clear vision.",1
work_A_su_df_wood,intro,It is a day when work flows are naturally connected and collaboration proceeds without interruption.,1
work_A_su_df_wood,effect,Smooth communication increases work efficiency and accelerates results.,1
work_A_su_df_wood,action,Accelerate your work by leveraging collaboration with your team.,1
work_A_su_df_wood,state,"A solid center maintains the direction without wavering, and dynamic energy opens up new possibilities.",1
work_A_su_ex_earth,intro,It is a day when work flows are naturally connected and collaboration proceeds without interruption.,1
work_A_su_ex_earth,effect,Smooth communication increases work efficiency and accelerates results.,1
work_A_su_ex_earth,action,Accelerate your work by leveraging collaboration with your team.,1
work_A_su_ex_earth,state,"Rich sensitivity leads to deep insight and helps in good judgment, and calm energy increases prudence, leading to good results.",1
work_A_su_ex_fire,intro,It is a day when work flows are naturally connected and collaboration proceeds without interruption.,1
work_A_su_ex_fire,effect,Smooth communication increases work efficiency and accelerates results.,1
work_A_su_ex_fire,action,Accelerate your work by leveraging collaboration with your team.,1
work_A_su_ex_fire,state,"Rich sensitivity leads to deep insight and helps in making good decisions, and clear energy increases vitality and creates a good flow.",1
work_A_su_ex_water,intro,It is a day when work flows are naturally connected and collaboration proceeds without interruption.,1
work_A_su_ex_water,effect,Smooth communication increases work efficiency and accelerates results.,1
work_A_su_ex_water,action,Accelerate your work by leveraging collaboration with your team.,1
work_A_su_ex_water,state,"Rich sensitivity leads to deep insight and helps in good judgment, and moist energy deeply refines the mind and opens clear vision.",1
work_A_su_ex_wood,intro,It is a day when work flows are naturally connected and collaboration proceeds without interruption.,1
work_A_su_ex_wood,effect,Smooth communication increases work efficiency and accelerates results.,1
work_A_su_ex_wood,action,Accelerate your work by leveraging collaboration with your team.,1
work_A_su_ex_wood,state,"Rich sensitivity leads to deep insight and helps in making good decisions, and dynamic energy opens up new possibilities.",1
work_A_to_df_earth,intro,It is a day when work stability is at its highest and you are not shaken in any environment.,1
work_A_to_df_earth,effect,A stable work base reduces mistakes and improves quality.,1
work_A_to_df_earth,action,Increase the level of completion by focusing on meticulous finishing work.,1
work_A_to_df_earth,state,"A flexible attitude allows you to naturally accept new trends, and a calm energy increases prudence, leading to good results.",1
work_A_to_df_fire,intro,It is a day when work stability is at its highest and you are not shaken in any environment.,1
work_A_to_df_fire,effect,A stable work base reduces mistakes and improves quality.,1
work_A_to_df_fire,action,Increase the level of completion by focusing on meticulous finishing work.,1
work_A_to_df_fire,state,"A flexible attitude allows you to naturally accept new trends, and clear energy increases vitality and creates a good flow.",1
work_A_to_df_water,intro,It is a day when work stability is at its highest and you are not shaken in any environment.,1
work_A_to_df_water,effect,A stable work base reduces mistakes and improves quality.,1
work_A_to_df_water,action,Increase the level of completion by focusing on meticulous finishing work.,1
work_A_to_df_water,state,"A flexible attitude allows you to naturally accept new trends, and moist energy deeply refines your mind and opens up clear vision.",1
work_A_to_df_wood,intro,It is a day when work stability is at its highest and you are not shaken in any environment.,1
work_A_to_df_wood,effect,A stable work base reduces mistakes and improves quality.,1
work_A_to_df_wood,action,Increase the level of completion by focusing on meticulous finishing work.,1
work_A_to_df_wood,state,"A flexible attitude allows you to naturally accept new trends, and a dynamic energy opens up new possibilities.",1
work_A_to_ex_earth,intro,It is a day when work stability is at its highest and you are not shaken in any environment.,1
work_A_to_ex_earth,effect,A stable work base reduces mistakes and improves quality.,1
work_A_to_ex_earth,action,Increase the level of completion by focusing on meticulous finishing work.,1
work_A_to_ex_earth,state,"A strong sense of stability becomes a solid foundation for everything, and a calm energy increases prudence, leading to good results.",1
work_A_to_ex_fire,intro,It is a day when work stability is at its highest and you are not shaken in any environment.,1
work_A_to_ex_fire,effect,A stable work base reduces mistakes and improves quality.,1
work_A_to_ex_fire,action,Increase the level of completion by focusing on meticulous finishing work.,1
work_A_to_ex_fire,state,"A strong sense of stability becomes a solid foundation for everything, and clear energy boosts vitality and creates a good flow.",1
work_A_to_ex_water,intro,It is a day when work stability is at its highest and you are not shaken in any environment.,1
work_A_to_ex_water,effect,A stable work base reduces mistakes and improves quality.,1
work_A_to_ex_water,action,Increase the level of completion by focusing on meticulous finishing work.,1
work_A_to_ex_water,state,"A strong sense of stability becomes a solid foundation for everything, and moist energy deeply refines the mind and opens clear vision.",1
work_A_to_ex_wood,intro,It is a day when work stability is at its highest and you are not shaken in any environment.,1
work_A_to_ex_wood,effect,A stable work base reduces mistakes and improves quality.,1
work_A_to_ex_wood,action,Increase the level of completion by focusing on meticulous finishing work.,1
work_A_to_ex_wood,state,"A strong sense of stability provides a solid foundation for everything, and dynamic energy opens up new possibilities.",1
work_B,intro,"The flow at work today is good, and work progresses in a rhythm.",1
work_B,intro,"I have good work energy today, so my concentration and drive are higher than usual.",1
work_B,effect,You will have the opportunity to demonstrate your abilities at work and your efforts will be noticed.,1
work_B,effect,Collaboration is going smoothly and things are going as expected.,1
work_B,action,"If you come up with ideas more actively than usual, you are more likely to receive a good response.",1
work_B,action,Take advantage of today's good energy and use it to complete key tasks.,1
work_B_geum_df_earth,intro,It is a day when your work-processing ability remains stable and you can carry out your tasks with ease.,1
work_B_geum_df_earth,effect,"Concentration is maintained, work errors are reduced, and performance is uniform.",1
work_B_geum_df_earth,action,Carry out your work step by step as planned.,1
work_B_geum_df_earth,state,"Even if your determination becomes somewhat dull, the flow of daily life continues smoothly, and the cloudy energy adds to the calm atmosphere, creating a sense of tranquility.",1
work_B_geum_df_fire,intro,It is a day when your work-processing ability remains stable and you can carry out your tasks with ease.,1
work_B_geum_df_fire,effect,"Concentration is maintained, work errors are reduced, and performance is uniform.",1
work_B_geum_df_fire,action,Carry out your work step by step as planned.,1
work_B_geum_df_fire,state,"Even if your determination becomes somewhat dull, the flow of your daily life continues smoothly, and the clear energy adds light vitality, creating a smooth flow.",1
work_B_geum_df_water,intro,It is a day when your work-processing ability remains stable and you can carry out your tasks with ease.,1
work_B_geum_df_water,effect,"Concentration is maintained, work errors are reduced, and performance is uniform.",1
work_B_geum_df_water,action,Carry out your work step by step as planned.,1
work_B_geum_df_water,state,"Even if your determination becomes somewhat dull, the flow of your daily life continues smoothly, and the moist energy adds a calm lingering feeling to your emotions.",1
work_B_geum_df_wood,intro,It is a day when your work-processing ability remains stable and you can carry out your tasks with ease.,1
work_B_geum_df_wood,effect,"Concentration is maintained, work errors are reduced, and performance is uniform.",1
work_B_geum_df_wood,action,Carry out your work step by step as planned.,1
work_B_geum_df_wood,state,"Even if your determination becomes somewhat dull, the flow of daily life continues smoothly and the slight energy of change adds appropriate stimulation.",1
work_B_geum_ex_earth,intro,It is a day when your work-processing ability remains stable and you can carry out your tasks with ease.,1
work_B_geum_ex_earth,effect,"Concentration is maintained, work errors are reduced, and performance is uniform.",1
work_B_geum_ex_earth,action,Carry out your work step by step as planned.,1
work_B_geum_ex_earth,state,"Analytical judgment flows naturally at the usual pace, and the cloudy energy adds to the calm atmosphere, creating a sense of tranquility.",1
work_B_geum_ex_fire,intro,It is a day when your work-processing ability remains stable and you can carry out your tasks with ease.,1
work_B_geum_ex_fire,effect,"Concentration is maintained, work errors are reduced, and performance is uniform.",1
work_B_geum_ex_fire,action,Carry out your work step by step as planned.,1
work_B_geum_ex_fire,state,"Analytical judgment naturally follows the usual pace, and the clear energy adds light vitality, creating a smooth flow.",1
work_B_geum_ex_water,intro,It is a day when your work-processing ability remains stable and you can carry out your tasks with ease.,1
work_B_geum_ex_water,effect,"Concentration is maintained, work errors are reduced, and performance is uniform.",1
work_B_geum_ex_water,action,Carry out your work step by step as planned.,1
work_B_geum_ex_water,state,"Analytical judgment flows naturally at your usual pace, and the moist energy adds a calm lingering feeling to your emotions.",1
work_B_geum_ex_wood,intro,It is a day when your work-processing ability remains stable and you can carry out your tasks with ease.,1
work_B_geum_ex_wood,effect,"Concentration is maintained, work errors are reduced, and performance is uniform.",1
work_B_geum_ex_wood,action,Carry out your work step by step as planned.,1
work_B_geum_ex_wood,state,"Analytical judgment naturally follows the usual pace, and the slight energy of change adds appropriate stimulation.",1
work_B_hwa_df_earth,intro,It is a day when work motivation remains above average and work speed is good.,1
work_B_hwa_df_earth,effect,Sufficient energy supports work concentration.,1
work_B_hwa_df_earth,action,Tackle key tasks first when energy is high.,1
work_B_hwa_df_earth,state,"Even though expressions are restrained, the stability of the relationship is easily maintained, and the cloudy energy adds to the calm atmosphere, leading to a sense of tranquility.",1
work_B_hwa_df_fire,intro,It is a day when work motivation remains above average and work speed is good.,1
work_B_hwa_df_fire,effect,Sufficient energy supports work concentration.,1
work_B_hwa_df_fire,action,Tackle key tasks first when energy is high.,1
work_B_hwa_df_fire,state,"Even if expressions are restrained, the stability of the relationship is easily maintained, and the clear energy adds light vitality, creating a smooth flow.",1
work_B_hwa_df_water,intro,It is a day when work motivation remains above average and work speed is good.,1
work_B_hwa_df_water,effect,Sufficient energy supports work concentration.,1
work_B_hwa_df_water,action,Tackle key tasks first when energy is high.,1
work_B_hwa_df_water,state,"Even if expressions are restrained, the stability of the relationship is easily maintained, and the moist energy adds a calm lingering feeling to the emotions.",1
work_B_hwa_df_wood,intro,It is a day when work motivation remains above average and work speed is good.,1
work_B_hwa_df_wood,effect,Sufficient energy supports work concentration.,1
work_B_hwa_df_wood,action,Tackle key tasks first when energy is high.,1
work_B_hwa_df_wood,state,"Even if expressions are restrained, the stability of the relationship is easily maintained, and the slight energy of change adds appropriate stimulation.",1
work_B_hwa_ex_earth,intro,It is a day when work motivation remains above average and work speed is good.,1
work_B_hwa_ex_earth,effect,Sufficient energy supports work concentration.,1
work_B_hwa_ex_earth,action,Tackle key tasks first when energy is high.,1
work_B_hwa_ex_earth,state,"Passion is alive, but balance is also maintained, leading to a stable day, and the cloudy energy adds a calm atmosphere, leading to serenity.",1
work_B_hwa_ex_fire,intro,It is a day when work motivation remains above average and work speed is good.,1
work_B_hwa_ex_fire,effect,Sufficient energy supports work concentration.,1
work_B_hwa_ex_fire,action,Tackle key tasks first when energy is high.,1
work_B_hwa_ex_fire,state,"Passion remains alive and balance is maintained, leading to a stable day, and clear energy adds light vitality, creating a smooth flow.",1
work_B_hwa_ex_water,intro,It is a day when work motivation remains above average and work speed is good.,1
work_B_hwa_ex_water,effect,Sufficient energy supports work concentration.,1
work_B_hwa_ex_water,action,Tackle key tasks first when energy is high.,1
work_B_hwa_ex_water,state,"Passion remains alive and balance is maintained, leading to a stable day, and the moist energy adds a calm lingering feeling to the emotions.",1
work_B_hwa_ex_wood,intro,It is a day when work motivation remains above average and work speed is good.,1
work_B_hwa_ex_wood,effect,Sufficient energy supports work concentration.,1
work_B_hwa_ex_wood,action,Tackle key tasks first when energy is high.,1
work_B_hwa_ex_wood,state,"Passion is alive and balanced, leading to a stable day, and the slight energy of change adds appropriate stimulation.",1
work_B_mok_df_earth,intro,It is a day when your work capabilities grow steadily and you can take on new challenges.,1
work_B_mok_df_earth,effect,Growth energy leads to business expansion and competency development.,1
work_B_mok_df_earth,action,Try learning new work skills or expanding your role.,1
work_B_mok_df_earth,state,"Even if you are cautious about trying new things, your daily life flows steadily, and the cloudy energy adds to the calm atmosphere, leading to a sense of tranquility.",1
work_B_mok_df_fire,intro,It is a day when your work capabilities grow steadily and you can take on new challenges.,1
work_B_mok_df_fire,effect,Growth energy leads to business expansion and competency development.,1
work_B_mok_df_fire,action,Try learning new work skills or expanding your role.,1
work_B_mok_df_fire,state,"Even if you are cautious when trying new things, your daily life flows steadily, and the clear energy adds light vitality, creating a smooth flow.",1
work_B_mok_df_water,intro,It is a day when your work capabilities grow steadily and you can take on new challenges.,1
work_B_mok_df_water,effect,Growth energy leads to business expansion and competency development.,1
work_B_mok_df_water,action,Try learning new work skills or expanding your role.,1
work_B_mok_df_water,state,"Even if you are cautious about trying new things, your daily life flows steadily and the moist energy adds a calm lingering feeling to your emotions.",1
work_B_mok_df_wood,intro,It is a day when your work capabilities grow steadily and you can take on new challenges.,1
work_B_mok_df_wood,effect,Growth energy leads to business expansion and competency development.,1
work_B_mok_df_wood,action,Try learning new work skills or expanding your role.,1
work_B_mok_df_wood,state,"Even if you are cautious about trying new things, your daily life flows steadily and the slight energy of change adds appropriate stimulation.",1
work_B_mok_ex_earth,intro,It is a day when your work capabilities grow steadily and you can take on new challenges.,1
work_B_mok_ex_earth,effect,Growth energy leads to business expansion and competency development.,1
work_B_mok_ex_earth,action,Try learning new work skills or expanding your role.,1
work_B_mok_ex_earth,state,"Steady motivation makes progress step by step, and the cloudy energy adds to the calm atmosphere, leading to tranquility.",1
work_B_mok_ex_fire,intro,It is a day when your work capabilities grow steadily and you can take on new challenges.,1
work_B_mok_ex_fire,effect,Growth energy leads to business expansion and competency development.,1
work_B_mok_ex_fire,action,Try learning new work skills or expanding your role.,1
work_B_mok_ex_fire,state,"Steady motivation makes progress step by step, and clear energy adds light vitality, creating a smooth flow.",1
work_B_mok_ex_water,intro,It is a day when your work capabilities grow steadily and you can take on new challenges.,1
work_B_mok_ex_water,effect,Growth energy leads to business expansion and competency development.,1
work_B_mok_ex_water,action,Try learning new work skills or expanding your role.,1
work_B_mok_ex_water,state,"Steady motivation makes progress step by step, and the moist energy adds a calm lingering feeling to the emotions.",1
work_B_mok_ex_wood,intro,It is a day when your work capabilities grow steadily and you can take on new challenges.,1
work_B_mok_ex_wood,effect,Growth energy leads to business expansion and competency development.,1
work_B_mok_ex_wood,action,Try learning new work skills or expanding your role.,1
work_B_mok_ex_wood,state,"Steady motivation makes ordinary progress step by step, and the weak energy of change adds appropriate stimulation.",1
work_B_su_df_earth,intro,It is a day when work communication goes smoothly and collaboration goes well.,1
work_B_su_df_earth,effect,"Teamwork is strengthened, and work speed and quality increase together.",1
work_B_su_df_earth,action,Actively communicate with colleagues and create synergy.,1
work_B_su_df_earth,state,"Although flexibility is somewhat lacking, the basic rhythm is maintained without difficulty, and the cloudy energy adds a calm atmosphere, leading to a sense of tranquility.",1
work_B_su_df_fire,intro,It is a day when work communication goes smoothly and collaboration goes well.,1
work_B_su_df_fire,effect,"Teamwork is strengthened, and work speed and quality increase together.",1
work_B_su_df_fire,action,Actively communicate with colleagues and create synergy.,1
work_B_su_df_fire,state,"Although flexibility is somewhat lacking, the basic rhythm is maintained without difficulty, and the clear energy adds light vitality, creating a smooth flow.",1
work_B_su_df_water,intro,It is a day when work communication goes smoothly and collaboration goes well.,1
work_B_su_df_water,effect,"Teamwork is strengthened, and work speed and quality increase together.",1
work_B_su_df_water,action,Actively communicate with colleagues and create synergy.,1
work_B_su_df_water,state,"Although it lacks flexibility, the basic rhythm is maintained without difficulty, and the moist energy adds a calm lingering feeling to the emotions.",1
work_B_su_df_wood,intro,It is a day when work communication goes smoothly and collaboration goes well.,1
work_B_su_df_wood,effect,"Teamwork is strengthened, and work speed and quality increase together.",1
work_B_su_df_wood,action,Actively communicate with colleagues and create synergy.,1
work_B_su_df_wood,state,"Although flexibility is somewhat lacking, the basic rhythm is maintained without difficulty, and the slight energy of change adds appropriate stimulation.",1
work_B_su_ex_earth,intro,It is a day when work communication goes smoothly and collaboration goes well.,1
work_B_su_ex_earth,effect,"Teamwork is strengthened, and work speed and quality increase together.",1
work_B_su_ex_earth,action,Actively communicate with colleagues and create synergy.,1
work_B_su_ex_earth,state,"The day is full of emotions, making it a more attentive day than usual, and the cloudy energy adds a calm atmosphere, leading to a sense of tranquility.",1
work_B_su_ex_fire,intro,It is a day when work communication goes smoothly and collaboration goes well.,1
work_B_su_ex_fire,effect,"Teamwork is strengthened, and work speed and quality increase together.",1
work_B_su_ex_fire,action,Actively communicate with colleagues and create synergy.,1
work_B_su_ex_fire,state,"The day is rich in emotions, making it a more attentive day than usual, and the clear energy adds light vitality, creating a smooth flow.",1
work_B_su_ex_water,intro,It is a day when work communication goes smoothly and collaboration goes well.,1
work_B_su_ex_water,effect,"Teamwork is strengthened, and work speed and quality increase together.",1
work_B_su_ex_water,action,Actively communicate with colleagues and create synergy.,1
work_B_su_ex_water,state,"The day is full of emotions, making you more attentive than usual, and the moist energy adds a calming aftertaste to your emotions.",1
work_B_su_ex_wood,intro,It is a day when work communication goes smoothly and collaboration goes well.,1
work_B_su_ex_wood,effect,"Teamwork is strengthened, and work speed and quality increase together.",1
work_B_su_ex_wood,action,Actively communicate with colleagues and create synergy.,1
work_B_su_ex_wood,state,"The day is full of emotions, making it a more attentive day than usual, and the slight energy of change adds appropriate stimulation.",1
work_B_to_df_earth,intro,It is a day when work stability is maintained and tasks can be completed without mistakes.,1
work_B_to_df_earth,effect,Stable work processing builds trust and improves the quality of results.,1
work_B_to_df_earth,action,Concentrate on completing your tasks thoroughly today.,1
work_B_to_df_earth,state,"Even if the center of gravity is somewhat shaken, the balance of daily life is maintained without much trouble, and the cloudy energy adds to the calm atmosphere, leading to a sense of tranquility.",1
work_B_to_df_fire,intro,It is a day when work stability is maintained and tasks can be completed without mistakes.,1
work_B_to_df_fire,effect,Stable work processing builds trust and improves the quality of results.,1
work_B_to_df_fire,action,Concentrate on completing your tasks thoroughly today.,1
work_B_to_df_fire,state,"Even if the center of gravity is somewhat shaken, the balance of daily life is maintained without much trouble, and the clear energy adds light vitality, creating a smooth flow.",1
work_B_to_df_water,intro,It is a day when work stability is maintained and tasks can be completed without mistakes.,1
work_B_to_df_water,effect,Stable work processing builds trust and improves the quality of results.,1
work_B_to_df_water,action,Concentrate on completing your tasks thoroughly today.,1
work_B_to_df_water,state,"Even if your center of gravity is somewhat shaken, the balance of your daily life is maintained without much trouble, and the moist energy adds a calm lingering feeling to your emotions.",1
work_B_to_df_wood,intro,It is a day when work stability is maintained and tasks can be completed without mistakes.,1
work_B_to_df_wood,effect,Stable work processing builds trust and improves the quality of results.,1
work_B_to_df_wood,action,Concentrate on completing your tasks thoroughly today.,1
work_B_to_df_wood,state,"Even if the center is somewhat shaken, the balance of daily life is maintained without much trouble, and the slight energy of change adds appropriate stimulation.",1
work_B_to_ex_earth,intro,It is a day when work stability is maintained and tasks can be completed without mistakes.,1
work_B_to_ex_earth,effect,Stable work processing builds trust and improves the quality of results.,1
work_B_to_ex_earth,action,Concentrate on completing your tasks thoroughly today.,1
work_B_to_ex_earth,state,"It has a strong tendency toward stability, so it continues into a calm day without any problems, and the cloudy energy adds to the calm atmosphere, leading to serenity.",1
work_B_to_ex_fire,intro,It is a day when work stability is maintained and tasks can be completed without mistakes.,1
work_B_to_ex_fire,effect,Stable work processing builds trust and improves the quality of results.,1
work_B_to_ex_fire,action,Concentrate on completing your tasks thoroughly today.,1
work_B_to_ex_fire,state,"It has a strong tendency toward stability, so it continues smoothly into a calm day, and the clear energy adds light vitality, creating a smooth flow.",1
work_B_to_ex_water,intro,It is a day when work stability is maintained and tasks can be completed without mistakes.,1
work_B_to_ex_water,effect,Stable work processing builds trust and improves the quality of results.,1
work_B_to_ex_water,action,Concentrate on completing your tasks thoroughly today.,1
work_B_to_ex_water,state,"It has a strong stability-oriented nature, so it can easily lead to a calm day, and the moist energy adds a calming aftertaste to the emotions.",1
work_B_to_ex_wood,intro,It is a day when work stability is maintained and tasks can be completed without mistakes.,1
work_B_to_ex_wood,effect,Stable work processing builds trust and improves the quality of results.,1
work_B_to_ex_wood,action,Concentrate on completing your tasks thoroughly today.,1
work_B_to_ex_wood,state,"The stability-orientation is strong, so it continues smoothly into a calm day, and the slight energy of change adds appropriate stimulation.",1
work_B1,intro,"Today's work flow is stable, allowing you to stay calm and focused.",1
work_B1,intro,"The energy at work today is good, so I can carry out my work steadily.",1
work_B1,effect,Work goes as planned and there is no major friction in collaboration.,1
work_B1,effect,Work in progress continues stably and cooperation with those around you is smooth.,1
work_B1,action,"If you focus on what you are doing now, you can achieve sufficient results.",1
work_B1,action,Consistency is the key today. You just have to stick to the basics without wavering.,1
work_B1_geum_df_earth,intro,"If your work ability is average, you may get stuck on complex tasks.",1
work_B1_geum_df_earth,effect,Concentration may be somewhat reduced and work completion may not meet expectations.,1
work_B1_geum_df_earth,action,Break tasks that are difficult to concentrate into small pieces and handle them step by step.,1
work_B1_geum_df_earth,state,"Although I am slow to make decisions, the day continues without much hesitation, and the cloudy energy helps me maintain an easy pace.",1
work_B1_geum_df_fire,intro,"If your work ability is average, you may get stuck on complex tasks.",1
work_B1_geum_df_fire,effect,Concentration may be somewhat reduced and work completion may not meet expectations.,1
work_B1_geum_df_fire,action,Break tasks that are difficult to concentrate into small pieces and handle them step by step.,1
work_B1_geum_df_fire,state,"Although I am slow to make decisions, the day goes on without much hesitation, and the clear energy adds calm vitality, leading to a normal day.",1
work_B1_geum_df_water,intro,"If your work ability is average, you may get stuck on complex tasks.",1
work_B1_geum_df_water,effect,Concentration may be somewhat reduced and work completion may not meet expectations.,1
work_B1_geum_df_water,action,Break tasks that are difficult to concentrate into small pieces and handle them step by step.,1
work_B1_geum_df_water,state,"Although I am slow to make decisions, the day goes on without much hesitation, and the moist energy increases my thoughts but does not cause much agitation.",1
work_B1_geum_df_wood,intro,"If your work ability is average, you may get stuck on complex tasks.",1
work_B1_geum_df_wood,effect,Concentration may be somewhat reduced and work completion may not meet expectations.,1
work_B1_geum_df_wood,action,Break tasks that are difficult to concentrate into small pieces and handle them step by step.,1
work_B1_geum_df_wood,state,"The decision may be slow, but the day goes on without much hesitation, and the calm energy of change only slightly shakes the normal flow.",1
work_B1_geum_ex_earth,intro,"If your work ability is average, you may get stuck on complex tasks.",1
work_B1_geum_ex_earth,effect,Concentration may be somewhat reduced and work completion may not meet expectations.,1
work_B1_geum_ex_earth,action,Break tasks that are difficult to concentrate into small pieces and handle them step by step.,1
work_B1_geum_ex_earth,state,"The judgment is clear, but it ends with a mediocre result, and the cloudy energy helps maintain a decent pace.",1
work_B1_geum_ex_fire,intro,"If your work ability is average, you may get stuck on complex tasks.",1
work_B1_geum_ex_fire,effect,Concentration may be somewhat reduced and work completion may not meet expectations.,1
work_B1_geum_ex_fire,action,Break tasks that are difficult to concentrate into small pieces and handle them step by step.,1
work_B1_geum_ex_fire,state,"The judgment is clear, but it ends with an ordinary result, and the clear energy adds calm vitality and continues the ordinary day.",1
work_B1_geum_ex_water,intro,"If your work ability is average, you may get stuck on complex tasks.",1
work_B1_geum_ex_water,effect,Concentration may be somewhat reduced and work completion may not meet expectations.,1
work_B1_geum_ex_water,action,Break tasks that are difficult to concentrate into small pieces and handle them step by step.,1
work_B1_geum_ex_water,state,"The judgment is clear but ends with a simple result, and the moist energy increases thoughts but does not cause much agitation.",1
work_B1_geum_ex_wood,intro,"If your work ability is average, you may get stuck on complex tasks.",1
work_B1_geum_ex_wood,effect,Concentration may be somewhat reduced and work completion may not meet expectations.,1
work_B1_geum_ex_wood,action,Break tasks that are difficult to concentrate into small pieces and handle them step by step.,1
work_B1_geum_ex_wood,state,"The judgment is clear, but it ends with a mediocre result, and the calm energy of change does little more than slightly shake up the normal flow.",1
work_B1_hwa_df_earth,intro,This is a day when your motivation to work is somewhat low and you need some motivation.,1
work_B1_hwa_df_earth,effect,Work speed is slow due to lack of energy.,1
work_B1_hwa_df_earth,action,Regain your motivation by setting and achieving small goals.,1
work_B1_hwa_df_earth,state,"Although there is little expression, the relationship is not greatly shaken, and the cloudy energy helps maintain an easy pace.",1
work_B1_hwa_df_fire,intro,This is a day when your motivation to work is somewhat low and you need some motivation.,1
work_B1_hwa_df_fire,effect,Work speed is slow due to lack of energy.,1
work_B1_hwa_df_fire,action,Regain your motivation by setting and achieving small goals.,1
work_B1_hwa_df_fire,state,"Although there are few expressions, the relationship is not greatly shaken, and the clear energy adds calm vitality and continues an ordinary day.",1
work_B1_hwa_df_water,intro,This is a day when your motivation to work is somewhat low and you need some motivation.,1
work_B1_hwa_df_water,effect,Work speed is slow due to lack of energy.,1
work_B1_hwa_df_water,action,Regain your motivation by setting and achieving small goals.,1
work_B1_hwa_df_water,state,"Although there are few expressions, the relationship is not greatly shaken, and the moist energy increases thoughts, but does not cause much agitation.",1
work_B1_hwa_df_wood,intro,This is a day when your motivation to work is somewhat low and you need some motivation.,1
work_B1_hwa_df_wood,effect,Work speed is slow due to lack of energy.,1
work_B1_hwa_df_wood,action,Regain your motivation by setting and achieving small goals.,1
work_B1_hwa_df_wood,state,"Although there is little expression, the relationship is not greatly shaken, and the calm energy of change is only enough to slightly shake the normal flow.",1
work_B1_hwa_ex_earth,intro,This is a day when your motivation to work is somewhat low and you need some motivation.,1
work_B1_hwa_ex_earth,effect,Work speed is slow due to lack of energy.,1
work_B1_hwa_ex_earth,action,Regain your motivation by setting and achieving small goals.,1
work_B1_hwa_ex_earth,state,"The moderate heat makes for a smooth day, and the cloudy energy helps you maintain an easy pace.",1
work_B1_hwa_ex_fire,intro,This is a day when your motivation to work is somewhat low and you need some motivation.,1
work_B1_hwa_ex_fire,effect,Work speed is slow due to lack of energy.,1
work_B1_hwa_ex_fire,action,Regain your motivation by setting and achieving small goals.,1
work_B1_hwa_ex_fire,state,"The moderate heat creates a smooth day, and the clear energy adds calm vitality and continues the ordinary day.",1
work_B1_hwa_ex_water,intro,This is a day when your motivation to work is somewhat low and you need some motivation.,1
work_B1_hwa_ex_water,effect,Work speed is slow due to lack of energy.,1
work_B1_hwa_ex_water,action,Regain your motivation by setting and achieving small goals.,1
work_B1_hwa_ex_water,state,"The moderate heat makes for a smooth day, and the moist energy increases your thoughts but doesn't cause much agitation.",1
work_B1_hwa_ex_wood,intro,This is a day when your motivation to work is somewhat low and you need some motivation.,1
work_B1_hwa_ex_wood,effect,Work speed is slow due to lack of energy.,1
work_B1_hwa_ex_wood,action,Regain your motivation by setting and achieving small goals.,1
work_B1_hwa_ex_wood,state,"The moderate heat makes for a smooth day, and the calm energy of change does little more than slightly shake up the normal flow.",1
work_B1_mok_df_earth,intro,"Business growth may be slow, making it difficult to achieve results from new attempts.",1
work_B1_mok_df_earth,effect,"Due to limited capacity expansion, work results are less than expected.",1
work_B1_mok_df_earth,action,Perform basic tasks faithfully and prepare for growth opportunities.,1
work_B1_mok_df_earth,state,"It stays more familiar than new, but the flow is uninterrupted and the cloudy energy helps you maintain an easy pace.",1
work_B1_mok_df_fire,intro,"Business growth may be slow, making it difficult to achieve results from new attempts.",1
work_B1_mok_df_fire,effect,"Due to limited capacity expansion, work results are less than expected.",1
work_B1_mok_df_fire,action,Perform basic tasks faithfully and prepare for growth opportunities.,1
work_B1_mok_df_fire,state,"Although it remains familiar rather than new, the flow is uninterrupted and the clear energy adds calm vitality and continues the ordinary day.",1
work_B1_mok_df_water,intro,"Business growth may be slow, making it difficult to achieve results from new attempts.",1
work_B1_mok_df_water,effect,"Due to limited capacity expansion, work results are less than expected.",1
work_B1_mok_df_water,action,Perform basic tasks faithfully and prepare for growth opportunities.,1
work_B1_mok_df_water,state,"Although it remains familiar rather than novel, the flow is uninterrupted and the moist energy increases thoughts but does not cause much agitation.",1
work_B1_mok_df_wood,intro,"Business growth may be slow, making it difficult to achieve results from new attempts.",1
work_B1_mok_df_wood,effect,"Due to limited capacity expansion, work results are less than expected.",1
work_B1_mok_df_wood,action,Perform basic tasks faithfully and prepare for growth opportunities.,1
work_B1_mok_df_wood,state,"Although it remains more familiar than new, the flow is uninterrupted and the calm energy of change only slightly shakes the normal flow.",1
work_B1_mok_ex_earth,intro,"Business growth may be slow, making it difficult to achieve results from new attempts.",1
work_B1_mok_ex_earth,effect,"Due to limited capacity expansion, work results are less than expected.",1
work_B1_mok_ex_earth,action,Perform basic tasks faithfully and prepare for growth opportunities.,1
work_B1_mok_ex_earth,state,"I am motivated, but my driving force remains at a mediocre level, and the cloudy energy helps me maintain a decent pace.",1
work_B1_mok_ex_fire,intro,"Business growth may be slow, making it difficult to achieve results from new attempts.",1
work_B1_mok_ex_fire,effect,"Due to limited capacity expansion, work results are less than expected.",1
work_B1_mok_ex_fire,action,Perform basic tasks faithfully and prepare for growth opportunities.,1
work_B1_mok_ex_fire,state,"Although I am motivated, my driving force remains at an average level, and the clear energy adds calm vitality and continues my ordinary day.",1
work_B1_mok_ex_water,intro,"Business growth may be slow, making it difficult to achieve results from new attempts.",1
work_B1_mok_ex_water,effect,"Due to limited capacity expansion, work results are less than expected.",1
work_B1_mok_ex_water,action,Perform basic tasks faithfully and prepare for growth opportunities.,1
work_B1_mok_ex_water,state,"There is motivation, but the driving force remains at a normal level, and the moist energy increases thoughts, but does not cause much agitation.",1
work_B1_mok_ex_wood,intro,"Business growth may be slow, making it difficult to achieve results from new attempts.",1
work_B1_mok_ex_wood,effect,"Due to limited capacity expansion, work results are less than expected.",1
work_B1_mok_ex_wood,action,Perform basic tasks faithfully and prepare for growth opportunities.,1
work_B1_mok_ex_wood,state,"There is motivation, but the driving force remains at a mediocre level, and the calm energy of change is only enough to slightly shake up the normal flow.",1
work_B1_su_df_earth,intro,"There may be some miscommunication in work, resulting in misunderstandings during collaboration.",1
work_B1_su_df_earth,effect,Miscommunication slows down work and weakens teamwork.,1
work_B1_su_df_earth,action,Be sure to check important details and increase clarity of communication.,1
work_B1_su_df_earth,state,"Although flexibility has decreased, the flow is not significantly interrupted, and the cloudy energy helps maintain a decent pace.",1
work_B1_su_df_fire,intro,"There may be some miscommunication in work, resulting in misunderstandings during collaboration.",1
work_B1_su_df_fire,effect,Miscommunication slows down work and weakens teamwork.,1
work_B1_su_df_fire,action,Be sure to check important details and increase clarity of communication.,1
work_B1_su_df_fire,state,"Although flexibility has decreased, the flow is not significantly disrupted, and the clear energy adds calm vitality and continues an ordinary day.",1
work_B1_su_df_water,intro,"There may be some miscommunication in work, resulting in misunderstandings during collaboration.",1
work_B1_su_df_water,effect,Miscommunication slows down work and weakens teamwork.,1
work_B1_su_df_water,action,Be sure to check important details and increase clarity of communication.,1
work_B1_su_df_water,state,"Flexibility is reduced, but the flow is not greatly interrupted, and the moist energy increases thoughts, but does not cause much agitation.",1
work_B1_su_df_wood,intro,"There may be some miscommunication in work, resulting in misunderstandings during collaboration.",1
work_B1_su_df_wood,effect,Miscommunication slows down work and weakens teamwork.,1
work_B1_su_df_wood,action,Be sure to check important details and increase clarity of communication.,1
work_B1_su_df_wood,state,"Although flexibility has decreased, the flow is not significantly disrupted, and the calm energy of change only slightly shakes the normal flow.",1
work_B1_su_ex_earth,intro,"There may be some miscommunication in work, resulting in misunderstandings during collaboration.",1
work_B1_su_ex_earth,effect,Miscommunication slows down work and weakens teamwork.,1
work_B1_su_ex_earth,action,Be sure to check important details and increase clarity of communication.,1
work_B1_su_ex_earth,state,"Even though I have a lot to think about, the day goes by without much disturbance, and the cloudy energy helps me maintain an easy pace.",1
work_B1_su_ex_fire,intro,"There may be some miscommunication in work, resulting in misunderstandings during collaboration.",1
work_B1_su_ex_fire,effect,Miscommunication slows down work and weakens teamwork.,1
work_B1_su_ex_fire,action,Be sure to check important details and increase clarity of communication.,1
work_B1_su_ex_fire,state,"Even though I have a lot of thoughts, the day goes by without much disturbance, and the clear energy adds calm vitality and continues the ordinary day.",1
work_B1_su_ex_water,intro,"There may be some miscommunication in work, resulting in misunderstandings during collaboration.",1
work_B1_su_ex_water,effect,Miscommunication slows down work and weakens teamwork.,1
work_B1_su_ex_water,action,Be sure to check important details and increase clarity of communication.,1
work_B1_su_ex_water,state,"Even if you have a lot of thoughts, the day goes by without much agitation, and the moist energy increases your thoughts but does not cause much agitation.",1
work_B1_su_ex_wood,intro,"There may be some miscommunication in work, resulting in misunderstandings during collaboration.",1
work_B1_su_ex_wood,effect,Miscommunication slows down work and weakens teamwork.,1
work_B1_su_ex_wood,action,Be sure to check important details and increase clarity of communication.,1
work_B1_su_ex_wood,state,"Even though I have a lot of thoughts, the day goes by without much disturbance, and the calm energy of change only slightly shakes the normal flow.",1
work_B1_to_df_earth,intro,It is a day when work security falls below average and the risk of mistakes increases.,1
work_B1_to_df_earth,effect,Faltering concentration lowers the quality of work.,1
work_B1_to_df_earth,action,Review and submit important tasks more than once.,1
work_B1_to_df_earth,state,"Even though there is some tremor, daily life goes by smoothly and the cloudy energy helps me maintain an easy pace.",1
work_B1_to_df_fire,intro,It is a day when work security falls below average and the risk of mistakes increases.,1
work_B1_to_df_fire,effect,Faltering concentration lowers the quality of work.,1
work_B1_to_df_fire,action,Review and submit important tasks more than once.,1
work_B1_to_df_fire,state,"Although there is some tremor, daily life flows smoothly, and the clear energy adds calm vitality and continues the normal day.",1
work_B1_to_df_water,intro,It is a day when work security falls below average and the risk of mistakes increases.,1
work_B1_to_df_water,effect,Faltering concentration lowers the quality of work.,1
work_B1_to_df_water,action,Review and submit important tasks more than once.,1
work_B1_to_df_water,state,"Although there is shaking, daily life flows smoothly, and the moist energy increases thoughts, but does not cause much agitation.",1
work_B1_to_df_wood,intro,It is a day when work security falls below average and the risk of mistakes increases.,1
work_B1_to_df_wood,effect,Faltering concentration lowers the quality of work.,1
work_B1_to_df_wood,action,Review and submit important tasks more than once.,1
work_B1_to_df_wood,state,"Although there are fluctuations, daily life flows smoothly, and the calm energy of change only slightly shakes the normal flow.",1
work_B1_to_ex_earth,intro,It is a day when work security falls below average and the risk of mistakes increases.,1
work_B1_to_ex_earth,effect,Faltering concentration lowers the quality of work.,1
work_B1_to_ex_earth,action,Review and submit important tasks more than once.,1
work_B1_to_ex_earth,state,"Choosing familiarity over change leads to an easy day, and the cloudy energy helps me maintain an easy pace.",1
work_B1_to_ex_fire,intro,It is a day when work security falls below average and the risk of mistakes increases.,1
work_B1_to_ex_fire,effect,Faltering concentration lowers the quality of work.,1
work_B1_to_ex_fire,action,Review and submit important tasks more than once.,1
work_B1_to_ex_fire,state,"Choosing familiarity over change leads to an ordinary day, and the clear energy adds calm vitality to the ordinary day.",1
work_B1_to_ex_water,intro,It is a day when work security falls below average and the risk of mistakes increases.,1
work_B1_to_ex_water,effect,Faltering concentration lowers the quality of work.,1
work_B1_to_ex_water,action,Review and submit important tasks more than once.,1
work_B1_to_ex_water,state,"Choosing familiarity over change leads to a normal day, and the moist energy increases thoughts but does not cause much agitation.",1
work_B1_to_ex_wood,intro,It is a day when work security falls below average and the risk of mistakes increases.,1
work_B1_to_ex_wood,effect,Faltering concentration lowers the quality of work.,1
work_B1_to_ex_wood,action,Review and submit important tasks more than once.,1
work_B1_to_ex_wood,state,"Choosing familiarity over change leads to a normal day, and the calm energy of change only slightly shakes the normal flow.",1
work_C,intro,"Today, it is advantageous to move as steadily as possible with a lull in work energy.",1
work_C,intro,"Energy at work is low today, so realistic plans are better than unreasonable goals.",1
work_C,effect,"Work speed may be slower than usual or errors may increase, so careful inspection is necessary.",1
work_C,effect,"Things may become more complicated or take longer than expected, so it's a good idea to secure some extra time.",1
work_C,action,Mistakes are reduced if you divide tasks into short bursts rather than doing them all at once.,1
work_C,action,Focus on what you're good at today and postpone trying new areas until later.,1
work_C_geum_df_earth,intro,It is a day when your work ability decreases and it becomes difficult to complete your tasks.,1
work_C_geum_df_earth,effect,Decreased concentration leads to work errors and delays.,1
work_C_geum_df_earth,action,"Today, focus on finishing existing work rather than new tasks.",1
work_C_geum_df_earth,state,"As your resolve weakens, it is easy to put off important choices, and cloudy energy can slow you down and make your thoughts heavy.",1
work_C_geum_df_fire,intro,It is a day when your work ability decreases and it becomes difficult to complete your tasks.,1
work_C_geum_df_fire,effect,Decreased concentration leads to work errors and delays.,1
work_C_geum_df_fire,action,"Today, focus on finishing existing work rather than new tasks.",1
work_C_geum_df_fire,state,"As your resolve weakens, it is easy to put off important choices, and your clear energy can flow into an excited atmosphere, which can cloud your prudence.",1
work_C_geum_df_water,intro,It is a day when your work ability decreases and it becomes difficult to complete your tasks.,1
work_C_geum_df_water,effect,Decreased concentration leads to work errors and delays.,1
work_C_geum_df_water,action,"Today, focus on finishing existing work rather than new tasks.",1
work_C_geum_df_water,state,"It is easy to postpone important choices as your resolve becomes weak, and the energy of rain and snow can stimulate your emotions and inner self, which can have a bigger impact.",1
work_C_geum_df_wood,intro,It is a day when your work ability decreases and it becomes difficult to complete your tasks.,1
work_C_geum_df_wood,effect,Decreased concentration leads to work errors and delays.,1
work_C_geum_df_wood,action,"Today, focus on finishing existing work rather than new tasks.",1
work_C_geum_df_wood,state,"It is easy to postpone important choices due to weakened determination, and the strong energy of change can shake the rhythm and lead to unexpected variables.",1
work_C_geum_ex_earth,intro,It is a day when your work ability decreases and it becomes difficult to complete your tasks.,1
work_C_geum_ex_earth,effect,Decreased concentration leads to work errors and delays.,1
work_C_geum_ex_earth,action,"Today, focus on finishing existing work rather than new tasks.",1
work_C_geum_ex_earth,state,"Overly sharp judgment can make relationships cold, and cloudy energy can slow down your pace and make your thoughts heavy.",1
work_C_geum_ex_fire,intro,It is a day when your work ability decreases and it becomes difficult to complete your tasks.,1
work_C_geum_ex_fire,effect,Decreased concentration leads to work errors and delays.,1
work_C_geum_ex_fire,action,"Today, focus on finishing existing work rather than new tasks.",1
work_C_geum_ex_fire,state,"Excessively sharp judgment can make relationships cold, and clear energy can flow into an excited atmosphere, which can cloud prudence.",1
work_C_geum_ex_water,intro,It is a day when your work ability decreases and it becomes difficult to complete your tasks.,1
work_C_geum_ex_water,effect,Decreased concentration leads to work errors and delays.,1
work_C_geum_ex_water,action,"Today, focus on finishing existing work rather than new tasks.",1
work_C_geum_ex_water,state,"Overly sharp judgment can make relationships cold, and the energy of rain and snow can stimulate emotions and inner feelings, which can have a bigger impact.",1
work_C_geum_ex_wood,intro,It is a day when your work ability decreases and it becomes difficult to complete your tasks.,1
work_C_geum_ex_wood,effect,Decreased concentration leads to work errors and delays.,1
work_C_geum_ex_wood,action,"Today, focus on finishing existing work rather than new tasks.",1
work_C_geum_ex_wood,state,"Overly sharp judgment can make relationships cold, and the strong energy of change can shake up the rhythm and lead to unexpected variables.",1
work_C_hwa_df_earth,intro,It's a day when you feel unmotivated to work and find it difficult to concentrate.,1
work_C_hwa_df_earth,effect,Lack of energy reduces the overall speed and quality of work.,1
work_C_hwa_df_earth,action,Just do the bare minimum essential tasks and don’t overdo it.,1
work_C_hwa_df_earth,state,"It's easy for misunderstandings to occur due to difficulty in expressing yourself, and the cloudy energy can slow you down and make your thoughts heavy.",1
work_C_hwa_df_fire,intro,It's a day when you feel unmotivated to work and find it difficult to concentrate.,1
work_C_hwa_df_fire,effect,Lack of energy reduces the overall speed and quality of work.,1
work_C_hwa_df_fire,action,Just do the bare minimum essential tasks and don’t overdo it.,1
work_C_hwa_df_fire,state,"It is easy for misunderstandings to occur because expressions are difficult to understand, and the clear energy can flow into an excited atmosphere and cause caution to become clouded.",1
work_C_hwa_df_water,intro,It's a day when you feel unmotivated to work and find it difficult to concentrate.,1
work_C_hwa_df_water,effect,Lack of energy reduces the overall speed and quality of work.,1
work_C_hwa_df_water,action,Just do the bare minimum essential tasks and don’t overdo it.,1
work_C_hwa_df_water,state,"It is easy for misunderstandings to occur because expressions are difficult to understand, and the energy of rain and snow can stimulate emotions and inner feelings, which can have a bigger impact.",1
work_C_hwa_df_wood,intro,It's a day when you feel unmotivated to work and find it difficult to concentrate.,1
work_C_hwa_df_wood,effect,Lack of energy reduces the overall speed and quality of work.,1
work_C_hwa_df_wood,action,Just do the bare minimum essential tasks and don’t overdo it.,1
work_C_hwa_df_wood,state,"Misunderstandings are easy to occur due to difficult expressions, and the strong energy of change can shake the rhythm and lead to unexpected variables.",1
work_C_hwa_ex_earth,intro,It's a day when you feel unmotivated to work and find it difficult to concentrate.,1
work_C_hwa_ex_earth,effect,Lack of energy reduces the overall speed and quality of work.,1
work_C_hwa_ex_earth,action,Just do the bare minimum essential tasks and don’t overdo it.,1
work_C_hwa_ex_earth,state,"It's easy for emotions to clash, and cloudy energy can slow you down and make your thoughts heavy.",1
work_C_hwa_ex_fire,intro,It's a day when you feel unmotivated to work and find it difficult to concentrate.,1
work_C_hwa_ex_fire,effect,Lack of energy reduces the overall speed and quality of work.,1
work_C_hwa_ex_fire,action,Just do the bare minimum essential tasks and don’t overdo it.,1
work_C_hwa_ex_fire,state,"It is easy for emotions to clash, and the clear energy can flow into an excited atmosphere, causing caution to become clouded.",1
work_C_hwa_ex_water,intro,It's a day when you feel unmotivated to work and find it difficult to concentrate.,1
work_C_hwa_ex_water,effect,Lack of energy reduces the overall speed and quality of work.,1
work_C_hwa_ex_water,action,Just do the bare minimum essential tasks and don’t overdo it.,1
work_C_hwa_ex_water,state,"It is easy for emotions to come into conflict, and the energy of rain and snow can stimulate emotions and inner feelings, which can increase the impact.",1
work_C_hwa_ex_wood,intro,It's a day when you feel unmotivated to work and find it difficult to concentrate.,1
work_C_hwa_ex_wood,effect,Lack of energy reduces the overall speed and quality of work.,1
work_C_hwa_ex_wood,action,Just do the bare minimum essential tasks and don’t overdo it.,1
work_C_hwa_ex_wood,state,"It is easy for emotions to clash, and the strong energy of change can shake up the rhythm and lead to unexpected variables.",1
work_C_mok_df_earth,intro,It is a day when work capacity is temporarily blocked and progress is slowed.,1
work_C_mok_df_earth,effect,Stagnant capabilities lower work performance and reduce opportunities.,1
work_C_mok_df_earth,action,Stay stable in your current role rather than trying something new.,1
work_C_mok_df_earth,state,"Hesitation about trying new things can slow down progress, and cloudy energy can slow down your pace and make your thoughts heavy.",1
work_C_mok_df_fire,intro,It is a day when work capacity is temporarily blocked and progress is slowed.,1
work_C_mok_df_fire,effect,Stagnant capabilities lower work performance and reduce opportunities.,1
work_C_mok_df_fire,action,Stay stable in your current role rather than trying something new.,1
work_C_mok_df_fire,state,"Hesitation about trying new things can slow down progress, and clear energy can lead to an excited atmosphere, which can cloud caution.",1
work_C_mok_df_water,intro,It is a day when work capacity is temporarily blocked and progress is slowed.,1
work_C_mok_df_water,effect,Stagnant capabilities lower work performance and reduce opportunities.,1
work_C_mok_df_water,action,Stay stable in your current role rather than trying something new.,1
work_C_mok_df_water,state,"Hesitation about trying new things can slow down progress, and the energy of rain and snow can stimulate your emotions and inner self, which can increase the impact.",1
work_C_mok_df_wood,intro,It is a day when work capacity is temporarily blocked and progress is slowed.,1
work_C_mok_df_wood,effect,Stagnant capabilities lower work performance and reduce opportunities.,1
work_C_mok_df_wood,action,Stay stable in your current role rather than trying something new.,1
work_C_mok_df_wood,state,"Hesitation about trying new things can slow down progress, and the strong energy of change can shake up the rhythm and lead to unexpected variables.",1
work_C_mok_ex_earth,intro,It is a day when work capacity is temporarily blocked and progress is slowed.,1
work_C_mok_ex_earth,effect,Stagnant capabilities lower work performance and reduce opportunities.,1
work_C_mok_ex_earth,action,Stay stable in your current role rather than trying something new.,1
work_C_mok_ex_earth,state,"Excessive motivation can cause you to overdo things, and cloudy energy can slow you down and make your thoughts heavy.",1
work_C_mok_ex_fire,intro,It is a day when work capacity is temporarily blocked and progress is slowed.,1
work_C_mok_ex_fire,effect,Stagnant capabilities lower work performance and reduce opportunities.,1
work_C_mok_ex_fire,action,Stay stable in your current role rather than trying something new.,1
work_C_mok_ex_fire,state,"If you are too motivated, you may push yourself to do things, and your clear energy may flow into an excited atmosphere, which may cloud your prudence.",1
work_C_mok_ex_water,intro,It is a day when work capacity is temporarily blocked and progress is slowed.,1
work_C_mok_ex_water,effect,Stagnant capabilities lower work performance and reduce opportunities.,1
work_C_mok_ex_water,action,Stay stable in your current role rather than trying something new.,1
work_C_mok_ex_water,state,"If you have too much motivation, you may overdo things, and the energy of rain and snow can stimulate your emotions and inner self, which can increase the impact.",1
work_C_mok_ex_wood,intro,It is a day when work capacity is temporarily blocked and progress is slowed.,1
work_C_mok_ex_wood,effect,Stagnant capabilities lower work performance and reduce opportunities.,1
work_C_mok_ex_wood,action,Stay stable in your current role rather than trying something new.,1
work_C_mok_ex_wood,state,"Excessive motivation can lead to overdoing things, and the strong energy of change can shake up the rhythm and lead to unexpected variables.",1
work_C_su_df_earth,intro,It is a day when work communication is blocked and conflicts are likely to arise in collaboration.,1
work_C_su_df_earth,effect,"Communication errors are repeated, delaying the work of the entire team.",1
work_C_su_df_earth,action,Communicate and confirm clearly first before misunderstandings arise.,1
work_C_su_df_earth,state,"It's easy to lose track of the flow due to lack of flexibility, and cloudy energy can slow you down and make your thoughts heavy.",1
work_C_su_df_fire,intro,It is a day when work communication is blocked and conflicts are likely to arise in collaboration.,1
work_C_su_df_fire,effect,"Communication errors are repeated, delaying the work of the entire team.",1
work_C_su_df_fire,action,Communicate and confirm clearly first before misunderstandings arise.,1
work_C_su_df_fire,state,"Due to lack of flexibility, it is easy to lose track of the flow, and the clear energy can flow into an excited atmosphere, which can cloud your prudence.",1
work_C_su_df_water,intro,It is a day when work communication is blocked and conflicts are likely to arise in collaboration.,1
work_C_su_df_water,effect,"Communication errors are repeated, delaying the work of the entire team.",1
work_C_su_df_water,action,Communicate and confirm clearly first before misunderstandings arise.,1
work_C_su_df_water,state,"Due to lack of flexibility, it is easy to lose track of the flow, and the energy of rain and snow can stimulate emotions and inner self, which can increase the impact.",1
work_C_su_df_wood,intro,It is a day when work communication is blocked and conflicts are likely to arise in collaboration.,1
work_C_su_df_wood,effect,"Communication errors are repeated, delaying the work of the entire team.",1
work_C_su_df_wood,action,Communicate and confirm clearly first before misunderstandings arise.,1
work_C_su_df_wood,state,"Due to lack of flexibility, it is easy to lose track of the flow, and the strong energy of change can shake the rhythm and lead to unexpected variables.",1
work_C_su_ex_earth,intro,It is a day when work communication is blocked and conflicts are likely to arise in collaboration.,1
work_C_su_ex_earth,effect,"Communication errors are repeated, delaying the work of the entire team.",1
work_C_su_ex_earth,action,Communicate and confirm clearly first before misunderstandings arise.,1
work_C_su_ex_earth,state,"It is easy for your judgment to be clouded by overflowing emotions, and the cloudy energy can slow you down and make your thoughts heavy.",1
work_C_su_ex_fire,intro,It is a day when work communication is blocked and conflicts are likely to arise in collaboration.,1
work_C_su_ex_fire,effect,"Communication errors are repeated, delaying the work of the entire team.",1
work_C_su_ex_fire,action,Communicate and confirm clearly first before misunderstandings arise.,1
work_C_su_ex_fire,state,"Judgment can easily be clouded by overflowing emotions, and the clear energy can flow into an excited atmosphere, which can cloud prudence.",1
work_C_su_ex_water,intro,It is a day when work communication is blocked and conflicts are likely to arise in collaboration.,1
work_C_su_ex_water,effect,"Communication errors are repeated, delaying the work of the entire team.",1
work_C_su_ex_water,action,Communicate and confirm clearly first before misunderstandings arise.,1
work_C_su_ex_water,state,"It is easy for your judgment to become clouded due to overflowing emotions, and the energy of rain and snow can stimulate your emotions and inner self, which can increase the impact.",1
work_C_su_ex_wood,intro,It is a day when work communication is blocked and conflicts are likely to arise in collaboration.,1
work_C_su_ex_wood,effect,"Communication errors are repeated, delaying the work of the entire team.",1
work_C_su_ex_wood,action,Communicate and confirm clearly first before misunderstandings arise.,1
work_C_su_ex_wood,state,"Judgment can easily be clouded by emotions, and the strong energy of change can shake the rhythm and lead to unexpected variables.",1
work_C_to_df_earth,intro,It is a day when work stability is low and mistakes and delays are repeated.,1
work_C_to_df_earth,effect,An unstable state shakes the overall work and worsens the results.,1
work_C_to_df_earth,action,Ask your colleagues for help with burdensome tasks.,1
work_C_to_df_earth,state,"Because your center is shaken, it is easy to be swayed by your surroundings, and cloudy energy can slow you down and make your thoughts heavy.",1
work_C_to_df_fire,intro,It is a day when work stability is low and mistakes and delays are repeated.,1
work_C_to_df_fire,effect,An unstable state shakes the overall work and worsens the results.,1
work_C_to_df_fire,action,Ask your colleagues for help with burdensome tasks.,1
work_C_to_df_fire,state,"Because your center is shaken, it is easy to be swayed by those around you, and your clear energy can flow into an excited atmosphere, which can cloud your prudence.",1
work_C_to_df_water,intro,It is a day when work stability is low and mistakes and delays are repeated.,1
work_C_to_df_water,effect,An unstable state shakes the overall work and worsens the results.,1
work_C_to_df_water,action,Ask your colleagues for help with burdensome tasks.,1
work_C_to_df_water,state,"Because your center is shaken, it is easy to be swayed by your surroundings, and the energy of rain and snow can stimulate your emotions and inner self, which can increase the impact.",1
work_C_to_df_wood,intro,It is a day when work stability is low and mistakes and delays are repeated.,1
work_C_to_df_wood,effect,An unstable state shakes the overall work and worsens the results.,1
work_C_to_df_wood,action,Ask your colleagues for help with burdensome tasks.,1
work_C_to_df_wood,state,"Because the center is shaken, it is easy to be swayed by the surroundings, and the strong energy of change can shake the rhythm and lead to unexpected variables.",1
work_C_to_ex_earth,intro,It is a day when work stability is low and mistakes and delays are repeated.,1
work_C_to_ex_earth,effect,An unstable state shakes the overall work and worsens the results.,1
work_C_to_ex_earth,action,Ask your colleagues for help with burdensome tasks.,1
work_C_to_ex_earth,state,"A mind that refuses to change can block opportunities, and cloudy energy can slow down your pace and make your thoughts heavy.",1
work_C_to_ex_fire,intro,It is a day when work stability is low and mistakes and delays are repeated.,1
work_C_to_ex_fire,effect,An unstable state shakes the overall work and worsens the results.,1
work_C_to_ex_fire,action,Ask your colleagues for help with burdensome tasks.,1
work_C_to_ex_fire,state,"A mind that refuses to change can block opportunities, and clear energy can flow into an excited atmosphere, clouding caution.",1
work_C_to_ex_water,intro,It is a day when work stability is low and mistakes and delays are repeated.,1
work_C_to_ex_water,effect,An unstable state shakes the overall work and worsens the results.,1
work_C_to_ex_water,action,Ask your colleagues for help with burdensome tasks.,1
work_C_to_ex_water,state,"A mind that refuses to change can block opportunities, and the energy of rain and snow can stimulate emotions and inner feelings, which can increase the impact.",1
work_C_to_ex_wood,intro,It is a day when work stability is low and mistakes and delays are repeated.,1
work_C_to_ex_wood,effect,An unstable state shakes the overall work and worsens the results.,1
work_C_to_ex_wood,action,Ask your colleagues for help with burdensome tasks.,1
work_C_to_ex_wood,state,"A refusal to change can block opportunities, and the strong energy of change can shake up the rhythm and lead to unexpected variables.",1
work_C1,intro,"The energy at work is quite low today, so it's best to quietly focus on your duties.",1
work_C1,intro,"Today, you will have a lot of work energy, so you should focus on reducing mistakes rather than being greedy.",1
work_C1,effect,Double checking is important as unintentional mistakes or conflicts may occur at work.,1
work_C1,effect,It is a safe day to focus only on your given role rather than trying new things or suggesting new things.,1
work_C1,action,"For today, it is better to quietly carry out basic tasks rather than trying to stand out.",1
work_C1,action,It is best to put non-urgent decisions or suggestions on hold until the situation improves.,1
work_C1_geum_df_earth,intro,It is a day when work ability is greatly reduced and even basic tasks become difficult.,1
work_C1_geum_df_earth,effect,Concentration becomes extremely low and mistakes are repeated in important tasks.,1
work_C1_geum_df_earth,action,Do only the minimum amount of work today and put off any unreasonable tasks.,1
work_C1_geum_df_earth,state,"Due to lack of determination, it is easy for indecisive choices to accumulate, and cloudy energy can reduce motivation and cloud judgment.",1
work_C1_geum_df_fire,intro,It is a day when work ability is greatly reduced and even basic tasks become difficult.,1
work_C1_geum_df_fire,effect,Concentration becomes extremely low and mistakes are repeated in important tasks.,1
work_C1_geum_df_fire,action,Do only the minimum amount of work today and put off any unreasonable tasks.,1
work_C1_geum_df_fire,state,"Because of lack of determination, it is easy to make indecisive choices, and excited Yang can dissipate calmness and lead to minor mistakes.",1
work_C1_geum_df_water,intro,It is a day when work ability is greatly reduced and even basic tasks become difficult.,1
work_C1_geum_df_water,effect,Concentration becomes extremely low and mistakes are repeated in important tasks.,1
work_C1_geum_df_water,action,Do only the minimum amount of work today and put off any unreasonable tasks.,1
work_C1_geum_df_water,state,"Because of lack of determination, it is easy for indecisive choices to pile up, and the energy of rain and snow may not calm your emotions, making your heart heavy.",1
work_C1_geum_df_wood,intro,It is a day when work ability is greatly reduced and even basic tasks become difficult.,1
work_C1_geum_df_wood,effect,Concentration becomes extremely low and mistakes are repeated in important tasks.,1
work_C1_geum_df_wood,action,Do only the minimum amount of work today and put off any unreasonable tasks.,1
work_C1_geum_df_wood,state,"Because of lack of determination, it is easy for indecisive choices to pile up, and the energy of change can keep interfering and disrupting plans.",1
work_C1_geum_ex_earth,intro,It is a day when work ability is greatly reduced and even basic tasks become difficult.,1
work_C1_geum_ex_earth,effect,Concentration becomes extremely low and mistakes are repeated in important tasks.,1
work_C1_geum_ex_earth,action,Do only the minimum amount of work today and put off any unreasonable tasks.,1
work_C1_geum_ex_earth,state,"Sharpness can go too far and put a burden on those around you, and cloudy energy can reduce motivation and cloud your judgment.",1
work_C1_geum_ex_fire,intro,It is a day when work ability is greatly reduced and even basic tasks become difficult.,1
work_C1_geum_ex_fire,effect,Concentration becomes extremely low and mistakes are repeated in important tasks.,1
work_C1_geum_ex_fire,action,Do only the minimum amount of work today and put off any unreasonable tasks.,1
work_C1_geum_ex_fire,state,"Your sharpness can go too far and put a burden on those around you, and your excited energy can dissipate your calmness and lead to minor mistakes.",1
work_C1_geum_ex_water,intro,It is a day when work ability is greatly reduced and even basic tasks become difficult.,1
work_C1_geum_ex_water,effect,Concentration becomes extremely low and mistakes are repeated in important tasks.,1
work_C1_geum_ex_water,action,Do only the minimum amount of work today and put off any unreasonable tasks.,1
work_C1_geum_ex_water,state,"Your sharpness can go too far and put a burden on those around you, and the energy of rain and snow can not calm your emotions, making your heart feel heavy.",1
work_C1_geum_ex_wood,intro,It is a day when work ability is greatly reduced and even basic tasks become difficult.,1
work_C1_geum_ex_wood,effect,Concentration becomes extremely low and mistakes are repeated in important tasks.,1
work_C1_geum_ex_wood,action,Do only the minimum amount of work today and put off any unreasonable tasks.,1
work_C1_geum_ex_wood,state,"Your sharpness can go too far and put a burden on those around you, and the energy of change can keep interfering with your plans.",1
work_C1_hwa_df_earth,intro,It's a day when I have almost no motivation to work and it's hard to do even basic tasks.,1
work_C1_hwa_df_earth,effect,Energy depletion stops the entire work flow.,1
work_C1_hwa_df_earth,action,Minimize your work goals for the day and prioritize recovery.,1
work_C1_hwa_df_earth,state,"It is easy for your feelings to not be conveyed properly due to blockage of expression, and cloudy energy can reduce motivation and cloud your judgment.",1
work_C1_hwa_df_fire,intro,It's a day when I have almost no motivation to work and it's hard to do even basic tasks.,1
work_C1_hwa_df_fire,effect,Energy depletion stops the entire work flow.,1
work_C1_hwa_df_fire,action,Minimize your work goals for the day and prioritize recovery.,1
work_C1_hwa_df_fire,state,"It is easy for your feelings to not be conveyed properly due to blockage of expression, and excited energy can scatter your calmness and lead to minor mistakes.",1
work_C1_hwa_df_water,intro,It's a day when I have almost no motivation to work and it's hard to do even basic tasks.,1
work_C1_hwa_df_water,effect,Energy depletion stops the entire work flow.,1
work_C1_hwa_df_water,action,Minimize your work goals for the day and prioritize recovery.,1
work_C1_hwa_df_water,state,"Because expressions are blocked, it is easy for your feelings to not be conveyed properly, and the energy of rain and snow cannot calm your emotions, which can make your heart feel heavy.",1
work_C1_hwa_df_wood,intro,It's a day when I have almost no motivation to work and it's hard to do even basic tasks.,1
work_C1_hwa_df_wood,effect,Energy depletion stops the entire work flow.,1
work_C1_hwa_df_wood,action,Minimize your work goals for the day and prioritize recovery.,1
work_C1_hwa_df_wood,state,"It is easy for your feelings to not be conveyed properly due to blockage of expression, and the energy of change can keep interfering and disrupt your plans.",1
work_C1_hwa_ex_earth,intro,It's a day when I have almost no motivation to work and it's hard to do even basic tasks.,1
work_C1_hwa_ex_earth,effect,Energy depletion stops the entire work flow.,1
work_C1_hwa_ex_earth,action,Minimize your work goals for the day and prioritize recovery.,1
work_C1_hwa_ex_earth,state,"It is easy for emotions to cause friction even over small things, and cloudy energy can reduce motivation and cloud judgment.",1
work_C1_hwa_ex_fire,intro,It's a day when I have almost no motivation to work and it's hard to do even basic tasks.,1
work_C1_hwa_ex_fire,effect,Energy depletion stops the entire work flow.,1
work_C1_hwa_ex_fire,action,Minimize your work goals for the day and prioritize recovery.,1
work_C1_hwa_ex_fire,state,"It's easy for emotions to cause friction even over small things, and excited energy can disturb your calmness and lead to minor mistakes.",1
work_C1_hwa_ex_water,intro,It's a day when I have almost no motivation to work and it's hard to do even basic tasks.,1
work_C1_hwa_ex_water,effect,Energy depletion stops the entire work flow.,1
work_C1_hwa_ex_water,action,Minimize your work goals for the day and prioritize recovery.,1
work_C1_hwa_ex_water,state,"It's easy for emotions to arise even over small things, and the energy of rain and snow can't calm your emotions, making your heart feel heavy.",1
work_C1_hwa_ex_wood,intro,It's a day when I have almost no motivation to work and it's hard to do even basic tasks.,1
work_C1_hwa_ex_wood,effect,Energy depletion stops the entire work flow.,1
work_C1_hwa_ex_wood,action,Minimize your work goals for the day and prioritize recovery.,1
work_C1_hwa_ex_wood,state,"If you are emotionally driven, it is easy for friction to arise even over small things, and the energy of change can keep interfering and disrupting your plans.",1
work_C1_mok_df_earth,intro,It is a day when business growth completely stops and capabilities actually shrink.,1
work_C1_mok_df_earth,effect,The decline in capabilities is shaking up existing work.,1
work_C1_mok_df_earth,action,Stop trying new things altogether and just stick to the basics.,1
work_C1_mok_df_earth,state,"If you hesitate for a long time, it is easy for an opportunity to slip out of your hands, and cloudy energy can reduce motivation and cloud your judgment.",1
work_C1_mok_df_fire,intro,It is a day when business growth completely stops and capabilities actually shrink.,1
work_C1_mok_df_fire,effect,The decline in capabilities is shaking up existing work.,1
work_C1_mok_df_fire,action,Stop trying new things altogether and just stick to the basics.,1
work_C1_mok_df_fire,state,"If you hesitate for a long time, it is easy for an opportunity to slip out of your hands, and excited energy can dissipate your calmness and lead to minor mistakes.",1
work_C1_mok_df_water,intro,It is a day when business growth completely stops and capabilities actually shrink.,1
work_C1_mok_df_water,effect,The decline in capabilities is shaking up existing work.,1
work_C1_mok_df_water,action,Stop trying new things altogether and just stick to the basics.,1
work_C1_mok_df_water,state,"If you hesitate for a long time, it is easy for an opportunity to slip out of your hands, and the energy of rain and snow can not calm your emotions, making your heart heavy.",1
work_C1_mok_df_wood,intro,It is a day when business growth completely stops and capabilities actually shrink.,1
work_C1_mok_df_wood,effect,The decline in capabilities is shaking up existing work.,1
work_C1_mok_df_wood,action,Stop trying new things altogether and just stick to the basics.,1
work_C1_mok_df_wood,state,"If you hesitate for a long time, it is easy for an opportunity to slip out of your hands, and the energy of change can keep interfering and disrupt your plans.",1
work_C1_mok_ex_earth,intro,It is a day when business growth completely stops and capabilities actually shrink.,1
work_C1_mok_ex_earth,effect,The decline in capabilities is shaking up existing work.,1
work_C1_mok_ex_earth,action,Stop trying new things altogether and just stick to the basics.,1
work_C1_mok_ex_earth,state,"It is easy for greed to lead to things that cannot be grasped, and cloudy energy can reduce motivation and cloud judgment.",1
work_C1_mok_ex_fire,intro,It is a day when business growth completely stops and capabilities actually shrink.,1
work_C1_mok_ex_fire,effect,The decline in capabilities is shaking up existing work.,1
work_C1_mok_ex_fire,action,Stop trying new things altogether and just stick to the basics.,1
work_C1_mok_ex_fire,state,"It's easy to get greedy and do things that you can't control, and excited energy can disturb your calmness and lead to minor mistakes.",1
work_C1_mok_ex_water,intro,It is a day when business growth completely stops and capabilities actually shrink.,1
work_C1_mok_ex_water,effect,The decline in capabilities is shaking up existing work.,1
work_C1_mok_ex_water,action,Stop trying new things altogether and just stick to the basics.,1
work_C1_mok_ex_water,state,"It's easy to get greedy and do things you can't control, and the energy of rain and snow can't calm your emotions, making your heart heavy.",1
work_C1_mok_ex_wood,intro,It is a day when business growth completely stops and capabilities actually shrink.,1
work_C1_mok_ex_wood,effect,The decline in capabilities is shaking up existing work.,1
work_C1_mok_ex_wood,action,Stop trying new things altogether and just stick to the basics.,1
work_C1_mok_ex_wood,state,"It's easy to get greedy and end up doing things you can't control, and the energy of change can keep interfering and disrupting your plans.",1
work_C1_su_df_earth,intro,It is a day when work communication is seriously disrupted and the entire collaboration is shaken.,1
work_C1_su_df_earth,effect,Lack of communication paralyzes team work and increases conflict.,1
work_C1_su_df_earth,action,Don’t decide on important collaboration issues today and put them off.,1
work_C1_su_df_earth,state,"It's easy to get stubborn and lose track of things repeatedly, and cloudy energy can reduce motivation and cloud your judgment.",1
work_C1_su_df_fire,intro,It is a day when work communication is seriously disrupted and the entire collaboration is shaken.,1
work_C1_su_df_fire,effect,Lack of communication paralyzes team work and increases conflict.,1
work_C1_su_df_fire,action,Don’t decide on important collaboration issues today and put them off.,1
work_C1_su_df_fire,state,"It's easy to get stubborn and lose track of the flow, and excited energy can disturb your calmness and lead to minor mistakes.",1
work_C1_su_df_water,intro,It is a day when work communication is seriously disrupted and the entire collaboration is shaken.,1
work_C1_su_df_water,effect,Lack of communication paralyzes team work and increases conflict.,1
work_C1_su_df_water,action,Don’t decide on important collaboration issues today and put them off.,1
work_C1_su_df_water,state,"It's easy to become stubborn and lose track of the flow, and the energy of rain and snow can't calm your emotions, making your heart heavy.",1
work_C1_su_df_wood,intro,It is a day when work communication is seriously disrupted and the entire collaboration is shaken.,1
work_C1_su_df_wood,effect,Lack of communication paralyzes team work and increases conflict.,1
work_C1_su_df_wood,action,Don’t decide on important collaboration issues today and put them off.,1
work_C1_su_df_wood,state,"It's easy to get stubborn and lose track of things repeatedly, and the energy of change can keep interfering and disrupt your plans.",1
work_C1_su_ex_earth,intro,It is a day when work communication is seriously disrupted and the entire collaboration is shaken.,1
work_C1_su_ex_earth,effect,Lack of communication paralyzes team work and increases conflict.,1
work_C1_su_ex_earth,action,Don’t decide on important collaboration issues today and put them off.,1
work_C1_su_ex_earth,state,"Emotions become deeper, so it is easy to be shaken by even small stimuli, and cloudy energy can reduce motivation and cloud judgment.",1
work_C1_su_ex_fire,intro,It is a day when work communication is seriously disrupted and the entire collaboration is shaken.,1
work_C1_su_ex_fire,effect,Lack of communication paralyzes team work and increases conflict.,1
work_C1_su_ex_fire,action,Don’t decide on important collaboration issues today and put them off.,1
work_C1_su_ex_fire,state,"Emotions become deep, so it is easy to be shaken by even the slightest stimulus, and excited energy can disturb calmness and lead to minor mistakes.",1
work_C1_su_ex_water,intro,It is a day when work communication is seriously disrupted and the entire collaboration is shaken.,1
work_C1_su_ex_water,effect,Lack of communication paralyzes team work and increases conflict.,1
work_C1_su_ex_water,action,Don’t decide on important collaboration issues today and put them off.,1
work_C1_su_ex_water,state,"As emotions become deeper, it is easy to be shaken by even the slightest stimulus, and the energy of rain and snow may not calm the emotions, making the heart heavy.",1
work_C1_su_ex_wood,intro,It is a day when work communication is seriously disrupted and the entire collaboration is shaken.,1
work_C1_su_ex_wood,effect,Lack of communication paralyzes team work and increases conflict.,1
work_C1_su_ex_wood,action,Don’t decide on important collaboration issues today and put them off.,1
work_C1_su_ex_wood,state,"As your emotions deepen, it is easy to be shaken by even the slightest stimulus, and the energy of change can keep interfering and disrupting your plans.",1
work_C1_to_df_earth,intro,It is a day when your work base becomes unstable and your entire job is at risk.,1
work_C1_to_df_earth,effect,The unstable state creates a series of work mistakes.,1
work_C1_to_df_earth,action,Focus on the one most important task and leave the rest until tomorrow.,1
work_C1_to_df_earth,state,"Because you are not centered, it is easy for your decisions to change, and cloudy energy can reduce motivation and cloud your judgment.",1
work_C1_to_df_fire,intro,It is a day when your work base becomes unstable and your entire job is at risk.,1
work_C1_to_df_fire,effect,The unstable state creates a series of work mistakes.,1
work_C1_to_df_fire,action,Focus on the one most important task and leave the rest until tomorrow.,1
work_C1_to_df_fire,state,"Because you are not centered, it is easy for your decisions to change, and your excited energy can dissipate your calmness and lead to minor mistakes.",1
work_C1_to_df_water,intro,It is a day when your work base becomes unstable and your entire job is at risk.,1
work_C1_to_df_water,effect,The unstable state creates a series of work mistakes.,1
work_C1_to_df_water,action,Focus on the one most important task and leave the rest until tomorrow.,1
work_C1_to_df_water,state,"Because you are not centered, it is easy for your decisions to change, and the energy of rain and snow cannot calm your emotions, making your heart heavy.",1
work_C1_to_df_wood,intro,It is a day when your work base becomes unstable and your entire job is at risk.,1
work_C1_to_df_wood,effect,The unstable state creates a series of work mistakes.,1
work_C1_to_df_wood,action,Focus on the one most important task and leave the rest until tomorrow.,1
work_C1_to_df_wood,state,"Because you are not centered, it is easy for your decisions to change, and the energy of change can keep interfering with your plans.",1
work_C1_to_ex_earth,intro,It is a day when your work base becomes unstable and your entire job is at risk.,1
work_C1_to_ex_earth,effect,The unstable state creates a series of work mistakes.,1
work_C1_to_ex_earth,action,Focus on the one most important task and leave the rest until tomorrow.,1
work_C1_to_ex_earth,state,"It is easy to ignore changes that require a stubborn stability orientation, and cloudy energy can reduce motivation and cloud judgment.",1
work_C1_to_ex_fire,intro,It is a day when your work base becomes unstable and your entire job is at risk.,1
work_C1_to_ex_fire,effect,The unstable state creates a series of work mistakes.,1
work_C1_to_ex_fire,action,Focus on the one most important task and leave the rest until tomorrow.,1
work_C1_to_ex_fire,state,"It is easy to ignore changes that require stubborn stability, and excited energy can disturb calmness and lead to minor mistakes.",1
work_C1_to_ex_water,intro,It is a day when your work base becomes unstable and your entire job is at risk.,1
work_C1_to_ex_water,effect,The unstable state creates a series of work mistakes.,1
work_C1_to_ex_water,action,Focus on the one most important task and leave the rest until tomorrow.,1
work_C1_to_ex_water,state,"It is easy to ignore changes that require stubborn stability, and the energy of rain and snow may not calm your emotions, making your heart heavy.",1
work_C1_to_ex_wood,intro,It is a day when your work base becomes unstable and your entire job is at risk.,1
work_C1_to_ex_wood,effect,The unstable state creates a series of work mistakes.,1
work_C1_to_ex_wood,action,Focus on the one most important task and leave the rest until tomorrow.,1
work_C1_to_ex_wood,state,"It is easy to ignore changes that require a stubborn stability orientation, and the energy of change can keep interfering and disrupt your plans.",1
work_D,intro,"Work energy is near the bottom today, so it's safe to play only the bare minimum.",1
work_D,intro,"Work energy is very low today, so you should be careful about trying new things as well as existing tasks.",1
work_D,effect,"This is a day when work mistakes and conflicts are several times more likely to occur than usual, and every action needs to be double-checked.",1
work_D,effect,"A new task you start today may become a big burden later, so it is better to hold off on starting it.",1
work_D,action,"At work today, stay quiet and avoid making eye-catching actions or remarks.",1
work_D,action,"Delegate what can be delegated, and review twice before proceeding with what needs to be done alone.",1
work_D_geum_df_earth,intro,It is a day when work ability is at its lowest and it is difficult to properly handle any assignment.,1
work_D_geum_df_earth,effect,A complete decline in work ability makes all the results worse.,1
work_D_geum_df_earth,action,Keep your workload to a minimum today and focus on your recovery.,1
work_D_geum_df_earth,state,"Your determination may be greatly broken, and any choice you make may result in regret, and the thick, cloudy energy may greatly slow down everything.",1
work_D_geum_df_fire,intro,It is a day when work ability is at its lowest and it is difficult to properly handle any assignment.,1
work_D_geum_df_fire,effect,A complete decline in work ability makes all the results worse.,1
work_D_geum_df_fire,action,Keep your workload to a minimum today and focus on your recovery.,1
work_D_geum_df_fire,state,"Decisiveness can be greatly weakened, and any choice can lead to regret, and strong yang can encourage impulses and lead to reckless actions.",1
work_D_geum_df_water,intro,It is a day when work ability is at its lowest and it is difficult to properly handle any assignment.,1
work_D_geum_df_water,effect,A complete decline in work ability makes all the results worse.,1
work_D_geum_df_water,action,Keep your workload to a minimum today and focus on your recovery.,1
work_D_geum_df_water,state,"Your determination can be greatly broken, and any choice you make can result in regret, and the force of heavy rain and snow can shake your emotions violently, making it difficult to control them.",1
work_D_geum_df_wood,intro,It is a day when work ability is at its lowest and it is difficult to properly handle any assignment.,1
work_D_geum_df_wood,effect,A complete decline in work ability makes all the results worse.,1
work_D_geum_df_wood,action,Keep your workload to a minimum today and focus on your recovery.,1
work_D_geum_df_wood,state,"Your determination may be greatly broken, any choice you make may end in regret, and the fierce energy of change may cause all your predictions to go astray.",1
work_D_geum_ex_earth,intro,It is a day when work ability is at its lowest and it is difficult to properly handle any assignment.,1
work_D_geum_ex_earth,effect,A complete decline in work ability makes all the results worse.,1
work_D_geum_ex_earth,action,Keep your workload to a minimum today and focus on your recovery.,1
work_D_geum_ex_earth,state,"If the sharpness goes too far, it can create a deep rift with the surroundings, and the thick cloudy energy can greatly slow down everything.",1
work_D_geum_ex_fire,intro,It is a day when work ability is at its lowest and it is difficult to properly handle any assignment.,1
work_D_geum_ex_fire,effect,A complete decline in work ability makes all the results worse.,1
work_D_geum_ex_fire,action,Keep your workload to a minimum today and focus on your recovery.,1
work_D_geum_ex_fire,state,"Sharpness can go too far and create deep rifts with those around you, and strong yang can encourage impulses and lead to reckless actions.",1
work_D_geum_ex_water,intro,It is a day when work ability is at its lowest and it is difficult to properly handle any assignment.,1
work_D_geum_ex_water,effect,A complete decline in work ability makes all the results worse.,1
work_D_geum_ex_water,action,Keep your workload to a minimum today and focus on your recovery.,1
work_D_geum_ex_water,state,"The sharpness can go too far and create deep cracks with the surroundings, and the force of heavy rain and snow can shake your emotions violently, making it difficult to control them.",1
work_D_geum_ex_wood,intro,It is a day when work ability is at its lowest and it is difficult to properly handle any assignment.,1
work_D_geum_ex_wood,effect,A complete decline in work ability makes all the results worse.,1
work_D_geum_ex_wood,action,Keep your workload to a minimum today and focus on your recovery.,1
work_D_geum_ex_wood,state,"Sharpness can go too far and create deep cracks with the surroundings, and the fierce energy of change can make all predictions go astray.",1
work_D_hwa_df_earth,intro,These are the days when the motivation to work is completely exhausted and no motivation works.,1
work_D_hwa_df_earth,effect,Low energy paralyzes the entire work.,1
work_D_hwa_df_earth,action,Minimize your work today and recharge before starting tomorrow.,1
work_D_hwa_df_earth,state,"The way to convey one's feelings is completely closed, which can deepen misunderstandings and disconnection, and the thick, cloudy energy can greatly slow down everything.",1
work_D_hwa_df_fire,intro,These are the days when the motivation to work is completely exhausted and no motivation works.,1
work_D_hwa_df_fire,effect,Low energy paralyzes the entire work.,1
work_D_hwa_df_fire,action,Minimize your work today and recharge before starting tomorrow.,1
work_D_hwa_df_fire,state,"The way to communicate one's feelings is completely closed, which can deepen misunderstandings and disconnection, and strong positive energy can encourage impulses and lead to reckless actions.",1
work_D_hwa_df_water,intro,These are the days when the motivation to work is completely exhausted and no motivation works.,1
work_D_hwa_df_water,effect,Low energy paralyzes the entire work.,1
work_D_hwa_df_water,action,Minimize your work today and recharge before starting tomorrow.,1
work_D_hwa_df_water,state,"The way to communicate one's feelings is completely closed, which can deepen misunderstandings and disconnection, and the force of heavy rain and snow can shake emotions violently, making it difficult to control them.",1
work_D_hwa_df_wood,intro,These are the days when the motivation to work is completely exhausted and no motivation works.,1
work_D_hwa_df_wood,effect,Low energy paralyzes the entire work.,1
work_D_hwa_df_wood,action,Minimize your work today and recharge before starting tomorrow.,1
work_D_hwa_df_wood,state,"The way to communicate one's feelings is completely closed, misunderstandings and disconnection can deepen, and the fierce energy of change can cause all predictions to go astray.",1
work_D_hwa_ex_earth,intro,These are the days when the motivation to work is completely exhausted and no motivation works.,1
work_D_hwa_ex_earth,effect,Low energy paralyzes the entire work.,1
work_D_hwa_ex_earth,action,Minimize your work today and recharge before starting tomorrow.,1
work_D_hwa_ex_earth,state,"Overheated emotions can spread into an irreparable conflict, and the thick cloudy energy can greatly slow down everything.",1
work_D_hwa_ex_fire,intro,These are the days when the motivation to work is completely exhausted and no motivation works.,1
work_D_hwa_ex_fire,effect,Low energy paralyzes the entire work.,1
work_D_hwa_ex_fire,action,Minimize your work today and recharge before starting tomorrow.,1
work_D_hwa_ex_fire,state,"Overheated emotions can lead to irreversible conflict, and strong yang can encourage impulses and lead to reckless actions.",1
work_D_hwa_ex_water,intro,These are the days when the motivation to work is completely exhausted and no motivation works.,1
work_D_hwa_ex_water,effect,Low energy paralyzes the entire work.,1
work_D_hwa_ex_water,action,Minimize your work today and recharge before starting tomorrow.,1
work_D_hwa_ex_water,state,"Overheated emotions can spread into an irreparable conflict, and the force of heavy rain and snow shakes emotions violently, making control difficult.",1
work_D_hwa_ex_wood,intro,These are the days when the motivation to work is completely exhausted and no motivation works.,1
work_D_hwa_ex_wood,effect,Low energy paralyzes the entire work.,1
work_D_hwa_ex_wood,action,Minimize your work today and recharge before starting tomorrow.,1
work_D_hwa_ex_wood,state,"Overheated emotions can spread into an irreparable conflict, and the fierce energy of change can cause all predictions to go astray.",1
work_D_mok_df_earth,intro,It is a day when your work capacity is at a complete low and any attempt you make becomes counterproductive.,1
work_D_mok_df_earth,effect,Competency exhaustion causes the overall work to collapse.,1
work_D_mok_df_earth,action,Let go of work today and take complete rest.,1
work_D_mok_df_earth,state,"Fear can completely stop you from taking action and even cause you to lose opportunities, and the thick cloudy energy can greatly slow down everything.",1
work_D_mok_df_fire,intro,It is a day when your work capacity is at a complete low and any attempt you make becomes counterproductive.,1
work_D_mok_df_fire,effect,Competency exhaustion causes the overall work to collapse.,1
work_D_mok_df_fire,action,Let go of work today and take complete rest.,1
work_D_mok_df_fire,state,"Fear can completely stop an action and even result in loss of opportunities, and strong positive energy can encourage impulses and lead to reckless actions.",1
work_D_mok_df_water,intro,It is a day when your work capacity is at a complete low and any attempt you make becomes counterproductive.,1
work_D_mok_df_water,effect,Competency exhaustion causes the overall work to collapse.,1
work_D_mok_df_water,action,Let go of work today and take complete rest.,1
work_D_mok_df_water,state,"Fear can completely stop you from taking action and even cause you to lose opportunities, and the force of heavy rain and snow can shake your emotions so much that it becomes difficult to control them.",1
work_D_mok_df_wood,intro,It is a day when your work capacity is at a complete low and any attempt you make becomes counterproductive.,1
work_D_mok_df_wood,effect,Competency exhaustion causes the overall work to collapse.,1
work_D_mok_df_wood,action,Let go of work today and take complete rest.,1
work_D_mok_df_wood,state,"Fear can completely stop action and even lead to loss of opportunities, and the fierce energy of change can cause all predictions to go astray.",1
work_D_mok_ex_earth,intro,It is a day when your work capacity is at a complete low and any attempt you make becomes counterproductive.,1
work_D_mok_ex_earth,effect,Competency exhaustion causes the overall work to collapse.,1
work_D_mok_ex_earth,action,Let go of work today and take complete rest.,1
work_D_mok_ex_earth,state,"Uncontrollable motivation can lead to unreasonable accidents, and thick cloudy energy can greatly slow down everything.",1
work_D_mok_ex_fire,intro,It is a day when your work capacity is at a complete low and any attempt you make becomes counterproductive.,1
work_D_mok_ex_fire,effect,Competency exhaustion causes the overall work to collapse.,1
work_D_mok_ex_fire,action,Let go of work today and take complete rest.,1
work_D_mok_ex_fire,state,"Uncontrollable motivation can lead to unreasonable accidents, and strong positive energy can encourage impulses and lead to reckless actions.",1
work_D_mok_ex_water,intro,It is a day when your work capacity is at a complete low and any attempt you make becomes counterproductive.,1
work_D_mok_ex_water,effect,Competency exhaustion causes the overall work to collapse.,1
work_D_mok_ex_water,action,Let go of work today and take complete rest.,1
work_D_mok_ex_water,state,"Uncontrollable motivation can lead to unreasonable accidents, and the force of heavy rain and snow can shake emotions violently, making control difficult.",1
work_D_mok_ex_wood,intro,It is a day when your work capacity is at a complete low and any attempt you make becomes counterproductive.,1
work_D_mok_ex_wood,effect,Competency exhaustion causes the overall work to collapse.,1
work_D_mok_ex_wood,action,Let go of work today and take complete rest.,1
work_D_mok_ex_wood,state,"Uncontrollable motivation can lead to unreasonable thinking, and the fierce energy of change can cause all predictions to go astray.",1
work_D_su_df_earth,intro,It is a day when work communication is completely cut off and collaboration is impossible.,1
work_D_su_df_earth,effect,A breakdown in communication has the worst impact on the entire team’s work.,1
work_D_su_df_earth,action,Transfer all today’s collaboration tasks to tomorrow.,1
work_D_su_df_earth,state,"A rigid attitude blocks all flow, making progress difficult, and thick, cloudy energy can greatly slow down everything.",1
work_D_su_df_fire,intro,It is a day when work communication is completely cut off and collaboration is impossible.,1
work_D_su_df_fire,effect,A breakdown in communication has the worst impact on the entire team’s work.,1
work_D_su_df_fire,action,Transfer all today’s collaboration tasks to tomorrow.,1
work_D_su_df_fire,state,"A rigid attitude blocks all flow, making progress difficult, and strong positive energy can encourage impulses and lead to reckless actions.",1
work_D_su_df_water,intro,It is a day when work communication is completely cut off and collaboration is impossible.,1
work_D_su_df_water,effect,A breakdown in communication has the worst impact on the entire team’s work.,1
work_D_su_df_water,action,Transfer all today’s collaboration tasks to tomorrow.,1
work_D_su_df_water,state,"A rigid attitude blocks all flow, making progress difficult, and the force of heavy rain and snow shakes emotions violently, making control difficult.",1
work_D_su_df_wood,intro,It is a day when work communication is completely cut off and collaboration is impossible.,1
work_D_su_df_wood,effect,A breakdown in communication has the worst impact on the entire team’s work.,1
work_D_su_df_wood,action,Transfer all today’s collaboration tasks to tomorrow.,1
work_D_su_df_wood,state,"A rigid attitude blocks all flow, making progress difficult, and the fierce energy of change can cause all predictions to go astray.",1
work_D_su_ex_earth,intro,It is a day when work communication is completely cut off and collaboration is impossible.,1
work_D_su_ex_earth,effect,A breakdown in communication has the worst impact on the entire team’s work.,1
work_D_su_ex_earth,action,Transfer all today’s collaboration tasks to tomorrow.,1
work_D_su_ex_earth,state,"The torrent of emotions can overwhelm reason and lead to big mistakes, and the thick, cloudy energy can greatly slow down everything.",1
work_D_su_ex_fire,intro,It is a day when work communication is completely cut off and collaboration is impossible.,1
work_D_su_ex_fire,effect,A breakdown in communication has the worst impact on the entire team’s work.,1
work_D_su_ex_fire,action,Transfer all today’s collaboration tasks to tomorrow.,1
work_D_su_ex_fire,state,"A torrent of emotions can overwhelm reason and lead to big mistakes, and strong positive energy can encourage impulses and lead to reckless actions.",1
work_D_su_ex_water,intro,It is a day when work communication is completely cut off and collaboration is impossible.,1
work_D_su_ex_water,effect,A breakdown in communication has the worst impact on the entire team’s work.,1
work_D_su_ex_water,action,Transfer all today’s collaboration tasks to tomorrow.,1
work_D_su_ex_water,state,"A torrent of emotions can overwhelm reason and lead to big mistakes, and the force of heavy rain and snow can shake emotions violently, making it difficult to control them.",1
work_D_su_ex_wood,intro,It is a day when work communication is completely cut off and collaboration is impossible.,1
work_D_su_ex_wood,effect,A breakdown in communication has the worst impact on the entire team’s work.,1
work_D_su_ex_wood,action,Transfer all today’s collaboration tasks to tomorrow.,1
work_D_su_ex_wood,state,"The torrent of emotions can overwhelm reason and lead to big mistakes, and the fierce energy of change can cause all predictions to go astray.",1
work_D_to_df_earth,intro,It is a day when work stability is completely lost and no work can be done normally.,1
work_D_to_df_earth,effect,Extreme instability brings the entire work to a halt.,1
work_D_to_df_earth,action,Completely let go of work today and focus only on recovery.,1
work_D_to_df_earth,state,"You can completely lose your balance and everything can go out of control, and the thick cloudy energy can greatly slow down everything.",1
work_D_to_df_fire,intro,It is a day when work stability is completely lost and no work can be done normally.,1
work_D_to_df_fire,effect,Extreme instability brings the entire work to a halt.,1
work_D_to_df_fire,action,Completely let go of work today and focus only on recovery.,1
work_D_to_df_fire,state,"If you completely lose your balance, everything can go out of control, and strong yang energy can encourage impulses and lead you to reckless actions.",1
work_D_to_df_water,intro,It is a day when work stability is completely lost and no work can be done normally.,1
work_D_to_df_water,effect,Extreme instability brings the entire work to a halt.,1
work_D_to_df_water,action,Completely let go of work today and focus only on recovery.,1
work_D_to_df_water,state,"You can completely lose your balance and everything can go out of control, and the force of heavy rain and snow can shake your emotions so much that it becomes difficult to control them.",1
work_D_to_df_wood,intro,It is a day when work stability is completely lost and no work can be done normally.,1
work_D_to_df_wood,effect,Extreme instability brings the entire work to a halt.,1
work_D_to_df_wood,action,Completely let go of work today and focus only on recovery.,1
work_D_to_df_wood,state,"If you completely lose your balance, everything can go out of control, and the violent energy of change can make all your predictions go astray.",1
work_D_to_ex_earth,intro,It is a day when work stability is completely lost and no work can be done normally.,1
work_D_to_ex_earth,effect,Extreme instability brings the entire work to a halt.,1
work_D_to_ex_earth,action,Completely let go of work today and focus only on recovery.,1
work_D_to_ex_earth,state,"Refusal to change can escalate a crisis and make recovery difficult, and a thick, cloudy atmosphere can greatly slow down everything.",1
work_D_to_ex_fire,intro,It is a day when work stability is completely lost and no work can be done normally.,1
work_D_to_ex_fire,effect,Extreme instability brings the entire work to a halt.,1
work_D_to_ex_fire,action,Completely let go of work today and focus only on recovery.,1
work_D_to_ex_fire,state,"Refusal to change can escalate the crisis and make recovery difficult, and strong positive energy can encourage impulses and lead to reckless actions.",1
work_D_to_ex_water,intro,It is a day when work stability is completely lost and no work can be done normally.,1
work_D_to_ex_water,effect,Extreme instability brings the entire work to a halt.,1
work_D_to_ex_water,action,Completely let go of work today and focus only on recovery.,1
work_D_to_ex_water,state,"Refusal to change can escalate the crisis and make recovery difficult, and the force of heavy rain and snow can shake emotions violently, making control difficult.",1
work_D_to_ex_wood,intro,It is a day when work stability is completely lost and no work can be done normally.,1
work_D_to_ex_wood,effect,Extreme instability brings the entire work to a halt.,1
work_D_to_ex_wood,action,Completely let go of work today and focus only on recovery.,1
work_D_to_ex_wood,state,"Refusal to change can escalate a crisis and make recovery difficult, and the fierce energy of change can cause all predictions to go astray.",1
love_A,intro,Today is a day when your luck in relationships will shine and you will receive a positive response if you express your feelings.,1
love_A,intro,"The energy of love is abundant today, so I look forward to exciting encounters and deepening relationships.",1
love_A,effect,"It is a good day for the other person to open their heart, and natural communication takes place.",1
love_A,effect,Expressions of affection shine and warm moments continue in a row in your relationship.,1
love_A,action,Expressing your honest feelings today can greatly move someone else's heart.,1
love_A,action,"If you open the conversation first, today's good energy will deepen your relationship.",1
love_A_geum_df_earth,intro,It is a day when your romantic charm is at its peak and you leave a strong impression on your partner.,1
love_A_geum_df_earth,effect,Clear expression of emotions develops relationships with others quickly.,1
love_A_geum_df_earth,action,"If you've ever wanted to express your feelings, today is the perfect time.",1
love_A_geum_df_earth,state,"Calm judgment increases prudence, leading to deep insight, and calm energy increases prudence, leading to good results.",1
love_A_geum_df_fire,intro,It is a day when your romantic charm is at its peak and you leave a strong impression on your partner.,1
love_A_geum_df_fire,effect,Clear expression of emotions develops relationships with others quickly.,1
love_A_geum_df_fire,action,"If you've ever wanted to express your feelings, today is the perfect time.",1
love_A_geum_df_fire,state,"Calm judgment increases prudence, leads to deep insight, and clear energy increases vitality and creates a good flow.",1
love_A_geum_df_water,intro,It is a day when your romantic charm is at its peak and you leave a strong impression on your partner.,1
love_A_geum_df_water,effect,Clear expression of emotions develops relationships with others quickly.,1
love_A_geum_df_water,action,"If you've ever wanted to express your feelings, today is the perfect time.",1
love_A_geum_df_water,state,"Calm judgment increases prudence and leads to deep insight, and moist energy deeply refines the mind and opens clear vision.",1
love_A_geum_df_wood,intro,It is a day when your romantic charm is at its peak and you leave a strong impression on your partner.,1
love_A_geum_df_wood,effect,Clear expression of emotions develops relationships with others quickly.,1
love_A_geum_df_wood,action,"If you've ever wanted to express your feelings, today is the perfect time.",1
love_A_geum_df_wood,state,"Calm judgment increases prudence, leads to deep insight, and dynamic energy opens up new possibilities.",1
love_A_geum_ex_earth,intro,It is a day when your romantic charm is at its peak and you leave a strong impression on your partner.,1
love_A_geum_ex_earth,effect,Clear expression of emotions develops relationships with others quickly.,1
love_A_geum_ex_earth,action,"If you've ever wanted to express your feelings, today is the perfect time.",1
love_A_geum_ex_earth,state,"Sharp judgment penetrates to the core and leads to clear conclusions, and calm energy increases prudence, leading to good results.",1
love_A_geum_ex_fire,intro,It is a day when your romantic charm is at its peak and you leave a strong impression on your partner.,1
love_A_geum_ex_fire,effect,Clear expression of emotions develops relationships with others quickly.,1
love_A_geum_ex_fire,action,"If you've ever wanted to express your feelings, today is the perfect time.",1
love_A_geum_ex_fire,state,"Sharp judgment penetrates the core and draws clear conclusions, and clear energy boosts vitality and creates a good flow.",1
love_A_geum_ex_water,intro,It is a day when your romantic charm is at its peak and you leave a strong impression on your partner.,1
love_A_geum_ex_water,effect,Clear expression of emotions develops relationships with others quickly.,1
love_A_geum_ex_water,action,"If you've ever wanted to express your feelings, today is the perfect time.",1
love_A_geum_ex_water,state,"Sharp judgment penetrates the core and draws clear conclusions, and moist energy deeply refines the mind and opens clear vision.",1
love_A_geum_ex_wood,intro,It is a day when your romantic charm is at its peak and you leave a strong impression on your partner.,1
love_A_geum_ex_wood,effect,Clear expression of emotions develops relationships with others quickly.,1
love_A_geum_ex_wood,action,"If you've ever wanted to express your feelings, today is the perfect time.",1
love_A_geum_ex_wood,state,"Sharp judgment penetrates to the core and draws clear conclusions, and dynamic energy opens up new possibilities.",1
love_A_hwa_df_earth,intro,It is a day where the passion of love overflows and you pull your partner deeply.,1
love_A_hwa_df_earth,effect,Hot emotions spark a relationship and strengthen the bond.,1
love_A_hwa_df_earth,action,"If you convey your feelings with sincerity, the other person will respond fully.",1
love_A_hwa_df_earth,state,"A calm inner self gives you the power to fully express your sincerity, and a calm energy increases prudence, leading to good results.",1
love_A_hwa_df_fire,intro,It is a day where the passion of love overflows and you pull your partner deeply.,1
love_A_hwa_df_fire,effect,Hot emotions spark a relationship and strengthen the bond.,1
love_A_hwa_df_fire,action,"If you convey your feelings with sincerity, the other person will respond fully.",1
love_A_hwa_df_fire,state,"A calm inner self gives you the power to fully express your sincerity, and clear energy boosts your vitality and creates a good flow.",1
love_A_hwa_df_water,intro,It is a day where the passion of love overflows and you pull your partner deeply.,1
love_A_hwa_df_water,effect,Hot emotions spark a relationship and strengthen the bond.,1
love_A_hwa_df_water,action,"If you convey your feelings with sincerity, the other person will respond fully.",1
love_A_hwa_df_water,state,"A calm inner self gives you the power to fully express your true feelings, and moist energy deeply refines your mind and opens up clear vision.",1
love_A_hwa_df_wood,intro,It is a day where the passion of love overflows and you pull your partner deeply.,1
love_A_hwa_df_wood,effect,Hot emotions spark a relationship and strengthen the bond.,1
love_A_hwa_df_wood,action,"If you convey your feelings with sincerity, the other person will respond fully.",1
love_A_hwa_df_wood,state,"A calm inner self gives you the power to fully express your sincerity, and dynamic energy opens up new possibilities.",1
love_A_hwa_ex_earth,intro,It is a day where the passion of love overflows and you pull your partner deeply.,1
love_A_hwa_ex_earth,effect,Hot emotions spark a relationship and strengthen the bond.,1
love_A_hwa_ex_earth,action,"If you convey your feelings with sincerity, the other person will respond fully.",1
love_A_hwa_ex_earth,state,"Overflowing passion greatly increases momentum and creates a good flow, and calm energy increases prudence, leading to good results.",1
love_A_hwa_ex_fire,intro,It is a day where the passion of love overflows and you pull your partner deeply.,1
love_A_hwa_ex_fire,effect,Hot emotions spark a relationship and strengthen the bond.,1
love_A_hwa_ex_fire,action,"If you convey your feelings with sincerity, the other person will respond fully.",1
love_A_hwa_ex_fire,state,"Overflowing passion greatly increases driving force and creates a good flow, and clear energy increases vitality and creates a good flow.",1
love_A_hwa_ex_water,intro,It is a day where the passion of love overflows and you pull your partner deeply.,1
love_A_hwa_ex_water,effect,Hot emotions spark a relationship and strengthen the bond.,1
love_A_hwa_ex_water,action,"If you convey your feelings with sincerity, the other person will respond fully.",1
love_A_hwa_ex_water,state,"The overflowing passion greatly increases the driving force and creates a good flow, and the moist energy deeply refines the mind and opens clear vision.",1
love_A_hwa_ex_wood,intro,It is a day where the passion of love overflows and you pull your partner deeply.,1
love_A_hwa_ex_wood,effect,Hot emotions spark a relationship and strengthen the bond.,1
love_A_hwa_ex_wood,action,"If you convey your feelings with sincerity, the other person will respond fully.",1
love_A_hwa_ex_wood,state,"Overflowing passion greatly increases driving force, creating a good flow, and dynamic energy opens up new possibilities.",1
love_A_mok_df_earth,intro,"It is a day to meet new people or deepen relationships, as there is plenty of relationship growth energy.",1
love_A_mok_df_earth,effect,The expanding love energy creates new encounters and deep bonds.,1
love_A_mok_df_earth,action,Be proactive and go out to meet new people.,1
love_A_mok_df_earth,state,"A cautious approach actually creates a solid start, and a calm energy increases prudence, leading to good results.",1
love_A_mok_df_fire,intro,"It is a day to meet new people or deepen relationships, as there is plenty of relationship growth energy.",1
love_A_mok_df_fire,effect,The expanding love energy creates new encounters and deep bonds.,1
love_A_mok_df_fire,action,Be proactive and go out to meet new people.,1
love_A_mok_df_fire,state,"A cautious approach actually creates a solid start, and clear energy boosts vitality and creates a good flow.",1
love_A_mok_df_water,intro,"It is a day to meet new people or deepen relationships, as there is plenty of relationship growth energy.",1
love_A_mok_df_water,effect,The expanding love energy creates new encounters and deep bonds.,1
love_A_mok_df_water,action,Be proactive and go out to meet new people.,1
love_A_mok_df_water,state,"A cautious approach actually creates a solid start, and moist energy deeply refines the mind and opens clear vision.",1
love_A_mok_df_wood,intro,"It is a day to meet new people or deepen relationships, as there is plenty of relationship growth energy.",1
love_A_mok_df_wood,effect,The expanding love energy creates new encounters and deep bonds.,1
love_A_mok_df_wood,action,Be proactive and go out to meet new people.,1
love_A_mok_df_wood,state,"A cautious approach creates a solid start, and dynamic energy opens up new possibilities.",1
love_A_mok_ex_earth,intro,"It is a day to meet new people or deepen relationships, as there is plenty of relationship growth energy.",1
love_A_mok_ex_earth,effect,The expanding love energy creates new encounters and deep bonds.,1
love_A_mok_ex_earth,action,Be proactive and go out to meet new people.,1
love_A_mok_ex_earth,state,"A strong will actively opens up new opportunities, and a calm energy increases prudence, leading to good results.",1
love_A_mok_ex_fire,intro,"It is a day to meet new people or deepen relationships, as there is plenty of relationship growth energy.",1
love_A_mok_ex_fire,effect,The expanding love energy creates new encounters and deep bonds.,1
love_A_mok_ex_fire,action,Be proactive and go out to meet new people.,1
love_A_mok_ex_fire,state,"A strong will actively opens up new opportunities, and clear energy increases vitality and creates a good flow.",1
love_A_mok_ex_water,intro,"It is a day to meet new people or deepen relationships, as there is plenty of relationship growth energy.",1
love_A_mok_ex_water,effect,The expanding love energy creates new encounters and deep bonds.,1
love_A_mok_ex_water,action,Be proactive and go out to meet new people.,1
love_A_mok_ex_water,state,"A strong will actively opens up new opportunities, and moist energy deeply refines the mind and opens clear vision.",1
love_A_mok_ex_wood,intro,"It is a day to meet new people or deepen relationships, as there is plenty of relationship growth energy.",1
love_A_mok_ex_wood,effect,The expanding love energy creates new encounters and deep bonds.,1
love_A_mok_ex_wood,action,Be proactive and go out to meet new people.,1
love_A_mok_ex_wood,state,"A strong will actively opens up new opportunities, and a dynamic energy opens up new possibilities.",1
love_A_su_df_earth,intro,It is a day when emotions flow naturally and communication with others is seamless.,1
love_A_su_df_earth,effect,A flowing conversation narrows the distance between you and the other person.,1
love_A_su_df_earth,action,Open and honest communication will deepen your relationship.,1
love_A_su_df_earth,state,"A solid center helps you maintain your direction without wavering, and a calm energy increases prudence, leading to good results.",1
love_A_su_df_fire,intro,It is a day when emotions flow naturally and communication with others is seamless.,1
love_A_su_df_fire,effect,A flowing conversation narrows the distance between you and the other person.,1
love_A_su_df_fire,action,Open and honest communication will deepen your relationship.,1
love_A_su_df_fire,state,"A solid center keeps you in the right direction without wavering, and clear energy boosts vitality and creates a good flow.",1
love_A_su_df_water,intro,It is a day when emotions flow naturally and communication with others is seamless.,1
love_A_su_df_water,effect,A flowing conversation narrows the distance between you and the other person.,1
love_A_su_df_water,action,Open and honest communication will deepen your relationship.,1
love_A_su_df_water,state,"A solid center helps you keep your direction without wavering, and moist energy deeply refines your mind and opens up clear vision.",1
love_A_su_df_wood,intro,It is a day when emotions flow naturally and communication with others is seamless.,1
love_A_su_df_wood,effect,A flowing conversation narrows the distance between you and the other person.,1
love_A_su_df_wood,action,Open and honest communication will deepen your relationship.,1
love_A_su_df_wood,state,"A solid center maintains the direction without wavering, and dynamic energy opens up new possibilities.",1
love_A_su_ex_earth,intro,It is a day when emotions flow naturally and communication with others is seamless.,1
love_A_su_ex_earth,effect,A flowing conversation narrows the distance between you and the other person.,1
love_A_su_ex_earth,action,Open and honest communication will deepen your relationship.,1
love_A_su_ex_earth,state,"Rich sensitivity leads to deep insight and helps in good judgment, and calm energy increases prudence, leading to good results.",1
love_A_su_ex_fire,intro,It is a day when emotions flow naturally and communication with others is seamless.,1
love_A_su_ex_fire,effect,A flowing conversation narrows the distance between you and the other person.,1
love_A_su_ex_fire,action,Open and honest communication will deepen your relationship.,1
love_A_su_ex_fire,state,"Rich sensitivity leads to deep insight and helps in making good decisions, and clear energy increases vitality and creates a good flow.",1
love_A_su_ex_water,intro,It is a day when emotions flow naturally and communication with others is seamless.,1
love_A_su_ex_water,effect,A flowing conversation narrows the distance between you and the other person.,1
love_A_su_ex_water,action,Open and honest communication will deepen your relationship.,1
love_A_su_ex_water,state,"Rich sensitivity leads to deep insight and helps in good judgment, and moist energy deeply refines the mind and opens clear vision.",1
love_A_su_ex_wood,intro,It is a day when emotions flow naturally and communication with others is seamless.,1
love_A_su_ex_wood,effect,A flowing conversation narrows the distance between you and the other person.,1
love_A_su_ex_wood,action,Open and honest communication will deepen your relationship.,1
love_A_su_ex_wood,state,"Rich sensitivity leads to deep insight and helps in making good decisions, and dynamic energy opens up new possibilities.",1
love_A_to_df_earth,intro,It is a day when the stable energy of love adds peace and trust to relationships.,1
love_A_to_df_earth,effect,A strong bond makes the relationship stronger.,1
love_A_to_df_earth,action,Build trust by expressing everyday consideration to others.,1
love_A_to_df_earth,state,"A flexible attitude allows you to naturally accept new trends, and a calm energy increases prudence, leading to good results.",1
love_A_to_df_fire,intro,It is a day when the stable energy of love adds peace and trust to relationships.,1
love_A_to_df_fire,effect,A strong bond makes the relationship stronger.,1
love_A_to_df_fire,action,Build trust by expressing everyday consideration to others.,1
love_A_to_df_fire,state,"A flexible attitude allows you to naturally accept new trends, and clear energy increases vitality and creates a good flow.",1
love_A_to_df_water,intro,It is a day when the stable energy of love adds peace and trust to relationships.,1
love_A_to_df_water,effect,A strong bond makes the relationship stronger.,1
love_A_to_df_water,action,Build trust by expressing everyday consideration to others.,1
love_A_to_df_water,state,"A flexible attitude allows you to naturally accept new trends, and moist energy deeply refines your mind and opens up clear vision.",1
love_A_to_df_wood,intro,It is a day when the stable energy of love adds peace and trust to relationships.,1
love_A_to_df_wood,effect,A strong bond makes the relationship stronger.,1
love_A_to_df_wood,action,Build trust by expressing everyday consideration to others.,1
love_A_to_df_wood,state,"A flexible attitude allows you to naturally accept new trends, and a dynamic energy opens up new possibilities.",1
love_A_to_ex_earth,intro,It is a day when the stable energy of love adds peace and trust to relationships.,1
love_A_to_ex_earth,effect,A strong bond makes the relationship stronger.,1
love_A_to_ex_earth,action,Build trust by expressing everyday consideration to others.,1
love_A_to_ex_earth,state,"A strong sense of stability becomes a solid foundation for everything, and a calm energy increases prudence, leading to good results.",1
love_A_to_ex_fire,intro,It is a day when the stable energy of love adds peace and trust to relationships.,1
love_A_to_ex_fire,effect,A strong bond makes the relationship stronger.,1
love_A_to_ex_fire,action,Build trust by expressing everyday consideration to others.,1
love_A_to_ex_fire,state,"A strong sense of stability becomes a solid foundation for everything, and clear energy boosts vitality and creates a good flow.",1
love_A_to_ex_water,intro,It is a day when the stable energy of love adds peace and trust to relationships.,1
love_A_to_ex_water,effect,A strong bond makes the relationship stronger.,1
love_A_to_ex_water,action,Build trust by expressing everyday consideration to others.,1
love_A_to_ex_water,state,"A strong sense of stability becomes a solid foundation for everything, and moist energy deeply refines the mind and opens clear vision.",1
love_A_to_ex_wood,intro,It is a day when the stable energy of love adds peace and trust to relationships.,1
love_A_to_ex_wood,effect,A strong bond makes the relationship stronger.,1
love_A_to_ex_wood,action,Build trust by expressing everyday consideration to others.,1
love_A_to_ex_wood,state,"A strong sense of stability provides a solid foundation for everything, and dynamic energy opens up new possibilities.",1
love_B,intro,The relationship energy today is warm and you can naturally become closer to your partner.,1
love_B,intro,Today is a day when emotional expression flows naturally and warmth is added to relationships.,1
love_B,effect,Small considerations and interests work to make relationships stronger.,1
love_B,effect,"The bond with your partner or people around you deepens, and a good atmosphere is created.",1
love_B,action,"Today, one small action will speak louder than words to the other person.",1
love_B,action,It is a day when your relationship becomes one step closer when you express your emotions naturally.,1
love_B_geum_df_earth,intro,It is a day when the flow of love continues stably and the relationship is maintained smoothly.,1
love_B_geum_df_earth,effect,"Emotions are expressed in a balanced way, so the relationship with the other person is smooth.",1
love_B_geum_df_earth,action,"If there is something lacking in your relationship today, be honest about it.",1
love_B_geum_df_earth,state,"Even if your determination becomes somewhat dull, the flow of daily life continues smoothly, and the cloudy energy adds to the calm atmosphere, creating a sense of tranquility.",1
love_B_geum_df_fire,intro,It is a day when the flow of love continues stably and the relationship is maintained smoothly.,1
love_B_geum_df_fire,effect,"Emotions are expressed in a balanced way, so the relationship with the other person is smooth.",1
love_B_geum_df_fire,action,"If there is something lacking in your relationship today, be honest about it.",1
love_B_geum_df_fire,state,"Even if your determination becomes somewhat dull, the flow of your daily life continues smoothly, and the clear energy adds light vitality, creating a smooth flow.",1
love_B_geum_df_water,intro,It is a day when the flow of love continues stably and the relationship is maintained smoothly.,1
love_B_geum_df_water,effect,"Emotions are expressed in a balanced way, so the relationship with the other person is smooth.",1
love_B_geum_df_water,action,"If there is something lacking in your relationship today, be honest about it.",1
love_B_geum_df_water,state,"Even if your determination becomes somewhat dull, the flow of your daily life continues smoothly, and the moist energy adds a calm lingering feeling to your emotions.",1
love_B_geum_df_wood,intro,It is a day when the flow of love continues stably and the relationship is maintained smoothly.,1
love_B_geum_df_wood,effect,"Emotions are expressed in a balanced way, so the relationship with the other person is smooth.",1
love_B_geum_df_wood,action,"If there is something lacking in your relationship today, be honest about it.",1
love_B_geum_df_wood,state,"Even if your determination becomes somewhat dull, the flow of daily life continues smoothly and the slight energy of change adds appropriate stimulation.",1
love_B_geum_ex_earth,intro,It is a day when the flow of love continues stably and the relationship is maintained smoothly.,1
love_B_geum_ex_earth,effect,"Emotions are expressed in a balanced way, so the relationship with the other person is smooth.",1
love_B_geum_ex_earth,action,"If there is something lacking in your relationship today, be honest about it.",1
love_B_geum_ex_earth,state,"Analytical judgment flows naturally at the usual pace, and the cloudy energy adds to the calm atmosphere, creating a sense of tranquility.",1
love_B_geum_ex_fire,intro,It is a day when the flow of love continues stably and the relationship is maintained smoothly.,1
love_B_geum_ex_fire,effect,"Emotions are expressed in a balanced way, so the relationship with the other person is smooth.",1
love_B_geum_ex_fire,action,"If there is something lacking in your relationship today, be honest about it.",1
love_B_geum_ex_fire,state,"Analytical judgment naturally follows the usual pace, and the clear energy adds light vitality, creating a smooth flow.",1
love_B_geum_ex_water,intro,It is a day when the flow of love continues stably and the relationship is maintained smoothly.,1
love_B_geum_ex_water,effect,"Emotions are expressed in a balanced way, so the relationship with the other person is smooth.",1
love_B_geum_ex_water,action,"If there is something lacking in your relationship today, be honest about it.",1
love_B_geum_ex_water,state,"Analytical judgment flows naturally at your usual pace, and the moist energy adds a calm lingering feeling to your emotions.",1
love_B_geum_ex_wood,intro,It is a day when the flow of love continues stably and the relationship is maintained smoothly.,1
love_B_geum_ex_wood,effect,"Emotions are expressed in a balanced way, so the relationship with the other person is smooth.",1
love_B_geum_ex_wood,action,"If there is something lacking in your relationship today, be honest about it.",1
love_B_geum_ex_wood,state,"Analytical judgment naturally follows the usual pace, and the slight energy of change adds appropriate stimulation.",1
love_B_hwa_df_earth,intro,It is a day when love passion is maintained evenly and communication with the other person is good.,1
love_B_hwa_df_earth,effect,Expressing warm emotions leaves a good impression on the other person.,1
love_B_hwa_df_earth,action,Express your emotions naturally and continue your relationship smoothly.,1
love_B_hwa_df_earth,state,"Even though expressions are restrained, the stability of the relationship is easily maintained, and the cloudy energy adds to the calm atmosphere, leading to a sense of tranquility.",1
love_B_hwa_df_fire,intro,It is a day when love passion is maintained evenly and communication with the other person is good.,1
love_B_hwa_df_fire,effect,Expressing warm emotions leaves a good impression on the other person.,1
love_B_hwa_df_fire,action,Express your emotions naturally and continue your relationship smoothly.,1
love_B_hwa_df_fire,state,"Even if expressions are restrained, the stability of the relationship is easily maintained, and the clear energy adds light vitality, creating a smooth flow.",1
love_B_hwa_df_water,intro,It is a day when love passion is maintained evenly and communication with the other person is good.,1
love_B_hwa_df_water,effect,Expressing warm emotions leaves a good impression on the other person.,1
love_B_hwa_df_water,action,Express your emotions naturally and continue your relationship smoothly.,1
love_B_hwa_df_water,state,"Even if expressions are restrained, the stability of the relationship is easily maintained, and the moist energy adds a calm lingering feeling to the emotions.",1
love_B_hwa_df_wood,intro,It is a day when love passion is maintained evenly and communication with the other person is good.,1
love_B_hwa_df_wood,effect,Expressing warm emotions leaves a good impression on the other person.,1
love_B_hwa_df_wood,action,Express your emotions naturally and continue your relationship smoothly.,1
love_B_hwa_df_wood,state,"Even if expressions are restrained, the stability of the relationship is easily maintained, and the slight energy of change adds appropriate stimulation.",1
love_B_hwa_ex_earth,intro,It is a day when love passion is maintained evenly and communication with the other person is good.,1
love_B_hwa_ex_earth,effect,Expressing warm emotions leaves a good impression on the other person.,1
love_B_hwa_ex_earth,action,Express your emotions naturally and continue your relationship smoothly.,1
love_B_hwa_ex_earth,state,"Passion is alive, but balance is also maintained, leading to a stable day, and the cloudy energy adds a calm atmosphere, leading to serenity.",1
love_B_hwa_ex_fire,intro,It is a day when love passion is maintained evenly and communication with the other person is good.,1
love_B_hwa_ex_fire,effect,Expressing warm emotions leaves a good impression on the other person.,1
love_B_hwa_ex_fire,action,Express your emotions naturally and continue your relationship smoothly.,1
love_B_hwa_ex_fire,state,"Passion remains alive and balance is maintained, leading to a stable day, and clear energy adds light vitality, creating a smooth flow.",1
love_B_hwa_ex_water,intro,It is a day when love passion is maintained evenly and communication with the other person is good.,1
love_B_hwa_ex_water,effect,Expressing warm emotions leaves a good impression on the other person.,1
love_B_hwa_ex_water,action,Express your emotions naturally and continue your relationship smoothly.,1
love_B_hwa_ex_water,state,"Passion remains alive and balance is maintained, leading to a stable day, and the moist energy adds a calm lingering feeling to the emotions.",1
love_B_hwa_ex_wood,intro,It is a day when love passion is maintained evenly and communication with the other person is good.,1
love_B_hwa_ex_wood,effect,Expressing warm emotions leaves a good impression on the other person.,1
love_B_hwa_ex_wood,action,Express your emotions naturally and continue your relationship smoothly.,1
love_B_hwa_ex_wood,state,"Passion is alive and balanced, leading to a stable day, and the slight energy of change adds appropriate stimulation.",1
love_B_mok_df_earth,intro,It is a day when relationships grow little by little and deeper bonds are formed.,1
love_B_mok_df_earth,effect,Gradual relationship development increases trust and intimacy.,1
love_B_mok_df_earth,action,Enjoy a new experience with your partner today.,1
love_B_mok_df_earth,state,"Even if you are cautious about trying new things, your daily life flows steadily, and the cloudy energy adds to the calm atmosphere, leading to a sense of tranquility.",1
love_B_mok_df_fire,intro,It is a day when relationships grow little by little and deeper bonds are formed.,1
love_B_mok_df_fire,effect,Gradual relationship development increases trust and intimacy.,1
love_B_mok_df_fire,action,Enjoy a new experience with your partner today.,1
love_B_mok_df_fire,state,"Even if you are cautious when trying new things, your daily life flows steadily, and the clear energy adds light vitality, creating a smooth flow.",1
love_B_mok_df_water,intro,It is a day when relationships grow little by little and deeper bonds are formed.,1
love_B_mok_df_water,effect,Gradual relationship development increases trust and intimacy.,1
love_B_mok_df_water,action,Enjoy a new experience with your partner today.,1
love_B_mok_df_water,state,"Even if you are cautious about trying new things, your daily life flows steadily and the moist energy adds a calm lingering feeling to your emotions.",1
love_B_mok_df_wood,intro,It is a day when relationships grow little by little and deeper bonds are formed.,1
love_B_mok_df_wood,effect,Gradual relationship development increases trust and intimacy.,1
love_B_mok_df_wood,action,Enjoy a new experience with your partner today.,1
love_B_mok_df_wood,state,"Even if you are cautious about trying new things, your daily life flows steadily and the slight energy of change adds appropriate stimulation.",1
love_B_mok_ex_earth,intro,It is a day when relationships grow little by little and deeper bonds are formed.,1
love_B_mok_ex_earth,effect,Gradual relationship development increases trust and intimacy.,1
love_B_mok_ex_earth,action,Enjoy a new experience with your partner today.,1
love_B_mok_ex_earth,state,"Steady motivation makes progress step by step, and the cloudy energy adds to the calm atmosphere, leading to tranquility.",1
love_B_mok_ex_fire,intro,It is a day when relationships grow little by little and deeper bonds are formed.,1
love_B_mok_ex_fire,effect,Gradual relationship development increases trust and intimacy.,1
love_B_mok_ex_fire,action,Enjoy a new experience with your partner today.,1
love_B_mok_ex_fire,state,"Steady motivation makes progress step by step, and clear energy adds light vitality, creating a smooth flow.",1
love_B_mok_ex_water,intro,It is a day when relationships grow little by little and deeper bonds are formed.,1
love_B_mok_ex_water,effect,Gradual relationship development increases trust and intimacy.,1
love_B_mok_ex_water,action,Enjoy a new experience with your partner today.,1
love_B_mok_ex_water,state,"Steady motivation makes progress step by step, and the moist energy adds a calm lingering feeling to the emotions.",1
love_B_mok_ex_wood,intro,It is a day when relationships grow little by little and deeper bonds are formed.,1
love_B_mok_ex_wood,effect,Gradual relationship development increases trust and intimacy.,1
love_B_mok_ex_wood,action,Enjoy a new experience with your partner today.,1
love_B_mok_ex_wood,state,"Steady motivation makes ordinary progress step by step, and the weak energy of change adds appropriate stimulation.",1
love_B_su_df_earth,intro,It is a day when emotional communication is smooth and relationships continue without misunderstandings.,1
love_B_su_df_earth,effect,Natural emotional exchange makes the flow of relationships smooth.,1
love_B_su_df_earth,action,Share your feelings more openly than usual.,1
love_B_su_df_earth,state,"Although flexibility is somewhat lacking, the basic rhythm is maintained without difficulty, and the cloudy energy adds a calm atmosphere, leading to a sense of tranquility.",1
love_B_su_df_fire,intro,It is a day when emotional communication is smooth and relationships continue without misunderstandings.,1
love_B_su_df_fire,effect,Natural emotional exchange makes the flow of relationships smooth.,1
love_B_su_df_fire,action,Share your feelings more openly than usual.,1
love_B_su_df_fire,state,"Although flexibility is somewhat lacking, the basic rhythm is maintained without difficulty, and the clear energy adds light vitality, creating a smooth flow.",1
love_B_su_df_water,intro,It is a day when emotional communication is smooth and relationships continue without misunderstandings.,1
love_B_su_df_water,effect,Natural emotional exchange makes the flow of relationships smooth.,1
love_B_su_df_water,action,Share your feelings more openly than usual.,1
love_B_su_df_water,state,"Although it lacks flexibility, the basic rhythm is maintained without difficulty, and the moist energy adds a calm lingering feeling to the emotions.",1
love_B_su_df_wood,intro,It is a day when emotional communication is smooth and relationships continue without misunderstandings.,1
love_B_su_df_wood,effect,Natural emotional exchange makes the flow of relationships smooth.,1
love_B_su_df_wood,action,Share your feelings more openly than usual.,1
love_B_su_df_wood,state,"Although flexibility is somewhat lacking, the basic rhythm is maintained without difficulty, and the slight energy of change adds appropriate stimulation.",1
love_B_su_ex_earth,intro,It is a day when emotional communication is smooth and relationships continue without misunderstandings.,1
love_B_su_ex_earth,effect,Natural emotional exchange makes the flow of relationships smooth.,1
love_B_su_ex_earth,action,Share your feelings more openly than usual.,1
love_B_su_ex_earth,state,"The day is full of emotions, making it a more attentive day than usual, and the cloudy energy adds a calm atmosphere, leading to a sense of tranquility.",1
love_B_su_ex_fire,intro,It is a day when emotional communication is smooth and relationships continue without misunderstandings.,1
love_B_su_ex_fire,effect,Natural emotional exchange makes the flow of relationships smooth.,1
love_B_su_ex_fire,action,Share your feelings more openly than usual.,1
love_B_su_ex_fire,state,"The day is rich in emotions, making it a more attentive day than usual, and the clear energy adds light vitality, creating a smooth flow.",1
love_B_su_ex_water,intro,It is a day when emotional communication is smooth and relationships continue without misunderstandings.,1
love_B_su_ex_water,effect,Natural emotional exchange makes the flow of relationships smooth.,1
love_B_su_ex_water,action,Share your feelings more openly than usual.,1
love_B_su_ex_water,state,"The day is full of emotions, making you more attentive than usual, and the moist energy adds a calming aftertaste to your emotions.",1
love_B_su_ex_wood,intro,It is a day when emotional communication is smooth and relationships continue without misunderstandings.,1
love_B_su_ex_wood,effect,Natural emotional exchange makes the flow of relationships smooth.,1
love_B_su_ex_wood,action,Share your feelings more openly than usual.,1
love_B_su_ex_wood,state,"The day is full of emotions, making it a more attentive day than usual, and the slight energy of change adds appropriate stimulation.",1
love_B_to_df_earth,intro,It is a day when relationship stability is maintained and comfortable and trustworthy bonds continue.,1
love_B_to_df_earth,effect,A stable emotional foundation makes relationships stronger.,1
love_B_to_df_earth,action,Take care of your relationship by focusing on your daily life with your partner.,1
love_B_to_df_earth,state,"Even if the center of gravity is somewhat shaken, the balance of daily life is maintained without much trouble, and the cloudy energy adds to the calm atmosphere, leading to a sense of tranquility.",1
love_B_to_df_fire,intro,It is a day when relationship stability is maintained and comfortable and trustworthy bonds continue.,1
love_B_to_df_fire,effect,A stable emotional foundation makes relationships stronger.,1
love_B_to_df_fire,action,Take care of your relationship by focusing on your daily life with your partner.,1
love_B_to_df_fire,state,"Even if the center of gravity is somewhat shaken, the balance of daily life is maintained without much trouble, and the clear energy adds light vitality, creating a smooth flow.",1
love_B_to_df_water,intro,It is a day when relationship stability is maintained and comfortable and trustworthy bonds continue.,1
love_B_to_df_water,effect,A stable emotional foundation makes relationships stronger.,1
love_B_to_df_water,action,Take care of your relationship by focusing on your daily life with your partner.,1
love_B_to_df_water,state,"Even if your center of gravity is somewhat shaken, the balance of your daily life is maintained without much trouble, and the moist energy adds a calm lingering feeling to your emotions.",1
love_B_to_df_wood,intro,It is a day when relationship stability is maintained and comfortable and trustworthy bonds continue.,1
love_B_to_df_wood,effect,A stable emotional foundation makes relationships stronger.,1
love_B_to_df_wood,action,Take care of your relationship by focusing on your daily life with your partner.,1
love_B_to_df_wood,state,"Even if the center is somewhat shaken, the balance of daily life is maintained without much trouble, and the slight energy of change adds appropriate stimulation.",1
love_B_to_ex_earth,intro,It is a day when relationship stability is maintained and comfortable and trustworthy bonds continue.,1
love_B_to_ex_earth,effect,A stable emotional foundation makes relationships stronger.,1
love_B_to_ex_earth,action,Take care of your relationship by focusing on your daily life with your partner.,1
love_B_to_ex_earth,state,"It has a strong tendency toward stability, so it continues into a calm day without any problems, and the cloudy energy adds to the calm atmosphere, leading to serenity.",1
love_B_to_ex_fire,intro,It is a day when relationship stability is maintained and comfortable and trustworthy bonds continue.,1
love_B_to_ex_fire,effect,A stable emotional foundation makes relationships stronger.,1
love_B_to_ex_fire,action,Take care of your relationship by focusing on your daily life with your partner.,1
love_B_to_ex_fire,state,"It has a strong tendency toward stability, so it continues smoothly into a calm day, and the clear energy adds light vitality, creating a smooth flow.",1
love_B_to_ex_water,intro,It is a day when relationship stability is maintained and comfortable and trustworthy bonds continue.,1
love_B_to_ex_water,effect,A stable emotional foundation makes relationships stronger.,1
love_B_to_ex_water,action,Take care of your relationship by focusing on your daily life with your partner.,1
love_B_to_ex_water,state,"It has a strong stability-oriented nature, so it can easily lead to a calm day, and the moist energy adds a calming aftertaste to the emotions.",1
love_B_to_ex_wood,intro,It is a day when relationship stability is maintained and comfortable and trustworthy bonds continue.,1
love_B_to_ex_wood,effect,A stable emotional foundation makes relationships stronger.,1
love_B_to_ex_wood,action,Take care of your relationship by focusing on your daily life with your partner.,1
love_B_to_ex_wood,state,"The stability-orientation is strong, so it continues smoothly into a calm day, and the slight energy of change adds appropriate stimulation.",1
love_B1,intro,The relationship energy today is calm and will continue naturally without major conflicts.,1
love_B1,intro,"Today, your emotions will be stable and your relationships with those around you will flow comfortably.",1
love_B1,effect,Small expressions or considerations help maintain a good atmosphere.,1
love_B1,effect,The relationship remains peaceful and mutual understanding accumulates.,1
love_B1,action,Relationships can be maintained in a natural atmosphere without much effort.,1
love_B1,action,Please cherish the current flow of your relationship and continue to use daily expressions.,1
love_B1_geum_df_earth,intro,"The flow of love is at a normal level, and small conflicts may arise in the relationship.",1
love_B1_geum_df_earth,effect,Expressing one's emotions can become somewhat awkward and cause misunderstanding in the other person.,1
love_B1_geum_df_earth,action,Talk honestly before misunderstandings arise.,1
love_B1_geum_df_earth,state,"Although I am slow to make decisions, the day continues without much hesitation, and the cloudy energy helps me maintain an easy pace.",1
love_B1_geum_df_fire,intro,"The flow of love is at a normal level, and small conflicts may arise in the relationship.",1
love_B1_geum_df_fire,effect,Expressing one's emotions can become somewhat awkward and cause misunderstanding in the other person.,1
love_B1_geum_df_fire,action,Talk honestly before misunderstandings arise.,1
love_B1_geum_df_fire,state,"Although I am slow to make decisions, the day goes on without much hesitation, and the clear energy adds calm vitality, leading to a normal day.",1
love_B1_geum_df_water,intro,"The flow of love is at a normal level, and small conflicts may arise in the relationship.",1
love_B1_geum_df_water,effect,Expressing one's emotions can become somewhat awkward and cause misunderstanding in the other person.,1
love_B1_geum_df_water,action,Talk honestly before misunderstandings arise.,1
love_B1_geum_df_water,state,"Although I am slow to make decisions, the day goes on without much hesitation, and the moist energy increases my thoughts but does not cause much agitation.",1
love_B1_geum_df_wood,intro,"The flow of love is at a normal level, and small conflicts may arise in the relationship.",1
love_B1_geum_df_wood,effect,Expressing one's emotions can become somewhat awkward and cause misunderstanding in the other person.,1
love_B1_geum_df_wood,action,Talk honestly before misunderstandings arise.,1
love_B1_geum_df_wood,state,"The decision may be slow, but the day goes on without much hesitation, and the calm energy of change only slightly shakes the normal flow.",1
love_B1_geum_ex_earth,intro,"The flow of love is at a normal level, and small conflicts may arise in the relationship.",1
love_B1_geum_ex_earth,effect,Expressing one's emotions can become somewhat awkward and cause misunderstanding in the other person.,1
love_B1_geum_ex_earth,action,Talk honestly before misunderstandings arise.,1
love_B1_geum_ex_earth,state,"The judgment is clear, but it ends with a mediocre result, and the cloudy energy helps maintain a decent pace.",1
love_B1_geum_ex_fire,intro,"The flow of love is at a normal level, and small conflicts may arise in the relationship.",1
love_B1_geum_ex_fire,effect,Expressing one's emotions can become somewhat awkward and cause misunderstanding in the other person.,1
love_B1_geum_ex_fire,action,Talk honestly before misunderstandings arise.,1
love_B1_geum_ex_fire,state,"The judgment is clear, but it ends with an ordinary result, and the clear energy adds calm vitality and continues the ordinary day.",1
love_B1_geum_ex_water,intro,"The flow of love is at a normal level, and small conflicts may arise in the relationship.",1
love_B1_geum_ex_water,effect,Expressing one's emotions can become somewhat awkward and cause misunderstanding in the other person.,1
love_B1_geum_ex_water,action,Talk honestly before misunderstandings arise.,1
love_B1_geum_ex_water,state,"The judgment is clear but ends with a simple result, and the moist energy increases thoughts but does not cause much agitation.",1
love_B1_geum_ex_wood,intro,"The flow of love is at a normal level, and small conflicts may arise in the relationship.",1
love_B1_geum_ex_wood,effect,Expressing one's emotions can become somewhat awkward and cause misunderstanding in the other person.,1
love_B1_geum_ex_wood,action,Talk honestly before misunderstandings arise.,1
love_B1_geum_ex_wood,state,"The judgment is clear, but it ends with a mediocre result, and the calm energy of change does little more than slightly shake up the normal flow.",1
love_B1_hwa_df_earth,intro,Romantic passion may cool down a bit and you may feel a sense of distance in your relationship.,1
love_B1_hwa_df_earth,effect,"As the emotional temperature drops, it becomes difficult to communicate with others.",1
love_B1_hwa_df_earth,action,Express your warmth to the other person with small expressions of interest.,1
love_B1_hwa_df_earth,state,"Although there is little expression, the relationship is not greatly shaken, and the cloudy energy helps maintain an easy pace.",1
love_B1_hwa_df_fire,intro,Romantic passion may cool down a bit and you may feel a sense of distance in your relationship.,1
love_B1_hwa_df_fire,effect,"As the emotional temperature drops, it becomes difficult to communicate with others.",1
love_B1_hwa_df_fire,action,Express your warmth to the other person with small expressions of interest.,1
love_B1_hwa_df_fire,state,"Although there are few expressions, the relationship is not greatly shaken, and the clear energy adds calm vitality and continues an ordinary day.",1
love_B1_hwa_df_water,intro,Romantic passion may cool down a bit and you may feel a sense of distance in your relationship.,1
love_B1_hwa_df_water,effect,"As the emotional temperature drops, it becomes difficult to communicate with others.",1
love_B1_hwa_df_water,action,Express your warmth to the other person with small expressions of interest.,1
love_B1_hwa_df_water,state,"Although there are few expressions, the relationship is not greatly shaken, and the moist energy increases thoughts, but does not cause much agitation.",1
love_B1_hwa_df_wood,intro,Romantic passion may cool down a bit and you may feel a sense of distance in your relationship.,1
love_B1_hwa_df_wood,effect,"As the emotional temperature drops, it becomes difficult to communicate with others.",1
love_B1_hwa_df_wood,action,Express your warmth to the other person with small expressions of interest.,1
love_B1_hwa_df_wood,state,"Although there is little expression, the relationship is not greatly shaken, and the calm energy of change is only enough to slightly shake the normal flow.",1
love_B1_hwa_ex_earth,intro,Romantic passion may cool down a bit and you may feel a sense of distance in your relationship.,1
love_B1_hwa_ex_earth,effect,"As the emotional temperature drops, it becomes difficult to communicate with others.",1
love_B1_hwa_ex_earth,action,Express your warmth to the other person with small expressions of interest.,1
love_B1_hwa_ex_earth,state,"The moderate heat makes for a smooth day, and the cloudy energy helps you maintain an easy pace.",1
love_B1_hwa_ex_fire,intro,Romantic passion may cool down a bit and you may feel a sense of distance in your relationship.,1
love_B1_hwa_ex_fire,effect,"As the emotional temperature drops, it becomes difficult to communicate with others.",1
love_B1_hwa_ex_fire,action,Express your warmth to the other person with small expressions of interest.,1
love_B1_hwa_ex_fire,state,"The moderate heat creates a smooth day, and the clear energy adds calm vitality and continues the ordinary day.",1
love_B1_hwa_ex_water,intro,Romantic passion may cool down a bit and you may feel a sense of distance in your relationship.,1
love_B1_hwa_ex_water,effect,"As the emotional temperature drops, it becomes difficult to communicate with others.",1
love_B1_hwa_ex_water,action,Express your warmth to the other person with small expressions of interest.,1
love_B1_hwa_ex_water,state,"The moderate heat makes for a smooth day, and the moist energy increases your thoughts but doesn't cause much agitation.",1
love_B1_hwa_ex_wood,intro,Romantic passion may cool down a bit and you may feel a sense of distance in your relationship.,1
love_B1_hwa_ex_wood,effect,"As the emotional temperature drops, it becomes difficult to communicate with others.",1
love_B1_hwa_ex_wood,action,Express your warmth to the other person with small expressions of interest.,1
love_B1_hwa_ex_wood,state,"The moderate heat makes for a smooth day, and the calm energy of change does little more than slightly shake up the normal flow.",1
love_B1_mok_df_earth,intro,It is a day when relationship growth is slow and it is not easy to try new things.,1
love_B1_mok_df_earth,effect,Stagnation in progress can lead to boredom in relationships.,1
love_B1_mok_df_earth,action,Try new activities or conversation topics with your partner.,1
love_B1_mok_df_earth,state,"It stays more familiar than new, but the flow is uninterrupted and the cloudy energy helps you maintain an easy pace.",1
love_B1_mok_df_fire,intro,It is a day when relationship growth is slow and it is not easy to try new things.,1
love_B1_mok_df_fire,effect,Stagnation in progress can lead to boredom in relationships.,1
love_B1_mok_df_fire,action,Try new activities or conversation topics with your partner.,1
love_B1_mok_df_fire,state,"Although it remains familiar rather than new, the flow is uninterrupted and the clear energy adds calm vitality and continues the ordinary day.",1
love_B1_mok_df_water,intro,It is a day when relationship growth is slow and it is not easy to try new things.,1
love_B1_mok_df_water,effect,Stagnation in progress can lead to boredom in relationships.,1
love_B1_mok_df_water,action,Try new activities or conversation topics with your partner.,1
love_B1_mok_df_water,state,"Although it remains familiar rather than novel, the flow is uninterrupted and the moist energy increases thoughts but does not cause much agitation.",1
love_B1_mok_df_wood,intro,It is a day when relationship growth is slow and it is not easy to try new things.,1
love_B1_mok_df_wood,effect,Stagnation in progress can lead to boredom in relationships.,1
love_B1_mok_df_wood,action,Try new activities or conversation topics with your partner.,1
love_B1_mok_df_wood,state,"Although it remains more familiar than new, the flow is uninterrupted and the calm energy of change only slightly shakes the normal flow.",1
love_B1_mok_ex_earth,intro,It is a day when relationship growth is slow and it is not easy to try new things.,1
love_B1_mok_ex_earth,effect,Stagnation in progress can lead to boredom in relationships.,1
love_B1_mok_ex_earth,action,Try new activities or conversation topics with your partner.,1
love_B1_mok_ex_earth,state,"I am motivated, but my driving force remains at a mediocre level, and the cloudy energy helps me maintain a decent pace.",1
love_B1_mok_ex_fire,intro,It is a day when relationship growth is slow and it is not easy to try new things.,1
love_B1_mok_ex_fire,effect,Stagnation in progress can lead to boredom in relationships.,1
love_B1_mok_ex_fire,action,Try new activities or conversation topics with your partner.,1
love_B1_mok_ex_fire,state,"Although I am motivated, my driving force remains at an average level, and the clear energy adds calm vitality and continues my ordinary day.",1
love_B1_mok_ex_water,intro,It is a day when relationship growth is slow and it is not easy to try new things.,1
love_B1_mok_ex_water,effect,Stagnation in progress can lead to boredom in relationships.,1
love_B1_mok_ex_water,action,Try new activities or conversation topics with your partner.,1
love_B1_mok_ex_water,state,"There is motivation, but the driving force remains at a normal level, and the moist energy increases thoughts, but does not cause much agitation.",1
love_B1_mok_ex_wood,intro,It is a day when relationship growth is slow and it is not easy to try new things.,1
love_B1_mok_ex_wood,effect,Stagnation in progress can lead to boredom in relationships.,1
love_B1_mok_ex_wood,action,Try new activities or conversation topics with your partner.,1
love_B1_mok_ex_wood,state,"There is motivation, but the driving force remains at a mediocre level, and the calm energy of change is only enough to slightly shake up the normal flow.",1
love_B1_su_df_earth,intro,It is a day when emotional communication is slightly off and misunderstandings are likely to occur.,1
love_B1_su_df_earth,effect,Miscommunication creates a little tension in the relationship.,1
love_B1_su_df_earth,action,Choose your expressions carefully when conveying your emotions.,1
love_B1_su_df_earth,state,"Although flexibility has decreased, the flow is not significantly interrupted, and the cloudy energy helps maintain a decent pace.",1
love_B1_su_df_fire,intro,It is a day when emotional communication is slightly off and misunderstandings are likely to occur.,1
love_B1_su_df_fire,effect,Miscommunication creates a little tension in the relationship.,1
love_B1_su_df_fire,action,Choose your expressions carefully when conveying your emotions.,1
love_B1_su_df_fire,state,"Although flexibility has decreased, the flow is not significantly disrupted, and the clear energy adds calm vitality and continues an ordinary day.",1
love_B1_su_df_water,intro,It is a day when emotional communication is slightly off and misunderstandings are likely to occur.,1
love_B1_su_df_water,effect,Miscommunication creates a little tension in the relationship.,1
love_B1_su_df_water,action,Choose your expressions carefully when conveying your emotions.,1
love_B1_su_df_water,state,"Flexibility is reduced, but the flow is not greatly interrupted, and the moist energy increases thoughts, but does not cause much agitation.",1
love_B1_su_df_wood,intro,It is a day when emotional communication is slightly off and misunderstandings are likely to occur.,1
love_B1_su_df_wood,effect,Miscommunication creates a little tension in the relationship.,1
love_B1_su_df_wood,action,Choose your expressions carefully when conveying your emotions.,1
love_B1_su_df_wood,state,"Although flexibility has decreased, the flow is not significantly disrupted, and the calm energy of change only slightly shakes the normal flow.",1
love_B1_su_ex_earth,intro,It is a day when emotional communication is slightly off and misunderstandings are likely to occur.,1
love_B1_su_ex_earth,effect,Miscommunication creates a little tension in the relationship.,1
love_B1_su_ex_earth,action,Choose your expressions carefully when conveying your emotions.,1
love_B1_su_ex_earth,state,"Even though I have a lot to think about, the day goes by without much disturbance, and the cloudy energy helps me maintain an easy pace.",1
love_B1_su_ex_fire,intro,It is a day when emotional communication is slightly off and misunderstandings are likely to occur.,1
love_B1_su_ex_fire,effect,Miscommunication creates a little tension in the relationship.,1
love_B1_su_ex_fire,action,Choose your expressions carefully when conveying your emotions.,1
love_B1_su_ex_fire,state,"Even though I have a lot of thoughts, the day goes by without much disturbance, and the clear energy adds calm vitality and continues the ordinary day.",1
love_B1_su_ex_water,intro,It is a day when emotional communication is slightly off and misunderstandings are likely to occur.,1
love_B1_su_ex_water,effect,Miscommunication creates a little tension in the relationship.,1
love_B1_su_ex_water,action,Choose your expressions carefully when conveying your emotions.,1
love_B1_su_ex_water,state,"Even if you have a lot of thoughts, the day goes by without much agitation, and the moist energy increases your thoughts but does not cause much agitation.",1
love_B1_su_ex_wood,intro,It is a day when emotional communication is slightly off and misunderstandings are likely to occur.,1
love_B1_su_ex_wood,effect,Miscommunication creates a little tension in the relationship.,1
love_B1_su_ex_wood,action,Choose your expressions carefully when conveying your emotions.,1
love_B1_su_ex_wood,state,"Even though I have a lot of thoughts, the day goes by without much disturbance, and the calm energy of change only slightly shakes the normal flow.",1
love_B1_to_df_earth,intro,It is a day when the stability of relationships can weaken and minor conflicts can escalate.,1
love_B1_to_df_earth,effect,An unstable emotional foundation causes friction in relationships.,1
love_B1_to_df_earth,action,Resolve small conflicts on the same day and move on.,1
love_B1_to_df_earth,state,"Even though there is some tremor, daily life goes by smoothly and the cloudy energy helps me maintain an easy pace.",1
love_B1_to_df_fire,intro,It is a day when the stability of relationships can weaken and minor conflicts can escalate.,1
love_B1_to_df_fire,effect,An unstable emotional foundation causes friction in relationships.,1
love_B1_to_df_fire,action,Resolve small conflicts on the same day and move on.,1
love_B1_to_df_fire,state,"Although there is some tremor, daily life flows smoothly, and the clear energy adds calm vitality and continues the normal day.",1
love_B1_to_df_water,intro,It is a day when the stability of relationships can weaken and minor conflicts can escalate.,1
love_B1_to_df_water,effect,An unstable emotional foundation causes friction in relationships.,1
love_B1_to_df_water,action,Resolve small conflicts on the same day and move on.,1
love_B1_to_df_water,state,"Although there is shaking, daily life flows smoothly, and the moist energy increases thoughts, but does not cause much agitation.",1
love_B1_to_df_wood,intro,It is a day when the stability of relationships can weaken and minor conflicts can escalate.,1
love_B1_to_df_wood,effect,An unstable emotional foundation causes friction in relationships.,1
love_B1_to_df_wood,action,Resolve small conflicts on the same day and move on.,1
love_B1_to_df_wood,state,"Although there are fluctuations, daily life flows smoothly, and the calm energy of change only slightly shakes the normal flow.",1
love_B1_to_ex_earth,intro,It is a day when the stability of relationships can weaken and minor conflicts can escalate.,1
love_B1_to_ex_earth,effect,An unstable emotional foundation causes friction in relationships.,1
love_B1_to_ex_earth,action,Resolve small conflicts on the same day and move on.,1
love_B1_to_ex_earth,state,"Choosing familiarity over change leads to an easy day, and the cloudy energy helps me maintain an easy pace.",1
love_B1_to_ex_fire,intro,It is a day when the stability of relationships can weaken and minor conflicts can escalate.,1
love_B1_to_ex_fire,effect,An unstable emotional foundation causes friction in relationships.,1
love_B1_to_ex_fire,action,Resolve small conflicts on the same day and move on.,1
love_B1_to_ex_fire,state,"Choosing familiarity over change leads to an ordinary day, and the clear energy adds calm vitality to the ordinary day.",1
love_B1_to_ex_water,intro,It is a day when the stability of relationships can weaken and minor conflicts can escalate.,1
love_B1_to_ex_water,effect,An unstable emotional foundation causes friction in relationships.,1
love_B1_to_ex_water,action,Resolve small conflicts on the same day and move on.,1
love_B1_to_ex_water,state,"Choosing familiarity over change leads to a normal day, and the moist energy increases thoughts but does not cause much agitation.",1
love_B1_to_ex_wood,intro,It is a day when the stability of relationships can weaken and minor conflicts can escalate.,1
love_B1_to_ex_wood,effect,An unstable emotional foundation causes friction in relationships.,1
love_B1_to_ex_wood,action,Resolve small conflicts on the same day and move on.,1
love_B1_to_ex_wood,state,"Choosing familiarity over change leads to a normal day, and the calm energy of change only slightly shakes the normal flow.",1
love_C,intro,"Your emotions may be a bit more sensitive today, so small things in your relationships may feel like a big deal.",1
love_C,intro,"Love energy is weak today, so it is better to let it flow naturally rather than force it.",1
love_C,effect,"The other person's small words or actions can have a big impact, so it is better to keep your emotions neutral.",1
love_C,effect,"Communication can be somewhat difficult in a relationship, so it is better to observe the atmosphere rather than having a direct conversation.",1
love_C,action,"Today, rather than trying to change the other person, practice accepting who you are now.",1
love_C,action,"Even if a small misunderstanding occurs, it is better to take a break rather than react immediately.",1
love_C_geum_df_earth,intro,It is a day when love energy is low and distance in relationships increases.,1
love_C_geum_df_earth,effect,Lack of emotional expression causes misunderstanding and disappointment in the other person.,1
love_C_geum_df_earth,action,Check the other person’s feelings first and express your consideration.,1
love_C_geum_df_earth,state,"As your resolve weakens, it is easy to put off important choices, and cloudy energy can slow you down and make your thoughts heavy.",1
love_C_geum_df_fire,intro,It is a day when love energy is low and distance in relationships increases.,1
love_C_geum_df_fire,effect,Lack of emotional expression causes misunderstanding and disappointment in the other person.,1
love_C_geum_df_fire,action,Check the other person’s feelings first and express your consideration.,1
love_C_geum_df_fire,state,"As your resolve weakens, it is easy to put off important choices, and your clear energy can flow into an excited atmosphere, which can cloud your prudence.",1
love_C_geum_df_water,intro,It is a day when love energy is low and distance in relationships increases.,1
love_C_geum_df_water,effect,Lack of emotional expression causes misunderstanding and disappointment in the other person.,1
love_C_geum_df_water,action,Check the other person’s feelings first and express your consideration.,1
love_C_geum_df_water,state,"It is easy to postpone important choices as your resolve becomes weak, and the energy of rain and snow can stimulate your emotions and inner self, which can have a bigger impact.",1
love_C_geum_df_wood,intro,It is a day when love energy is low and distance in relationships increases.,1
love_C_geum_df_wood,effect,Lack of emotional expression causes misunderstanding and disappointment in the other person.,1
love_C_geum_df_wood,action,Check the other person’s feelings first and express your consideration.,1
love_C_geum_df_wood,state,"It is easy to postpone important choices due to weakened determination, and the strong energy of change can shake the rhythm and lead to unexpected variables.",1
love_C_geum_ex_earth,intro,It is a day when love energy is low and distance in relationships increases.,1
love_C_geum_ex_earth,effect,Lack of emotional expression causes misunderstanding and disappointment in the other person.,1
love_C_geum_ex_earth,action,Check the other person’s feelings first and express your consideration.,1
love_C_geum_ex_earth,state,"Overly sharp judgment can make relationships cold, and cloudy energy can slow down your pace and make your thoughts heavy.",1
love_C_geum_ex_fire,intro,It is a day when love energy is low and distance in relationships increases.,1
love_C_geum_ex_fire,effect,Lack of emotional expression causes misunderstanding and disappointment in the other person.,1
love_C_geum_ex_fire,action,Check the other person’s feelings first and express your consideration.,1
love_C_geum_ex_fire,state,"Excessively sharp judgment can make relationships cold, and clear energy can flow into an excited atmosphere, which can cloud prudence.",1
love_C_geum_ex_water,intro,It is a day when love energy is low and distance in relationships increases.,1
love_C_geum_ex_water,effect,Lack of emotional expression causes misunderstanding and disappointment in the other person.,1
love_C_geum_ex_water,action,Check the other person’s feelings first and express your consideration.,1
love_C_geum_ex_water,state,"Overly sharp judgment can make relationships cold, and the energy of rain and snow can stimulate emotions and inner feelings, which can have a bigger impact.",1
love_C_geum_ex_wood,intro,It is a day when love energy is low and distance in relationships increases.,1
love_C_geum_ex_wood,effect,Lack of emotional expression causes misunderstanding and disappointment in the other person.,1
love_C_geum_ex_wood,action,Check the other person’s feelings first and express your consideration.,1
love_C_geum_ex_wood,state,"Overly sharp judgment can make relationships cold, and the strong energy of change can shake up the rhythm and lead to unexpected variables.",1
love_C_hwa_df_earth,intro,It is a day when the passion for love cools and you feel helpless in your relationship.,1
love_C_hwa_df_earth,effect,A drop in emotional temperature creates a cold atmosphere in relationships.,1
love_C_hwa_df_earth,action,"Don't force it, give the other person space and wait.",1
love_C_hwa_df_earth,state,"It's easy for misunderstandings to occur due to difficulty in expressing yourself, and the cloudy energy can slow you down and make your thoughts heavy.",1
love_C_hwa_df_fire,intro,It is a day when the passion for love cools and you feel helpless in your relationship.,1
love_C_hwa_df_fire,effect,A drop in emotional temperature creates a cold atmosphere in relationships.,1
love_C_hwa_df_fire,action,"Don't force it, give the other person space and wait.",1
love_C_hwa_df_fire,state,"It is easy for misunderstandings to occur because expressions are difficult to understand, and the clear energy can flow into an excited atmosphere and cause caution to become clouded.",1
love_C_hwa_df_water,intro,It is a day when the passion for love cools and you feel helpless in your relationship.,1
love_C_hwa_df_water,effect,A drop in emotional temperature creates a cold atmosphere in relationships.,1
love_C_hwa_df_water,action,"Don't force it, give the other person space and wait.",1
love_C_hwa_df_water,state,"It is easy for misunderstandings to occur because expressions are difficult to understand, and the energy of rain and snow can stimulate emotions and inner feelings, which can have a bigger impact.",1
love_C_hwa_df_wood,intro,It is a day when the passion for love cools and you feel helpless in your relationship.,1
love_C_hwa_df_wood,effect,A drop in emotional temperature creates a cold atmosphere in relationships.,1
love_C_hwa_df_wood,action,"Don't force it, give the other person space and wait.",1
love_C_hwa_df_wood,state,"Misunderstandings are easy to occur due to difficult expressions, and the strong energy of change can shake the rhythm and lead to unexpected variables.",1
love_C_hwa_ex_earth,intro,It is a day when the passion for love cools and you feel helpless in your relationship.,1
love_C_hwa_ex_earth,effect,A drop in emotional temperature creates a cold atmosphere in relationships.,1
love_C_hwa_ex_earth,action,"Don't force it, give the other person space and wait.",1
love_C_hwa_ex_earth,state,"It's easy for emotions to clash, and cloudy energy can slow you down and make your thoughts heavy.",1
love_C_hwa_ex_fire,intro,It is a day when the passion for love cools and you feel helpless in your relationship.,1
love_C_hwa_ex_fire,effect,A drop in emotional temperature creates a cold atmosphere in relationships.,1
love_C_hwa_ex_fire,action,"Don't force it, give the other person space and wait.",1
love_C_hwa_ex_fire,state,"It is easy for emotions to clash, and the clear energy can flow into an excited atmosphere, causing caution to become clouded.",1
love_C_hwa_ex_water,intro,It is a day when the passion for love cools and you feel helpless in your relationship.,1
love_C_hwa_ex_water,effect,A drop in emotional temperature creates a cold atmosphere in relationships.,1
love_C_hwa_ex_water,action,"Don't force it, give the other person space and wait.",1
love_C_hwa_ex_water,state,"It is easy for emotions to come into conflict, and the energy of rain and snow can stimulate emotions and inner feelings, which can increase the impact.",1
love_C_hwa_ex_wood,intro,It is a day when the passion for love cools and you feel helpless in your relationship.,1
love_C_hwa_ex_wood,effect,A drop in emotional temperature creates a cold atmosphere in relationships.,1
love_C_hwa_ex_wood,action,"Don't force it, give the other person space and wait.",1
love_C_hwa_ex_wood,state,"It is easy for emotions to clash, and the strong energy of change can shake up the rhythm and lead to unexpected variables.",1
love_C_mok_df_earth,intro,It is a day when the expansion of relationships is blocked and it is difficult to develop new relationships or relationships.,1
love_C_mok_df_earth,effect,Lack of growth energy stagnates relationships and lowers interest.,1
love_C_mok_df_earth,action,Focus on maintaining your current relationship and avoid making too many advances.,1
love_C_mok_df_earth,state,"Hesitation about trying new things can slow down progress, and cloudy energy can slow down your pace and make your thoughts heavy.",1
love_C_mok_df_fire,intro,It is a day when the expansion of relationships is blocked and it is difficult to develop new relationships or relationships.,1
love_C_mok_df_fire,effect,Lack of growth energy stagnates relationships and lowers interest.,1
love_C_mok_df_fire,action,Focus on maintaining your current relationship and avoid making too many advances.,1
love_C_mok_df_fire,state,"Hesitation about trying new things can slow down progress, and clear energy can lead to an excited atmosphere, which can cloud caution.",1
love_C_mok_df_water,intro,It is a day when the expansion of relationships is blocked and it is difficult to develop new relationships or relationships.,1
love_C_mok_df_water,effect,Lack of growth energy stagnates relationships and lowers interest.,1
love_C_mok_df_water,action,Focus on maintaining your current relationship and avoid making too many advances.,1
love_C_mok_df_water,state,"Hesitation about trying new things can slow down progress, and the energy of rain and snow can stimulate your emotions and inner self, which can increase the impact.",1
love_C_mok_df_wood,intro,It is a day when the expansion of relationships is blocked and it is difficult to develop new relationships or relationships.,1
love_C_mok_df_wood,effect,Lack of growth energy stagnates relationships and lowers interest.,1
love_C_mok_df_wood,action,Focus on maintaining your current relationship and avoid making too many advances.,1
love_C_mok_df_wood,state,"Hesitation about trying new things can slow down progress, and the strong energy of change can shake up the rhythm and lead to unexpected variables.",1
love_C_mok_ex_earth,intro,It is a day when the expansion of relationships is blocked and it is difficult to develop new relationships or relationships.,1
love_C_mok_ex_earth,effect,Lack of growth energy stagnates relationships and lowers interest.,1
love_C_mok_ex_earth,action,Focus on maintaining your current relationship and avoid making too many advances.,1
love_C_mok_ex_earth,state,"Excessive motivation can cause you to overdo things, and cloudy energy can slow you down and make your thoughts heavy.",1
love_C_mok_ex_fire,intro,It is a day when the expansion of relationships is blocked and it is difficult to develop new relationships or relationships.,1
love_C_mok_ex_fire,effect,Lack of growth energy stagnates relationships and lowers interest.,1
love_C_mok_ex_fire,action,Focus on maintaining your current relationship and avoid making too many advances.,1
love_C_mok_ex_fire,state,"If you are too motivated, you may push yourself to do things, and your clear energy may flow into an excited atmosphere, which may cloud your prudence.",1
love_C_mok_ex_water,intro,It is a day when the expansion of relationships is blocked and it is difficult to develop new relationships or relationships.,1
love_C_mok_ex_water,effect,Lack of growth energy stagnates relationships and lowers interest.,1
love_C_mok_ex_water,action,Focus on maintaining your current relationship and avoid making too many advances.,1
love_C_mok_ex_water,state,"If you have too much motivation, you may overdo things, and the energy of rain and snow can stimulate your emotions and inner self, which can increase the impact.",1
love_C_mok_ex_wood,intro,It is a day when the expansion of relationships is blocked and it is difficult to develop new relationships or relationships.,1
love_C_mok_ex_wood,effect,Lack of growth energy stagnates relationships and lowers interest.,1
love_C_mok_ex_wood,action,Focus on maintaining your current relationship and avoid making too many advances.,1
love_C_mok_ex_wood,state,"Excessive motivation can lead to overdoing things, and the strong energy of change can shake up the rhythm and lead to unexpected variables.",1
love_C_su_df_earth,intro,It is a day when emotional communication is blocked and conflict repeats in relationships.,1
love_C_su_df_earth,effect,A breakdown in communication builds misunderstandings and worsens relationships.,1
love_C_su_df_earth,action,"Rather than reacting emotionally, listen to what the other person has to say first.",1
love_C_su_df_earth,state,"It's easy to lose track of the flow due to lack of flexibility, and cloudy energy can slow you down and make your thoughts heavy.",1
love_C_su_df_fire,intro,It is a day when emotional communication is blocked and conflict repeats in relationships.,1
love_C_su_df_fire,effect,A breakdown in communication builds misunderstandings and worsens relationships.,1
love_C_su_df_fire,action,"Rather than reacting emotionally, listen to what the other person has to say first.",1
love_C_su_df_fire,state,"Due to lack of flexibility, it is easy to lose track of the flow, and the clear energy can flow into an excited atmosphere, which can cloud your prudence.",1
love_C_su_df_water,intro,It is a day when emotional communication is blocked and conflict repeats in relationships.,1
love_C_su_df_water,effect,A breakdown in communication builds misunderstandings and worsens relationships.,1
love_C_su_df_water,action,"Rather than reacting emotionally, listen to what the other person has to say first.",1
love_C_su_df_water,state,"Due to lack of flexibility, it is easy to lose track of the flow, and the energy of rain and snow can stimulate emotions and inner self, which can increase the impact.",1
love_C_su_df_wood,intro,It is a day when emotional communication is blocked and conflict repeats in relationships.,1
love_C_su_df_wood,effect,A breakdown in communication builds misunderstandings and worsens relationships.,1
love_C_su_df_wood,action,"Rather than reacting emotionally, listen to what the other person has to say first.",1
love_C_su_df_wood,state,"Due to lack of flexibility, it is easy to lose track of the flow, and the strong energy of change can shake the rhythm and lead to unexpected variables.",1
love_C_su_ex_earth,intro,It is a day when emotional communication is blocked and conflict repeats in relationships.,1
love_C_su_ex_earth,effect,A breakdown in communication builds misunderstandings and worsens relationships.,1
love_C_su_ex_earth,action,"Rather than reacting emotionally, listen to what the other person has to say first.",1
love_C_su_ex_earth,state,"It is easy for your judgment to be clouded by overflowing emotions, and the cloudy energy can slow you down and make your thoughts heavy.",1
love_C_su_ex_fire,intro,It is a day when emotional communication is blocked and conflict repeats in relationships.,1
love_C_su_ex_fire,effect,A breakdown in communication builds misunderstandings and worsens relationships.,1
love_C_su_ex_fire,action,"Rather than reacting emotionally, listen to what the other person has to say first.",1
love_C_su_ex_fire,state,"Judgment can easily be clouded by overflowing emotions, and the clear energy can flow into an excited atmosphere, which can cloud prudence.",1
love_C_su_ex_water,intro,It is a day when emotional communication is blocked and conflict repeats in relationships.,1
love_C_su_ex_water,effect,A breakdown in communication builds misunderstandings and worsens relationships.,1
love_C_su_ex_water,action,"Rather than reacting emotionally, listen to what the other person has to say first.",1
love_C_su_ex_water,state,"It is easy for your judgment to become clouded due to overflowing emotions, and the energy of rain and snow can stimulate your emotions and inner self, which can increase the impact.",1
love_C_su_ex_wood,intro,It is a day when emotional communication is blocked and conflict repeats in relationships.,1
love_C_su_ex_wood,effect,A breakdown in communication builds misunderstandings and worsens relationships.,1
love_C_su_ex_wood,action,"Rather than reacting emotionally, listen to what the other person has to say first.",1
love_C_su_ex_wood,state,"Judgment can easily be clouded by emotions, and the strong energy of change can shake the rhythm and lead to unexpected variables.",1
love_C_to_df_earth,intro,It is a day when the stability of relationships is shaken and conflict and anxiety increase.,1
love_C_to_df_earth,effect,An unstable relationship foundation can destroy trust.,1
love_C_to_df_earth,action,Share your feelings honestly with your partner and relieve your anxiety.,1
love_C_to_df_earth,state,"Because your center is shaken, it is easy to be swayed by your surroundings, and cloudy energy can slow you down and make your thoughts heavy.",1
love_C_to_df_fire,intro,It is a day when the stability of relationships is shaken and conflict and anxiety increase.,1
love_C_to_df_fire,effect,An unstable relationship foundation can destroy trust.,1
love_C_to_df_fire,action,Share your feelings honestly with your partner and relieve your anxiety.,1
love_C_to_df_fire,state,"Because your center is shaken, it is easy to be swayed by those around you, and your clear energy can flow into an excited atmosphere, which can cloud your prudence.",1
love_C_to_df_water,intro,It is a day when the stability of relationships is shaken and conflict and anxiety increase.,1
love_C_to_df_water,effect,An unstable relationship foundation can destroy trust.,1
love_C_to_df_water,action,Share your feelings honestly with your partner and relieve your anxiety.,1
love_C_to_df_water,state,"Because your center is shaken, it is easy to be swayed by your surroundings, and the energy of rain and snow can stimulate your emotions and inner self, which can increase the impact.",1
love_C_to_df_wood,intro,It is a day when the stability of relationships is shaken and conflict and anxiety increase.,1
love_C_to_df_wood,effect,An unstable relationship foundation can destroy trust.,1
love_C_to_df_wood,action,Share your feelings honestly with your partner and relieve your anxiety.,1
love_C_to_df_wood,state,"Because the center is shaken, it is easy to be swayed by the surroundings, and the strong energy of change can shake the rhythm and lead to unexpected variables.",1
love_C_to_ex_earth,intro,It is a day when the stability of relationships is shaken and conflict and anxiety increase.,1
love_C_to_ex_earth,effect,An unstable relationship foundation can destroy trust.,1
love_C_to_ex_earth,action,Share your feelings honestly with your partner and relieve your anxiety.,1
love_C_to_ex_earth,state,"A mind that refuses to change can block opportunities, and cloudy energy can slow down your pace and make your thoughts heavy.",1
love_C_to_ex_fire,intro,It is a day when the stability of relationships is shaken and conflict and anxiety increase.,1
love_C_to_ex_fire,effect,An unstable relationship foundation can destroy trust.,1
love_C_to_ex_fire,action,Share your feelings honestly with your partner and relieve your anxiety.,1
love_C_to_ex_fire,state,"A mind that refuses to change can block opportunities, and clear energy can flow into an excited atmosphere, clouding caution.",1
love_C_to_ex_water,intro,It is a day when the stability of relationships is shaken and conflict and anxiety increase.,1
love_C_to_ex_water,effect,An unstable relationship foundation can destroy trust.,1
love_C_to_ex_water,action,Share your feelings honestly with your partner and relieve your anxiety.,1
love_C_to_ex_water,state,"A mind that refuses to change can block opportunities, and the energy of rain and snow can stimulate emotions and inner feelings, which can increase the impact.",1
love_C_to_ex_wood,intro,It is a day when the stability of relationships is shaken and conflict and anxiety increase.,1
love_C_to_ex_wood,effect,An unstable relationship foundation can destroy trust.,1
love_C_to_ex_wood,action,Share your feelings honestly with your partner and relieve your anxiety.,1
love_C_to_ex_wood,state,"A refusal to change can block opportunities, and the strong energy of change can shake up the rhythm and lead to unexpected variables.",1
love_C1,intro,"Today is a day when your emotional energy is very low, making it easy for misunderstandings to occur in relationships.",1
love_C1,intro,"Love energy is weak today, so it would be wise to minimize emotional expression.",1
love_C1,effect,It is better to reduce the number of words you speak as small words and actions can be sensitive to the other person.,1
love_C1,effect,Fact-based conversations are more effective in reducing misunderstandings than emotional conversations.,1
love_C1,action,"Today, please prioritize reason over emotions and treat others comfortably.",1
love_C1,action,"Rather than trying to resolve the issue right away, it is better to talk about it in a calm state a few days later.",1
love_C1_geum_df_earth,intro,It is a day when love energy is greatly lowered and maintaining relationships becomes difficult.,1
love_C1_geum_df_earth,effect,Emotional disconnection can create a serious crisis in a relationship.,1
love_C1_geum_df_earth,action,"Don't start a conversation with your partner today, but do it when you feel better.",1
love_C1_geum_df_earth,state,"Due to lack of determination, it is easy for indecisive choices to accumulate, and cloudy energy can reduce motivation and cloud judgment.",1
love_C1_geum_df_fire,intro,It is a day when love energy is greatly lowered and maintaining relationships becomes difficult.,1
love_C1_geum_df_fire,effect,Emotional disconnection can create a serious crisis in a relationship.,1
love_C1_geum_df_fire,action,"Don't start a conversation with your partner today, but do it when you feel better.",1
love_C1_geum_df_fire,state,"Because of lack of determination, it is easy to make indecisive choices, and excited Yang can dissipate calmness and lead to minor mistakes.",1
love_C1_geum_df_water,intro,It is a day when love energy is greatly lowered and maintaining relationships becomes difficult.,1
love_C1_geum_df_water,effect,Emotional disconnection can create a serious crisis in a relationship.,1
love_C1_geum_df_water,action,"Don't start a conversation with your partner today, but do it when you feel better.",1
love_C1_geum_df_water,state,"Because of lack of determination, it is easy for indecisive choices to pile up, and the energy of rain and snow may not calm your emotions, making your heart heavy.",1
love_C1_geum_df_wood,intro,It is a day when love energy is greatly lowered and maintaining relationships becomes difficult.,1
love_C1_geum_df_wood,effect,Emotional disconnection can create a serious crisis in a relationship.,1
love_C1_geum_df_wood,action,"Don't start a conversation with your partner today, but do it when you feel better.",1
love_C1_geum_df_wood,state,"Because of lack of determination, it is easy for indecisive choices to pile up, and the energy of change can keep interfering and disrupting plans.",1
love_C1_geum_ex_earth,intro,It is a day when love energy is greatly lowered and maintaining relationships becomes difficult.,1
love_C1_geum_ex_earth,effect,Emotional disconnection can create a serious crisis in a relationship.,1
love_C1_geum_ex_earth,action,"Don't start a conversation with your partner today, but do it when you feel better.",1
love_C1_geum_ex_earth,state,"Sharpness can go too far and put a burden on those around you, and cloudy energy can reduce motivation and cloud your judgment.",1
love_C1_geum_ex_fire,intro,It is a day when love energy is greatly lowered and maintaining relationships becomes difficult.,1
love_C1_geum_ex_fire,effect,Emotional disconnection can create a serious crisis in a relationship.,1
love_C1_geum_ex_fire,action,"Don't start a conversation with your partner today, but do it when you feel better.",1
love_C1_geum_ex_fire,state,"Your sharpness can go too far and put a burden on those around you, and your excited energy can dissipate your calmness and lead to minor mistakes.",1
love_C1_geum_ex_water,intro,It is a day when love energy is greatly lowered and maintaining relationships becomes difficult.,1
love_C1_geum_ex_water,effect,Emotional disconnection can create a serious crisis in a relationship.,1
love_C1_geum_ex_water,action,"Don't start a conversation with your partner today, but do it when you feel better.",1
love_C1_geum_ex_water,state,"Your sharpness can go too far and put a burden on those around you, and the energy of rain and snow can not calm your emotions, making your heart feel heavy.",1
love_C1_geum_ex_wood,intro,It is a day when love energy is greatly lowered and maintaining relationships becomes difficult.,1
love_C1_geum_ex_wood,effect,Emotional disconnection can create a serious crisis in a relationship.,1
love_C1_geum_ex_wood,action,"Don't start a conversation with your partner today, but do it when you feel better.",1
love_C1_geum_ex_wood,state,"Your sharpness can go too far and put a burden on those around you, and the energy of change can keep interfering with your plans.",1
love_C1_hwa_df_earth,intro,It is a day when love passion is almost gone and numbness takes over in relationships.,1
love_C1_hwa_df_earth,effect,Emotional exhaustion can cause great damage to relationships.,1
love_C1_hwa_df_earth,action,Avoid emotional decisions today and take care of yourself first.,1
love_C1_hwa_df_earth,state,"It is easy for your feelings to not be conveyed properly due to blockage of expression, and cloudy energy can reduce motivation and cloud your judgment.",1
love_C1_hwa_df_fire,intro,It is a day when love passion is almost gone and numbness takes over in relationships.,1
love_C1_hwa_df_fire,effect,Emotional exhaustion can cause great damage to relationships.,1
love_C1_hwa_df_fire,action,Avoid emotional decisions today and take care of yourself first.,1
love_C1_hwa_df_fire,state,"It is easy for your feelings to not be conveyed properly due to blockage of expression, and excited energy can scatter your calmness and lead to minor mistakes.",1
love_C1_hwa_df_water,intro,It is a day when love passion is almost gone and numbness takes over in relationships.,1
love_C1_hwa_df_water,effect,Emotional exhaustion can cause great damage to relationships.,1
love_C1_hwa_df_water,action,Avoid emotional decisions today and take care of yourself first.,1
love_C1_hwa_df_water,state,"Because expressions are blocked, it is easy for your feelings to not be conveyed properly, and the energy of rain and snow cannot calm your emotions, which can make your heart feel heavy.",1
love_C1_hwa_df_wood,intro,It is a day when love passion is almost gone and numbness takes over in relationships.,1
love_C1_hwa_df_wood,effect,Emotional exhaustion can cause great damage to relationships.,1
love_C1_hwa_df_wood,action,Avoid emotional decisions today and take care of yourself first.,1
love_C1_hwa_df_wood,state,"It is easy for your feelings to not be conveyed properly due to blockage of expression, and the energy of change can keep interfering and disrupt your plans.",1
love_C1_hwa_ex_earth,intro,It is a day when love passion is almost gone and numbness takes over in relationships.,1
love_C1_hwa_ex_earth,effect,Emotional exhaustion can cause great damage to relationships.,1
love_C1_hwa_ex_earth,action,Avoid emotional decisions today and take care of yourself first.,1
love_C1_hwa_ex_earth,state,"It is easy for emotions to cause friction even over small things, and cloudy energy can reduce motivation and cloud judgment.",1
love_C1_hwa_ex_fire,intro,It is a day when love passion is almost gone and numbness takes over in relationships.,1
love_C1_hwa_ex_fire,effect,Emotional exhaustion can cause great damage to relationships.,1
love_C1_hwa_ex_fire,action,Avoid emotional decisions today and take care of yourself first.,1
love_C1_hwa_ex_fire,state,"It's easy for emotions to cause friction even over small things, and excited energy can disturb your calmness and lead to minor mistakes.",1
love_C1_hwa_ex_water,intro,It is a day when love passion is almost gone and numbness takes over in relationships.,1
love_C1_hwa_ex_water,effect,Emotional exhaustion can cause great damage to relationships.,1
love_C1_hwa_ex_water,action,Avoid emotional decisions today and take care of yourself first.,1
love_C1_hwa_ex_water,state,"It's easy for emotions to arise even over small things, and the energy of rain and snow can't calm your emotions, making your heart feel heavy.",1
love_C1_hwa_ex_wood,intro,It is a day when love passion is almost gone and numbness takes over in relationships.,1
love_C1_hwa_ex_wood,effect,Emotional exhaustion can cause great damage to relationships.,1
love_C1_hwa_ex_wood,action,Avoid emotional decisions today and take care of yourself first.,1
love_C1_hwa_ex_wood,state,"If you are emotionally driven, it is easy for friction to arise even over small things, and the energy of change can keep interfering and disrupting your plans.",1
love_C1_mok_df_earth,intro,This is the day when relationship growth completely stops and distance grows.,1
love_C1_mok_df_earth,effect,Stagnation in a relationship can lead to a breakup crisis.,1
love_C1_mok_df_earth,action,"Instead of trying to force changes in your relationship, take a moment to catch your breath.",1
love_C1_mok_df_earth,state,"If you hesitate for a long time, it is easy for an opportunity to slip out of your hands, and cloudy energy can reduce motivation and cloud your judgment.",1
love_C1_mok_df_fire,intro,This is the day when relationship growth completely stops and distance grows.,1
love_C1_mok_df_fire,effect,Stagnation in a relationship can lead to a breakup crisis.,1
love_C1_mok_df_fire,action,"Instead of trying to force changes in your relationship, take a moment to catch your breath.",1
love_C1_mok_df_fire,state,"If you hesitate for a long time, it is easy for an opportunity to slip out of your hands, and excited energy can dissipate your calmness and lead to minor mistakes.",1
love_C1_mok_df_water,intro,This is the day when relationship growth completely stops and distance grows.,1
love_C1_mok_df_water,effect,Stagnation in a relationship can lead to a breakup crisis.,1
love_C1_mok_df_water,action,"Instead of trying to force changes in your relationship, take a moment to catch your breath.",1
love_C1_mok_df_water,state,"If you hesitate for a long time, it is easy for an opportunity to slip out of your hands, and the energy of rain and snow can not calm your emotions, making your heart heavy.",1
love_C1_mok_df_wood,intro,This is the day when relationship growth completely stops and distance grows.,1
love_C1_mok_df_wood,effect,Stagnation in a relationship can lead to a breakup crisis.,1
love_C1_mok_df_wood,action,"Instead of trying to force changes in your relationship, take a moment to catch your breath.",1
love_C1_mok_df_wood,state,"If you hesitate for a long time, it is easy for an opportunity to slip out of your hands, and the energy of change can keep interfering and disrupt your plans.",1
love_C1_mok_ex_earth,intro,This is the day when relationship growth completely stops and distance grows.,1
love_C1_mok_ex_earth,effect,Stagnation in a relationship can lead to a breakup crisis.,1
love_C1_mok_ex_earth,action,"Instead of trying to force changes in your relationship, take a moment to catch your breath.",1
love_C1_mok_ex_earth,state,"It is easy for greed to lead to things that cannot be grasped, and cloudy energy can reduce motivation and cloud judgment.",1
love_C1_mok_ex_fire,intro,This is the day when relationship growth completely stops and distance grows.,1
love_C1_mok_ex_fire,effect,Stagnation in a relationship can lead to a breakup crisis.,1
love_C1_mok_ex_fire,action,"Instead of trying to force changes in your relationship, take a moment to catch your breath.",1
love_C1_mok_ex_fire,state,"It's easy to get greedy and do things that you can't control, and excited energy can disturb your calmness and lead to minor mistakes.",1
love_C1_mok_ex_water,intro,This is the day when relationship growth completely stops and distance grows.,1
love_C1_mok_ex_water,effect,Stagnation in a relationship can lead to a breakup crisis.,1
love_C1_mok_ex_water,action,"Instead of trying to force changes in your relationship, take a moment to catch your breath.",1
love_C1_mok_ex_water,state,"It's easy to get greedy and do things you can't control, and the energy of rain and snow can't calm your emotions, making your heart heavy.",1
love_C1_mok_ex_wood,intro,This is the day when relationship growth completely stops and distance grows.,1
love_C1_mok_ex_wood,effect,Stagnation in a relationship can lead to a breakup crisis.,1
love_C1_mok_ex_wood,action,"Instead of trying to force changes in your relationship, take a moment to catch your breath.",1
love_C1_mok_ex_wood,state,"It's easy to get greedy and end up doing things you can't control, and the energy of change can keep interfering and disrupting your plans.",1
love_C1_su_df_earth,intro,It is a day when emotional communication can be seriously disrupted and conflict can explode.,1
love_C1_su_df_earth,effect,A series of emotional disconnections and misunderstandings puts relationships at risk.,1
love_C1_su_df_earth,action,Avoid important emotional conversations today and keep your cool.,1
love_C1_su_df_earth,state,"It's easy to get stubborn and lose track of things repeatedly, and cloudy energy can reduce motivation and cloud your judgment.",1
love_C1_su_df_fire,intro,It is a day when emotional communication can be seriously disrupted and conflict can explode.,1
love_C1_su_df_fire,effect,A series of emotional disconnections and misunderstandings puts relationships at risk.,1
love_C1_su_df_fire,action,Avoid important emotional conversations today and keep your cool.,1
love_C1_su_df_fire,state,"It's easy to get stubborn and lose track of the flow, and excited energy can disturb your calmness and lead to minor mistakes.",1
love_C1_su_df_water,intro,It is a day when emotional communication can be seriously disrupted and conflict can explode.,1
love_C1_su_df_water,effect,A series of emotional disconnections and misunderstandings puts relationships at risk.,1
love_C1_su_df_water,action,Avoid important emotional conversations today and keep your cool.,1
love_C1_su_df_water,state,"It's easy to become stubborn and lose track of the flow, and the energy of rain and snow can't calm your emotions, making your heart heavy.",1
love_C1_su_df_wood,intro,It is a day when emotional communication can be seriously disrupted and conflict can explode.,1
love_C1_su_df_wood,effect,A series of emotional disconnections and misunderstandings puts relationships at risk.,1
love_C1_su_df_wood,action,Avoid important emotional conversations today and keep your cool.,1
love_C1_su_df_wood,state,"It's easy to get stubborn and lose track of things repeatedly, and the energy of change can keep interfering and disrupt your plans.",1
love_C1_su_ex_earth,intro,It is a day when emotional communication can be seriously disrupted and conflict can explode.,1
love_C1_su_ex_earth,effect,A series of emotional disconnections and misunderstandings puts relationships at risk.,1
love_C1_su_ex_earth,action,Avoid important emotional conversations today and keep your cool.,1
love_C1_su_ex_earth,state,"Emotions become deeper, so it is easy to be shaken by even small stimuli, and cloudy energy can reduce motivation and cloud judgment.",1
love_C1_su_ex_fire,intro,It is a day when emotional communication can be seriously disrupted and conflict can explode.,1
love_C1_su_ex_fire,effect,A series of emotional disconnections and misunderstandings puts relationships at risk.,1
love_C1_su_ex_fire,action,Avoid important emotional conversations today and keep your cool.,1
love_C1_su_ex_fire,state,"Emotions become deep, so it is easy to be shaken by even the slightest stimulus, and excited energy can disturb calmness and lead to minor mistakes.",1
love_C1_su_ex_water,intro,It is a day when emotional communication can be seriously disrupted and conflict can explode.,1
love_C1_su_ex_water,effect,A series of emotional disconnections and misunderstandings puts relationships at risk.,1
love_C1_su_ex_water,action,Avoid important emotional conversations today and keep your cool.,1
love_C1_su_ex_water,state,"As emotions become deeper, it is easy to be shaken by even the slightest stimulus, and the energy of rain and snow may not calm the emotions, making the heart heavy.",1
love_C1_su_ex_wood,intro,It is a day when emotional communication can be seriously disrupted and conflict can explode.,1
love_C1_su_ex_wood,effect,A series of emotional disconnections and misunderstandings puts relationships at risk.,1
love_C1_su_ex_wood,action,Avoid important emotional conversations today and keep your cool.,1
love_C1_su_ex_wood,state,"As your emotions deepen, it is easy to be shaken by even the slightest stimulus, and the energy of change can keep interfering and disrupting your plans.",1
love_C1_to_df_earth,intro,It is a day when the stability of relationships collapses and trust is greatly shaken.,1
love_C1_to_df_earth,effect,An unstable emotional foundation jeopardizes the entire relationship.,1
love_C1_to_df_earth,action,Talk quietly with your partner alone and check your relationship.,1
love_C1_to_df_earth,state,"Because you are not centered, it is easy for your decisions to change, and cloudy energy can reduce motivation and cloud your judgment.",1
love_C1_to_df_fire,intro,It is a day when the stability of relationships collapses and trust is greatly shaken.,1
love_C1_to_df_fire,effect,An unstable emotional foundation jeopardizes the entire relationship.,1
love_C1_to_df_fire,action,Talk quietly with your partner alone and check your relationship.,1
love_C1_to_df_fire,state,"Because you are not centered, it is easy for your decisions to change, and your excited energy can dissipate your calmness and lead to minor mistakes.",1
love_C1_to_df_water,intro,It is a day when the stability of relationships collapses and trust is greatly shaken.,1
love_C1_to_df_water,effect,An unstable emotional foundation jeopardizes the entire relationship.,1
love_C1_to_df_water,action,Talk quietly with your partner alone and check your relationship.,1
love_C1_to_df_water,state,"Because you are not centered, it is easy for your decisions to change, and the energy of rain and snow cannot calm your emotions, making your heart heavy.",1
love_C1_to_df_wood,intro,It is a day when the stability of relationships collapses and trust is greatly shaken.,1
love_C1_to_df_wood,effect,An unstable emotional foundation jeopardizes the entire relationship.,1
love_C1_to_df_wood,action,Talk quietly with your partner alone and check your relationship.,1
love_C1_to_df_wood,state,"Because you are not centered, it is easy for your decisions to change, and the energy of change can keep interfering with your plans.",1
love_C1_to_ex_earth,intro,It is a day when the stability of relationships collapses and trust is greatly shaken.,1
love_C1_to_ex_earth,effect,An unstable emotional foundation jeopardizes the entire relationship.,1
love_C1_to_ex_earth,action,Talk quietly with your partner alone and check your relationship.,1
love_C1_to_ex_earth,state,"It is easy to ignore changes that require a stubborn stability orientation, and cloudy energy can reduce motivation and cloud judgment.",1
love_C1_to_ex_fire,intro,It is a day when the stability of relationships collapses and trust is greatly shaken.,1
love_C1_to_ex_fire,effect,An unstable emotional foundation jeopardizes the entire relationship.,1
love_C1_to_ex_fire,action,Talk quietly with your partner alone and check your relationship.,1
love_C1_to_ex_fire,state,"It is easy to ignore changes that require stubborn stability, and excited energy can disturb calmness and lead to minor mistakes.",1
love_C1_to_ex_water,intro,It is a day when the stability of relationships collapses and trust is greatly shaken.,1
love_C1_to_ex_water,effect,An unstable emotional foundation jeopardizes the entire relationship.,1
love_C1_to_ex_water,action,Talk quietly with your partner alone and check your relationship.,1
love_C1_to_ex_water,state,"It is easy to ignore changes that require stubborn stability, and the energy of rain and snow may not calm your emotions, making your heart heavy.",1
love_C1_to_ex_wood,intro,It is a day when the stability of relationships collapses and trust is greatly shaken.,1
love_C1_to_ex_wood,effect,An unstable emotional foundation jeopardizes the entire relationship.,1
love_C1_to_ex_wood,action,Talk quietly with your partner alone and check your relationship.,1
love_C1_to_ex_wood,state,"It is easy to ignore changes that require a stubborn stability orientation, and the energy of change can keep interfering and disrupt your plans.",1
love_D,intro,"Relationship energy is at rock bottom today, so it would be wise to avoid conflict and keep your distance.",1
love_D,intro,"Your emotional energy will be very weak today, so it is best to minimize contact with others.",1
love_D,effect,"No matter how good your intentions may be, silence may be the best as it can lead to misunderstanding.",1
love_D,effect,"As your emotions become extremely sensitive, even small things can turn into big things, so it is better to keep your distance today.",1
love_D,action,Put off important relationship conversations for a few days and focus today on getting your feelings in order.,1
love_D,action,It's best to spend today taking care of yourself rather than contacting others.,1
love_D_geum_df_earth,intro,It is a day when your love energy is completely depleted and your relationship is in crisis.,1
love_D_geum_df_earth,effect,Emotional exhaustion makes relationships difficult to repair.,1
love_D_geum_df_earth,action,Don't make any romantic decisions today.,1
love_D_geum_df_earth,state,"Your determination may be greatly broken, and any choice you make may result in regret, and the thick, cloudy energy may greatly slow down everything.",1
love_D_geum_df_fire,intro,It is a day when your love energy is completely depleted and your relationship is in crisis.,1
love_D_geum_df_fire,effect,Emotional exhaustion makes relationships difficult to repair.,1
love_D_geum_df_fire,action,Don't make any romantic decisions today.,1
love_D_geum_df_fire,state,"Decisiveness can be greatly weakened, and any choice can lead to regret, and strong yang can encourage impulses and lead to reckless actions.",1
love_D_geum_df_water,intro,It is a day when your love energy is completely depleted and your relationship is in crisis.,1
love_D_geum_df_water,effect,Emotional exhaustion makes relationships difficult to repair.,1
love_D_geum_df_water,action,Don't make any romantic decisions today.,1
love_D_geum_df_water,state,"Your determination can be greatly broken, and any choice you make can result in regret, and the force of heavy rain and snow can shake your emotions violently, making it difficult to control them.",1
love_D_geum_df_wood,intro,It is a day when your love energy is completely depleted and your relationship is in crisis.,1
love_D_geum_df_wood,effect,Emotional exhaustion makes relationships difficult to repair.,1
love_D_geum_df_wood,action,Don't make any romantic decisions today.,1
love_D_geum_df_wood,state,"Your determination may be greatly broken, any choice you make may end in regret, and the fierce energy of change may cause all your predictions to go astray.",1
love_D_geum_ex_earth,intro,It is a day when your love energy is completely depleted and your relationship is in crisis.,1
love_D_geum_ex_earth,effect,Emotional exhaustion makes relationships difficult to repair.,1
love_D_geum_ex_earth,action,Don't make any romantic decisions today.,1
love_D_geum_ex_earth,state,"If the sharpness goes too far, it can create a deep rift with the surroundings, and the thick cloudy energy can greatly slow down everything.",1
love_D_geum_ex_fire,intro,It is a day when your love energy is completely depleted and your relationship is in crisis.,1
love_D_geum_ex_fire,effect,Emotional exhaustion makes relationships difficult to repair.,1
love_D_geum_ex_fire,action,Don't make any romantic decisions today.,1
love_D_geum_ex_fire,state,"Sharpness can go too far and create deep rifts with those around you, and strong yang can encourage impulses and lead to reckless actions.",1
love_D_geum_ex_water,intro,It is a day when your love energy is completely depleted and your relationship is in crisis.,1
love_D_geum_ex_water,effect,Emotional exhaustion makes relationships difficult to repair.,1
love_D_geum_ex_water,action,Don't make any romantic decisions today.,1
love_D_geum_ex_water,state,"The sharpness can go too far and create deep cracks with the surroundings, and the force of heavy rain and snow can shake your emotions violently, making it difficult to control them.",1
love_D_geum_ex_wood,intro,It is a day when your love energy is completely depleted and your relationship is in crisis.,1
love_D_geum_ex_wood,effect,Emotional exhaustion makes relationships difficult to repair.,1
love_D_geum_ex_wood,action,Don't make any romantic decisions today.,1
love_D_geum_ex_wood,state,"Sharpness can go too far and create deep cracks with the surroundings, and the fierce energy of change can make all predictions go astray.",1
love_D_hwa_df_earth,intro,It is a day when the sense of love is completely blocked and communication with the other person is impossible.,1
love_D_hwa_df_earth,effect,Extreme emotional disconnection leaves fatal wounds in relationships.,1
love_D_hwa_df_earth,action,Completely refrain from emotional behavior and find comfort alone.,1
love_D_hwa_df_earth,state,"The way to convey one's feelings is completely closed, which can deepen misunderstandings and disconnection, and the thick, cloudy energy can greatly slow down everything.",1
love_D_hwa_df_fire,intro,It is a day when the sense of love is completely blocked and communication with the other person is impossible.,1
love_D_hwa_df_fire,effect,Extreme emotional disconnection leaves fatal wounds in relationships.,1
love_D_hwa_df_fire,action,Completely refrain from emotional behavior and find comfort alone.,1
love_D_hwa_df_fire,state,"The way to communicate one's feelings is completely closed, which can deepen misunderstandings and disconnection, and strong positive energy can encourage impulses and lead to reckless actions.",1
love_D_hwa_df_water,intro,It is a day when the sense of love is completely blocked and communication with the other person is impossible.,1
love_D_hwa_df_water,effect,Extreme emotional disconnection leaves fatal wounds in relationships.,1
love_D_hwa_df_water,action,Completely refrain from emotional behavior and find comfort alone.,1
love_D_hwa_df_water,state,"The way to communicate one's feelings is completely closed, which can deepen misunderstandings and disconnection, and the force of heavy rain and snow can shake emotions violently, making it difficult to control them.",1
love_D_hwa_df_wood,intro,It is a day when the sense of love is completely blocked and communication with the other person is impossible.,1
love_D_hwa_df_wood,effect,Extreme emotional disconnection leaves fatal wounds in relationships.,1
love_D_hwa_df_wood,action,Completely refrain from emotional behavior and find comfort alone.,1
love_D_hwa_df_wood,state,"The way to communicate one's feelings is completely closed, misunderstandings and disconnection can deepen, and the fierce energy of change can cause all predictions to go astray.",1
love_D_hwa_ex_earth,intro,It is a day when the sense of love is completely blocked and communication with the other person is impossible.,1
love_D_hwa_ex_earth,effect,Extreme emotional disconnection leaves fatal wounds in relationships.,1
love_D_hwa_ex_earth,action,Completely refrain from emotional behavior and find comfort alone.,1
love_D_hwa_ex_earth,state,"Overheated emotions can spread into an irreparable conflict, and the thick cloudy energy can greatly slow down everything.",1
love_D_hwa_ex_fire,intro,It is a day when the sense of love is completely blocked and communication with the other person is impossible.,1
love_D_hwa_ex_fire,effect,Extreme emotional disconnection leaves fatal wounds in relationships.,1
love_D_hwa_ex_fire,action,Completely refrain from emotional behavior and find comfort alone.,1
love_D_hwa_ex_fire,state,"Overheated emotions can lead to irreversible conflict, and strong yang can encourage impulses and lead to reckless actions.",1
love_D_hwa_ex_water,intro,It is a day when the sense of love is completely blocked and communication with the other person is impossible.,1
love_D_hwa_ex_water,effect,Extreme emotional disconnection leaves fatal wounds in relationships.,1
love_D_hwa_ex_water,action,Completely refrain from emotional behavior and find comfort alone.,1
love_D_hwa_ex_water,state,"Overheated emotions can spread into an irreparable conflict, and the force of heavy rain and snow shakes emotions violently, making control difficult.",1
love_D_hwa_ex_wood,intro,It is a day when the sense of love is completely blocked and communication with the other person is impossible.,1
love_D_hwa_ex_wood,effect,Extreme emotional disconnection leaves fatal wounds in relationships.,1
love_D_hwa_ex_wood,action,Completely refrain from emotional behavior and find comfort alone.,1
love_D_hwa_ex_wood,state,"Overheated emotions can spread into an irreparable conflict, and the fierce energy of change can cause all predictions to go astray.",1
love_D_mok_df_earth,intro,This is a day when the energy to expand relationships is completely gone and any attempt is counterproductive.,1
love_D_mok_df_earth,effect,"All directions in the relationship are blocked, and the crisis only deepens.",1
love_D_mok_df_earth,action,"Today, withdraw completely from the relationship and wait for recovery.",1
love_D_mok_df_earth,state,"Fear can completely stop you from taking action and even cause you to lose opportunities, and the thick cloudy energy can greatly slow down everything.",1
love_D_mok_df_fire,intro,This is a day when the energy to expand relationships is completely gone and any attempt is counterproductive.,1
love_D_mok_df_fire,effect,"All directions in the relationship are blocked, and the crisis only deepens.",1
love_D_mok_df_fire,action,"Today, withdraw completely from the relationship and wait for recovery.",1
love_D_mok_df_fire,state,"Fear can completely stop an action and even result in loss of opportunities, and strong positive energy can encourage impulses and lead to reckless actions.",1
love_D_mok_df_water,intro,This is a day when the energy to expand relationships is completely gone and any attempt is counterproductive.,1
love_D_mok_df_water,effect,"All directions in the relationship are blocked, and the crisis only deepens.",1
love_D_mok_df_water,action,"Today, withdraw completely from the relationship and wait for recovery.",1
love_D_mok_df_water,state,"Fear can completely stop you from taking action and even cause you to lose opportunities, and the force of heavy rain and snow can shake your emotions so much that it becomes difficult to control them.",1
love_D_mok_df_wood,intro,This is a day when the energy to expand relationships is completely gone and any attempt is counterproductive.,1
love_D_mok_df_wood,effect,"All directions in the relationship are blocked, and the crisis only deepens.",1
love_D_mok_df_wood,action,"Today, withdraw completely from the relationship and wait for recovery.",1
love_D_mok_df_wood,state,"Fear can completely stop action and even lead to loss of opportunities, and the fierce energy of change can cause all predictions to go astray.",1
love_D_mok_ex_earth,intro,This is a day when the energy to expand relationships is completely gone and any attempt is counterproductive.,1
love_D_mok_ex_earth,effect,"All directions in the relationship are blocked, and the crisis only deepens.",1
love_D_mok_ex_earth,action,"Today, withdraw completely from the relationship and wait for recovery.",1
love_D_mok_ex_earth,state,"Uncontrollable motivation can lead to unreasonable accidents, and thick cloudy energy can greatly slow down everything.",1
love_D_mok_ex_fire,intro,This is a day when the energy to expand relationships is completely gone and any attempt is counterproductive.,1
love_D_mok_ex_fire,effect,"All directions in the relationship are blocked, and the crisis only deepens.",1
love_D_mok_ex_fire,action,"Today, withdraw completely from the relationship and wait for recovery.",1
love_D_mok_ex_fire,state,"Uncontrollable motivation can lead to unreasonable accidents, and strong positive energy can encourage impulses and lead to reckless actions.",1
love_D_mok_ex_water,intro,This is a day when the energy to expand relationships is completely gone and any attempt is counterproductive.,1
love_D_mok_ex_water,effect,"All directions in the relationship are blocked, and the crisis only deepens.",1
love_D_mok_ex_water,action,"Today, withdraw completely from the relationship and wait for recovery.",1
love_D_mok_ex_water,state,"Uncontrollable motivation can lead to unreasonable accidents, and the force of heavy rain and snow can shake emotions violently, making control difficult.",1
love_D_mok_ex_wood,intro,This is a day when the energy to expand relationships is completely gone and any attempt is counterproductive.,1
love_D_mok_ex_wood,effect,"All directions in the relationship are blocked, and the crisis only deepens.",1
love_D_mok_ex_wood,action,"Today, withdraw completely from the relationship and wait for recovery.",1
love_D_mok_ex_wood,state,"Uncontrollable motivation can lead to unreasonable thinking, and the fierce energy of change can cause all predictions to go astray.",1
love_D_su_df_earth,intro,It is a day when emotional communication is completely cut off and every conversation turns into conflict.,1
love_D_su_df_earth,effect,The inability to communicate is pushing the relationship to its worst.,1
love_D_su_df_earth,action,Stop all emotional conversations today and look forward to tomorrow.,1
love_D_su_df_earth,state,"A rigid attitude blocks all flow, making progress difficult, and thick, cloudy energy can greatly slow down everything.",1
love_D_su_df_fire,intro,It is a day when emotional communication is completely cut off and every conversation turns into conflict.,1
love_D_su_df_fire,effect,The inability to communicate is pushing the relationship to its worst.,1
love_D_su_df_fire,action,Stop all emotional conversations today and look forward to tomorrow.,1
love_D_su_df_fire,state,"A rigid attitude blocks all flow, making progress difficult, and strong positive energy can encourage impulses and lead to reckless actions.",1
love_D_su_df_water,intro,It is a day when emotional communication is completely cut off and every conversation turns into conflict.,1
love_D_su_df_water,effect,The inability to communicate is pushing the relationship to its worst.,1
love_D_su_df_water,action,Stop all emotional conversations today and look forward to tomorrow.,1
love_D_su_df_water,state,"A rigid attitude blocks all flow, making progress difficult, and the force of heavy rain and snow shakes emotions violently, making control difficult.",1
love_D_su_df_wood,intro,It is a day when emotional communication is completely cut off and every conversation turns into conflict.,1
love_D_su_df_wood,effect,The inability to communicate is pushing the relationship to its worst.,1
love_D_su_df_wood,action,Stop all emotional conversations today and look forward to tomorrow.,1
love_D_su_df_wood,state,"A rigid attitude blocks all flow, making progress difficult, and the fierce energy of change can cause all predictions to go astray.",1
love_D_su_ex_earth,intro,It is a day when emotional communication is completely cut off and every conversation turns into conflict.,1
love_D_su_ex_earth,effect,The inability to communicate is pushing the relationship to its worst.,1
love_D_su_ex_earth,action,Stop all emotional conversations today and look forward to tomorrow.,1
love_D_su_ex_earth,state,"The torrent of emotions can overwhelm reason and lead to big mistakes, and the thick, cloudy energy can greatly slow down everything.",1
love_D_su_ex_fire,intro,It is a day when emotional communication is completely cut off and every conversation turns into conflict.,1
love_D_su_ex_fire,effect,The inability to communicate is pushing the relationship to its worst.,1
love_D_su_ex_fire,action,Stop all emotional conversations today and look forward to tomorrow.,1
love_D_su_ex_fire,state,"A torrent of emotions can overwhelm reason and lead to big mistakes, and strong positive energy can encourage impulses and lead to reckless actions.",1
love_D_su_ex_water,intro,It is a day when emotional communication is completely cut off and every conversation turns into conflict.,1
love_D_su_ex_water,effect,The inability to communicate is pushing the relationship to its worst.,1
love_D_su_ex_water,action,Stop all emotional conversations today and look forward to tomorrow.,1
love_D_su_ex_water,state,"A torrent of emotions can overwhelm reason and lead to big mistakes, and the force of heavy rain and snow can shake emotions violently, making it difficult to control them.",1
love_D_su_ex_wood,intro,It is a day when emotional communication is completely cut off and every conversation turns into conflict.,1
love_D_su_ex_wood,effect,The inability to communicate is pushing the relationship to its worst.,1
love_D_su_ex_wood,action,Stop all emotional conversations today and look forward to tomorrow.,1
love_D_su_ex_wood,state,"The torrent of emotions can overwhelm reason and lead to big mistakes, and the fierce energy of change can cause all predictions to go astray.",1
love_D_to_df_earth,intro,It is a day when all stability in a relationship collapses and any romantic action is dangerous.,1
love_D_to_df_earth,effect,Extreme instability makes it difficult to turn a relationship around.,1
love_D_to_df_earth,action,Let go of dating completely today and focus on recovering yourself.,1
love_D_to_df_earth,state,"You can completely lose your balance and everything can go out of control, and the thick cloudy energy can greatly slow down everything.",1
love_D_to_df_fire,intro,It is a day when all stability in a relationship collapses and any romantic action is dangerous.,1
love_D_to_df_fire,effect,Extreme instability makes it difficult to turn a relationship around.,1
love_D_to_df_fire,action,Let go of dating completely today and focus on recovering yourself.,1
love_D_to_df_fire,state,"If you completely lose your balance, everything can go out of control, and strong yang energy can encourage impulses and lead you to reckless actions.",1
love_D_to_df_water,intro,It is a day when all stability in a relationship collapses and any romantic action is dangerous.,1
love_D_to_df_water,effect,Extreme instability makes it difficult to turn a relationship around.,1
love_D_to_df_water,action,Let go of dating completely today and focus on recovering yourself.,1
love_D_to_df_water,state,"You can completely lose your balance and everything can go out of control, and the force of heavy rain and snow can shake your emotions so much that it becomes difficult to control them.",1
love_D_to_df_wood,intro,It is a day when all stability in a relationship collapses and any romantic action is dangerous.,1
love_D_to_df_wood,effect,Extreme instability makes it difficult to turn a relationship around.,1
love_D_to_df_wood,action,Let go of dating completely today and focus on recovering yourself.,1
love_D_to_df_wood,state,"If you completely lose your balance, everything can go out of control, and the violent energy of change can make all your predictions go astray.",1
love_D_to_ex_earth,intro,It is a day when all stability in a relationship collapses and any romantic action is dangerous.,1
love_D_to_ex_earth,effect,Extreme instability makes it difficult to turn a relationship around.,1
love_D_to_ex_earth,action,Let go of dating completely today and focus on recovering yourself.,1
love_D_to_ex_earth,state,"Refusal to change can escalate a crisis and make recovery difficult, and a thick, cloudy atmosphere can greatly slow down everything.",1
love_D_to_ex_fire,intro,It is a day when all stability in a relationship collapses and any romantic action is dangerous.,1
love_D_to_ex_fire,effect,Extreme instability makes it difficult to turn a relationship around.,1
love_D_to_ex_fire,action,Let go of dating completely today and focus on recovering yourself.,1
love_D_to_ex_fire,state,"Refusal to change can escalate the crisis and make recovery difficult, and strong positive energy can encourage impulses and lead to reckless actions.",1
love_D_to_ex_water,intro,It is a day when all stability in a relationship collapses and any romantic action is dangerous.,1
love_D_to_ex_water,effect,Extreme instability makes it difficult to turn a relationship around.,1
love_D_to_ex_water,action,Let go of dating completely today and focus on recovering yourself.,1
love_D_to_ex_water,state,"Refusal to change can escalate the crisis and make recovery difficult, and the force of heavy rain and snow can shake emotions violently, making control difficult.",1
love_D_to_ex_wood,intro,It is a day when all stability in a relationship collapses and any romantic action is dangerous.,1
love_D_to_ex_wood,effect,Extreme instability makes it difficult to turn a relationship around.,1
love_D_to_ex_wood,action,Let go of dating completely today and focus on recovering yourself.,1
love_D_to_ex_wood,state,"Refusal to change can escalate a crisis and make recovery difficult, and the fierce energy of change can cause all predictions to go astray.",1
health_A,intro,"Today, your body and mind are both vibrant and you can easily handle any activity.",1
health_A,intro,"Today, your health energy will be at its peak, making your day much lighter and more refreshing than usual.",1
health_A,effect,You are full of energy and can take on new challenges without difficulty.,1
health_A,effect,"The condition is maintained at its best, showing a high level of both concentration and stamina.",1
health_A,action,Start the exercise or health-related plans you've been putting off today.,1
health_A,action,It is enough to trust the good signals your body tells you and spend an active day.,1
health_A_geum_df_earth,intro,It's a day when your body's energy is at its peak and you can tackle anything in your best condition.,1
health_A_geum_df_earth,effect,Sharp physical responses produce peak performance in all activities.,1
health_A_geum_df_earth,action,Try high-intensity exercise or challenging physical activity.,1
health_A_geum_df_earth,state,"Calm judgment increases prudence, leading to deep insight, and calm energy increases prudence, leading to good results.",1
health_A_geum_df_fire,intro,It's a day when your body's energy is at its peak and you can tackle anything in your best condition.,1
health_A_geum_df_fire,effect,Sharp physical responses produce peak performance in all activities.,1
health_A_geum_df_fire,action,Try high-intensity exercise or challenging physical activity.,1
health_A_geum_df_fire,state,"Calm judgment increases prudence, leads to deep insight, and clear energy increases vitality and creates a good flow.",1
health_A_geum_df_water,intro,It's a day when your body's energy is at its peak and you can tackle anything in your best condition.,1
health_A_geum_df_water,effect,Sharp physical responses produce peak performance in all activities.,1
health_A_geum_df_water,action,Try high-intensity exercise or challenging physical activity.,1
health_A_geum_df_water,state,"Calm judgment increases prudence and leads to deep insight, and moist energy deeply refines the mind and opens clear vision.",1
health_A_geum_df_wood,intro,It's a day when your body's energy is at its peak and you can tackle anything in your best condition.,1
health_A_geum_df_wood,effect,Sharp physical responses produce peak performance in all activities.,1
health_A_geum_df_wood,action,Try high-intensity exercise or challenging physical activity.,1
health_A_geum_df_wood,state,"Calm judgment increases prudence, leads to deep insight, and dynamic energy opens up new possibilities.",1
health_A_geum_ex_earth,intro,It's a day when your body's energy is at its peak and you can tackle anything in your best condition.,1
health_A_geum_ex_earth,effect,Sharp physical responses produce peak performance in all activities.,1
health_A_geum_ex_earth,action,Try high-intensity exercise or challenging physical activity.,1
health_A_geum_ex_earth,state,"Sharp judgment penetrates to the core and leads to clear conclusions, and calm energy increases prudence, leading to good results.",1
health_A_geum_ex_fire,intro,It's a day when your body's energy is at its peak and you can tackle anything in your best condition.,1
health_A_geum_ex_fire,effect,Sharp physical responses produce peak performance in all activities.,1
health_A_geum_ex_fire,action,Try high-intensity exercise or challenging physical activity.,1
health_A_geum_ex_fire,state,"Sharp judgment penetrates the core and draws clear conclusions, and clear energy boosts vitality and creates a good flow.",1
health_A_geum_ex_water,intro,It's a day when your body's energy is at its peak and you can tackle anything in your best condition.,1
health_A_geum_ex_water,effect,Sharp physical responses produce peak performance in all activities.,1
health_A_geum_ex_water,action,Try high-intensity exercise or challenging physical activity.,1
health_A_geum_ex_water,state,"Sharp judgment penetrates the core and draws clear conclusions, and moist energy deeply refines the mind and opens clear vision.",1
health_A_geum_ex_wood,intro,It's a day when your body's energy is at its peak and you can tackle anything in your best condition.,1
health_A_geum_ex_wood,effect,Sharp physical responses produce peak performance in all activities.,1
health_A_geum_ex_wood,action,Try high-intensity exercise or challenging physical activity.,1
health_A_geum_ex_wood,state,"Sharp judgment penetrates to the core and draws clear conclusions, and dynamic energy opens up new possibilities.",1
health_A_hwa_df_earth,intro,It is a day when your vitality is burning brightly and your overall health is at its best.,1
health_A_hwa_df_earth,effect,Overflowing vitality boosts physical strength and immunity at the same time.,1
health_A_hwa_df_earth,action,"When you have plenty of energy, have fun and move around with your favorite activities.",1
health_A_hwa_df_earth,state,"A calm inner self gives you the power to fully express your sincerity, and a calm energy increases prudence, leading to good results.",1
health_A_hwa_df_fire,intro,It is a day when your vitality is burning brightly and your overall health is at its best.,1
health_A_hwa_df_fire,effect,Overflowing vitality boosts physical strength and immunity at the same time.,1
health_A_hwa_df_fire,action,"When you have plenty of energy, have fun and move around with your favorite activities.",1
health_A_hwa_df_fire,state,"A calm inner self gives you the power to fully express your sincerity, and clear energy boosts your vitality and creates a good flow.",1
health_A_hwa_df_water,intro,It is a day when your vitality is burning brightly and your overall health is at its best.,1
health_A_hwa_df_water,effect,Overflowing vitality boosts physical strength and immunity at the same time.,1
health_A_hwa_df_water,action,"When you have plenty of energy, have fun and move around with your favorite activities.",1
health_A_hwa_df_water,state,"A calm inner self gives you the power to fully express your true feelings, and moist energy deeply refines your mind and opens up clear vision.",1
health_A_hwa_df_wood,intro,It is a day when your vitality is burning brightly and your overall health is at its best.,1
health_A_hwa_df_wood,effect,Overflowing vitality boosts physical strength and immunity at the same time.,1
health_A_hwa_df_wood,action,"When you have plenty of energy, have fun and move around with your favorite activities.",1
health_A_hwa_df_wood,state,"A calm inner self gives you the power to fully express your sincerity, and dynamic energy opens up new possibilities.",1
health_A_hwa_ex_earth,intro,It is a day when your vitality is burning brightly and your overall health is at its best.,1
health_A_hwa_ex_earth,effect,Overflowing vitality boosts physical strength and immunity at the same time.,1
health_A_hwa_ex_earth,action,"When you have plenty of energy, have fun and move around with your favorite activities.",1
health_A_hwa_ex_earth,state,"Overflowing passion greatly increases momentum and creates a good flow, and calm energy increases prudence, leading to good results.",1
health_A_hwa_ex_fire,intro,It is a day when your vitality is burning brightly and your overall health is at its best.,1
health_A_hwa_ex_fire,effect,Overflowing vitality boosts physical strength and immunity at the same time.,1
health_A_hwa_ex_fire,action,"When you have plenty of energy, have fun and move around with your favorite activities.",1
health_A_hwa_ex_fire,state,"Overflowing passion greatly increases driving force and creates a good flow, and clear energy increases vitality and creates a good flow.",1
health_A_hwa_ex_water,intro,It is a day when your vitality is burning brightly and your overall health is at its best.,1
health_A_hwa_ex_water,effect,Overflowing vitality boosts physical strength and immunity at the same time.,1
health_A_hwa_ex_water,action,"When you have plenty of energy, have fun and move around with your favorite activities.",1
health_A_hwa_ex_water,state,"The overflowing passion greatly increases the driving force and creates a good flow, and the moist energy deeply refines the mind and opens clear vision.",1
health_A_hwa_ex_wood,intro,It is a day when your vitality is burning brightly and your overall health is at its best.,1
health_A_hwa_ex_wood,effect,Overflowing vitality boosts physical strength and immunity at the same time.,1
health_A_hwa_ex_wood,action,"When you have plenty of energy, have fun and move around with your favorite activities.",1
health_A_hwa_ex_wood,state,"Overflowing passion greatly increases driving force, creating a good flow, and dynamic energy opens up new possibilities.",1
health_A_mok_df_earth,intro,It is a day when physical growth energy becomes active and overall health improves.,1
health_A_mok_df_earth,effect,"As your physical vitality increases, your stamina and recovery also increase.",1
health_A_mok_df_earth,action,Try regular exercise or start a new health habit.,1
health_A_mok_df_earth,state,"A cautious approach actually creates a solid start, and a calm energy increases prudence, leading to good results.",1
health_A_mok_df_fire,intro,It is a day when physical growth energy becomes active and overall health improves.,1
health_A_mok_df_fire,effect,"As your physical vitality increases, your stamina and recovery also increase.",1
health_A_mok_df_fire,action,Try regular exercise or start a new health habit.,1
health_A_mok_df_fire,state,"A cautious approach actually creates a solid start, and clear energy boosts vitality and creates a good flow.",1
health_A_mok_df_water,intro,It is a day when physical growth energy becomes active and overall health improves.,1
health_A_mok_df_water,effect,"As your physical vitality increases, your stamina and recovery also increase.",1
health_A_mok_df_water,action,Try regular exercise or start a new health habit.,1
health_A_mok_df_water,state,"A cautious approach actually creates a solid start, and moist energy deeply refines the mind and opens clear vision.",1
health_A_mok_df_wood,intro,It is a day when physical growth energy becomes active and overall health improves.,1
health_A_mok_df_wood,effect,"As your physical vitality increases, your stamina and recovery also increase.",1
health_A_mok_df_wood,action,Try regular exercise or start a new health habit.,1
health_A_mok_df_wood,state,"A cautious approach creates a solid start, and dynamic energy opens up new possibilities.",1
health_A_mok_ex_earth,intro,It is a day when physical growth energy becomes active and overall health improves.,1
health_A_mok_ex_earth,effect,"As your physical vitality increases, your stamina and recovery also increase.",1
health_A_mok_ex_earth,action,Try regular exercise or start a new health habit.,1
health_A_mok_ex_earth,state,"A strong will actively opens up new opportunities, and a calm energy increases prudence, leading to good results.",1
health_A_mok_ex_fire,intro,It is a day when physical growth energy becomes active and overall health improves.,1
health_A_mok_ex_fire,effect,"As your physical vitality increases, your stamina and recovery also increase.",1
health_A_mok_ex_fire,action,Try regular exercise or start a new health habit.,1
health_A_mok_ex_fire,state,"A strong will actively opens up new opportunities, and clear energy increases vitality and creates a good flow.",1
health_A_mok_ex_water,intro,It is a day when physical growth energy becomes active and overall health improves.,1
health_A_mok_ex_water,effect,"As your physical vitality increases, your stamina and recovery also increase.",1
health_A_mok_ex_water,action,Try regular exercise or start a new health habit.,1
health_A_mok_ex_water,state,"A strong will actively opens up new opportunities, and moist energy deeply refines the mind and opens clear vision.",1
health_A_mok_ex_wood,intro,It is a day when physical growth energy becomes active and overall health improves.,1
health_A_mok_ex_wood,effect,"As your physical vitality increases, your stamina and recovery also increase.",1
health_A_mok_ex_wood,action,Try regular exercise or start a new health habit.,1
health_A_mok_ex_wood,state,"A strong will actively opens up new opportunities, and a dynamic energy opens up new possibilities.",1
health_A_su_df_earth,intro,It is a day when the body's flow circulates without obstruction and health is maintained smoothly.,1
health_A_su_df_earth,effect,Smooth circulation in the body helps recover from fatigue and maintain immunity.,1
health_A_su_df_earth,action,Help your health flow by drinking enough water and stretching.,1
health_A_su_df_earth,state,"A solid center helps you maintain your direction without wavering, and a calm energy increases prudence, leading to good results.",1
health_A_su_df_fire,intro,It is a day when the body's flow circulates without obstruction and health is maintained smoothly.,1
health_A_su_df_fire,effect,Smooth circulation in the body helps recover from fatigue and maintain immunity.,1
health_A_su_df_fire,action,Help your health flow by drinking enough water and stretching.,1
health_A_su_df_fire,state,"A solid center keeps you in the right direction without wavering, and clear energy boosts vitality and creates a good flow.",1
health_A_su_df_water,intro,It is a day when the body's flow circulates without obstruction and health is maintained smoothly.,1
health_A_su_df_water,effect,Smooth circulation in the body helps recover from fatigue and maintain immunity.,1
health_A_su_df_water,action,Help your health flow by drinking enough water and stretching.,1
health_A_su_df_water,state,"A solid center helps you keep your direction without wavering, and moist energy deeply refines your mind and opens up clear vision.",1
health_A_su_df_wood,intro,It is a day when the body's flow circulates without obstruction and health is maintained smoothly.,1
health_A_su_df_wood,effect,Smooth circulation in the body helps recover from fatigue and maintain immunity.,1
health_A_su_df_wood,action,Help your health flow by drinking enough water and stretching.,1
health_A_su_df_wood,state,"A solid center maintains the direction without wavering, and dynamic energy opens up new possibilities.",1
health_A_su_ex_earth,intro,It is a day when the body's flow circulates without obstruction and health is maintained smoothly.,1
health_A_su_ex_earth,effect,Smooth circulation in the body helps recover from fatigue and maintain immunity.,1
health_A_su_ex_earth,action,Help your health flow by drinking enough water and stretching.,1
health_A_su_ex_earth,state,"Rich sensitivity leads to deep insight and helps in good judgment, and calm energy increases prudence, leading to good results.",1
health_A_su_ex_fire,intro,It is a day when the body's flow circulates without obstruction and health is maintained smoothly.,1
health_A_su_ex_fire,effect,Smooth circulation in the body helps recover from fatigue and maintain immunity.,1
health_A_su_ex_fire,action,Help your health flow by drinking enough water and stretching.,1
health_A_su_ex_fire,state,"Rich sensitivity leads to deep insight and helps in making good decisions, and clear energy increases vitality and creates a good flow.",1
health_A_su_ex_water,intro,It is a day when the body's flow circulates without obstruction and health is maintained smoothly.,1
health_A_su_ex_water,effect,Smooth circulation in the body helps recover from fatigue and maintain immunity.,1
health_A_su_ex_water,action,Help your health flow by drinking enough water and stretching.,1
health_A_su_ex_water,state,"Rich sensitivity leads to deep insight and helps in good judgment, and moist energy deeply refines the mind and opens clear vision.",1
health_A_su_ex_wood,intro,It is a day when the body's flow circulates without obstruction and health is maintained smoothly.,1
health_A_su_ex_wood,effect,Smooth circulation in the body helps recover from fatigue and maintain immunity.,1
health_A_su_ex_wood,action,Help your health flow by drinking enough water and stretching.,1
health_A_su_ex_wood,state,"Rich sensitivity leads to deep insight and helps in making good decisions, and dynamic energy opens up new possibilities.",1
health_A_to_df_earth,intro,It is a day when your health is at its most stable as your health foundation is maintained.,1
health_A_to_df_earth,effect,A strong physical foundation effectively prevents fatigue and disease.,1
health_A_to_df_earth,action,Stay healthy by eating regularly and getting enough sleep.,1
health_A_to_df_earth,state,"A flexible attitude allows you to naturally accept new trends, and a calm energy increases prudence, leading to good results.",1
health_A_to_df_fire,intro,It is a day when your health is at its most stable as your health foundation is maintained.,1
health_A_to_df_fire,effect,A strong physical foundation effectively prevents fatigue and disease.,1
health_A_to_df_fire,action,Stay healthy by eating regularly and getting enough sleep.,1
health_A_to_df_fire,state,"A flexible attitude allows you to naturally accept new trends, and clear energy increases vitality and creates a good flow.",1
health_A_to_df_water,intro,It is a day when your health is at its most stable as your health foundation is maintained.,1
health_A_to_df_water,effect,A strong physical foundation effectively prevents fatigue and disease.,1
health_A_to_df_water,action,Stay healthy by eating regularly and getting enough sleep.,1
health_A_to_df_water,state,"A flexible attitude allows you to naturally accept new trends, and moist energy deeply refines your mind and opens up clear vision.",1
health_A_to_df_wood,intro,It is a day when your health is at its most stable as your health foundation is maintained.,1
health_A_to_df_wood,effect,A strong physical foundation effectively prevents fatigue and disease.,1
health_A_to_df_wood,action,Stay healthy by eating regularly and getting enough sleep.,1
health_A_to_df_wood,state,"A flexible attitude allows you to naturally accept new trends, and a dynamic energy opens up new possibilities.",1
health_A_to_ex_earth,intro,It is a day when your health is at its most stable as your health foundation is maintained.,1
health_A_to_ex_earth,effect,A strong physical foundation effectively prevents fatigue and disease.,1
health_A_to_ex_earth,action,Stay healthy by eating regularly and getting enough sleep.,1
health_A_to_ex_earth,state,"A strong sense of stability becomes a solid foundation for everything, and a calm energy increases prudence, leading to good results.",1
health_A_to_ex_fire,intro,It is a day when your health is at its most stable as your health foundation is maintained.,1
health_A_to_ex_fire,effect,A strong physical foundation effectively prevents fatigue and disease.,1
health_A_to_ex_fire,action,Stay healthy by eating regularly and getting enough sleep.,1
health_A_to_ex_fire,state,"A strong sense of stability becomes a solid foundation for everything, and clear energy boosts vitality and creates a good flow.",1
health_A_to_ex_water,intro,It is a day when your health is at its most stable as your health foundation is maintained.,1
health_A_to_ex_water,effect,A strong physical foundation effectively prevents fatigue and disease.,1
health_A_to_ex_water,action,Stay healthy by eating regularly and getting enough sleep.,1
health_A_to_ex_water,state,"A strong sense of stability becomes a solid foundation for everything, and moist energy deeply refines the mind and opens clear vision.",1
health_A_to_ex_wood,intro,It is a day when your health is at its most stable as your health foundation is maintained.,1
health_A_to_ex_wood,effect,A strong physical foundation effectively prevents fatigue and disease.,1
health_A_to_ex_wood,action,Stay healthy by eating regularly and getting enough sleep.,1
health_A_to_ex_wood,state,"A strong sense of stability provides a solid foundation for everything, and dynamic energy opens up new possibilities.",1
health_B,intro,"Today, I will be filled with healthy energy, so my body will feel light and my daily life will run smoothly.",1
health_B,intro,Today is a day when your body's rhythm remains stable and it is easy to manage your condition.,1
health_B,effect,It is a day when your body responds well and you can digest your daily schedule with ease.,1
health_B,effect,A good balance between energy consumption and recovery allows you to stay energized throughout the day.,1
health_B,action,"When you're feeling well, try adding some light exercise or stretching.",1
health_B,action,"To maintain today's good condition, the key is to drink enough water and eat regularly.",1
health_B_geum_df_earth,intro,This is a day when your overall health is good and there are no major restrictions on your activities.,1
health_B_geum_df_earth,effect,Stable physical strength supports daily activities with ease.,1
health_B_geum_df_earth,action,Maintain your condition with moderate exercise and regular meals.,1
health_B_geum_df_earth,state,"Even if your determination becomes somewhat dull, the flow of daily life continues smoothly, and the cloudy energy adds to the calm atmosphere, creating a sense of tranquility.",1
health_B_geum_df_fire,intro,This is a day when your overall health is good and there are no major restrictions on your activities.,1
health_B_geum_df_fire,effect,Stable physical strength supports daily activities with ease.,1
health_B_geum_df_fire,action,Maintain your condition with moderate exercise and regular meals.,1
health_B_geum_df_fire,state,"Even if your determination becomes somewhat dull, the flow of your daily life continues smoothly, and the clear energy adds light vitality, creating a smooth flow.",1
health_B_geum_df_water,intro,This is a day when your overall health is good and there are no major restrictions on your activities.,1
health_B_geum_df_water,effect,Stable physical strength supports daily activities with ease.,1
health_B_geum_df_water,action,Maintain your condition with moderate exercise and regular meals.,1
health_B_geum_df_water,state,"Even if your determination becomes somewhat dull, the flow of your daily life continues smoothly, and the moist energy adds a calm lingering feeling to your emotions.",1
health_B_geum_df_wood,intro,This is a day when your overall health is good and there are no major restrictions on your activities.,1
health_B_geum_df_wood,effect,Stable physical strength supports daily activities with ease.,1
health_B_geum_df_wood,action,Maintain your condition with moderate exercise and regular meals.,1
health_B_geum_df_wood,state,"Even if your determination becomes somewhat dull, the flow of daily life continues smoothly and the slight energy of change adds appropriate stimulation.",1
health_B_geum_ex_earth,intro,This is a day when your overall health is good and there are no major restrictions on your activities.,1
health_B_geum_ex_earth,effect,Stable physical strength supports daily activities with ease.,1
health_B_geum_ex_earth,action,Maintain your condition with moderate exercise and regular meals.,1
health_B_geum_ex_earth,state,"Analytical judgment flows naturally at the usual pace, and the cloudy energy adds to the calm atmosphere, creating a sense of tranquility.",1
health_B_geum_ex_fire,intro,This is a day when your overall health is good and there are no major restrictions on your activities.,1
health_B_geum_ex_fire,effect,Stable physical strength supports daily activities with ease.,1
health_B_geum_ex_fire,action,Maintain your condition with moderate exercise and regular meals.,1
health_B_geum_ex_fire,state,"Analytical judgment naturally follows the usual pace, and the clear energy adds light vitality, creating a smooth flow.",1
health_B_geum_ex_water,intro,This is a day when your overall health is good and there are no major restrictions on your activities.,1
health_B_geum_ex_water,effect,Stable physical strength supports daily activities with ease.,1
health_B_geum_ex_water,action,Maintain your condition with moderate exercise and regular meals.,1
health_B_geum_ex_water,state,"Analytical judgment flows naturally at your usual pace, and the moist energy adds a calm lingering feeling to your emotions.",1
health_B_geum_ex_wood,intro,This is a day when your overall health is good and there are no major restrictions on your activities.,1
health_B_geum_ex_wood,effect,Stable physical strength supports daily activities with ease.,1
health_B_geum_ex_wood,action,Maintain your condition with moderate exercise and regular meals.,1
health_B_geum_ex_wood,state,"Analytical judgment naturally follows the usual pace, and the slight energy of change adds appropriate stimulation.",1
health_B_hwa_df_earth,intro,It is a day with sufficient energy as your vitality remains above normal.,1
health_B_hwa_df_earth,effect,Sufficient energy supports your daily activities.,1
health_B_hwa_df_earth,action,Actively move your body and expend energy in a healthy way.,1
health_B_hwa_df_earth,state,"Even though expressions are restrained, the stability of the relationship is easily maintained, and the cloudy energy adds to the calm atmosphere, leading to a sense of tranquility.",1
health_B_hwa_df_fire,intro,It is a day with sufficient energy as your vitality remains above normal.,1
health_B_hwa_df_fire,effect,Sufficient energy supports your daily activities.,1
health_B_hwa_df_fire,action,Actively move your body and expend energy in a healthy way.,1
health_B_hwa_df_fire,state,"Even if expressions are restrained, the stability of the relationship is easily maintained, and the clear energy adds light vitality, creating a smooth flow.",1
health_B_hwa_df_water,intro,It is a day with sufficient energy as your vitality remains above normal.,1
health_B_hwa_df_water,effect,Sufficient energy supports your daily activities.,1
health_B_hwa_df_water,action,Actively move your body and expend energy in a healthy way.,1
health_B_hwa_df_water,state,"Even if expressions are restrained, the stability of the relationship is easily maintained, and the moist energy adds a calm lingering feeling to the emotions.",1
health_B_hwa_df_wood,intro,It is a day with sufficient energy as your vitality remains above normal.,1
health_B_hwa_df_wood,effect,Sufficient energy supports your daily activities.,1
health_B_hwa_df_wood,action,Actively move your body and expend energy in a healthy way.,1
health_B_hwa_df_wood,state,"Even if expressions are restrained, the stability of the relationship is easily maintained, and the slight energy of change adds appropriate stimulation.",1
health_B_hwa_ex_earth,intro,It is a day with sufficient energy as your vitality remains above normal.,1
health_B_hwa_ex_earth,effect,Sufficient energy supports your daily activities.,1
health_B_hwa_ex_earth,action,Actively move your body and expend energy in a healthy way.,1
health_B_hwa_ex_earth,state,"Passion is alive, but balance is also maintained, leading to a stable day, and the cloudy energy adds a calm atmosphere, leading to serenity.",1
health_B_hwa_ex_fire,intro,It is a day with sufficient energy as your vitality remains above normal.,1
health_B_hwa_ex_fire,effect,Sufficient energy supports your daily activities.,1
health_B_hwa_ex_fire,action,Actively move your body and expend energy in a healthy way.,1
health_B_hwa_ex_fire,state,"Passion remains alive and balance is maintained, leading to a stable day, and clear energy adds light vitality, creating a smooth flow.",1
health_B_hwa_ex_water,intro,It is a day with sufficient energy as your vitality remains above normal.,1
health_B_hwa_ex_water,effect,Sufficient energy supports your daily activities.,1
health_B_hwa_ex_water,action,Actively move your body and expend energy in a healthy way.,1
health_B_hwa_ex_water,state,"Passion remains alive and balance is maintained, leading to a stable day, and the moist energy adds a calm lingering feeling to the emotions.",1
health_B_hwa_ex_wood,intro,It is a day with sufficient energy as your vitality remains above normal.,1
health_B_hwa_ex_wood,effect,Sufficient energy supports your daily activities.,1
health_B_hwa_ex_wood,action,Actively move your body and expend energy in a healthy way.,1
health_B_hwa_ex_wood,state,"Passion is alive and balanced, leading to a stable day, and the slight energy of change adds appropriate stimulation.",1
health_B_mok_df_earth,intro,It is a day when the body recovers well and mild fatigue or discomfort is quickly relieved.,1
health_B_mok_df_earth,effect,Recovery energy is active and physical strength is maintained steadily.,1
health_B_mok_df_earth,action,Be active consistently within a range that is not excessive.,1
health_B_mok_df_earth,state,"Even if you are cautious about trying new things, your daily life flows steadily, and the cloudy energy adds to the calm atmosphere, leading to a sense of tranquility.",1
health_B_mok_df_fire,intro,It is a day when the body recovers well and mild fatigue or discomfort is quickly relieved.,1
health_B_mok_df_fire,effect,Recovery energy is active and physical strength is maintained steadily.,1
health_B_mok_df_fire,action,Be active consistently within a range that is not excessive.,1
health_B_mok_df_fire,state,"Even if you are cautious when trying new things, your daily life flows steadily, and the clear energy adds light vitality, creating a smooth flow.",1
health_B_mok_df_water,intro,It is a day when the body recovers well and mild fatigue or discomfort is quickly relieved.,1
health_B_mok_df_water,effect,Recovery energy is active and physical strength is maintained steadily.,1
health_B_mok_df_water,action,Be active consistently within a range that is not excessive.,1
health_B_mok_df_water,state,"Even if you are cautious about trying new things, your daily life flows steadily and the moist energy adds a calm lingering feeling to your emotions.",1
health_B_mok_df_wood,intro,It is a day when the body recovers well and mild fatigue or discomfort is quickly relieved.,1
health_B_mok_df_wood,effect,Recovery energy is active and physical strength is maintained steadily.,1
health_B_mok_df_wood,action,Be active consistently within a range that is not excessive.,1
health_B_mok_df_wood,state,"Even if you are cautious about trying new things, your daily life flows steadily and the slight energy of change adds appropriate stimulation.",1
health_B_mok_ex_earth,intro,It is a day when the body recovers well and mild fatigue or discomfort is quickly relieved.,1
health_B_mok_ex_earth,effect,Recovery energy is active and physical strength is maintained steadily.,1
health_B_mok_ex_earth,action,Be active consistently within a range that is not excessive.,1
health_B_mok_ex_earth,state,"Steady motivation makes progress step by step, and the cloudy energy adds to the calm atmosphere, leading to tranquility.",1
health_B_mok_ex_fire,intro,It is a day when the body recovers well and mild fatigue or discomfort is quickly relieved.,1
health_B_mok_ex_fire,effect,Recovery energy is active and physical strength is maintained steadily.,1
health_B_mok_ex_fire,action,Be active consistently within a range that is not excessive.,1
health_B_mok_ex_fire,state,"Steady motivation makes progress step by step, and clear energy adds light vitality, creating a smooth flow.",1
health_B_mok_ex_water,intro,It is a day when the body recovers well and mild fatigue or discomfort is quickly relieved.,1
health_B_mok_ex_water,effect,Recovery energy is active and physical strength is maintained steadily.,1
health_B_mok_ex_water,action,Be active consistently within a range that is not excessive.,1
health_B_mok_ex_water,state,"Steady motivation makes progress step by step, and the moist energy adds a calm lingering feeling to the emotions.",1
health_B_mok_ex_wood,intro,It is a day when the body recovers well and mild fatigue or discomfort is quickly relieved.,1
health_B_mok_ex_wood,effect,Recovery energy is active and physical strength is maintained steadily.,1
health_B_mok_ex_wood,action,Be active consistently within a range that is not excessive.,1
health_B_mok_ex_wood,state,"Steady motivation makes ordinary progress step by step, and the weak energy of change adds appropriate stimulation.",1
health_B_su_df_earth,intro,It is a day when circulation in the body is smooth and you can spend the day without fatigue.,1
health_B_su_df_earth,effect,"Smooth blood circulation increases oxygen supply, increasing concentration and stamina.",1
health_B_su_df_earth,action,Maintain your condition by drinking enough water to improve circulation.,1
health_B_su_df_earth,state,"Although flexibility is somewhat lacking, the basic rhythm is maintained without difficulty, and the cloudy energy adds a calm atmosphere, leading to a sense of tranquility.",1
health_B_su_df_fire,intro,It is a day when circulation in the body is smooth and you can spend the day without fatigue.,1
health_B_su_df_fire,effect,"Smooth blood circulation increases oxygen supply, increasing concentration and stamina.",1
health_B_su_df_fire,action,Maintain your condition by drinking enough water to improve circulation.,1
health_B_su_df_fire,state,"Although flexibility is somewhat lacking, the basic rhythm is maintained without difficulty, and the clear energy adds light vitality, creating a smooth flow.",1
health_B_su_df_water,intro,It is a day when circulation in the body is smooth and you can spend the day without fatigue.,1
health_B_su_df_water,effect,"Smooth blood circulation increases oxygen supply, increasing concentration and stamina.",1
health_B_su_df_water,action,Maintain your condition by drinking enough water to improve circulation.,1
health_B_su_df_water,state,"Although it lacks flexibility, the basic rhythm is maintained without difficulty, and the moist energy adds a calm lingering feeling to the emotions.",1
health_B_su_df_wood,intro,It is a day when circulation in the body is smooth and you can spend the day without fatigue.,1
health_B_su_df_wood,effect,"Smooth blood circulation increases oxygen supply, increasing concentration and stamina.",1
health_B_su_df_wood,action,Maintain your condition by drinking enough water to improve circulation.,1
health_B_su_df_wood,state,"Although flexibility is somewhat lacking, the basic rhythm is maintained without difficulty, and the slight energy of change adds appropriate stimulation.",1
health_B_su_ex_earth,intro,It is a day when circulation in the body is smooth and you can spend the day without fatigue.,1
health_B_su_ex_earth,effect,"Smooth blood circulation increases oxygen supply, increasing concentration and stamina.",1
health_B_su_ex_earth,action,Maintain your condition by drinking enough water to improve circulation.,1
health_B_su_ex_earth,state,"The day is full of emotions, making it a more attentive day than usual, and the cloudy energy adds a calm atmosphere, leading to a sense of tranquility.",1
health_B_su_ex_fire,intro,It is a day when circulation in the body is smooth and you can spend the day without fatigue.,1
health_B_su_ex_fire,effect,"Smooth blood circulation increases oxygen supply, increasing concentration and stamina.",1
health_B_su_ex_fire,action,Maintain your condition by drinking enough water to improve circulation.,1
health_B_su_ex_fire,state,"The day is rich in emotions, making it a more attentive day than usual, and the clear energy adds light vitality, creating a smooth flow.",1
health_B_su_ex_water,intro,It is a day when circulation in the body is smooth and you can spend the day without fatigue.,1
health_B_su_ex_water,effect,"Smooth blood circulation increases oxygen supply, increasing concentration and stamina.",1
health_B_su_ex_water,action,Maintain your condition by drinking enough water to improve circulation.,1
health_B_su_ex_water,state,"The day is full of emotions, making you more attentive than usual, and the moist energy adds a calming aftertaste to your emotions.",1
health_B_su_ex_wood,intro,It is a day when circulation in the body is smooth and you can spend the day without fatigue.,1
health_B_su_ex_wood,effect,"Smooth blood circulation increases oxygen supply, increasing concentration and stamina.",1
health_B_su_ex_wood,action,Maintain your condition by drinking enough water to improve circulation.,1
health_B_su_ex_wood,state,"The day is full of emotions, making it a more attentive day than usual, and the slight energy of change adds appropriate stimulation.",1
health_B_to_df_earth,intro,It is a day when your health is stable and you can get through the day without any major problems.,1
health_B_to_df_earth,effect,A stable physical condition prevents unnecessary waste of physical strength.,1
health_B_to_df_earth,action,Continue a regular life that maintains your condition.,1
health_B_to_df_earth,state,"Even if the center of gravity is somewhat shaken, the balance of daily life is maintained without much trouble, and the cloudy energy adds to the calm atmosphere, leading to a sense of tranquility.",1
health_B_to_df_fire,intro,It is a day when your health is stable and you can get through the day without any major problems.,1
health_B_to_df_fire,effect,A stable physical condition prevents unnecessary waste of physical strength.,1
health_B_to_df_fire,action,Continue a regular life that maintains your condition.,1
health_B_to_df_fire,state,"Even if the center of gravity is somewhat shaken, the balance of daily life is maintained without much trouble, and the clear energy adds light vitality, creating a smooth flow.",1
health_B_to_df_water,intro,It is a day when your health is stable and you can get through the day without any major problems.,1
health_B_to_df_water,effect,A stable physical condition prevents unnecessary waste of physical strength.,1
health_B_to_df_water,action,Continue a regular life that maintains your condition.,1
health_B_to_df_water,state,"Even if your center of gravity is somewhat shaken, the balance of your daily life is maintained without much trouble, and the moist energy adds a calm lingering feeling to your emotions.",1
health_B_to_df_wood,intro,It is a day when your health is stable and you can get through the day without any major problems.,1
health_B_to_df_wood,effect,A stable physical condition prevents unnecessary waste of physical strength.,1
health_B_to_df_wood,action,Continue a regular life that maintains your condition.,1
health_B_to_df_wood,state,"Even if the center is somewhat shaken, the balance of daily life is maintained without much trouble, and the slight energy of change adds appropriate stimulation.",1
health_B_to_ex_earth,intro,It is a day when your health is stable and you can get through the day without any major problems.,1
health_B_to_ex_earth,effect,A stable physical condition prevents unnecessary waste of physical strength.,1
health_B_to_ex_earth,action,Continue a regular life that maintains your condition.,1
health_B_to_ex_earth,state,"It has a strong tendency toward stability, so it continues into a calm day without any problems, and the cloudy energy adds to the calm atmosphere, leading to serenity.",1
health_B_to_ex_fire,intro,It is a day when your health is stable and you can get through the day without any major problems.,1
health_B_to_ex_fire,effect,A stable physical condition prevents unnecessary waste of physical strength.,1
health_B_to_ex_fire,action,Continue a regular life that maintains your condition.,1
health_B_to_ex_fire,state,"It has a strong tendency toward stability, so it continues smoothly into a calm day, and the clear energy adds light vitality, creating a smooth flow.",1
health_B_to_ex_water,intro,It is a day when your health is stable and you can get through the day without any major problems.,1
health_B_to_ex_water,effect,A stable physical condition prevents unnecessary waste of physical strength.,1
health_B_to_ex_water,action,Continue a regular life that maintains your condition.,1
health_B_to_ex_water,state,"It has a strong stability-oriented nature, so it can easily lead to a calm day, and the moist energy adds a calming aftertaste to the emotions.",1
health_B_to_ex_wood,intro,It is a day when your health is stable and you can get through the day without any major problems.,1
health_B_to_ex_wood,effect,A stable physical condition prevents unnecessary waste of physical strength.,1
health_B_to_ex_wood,action,Continue a regular life that maintains your condition.,1
health_B_to_ex_wood,state,"The stability-orientation is strong, so it continues smoothly into a calm day, and the slight energy of change adds appropriate stimulation.",1
health_B1,intro,"Today, your health energy is calm and you can maintain your condition well.",1
health_B1,intro,"Your physical condition will remain stable today, so you can have a decent day.",1
health_B1,effect,"If your condition is maintained at an average level and you don't overdo it, it will be a problem-free day.",1
health_B1,effect,The body is in a state where it can handle the day without much strain.,1
health_B1,action,"Today, it is best to maintain the existing routine rather than managing special conditions.",1
health_B1,action,"If you eat and sleep regularly, you can maintain a good condition today.",1
health_B1_geum_df_earth,intro,This is a day when your health is at an average level and you may feel a little tired.,1
health_B1_geum_df_earth,effect,"Physical strength is somewhat low, and fatigue accumulates quickly after long periods of activity.",1
health_B1_geum_df_earth,action,Avoid excessive activity and get plenty of rest before moving.,1
health_B1_geum_df_earth,state,"Although I am slow to make decisions, the day continues without much hesitation, and the cloudy energy helps me maintain an easy pace.",1
health_B1_geum_df_fire,intro,This is a day when your health is at an average level and you may feel a little tired.,1
health_B1_geum_df_fire,effect,"Physical strength is somewhat low, and fatigue accumulates quickly after long periods of activity.",1
health_B1_geum_df_fire,action,Avoid excessive activity and get plenty of rest before moving.,1
health_B1_geum_df_fire,state,"Although I am slow to make decisions, the day goes on without much hesitation, and the clear energy adds calm vitality, leading to a normal day.",1
health_B1_geum_df_water,intro,This is a day when your health is at an average level and you may feel a little tired.,1
health_B1_geum_df_water,effect,"Physical strength is somewhat low, and fatigue accumulates quickly after long periods of activity.",1
health_B1_geum_df_water,action,Avoid excessive activity and get plenty of rest before moving.,1
health_B1_geum_df_water,state,"Although I am slow to make decisions, the day goes on without much hesitation, and the moist energy increases my thoughts but does not cause much agitation.",1
health_B1_geum_df_wood,intro,This is a day when your health is at an average level and you may feel a little tired.,1
health_B1_geum_df_wood,effect,"Physical strength is somewhat low, and fatigue accumulates quickly after long periods of activity.",1
health_B1_geum_df_wood,action,Avoid excessive activity and get plenty of rest before moving.,1
health_B1_geum_df_wood,state,"The decision may be slow, but the day goes on without much hesitation, and the calm energy of change only slightly shakes the normal flow.",1
health_B1_geum_ex_earth,intro,This is a day when your health is at an average level and you may feel a little tired.,1
health_B1_geum_ex_earth,effect,"Physical strength is somewhat low, and fatigue accumulates quickly after long periods of activity.",1
health_B1_geum_ex_earth,action,Avoid excessive activity and get plenty of rest before moving.,1
health_B1_geum_ex_earth,state,"The judgment is clear, but it ends with a mediocre result, and the cloudy energy helps maintain a decent pace.",1
health_B1_geum_ex_fire,intro,This is a day when your health is at an average level and you may feel a little tired.,1
health_B1_geum_ex_fire,effect,"Physical strength is somewhat low, and fatigue accumulates quickly after long periods of activity.",1
health_B1_geum_ex_fire,action,Avoid excessive activity and get plenty of rest before moving.,1
health_B1_geum_ex_fire,state,"The judgment is clear, but it ends with an ordinary result, and the clear energy adds calm vitality and continues the ordinary day.",1
health_B1_geum_ex_water,intro,This is a day when your health is at an average level and you may feel a little tired.,1
health_B1_geum_ex_water,effect,"Physical strength is somewhat low, and fatigue accumulates quickly after long periods of activity.",1
health_B1_geum_ex_water,action,Avoid excessive activity and get plenty of rest before moving.,1
health_B1_geum_ex_water,state,"The judgment is clear but ends with a simple result, and the moist energy increases thoughts but does not cause much agitation.",1
health_B1_geum_ex_wood,intro,This is a day when your health is at an average level and you may feel a little tired.,1
health_B1_geum_ex_wood,effect,"Physical strength is somewhat low, and fatigue accumulates quickly after long periods of activity.",1
health_B1_geum_ex_wood,action,Avoid excessive activity and get plenty of rest before moving.,1
health_B1_geum_ex_wood,state,"The judgment is clear, but it ends with a mediocre result, and the calm energy of change does little more than slightly shake up the normal flow.",1
health_B1_hwa_df_earth,intro,Your vitality may be somewhat low and you may feel low on energy.,1
health_B1_hwa_df_earth,effect,It is easy to lose concentration in the afternoon due to low energy.,1
health_B1_hwa_df_earth,action,Eat nutritious meals to replenish your energy.,1
health_B1_hwa_df_earth,state,"Although there is little expression, the relationship is not greatly shaken, and the cloudy energy helps maintain an easy pace.",1
health_B1_hwa_df_fire,intro,Your vitality may be somewhat low and you may feel low on energy.,1
health_B1_hwa_df_fire,effect,It is easy to lose concentration in the afternoon due to low energy.,1
health_B1_hwa_df_fire,action,Eat nutritious meals to replenish your energy.,1
health_B1_hwa_df_fire,state,"Although there are few expressions, the relationship is not greatly shaken, and the clear energy adds calm vitality and continues an ordinary day.",1
health_B1_hwa_df_water,intro,Your vitality may be somewhat low and you may feel low on energy.,1
health_B1_hwa_df_water,effect,It is easy to lose concentration in the afternoon due to low energy.,1
health_B1_hwa_df_water,action,Eat nutritious meals to replenish your energy.,1
health_B1_hwa_df_water,state,"Although there are few expressions, the relationship is not greatly shaken, and the moist energy increases thoughts, but does not cause much agitation.",1
health_B1_hwa_df_wood,intro,Your vitality may be somewhat low and you may feel low on energy.,1
health_B1_hwa_df_wood,effect,It is easy to lose concentration in the afternoon due to low energy.,1
health_B1_hwa_df_wood,action,Eat nutritious meals to replenish your energy.,1
health_B1_hwa_df_wood,state,"Although there is little expression, the relationship is not greatly shaken, and the calm energy of change is only enough to slightly shake the normal flow.",1
health_B1_hwa_ex_earth,intro,Your vitality may be somewhat low and you may feel low on energy.,1
health_B1_hwa_ex_earth,effect,It is easy to lose concentration in the afternoon due to low energy.,1
health_B1_hwa_ex_earth,action,Eat nutritious meals to replenish your energy.,1
health_B1_hwa_ex_earth,state,"The moderate heat makes for a smooth day, and the cloudy energy helps you maintain an easy pace.",1
health_B1_hwa_ex_fire,intro,Your vitality may be somewhat low and you may feel low on energy.,1
health_B1_hwa_ex_fire,effect,It is easy to lose concentration in the afternoon due to low energy.,1
health_B1_hwa_ex_fire,action,Eat nutritious meals to replenish your energy.,1
health_B1_hwa_ex_fire,state,"The moderate heat creates a smooth day, and the clear energy adds calm vitality and continues the ordinary day.",1
health_B1_hwa_ex_water,intro,Your vitality may be somewhat low and you may feel low on energy.,1
health_B1_hwa_ex_water,effect,It is easy to lose concentration in the afternoon due to low energy.,1
health_B1_hwa_ex_water,action,Eat nutritious meals to replenish your energy.,1
health_B1_hwa_ex_water,state,"The moderate heat makes for a smooth day, and the moist energy increases your thoughts but doesn't cause much agitation.",1
health_B1_hwa_ex_wood,intro,Your vitality may be somewhat low and you may feel low on energy.,1
health_B1_hwa_ex_wood,effect,It is easy to lose concentration in the afternoon due to low energy.,1
health_B1_hwa_ex_wood,action,Eat nutritious meals to replenish your energy.,1
health_B1_hwa_ex_wood,state,"The moderate heat makes for a smooth day, and the calm energy of change does little more than slightly shake up the normal flow.",1
health_B1_mok_df_earth,intro,"Your body may recover a little more slowly, making it harder to get rid of fatigue.",1
health_B1_mok_df_earth,effect,Slowed recovery can lead to fatigue.,1
health_B1_mok_df_earth,action,Help your recovery with sufficient sleep and nutrition.,1
health_B1_mok_df_earth,state,"It stays more familiar than new, but the flow is uninterrupted and the cloudy energy helps you maintain an easy pace.",1
health_B1_mok_df_fire,intro,"Your body may recover a little more slowly, making it harder to get rid of fatigue.",1
health_B1_mok_df_fire,effect,Slowed recovery can lead to fatigue.,1
health_B1_mok_df_fire,action,Help your recovery with sufficient sleep and nutrition.,1
health_B1_mok_df_fire,state,"Although it remains familiar rather than new, the flow is uninterrupted and the clear energy adds calm vitality and continues the ordinary day.",1
health_B1_mok_df_water,intro,"Your body may recover a little more slowly, making it harder to get rid of fatigue.",1
health_B1_mok_df_water,effect,Slowed recovery can lead to fatigue.,1
health_B1_mok_df_water,action,Help your recovery with sufficient sleep and nutrition.,1
health_B1_mok_df_water,state,"Although it remains familiar rather than novel, the flow is uninterrupted and the moist energy increases thoughts but does not cause much agitation.",1
health_B1_mok_df_wood,intro,"Your body may recover a little more slowly, making it harder to get rid of fatigue.",1
health_B1_mok_df_wood,effect,Slowed recovery can lead to fatigue.,1
health_B1_mok_df_wood,action,Help your recovery with sufficient sleep and nutrition.,1
health_B1_mok_df_wood,state,"Although it remains more familiar than new, the flow is uninterrupted and the calm energy of change only slightly shakes the normal flow.",1
health_B1_mok_ex_earth,intro,"Your body may recover a little more slowly, making it harder to get rid of fatigue.",1
health_B1_mok_ex_earth,effect,Slowed recovery can lead to fatigue.,1
health_B1_mok_ex_earth,action,Help your recovery with sufficient sleep and nutrition.,1
health_B1_mok_ex_earth,state,"I am motivated, but my driving force remains at a mediocre level, and the cloudy energy helps me maintain a decent pace.",1
health_B1_mok_ex_fire,intro,"Your body may recover a little more slowly, making it harder to get rid of fatigue.",1
health_B1_mok_ex_fire,effect,Slowed recovery can lead to fatigue.,1
health_B1_mok_ex_fire,action,Help your recovery with sufficient sleep and nutrition.,1
health_B1_mok_ex_fire,state,"Although I am motivated, my driving force remains at an average level, and the clear energy adds calm vitality and continues my ordinary day.",1
health_B1_mok_ex_water,intro,"Your body may recover a little more slowly, making it harder to get rid of fatigue.",1
health_B1_mok_ex_water,effect,Slowed recovery can lead to fatigue.,1
health_B1_mok_ex_water,action,Help your recovery with sufficient sleep and nutrition.,1
health_B1_mok_ex_water,state,"There is motivation, but the driving force remains at a normal level, and the moist energy increases thoughts, but does not cause much agitation.",1
health_B1_mok_ex_wood,intro,"Your body may recover a little more slowly, making it harder to get rid of fatigue.",1
health_B1_mok_ex_wood,effect,Slowed recovery can lead to fatigue.,1
health_B1_mok_ex_wood,action,Help your recovery with sufficient sleep and nutrition.,1
health_B1_mok_ex_wood,state,"There is motivation, but the driving force remains at a mediocre level, and the calm energy of change is only enough to slightly shake up the normal flow.",1
health_B1_su_df_earth,intro,"Circulation in the body may be slightly slowed, so fatigue may remain.",1
health_B1_su_df_earth,effect,Circulatory slowdown manifests itself as decreased concentration and mild fatigue.,1
health_B1_su_df_earth,action,Boost circulation with light stretching and hydration.,1
health_B1_su_df_earth,state,"Although flexibility has decreased, the flow is not significantly interrupted, and the cloudy energy helps maintain a decent pace.",1
health_B1_su_df_fire,intro,"Circulation in the body may be slightly slowed, so fatigue may remain.",1
health_B1_su_df_fire,effect,Circulatory slowdown manifests itself as decreased concentration and mild fatigue.,1
health_B1_su_df_fire,action,Boost circulation with light stretching and hydration.,1
health_B1_su_df_fire,state,"Although flexibility has decreased, the flow is not significantly disrupted, and the clear energy adds calm vitality and continues an ordinary day.",1
health_B1_su_df_water,intro,"Circulation in the body may be slightly slowed, so fatigue may remain.",1
health_B1_su_df_water,effect,Circulatory slowdown manifests itself as decreased concentration and mild fatigue.,1
health_B1_su_df_water,action,Boost circulation with light stretching and hydration.,1
health_B1_su_df_water,state,"Flexibility is reduced, but the flow is not greatly interrupted, and the moist energy increases thoughts, but does not cause much agitation.",1
health_B1_su_df_wood,intro,"Circulation in the body may be slightly slowed, so fatigue may remain.",1
health_B1_su_df_wood,effect,Circulatory slowdown manifests itself as decreased concentration and mild fatigue.,1
health_B1_su_df_wood,action,Boost circulation with light stretching and hydration.,1
health_B1_su_df_wood,state,"Although flexibility has decreased, the flow is not significantly disrupted, and the calm energy of change only slightly shakes the normal flow.",1
health_B1_su_ex_earth,intro,"Circulation in the body may be slightly slowed, so fatigue may remain.",1
health_B1_su_ex_earth,effect,Circulatory slowdown manifests itself as decreased concentration and mild fatigue.,1
health_B1_su_ex_earth,action,Boost circulation with light stretching and hydration.,1
health_B1_su_ex_earth,state,"Even though I have a lot to think about, the day goes by without much disturbance, and the cloudy energy helps me maintain an easy pace.",1
health_B1_su_ex_fire,intro,"Circulation in the body may be slightly slowed, so fatigue may remain.",1
health_B1_su_ex_fire,effect,Circulatory slowdown manifests itself as decreased concentration and mild fatigue.,1
health_B1_su_ex_fire,action,Boost circulation with light stretching and hydration.,1
health_B1_su_ex_fire,state,"Even though I have a lot of thoughts, the day goes by without much disturbance, and the clear energy adds calm vitality and continues the ordinary day.",1
health_B1_su_ex_water,intro,"Circulation in the body may be slightly slowed, so fatigue may remain.",1
health_B1_su_ex_water,effect,Circulatory slowdown manifests itself as decreased concentration and mild fatigue.,1
health_B1_su_ex_water,action,Boost circulation with light stretching and hydration.,1
health_B1_su_ex_water,state,"Even if you have a lot of thoughts, the day goes by without much agitation, and the moist energy increases your thoughts but does not cause much agitation.",1
health_B1_su_ex_wood,intro,"Circulation in the body may be slightly slowed, so fatigue may remain.",1
health_B1_su_ex_wood,effect,Circulatory slowdown manifests itself as decreased concentration and mild fatigue.,1
health_B1_su_ex_wood,action,Boost circulation with light stretching and hydration.,1
health_B1_su_ex_wood,state,"Even though I have a lot of thoughts, the day goes by without much disturbance, and the calm energy of change only slightly shakes the normal flow.",1
health_B1_to_df_earth,intro,"If you have average health stability, minor health problems may occur.",1
health_B1_to_df_earth,effect,The weakening of the physical strength base often causes minor discomfort.,1
health_B1_to_df_earth,action,Do not ignore signs of health problems and respond immediately.,1
health_B1_to_df_earth,state,"Even though there is some tremor, daily life goes by smoothly and the cloudy energy helps me maintain an easy pace.",1
health_B1_to_df_fire,intro,"If you have average health stability, minor health problems may occur.",1
health_B1_to_df_fire,effect,The weakening of the physical strength base often causes minor discomfort.,1
health_B1_to_df_fire,action,Do not ignore signs of health problems and respond immediately.,1
health_B1_to_df_fire,state,"Although there is some tremor, daily life flows smoothly, and the clear energy adds calm vitality and continues the normal day.",1
health_B1_to_df_water,intro,"If you have average health stability, minor health problems may occur.",1
health_B1_to_df_water,effect,The weakening of the physical strength base often causes minor discomfort.,1
health_B1_to_df_water,action,Do not ignore signs of health problems and respond immediately.,1
health_B1_to_df_water,state,"Although there is shaking, daily life flows smoothly, and the moist energy increases thoughts, but does not cause much agitation.",1
health_B1_to_df_wood,intro,"If you have average health stability, minor health problems may occur.",1
health_B1_to_df_wood,effect,The weakening of the physical strength base often causes minor discomfort.,1
health_B1_to_df_wood,action,Do not ignore signs of health problems and respond immediately.,1
health_B1_to_df_wood,state,"Although there are fluctuations, daily life flows smoothly, and the calm energy of change only slightly shakes the normal flow.",1
health_B1_to_ex_earth,intro,"If you have average health stability, minor health problems may occur.",1
health_B1_to_ex_earth,effect,The weakening of the physical strength base often causes minor discomfort.,1
health_B1_to_ex_earth,action,Do not ignore signs of health problems and respond immediately.,1
health_B1_to_ex_earth,state,"Choosing familiarity over change leads to an easy day, and the cloudy energy helps me maintain an easy pace.",1
health_B1_to_ex_fire,intro,"If you have average health stability, minor health problems may occur.",1
health_B1_to_ex_fire,effect,The weakening of the physical strength base often causes minor discomfort.,1
health_B1_to_ex_fire,action,Do not ignore signs of health problems and respond immediately.,1
health_B1_to_ex_fire,state,"Choosing familiarity over change leads to an ordinary day, and the clear energy adds calm vitality to the ordinary day.",1
health_B1_to_ex_water,intro,"If you have average health stability, minor health problems may occur.",1
health_B1_to_ex_water,effect,The weakening of the physical strength base often causes minor discomfort.,1
health_B1_to_ex_water,action,Do not ignore signs of health problems and respond immediately.,1
health_B1_to_ex_water,state,"Choosing familiarity over change leads to a normal day, and the moist energy increases thoughts but does not cause much agitation.",1
health_B1_to_ex_wood,intro,"If you have average health stability, minor health problems may occur.",1
health_B1_to_ex_wood,effect,The weakening of the physical strength base often causes minor discomfort.,1
health_B1_to_ex_wood,action,Do not ignore signs of health problems and respond immediately.,1
health_B1_to_ex_wood,state,"Choosing familiarity over change leads to a normal day, and the calm energy of change only slightly shakes the normal flow.",1
health_C,intro,"Your body energy is somewhat low today, so it is important to reduce your energy expenditure.",1
health_C,intro,Today is a day to focus on recovery rather than excessive activity as your health energy is weak.,1
health_C,effect,"You may get tired more easily than usual and have trouble concentrating, so you need adequate rest.",1
health_C,effect,"If you overdo it on a day when your body is requesting recovery, the next day may become more difficult.",1
health_C,action,"For today, prioritize sufficient sleep and nutritional supplementation over exercise.",1
health_C,action,"If you feel even a little bit heavy, the wisest choice is to shorten your schedule and rest.",1
health_C_geum_df_earth,intro,It is a day when health energy is low and fatigue continues throughout the day.,1
health_C_geum_df_earth,effect,Decreased physical strength reduces the efficiency of all activities.,1
health_C_geum_df_earth,action,Avoid strenuous activity and get plenty of rest.,1
health_C_geum_df_earth,state,"As your resolve weakens, it is easy to put off important choices, and cloudy energy can slow you down and make your thoughts heavy.",1
health_C_geum_df_fire,intro,It is a day when health energy is low and fatigue continues throughout the day.,1
health_C_geum_df_fire,effect,Decreased physical strength reduces the efficiency of all activities.,1
health_C_geum_df_fire,action,Avoid strenuous activity and get plenty of rest.,1
health_C_geum_df_fire,state,"As your resolve weakens, it is easy to put off important choices, and your clear energy can flow into an excited atmosphere, which can cloud your prudence.",1
health_C_geum_df_water,intro,It is a day when health energy is low and fatigue continues throughout the day.,1
health_C_geum_df_water,effect,Decreased physical strength reduces the efficiency of all activities.,1
health_C_geum_df_water,action,Avoid strenuous activity and get plenty of rest.,1
health_C_geum_df_water,state,"It is easy to postpone important choices as your resolve becomes weak, and the energy of rain and snow can stimulate your emotions and inner self, which can have a bigger impact.",1
health_C_geum_df_wood,intro,It is a day when health energy is low and fatigue continues throughout the day.,1
health_C_geum_df_wood,effect,Decreased physical strength reduces the efficiency of all activities.,1
health_C_geum_df_wood,action,Avoid strenuous activity and get plenty of rest.,1
health_C_geum_df_wood,state,"It is easy to postpone important choices due to weakened determination, and the strong energy of change can shake the rhythm and lead to unexpected variables.",1
health_C_geum_ex_earth,intro,It is a day when health energy is low and fatigue continues throughout the day.,1
health_C_geum_ex_earth,effect,Decreased physical strength reduces the efficiency of all activities.,1
health_C_geum_ex_earth,action,Avoid strenuous activity and get plenty of rest.,1
health_C_geum_ex_earth,state,"Overly sharp judgment can make relationships cold, and cloudy energy can slow down your pace and make your thoughts heavy.",1
health_C_geum_ex_fire,intro,It is a day when health energy is low and fatigue continues throughout the day.,1
health_C_geum_ex_fire,effect,Decreased physical strength reduces the efficiency of all activities.,1
health_C_geum_ex_fire,action,Avoid strenuous activity and get plenty of rest.,1
health_C_geum_ex_fire,state,"Excessively sharp judgment can make relationships cold, and clear energy can flow into an excited atmosphere, which can cloud prudence.",1
health_C_geum_ex_water,intro,It is a day when health energy is low and fatigue continues throughout the day.,1
health_C_geum_ex_water,effect,Decreased physical strength reduces the efficiency of all activities.,1
health_C_geum_ex_water,action,Avoid strenuous activity and get plenty of rest.,1
health_C_geum_ex_water,state,"Overly sharp judgment can make relationships cold, and the energy of rain and snow can stimulate emotions and inner feelings, which can have a bigger impact.",1
health_C_geum_ex_wood,intro,It is a day when health energy is low and fatigue continues throughout the day.,1
health_C_geum_ex_wood,effect,Decreased physical strength reduces the efficiency of all activities.,1
health_C_geum_ex_wood,action,Avoid strenuous activity and get plenty of rest.,1
health_C_geum_ex_wood,state,"Overly sharp judgment can make relationships cold, and the strong energy of change can shake up the rhythm and lead to unexpected variables.",1
health_C_hwa_df_earth,intro,It is a day when your vitality drops significantly and your entire body feels lethargic.,1
health_C_hwa_df_earth,effect,Energy exhaustion leads to decreased immunity and worsening fatigue.,1
health_C_hwa_df_earth,action,Restore your vitality with sufficient sleep and nutritional supplements.,1
health_C_hwa_df_earth,state,"It's easy for misunderstandings to occur due to difficulty in expressing yourself, and the cloudy energy can slow you down and make your thoughts heavy.",1
health_C_hwa_df_fire,intro,It is a day when your vitality drops significantly and your entire body feels lethargic.,1
health_C_hwa_df_fire,effect,Energy exhaustion leads to decreased immunity and worsening fatigue.,1
health_C_hwa_df_fire,action,Restore your vitality with sufficient sleep and nutritional supplements.,1
health_C_hwa_df_fire,state,"It is easy for misunderstandings to occur because expressions are difficult to understand, and the clear energy can flow into an excited atmosphere and cause caution to become clouded.",1
health_C_hwa_df_water,intro,It is a day when your vitality drops significantly and your entire body feels lethargic.,1
health_C_hwa_df_water,effect,Energy exhaustion leads to decreased immunity and worsening fatigue.,1
health_C_hwa_df_water,action,Restore your vitality with sufficient sleep and nutritional supplements.,1
health_C_hwa_df_water,state,"It is easy for misunderstandings to occur because expressions are difficult to understand, and the energy of rain and snow can stimulate emotions and inner feelings, which can have a bigger impact.",1
health_C_hwa_df_wood,intro,It is a day when your vitality drops significantly and your entire body feels lethargic.,1
health_C_hwa_df_wood,effect,Energy exhaustion leads to decreased immunity and worsening fatigue.,1
health_C_hwa_df_wood,action,Restore your vitality with sufficient sleep and nutritional supplements.,1
health_C_hwa_df_wood,state,"Misunderstandings are easy to occur due to difficult expressions, and the strong energy of change can shake the rhythm and lead to unexpected variables.",1
health_C_hwa_ex_earth,intro,It is a day when your vitality drops significantly and your entire body feels lethargic.,1
health_C_hwa_ex_earth,effect,Energy exhaustion leads to decreased immunity and worsening fatigue.,1
health_C_hwa_ex_earth,action,Restore your vitality with sufficient sleep and nutritional supplements.,1
health_C_hwa_ex_earth,state,"It's easy for emotions to clash, and cloudy energy can slow you down and make your thoughts heavy.",1
health_C_hwa_ex_fire,intro,It is a day when your vitality drops significantly and your entire body feels lethargic.,1
health_C_hwa_ex_fire,effect,Energy exhaustion leads to decreased immunity and worsening fatigue.,1
health_C_hwa_ex_fire,action,Restore your vitality with sufficient sleep and nutritional supplements.,1
health_C_hwa_ex_fire,state,"It is easy for emotions to clash, and the clear energy can flow into an excited atmosphere, causing caution to become clouded.",1
health_C_hwa_ex_water,intro,It is a day when your vitality drops significantly and your entire body feels lethargic.,1
health_C_hwa_ex_water,effect,Energy exhaustion leads to decreased immunity and worsening fatigue.,1
health_C_hwa_ex_water,action,Restore your vitality with sufficient sleep and nutritional supplements.,1
health_C_hwa_ex_water,state,"It is easy for emotions to come into conflict, and the energy of rain and snow can stimulate emotions and inner feelings, which can increase the impact.",1
health_C_hwa_ex_wood,intro,It is a day when your vitality drops significantly and your entire body feels lethargic.,1
health_C_hwa_ex_wood,effect,Energy exhaustion leads to decreased immunity and worsening fatigue.,1
health_C_hwa_ex_wood,action,Restore your vitality with sufficient sleep and nutritional supplements.,1
health_C_hwa_ex_wood,state,"It is easy for emotions to clash, and the strong energy of change can shake up the rhythm and lead to unexpected variables.",1
health_C_mok_df_earth,intro,It is a day when the body has difficulty recovering and fatigue easily accumulates.,1
health_C_mok_df_earth,effect,"Due to decreased recovery, physical strength decreases rapidly even after light activity.",1
health_C_mok_df_earth,action,Avoid strenuous exercise and prioritize rest.,1
health_C_mok_df_earth,state,"Hesitation about trying new things can slow down progress, and cloudy energy can slow down your pace and make your thoughts heavy.",1
health_C_mok_df_fire,intro,It is a day when the body has difficulty recovering and fatigue easily accumulates.,1
health_C_mok_df_fire,effect,"Due to decreased recovery, physical strength decreases rapidly even after light activity.",1
health_C_mok_df_fire,action,Avoid strenuous exercise and prioritize rest.,1
health_C_mok_df_fire,state,"Hesitation about trying new things can slow down progress, and clear energy can lead to an excited atmosphere, which can cloud caution.",1
health_C_mok_df_water,intro,It is a day when the body has difficulty recovering and fatigue easily accumulates.,1
health_C_mok_df_water,effect,"Due to decreased recovery, physical strength decreases rapidly even after light activity.",1
health_C_mok_df_water,action,Avoid strenuous exercise and prioritize rest.,1
health_C_mok_df_water,state,"Hesitation about trying new things can slow down progress, and the energy of rain and snow can stimulate your emotions and inner self, which can increase the impact.",1
health_C_mok_df_wood,intro,It is a day when the body has difficulty recovering and fatigue easily accumulates.,1
health_C_mok_df_wood,effect,"Due to decreased recovery, physical strength decreases rapidly even after light activity.",1
health_C_mok_df_wood,action,Avoid strenuous exercise and prioritize rest.,1
health_C_mok_df_wood,state,"Hesitation about trying new things can slow down progress, and the strong energy of change can shake up the rhythm and lead to unexpected variables.",1
health_C_mok_ex_earth,intro,It is a day when the body has difficulty recovering and fatigue easily accumulates.,1
health_C_mok_ex_earth,effect,"Due to decreased recovery, physical strength decreases rapidly even after light activity.",1
health_C_mok_ex_earth,action,Avoid strenuous exercise and prioritize rest.,1
health_C_mok_ex_earth,state,"Excessive motivation can cause you to overdo things, and cloudy energy can slow you down and make your thoughts heavy.",1
health_C_mok_ex_fire,intro,It is a day when the body has difficulty recovering and fatigue easily accumulates.,1
health_C_mok_ex_fire,effect,"Due to decreased recovery, physical strength decreases rapidly even after light activity.",1
health_C_mok_ex_fire,action,Avoid strenuous exercise and prioritize rest.,1
health_C_mok_ex_fire,state,"If you are too motivated, you may push yourself to do things, and your clear energy may flow into an excited atmosphere, which may cloud your prudence.",1
health_C_mok_ex_water,intro,It is a day when the body has difficulty recovering and fatigue easily accumulates.,1
health_C_mok_ex_water,effect,"Due to decreased recovery, physical strength decreases rapidly even after light activity.",1
health_C_mok_ex_water,action,Avoid strenuous exercise and prioritize rest.,1
health_C_mok_ex_water,state,"If you have too much motivation, you may overdo things, and the energy of rain and snow can stimulate your emotions and inner self, which can increase the impact.",1
health_C_mok_ex_wood,intro,It is a day when the body has difficulty recovering and fatigue easily accumulates.,1
health_C_mok_ex_wood,effect,"Due to decreased recovery, physical strength decreases rapidly even after light activity.",1
health_C_mok_ex_wood,action,Avoid strenuous exercise and prioritize rest.,1
health_C_mok_ex_wood,state,"Excessive motivation can lead to overdoing things, and the strong energy of change can shake up the rhythm and lead to unexpected variables.",1
health_C_su_df_earth,intro,It is a day when circulation in the body is blocked and the body feels heavy and stuffy.,1
health_C_su_df_earth,effect,Reduced circulation leads to chronic fatigue and poor concentration.,1
health_C_su_df_earth,action,Restore your circulation little by little by doing light walking or stretching.,1
health_C_su_df_earth,state,"It's easy to lose track of the flow due to lack of flexibility, and cloudy energy can slow you down and make your thoughts heavy.",1
health_C_su_df_fire,intro,It is a day when circulation in the body is blocked and the body feels heavy and stuffy.,1
health_C_su_df_fire,effect,Reduced circulation leads to chronic fatigue and poor concentration.,1
health_C_su_df_fire,action,Restore your circulation little by little by doing light walking or stretching.,1
health_C_su_df_fire,state,"Due to lack of flexibility, it is easy to lose track of the flow, and the clear energy can flow into an excited atmosphere, which can cloud your prudence.",1
health_C_su_df_water,intro,It is a day when circulation in the body is blocked and the body feels heavy and stuffy.,1
health_C_su_df_water,effect,Reduced circulation leads to chronic fatigue and poor concentration.,1
health_C_su_df_water,action,Restore your circulation little by little by doing light walking or stretching.,1
health_C_su_df_water,state,"Due to lack of flexibility, it is easy to lose track of the flow, and the energy of rain and snow can stimulate emotions and inner self, which can increase the impact.",1
health_C_su_df_wood,intro,It is a day when circulation in the body is blocked and the body feels heavy and stuffy.,1
health_C_su_df_wood,effect,Reduced circulation leads to chronic fatigue and poor concentration.,1
health_C_su_df_wood,action,Restore your circulation little by little by doing light walking or stretching.,1
health_C_su_df_wood,state,"Due to lack of flexibility, it is easy to lose track of the flow, and the strong energy of change can shake the rhythm and lead to unexpected variables.",1
health_C_su_ex_earth,intro,It is a day when circulation in the body is blocked and the body feels heavy and stuffy.,1
health_C_su_ex_earth,effect,Reduced circulation leads to chronic fatigue and poor concentration.,1
health_C_su_ex_earth,action,Restore your circulation little by little by doing light walking or stretching.,1
health_C_su_ex_earth,state,"It is easy for your judgment to be clouded by overflowing emotions, and the cloudy energy can slow you down and make your thoughts heavy.",1
health_C_su_ex_fire,intro,It is a day when circulation in the body is blocked and the body feels heavy and stuffy.,1
health_C_su_ex_fire,effect,Reduced circulation leads to chronic fatigue and poor concentration.,1
health_C_su_ex_fire,action,Restore your circulation little by little by doing light walking or stretching.,1
health_C_su_ex_fire,state,"Judgment can easily be clouded by overflowing emotions, and the clear energy can flow into an excited atmosphere, which can cloud prudence.",1
health_C_su_ex_water,intro,It is a day when circulation in the body is blocked and the body feels heavy and stuffy.,1
health_C_su_ex_water,effect,Reduced circulation leads to chronic fatigue and poor concentration.,1
health_C_su_ex_water,action,Restore your circulation little by little by doing light walking or stretching.,1
health_C_su_ex_water,state,"It is easy for your judgment to become clouded due to overflowing emotions, and the energy of rain and snow can stimulate your emotions and inner self, which can increase the impact.",1
health_C_su_ex_wood,intro,It is a day when circulation in the body is blocked and the body feels heavy and stuffy.,1
health_C_su_ex_wood,effect,Reduced circulation leads to chronic fatigue and poor concentration.,1
health_C_su_ex_wood,action,Restore your circulation little by little by doing light walking or stretching.,1
health_C_su_ex_wood,state,"Judgment can easily be clouded by emotions, and the strong energy of change can shake the rhythm and lead to unexpected variables.",1
health_C_to_df_earth,intro,It is a day when the foundation of your health is shaken and your physical condition is unstable.,1
health_C_to_df_earth,effect,A weakened health foundation manifests itself in frequent fatigue and poor physical condition.,1
health_C_to_df_earth,action,"Don't overdo it, get enough rest, and maintain a regular lifestyle.",1
health_C_to_df_earth,state,"Because your center is shaken, it is easy to be swayed by your surroundings, and cloudy energy can slow you down and make your thoughts heavy.",1
health_C_to_df_fire,intro,It is a day when the foundation of your health is shaken and your physical condition is unstable.,1
health_C_to_df_fire,effect,A weakened health foundation manifests itself in frequent fatigue and poor physical condition.,1
health_C_to_df_fire,action,"Don't overdo it, get enough rest, and maintain a regular lifestyle.",1
health_C_to_df_fire,state,"Because your center is shaken, it is easy to be swayed by those around you, and your clear energy can flow into an excited atmosphere, which can cloud your prudence.",1
health_C_to_df_water,intro,It is a day when the foundation of your health is shaken and your physical condition is unstable.,1
health_C_to_df_water,effect,A weakened health foundation manifests itself in frequent fatigue and poor physical condition.,1
health_C_to_df_water,action,"Don't overdo it, get enough rest, and maintain a regular lifestyle.",1
health_C_to_df_water,state,"Because your center is shaken, it is easy to be swayed by your surroundings, and the energy of rain and snow can stimulate your emotions and inner self, which can increase the impact.",1
health_C_to_df_wood,intro,It is a day when the foundation of your health is shaken and your physical condition is unstable.,1
health_C_to_df_wood,effect,A weakened health foundation manifests itself in frequent fatigue and poor physical condition.,1
health_C_to_df_wood,action,"Don't overdo it, get enough rest, and maintain a regular lifestyle.",1
health_C_to_df_wood,state,"Because the center is shaken, it is easy to be swayed by the surroundings, and the strong energy of change can shake the rhythm and lead to unexpected variables.",1
health_C_to_ex_earth,intro,It is a day when the foundation of your health is shaken and your physical condition is unstable.,1
health_C_to_ex_earth,effect,A weakened health foundation manifests itself in frequent fatigue and poor physical condition.,1
health_C_to_ex_earth,action,"Don't overdo it, get enough rest, and maintain a regular lifestyle.",1
health_C_to_ex_earth,state,"A mind that refuses to change can block opportunities, and cloudy energy can slow down your pace and make your thoughts heavy.",1
health_C_to_ex_fire,intro,It is a day when the foundation of your health is shaken and your physical condition is unstable.,1
health_C_to_ex_fire,effect,A weakened health foundation manifests itself in frequent fatigue and poor physical condition.,1
health_C_to_ex_fire,action,"Don't overdo it, get enough rest, and maintain a regular lifestyle.",1
health_C_to_ex_fire,state,"A mind that refuses to change can block opportunities, and clear energy can flow into an excited atmosphere, clouding caution.",1
health_C_to_ex_water,intro,It is a day when the foundation of your health is shaken and your physical condition is unstable.,1
health_C_to_ex_water,effect,A weakened health foundation manifests itself in frequent fatigue and poor physical condition.,1
health_C_to_ex_water,action,"Don't overdo it, get enough rest, and maintain a regular lifestyle.",1
health_C_to_ex_water,state,"A mind that refuses to change can block opportunities, and the energy of rain and snow can stimulate emotions and inner feelings, which can increase the impact.",1
health_C_to_ex_wood,intro,It is a day when the foundation of your health is shaken and your physical condition is unstable.,1
health_C_to_ex_wood,effect,A weakened health foundation manifests itself in frequent fatigue and poor physical condition.,1
health_C_to_ex_wood,action,"Don't overdo it, get enough rest, and maintain a regular lifestyle.",1
health_C_to_ex_wood,state,"A refusal to change can block opportunities, and the strong energy of change can shake up the rhythm and lead to unexpected variables.",1
health_C1,intro,Today is a day when my body is quite weak and I desperately need enough rest.,1
health_C1,intro,"Your health energy is significantly low today, so you need to be sensitive to the signals your body sends.",1
health_C1,effect,"Your immunity and stamina are much lower than usual, so even a small group can be a burden.",1
health_C1,effect,"It is a day when your body wants to rest, and rest is important enough to drastically reduce your schedule.",1
health_C1,action,Be conservative today when it comes to your health and minimize any activity.,1
health_C1,action,Just eating warm food and getting enough sleep can greatly help your body recover.,1
health_C1_geum_df_earth,intro,It is a day when your health becomes so weak that your physical activities become severely limited.,1
health_C1_geum_df_earth,effect,Significantly reduced physical strength makes even daily activities difficult.,1
health_C1_geum_df_earth,action,Do minimal activity today and give your body as much rest as possible.,1
health_C1_geum_df_earth,state,"Due to lack of determination, it is easy for indecisive choices to accumulate, and cloudy energy can reduce motivation and cloud judgment.",1
health_C1_geum_df_fire,intro,It is a day when your health becomes so weak that your physical activities become severely limited.,1
health_C1_geum_df_fire,effect,Significantly reduced physical strength makes even daily activities difficult.,1
health_C1_geum_df_fire,action,Do minimal activity today and give your body as much rest as possible.,1
health_C1_geum_df_fire,state,"Because of lack of determination, it is easy to make indecisive choices, and excited Yang can dissipate calmness and lead to minor mistakes.",1
health_C1_geum_df_water,intro,It is a day when your health becomes so weak that your physical activities become severely limited.,1
health_C1_geum_df_water,effect,Significantly reduced physical strength makes even daily activities difficult.,1
health_C1_geum_df_water,action,Do minimal activity today and give your body as much rest as possible.,1
health_C1_geum_df_water,state,"Because of lack of determination, it is easy for indecisive choices to pile up, and the energy of rain and snow may not calm your emotions, making your heart heavy.",1
health_C1_geum_df_wood,intro,It is a day when your health becomes so weak that your physical activities become severely limited.,1
health_C1_geum_df_wood,effect,Significantly reduced physical strength makes even daily activities difficult.,1
health_C1_geum_df_wood,action,Do minimal activity today and give your body as much rest as possible.,1
health_C1_geum_df_wood,state,"Because of lack of determination, it is easy for indecisive choices to pile up, and the energy of change can keep interfering and disrupting plans.",1
health_C1_geum_ex_earth,intro,It is a day when your health becomes so weak that your physical activities become severely limited.,1
health_C1_geum_ex_earth,effect,Significantly reduced physical strength makes even daily activities difficult.,1
health_C1_geum_ex_earth,action,Do minimal activity today and give your body as much rest as possible.,1
health_C1_geum_ex_earth,state,"Sharpness can go too far and put a burden on those around you, and cloudy energy can reduce motivation and cloud your judgment.",1
health_C1_geum_ex_fire,intro,It is a day when your health becomes so weak that your physical activities become severely limited.,1
health_C1_geum_ex_fire,effect,Significantly reduced physical strength makes even daily activities difficult.,1
health_C1_geum_ex_fire,action,Do minimal activity today and give your body as much rest as possible.,1
health_C1_geum_ex_fire,state,"Your sharpness can go too far and put a burden on those around you, and your excited energy can dissipate your calmness and lead to minor mistakes.",1
health_C1_geum_ex_water,intro,It is a day when your health becomes so weak that your physical activities become severely limited.,1
health_C1_geum_ex_water,effect,Significantly reduced physical strength makes even daily activities difficult.,1
health_C1_geum_ex_water,action,Do minimal activity today and give your body as much rest as possible.,1
health_C1_geum_ex_water,state,"Your sharpness can go too far and put a burden on those around you, and the energy of rain and snow can not calm your emotions, making your heart feel heavy.",1
health_C1_geum_ex_wood,intro,It is a day when your health becomes so weak that your physical activities become severely limited.,1
health_C1_geum_ex_wood,effect,Significantly reduced physical strength makes even daily activities difficult.,1
health_C1_geum_ex_wood,action,Do minimal activity today and give your body as much rest as possible.,1
health_C1_geum_ex_wood,state,"Your sharpness can go too far and put a burden on those around you, and the energy of change can keep interfering with your plans.",1
health_C1_hwa_df_earth,intro,It is a difficult day when your vitality drops significantly and your entire body is exhausted.,1
health_C1_hwa_df_earth,effect,Energy depletion weakens immunity and makes recovery difficult.,1
health_C1_hwa_df_earth,action,Don't ignore your body's signals to rest and rest immediately.,1
health_C1_hwa_df_earth,state,"It is easy for your feelings to not be conveyed properly due to blockage of expression, and cloudy energy can reduce motivation and cloud your judgment.",1
health_C1_hwa_df_fire,intro,It is a difficult day when your vitality drops significantly and your entire body is exhausted.,1
health_C1_hwa_df_fire,effect,Energy depletion weakens immunity and makes recovery difficult.,1
health_C1_hwa_df_fire,action,Don't ignore your body's signals to rest and rest immediately.,1
health_C1_hwa_df_fire,state,"It is easy for your feelings to not be conveyed properly due to blockage of expression, and excited energy can scatter your calmness and lead to minor mistakes.",1
health_C1_hwa_df_water,intro,It is a difficult day when your vitality drops significantly and your entire body is exhausted.,1
health_C1_hwa_df_water,effect,Energy depletion weakens immunity and makes recovery difficult.,1
health_C1_hwa_df_water,action,Don't ignore your body's signals to rest and rest immediately.,1
health_C1_hwa_df_water,state,"Because expressions are blocked, it is easy for your feelings to not be conveyed properly, and the energy of rain and snow cannot calm your emotions, which can make your heart feel heavy.",1
health_C1_hwa_df_wood,intro,It is a difficult day when your vitality drops significantly and your entire body is exhausted.,1
health_C1_hwa_df_wood,effect,Energy depletion weakens immunity and makes recovery difficult.,1
health_C1_hwa_df_wood,action,Don't ignore your body's signals to rest and rest immediately.,1
health_C1_hwa_df_wood,state,"It is easy for your feelings to not be conveyed properly due to blockage of expression, and the energy of change can keep interfering and disrupt your plans.",1
health_C1_hwa_ex_earth,intro,It is a difficult day when your vitality drops significantly and your entire body is exhausted.,1
health_C1_hwa_ex_earth,effect,Energy depletion weakens immunity and makes recovery difficult.,1
health_C1_hwa_ex_earth,action,Don't ignore your body's signals to rest and rest immediately.,1
health_C1_hwa_ex_earth,state,"It is easy for emotions to cause friction even over small things, and cloudy energy can reduce motivation and cloud judgment.",1
health_C1_hwa_ex_fire,intro,It is a difficult day when your vitality drops significantly and your entire body is exhausted.,1
health_C1_hwa_ex_fire,effect,Energy depletion weakens immunity and makes recovery difficult.,1
health_C1_hwa_ex_fire,action,Don't ignore your body's signals to rest and rest immediately.,1
health_C1_hwa_ex_fire,state,"It's easy for emotions to cause friction even over small things, and excited energy can disturb your calmness and lead to minor mistakes.",1
health_C1_hwa_ex_water,intro,It is a difficult day when your vitality drops significantly and your entire body is exhausted.,1
health_C1_hwa_ex_water,effect,Energy depletion weakens immunity and makes recovery difficult.,1
health_C1_hwa_ex_water,action,Don't ignore your body's signals to rest and rest immediately.,1
health_C1_hwa_ex_water,state,"It's easy for emotions to arise even over small things, and the energy of rain and snow can't calm your emotions, making your heart feel heavy.",1
health_C1_hwa_ex_wood,intro,It is a difficult day when your vitality drops significantly and your entire body is exhausted.,1
health_C1_hwa_ex_wood,effect,Energy depletion weakens immunity and makes recovery difficult.,1
health_C1_hwa_ex_wood,action,Don't ignore your body's signals to rest and rest immediately.,1
health_C1_hwa_ex_wood,state,"If you are emotionally driven, it is easy for friction to arise even over small things, and the energy of change can keep interfering and disrupting your plans.",1
health_C1_mok_df_earth,intro,It is a day when the body's recovery is greatly reduced and fatigue rarely goes away.,1
health_C1_mok_df_earth,effect,Weakened resilience can cause chronic fatigue and health problems.,1
health_C1_mok_df_earth,action,Please actively help your recovery through nutritional supplements or sufficient meals.,1
health_C1_mok_df_earth,state,"If you hesitate for a long time, it is easy for an opportunity to slip out of your hands, and cloudy energy can reduce motivation and cloud your judgment.",1
health_C1_mok_df_fire,intro,It is a day when the body's recovery is greatly reduced and fatigue rarely goes away.,1
health_C1_mok_df_fire,effect,Weakened resilience can cause chronic fatigue and health problems.,1
health_C1_mok_df_fire,action,Please actively help your recovery through nutritional supplements or sufficient meals.,1
health_C1_mok_df_fire,state,"If you hesitate for a long time, it is easy for an opportunity to slip out of your hands, and excited energy can dissipate your calmness and lead to minor mistakes.",1
health_C1_mok_df_water,intro,It is a day when the body's recovery is greatly reduced and fatigue rarely goes away.,1
health_C1_mok_df_water,effect,Weakened resilience can cause chronic fatigue and health problems.,1
health_C1_mok_df_water,action,Please actively help your recovery through nutritional supplements or sufficient meals.,1
health_C1_mok_df_water,state,"If you hesitate for a long time, it is easy for an opportunity to slip out of your hands, and the energy of rain and snow can not calm your emotions, making your heart heavy.",1
health_C1_mok_df_wood,intro,It is a day when the body's recovery is greatly reduced and fatigue rarely goes away.,1
health_C1_mok_df_wood,effect,Weakened resilience can cause chronic fatigue and health problems.,1
health_C1_mok_df_wood,action,Please actively help your recovery through nutritional supplements or sufficient meals.,1
health_C1_mok_df_wood,state,"If you hesitate for a long time, it is easy for an opportunity to slip out of your hands, and the energy of change can keep interfering and disrupt your plans.",1
health_C1_mok_ex_earth,intro,It is a day when the body's recovery is greatly reduced and fatigue rarely goes away.,1
health_C1_mok_ex_earth,effect,Weakened resilience can cause chronic fatigue and health problems.,1
health_C1_mok_ex_earth,action,Please actively help your recovery through nutritional supplements or sufficient meals.,1
health_C1_mok_ex_earth,state,"It is easy for greed to lead to things that cannot be grasped, and cloudy energy can reduce motivation and cloud judgment.",1
health_C1_mok_ex_fire,intro,It is a day when the body's recovery is greatly reduced and fatigue rarely goes away.,1
health_C1_mok_ex_fire,effect,Weakened resilience can cause chronic fatigue and health problems.,1
health_C1_mok_ex_fire,action,Please actively help your recovery through nutritional supplements or sufficient meals.,1
health_C1_mok_ex_fire,state,"It's easy to get greedy and do things that you can't control, and excited energy can disturb your calmness and lead to minor mistakes.",1
health_C1_mok_ex_water,intro,It is a day when the body's recovery is greatly reduced and fatigue rarely goes away.,1
health_C1_mok_ex_water,effect,Weakened resilience can cause chronic fatigue and health problems.,1
health_C1_mok_ex_water,action,Please actively help your recovery through nutritional supplements or sufficient meals.,1
health_C1_mok_ex_water,state,"It's easy to get greedy and do things you can't control, and the energy of rain and snow can't calm your emotions, making your heart heavy.",1
health_C1_mok_ex_wood,intro,It is a day when the body's recovery is greatly reduced and fatigue rarely goes away.,1
health_C1_mok_ex_wood,effect,Weakened resilience can cause chronic fatigue and health problems.,1
health_C1_mok_ex_wood,action,Please actively help your recovery through nutritional supplements or sufficient meals.,1
health_C1_mok_ex_wood,state,"It's easy to get greedy and end up doing things you can't control, and the energy of change can keep interfering and disrupting your plans.",1
health_C1_su_df_earth,intro,It is a day when circulation in the body is severely blocked and the body feels heavy and painful.,1
health_C1_su_df_earth,effect,"Circulation problems may worsen, leading to headaches or discomfort.",1
health_C1_su_df_earth,action,"If possible, help circulation with a light warm bath or massage.",1
health_C1_su_df_earth,state,"It's easy to get stubborn and lose track of things repeatedly, and cloudy energy can reduce motivation and cloud your judgment.",1
health_C1_su_df_fire,intro,It is a day when circulation in the body is severely blocked and the body feels heavy and painful.,1
health_C1_su_df_fire,effect,"Circulation problems may worsen, leading to headaches or discomfort.",1
health_C1_su_df_fire,action,"If possible, help circulation with a light warm bath or massage.",1
health_C1_su_df_fire,state,"It's easy to get stubborn and lose track of the flow, and excited energy can disturb your calmness and lead to minor mistakes.",1
health_C1_su_df_water,intro,It is a day when circulation in the body is severely blocked and the body feels heavy and painful.,1
health_C1_su_df_water,effect,"Circulation problems may worsen, leading to headaches or discomfort.",1
health_C1_su_df_water,action,"If possible, help circulation with a light warm bath or massage.",1
health_C1_su_df_water,state,"It's easy to become stubborn and lose track of the flow, and the energy of rain and snow can't calm your emotions, making your heart heavy.",1
health_C1_su_df_wood,intro,It is a day when circulation in the body is severely blocked and the body feels heavy and painful.,1
health_C1_su_df_wood,effect,"Circulation problems may worsen, leading to headaches or discomfort.",1
health_C1_su_df_wood,action,"If possible, help circulation with a light warm bath or massage.",1
health_C1_su_df_wood,state,"It's easy to get stubborn and lose track of things repeatedly, and the energy of change can keep interfering and disrupt your plans.",1
health_C1_su_ex_earth,intro,It is a day when circulation in the body is severely blocked and the body feels heavy and painful.,1
health_C1_su_ex_earth,effect,"Circulation problems may worsen, leading to headaches or discomfort.",1
health_C1_su_ex_earth,action,"If possible, help circulation with a light warm bath or massage.",1
health_C1_su_ex_earth,state,"Emotions become deeper, so it is easy to be shaken by even small stimuli, and cloudy energy can reduce motivation and cloud judgment.",1
health_C1_su_ex_fire,intro,It is a day when circulation in the body is severely blocked and the body feels heavy and painful.,1
health_C1_su_ex_fire,effect,"Circulation problems may worsen, leading to headaches or discomfort.",1
health_C1_su_ex_fire,action,"If possible, help circulation with a light warm bath or massage.",1
health_C1_su_ex_fire,state,"Emotions become deep, so it is easy to be shaken by even the slightest stimulus, and excited energy can disturb calmness and lead to minor mistakes.",1
health_C1_su_ex_water,intro,It is a day when circulation in the body is severely blocked and the body feels heavy and painful.,1
health_C1_su_ex_water,effect,"Circulation problems may worsen, leading to headaches or discomfort.",1
health_C1_su_ex_water,action,"If possible, help circulation with a light warm bath or massage.",1
health_C1_su_ex_water,state,"As emotions become deeper, it is easy to be shaken by even the slightest stimulus, and the energy of rain and snow may not calm the emotions, making the heart heavy.",1
health_C1_su_ex_wood,intro,It is a day when circulation in the body is severely blocked and the body feels heavy and painful.,1
health_C1_su_ex_wood,effect,"Circulation problems may worsen, leading to headaches or discomfort.",1
health_C1_su_ex_wood,action,"If possible, help circulation with a light warm bath or massage.",1
health_C1_su_ex_wood,state,"As your emotions deepen, it is easy to be shaken by even the slightest stimulus, and the energy of change can keep interfering and disrupting your plans.",1
health_C1_to_df_earth,intro,It is a day when your health foundation is seriously weakened and your body reacts to even the slightest stimulus.,1
health_C1_to_df_earth,effect,An extremely weak health base creates a cascade of health problems.,1
health_C1_to_df_earth,action,Get help from a medical professional or rest entirely today.,1
health_C1_to_df_earth,state,"Because you are not centered, it is easy for your decisions to change, and cloudy energy can reduce motivation and cloud your judgment.",1
health_C1_to_df_fire,intro,It is a day when your health foundation is seriously weakened and your body reacts to even the slightest stimulus.,1
health_C1_to_df_fire,effect,An extremely weak health base creates a cascade of health problems.,1
health_C1_to_df_fire,action,Get help from a medical professional or rest entirely today.,1
health_C1_to_df_fire,state,"Because you are not centered, it is easy for your decisions to change, and your excited energy can dissipate your calmness and lead to minor mistakes.",1
health_C1_to_df_water,intro,It is a day when your health foundation is seriously weakened and your body reacts to even the slightest stimulus.,1
health_C1_to_df_water,effect,An extremely weak health base creates a cascade of health problems.,1
health_C1_to_df_water,action,Get help from a medical professional or rest entirely today.,1
health_C1_to_df_water,state,"Because you are not centered, it is easy for your decisions to change, and the energy of rain and snow cannot calm your emotions, making your heart heavy.",1
health_C1_to_df_wood,intro,It is a day when your health foundation is seriously weakened and your body reacts to even the slightest stimulus.,1
health_C1_to_df_wood,effect,An extremely weak health base creates a cascade of health problems.,1
health_C1_to_df_wood,action,Get help from a medical professional or rest entirely today.,1
health_C1_to_df_wood,state,"Because you are not centered, it is easy for your decisions to change, and the energy of change can keep interfering with your plans.",1
health_C1_to_ex_earth,intro,It is a day when your health foundation is seriously weakened and your body reacts to even the slightest stimulus.,1
health_C1_to_ex_earth,effect,An extremely weak health base creates a cascade of health problems.,1
health_C1_to_ex_earth,action,Get help from a medical professional or rest entirely today.,1
health_C1_to_ex_earth,state,"It is easy to ignore changes that require a stubborn stability orientation, and cloudy energy can reduce motivation and cloud judgment.",1
health_C1_to_ex_fire,intro,It is a day when your health foundation is seriously weakened and your body reacts to even the slightest stimulus.,1
health_C1_to_ex_fire,effect,An extremely weak health base creates a cascade of health problems.,1
health_C1_to_ex_fire,action,Get help from a medical professional or rest entirely today.,1
health_C1_to_ex_fire,state,"It is easy to ignore changes that require stubborn stability, and excited energy can disturb calmness and lead to minor mistakes.",1
health_C1_to_ex_water,intro,It is a day when your health foundation is seriously weakened and your body reacts to even the slightest stimulus.,1
health_C1_to_ex_water,effect,An extremely weak health base creates a cascade of health problems.,1
health_C1_to_ex_water,action,Get help from a medical professional or rest entirely today.,1
health_C1_to_ex_water,state,"It is easy to ignore changes that require stubborn stability, and the energy of rain and snow may not calm your emotions, making your heart heavy.",1
health_C1_to_ex_wood,intro,It is a day when your health foundation is seriously weakened and your body reacts to even the slightest stimulus.,1
health_C1_to_ex_wood,effect,An extremely weak health base creates a cascade of health problems.,1
health_C1_to_ex_wood,action,Get help from a medical professional or rest entirely today.,1
health_C1_to_ex_wood,state,"It is easy to ignore changes that require a stubborn stability orientation, and the energy of change can keep interfering and disrupt your plans.",1
health_D,intro,"Today your health energy is near the bottom, so you need to respond immediately to all your body's signals.",1
health_D,intro,Today is a day when my physical condition is so weak that no effort is tolerated.,1
health_D,effect,"The body can react greatly to even small crowds, so it is important to minimize your daily schedule.",1
health_D,effect,"It is a day when your immunity is greatly reduced, which can lead to a sharp decline in physical condition the next day.",1
health_D,action,Today is a day for your body and you have no other choice than complete rest.,1
health_D,action,"Minimize any activity, stay warm, and focus only on hydration and nutrition.",1
health_D_geum_df_earth,intro,These are the days when health is at its worst and any physical activity can be dangerous.,1
health_D_geum_df_earth,effect,Extreme decline in physical strength makes all activities impossible.,1
health_D_geum_df_earth,action,Take complete rest today and see a doctor if necessary.,1
health_D_geum_df_earth,state,"Your determination may be greatly broken, and any choice you make may result in regret, and the thick, cloudy energy may greatly slow down everything.",1
health_D_geum_df_fire,intro,These are the days when health is at its worst and any physical activity can be dangerous.,1
health_D_geum_df_fire,effect,Extreme decline in physical strength makes all activities impossible.,1
health_D_geum_df_fire,action,Take complete rest today and see a doctor if necessary.,1
health_D_geum_df_fire,state,"Decisiveness can be greatly weakened, and any choice can lead to regret, and strong yang can encourage impulses and lead to reckless actions.",1
health_D_geum_df_water,intro,These are the days when health is at its worst and any physical activity can be dangerous.,1
health_D_geum_df_water,effect,Extreme decline in physical strength makes all activities impossible.,1
health_D_geum_df_water,action,Take complete rest today and see a doctor if necessary.,1
health_D_geum_df_water,state,"Your determination can be greatly broken, and any choice you make can result in regret, and the force of heavy rain and snow can shake your emotions violently, making it difficult to control them.",1
health_D_geum_df_wood,intro,These are the days when health is at its worst and any physical activity can be dangerous.,1
health_D_geum_df_wood,effect,Extreme decline in physical strength makes all activities impossible.,1
health_D_geum_df_wood,action,Take complete rest today and see a doctor if necessary.,1
health_D_geum_df_wood,state,"Your determination may be greatly broken, any choice you make may end in regret, and the fierce energy of change may cause all your predictions to go astray.",1
health_D_geum_ex_earth,intro,These are the days when health is at its worst and any physical activity can be dangerous.,1
health_D_geum_ex_earth,effect,Extreme decline in physical strength makes all activities impossible.,1
health_D_geum_ex_earth,action,Take complete rest today and see a doctor if necessary.,1
health_D_geum_ex_earth,state,"If the sharpness goes too far, it can create a deep rift with the surroundings, and the thick cloudy energy can greatly slow down everything.",1
health_D_geum_ex_fire,intro,These are the days when health is at its worst and any physical activity can be dangerous.,1
health_D_geum_ex_fire,effect,Extreme decline in physical strength makes all activities impossible.,1
health_D_geum_ex_fire,action,Take complete rest today and see a doctor if necessary.,1
health_D_geum_ex_fire,state,"Sharpness can go too far and create deep rifts with those around you, and strong yang can encourage impulses and lead to reckless actions.",1
health_D_geum_ex_water,intro,These are the days when health is at its worst and any physical activity can be dangerous.,1
health_D_geum_ex_water,effect,Extreme decline in physical strength makes all activities impossible.,1
health_D_geum_ex_water,action,Take complete rest today and see a doctor if necessary.,1
health_D_geum_ex_water,state,"The sharpness can go too far and create deep cracks with the surroundings, and the force of heavy rain and snow can shake your emotions violently, making it difficult to control them.",1
health_D_geum_ex_wood,intro,These are the days when health is at its worst and any physical activity can be dangerous.,1
health_D_geum_ex_wood,effect,Extreme decline in physical strength makes all activities impossible.,1
health_D_geum_ex_wood,action,Take complete rest today and see a doctor if necessary.,1
health_D_geum_ex_wood,state,"Sharpness can go too far and create deep cracks with the surroundings, and the fierce energy of change can make all predictions go astray.",1
health_D_hwa_df_earth,intro,It is a day when your vitality is completely depleted and your entire body is extremely exhausted.,1
health_D_hwa_df_earth,effect,Complete depletion of energy causes immunity to drop to the floor.,1
health_D_hwa_df_earth,action,Stop any activity and focus on rest and recovery immediately.,1
health_D_hwa_df_earth,state,"The way to convey one's feelings is completely closed, which can deepen misunderstandings and disconnection, and the thick, cloudy energy can greatly slow down everything.",1
health_D_hwa_df_fire,intro,It is a day when your vitality is completely depleted and your entire body is extremely exhausted.,1
health_D_hwa_df_fire,effect,Complete depletion of energy causes immunity to drop to the floor.,1
health_D_hwa_df_fire,action,Stop any activity and focus on rest and recovery immediately.,1
health_D_hwa_df_fire,state,"The way to communicate one's feelings is completely closed, which can deepen misunderstandings and disconnection, and strong positive energy can encourage impulses and lead to reckless actions.",1
health_D_hwa_df_water,intro,It is a day when your vitality is completely depleted and your entire body is extremely exhausted.,1
health_D_hwa_df_water,effect,Complete depletion of energy causes immunity to drop to the floor.,1
health_D_hwa_df_water,action,Stop any activity and focus on rest and recovery immediately.,1
health_D_hwa_df_water,state,"The way to communicate one's feelings is completely closed, which can deepen misunderstandings and disconnection, and the force of heavy rain and snow can shake emotions violently, making it difficult to control them.",1
health_D_hwa_df_wood,intro,It is a day when your vitality is completely depleted and your entire body is extremely exhausted.,1
health_D_hwa_df_wood,effect,Complete depletion of energy causes immunity to drop to the floor.,1
health_D_hwa_df_wood,action,Stop any activity and focus on rest and recovery immediately.,1
health_D_hwa_df_wood,state,"The way to communicate one's feelings is completely closed, misunderstandings and disconnection can deepen, and the fierce energy of change can cause all predictions to go astray.",1
health_D_hwa_ex_earth,intro,It is a day when your vitality is completely depleted and your entire body is extremely exhausted.,1
health_D_hwa_ex_earth,effect,Complete depletion of energy causes immunity to drop to the floor.,1
health_D_hwa_ex_earth,action,Stop any activity and focus on rest and recovery immediately.,1
health_D_hwa_ex_earth,state,"Overheated emotions can spread into an irreparable conflict, and the thick cloudy energy can greatly slow down everything.",1
health_D_hwa_ex_fire,intro,It is a day when your vitality is completely depleted and your entire body is extremely exhausted.,1
health_D_hwa_ex_fire,effect,Complete depletion of energy causes immunity to drop to the floor.,1
health_D_hwa_ex_fire,action,Stop any activity and focus on rest and recovery immediately.,1
health_D_hwa_ex_fire,state,"Overheated emotions can lead to irreversible conflict, and strong yang can encourage impulses and lead to reckless actions.",1
health_D_hwa_ex_water,intro,It is a day when your vitality is completely depleted and your entire body is extremely exhausted.,1
health_D_hwa_ex_water,effect,Complete depletion of energy causes immunity to drop to the floor.,1
health_D_hwa_ex_water,action,Stop any activity and focus on rest and recovery immediately.,1
health_D_hwa_ex_water,state,"Overheated emotions can spread into an irreparable conflict, and the force of heavy rain and snow shakes emotions violently, making control difficult.",1
health_D_hwa_ex_wood,intro,It is a day when your vitality is completely depleted and your entire body is extremely exhausted.,1
health_D_hwa_ex_wood,effect,Complete depletion of energy causes immunity to drop to the floor.,1
health_D_hwa_ex_wood,action,Stop any activity and focus on rest and recovery immediately.,1
health_D_hwa_ex_wood,state,"Overheated emotions can spread into an irreparable conflict, and the fierce energy of change can cause all predictions to go astray.",1
health_D_mok_df_earth,intro,This is the day when your body's recovery function completely stops and your health deteriorates rapidly.,1
health_D_mok_df_earth,effect,Complete depletion of resilience puts your overall health at risk.,1
health_D_mok_df_earth,action,Stop all activities today and focus only on regaining your health.,1
health_D_mok_df_earth,state,"Fear can completely stop you from taking action and even cause you to lose opportunities, and the thick cloudy energy can greatly slow down everything.",1
health_D_mok_df_fire,intro,This is the day when your body's recovery function completely stops and your health deteriorates rapidly.,1
health_D_mok_df_fire,effect,Complete depletion of resilience puts your overall health at risk.,1
health_D_mok_df_fire,action,Stop all activities today and focus only on regaining your health.,1
health_D_mok_df_fire,state,"Fear can completely stop an action and even result in loss of opportunities, and strong positive energy can encourage impulses and lead to reckless actions.",1
health_D_mok_df_water,intro,This is the day when your body's recovery function completely stops and your health deteriorates rapidly.,1
health_D_mok_df_water,effect,Complete depletion of resilience puts your overall health at risk.,1
health_D_mok_df_water,action,Stop all activities today and focus only on regaining your health.,1
health_D_mok_df_water,state,"Fear can completely stop you from taking action and even cause you to lose opportunities, and the force of heavy rain and snow can shake your emotions so much that it becomes difficult to control them.",1
health_D_mok_df_wood,intro,This is the day when your body's recovery function completely stops and your health deteriorates rapidly.,1
health_D_mok_df_wood,effect,Complete depletion of resilience puts your overall health at risk.,1
health_D_mok_df_wood,action,Stop all activities today and focus only on regaining your health.,1
health_D_mok_df_wood,state,"Fear can completely stop action and even lead to loss of opportunities, and the fierce energy of change can cause all predictions to go astray.",1
health_D_mok_ex_earth,intro,This is the day when your body's recovery function completely stops and your health deteriorates rapidly.,1
health_D_mok_ex_earth,effect,Complete depletion of resilience puts your overall health at risk.,1
health_D_mok_ex_earth,action,Stop all activities today and focus only on regaining your health.,1
health_D_mok_ex_earth,state,"Uncontrollable motivation can lead to unreasonable accidents, and thick cloudy energy can greatly slow down everything.",1
health_D_mok_ex_fire,intro,This is the day when your body's recovery function completely stops and your health deteriorates rapidly.,1
health_D_mok_ex_fire,effect,Complete depletion of resilience puts your overall health at risk.,1
health_D_mok_ex_fire,action,Stop all activities today and focus only on regaining your health.,1
health_D_mok_ex_fire,state,"Uncontrollable motivation can lead to unreasonable accidents, and strong positive energy can encourage impulses and lead to reckless actions.",1
health_D_mok_ex_water,intro,This is the day when your body's recovery function completely stops and your health deteriorates rapidly.,1
health_D_mok_ex_water,effect,Complete depletion of resilience puts your overall health at risk.,1
health_D_mok_ex_water,action,Stop all activities today and focus only on regaining your health.,1
health_D_mok_ex_water,state,"Uncontrollable motivation can lead to unreasonable accidents, and the force of heavy rain and snow can shake emotions violently, making control difficult.",1
health_D_mok_ex_wood,intro,This is the day when your body's recovery function completely stops and your health deteriorates rapidly.,1
health_D_mok_ex_wood,effect,Complete depletion of resilience puts your overall health at risk.,1
health_D_mok_ex_wood,action,Stop all activities today and focus only on regaining your health.,1
health_D_mok_ex_wood,state,"Uncontrollable motivation can lead to unreasonable thinking, and the fierce energy of change can cause all predictions to go astray.",1
health_D_su_df_earth,intro,It is a day when circulation in the body is completely blocked and the entire body is extremely uncomfortable.,1
health_D_su_df_earth,effect,Complete blockage of circulation reduces all body functions.,1
health_D_su_df_earth,action,Get professional medical help or get plenty of rest right away.,1
health_D_su_df_earth,state,"A rigid attitude blocks all flow, making progress difficult, and thick, cloudy energy can greatly slow down everything.",1
health_D_su_df_fire,intro,It is a day when circulation in the body is completely blocked and the entire body is extremely uncomfortable.,1
health_D_su_df_fire,effect,Complete blockage of circulation reduces all body functions.,1
health_D_su_df_fire,action,Get professional medical help or get plenty of rest right away.,1
health_D_su_df_fire,state,"A rigid attitude blocks all flow, making progress difficult, and strong positive energy can encourage impulses and lead to reckless actions.",1
health_D_su_df_water,intro,It is a day when circulation in the body is completely blocked and the entire body is extremely uncomfortable.,1
health_D_su_df_water,effect,Complete blockage of circulation reduces all body functions.,1
health_D_su_df_water,action,Get professional medical help or get plenty of rest right away.,1
health_D_su_df_water,state,"A rigid attitude blocks all flow, making progress difficult, and the force of heavy rain and snow shakes emotions violently, making control difficult.",1
health_D_su_df_wood,intro,It is a day when circulation in the body is completely blocked and the entire body is extremely uncomfortable.,1
health_D_su_df_wood,effect,Complete blockage of circulation reduces all body functions.,1
health_D_su_df_wood,action,Get professional medical help or get plenty of rest right away.,1
health_D_su_df_wood,state,"A rigid attitude blocks all flow, making progress difficult, and the fierce energy of change can cause all predictions to go astray.",1
health_D_su_ex_earth,intro,It is a day when circulation in the body is completely blocked and the entire body is extremely uncomfortable.,1
health_D_su_ex_earth,effect,Complete blockage of circulation reduces all body functions.,1
health_D_su_ex_earth,action,Get professional medical help or get plenty of rest right away.,1
health_D_su_ex_earth,state,"The torrent of emotions can overwhelm reason and lead to big mistakes, and the thick, cloudy energy can greatly slow down everything.",1
health_D_su_ex_fire,intro,It is a day when circulation in the body is completely blocked and the entire body is extremely uncomfortable.,1
health_D_su_ex_fire,effect,Complete blockage of circulation reduces all body functions.,1
health_D_su_ex_fire,action,Get professional medical help or get plenty of rest right away.,1
health_D_su_ex_fire,state,"A torrent of emotions can overwhelm reason and lead to big mistakes, and strong positive energy can encourage impulses and lead to reckless actions.",1
health_D_su_ex_water,intro,It is a day when circulation in the body is completely blocked and the entire body is extremely uncomfortable.,1
health_D_su_ex_water,effect,Complete blockage of circulation reduces all body functions.,1
health_D_su_ex_water,action,Get professional medical help or get plenty of rest right away.,1
health_D_su_ex_water,state,"A torrent of emotions can overwhelm reason and lead to big mistakes, and the force of heavy rain and snow can shake emotions violently, making it difficult to control them.",1
health_D_su_ex_wood,intro,It is a day when circulation in the body is completely blocked and the entire body is extremely uncomfortable.,1
health_D_su_ex_wood,effect,Complete blockage of circulation reduces all body functions.,1
health_D_su_ex_wood,action,Get professional medical help or get plenty of rest right away.,1
health_D_su_ex_wood,state,"The torrent of emotions can overwhelm reason and lead to big mistakes, and the fierce energy of change can cause all predictions to go astray.",1
health_D_to_df_earth,intro,It is a day when the foundation of health is completely broken and any activity is dangerous.,1
health_D_to_df_earth,effect,Extreme health instability can create an irreversible condition.,1
health_D_to_df_earth,action,Take complete rest today and seek medical help immediately if necessary.,1
health_D_to_df_earth,state,"You can completely lose your balance and everything can go out of control, and the thick cloudy energy can greatly slow down everything.",1
health_D_to_df_fire,intro,It is a day when the foundation of health is completely broken and any activity is dangerous.,1
health_D_to_df_fire,effect,Extreme health instability can create an irreversible condition.,1
health_D_to_df_fire,action,Take complete rest today and seek medical help immediately if necessary.,1
health_D_to_df_fire,state,"If you completely lose your balance, everything can go out of control, and strong yang energy can encourage impulses and lead you to reckless actions.",1
health_D_to_df_water,intro,It is a day when the foundation of health is completely broken and any activity is dangerous.,1
health_D_to_df_water,effect,Extreme health instability can create an irreversible condition.,1
health_D_to_df_water,action,Take complete rest today and seek medical help immediately if necessary.,1
health_D_to_df_water,state,"You can completely lose your balance and everything can go out of control, and the force of heavy rain and snow can shake your emotions so much that it becomes difficult to control them.",1
health_D_to_df_wood,intro,It is a day when the foundation of health is completely broken and any activity is dangerous.,1
health_D_to_df_wood,effect,Extreme health instability can create an irreversible condition.,1
health_D_to_df_wood,action,Take complete rest today and seek medical help immediately if necessary.,1
health_D_to_df_wood,state,"If you completely lose your balance, everything can go out of control, and the violent energy of change can make all your predictions go astray.",1
health_D_to_ex_earth,intro,It is a day when the foundation of health is completely broken and any activity is dangerous.,1
health_D_to_ex_earth,effect,Extreme health instability can create an irreversible condition.,1
health_D_to_ex_earth,action,Take complete rest today and seek medical help immediately if necessary.,1
health_D_to_ex_earth,state,"Refusal to change can escalate a crisis and make recovery difficult, and a thick, cloudy atmosphere can greatly slow down everything.",1
health_D_to_ex_fire,intro,It is a day when the foundation of health is completely broken and any activity is dangerous.,1
health_D_to_ex_fire,effect,Extreme health instability can create an irreversible condition.,1
health_D_to_ex_fire,action,Take complete rest today and seek medical help immediately if necessary.,1
health_D_to_ex_fire,state,"Refusal to change can escalate the crisis and make recovery difficult, and strong positive energy can encourage impulses and lead to reckless actions.",1
health_D_to_ex_water,intro,It is a day when the foundation of health is completely broken and any activity is dangerous.,1
health_D_to_ex_water,effect,Extreme health instability can create an irreversible condition.,1
health_D_to_ex_water,action,Take complete rest today and seek medical help immediately if necessary.,1
health_D_to_ex_water,state,"Refusal to change can escalate the crisis and make recovery difficult, and the force of heavy rain and snow can shake emotions violently, making control difficult.",1
health_D_to_ex_wood,intro,It is a day when the foundation of health is completely broken and any activity is dangerous.,1
health_D_to_ex_wood,effect,Extreme health instability can create an irreversible condition.,1
health_D_to_ex_wood,action,Take complete rest today and seek medical help immediately if necessary.,1
health_D_to_ex_wood,state,"Refusal to change can escalate a crisis and make recovery difficult, and the fierce energy of change can cause all predictions to go astray.",1
