code,type,text,weight
overall_A,intro,Hôm nay là ngày mà năng lượng của bạn được khai mở và bạn có thể tự tin thử bất cứ điều gì.,1
overall_A,intro,"Hôm nay là ngày may mắn nhất, với những dòng chảy tốt lành hội tụ từ mọi hướng.",1
overall_A,effect,Bạn càng chủ động thì kết quả sẽ càng lớn và sự hợp tác sẽ càng tỏa sáng.,1
overall_A,effect,Những điều bạn bắt đầu ngày hôm nay có khả năng dẫn đến kết quả tốt sau này.,1
overall_A,action,"Nếu bạn thực hiện bước đầu tiên mà không do dự, vận may hôm nay sẽ hỗ trợ bạn bằng tất cả sức lực của mình.",1
overall_A,action,Hôm nay là ngày tốt nhất để bắt đầu một thử thách quan trọng mà bạn đang trì hoãn.,1
overall_A_geum_df_earth,intro,Hôm nay là một ngày mà mọi vận may của bạn đều rõ ràng và nhìn chung bạn đang ở trong trạng thái tốt nhất.,1
overall_A_geum_df_earth,effect,Sự may mắn tổng thể tăng mạnh tạo ra kết quả tốt trong mọi lĩnh vực.,1
overall_A_geum_df_earth,action,"Nếu bạn hành động táo bạo ngay hôm nay, kết quả sẽ vượt quá sự mong đợi của bạn.",1
overall_A_geum_df_earth,state,"Bình tĩnh phán đoán làm tăng trí tuệ, dẫn đến tuệ giác sâu sắc, và năng lượng bình tĩnh làm tăng trí tuệ, dẫn đến kết quả tốt.",1
overall_A_geum_df_fire,intro,Hôm nay là một ngày mà mọi vận may của bạn đều rõ ràng và nhìn chung bạn đang ở trong trạng thái tốt nhất.,1
overall_A_geum_df_fire,effect,Sự may mắn tổng thể tăng mạnh tạo ra kết quả tốt trong mọi lĩnh vực.,1
overall_A_geum_df_fire,action,"Nếu bạn hành động táo bạo ngay hôm nay, kết quả sẽ vượt quá sự mong đợi của bạn.",1
overall_A_geum_df_fire,state,"Sự phán đoán bình tĩnh làm tăng sự khôn ngoan, dẫn đến cái nhìn sâu sắc, nguồn năng lượng sáng rõ làm tăng sức sống và tạo ra một dòng chảy tốt.",1
overall_A_geum_df_water,intro,Hôm nay là một ngày mà mọi vận may của bạn đều rõ ràng và nhìn chung bạn đang ở trong trạng thái tốt nhất.,1
overall_A_geum_df_water,effect,Sự may mắn tổng thể tăng mạnh tạo ra kết quả tốt trong mọi lĩnh vực.,1
overall_A_geum_df_water,action,"Nếu bạn hành động táo bạo ngay hôm nay, kết quả sẽ vượt quá sự mong đợi của bạn.",1
overall_A_geum_df_water,state,"Sự phán đoán bình tĩnh làm tăng sự thận trọng và dẫn đến cái nhìn sâu sắc, và nguồn năng lượng mềm mại sẽ thanh lọc tâm trí một cách sâu sắc và mở ra tầm nhìn rõ ràng.",1
overall_A_geum_df_wood,intro,Hôm nay là một ngày mà mọi vận may của bạn đều rõ ràng và nhìn chung bạn đang ở trong trạng thái tốt nhất.,1
overall_A_geum_df_wood,effect,Sự may mắn tổng thể tăng mạnh tạo ra kết quả tốt trong mọi lĩnh vực.,1
overall_A_geum_df_wood,action,"Nếu bạn hành động táo bạo ngay hôm nay, kết quả sẽ vượt quá sự mong đợi của bạn.",1
overall_A_geum_df_wood,state,"Sự phán đoán bình tĩnh làm tăng sự khôn ngoan, dẫn đến cái nhìn sâu sắc và năng lượng năng động mở ra những khả năng mới.",1
overall_A_geum_ex_earth,intro,Hôm nay là một ngày mà mọi vận may của bạn đều rõ ràng và nhìn chung bạn đang ở trong trạng thái tốt nhất.,1
overall_A_geum_ex_earth,effect,Sự may mắn tổng thể tăng mạnh tạo ra kết quả tốt trong mọi lĩnh vực.,1
overall_A_geum_ex_earth,action,"Nếu bạn hành động táo bạo ngay hôm nay, kết quả sẽ vượt quá sự mong đợi của bạn.",1
overall_A_geum_ex_earth,state,"Khả năng phán đoán sắc bén xuyên suốt những điểm mấu chốt và đưa ra kết luận rõ ràng, năng lượng bình tĩnh làm tăng thêm sự thận trọng, dẫn đến kết quả tốt.",1
overall_A_geum_ex_fire,intro,Hôm nay là một ngày mà mọi vận may của bạn đều rõ ràng và nhìn chung bạn đang ở trong trạng thái tốt nhất.,1
overall_A_geum_ex_fire,effect,Sự may mắn tổng thể tăng mạnh tạo ra kết quả tốt trong mọi lĩnh vực.,1
overall_A_geum_ex_fire,action,"Nếu bạn hành động táo bạo ngay hôm nay, kết quả sẽ vượt quá sự mong đợi của bạn.",1
overall_A_geum_ex_fire,state,"Khả năng phán đoán sắc bén xuyên suốt cốt lõi và rút ra kết luận rõ ràng, năng lượng rõ ràng tăng cường sinh lực và tạo ra dòng chảy tốt.",1
overall_A_geum_ex_water,intro,Hôm nay là một ngày mà mọi vận may của bạn đều rõ ràng và nhìn chung bạn đang ở trong trạng thái tốt nhất.,1
overall_A_geum_ex_water,effect,Sự may mắn tổng thể tăng mạnh tạo ra kết quả tốt trong mọi lĩnh vực.,1
overall_A_geum_ex_water,action,"Nếu bạn hành động táo bạo ngay hôm nay, kết quả sẽ vượt quá sự mong đợi của bạn.",1
overall_A_geum_ex_water,state,"Khả năng phán đoán sắc bén xuyên thấu cốt lõi và đưa ra kết luận rõ ràng, năng lượng ẩm giúp tinh lọc sâu sắc tâm trí và mở ra tầm nhìn rõ ràng.",1
overall_A_geum_ex_wood,intro,Hôm nay là một ngày mà mọi vận may của bạn đều rõ ràng và nhìn chung bạn đang ở trong trạng thái tốt nhất.,1
overall_A_geum_ex_wood,effect,Sự may mắn tổng thể tăng mạnh tạo ra kết quả tốt trong mọi lĩnh vực.,1
overall_A_geum_ex_wood,action,"Nếu bạn hành động táo bạo ngay hôm nay, kết quả sẽ vượt quá sự mong đợi của bạn.",1
overall_A_geum_ex_wood,state,"Khả năng phán đoán sắc bén đi sâu vào cốt lõi và đưa ra kết luận rõ ràng, năng lượng năng động mở ra những khả năng mới.",1
overall_A_hwa_df_earth,intro,Đó là một ngày tươi sáng với năng lượng tốt đến từ mọi hướng.,1
overall_A_hwa_df_earth,effect,Năng lượng theo mọi hướng được phát huy tối đa và mọi việc diễn ra tốt đẹp.,1
overall_A_hwa_df_earth,action,Hôm nay hãy thử điều bạn muốn làm nhất.,1
overall_A_hwa_df_earth,state,"Nội tâm bình tĩnh mang lại cho bạn sức mạnh để thể hiện trọn vẹn sự chân thành của mình, và năng lượng bình tĩnh làm tăng sự thận trọng, dẫn đến kết quả tốt.",1
overall_A_hwa_df_fire,intro,Đó là một ngày tươi sáng với năng lượng tốt đến từ mọi hướng.,1
overall_A_hwa_df_fire,effect,Năng lượng theo mọi hướng được phát huy tối đa và mọi việc diễn ra tốt đẹp.,1
overall_A_hwa_df_fire,action,Hôm nay hãy thử điều bạn muốn làm nhất.,1
overall_A_hwa_df_fire,state,"Nội tâm bình tĩnh mang lại cho bạn sức mạnh để thể hiện trọn vẹn sự chân thành của mình, đồng thời nguồn năng lượng sáng rõ sẽ nâng cao sức sống của bạn và tạo ra một dòng chảy tốt đẹp.",1
overall_A_hwa_df_water,intro,Đó là một ngày tươi sáng với năng lượng tốt đến từ mọi hướng.,1
overall_A_hwa_df_water,effect,Năng lượng theo mọi hướng được phát huy tối đa và mọi việc diễn ra tốt đẹp.,1
overall_A_hwa_df_water,action,Hôm nay hãy thử điều bạn muốn làm nhất.,1
overall_A_hwa_df_water,state,Nội tâm bình tĩnh mang lại cho bạn sức mạnh để thể hiện trọn vẹn cảm xúc thật của mình và năng lượng ẩm sẽ thanh lọc tâm trí bạn một cách sâu sắc và mở ra tầm nhìn rõ ràng.,1
overall_A_hwa_df_wood,intro,Đó là một ngày tươi sáng với năng lượng tốt đến từ mọi hướng.,1
overall_A_hwa_df_wood,effect,Năng lượng theo mọi hướng được phát huy tối đa và mọi việc diễn ra tốt đẹp.,1
overall_A_hwa_df_wood,action,Hôm nay hãy thử điều bạn muốn làm nhất.,1
overall_A_hwa_df_wood,state,Nội tâm bình tĩnh mang lại cho bạn sức mạnh để thể hiện trọn vẹn sự chân thành của mình và năng lượng năng động sẽ mở ra những khả năng mới.,1
overall_A_hwa_ex_earth,intro,Đó là một ngày tươi sáng với năng lượng tốt đến từ mọi hướng.,1
overall_A_hwa_ex_earth,effect,Năng lượng theo mọi hướng được phát huy tối đa và mọi việc diễn ra tốt đẹp.,1
overall_A_hwa_ex_earth,action,Hôm nay hãy thử điều bạn muốn làm nhất.,1
overall_A_hwa_ex_earth,state,"Niềm đam mê dâng trào làm tăng đáng kể động lực và tạo ra một dòng chảy tốt, năng lượng bình tĩnh làm tăng sự thận trọng, dẫn đến kết quả tốt.",1
overall_A_hwa_ex_fire,intro,Đó là một ngày tươi sáng với năng lượng tốt đến từ mọi hướng.,1
overall_A_hwa_ex_fire,effect,Năng lượng theo mọi hướng được phát huy tối đa và mọi việc diễn ra tốt đẹp.,1
overall_A_hwa_ex_fire,action,Hôm nay hãy thử điều bạn muốn làm nhất.,1
overall_A_hwa_ex_fire,state,"Niềm đam mê dâng trào làm tăng đáng kể động lực và tạo ra một dòng chảy tốt, nguồn năng lượng sáng rõ làm tăng sức sống và tạo ra một dòng chảy tốt.",1
overall_A_hwa_ex_water,intro,Đó là một ngày tươi sáng với năng lượng tốt đến từ mọi hướng.,1
overall_A_hwa_ex_water,effect,Năng lượng theo mọi hướng được phát huy tối đa và mọi việc diễn ra tốt đẹp.,1
overall_A_hwa_ex_water,action,Hôm nay hãy thử điều bạn muốn làm nhất.,1
overall_A_hwa_ex_water,state,"Niềm đam mê dâng trào làm tăng đáng kể động lực và tạo ra một dòng chảy tốt, nguồn năng lượng mềm mại giúp thanh lọc tâm trí một cách sâu sắc và mở ra tầm nhìn rõ ràng.",1
overall_A_hwa_ex_wood,intro,Đó là một ngày tươi sáng với năng lượng tốt đến từ mọi hướng.,1
overall_A_hwa_ex_wood,effect,Năng lượng theo mọi hướng được phát huy tối đa và mọi việc diễn ra tốt đẹp.,1
overall_A_hwa_ex_wood,action,Hôm nay hãy thử điều bạn muốn làm nhất.,1
overall_A_hwa_ex_wood,state,"Niềm đam mê dâng trào làm tăng động lực lên rất nhiều, tạo ra dòng chảy tốt, năng lượng năng động mở ra những khả năng mới.",1
overall_A_mok_df_earth,intro,Đây là một ngày mà tử vi tổng thể tràn đầy năng lượng tăng trưởng và cơ hội phát triển.,1
overall_A_mok_df_earth,effect,Năng lượng tăng trưởng toàn diện tạo cơ hội trên mọi lĩnh vực.,1
overall_A_mok_df_earth,action,"Nếu bạn tích cực đón nhận những thử thách mới, kết quả tốt đẹp sẽ đến.",1
overall_A_mok_df_earth,state,"Một cách tiếp cận thận trọng thực sự tạo ra một khởi đầu vững chắc, và một năng lượng bình tĩnh làm tăng sự thận trọng, dẫn đến kết quả tốt.",1
overall_A_mok_df_fire,intro,Đây là một ngày mà tử vi tổng thể tràn đầy năng lượng tăng trưởng và cơ hội phát triển.,1
overall_A_mok_df_fire,effect,Năng lượng tăng trưởng toàn diện tạo cơ hội trên mọi lĩnh vực.,1
overall_A_mok_df_fire,action,"Nếu bạn tích cực đón nhận những thử thách mới, kết quả tốt đẹp sẽ đến.",1
overall_A_mok_df_fire,state,"Một cách tiếp cận thận trọng thực sự tạo ra một khởi đầu vững chắc, và năng lượng rõ ràng sẽ tăng cường sức sống và tạo ra một dòng chảy tốt.",1
overall_A_mok_df_water,intro,Đây là một ngày mà tử vi tổng thể tràn đầy năng lượng tăng trưởng và cơ hội phát triển.,1
overall_A_mok_df_water,effect,Năng lượng tăng trưởng toàn diện tạo cơ hội trên mọi lĩnh vực.,1
overall_A_mok_df_water,action,"Nếu bạn tích cực đón nhận những thử thách mới, kết quả tốt đẹp sẽ đến.",1
overall_A_mok_df_water,state,"Một cách tiếp cận thận trọng tạo ra một khởi đầu vững chắc, và năng lượng ẩm sẽ thanh lọc tâm trí một cách sâu sắc và mở ra tầm nhìn rõ ràng.",1
overall_A_mok_df_wood,intro,Đây là một ngày mà tử vi tổng thể tràn đầy năng lượng tăng trưởng và cơ hội phát triển.,1
overall_A_mok_df_wood,effect,Năng lượng tăng trưởng toàn diện tạo cơ hội trên mọi lĩnh vực.,1
overall_A_mok_df_wood,action,"Nếu bạn tích cực đón nhận những thử thách mới, kết quả tốt đẹp sẽ đến.",1
overall_A_mok_df_wood,state,"Cách tiếp cận thận trọng tạo nên sự khởi đầu vững chắc, năng lượng năng động mở ra những khả năng mới.",1
overall_A_mok_ex_earth,intro,Đây là một ngày mà tử vi tổng thể tràn đầy năng lượng tăng trưởng và cơ hội phát triển.,1
overall_A_mok_ex_earth,effect,Năng lượng tăng trưởng toàn diện tạo cơ hội trên mọi lĩnh vực.,1
overall_A_mok_ex_earth,action,"Nếu bạn tích cực đón nhận những thử thách mới, kết quả tốt đẹp sẽ đến.",1
overall_A_mok_ex_earth,state,"Một ý chí mạnh mẽ sẽ tích cực mở ra những cơ hội mới, và một năng lượng bình tĩnh làm tăng sự thận trọng, dẫn đến kết quả tốt.",1
overall_A_mok_ex_fire,intro,Đây là một ngày mà tử vi tổng thể tràn đầy năng lượng tăng trưởng và cơ hội phát triển.,1
overall_A_mok_ex_fire,effect,Năng lượng tăng trưởng toàn diện tạo cơ hội trên mọi lĩnh vực.,1
overall_A_mok_ex_fire,action,"Nếu bạn tích cực đón nhận những thử thách mới, kết quả tốt đẹp sẽ đến.",1
overall_A_mok_ex_fire,state,"Ý chí mạnh mẽ sẽ tích cực mở ra những cơ hội mới, nguồn năng lượng sáng rõ làm tăng sinh lực và tạo nên dòng chảy tốt đẹp.",1
overall_A_mok_ex_water,intro,Đây là một ngày mà tử vi tổng thể tràn đầy năng lượng tăng trưởng và cơ hội phát triển.,1
overall_A_mok_ex_water,effect,Năng lượng tăng trưởng toàn diện tạo cơ hội trên mọi lĩnh vực.,1
overall_A_mok_ex_water,action,"Nếu bạn tích cực đón nhận những thử thách mới, kết quả tốt đẹp sẽ đến.",1
overall_A_mok_ex_water,state,"Ý chí mạnh mẽ sẽ tích cực mở ra những cơ hội mới, năng lượng ẩm sẽ rèn luyện tâm trí một cách sâu sắc và mở ra tầm nhìn rõ ràng.",1
overall_A_mok_ex_wood,intro,Đây là một ngày mà tử vi tổng thể tràn đầy năng lượng tăng trưởng và cơ hội phát triển.,1
overall_A_mok_ex_wood,effect,Năng lượng tăng trưởng toàn diện tạo cơ hội trên mọi lĩnh vực.,1
overall_A_mok_ex_wood,action,"Nếu bạn tích cực đón nhận những thử thách mới, kết quả tốt đẹp sẽ đến.",1
overall_A_mok_ex_wood,state,"Một ý chí mạnh mẽ sẽ tích cực mở ra những cơ hội mới, và một năng lượng năng động sẽ mở ra những khả năng mới.",1
overall_A_su_df_earth,intro,"Mọi thứ trôi chảy một cách tự nhiên, khiến cả ngày trôi qua trôi chảy.",1
overall_A_su_df_earth,effect,Dòng vận may không ngừng nghỉ sẽ mang lại thành quả cho mọi nỗ lực của bạn.,1
overall_A_su_df_earth,action,"Nếu bạn đi theo dòng chảy và di chuyển một cách tự nhiên, bạn sẽ nhận được kết quả như mong muốn.",1
overall_A_su_df_earth,state,"Một trung tâm vững chắc giúp bạn duy trì phương hướng của mình mà không dao động, và một năng lượng bình tĩnh làm tăng sự thận trọng, dẫn đến kết quả tốt.",1
overall_A_su_df_fire,intro,"Mọi thứ trôi chảy một cách tự nhiên, khiến cả ngày trôi qua trôi chảy.",1
overall_A_su_df_fire,effect,Dòng vận may không ngừng nghỉ sẽ mang lại thành quả cho mọi nỗ lực của bạn.,1
overall_A_su_df_fire,action,"Nếu bạn đi theo dòng chảy và di chuyển một cách tự nhiên, bạn sẽ nhận được kết quả như mong muốn.",1
overall_A_su_df_fire,state,"Một trung tâm vững chắc giúp bạn đi đúng hướng mà không dao động, và nguồn năng lượng sáng rõ sẽ tăng cường sinh lực và tạo ra một dòng chảy tốt.",1
overall_A_su_df_water,intro,"Mọi thứ trôi chảy một cách tự nhiên, khiến cả ngày trôi qua trôi chảy.",1
overall_A_su_df_water,effect,Dòng vận may không ngừng nghỉ sẽ mang lại thành quả cho mọi nỗ lực của bạn.,1
overall_A_su_df_water,action,"Nếu bạn đi theo dòng chảy và di chuyển một cách tự nhiên, bạn sẽ nhận được kết quả như mong muốn.",1
overall_A_su_df_water,state,"Một trung tâm vững chắc giúp bạn giữ vững phương hướng mà không dao động, và năng lượng ẩm sẽ thanh lọc tâm trí bạn một cách sâu sắc và mở ra tầm nhìn rõ ràng.",1
overall_A_su_df_wood,intro,"Mọi thứ trôi chảy một cách tự nhiên, khiến cả ngày trôi qua trôi chảy.",1
overall_A_su_df_wood,effect,Dòng vận may không ngừng nghỉ sẽ mang lại thành quả cho mọi nỗ lực của bạn.,1
overall_A_su_df_wood,action,"Nếu bạn đi theo dòng chảy và di chuyển một cách tự nhiên, bạn sẽ nhận được kết quả như mong muốn.",1
overall_A_su_df_wood,state,"Một trung tâm vững chắc duy trì phương hướng mà không dao động, và năng lượng động mở ra những khả năng mới.",1
overall_A_su_ex_earth,intro,"Mọi thứ trôi chảy một cách tự nhiên, khiến cả ngày trôi qua trôi chảy.",1
overall_A_su_ex_earth,effect,Dòng vận may không ngừng nghỉ sẽ mang lại thành quả cho mọi nỗ lực của bạn.,1
overall_A_su_ex_earth,action,"Nếu bạn đi theo dòng chảy và di chuyển một cách tự nhiên, bạn sẽ nhận được kết quả như mong muốn.",1
overall_A_su_ex_earth,state,"Sự nhạy cảm phong phú dẫn đến cái nhìn sâu sắc và giúp phán đoán tốt, năng lượng bình tĩnh làm tăng sự thận trọng, dẫn đến kết quả tốt.",1
overall_A_su_ex_fire,intro,"Mọi thứ trôi chảy một cách tự nhiên, khiến cả ngày trôi qua trôi chảy.",1
overall_A_su_ex_fire,effect,Dòng vận may không ngừng nghỉ sẽ mang lại thành quả cho mọi nỗ lực của bạn.,1
overall_A_su_ex_fire,action,"Nếu bạn đi theo dòng chảy và di chuyển một cách tự nhiên, bạn sẽ nhận được kết quả như mong muốn.",1
overall_A_su_ex_fire,state,"Sự nhạy cảm phong phú dẫn đến cái nhìn sâu sắc và giúp đưa ra những quyết định đúng đắn, đồng thời năng lượng rõ ràng làm tăng sức sống và tạo ra một dòng chảy tốt.",1
overall_A_su_ex_water,intro,"Mọi thứ trôi chảy một cách tự nhiên, khiến cả ngày trôi qua trôi chảy.",1
overall_A_su_ex_water,effect,Dòng vận may không ngừng nghỉ sẽ mang lại thành quả cho mọi nỗ lực của bạn.,1
overall_A_su_ex_water,action,"Nếu bạn đi theo dòng chảy và di chuyển một cách tự nhiên, bạn sẽ nhận được kết quả như mong muốn.",1
overall_A_su_ex_water,state,"Sự nhạy cảm phong phú dẫn đến cái nhìn sâu sắc và giúp phán đoán tốt, đồng thời năng lượng ẩm giúp thanh lọc tâm trí một cách sâu sắc và mở ra tầm nhìn rõ ràng.",1
overall_A_su_ex_wood,intro,"Mọi thứ trôi chảy một cách tự nhiên, khiến cả ngày trôi qua trôi chảy.",1
overall_A_su_ex_wood,effect,Dòng vận may không ngừng nghỉ sẽ mang lại thành quả cho mọi nỗ lực của bạn.,1
overall_A_su_ex_wood,action,"Nếu bạn đi theo dòng chảy và di chuyển một cách tự nhiên, bạn sẽ nhận được kết quả như mong muốn.",1
overall_A_su_ex_wood,state,"Sự nhạy cảm phong phú dẫn đến cái nhìn sâu sắc và giúp đưa ra những quyết định đúng đắn, đồng thời năng lượng năng động mở ra những khả năng mới.",1
overall_A_to_df_earth,intro,Đó là một ngày yên bình và ổn định với một nguồn năng lượng êm dịu tổng thể tràn ngập suốt cả ngày.,1
overall_A_to_df_earth,effect,Nền tảng tài chính tổng thể vững chắc đảm bảo hoạt động ổn định trong mọi lĩnh vực.,1
overall_A_to_df_earth,action,"Nếu bạn di chuyển cẩn thận và nhất quán, bạn sẽ đạt được kết quả rõ ràng.",1
overall_A_to_df_earth,state,"Một thái độ linh hoạt cho phép bạn chấp nhận những xu hướng mới một cách tự nhiên, và năng lượng bình tĩnh sẽ làm tăng sự thận trọng, dẫn đến kết quả tốt.",1
overall_A_to_df_fire,intro,Đó là một ngày yên bình và ổn định với một nguồn năng lượng êm dịu tổng thể tràn ngập suốt cả ngày.,1
overall_A_to_df_fire,effect,Nền tảng tài chính tổng thể vững chắc đảm bảo hoạt động ổn định trong mọi lĩnh vực.,1
overall_A_to_df_fire,action,"Nếu bạn di chuyển cẩn thận và nhất quán, bạn sẽ đạt được kết quả rõ ràng.",1
overall_A_to_df_fire,state,"Một thái độ linh hoạt cho phép bạn chấp nhận những xu hướng mới một cách tự nhiên, năng lượng rõ ràng làm tăng sức sống và tạo ra một dòng chảy tốt.",1
overall_A_to_df_water,intro,Đó là một ngày yên bình và ổn định với một nguồn năng lượng êm dịu tổng thể tràn ngập suốt cả ngày.,1
overall_A_to_df_water,effect,Nền tảng tài chính tổng thể vững chắc đảm bảo hoạt động ổn định trong mọi lĩnh vực.,1
overall_A_to_df_water,action,"Nếu bạn di chuyển cẩn thận và nhất quán, bạn sẽ đạt được kết quả rõ ràng.",1
overall_A_to_df_water,state,"Một thái độ linh hoạt cho phép bạn chấp nhận các xu hướng mới một cách tự nhiên, và năng lượng ẩm sẽ thanh lọc tâm trí một cách sâu sắc và mở ra tầm nhìn rõ ràng.",1
overall_A_to_df_wood,intro,Đó là một ngày yên bình và ổn định với một nguồn năng lượng êm dịu tổng thể tràn ngập suốt cả ngày.,1
overall_A_to_df_wood,effect,Nền tảng tài chính tổng thể vững chắc đảm bảo hoạt động ổn định trong mọi lĩnh vực.,1
overall_A_to_df_wood,action,"Nếu bạn di chuyển cẩn thận và nhất quán, bạn sẽ đạt được kết quả rõ ràng.",1
overall_A_to_df_wood,state,Một thái độ linh hoạt cho phép bạn chấp nhận những xu hướng mới một cách tự nhiên và năng lượng năng động sẽ mở ra những khả năng mới.,1
overall_A_to_ex_earth,intro,Đó là một ngày yên bình và ổn định với một nguồn năng lượng êm dịu tổng thể tràn ngập suốt cả ngày.,1
overall_A_to_ex_earth,effect,Nền tảng tài chính tổng thể vững chắc đảm bảo hoạt động ổn định trong mọi lĩnh vực.,1
overall_A_to_ex_earth,action,"Nếu bạn di chuyển cẩn thận và nhất quán, bạn sẽ đạt được kết quả rõ ràng.",1
overall_A_to_ex_earth,state,"Một cảm giác ổn định mạnh mẽ trở thành nền tảng vững chắc cho mọi việc, và một năng lượng bình tĩnh làm tăng tính thận trọng, dẫn đến kết quả tốt.",1
overall_A_to_ex_fire,intro,Đó là một ngày yên bình và ổn định với một nguồn năng lượng êm dịu tổng thể tràn ngập suốt cả ngày.,1
overall_A_to_ex_fire,effect,Nền tảng tài chính tổng thể vững chắc đảm bảo hoạt động ổn định trong mọi lĩnh vực.,1
overall_A_to_ex_fire,action,"Nếu bạn di chuyển cẩn thận và nhất quán, bạn sẽ đạt được kết quả rõ ràng.",1
overall_A_to_ex_fire,state,"Cảm giác ổn định mạnh mẽ trở thành nền tảng vững chắc cho mọi thứ, nguồn năng lượng sáng rõ tăng cường sức sống và tạo ra một dòng chảy tốt.",1
overall_A_to_ex_water,intro,Đó là một ngày yên bình và ổn định với một nguồn năng lượng êm dịu tổng thể tràn ngập suốt cả ngày.,1
overall_A_to_ex_water,effect,Nền tảng tài chính tổng thể vững chắc đảm bảo hoạt động ổn định trong mọi lĩnh vực.,1
overall_A_to_ex_water,action,"Nếu bạn di chuyển cẩn thận và nhất quán, bạn sẽ đạt được kết quả rõ ràng.",1
overall_A_to_ex_water,state,"Cảm giác ổn định mạnh mẽ trở thành nền tảng vững chắc cho mọi thứ, và năng lượng ẩm sẽ thanh lọc tâm trí một cách sâu sắc và mở ra tầm nhìn rõ ràng.",1
overall_A_to_ex_wood,intro,Đó là một ngày yên bình và ổn định với một nguồn năng lượng êm dịu tổng thể tràn ngập suốt cả ngày.,1
overall_A_to_ex_wood,effect,Nền tảng tài chính tổng thể vững chắc đảm bảo hoạt động ổn định trong mọi lĩnh vực.,1
overall_A_to_ex_wood,action,"Nếu bạn di chuyển cẩn thận và nhất quán, bạn sẽ đạt được kết quả rõ ràng.",1
overall_A_to_ex_wood,state,Cảm giác ổn định mạnh mẽ mang lại nền tảng vững chắc cho mọi thứ và năng lượng năng động mở ra những khả năng mới.,1
overall_B,intro,"Hôm nay, nửa đầu ngày diễn ra suôn sẻ và mọi việc diễn ra tốt đẹp.",1
overall_B,intro,"Hôm nay, năng lượng của bạn sẽ ổn định, giúp bạn bình tĩnh theo đuổi những điều mình muốn.",1
overall_B,effect,"Nếu chú ý hơn một chút, rất có thể bạn sẽ nhận được kết quả vượt xa sự mong đợi của mình.",1
overall_B,effect,Các xu hướng lớn và nhỏ thường có lợi cho bạn.,1
overall_B,action,Hiệu quả sẽ tăng lên nếu bạn giải quyết những nhiệm vụ quan trọng nhất trước khi bạn có năng lượng tốt ngày hôm nay.,1
overall_B,action,Vì bạn có nhiều động lực hơn bình thường nên hãy thử tập trung giải quyết từng nhiệm vụ mà bạn đang trì hoãn.,1
overall_B_geum_df_earth,intro,Tử vi tổng thể tốt và hầu hết thời gian trong ngày đều trôi chảy.,1
overall_B_geum_df_earth,effect,Vận may tổng thể ổn định hỗ trợ kết quả tốt trong các hoạt động quan trọng.,1
overall_B_geum_df_earth,action,Tập trung vào các hoạt động quan trọng và xây dựng kết quả ổn định.,1
overall_B_geum_df_earth,state,"Ngay cả khi quyết tâm của bạn trở nên mờ mịt, dòng chảy của cuộc sống hàng ngày vẫn tiếp tục suôn sẻ, và năng lượng mây mù làm tăng thêm bầu không khí tĩnh lặng, tạo cảm giác yên bình.",1
overall_B_geum_df_fire,intro,Tử vi tổng thể tốt và hầu hết thời gian trong ngày đều trôi chảy.,1
overall_B_geum_df_fire,effect,Vận may tổng thể ổn định hỗ trợ kết quả tốt trong các hoạt động quan trọng.,1
overall_B_geum_df_fire,action,Tập trung vào các hoạt động quan trọng và xây dựng kết quả ổn định.,1
overall_B_geum_df_fire,state,"Ngay cả khi quyết tâm của bạn trở nên mờ mịt, dòng chảy cuộc sống hàng ngày của bạn vẫn tiếp tục suôn sẻ, và nguồn năng lượng sáng rõ tiếp thêm sức sống nhẹ nhàng, tạo nên một dòng chảy trôi chảy.",1
overall_B_geum_df_water,intro,Tử vi tổng thể tốt và hầu hết thời gian trong ngày đều trôi chảy.,1
overall_B_geum_df_water,effect,Vận may tổng thể ổn định hỗ trợ kết quả tốt trong các hoạt động quan trọng.,1
overall_B_geum_df_water,action,Tập trung vào các hoạt động quan trọng và xây dựng kết quả ổn định.,1
overall_B_geum_df_water,state,"Ngay cả khi quyết tâm của bạn trở nên buồn tẻ, dòng chảy của cuộc sống hàng ngày vẫn tiếp tục suôn sẻ và nguồn năng lượng mềm mại mang lại cảm giác êm đềm kéo dài cho cảm xúc của bạn.",1
overall_B_geum_df_wood,intro,Tử vi tổng thể tốt và hầu hết thời gian trong ngày đều trôi chảy.,1
overall_B_geum_df_wood,effect,Vận may tổng thể ổn định hỗ trợ kết quả tốt trong các hoạt động quan trọng.,1
overall_B_geum_df_wood,action,Tập trung vào các hoạt động quan trọng và xây dựng kết quả ổn định.,1
overall_B_geum_df_wood,state,"Ngay cả khi quyết tâm của bạn trở nên mờ mịt, dòng chảy của cuộc sống hàng ngày vẫn tiếp tục suôn sẻ và năng lượng thay đổi nhỏ sẽ bổ sung thêm sự kích thích thích hợp.",1
overall_B_geum_ex_earth,intro,Tử vi tổng thể tốt và hầu hết thời gian trong ngày đều trôi chảy.,1
overall_B_geum_ex_earth,effect,Vận may tổng thể ổn định hỗ trợ kết quả tốt trong các hoạt động quan trọng.,1
overall_B_geum_ex_earth,action,Tập trung vào các hoạt động quan trọng và xây dựng kết quả ổn định.,1
overall_B_geum_ex_earth,state,"Khả năng phán đoán mang tính phân tích diễn ra một cách tự nhiên với tốc độ thông thường và nguồn năng lượng trầm góp phần tạo nên bầu không khí yên tĩnh, tạo cảm giác yên bình.",1
overall_B_geum_ex_fire,intro,Tử vi tổng thể tốt và hầu hết thời gian trong ngày đều trôi chảy.,1
overall_B_geum_ex_fire,effect,Vận may tổng thể ổn định hỗ trợ kết quả tốt trong các hoạt động quan trọng.,1
overall_B_geum_ex_fire,action,Tập trung vào các hoạt động quan trọng và xây dựng kết quả ổn định.,1
overall_B_geum_ex_fire,state,"Phán đoán phân tích diễn ra theo nhịp độ thông thường một cách tự nhiên và nguồn năng lượng sáng rõ tiếp thêm sức sống nhẹ nhàng, tạo nên một dòng chảy trôi chảy.",1
overall_B_geum_ex_water,intro,Tử vi tổng thể tốt và hầu hết thời gian trong ngày đều trôi chảy.,1
overall_B_geum_ex_water,effect,Vận may tổng thể ổn định hỗ trợ kết quả tốt trong các hoạt động quan trọng.,1
overall_B_geum_ex_water,action,Tập trung vào các hoạt động quan trọng và xây dựng kết quả ổn định.,1
overall_B_geum_ex_water,state,Khả năng phán đoán mang tính phân tích diễn ra một cách tự nhiên theo tốc độ thông thường của bạn và nguồn năng lượng mềm mại sẽ mang lại dư vị êm dịu cho cảm xúc của bạn.,1
overall_B_geum_ex_wood,intro,Tử vi tổng thể tốt và hầu hết thời gian trong ngày đều trôi chảy.,1
overall_B_geum_ex_wood,effect,Vận may tổng thể ổn định hỗ trợ kết quả tốt trong các hoạt động quan trọng.,1
overall_B_geum_ex_wood,action,Tập trung vào các hoạt động quan trọng và xây dựng kết quả ổn định.,1
overall_B_geum_ex_wood,state,Phán đoán mang tính phân tích diễn ra theo nhịp độ thông thường một cách tự nhiên và năng lượng thay đổi nhỏ sẽ tạo thêm sự kích thích thích hợp.,1
overall_B_hwa_df_earth,intro,Đây là một ngày tốt để có động lực vì năng lượng tổng thể của bạn vẫn ở mức trên mức trung bình.,1
overall_B_hwa_df_earth,effect,Đủ năng lượng tạo ra kết quả cân bằng trong nhiều lĩnh vực khác nhau.,1
overall_B_hwa_df_earth,action,"Khi bạn tràn đầy năng lượng, hãy giải quyết những nhiệm vụ quan trọng nhất trước tiên.",1
overall_B_hwa_df_earth,state,"Mặc dù biểu hiện bị hạn chế nhưng sự ổn định của mối quan hệ vẫn dễ dàng được duy trì và nguồn năng lượng trầm làm tăng thêm bầu không khí yên tĩnh, dẫn đến cảm giác yên bình.",1
overall_B_hwa_df_fire,intro,Đây là một ngày tốt để có động lực vì năng lượng tổng thể của bạn vẫn ở mức trên mức trung bình.,1
overall_B_hwa_df_fire,effect,Đủ năng lượng tạo ra kết quả cân bằng trong nhiều lĩnh vực khác nhau.,1
overall_B_hwa_df_fire,action,"Khi bạn tràn đầy năng lượng, hãy giải quyết những nhiệm vụ quan trọng nhất trước tiên.",1
overall_B_hwa_df_fire,state,"Ngay cả khi hạn chế biểu hiện, sự ổn định của mối quan hệ vẫn dễ dàng được duy trì, nguồn năng lượng sáng rõ tiếp thêm sức sống nhẹ nhàng, tạo nên dòng chảy trôi chảy.",1
overall_B_hwa_df_water,intro,Đây là một ngày tốt để có động lực vì năng lượng tổng thể của bạn vẫn ở mức trên mức trung bình.,1
overall_B_hwa_df_water,effect,Đủ năng lượng tạo ra kết quả cân bằng trong nhiều lĩnh vực khác nhau.,1
overall_B_hwa_df_water,action,"Khi bạn tràn đầy năng lượng, hãy giải quyết những nhiệm vụ quan trọng nhất trước tiên.",1
overall_B_hwa_df_water,state,"Ngay cả khi những biểu hiện bị hạn chế, sự ổn định của mối quan hệ vẫn dễ dàng được duy trì và nguồn năng lượng mềm mại mang lại cảm giác êm đềm kéo dài cho cảm xúc.",1
overall_B_hwa_df_wood,intro,Đây là một ngày tốt để có động lực vì năng lượng tổng thể của bạn vẫn ở mức trên mức trung bình.,1
overall_B_hwa_df_wood,effect,Đủ năng lượng tạo ra kết quả cân bằng trong nhiều lĩnh vực khác nhau.,1
overall_B_hwa_df_wood,action,"Khi bạn tràn đầy năng lượng, hãy giải quyết những nhiệm vụ quan trọng nhất trước tiên.",1
overall_B_hwa_df_wood,state,"Ngay cả khi những biểu hiện bị hạn chế, sự ổn định của mối quan hệ vẫn dễ dàng được duy trì và năng lượng thay đổi nhỏ sẽ tăng thêm sự kích thích thích hợp.",1
overall_B_hwa_ex_earth,intro,Đây là một ngày tốt để có động lực vì năng lượng tổng thể của bạn vẫn ở mức trên mức trung bình.,1
overall_B_hwa_ex_earth,effect,Đủ năng lượng tạo ra kết quả cân bằng trong nhiều lĩnh vực khác nhau.,1
overall_B_hwa_ex_earth,action,"Khi bạn tràn đầy năng lượng, hãy giải quyết những nhiệm vụ quan trọng nhất trước tiên.",1
overall_B_hwa_ex_earth,state,"Niềm đam mê còn sống nhưng sự cân bằng cũng được duy trì, dẫn đến một ngày ổn định, năng lượng mây mù tạo thêm bầu không khí tĩnh lặng, dẫn đến sự thanh thản.",1
overall_B_hwa_ex_fire,intro,Đây là một ngày tốt để có động lực vì năng lượng tổng thể của bạn vẫn ở mức trên mức trung bình.,1
overall_B_hwa_ex_fire,effect,Đủ năng lượng tạo ra kết quả cân bằng trong nhiều lĩnh vực khác nhau.,1
overall_B_hwa_ex_fire,action,"Khi bạn tràn đầy năng lượng, hãy giải quyết những nhiệm vụ quan trọng nhất trước tiên.",1
overall_B_hwa_ex_fire,state,"Niềm đam mê còn sống nhưng sự cân bằng cũng được duy trì, dẫn đến một ngày ổn định, nguồn năng lượng sáng rõ tiếp thêm sức sống nhẹ nhàng, tạo nên dòng chảy trôi chảy.",1
overall_B_hwa_ex_water,intro,Đây là một ngày tốt để có động lực vì năng lượng tổng thể của bạn vẫn ở mức trên mức trung bình.,1
overall_B_hwa_ex_water,effect,Đủ năng lượng tạo ra kết quả cân bằng trong nhiều lĩnh vực khác nhau.,1
overall_B_hwa_ex_water,action,"Khi bạn tràn đầy năng lượng, hãy giải quyết những nhiệm vụ quan trọng nhất trước tiên.",1
overall_B_hwa_ex_water,state,"Niềm đam mê vẫn tồn tại và sự cân bằng được duy trì, dẫn đến một ngày ổn định và nguồn năng lượng mềm mại mang lại cảm giác êm đềm kéo dài cho cảm xúc.",1
overall_B_hwa_ex_wood,intro,Đây là một ngày tốt để có động lực vì năng lượng tổng thể của bạn vẫn ở mức trên mức trung bình.,1
overall_B_hwa_ex_wood,effect,Đủ năng lượng tạo ra kết quả cân bằng trong nhiều lĩnh vực khác nhau.,1
overall_B_hwa_ex_wood,action,"Khi bạn tràn đầy năng lượng, hãy giải quyết những nhiệm vụ quan trọng nhất trước tiên.",1
overall_B_hwa_ex_wood,state,"Niềm đam mê sống động và cân bằng, dẫn đến một ngày ổn định, và một chút năng lượng thay đổi sẽ bổ sung thêm sự kích thích thích hợp.",1
overall_B_mok_df_earth,intro,Đó là ngày mà năng lượng tăng trưởng toàn diện được tích cực vận hành và phát triển toàn diện.,1
overall_B_mok_df_earth,effect,"Năng lượng tăng trưởng đang hoạt động trong nhiều lĩnh vực khác nhau, dẫn đến xu hướng đi lên chung.",1
overall_B_mok_df_earth,action,Tiếp tục tiến bộ của bạn bằng cách tích cực nắm bắt các cơ hội tăng trưởng.,1
overall_B_mok_df_earth,state,"Ngay cả khi bạn thận trọng khi thử những điều mới, cuộc sống hàng ngày của bạn vẫn trôi chảy đều đặn và nguồn năng lượng trầm càng tạo thêm bầu không khí tĩnh lặng, dẫn đến cảm giác yên bình.",1
overall_B_mok_df_fire,intro,Đó là ngày mà năng lượng tăng trưởng toàn diện được tích cực vận hành và phát triển toàn diện.,1
overall_B_mok_df_fire,effect,"Năng lượng tăng trưởng đang hoạt động trong nhiều lĩnh vực khác nhau, dẫn đến xu hướng đi lên chung.",1
overall_B_mok_df_fire,action,Tiếp tục tiến bộ của bạn bằng cách tích cực nắm bắt các cơ hội tăng trưởng.,1
overall_B_mok_df_fire,state,"Ngay cả khi bạn thận trọng khi thử những điều mới, cuộc sống hàng ngày của bạn vẫn trôi chảy đều đặn và nguồn năng lượng sáng rõ tiếp thêm sức sống nhẹ nhàng, tạo nên một dòng chảy trôi chảy.",1
overall_B_mok_df_water,intro,Đó là ngày mà năng lượng tăng trưởng toàn diện được tích cực vận hành và phát triển toàn diện.,1
overall_B_mok_df_water,effect,"Năng lượng tăng trưởng đang hoạt động trong nhiều lĩnh vực khác nhau, dẫn đến xu hướng đi lên chung.",1
overall_B_mok_df_water,action,Tiếp tục tiến bộ của bạn bằng cách tích cực nắm bắt các cơ hội tăng trưởng.,1
overall_B_mok_df_water,state,"Ngay cả khi bạn thận trọng khi thử những điều mới, cuộc sống hàng ngày của bạn vẫn trôi chảy đều đặn và nguồn năng lượng mềm mại sẽ mang lại cảm giác êm đềm kéo dài cho cảm xúc của bạn.",1
overall_B_mok_df_wood,intro,Đó là ngày mà năng lượng tăng trưởng toàn diện được tích cực vận hành và phát triển toàn diện.,1
overall_B_mok_df_wood,effect,"Năng lượng tăng trưởng đang hoạt động trong nhiều lĩnh vực khác nhau, dẫn đến xu hướng đi lên chung.",1
overall_B_mok_df_wood,action,Tiếp tục tiến bộ của bạn bằng cách tích cực nắm bắt các cơ hội tăng trưởng.,1
overall_B_mok_df_wood,state,"Ngay cả khi bạn thận trọng khi thử những điều mới, cuộc sống hàng ngày của bạn vẫn trôi chảy đều đặn và một chút năng lượng của sự thay đổi sẽ tạo thêm sự kích thích thích hợp.",1
overall_B_mok_ex_earth,intro,Đó là ngày mà năng lượng tăng trưởng toàn diện được tích cực vận hành và phát triển toàn diện.,1
overall_B_mok_ex_earth,effect,"Năng lượng tăng trưởng đang hoạt động trong nhiều lĩnh vực khác nhau, dẫn đến xu hướng đi lên chung.",1
overall_B_mok_ex_earth,action,Tiếp tục tiến bộ của bạn bằng cách tích cực nắm bắt các cơ hội tăng trưởng.,1
overall_B_mok_ex_earth,state,"Động lực vững chắc sẽ tiến bộ từng bước một, năng lượng vẩn đục làm tăng thêm bầu không khí tĩnh lặng, dẫn đến sự tĩnh lặng.",1
overall_B_mok_ex_fire,intro,Đó là ngày mà năng lượng tăng trưởng toàn diện được tích cực vận hành và phát triển toàn diện.,1
overall_B_mok_ex_fire,effect,"Năng lượng tăng trưởng đang hoạt động trong nhiều lĩnh vực khác nhau, dẫn đến xu hướng đi lên chung.",1
overall_B_mok_ex_fire,action,Tiếp tục tiến bộ của bạn bằng cách tích cực nắm bắt các cơ hội tăng trưởng.,1
overall_B_mok_ex_fire,state,"Động lực vững chắc giúp bạn tiến bộ từng bước, nguồn năng lượng sáng rõ tiếp thêm sức sống nhẹ nhàng, tạo nên một dòng chảy trôi chảy.",1
overall_B_mok_ex_water,intro,Đó là ngày mà năng lượng tăng trưởng toàn diện được tích cực vận hành và phát triển toàn diện.,1
overall_B_mok_ex_water,effect,"Năng lượng tăng trưởng đang hoạt động trong nhiều lĩnh vực khác nhau, dẫn đến xu hướng đi lên chung.",1
overall_B_mok_ex_water,action,Tiếp tục tiến bộ của bạn bằng cách tích cực nắm bắt các cơ hội tăng trưởng.,1
overall_B_mok_ex_water,state,Động lực ổn định sẽ tiến bộ từng bước và nguồn năng lượng mềm mại tạo thêm cảm giác êm đềm kéo dài cho cảm xúc.,1
overall_B_mok_ex_wood,intro,Đó là ngày mà năng lượng tăng trưởng toàn diện được tích cực vận hành và phát triển toàn diện.,1
overall_B_mok_ex_wood,effect,"Năng lượng tăng trưởng đang hoạt động trong nhiều lĩnh vực khác nhau, dẫn đến xu hướng đi lên chung.",1
overall_B_mok_ex_wood,action,Tiếp tục tiến bộ của bạn bằng cách tích cực nắm bắt các cơ hội tăng trưởng.,1
overall_B_mok_ex_wood,state,"Động lực ổn định làm cho sự tiến bộ bình thường từng bước một, và năng lượng thay đổi yếu sẽ bổ sung thêm sự kích thích thích hợp.",1
overall_B_su_df_earth,intro,"Dòng chảy tổng thể ổn định, làm cho ngày trở thành một ngày tốt đẹp.",1
overall_B_su_df_earth,effect,Một dòng chảy trôi chảy kết nối mọi hoạt động một cách suôn sẻ.,1
overall_B_su_df_earth,action,"Nếu bạn đi theo dòng chảy và di chuyển theo kế hoạch, bạn có thể đạt được kết quả như mong muốn.",1
overall_B_su_df_earth,state,"Mặc dù có phần thiếu linh hoạt, nhưng nhịp điệu cơ bản vẫn được duy trì mà không gặp khó khăn gì, năng lượng mây mù tăng thêm bầu không khí tĩnh lặng, dẫn đến cảm giác yên bình.",1
overall_B_su_df_fire,intro,"Dòng chảy tổng thể ổn định, làm cho ngày trở thành một ngày tốt đẹp.",1
overall_B_su_df_fire,effect,Một dòng chảy trôi chảy kết nối mọi hoạt động một cách suôn sẻ.,1
overall_B_su_df_fire,action,"Nếu bạn đi theo dòng chảy và di chuyển theo kế hoạch, bạn có thể đạt được kết quả như mong muốn.",1
overall_B_su_df_fire,state,"Mặc dù có phần thiếu linh hoạt nhưng nhịp điệu cơ bản vẫn được duy trì mà không gặp khó khăn gì, nguồn năng lượng sáng rõ tiếp thêm sức sống nhẹ nhàng, tạo nên một dòng chảy trôi chảy.",1
overall_B_su_df_water,intro,"Dòng chảy tổng thể ổn định, làm cho ngày trở thành một ngày tốt đẹp.",1
overall_B_su_df_water,effect,Một dòng chảy trôi chảy kết nối mọi hoạt động một cách suôn sẻ.,1
overall_B_su_df_water,action,"Nếu bạn đi theo dòng chảy và di chuyển theo kế hoạch, bạn có thể đạt được kết quả như mong muốn.",1
overall_B_su_df_water,state,"Mặc dù thiếu linh hoạt, nhưng nhịp điệu cơ bản vẫn được duy trì mà không gặp khó khăn gì, và nguồn năng lượng mềm mại mang lại cảm giác êm dịu kéo dài cho cảm xúc.",1
overall_B_su_df_wood,intro,"Dòng chảy tổng thể ổn định, làm cho ngày trở thành một ngày tốt đẹp.",1
overall_B_su_df_wood,effect,Một dòng chảy trôi chảy kết nối mọi hoạt động một cách suôn sẻ.,1
overall_B_su_df_wood,action,"Nếu bạn đi theo dòng chảy và di chuyển theo kế hoạch, bạn có thể đạt được kết quả như mong muốn.",1
overall_B_su_df_wood,state,"Mặc dù có phần thiếu linh hoạt, nhưng nhịp điệu cơ bản vẫn được duy trì mà không gặp khó khăn gì, và một chút năng lượng thay đổi sẽ tăng thêm sự kích thích thích hợp.",1
overall_B_su_ex_earth,intro,"Dòng chảy tổng thể ổn định, làm cho ngày trở thành một ngày tốt đẹp.",1
overall_B_su_ex_earth,effect,Một dòng chảy trôi chảy kết nối mọi hoạt động một cách suôn sẻ.,1
overall_B_su_ex_earth,action,"Nếu bạn đi theo dòng chảy và di chuyển theo kế hoạch, bạn có thể đạt được kết quả như mong muốn.",1
overall_B_su_ex_earth,state,"Một ngày tràn ngập cảm xúc, khiến nó trở thành một ngày tập trung hơn bình thường, và nguồn năng lượng trầm tạo thêm bầu không khí tĩnh lặng, dẫn đến cảm giác yên bình.",1
overall_B_su_ex_fire,intro,"Dòng chảy tổng thể ổn định, làm cho ngày trở thành một ngày tốt đẹp.",1
overall_B_su_ex_fire,effect,Một dòng chảy trôi chảy kết nối mọi hoạt động một cách suôn sẻ.,1
overall_B_su_ex_fire,action,"Nếu bạn đi theo dòng chảy và di chuyển theo kế hoạch, bạn có thể đạt được kết quả như mong muốn.",1
overall_B_su_ex_fire,state,"Một ngày giàu cảm xúc khiến nó trở thành một ngày tập trung hơn bình thường, nguồn năng lượng sáng rõ tiếp thêm sức sống nhẹ nhàng, tạo nên một dòng chảy trôi chảy.",1
overall_B_su_ex_water,intro,"Dòng chảy tổng thể ổn định, làm cho ngày trở thành một ngày tốt đẹp.",1
overall_B_su_ex_water,effect,Một dòng chảy trôi chảy kết nối mọi hoạt động một cách suôn sẻ.,1
overall_B_su_ex_water,action,"Nếu bạn đi theo dòng chảy và di chuyển theo kế hoạch, bạn có thể đạt được kết quả như mong muốn.",1
overall_B_su_ex_water,state,"Một ngày tràn ngập cảm xúc, khiến bạn chú ý hơn bình thường và nguồn năng lượng mềm mại tạo thêm dư vị êm dịu cho cảm xúc của bạn.",1
overall_B_su_ex_wood,intro,"Dòng chảy tổng thể ổn định, làm cho ngày trở thành một ngày tốt đẹp.",1
overall_B_su_ex_wood,effect,Một dòng chảy trôi chảy kết nối mọi hoạt động một cách suôn sẻ.,1
overall_B_su_ex_wood,action,"Nếu bạn đi theo dòng chảy và di chuyển theo kế hoạch, bạn có thể đạt được kết quả như mong muốn.",1
overall_B_su_ex_wood,state,"Một ngày tràn ngập cảm xúc, khiến nó trở thành một ngày tập trung hơn bình thường và một chút năng lượng thay đổi sẽ tạo thêm sự kích thích thích hợp.",1
overall_B_to_df_earth,intro,Đó là ngày mà sự ổn định tổng thể được duy trì và bạn có thể yên tâm trải qua cả ngày.,1
overall_B_to_df_earth,effect,Vận may tổng thể ổn định giúp giảm thiểu những sai lầm không đáng có và tăng hiệu suất.,1
overall_B_to_df_earth,action,Hãy duy trì cảm giác ổn định hiện tại và di chuyển đều đặn.,1
overall_B_to_df_earth,state,"Ngay cả khi trọng tâm có phần bị rung chuyển, sự cân bằng của cuộc sống hàng ngày vẫn được duy trì mà không gặp nhiều khó khăn, nguồn năng lượng trầm càng tăng thêm bầu không khí tĩnh lặng, dẫn đến sự yên tĩnh.",1
overall_B_to_df_fire,intro,Đó là ngày mà sự ổn định tổng thể được duy trì và bạn có thể yên tâm trải qua cả ngày.,1
overall_B_to_df_fire,effect,Vận may tổng thể ổn định giúp giảm thiểu những sai lầm không đáng có và tăng hiệu suất.,1
overall_B_to_df_fire,action,Hãy duy trì cảm giác ổn định hiện tại và di chuyển đều đặn.,1
overall_B_to_df_fire,state,"Ngay cả khi trọng tâm có phần bị rung chuyển, sự cân bằng của cuộc sống hàng ngày vẫn được duy trì mà không gặp nhiều khó khăn, nguồn năng lượng sáng rõ tiếp thêm sức sống nhẹ nhàng, tạo nên một dòng chảy trôi chảy.",1
overall_B_to_df_water,intro,Đó là ngày mà sự ổn định tổng thể được duy trì và bạn có thể yên tâm trải qua cả ngày.,1
overall_B_to_df_water,effect,Vận may tổng thể ổn định giúp giảm thiểu những sai lầm không đáng có và tăng hiệu suất.,1
overall_B_to_df_water,action,Hãy duy trì cảm giác ổn định hiện tại và di chuyển đều đặn.,1
overall_B_to_df_water,state,"Ngay cả khi trọng tâm của bạn hơi rung chuyển, sự cân bằng trong cuộc sống hàng ngày của bạn vẫn được duy trì mà không gặp nhiều khó khăn và năng lượng ẩm sẽ mang lại cảm giác êm đềm kéo dài cho cảm xúc của bạn.",1
overall_B_to_df_wood,intro,Đó là ngày mà sự ổn định tổng thể được duy trì và bạn có thể yên tâm trải qua cả ngày.,1
overall_B_to_df_wood,effect,Vận may tổng thể ổn định giúp giảm thiểu những sai lầm không đáng có và tăng hiệu suất.,1
overall_B_to_df_wood,action,Hãy duy trì cảm giác ổn định hiện tại và di chuyển đều đặn.,1
overall_B_to_df_wood,state,"Ngay cả khi trung tâm bị rung chuyển phần nào, sự cân bằng của cuộc sống hàng ngày vẫn được duy trì mà không gặp nhiều khó khăn, và một chút năng lượng của sự thay đổi sẽ bổ sung thêm sự kích thích thích hợp.",1
overall_B_to_ex_earth,intro,Đó là ngày mà sự ổn định tổng thể được duy trì và bạn có thể yên tâm trải qua cả ngày.,1
overall_B_to_ex_earth,effect,Vận may tổng thể ổn định giúp giảm thiểu những sai lầm không đáng có và tăng hiệu suất.,1
overall_B_to_ex_earth,action,Hãy duy trì cảm giác ổn định hiện tại và di chuyển đều đặn.,1
overall_B_to_ex_earth,state,"Nó có xu hướng ổn định mạnh mẽ, vì vậy nó tiếp tục diễn ra một ngày yên tĩnh mà không gặp vấn đề gì, và nguồn năng lượng trầm làm tăng thêm bầu không khí tĩnh lặng, dẫn đến sự thanh thản.",1
overall_B_to_ex_fire,intro,Đó là ngày mà sự ổn định tổng thể được duy trì và bạn có thể yên tâm trải qua cả ngày.,1
overall_B_to_ex_fire,effect,Vận may tổng thể ổn định giúp giảm thiểu những sai lầm không đáng có và tăng hiệu suất.,1
overall_B_to_ex_fire,action,Hãy duy trì cảm giác ổn định hiện tại và di chuyển đều đặn.,1
overall_B_to_ex_fire,state,"Bởi vì tính chất định hướng ổn định mạnh mẽ của nó, nó tiếp tục trôi chảy trong một ngày tĩnh lặng, và nguồn năng lượng sáng rõ tiếp thêm sức sống nhẹ nhàng, tạo nên một dòng chảy trôi chảy.",1
overall_B_to_ex_water,intro,Đó là ngày mà sự ổn định tổng thể được duy trì và bạn có thể yên tâm trải qua cả ngày.,1
overall_B_to_ex_water,effect,Vận may tổng thể ổn định giúp giảm thiểu những sai lầm không đáng có và tăng hiệu suất.,1
overall_B_to_ex_water,action,Hãy duy trì cảm giác ổn định hiện tại và di chuyển đều đặn.,1
overall_B_to_ex_water,state,"Nó có tính chất định hướng ổn định mạnh mẽ, vì vậy nó có thể dễ dàng dẫn đến một ngày bình tĩnh, và nguồn năng lượng mềm mại tạo thêm dư vị êm dịu cho cảm xúc.",1
overall_B_to_ex_wood,intro,Đó là ngày mà sự ổn định tổng thể được duy trì và bạn có thể yên tâm trải qua cả ngày.,1
overall_B_to_ex_wood,effect,Vận may tổng thể ổn định giúp giảm thiểu những sai lầm không đáng có và tăng hiệu suất.,1
overall_B_to_ex_wood,action,Hãy duy trì cảm giác ổn định hiện tại và di chuyển đều đặn.,1
overall_B_to_ex_wood,state,"Định hướng ổn định rất mạnh mẽ nên nó tiếp tục suôn sẻ trong một ngày bình lặng, và năng lượng thay đổi nhẹ sẽ bổ sung thêm sự kích thích thích hợp.",1
overall_B1,intro,"Hôm nay, nếu bạn có nhiều năng lượng hơn mức trung bình và di chuyển đều đặn thì điều đó sẽ rất bổ ích.",1
overall_B1,intro,"Hôm nay, dòng chảy tổng thể tiếp tục suôn sẻ và ổn định.",1
overall_B1,effect,"Đó là một ngày mà nếu bạn tập trung và hành động, bạn sẽ tiến gần hơn đến kết quả mong muốn.",1
overall_B1,effect,"Ngày trôi qua đều đặn mà không có bất kỳ biến động lớn nào, và công việc theo kế hoạch được thực hiện một cách bình tĩnh.",1
overall_B1,action,"Hôm nay không phải là một ngày tồi tệ, vì vậy hãy hoàn thành công việc quan trọng ngay hôm nay.",1
overall_B1,action,"Nếu bạn thực hiện từng kế hoạch của mình mà không làm quá sức, bạn sẽ có một ngày tốt lành.",1
overall_B1_geum_df_earth,intro,"Đây là một ngày mà vận may nhìn chung ở mức trung bình, nhưng có một số điều khiến bạn thất vọng.",1
overall_B1_geum_df_earth,effect,Dòng chảy may mắn tổng thể có thể hơi lệch lạc và một số kết quả có thể không như mong đợi.,1
overall_B1_geum_df_earth,action,Tập trung vào các hoạt động quan trọng và giảm bớt những nỗ lực không cần thiết.,1
overall_B1_geum_df_earth,state,Mặc dù bạn chậm đưa ra quyết định nhưng ngày vẫn tiếp tục không quá xáo trộn và nguồn năng lượng trầm giúp bạn duy trì nhịp độ ổn định.,1
overall_B1_geum_df_fire,intro,"Đây là một ngày mà vận may nhìn chung ở mức trung bình, nhưng có một số điều khiến bạn thất vọng.",1
overall_B1_geum_df_fire,effect,Dòng chảy may mắn tổng thể có thể hơi lệch lạc và một số kết quả có thể không như mong đợi.,1
overall_B1_geum_df_fire,action,Tập trung vào các hoạt động quan trọng và giảm bớt những nỗ lực không cần thiết.,1
overall_B1_geum_df_fire,state,"Mặc dù bạn chậm đưa ra quyết định, nhưng ngày vẫn tiếp tục không quá xáo trộn, và nguồn nguồn năng lượng sáng rõ tiếp thêm sức sống bình yên và tiếp tục một ngày bình thường.",1
overall_B1_geum_df_water,intro,"Đây là một ngày mà vận may nhìn chung ở mức trung bình, nhưng có một số điều khiến bạn thất vọng.",1
overall_B1_geum_df_water,effect,Dòng chảy may mắn tổng thể có thể hơi lệch lạc và một số kết quả có thể không như mong đợi.,1
overall_B1_geum_df_water,action,Tập trung vào các hoạt động quan trọng và giảm bớt những nỗ lực không cần thiết.,1
overall_B1_geum_df_water,state,"Dù bạn chậm đưa ra quyết định nhưng ngày vẫn trôi qua không quá xáo trộn, nguồn năng lượng mềm mại làm tăng suy nghĩ của bạn nhưng không gây ra nhiều kích động.",1
overall_B1_geum_df_wood,intro,"Đây là một ngày mà vận may nhìn chung ở mức trung bình, nhưng có một số điều khiến bạn thất vọng.",1
overall_B1_geum_df_wood,effect,Dòng chảy may mắn tổng thể có thể hơi lệch lạc và một số kết quả có thể không như mong đợi.,1
overall_B1_geum_df_wood,action,Tập trung vào các hoạt động quan trọng và giảm bớt những nỗ lực không cần thiết.,1
overall_B1_geum_df_wood,state,"Quyết định có thể chậm chạp, nhưng ngày vẫn trôi qua mà không có bất kỳ biến động lớn nào, và năng lượng bình tĩnh của sự thay đổi chỉ làm rung chuyển dòng chảy bình thường một chút.",1
overall_B1_geum_ex_earth,intro,"Đây là một ngày mà vận may nhìn chung ở mức trung bình, nhưng có một số điều khiến bạn thất vọng.",1
overall_B1_geum_ex_earth,effect,Dòng chảy may mắn tổng thể có thể hơi lệch lạc và một số kết quả có thể không như mong đợi.,1
overall_B1_geum_ex_earth,action,Tập trung vào các hoạt động quan trọng và giảm bớt những nỗ lực không cần thiết.,1
overall_B1_geum_ex_earth,state,"Phán quyết rất rõ ràng, nhưng nó kết thúc với một kết quả tầm thường, và năng lượng mây mù giúp duy trì một nhịp độ vừa phải.",1
overall_B1_geum_ex_fire,intro,"Đây là một ngày mà vận may nhìn chung ở mức trung bình, nhưng có một số điều khiến bạn thất vọng.",1
overall_B1_geum_ex_fire,effect,Dòng chảy may mắn tổng thể có thể hơi lệch lạc và một số kết quả có thể không như mong đợi.,1
overall_B1_geum_ex_fire,action,Tập trung vào các hoạt động quan trọng và giảm bớt những nỗ lực không cần thiết.,1
overall_B1_geum_ex_fire,state,"Sự phán xét là rõ ràng, nhưng nó kết thúc bằng một kết quả bình thường, và nguồn năng lượng sáng rõ tiếp thêm sức sống bình yên và tiếp tục ngày thường.",1
overall_B1_geum_ex_water,intro,"Đây là một ngày mà vận may nhìn chung ở mức trung bình, nhưng có một số điều khiến bạn thất vọng.",1
overall_B1_geum_ex_water,effect,Dòng chảy may mắn tổng thể có thể hơi lệch lạc và một số kết quả có thể không như mong đợi.,1
overall_B1_geum_ex_water,action,Tập trung vào các hoạt động quan trọng và giảm bớt những nỗ lực không cần thiết.,1
overall_B1_geum_ex_water,state,"Phán đoán rõ ràng nhưng kết thúc bằng một kết quả đơn giản, nguồn năng lượng mềm mại làm tăng suy nghĩ nhưng không gây ra nhiều kích động.",1
overall_B1_geum_ex_wood,intro,"Đây là một ngày mà vận may nhìn chung ở mức trung bình, nhưng có một số điều khiến bạn thất vọng.",1
overall_B1_geum_ex_wood,effect,Dòng chảy may mắn tổng thể có thể hơi lệch lạc và một số kết quả có thể không như mong đợi.,1
overall_B1_geum_ex_wood,action,Tập trung vào các hoạt động quan trọng và giảm bớt những nỗ lực không cần thiết.,1
overall_B1_geum_ex_wood,state,"Sự phán xét là rõ ràng, nhưng nó kết thúc với một kết quả tầm thường, và năng lượng bình tĩnh của sự thay đổi chỉ làm rung chuyển dòng chảy bình thường một chút.",1
overall_B1_hwa_df_earth,intro,Năng lượng tổng thể của bạn có thể dưới mức trung bình và bạn có thể cảm thấy uể oải trong ngày.,1
overall_B1_hwa_df_earth,effect,Thiếu năng lượng làm giảm hiệu suất ở một số lĩnh vực cùng một lúc.,1
overall_B1_hwa_df_earth,action,Đặt các ưu tiên của bạn và tập trung vào một điều quan trọng nhất.,1
overall_B1_hwa_df_earth,state,Mặc dù có rất ít biểu hiện nhưng mối quan hệ không bị lung lay nhiều và nguồn năng lượng trầm giúp duy trì nhịp độ dễ dàng.,1
overall_B1_hwa_df_fire,intro,Năng lượng tổng thể của bạn có thể dưới mức trung bình và bạn có thể cảm thấy uể oải trong ngày.,1
overall_B1_hwa_df_fire,effect,Thiếu năng lượng làm giảm hiệu suất ở một số lĩnh vực cùng một lúc.,1
overall_B1_hwa_df_fire,action,Đặt các ưu tiên của bạn và tập trung vào một điều quan trọng nhất.,1
overall_B1_hwa_df_fire,state,"Tuy có ít biểu hiện nhưng mối quan hệ không bị lung lay nhiều, nguồn nguồn năng lượng sáng rõ tiếp thêm sức sống êm đềm và tiếp tục một ngày bình thường.",1
overall_B1_hwa_df_water,intro,Năng lượng tổng thể của bạn có thể dưới mức trung bình và bạn có thể cảm thấy uể oải trong ngày.,1
overall_B1_hwa_df_water,effect,Thiếu năng lượng làm giảm hiệu suất ở một số lĩnh vực cùng một lúc.,1
overall_B1_hwa_df_water,action,Đặt các ưu tiên của bạn và tập trung vào một điều quan trọng nhất.,1
overall_B1_hwa_df_water,state,"Tuy rằng biểu hiện ít, nhưng quan hệ cũng không có rung chuyển quá lớn, nguồn năng lượng mềm mại làm tăng thêm suy nghĩ, nhưng lại không gây ra bao nhiêu kích động.",1
overall_B1_hwa_df_wood,intro,Năng lượng tổng thể của bạn có thể dưới mức trung bình và bạn có thể cảm thấy uể oải trong ngày.,1
overall_B1_hwa_df_wood,effect,Thiếu năng lượng làm giảm hiệu suất ở một số lĩnh vực cùng một lúc.,1
overall_B1_hwa_df_wood,action,Đặt các ưu tiên của bạn và tập trung vào một điều quan trọng nhất.,1
overall_B1_hwa_df_wood,state,"Mặc dù có rất ít biểu hiện, nhưng mối quan hệ không bị lung lay nhiều, và năng lượng bình tĩnh của sự thay đổi chỉ đủ để rung chuyển nhẹ dòng chảy bình thường.",1
overall_B1_hwa_ex_earth,intro,Năng lượng tổng thể của bạn có thể dưới mức trung bình và bạn có thể cảm thấy uể oải trong ngày.,1
overall_B1_hwa_ex_earth,effect,Thiếu năng lượng làm giảm hiệu suất ở một số lĩnh vực cùng một lúc.,1
overall_B1_hwa_ex_earth,action,Đặt các ưu tiên của bạn và tập trung vào một điều quan trọng nhất.,1
overall_B1_hwa_ex_earth,state,Nhiệt độ vừa phải tạo nên một ngày suôn sẻ và nguồn năng lượng trầm giúp bạn duy trì nhịp độ ổn định.,1
overall_B1_hwa_ex_fire,intro,Năng lượng tổng thể của bạn có thể dưới mức trung bình và bạn có thể cảm thấy uể oải trong ngày.,1
overall_B1_hwa_ex_fire,effect,Thiếu năng lượng làm giảm hiệu suất ở một số lĩnh vực cùng một lúc.,1
overall_B1_hwa_ex_fire,action,Đặt các ưu tiên của bạn và tập trung vào một điều quan trọng nhất.,1
overall_B1_hwa_ex_fire,state,"Nhiệt độ vừa phải tạo ra một ngày êm dịu, và nguồn năng lượng sáng rõ tiếp thêm sức sống êm đềm và tiếp tục một ngày bình thường.",1
overall_B1_hwa_ex_water,intro,Năng lượng tổng thể của bạn có thể dưới mức trung bình và bạn có thể cảm thấy uể oải trong ngày.,1
overall_B1_hwa_ex_water,effect,Thiếu năng lượng làm giảm hiệu suất ở một số lĩnh vực cùng một lúc.,1
overall_B1_hwa_ex_water,action,Đặt các ưu tiên của bạn và tập trung vào một điều quan trọng nhất.,1
overall_B1_hwa_ex_water,state,"Nhiệt độ vừa phải tạo nên một ngày êm ả, nguồn năng lượng mềm mại làm tăng suy nghĩ của bạn nhưng không gây ra nhiều kích động.",1
overall_B1_hwa_ex_wood,intro,Năng lượng tổng thể của bạn có thể dưới mức trung bình và bạn có thể cảm thấy uể oải trong ngày.,1
overall_B1_hwa_ex_wood,effect,Thiếu năng lượng làm giảm hiệu suất ở một số lĩnh vực cùng một lúc.,1
overall_B1_hwa_ex_wood,action,Đặt các ưu tiên của bạn và tập trung vào một điều quan trọng nhất.,1
overall_B1_hwa_ex_wood,state,Nhiệt độ vừa phải khiến một ngày trở nên êm ả và năng lượng bình tĩnh của sự thay đổi chỉ làm xáo trộn dòng chảy bình thường một chút.,1
overall_B1_mok_df_earth,intro,Đó là một ngày mà năng lượng tăng trưởng tổng thể có phần suy yếu và tiến độ có vẻ chậm lại.,1
overall_B1_mok_df_earth,effect,"Tăng trưởng chung trì trệ, gây bức xúc trên nhiều lĩnh vực.",1
overall_B1_mok_df_earth,action,Hãy tập trung vào những việc thiết thực nhất mà bạn có thể làm bây giờ.,1
overall_B1_mok_df_earth,state,"Nó vẫn quen thuộc hơn mới, nhưng dòng chảy không bị gián đoạn và nguồn năng lượng trầm giúp bạn duy trì nhịp độ dễ dàng.",1
overall_B1_mok_df_fire,intro,Đó là một ngày mà năng lượng tăng trưởng tổng thể có phần suy yếu và tiến độ có vẻ chậm lại.,1
overall_B1_mok_df_fire,effect,"Tăng trưởng chung trì trệ, gây bức xúc trên nhiều lĩnh vực.",1
overall_B1_mok_df_fire,action,Hãy tập trung vào những việc thiết thực nhất mà bạn có thể làm bây giờ.,1
overall_B1_mok_df_fire,state,"Mặc dù vẫn quen thuộc chứ không phải mới mẻ, dòng chảy không bị gián đoạn và nguồn năng lượng sáng rõ tiếp thêm sức sống êm đềm và tiếp tục ngày thường.",1
overall_B1_mok_df_water,intro,Đó là một ngày mà năng lượng tăng trưởng tổng thể có phần suy yếu và tiến độ có vẻ chậm lại.,1
overall_B1_mok_df_water,effect,"Tăng trưởng chung trì trệ, gây bức xúc trên nhiều lĩnh vực.",1
overall_B1_mok_df_water,action,Hãy tập trung vào những việc thiết thực nhất mà bạn có thể làm bây giờ.,1
overall_B1_mok_df_water,state,"Tuy vẫn quen thuộc hơn là mới lạ, dòng chảy không gián đoạn và nguồn năng lượng mềm mại làm tăng suy nghĩ nhưng không gây nhiều kích động.",1
overall_B1_mok_df_wood,intro,Đó là một ngày mà năng lượng tăng trưởng tổng thể có phần suy yếu và tiến độ có vẻ chậm lại.,1
overall_B1_mok_df_wood,effect,"Tăng trưởng chung trì trệ, gây bức xúc trên nhiều lĩnh vực.",1
overall_B1_mok_df_wood,action,Hãy tập trung vào những việc thiết thực nhất mà bạn có thể làm bây giờ.,1
overall_B1_mok_df_wood,state,"Mặc dù vẫn quen thuộc hơn mới, dòng chảy không bị gián đoạn và năng lượng bình tĩnh của sự thay đổi chỉ làm rung chuyển dòng chảy bình thường một chút.",1
overall_B1_mok_ex_earth,intro,Đó là một ngày mà năng lượng tăng trưởng tổng thể có phần suy yếu và tiến độ có vẻ chậm lại.,1
overall_B1_mok_ex_earth,effect,"Tăng trưởng chung trì trệ, gây bức xúc trên nhiều lĩnh vực.",1
overall_B1_mok_ex_earth,action,Hãy tập trung vào những việc thiết thực nhất mà bạn có thể làm bây giờ.,1
overall_B1_mok_ex_earth,state,Bạn có động lực nhưng động lực của bạn vẫn ở mức tầm thường và nguồn năng lượng trầm giúp bạn duy trì nhịp độ vừa phải.,1
overall_B1_mok_ex_fire,intro,Đó là một ngày mà năng lượng tăng trưởng tổng thể có phần suy yếu và tiến độ có vẻ chậm lại.,1
overall_B1_mok_ex_fire,effect,"Tăng trưởng chung trì trệ, gây bức xúc trên nhiều lĩnh vực.",1
overall_B1_mok_ex_fire,action,Hãy tập trung vào những việc thiết thực nhất mà bạn có thể làm bây giờ.,1
overall_B1_mok_ex_fire,state,"Mặc dù bạn có động lực nhưng động lực của bạn vẫn ở mức trung bình, và nguồn năng lượng sáng rõ tiếp thêm sinh lực bình tĩnh và tiếp tục ngày thường nhật của bạn.",1
overall_B1_mok_ex_water,intro,Đó là một ngày mà năng lượng tăng trưởng tổng thể có phần suy yếu và tiến độ có vẻ chậm lại.,1
overall_B1_mok_ex_water,effect,"Tăng trưởng chung trì trệ, gây bức xúc trên nhiều lĩnh vực.",1
overall_B1_mok_ex_water,action,Hãy tập trung vào những việc thiết thực nhất mà bạn có thể làm bây giờ.,1
overall_B1_mok_ex_water,state,"Có động lực nhưng động lực vẫn ở mức bình thường, nguồn năng lượng mềm mại làm tăng suy nghĩ nhưng không gây ra nhiều kích động.",1
overall_B1_mok_ex_wood,intro,Đó là một ngày mà năng lượng tăng trưởng tổng thể có phần suy yếu và tiến độ có vẻ chậm lại.,1
overall_B1_mok_ex_wood,effect,"Tăng trưởng chung trì trệ, gây bức xúc trên nhiều lĩnh vực.",1
overall_B1_mok_ex_wood,action,Hãy tập trung vào những việc thiết thực nhất mà bạn có thể làm bây giờ.,1
overall_B1_mok_ex_wood,state,"Có động lực, nhưng động lực vẫn ở mức tầm thường, và năng lượng bình tĩnh của sự thay đổi chỉ đủ làm rung chuyển nhẹ dòng chảy bình thường.",1
overall_B1_su_df_earth,intro,Đó là một ngày mà dòng chảy tổng thể có chút sai lệch và mọi thứ không diễn ra như dự định.,1
overall_B1_su_df_earth,effect,Những sai lệch so với dòng chảy xuất hiện dưới dạng những gián đoạn nhỏ ở nhiều khu vực.,1
overall_B1_su_df_earth,action,Hãy linh hoạt với kế hoạch của bạn và đi theo dòng chảy.,1
overall_B1_su_df_earth,state,Mặc dù tính linh hoạt đã giảm đi nhưng dòng chảy không bị gián đoạn đáng kể và nguồn năng lượng trầm giúp duy trì nhịp độ vừa phải.,1
overall_B1_su_df_fire,intro,Đó là một ngày mà dòng chảy tổng thể có chút sai lệch và mọi thứ không diễn ra như dự định.,1
overall_B1_su_df_fire,effect,Những sai lệch so với dòng chảy xuất hiện dưới dạng những gián đoạn nhỏ ở nhiều khu vực.,1
overall_B1_su_df_fire,action,Hãy linh hoạt với kế hoạch của bạn và đi theo dòng chảy.,1
overall_B1_su_df_fire,state,"Mặc dù tính linh hoạt đã giảm đi nhưng dòng chảy không bị gián đoạn đáng kể, và nguồn năng lượng sáng rõ tiếp thêm sức sống êm đềm và tiếp tục một ngày bình thường.",1
overall_B1_su_df_water,intro,Đó là một ngày mà dòng chảy tổng thể có chút sai lệch và mọi thứ không diễn ra như dự định.,1
overall_B1_su_df_water,effect,Những sai lệch so với dòng chảy xuất hiện dưới dạng những gián đoạn nhỏ ở nhiều khu vực.,1
overall_B1_su_df_water,action,Hãy linh hoạt với kế hoạch của bạn và đi theo dòng chảy.,1
overall_B1_su_df_water,state,"Tính linh hoạt giảm đi, nhưng dòng chảy không bị gián đoạn nhiều, nguồn năng lượng mềm mại làm tăng suy nghĩ, nhưng không gây ra nhiều kích động.",1
overall_B1_su_df_wood,intro,Đó là một ngày mà dòng chảy tổng thể có chút sai lệch và mọi thứ không diễn ra như dự định.,1
overall_B1_su_df_wood,effect,Những sai lệch so với dòng chảy xuất hiện dưới dạng những gián đoạn nhỏ ở nhiều khu vực.,1
overall_B1_su_df_wood,action,Hãy linh hoạt với kế hoạch của bạn và đi theo dòng chảy.,1
overall_B1_su_df_wood,state,Mặc dù tính linh hoạt đã giảm đi nhưng dòng chảy không bị gián đoạn đáng kể và năng lượng tĩnh lặng của sự thay đổi chỉ làm rung chuyển dòng chảy bình thường một chút.,1
overall_B1_su_ex_earth,intro,Đó là một ngày mà dòng chảy tổng thể có chút sai lệch và mọi thứ không diễn ra như dự định.,1
overall_B1_su_ex_earth,effect,Những sai lệch so với dòng chảy xuất hiện dưới dạng những gián đoạn nhỏ ở nhiều khu vực.,1
overall_B1_su_ex_earth,action,Hãy linh hoạt với kế hoạch của bạn và đi theo dòng chảy.,1
overall_B1_su_ex_earth,state,"Mặc dù bạn có rất nhiều điều phải suy nghĩ nhưng ngày trôi qua không có nhiều xáo trộn, và nguồn năng lượng trầm giúp bạn duy trì nhịp độ ổn định.",1
overall_B1_su_ex_fire,intro,Đó là một ngày mà dòng chảy tổng thể có chút sai lệch và mọi thứ không diễn ra như dự định.,1
overall_B1_su_ex_fire,effect,Những sai lệch so với dòng chảy xuất hiện dưới dạng những gián đoạn nhỏ ở nhiều khu vực.,1
overall_B1_su_ex_fire,action,Hãy linh hoạt với kế hoạch của bạn và đi theo dòng chảy.,1
overall_B1_su_ex_fire,state,"Mặc dù bạn có rất nhiều suy nghĩ, nhưng một ngày trôi qua không có nhiều xáo trộn, và nguồn năng lượng sáng rõ tiếp thêm sức sống bình yên và tiếp tục một ngày bình thường.",1
overall_B1_su_ex_water,intro,Đó là một ngày mà dòng chảy tổng thể có chút sai lệch và mọi thứ không diễn ra như dự định.,1
overall_B1_su_ex_water,effect,Những sai lệch so với dòng chảy xuất hiện dưới dạng những gián đoạn nhỏ ở nhiều khu vực.,1
overall_B1_su_ex_water,action,Hãy linh hoạt với kế hoạch của bạn và đi theo dòng chảy.,1
overall_B1_su_ex_water,state,"Ngay cả khi bạn có nhiều tư tưởng, một ngày trôi qua không có nhiều trạo cử, và nguồn năng lượng mềm mại làm tăng trưởng tư tưởng của bạn nhưng không gây ra trạo cử nhiều.",1
overall_B1_su_ex_wood,intro,Đó là một ngày mà dòng chảy tổng thể có chút sai lệch và mọi thứ không diễn ra như dự định.,1
overall_B1_su_ex_wood,effect,Những sai lệch so với dòng chảy xuất hiện dưới dạng những gián đoạn nhỏ ở nhiều khu vực.,1
overall_B1_su_ex_wood,action,Hãy linh hoạt với kế hoạch của bạn và đi theo dòng chảy.,1
overall_B1_su_ex_wood,state,"Mặc dù bạn có rất nhiều suy nghĩ, nhưng một ngày trôi qua không có nhiều xáo trộn, và năng lượng tĩnh lặng của sự thay đổi chỉ làm rung chuyển dòng chảy bình thường một chút.",1
overall_B1_to_df_earth,intro,Đó là một ngày mà những lo lắng nhỏ vẫn tiếp tục diễn ra vì cảm giác ổn định tổng thể ở mức dưới mức trung bình.,1
overall_B1_to_df_earth,effect,Nền tảng ổn định tổng thể suy yếu tạo nên sự mất ổn định trên nhiều lĩnh vực.,1
overall_B1_to_df_earth,action,Tập trung vào những gì bạn có thể làm bây giờ thay vì những suy nghĩ lo lắng.,1
overall_B1_to_df_earth,state,Mặc dù có đôi chút rung chuyển nhưng cuộc sống hàng ngày vẫn trôi qua êm đềm và nguồn năng lượng trầm giúp bạn duy trì nhịp độ ổn định.,1
overall_B1_to_df_fire,intro,Đó là một ngày mà những lo lắng nhỏ vẫn tiếp tục diễn ra vì cảm giác ổn định tổng thể ở mức dưới mức trung bình.,1
overall_B1_to_df_fire,effect,Nền tảng ổn định tổng thể suy yếu tạo nên sự mất ổn định trên nhiều lĩnh vực.,1
overall_B1_to_df_fire,action,Tập trung vào những gì bạn có thể làm bây giờ thay vì những suy nghĩ lo lắng.,1
overall_B1_to_df_fire,state,"Mặc dù có đôi chút rung động, cuộc sống hàng ngày vẫn trôi chảy êm đềm, nguồn năng lượng sáng rõ tiếp thêm sức sống êm đềm và tiếp tục một ngày bình thường.",1
overall_B1_to_df_water,intro,Đó là một ngày mà những lo lắng nhỏ vẫn tiếp tục diễn ra vì cảm giác ổn định tổng thể ở mức dưới mức trung bình.,1
overall_B1_to_df_water,effect,Nền tảng ổn định tổng thể suy yếu tạo nên sự mất ổn định trên nhiều lĩnh vực.,1
overall_B1_to_df_water,action,Tập trung vào những gì bạn có thể làm bây giờ thay vì những suy nghĩ lo lắng.,1
overall_B1_to_df_water,state,"Mặc dù có rung chuyển, cuộc sống hàng ngày trôi chảy, nguồn năng lượng mềm mại làm tăng suy nghĩ, nhưng không gây ra nhiều kích động.",1
overall_B1_to_df_wood,intro,Đó là một ngày mà những lo lắng nhỏ vẫn tiếp tục diễn ra vì cảm giác ổn định tổng thể ở mức dưới mức trung bình.,1
overall_B1_to_df_wood,effect,Nền tảng ổn định tổng thể suy yếu tạo nên sự mất ổn định trên nhiều lĩnh vực.,1
overall_B1_to_df_wood,action,Tập trung vào những gì bạn có thể làm bây giờ thay vì những suy nghĩ lo lắng.,1
overall_B1_to_df_wood,state,"Dù có những biến động nhưng cuộc sống hàng ngày vẫn trôi chảy êm đềm, năng lượng tĩnh lặng của sự thay đổi chỉ làm rung chuyển dòng chảy bình thường một chút.",1
overall_B1_to_ex_earth,intro,Đó là một ngày mà những lo lắng nhỏ vẫn tiếp tục diễn ra vì cảm giác ổn định tổng thể ở mức dưới mức trung bình.,1
overall_B1_to_ex_earth,effect,Nền tảng ổn định tổng thể suy yếu tạo nên sự mất ổn định trên nhiều lĩnh vực.,1
overall_B1_to_ex_earth,action,Tập trung vào những gì bạn có thể làm bây giờ thay vì những suy nghĩ lo lắng.,1
overall_B1_to_ex_earth,state,"Chọn sự quen thuộc thay vì thay đổi sẽ dẫn đến một ngày dễ dàng, và nguồn năng lượng trầm giúp bạn duy trì nhịp độ ổn định.",1
overall_B1_to_ex_fire,intro,Đó là một ngày mà những lo lắng nhỏ vẫn tiếp tục diễn ra vì cảm giác ổn định tổng thể ở mức dưới mức trung bình.,1
overall_B1_to_ex_fire,effect,Nền tảng ổn định tổng thể suy yếu tạo nên sự mất ổn định trên nhiều lĩnh vực.,1
overall_B1_to_ex_fire,action,Tập trung vào những gì bạn có thể làm bây giờ thay vì những suy nghĩ lo lắng.,1
overall_B1_to_ex_fire,state,"Chọn sự quen thuộc thay vì thay đổi sẽ dẫn đến một ngày bình thường, và nguồn năng lượng sáng rõ sẽ tiếp thêm sức sống bình yên cho ngày bình thường.",1
overall_B1_to_ex_water,intro,Đó là một ngày mà những lo lắng nhỏ vẫn tiếp tục diễn ra vì cảm giác ổn định tổng thể ở mức dưới mức trung bình.,1
overall_B1_to_ex_water,effect,Nền tảng ổn định tổng thể suy yếu tạo nên sự mất ổn định trên nhiều lĩnh vực.,1
overall_B1_to_ex_water,action,Tập trung vào những gì bạn có thể làm bây giờ thay vì những suy nghĩ lo lắng.,1
overall_B1_to_ex_water,state,"Lựa chọn sự quen thuộc thay vì thay đổi sẽ dẫn đến một ngày bình thường, nguồn năng lượng mềm mại làm tăng suy nghĩ nhưng không gây ra nhiều xao động.",1
overall_B1_to_ex_wood,intro,Đó là một ngày mà những lo lắng nhỏ vẫn tiếp tục diễn ra vì cảm giác ổn định tổng thể ở mức dưới mức trung bình.,1
overall_B1_to_ex_wood,effect,Nền tảng ổn định tổng thể suy yếu tạo nên sự mất ổn định trên nhiều lĩnh vực.,1
overall_B1_to_ex_wood,action,Tập trung vào những gì bạn có thể làm bây giờ thay vì những suy nghĩ lo lắng.,1
overall_B1_to_ex_wood,state,Chọn sự quen thuộc thay vì thay đổi sẽ dẫn đến một ngày bình thường và năng lượng bình tĩnh của sự thay đổi chỉ làm rung chuyển dòng chảy bình thường một chút.,1
overall_C,intro,"Hôm nay năng lượng hơi tạm lắng, vì vậy bạn nên lập kế hoạch cho ngày của mình một cách cẩn thận.",1
overall_C,intro,"Năng lượng hôm nay thấp hơn bình thường, vì vậy tốt hơn hết bạn nên dành thời gian thay vì lên kế hoạch quá kỹ.",1
overall_C,effect,Đây là một ngày đòi hỏi sự kiên nhẫn vì kết quả có thể đến chậm hơn dự kiến.,1
overall_C,effect,"Ngay cả trong những việc nhỏ nhặt cũng có thể nảy sinh những biến cố bất ngờ, vì vậy sẽ an toàn hơn nếu bạn dành chút thời gian.",1
overall_C,action,"Hôm nay, hãy tập trung hoàn thành tốt những việc hiện có thay vì đón nhận những thử thách mới.",1
overall_C,action,Bạn có thể sử dụng năng lượng của mình một cách hiệu quả nếu bạn chỉ di chuyển trong phạm vi những gì bạn có thể làm bây giờ.,1
overall_C_geum_df_earth,intro,Vận thế tổng thể kém nên nửa ngày đầu không hề dễ dàng.,1
overall_C_geum_df_earth,effect,Sự suy giảm may mắn tổng thể sẽ tạo ra khó khăn trong một số lĩnh vực cùng một lúc.,1
overall_C_geum_df_earth,action,Hãy từ bỏ lòng tham của bạn và chỉ xử lý cẩn thận những điều cần thiết.,1
overall_C_geum_df_earth,state,"Khi quyết tâm của bạn yếu đi, bạn rất dễ trì hoãn những lựa chọn quan trọng và nguồn năng lượng trầm có thể làm bạn chậm lại và khiến suy nghĩ của bạn trở nên nặng nề.",1
overall_C_geum_df_fire,intro,Vận thế tổng thể kém nên nửa ngày đầu không hề dễ dàng.,1
overall_C_geum_df_fire,effect,Sự suy giảm may mắn tổng thể sẽ tạo ra khó khăn trong một số lĩnh vực cùng một lúc.,1
overall_C_geum_df_fire,action,Hãy từ bỏ lòng tham của bạn và chỉ xử lý cẩn thận những điều cần thiết.,1
overall_C_geum_df_fire,state,"Khi quyết tâm của bạn yếu đi, bạn rất dễ trì hoãn những lựa chọn quan trọng và năng lượng rõ ràng của bạn có thể chảy vào bầu không khí phấn khích, điều này có thể làm lu mờ sự thận trọng của bạn.",1
overall_C_geum_df_water,intro,Vận thế tổng thể kém nên nửa ngày đầu không hề dễ dàng.,1
overall_C_geum_df_water,effect,Sự suy giảm may mắn tổng thể sẽ tạo ra khó khăn trong một số lĩnh vực cùng một lúc.,1
overall_C_geum_df_water,action,Hãy từ bỏ lòng tham của bạn và chỉ xử lý cẩn thận những điều cần thiết.,1
overall_C_geum_df_water,state,"Bạn rất dễ trì hoãn những lựa chọn quan trọng khi quyết tâm của bạn trở nên yếu kém và năng lượng của mưa tuyết có thể kích thích cảm xúc và nội tâm của bạn, điều này có thể có tác động lớn hơn.",1
overall_C_geum_df_wood,intro,Vận thế tổng thể kém nên nửa ngày đầu không hề dễ dàng.,1
overall_C_geum_df_wood,effect,Sự suy giảm may mắn tổng thể sẽ tạo ra khó khăn trong một số lĩnh vực cùng một lúc.,1
overall_C_geum_df_wood,action,Hãy từ bỏ lòng tham của bạn và chỉ xử lý cẩn thận những điều cần thiết.,1
overall_C_geum_df_wood,state,"Khi quyết tâm của bạn yếu đi, bạn rất dễ trì hoãn những lựa chọn quan trọng và năng lượng mạnh mẽ của sự thay đổi có thể làm rung chuyển nhịp điệu của bạn và dẫn đến những biến động không mong muốn.",1
overall_C_geum_ex_earth,intro,Vận thế tổng thể kém nên nửa ngày đầu không hề dễ dàng.,1
overall_C_geum_ex_earth,effect,Sự suy giảm may mắn tổng thể sẽ tạo ra khó khăn trong một số lĩnh vực cùng một lúc.,1
overall_C_geum_ex_earth,action,Hãy từ bỏ lòng tham của bạn và chỉ xử lý cẩn thận những điều cần thiết.,1
overall_C_geum_ex_earth,state,"Phán đoán quá sắc bén có thể khiến các mối quan hệ trở nên lạnh nhạt, và nguồn năng lượng trầm có thể làm chậm nhịp độ của bạn và khiến suy nghĩ của bạn trở nên nặng nề.",1
overall_C_geum_ex_fire,intro,Vận thế tổng thể kém nên nửa ngày đầu không hề dễ dàng.,1
overall_C_geum_ex_fire,effect,Sự suy giảm may mắn tổng thể sẽ tạo ra khó khăn trong một số lĩnh vực cùng một lúc.,1
overall_C_geum_ex_fire,action,Hãy từ bỏ lòng tham của bạn và chỉ xử lý cẩn thận những điều cần thiết.,1
overall_C_geum_ex_fire,state,"Sự phán xét sắc bén quá mức có thể khiến các mối quan hệ trở nên lạnh nhạt và năng lượng rõ ràng có thể chảy vào bầu không khí phấn khích, điều này có thể che mờ sự thận trọng.",1
overall_C_geum_ex_water,intro,Vận thế tổng thể kém nên nửa ngày đầu không hề dễ dàng.,1
overall_C_geum_ex_water,effect,Sự suy giảm may mắn tổng thể sẽ tạo ra khó khăn trong một số lĩnh vực cùng một lúc.,1
overall_C_geum_ex_water,action,Hãy từ bỏ lòng tham của bạn và chỉ xử lý cẩn thận những điều cần thiết.,1
overall_C_geum_ex_water,state,"Phán đoán quá sắc bén có thể khiến các mối quan hệ trở nên lạnh nhạt, năng lượng của mưa tuyết có thể kích thích cảm xúc và nội tâm, có thể gây tác động lớn hơn.",1
overall_C_geum_ex_wood,intro,Vận thế tổng thể kém nên nửa ngày đầu không hề dễ dàng.,1
overall_C_geum_ex_wood,effect,Sự suy giảm may mắn tổng thể sẽ tạo ra khó khăn trong một số lĩnh vực cùng một lúc.,1
overall_C_geum_ex_wood,action,Hãy từ bỏ lòng tham của bạn và chỉ xử lý cẩn thận những điều cần thiết.,1
overall_C_geum_ex_wood,state,Sự phán xét quá sắc bén có thể khiến các mối quan hệ trở nên lạnh nhạt và năng lượng mạnh mẽ của sự thay đổi có thể làm xáo trộn nhịp điệu và dẫn đến những biến đổi không mong muốn.,1
overall_C_hwa_df_earth,intro,Cả ngày có thể khá khó khăn vì bạn thiếu rất nhiều năng lượng tổng thể.,1
overall_C_hwa_df_earth,effect,Năng lượng giảm làm giảm hiệu quả của tất cả các hoạt động cùng một lúc.,1
overall_C_hwa_df_earth,action,Đừng làm quá mọi việc và chỉ làm những gì cần thiết.,1
overall_C_hwa_df_earth,state,"Rất dễ xảy ra hiểu lầm do khó thể hiện bản thân, năng lượng vẩn đục có thể khiến bạn chậm lại và khiến suy nghĩ trở nên nặng nề.",1
overall_C_hwa_df_fire,intro,Cả ngày có thể khá khó khăn vì bạn thiếu rất nhiều năng lượng tổng thể.,1
overall_C_hwa_df_fire,effect,Năng lượng giảm làm giảm hiệu quả của tất cả các hoạt động cùng một lúc.,1
overall_C_hwa_df_fire,action,Đừng làm quá mọi việc và chỉ làm những gì cần thiết.,1
overall_C_hwa_df_fire,state,"Dễ xảy ra hiểu lầm vì cách diễn đạt khó hiểu, nguồn năng lượng sáng rõ có thể chảy vào bầu không khí phấn khích và khiến sự thận trọng trở nên lu mờ.",1
overall_C_hwa_df_water,intro,Cả ngày có thể khá khó khăn vì bạn thiếu rất nhiều năng lượng tổng thể.,1
overall_C_hwa_df_water,effect,Năng lượng giảm làm giảm hiệu quả của tất cả các hoạt động cùng một lúc.,1
overall_C_hwa_df_water,action,Đừng làm quá mọi việc và chỉ làm những gì cần thiết.,1
overall_C_hwa_df_water,state,"Dễ xảy ra hiểu lầm vì cách diễn đạt khó hiểu, năng lượng của mưa tuyết có thể kích thích cảm xúc, nội tâm, có thể gây tác động lớn hơn.",1
overall_C_hwa_df_wood,intro,Cả ngày có thể khá khó khăn vì bạn thiếu rất nhiều năng lượng tổng thể.,1
overall_C_hwa_df_wood,effect,Năng lượng giảm làm giảm hiệu quả của tất cả các hoạt động cùng một lúc.,1
overall_C_hwa_df_wood,action,Đừng làm quá mọi việc và chỉ làm những gì cần thiết.,1
overall_C_hwa_df_wood,state,"Những hiểu lầm dễ xảy ra do cách diễn đạt khó, năng lượng thay đổi mạnh mẽ có thể làm rung chuyển nhịp điệu và dẫn đến những biến chuyển không mong muốn.",1
overall_C_hwa_ex_earth,intro,Cả ngày có thể khá khó khăn vì bạn thiếu rất nhiều năng lượng tổng thể.,1
overall_C_hwa_ex_earth,effect,Năng lượng giảm làm giảm hiệu quả của tất cả các hoạt động cùng một lúc.,1
overall_C_hwa_ex_earth,action,Đừng làm quá mọi việc và chỉ làm những gì cần thiết.,1
overall_C_hwa_ex_earth,state,Cảm xúc rất dễ xung đột và nguồn năng lượng trầm có thể làm bạn chậm lại và khiến suy nghĩ của bạn trở nên nặng nề.,1
overall_C_hwa_ex_fire,intro,Cả ngày có thể khá khó khăn vì bạn thiếu rất nhiều năng lượng tổng thể.,1
overall_C_hwa_ex_fire,effect,Năng lượng giảm làm giảm hiệu quả của tất cả các hoạt động cùng một lúc.,1
overall_C_hwa_ex_fire,action,Đừng làm quá mọi việc và chỉ làm những gì cần thiết.,1
overall_C_hwa_ex_fire,state,"Cảm xúc rất dễ xung đột, nguồn năng lượng sáng rõ có thể chảy vào bầu không khí phấn khích, khiến sự thận trọng trở nên lu mờ.",1
overall_C_hwa_ex_water,intro,Cả ngày có thể khá khó khăn vì bạn thiếu rất nhiều năng lượng tổng thể.,1
overall_C_hwa_ex_water,effect,Năng lượng giảm làm giảm hiệu quả của tất cả các hoạt động cùng một lúc.,1
overall_C_hwa_ex_water,action,Đừng làm quá mọi việc và chỉ làm những gì cần thiết.,1
overall_C_hwa_ex_water,state,"Cảm xúc rất dễ xảy ra xung đột, năng lượng của mưa tuyết có thể kích thích cảm xúc và nội tâm, có thể làm tăng tác động.",1
overall_C_hwa_ex_wood,intro,Cả ngày có thể khá khó khăn vì bạn thiếu rất nhiều năng lượng tổng thể.,1
overall_C_hwa_ex_wood,effect,Năng lượng giảm làm giảm hiệu quả của tất cả các hoạt động cùng một lúc.,1
overall_C_hwa_ex_wood,action,Đừng làm quá mọi việc và chỉ làm những gì cần thiết.,1
overall_C_hwa_ex_wood,state,Cảm xúc rất dễ xung đột và năng lượng mạnh mẽ của sự thay đổi có thể làm xáo trộn nhịp điệu và dẫn đến những biến đổi bất ngờ.,1
overall_C_mok_df_earth,intro,Đó là ngày mà năng lượng tăng trưởng toàn diện bị chặn lại và khó có thể mong đợi bất kỳ sự tiến bộ nào.,1
overall_C_mok_df_earth,effect,Sự tắc nghẽn năng lượng tăng trưởng tạo ra sự trì trệ và thoái trào trên mọi lĩnh vực.,1
overall_C_mok_df_earth,action,"Hôm nay, hãy tập trung vào việc duy trì hiện trạng hơn là tiến bộ.",1
overall_C_mok_df_earth,state,Sự do dự trong việc thử những điều mới có thể làm chậm tiến độ và nguồn năng lượng trầm có thể làm chậm tốc độ của bạn và khiến suy nghĩ của bạn trở nên nặng nề.,1
overall_C_mok_df_fire,intro,Đó là ngày mà năng lượng tăng trưởng toàn diện bị chặn lại và khó có thể mong đợi bất kỳ sự tiến bộ nào.,1
overall_C_mok_df_fire,effect,Sự tắc nghẽn năng lượng tăng trưởng tạo ra sự trì trệ và thoái trào trên mọi lĩnh vực.,1
overall_C_mok_df_fire,action,"Hôm nay, hãy tập trung vào việc duy trì hiện trạng hơn là tiến bộ.",1
overall_C_mok_df_fire,state,"Sự do dự trong việc thử những điều mới có thể làm chậm tiến độ và năng lượng rõ ràng có thể dẫn đến bầu không khí phấn khích, có thể làm lu mờ sự thận trọng.",1
overall_C_mok_df_water,intro,Đó là ngày mà năng lượng tăng trưởng toàn diện bị chặn lại và khó có thể mong đợi bất kỳ sự tiến bộ nào.,1
overall_C_mok_df_water,effect,Sự tắc nghẽn năng lượng tăng trưởng tạo ra sự trì trệ và thoái trào trên mọi lĩnh vực.,1
overall_C_mok_df_water,action,"Hôm nay, hãy tập trung vào việc duy trì hiện trạng hơn là tiến bộ.",1
overall_C_mok_df_water,state,"Sự do dự trong việc thử những điều mới có thể làm chậm tiến độ và năng lượng của mưa và tuyết có thể kích thích cảm xúc và nội tâm của bạn, điều này có thể làm tăng tác động.",1
overall_C_mok_df_wood,intro,Đó là ngày mà năng lượng tăng trưởng toàn diện bị chặn lại và khó có thể mong đợi bất kỳ sự tiến bộ nào.,1
overall_C_mok_df_wood,effect,Sự tắc nghẽn năng lượng tăng trưởng tạo ra sự trì trệ và thoái trào trên mọi lĩnh vực.,1
overall_C_mok_df_wood,action,"Hôm nay, hãy tập trung vào việc duy trì hiện trạng hơn là tiến bộ.",1
overall_C_mok_df_wood,state,Sự do dự trong việc thử những điều mới có thể làm chậm tiến độ và năng lượng mạnh mẽ của sự thay đổi có thể làm xáo trộn nhịp độ và dẫn đến những biến đổi không mong muốn.,1
overall_C_mok_ex_earth,intro,Đó là ngày mà năng lượng tăng trưởng toàn diện bị chặn lại và khó có thể mong đợi bất kỳ sự tiến bộ nào.,1
overall_C_mok_ex_earth,effect,Sự tắc nghẽn năng lượng tăng trưởng tạo ra sự trì trệ và thoái trào trên mọi lĩnh vực.,1
overall_C_mok_ex_earth,action,"Hôm nay, hãy tập trung vào việc duy trì hiện trạng hơn là tiến bộ.",1
overall_C_mok_ex_earth,state,Động lực quá mức có thể khiến bạn làm việc quá sức và nguồn năng lượng trầm có thể làm bạn chậm lại và khiến suy nghĩ của bạn trở nên nặng nề.,1
overall_C_mok_ex_fire,intro,Đó là ngày mà năng lượng tăng trưởng toàn diện bị chặn lại và khó có thể mong đợi bất kỳ sự tiến bộ nào.,1
overall_C_mok_ex_fire,effect,Sự tắc nghẽn năng lượng tăng trưởng tạo ra sự trì trệ và thoái trào trên mọi lĩnh vực.,1
overall_C_mok_ex_fire,action,"Hôm nay, hãy tập trung vào việc duy trì hiện trạng hơn là tiến bộ.",1
overall_C_mok_ex_fire,state,"Nếu bạn quá có động lực, bạn có thể thúc đẩy bản thân làm mọi việc và nguồn năng lượng sáng rõ của bạn có thể chảy vào bầu không khí phấn khích, điều này có thể làm lu mờ sự thận trọng của bạn.",1
overall_C_mok_ex_water,intro,Đó là ngày mà năng lượng tăng trưởng toàn diện bị chặn lại và khó có thể mong đợi bất kỳ sự tiến bộ nào.,1
overall_C_mok_ex_water,effect,Sự tắc nghẽn năng lượng tăng trưởng tạo ra sự trì trệ và thoái trào trên mọi lĩnh vực.,1
overall_C_mok_ex_water,action,"Hôm nay, hãy tập trung vào việc duy trì hiện trạng hơn là tiến bộ.",1
overall_C_mok_ex_water,state,"Nếu có quá nhiều động lực, bạn có thể làm việc quá sức, năng lượng của mưa tuyết có thể kích thích cảm xúc và nội tâm của bạn, từ đó có thể làm tăng tác động.",1
overall_C_mok_ex_wood,intro,Đó là ngày mà năng lượng tăng trưởng toàn diện bị chặn lại và khó có thể mong đợi bất kỳ sự tiến bộ nào.,1
overall_C_mok_ex_wood,effect,Sự tắc nghẽn năng lượng tăng trưởng tạo ra sự trì trệ và thoái trào trên mọi lĩnh vực.,1
overall_C_mok_ex_wood,action,"Hôm nay, hãy tập trung vào việc duy trì hiện trạng hơn là tiến bộ.",1
overall_C_mok_ex_wood,state,"Động lực quá mức có thể dẫn đến làm việc quá sức, và năng lượng mạnh mẽ của sự thay đổi có thể làm xáo trộn nhịp điệu và dẫn đến những biến đổi không mong muốn.",1
overall_C_su_df_earth,intro,Đó là một ngày mà toàn bộ dòng chảy đi theo hướng ngược lại và ngày không hề suôn sẻ.,1
overall_C_su_df_earth,effect,Dòng chảy đảo chiều tạo ra tổn thất và hư hỏng ở nhiều khu vực cùng một lúc.,1
overall_C_su_df_earth,action,"Thay vì đi ngược dòng chảy, hãy dừng lại một chút và quan sát tình hình.",1
overall_C_su_df_earth,state,Bạn rất dễ mất dấu dòng chảy do thiếu linh hoạt và năng lượng vẩn đục có thể làm bạn chậm lại và khiến suy nghĩ của bạn trở nên nặng nề.,1
overall_C_su_df_fire,intro,Đó là một ngày mà toàn bộ dòng chảy đi theo hướng ngược lại và ngày không hề suôn sẻ.,1
overall_C_su_df_fire,effect,Dòng chảy đảo chiều tạo ra tổn thất và hư hỏng ở nhiều khu vực cùng một lúc.,1
overall_C_su_df_fire,action,"Thay vì đi ngược dòng chảy, hãy dừng lại một chút và quan sát tình hình.",1
overall_C_su_df_fire,state,"Do thiếu linh hoạt nên dễ bị lạc dòng, nguồn năng lượng sáng rõ có thể chảy vào bầu không khí phấn khích, có thể làm lu mờ sự thận trọng của bạn.",1
overall_C_su_df_water,intro,Đó là một ngày mà toàn bộ dòng chảy đi theo hướng ngược lại và ngày không hề suôn sẻ.,1
overall_C_su_df_water,effect,Dòng chảy đảo chiều tạo ra tổn thất và hư hỏng ở nhiều khu vực cùng một lúc.,1
overall_C_su_df_water,action,"Thay vì đi ngược dòng chảy, hãy dừng lại một chút và quan sát tình hình.",1
overall_C_su_df_water,state,"Do thiếu linh hoạt nên dễ bị lạc dòng, năng lượng của mưa tuyết có thể kích thích cảm xúc và nội tâm, có thể làm tăng tác động.",1
overall_C_su_df_wood,intro,Đó là một ngày mà toàn bộ dòng chảy đi theo hướng ngược lại và ngày không hề suôn sẻ.,1
overall_C_su_df_wood,effect,Dòng chảy đảo chiều tạo ra tổn thất và hư hỏng ở nhiều khu vực cùng một lúc.,1
overall_C_su_df_wood,action,"Thay vì đi ngược dòng chảy, hãy dừng lại một chút và quan sát tình hình.",1
overall_C_su_df_wood,state,"Do thiếu linh hoạt nên dễ bị lạc dòng, năng lượng thay đổi mạnh mẽ có thể làm rung chuyển nhịp điệu và dẫn đến những biến chuyển không mong muốn.",1
overall_C_su_ex_earth,intro,Đó là một ngày mà toàn bộ dòng chảy đi theo hướng ngược lại và ngày không hề suôn sẻ.,1
overall_C_su_ex_earth,effect,Dòng chảy đảo chiều tạo ra tổn thất và hư hỏng ở nhiều khu vực cùng một lúc.,1
overall_C_su_ex_earth,action,"Thay vì đi ngược dòng chảy, hãy dừng lại một chút và quan sát tình hình.",1
overall_C_su_ex_earth,state,"Khả năng phán đoán của bạn rất dễ bị che mờ bởi những cảm xúc dâng trào, năng lượng vẩn đục có thể làm bạn chậm lại và khiến suy nghĩ của bạn trở nên nặng nề.",1
overall_C_su_ex_fire,intro,Đó là một ngày mà toàn bộ dòng chảy đi theo hướng ngược lại và ngày không hề suôn sẻ.,1
overall_C_su_ex_fire,effect,Dòng chảy đảo chiều tạo ra tổn thất và hư hỏng ở nhiều khu vực cùng một lúc.,1
overall_C_su_ex_fire,action,"Thay vì đi ngược dòng chảy, hãy dừng lại một chút và quan sát tình hình.",1
overall_C_su_ex_fire,state,"Sự phán xét có thể dễ dàng bị che mờ bởi những cảm xúc dâng trào, và nguồn năng lượng sáng rõ có thể chảy vào một bầu không khí phấn khích, có thể che mờ sự thận trọng.",1
overall_C_su_ex_water,intro,Đó là một ngày mà toàn bộ dòng chảy đi theo hướng ngược lại và ngày không hề suôn sẻ.,1
overall_C_su_ex_water,effect,Dòng chảy đảo chiều tạo ra tổn thất và hư hỏng ở nhiều khu vực cùng một lúc.,1
overall_C_su_ex_water,action,"Thay vì đi ngược dòng chảy, hãy dừng lại một chút và quan sát tình hình.",1
overall_C_su_ex_water,state,"Khả năng phán đoán của bạn rất dễ bị lu mờ do cảm xúc dâng trào, năng lượng của mưa tuyết có thể kích thích cảm xúc và nội tâm của bạn, từ đó có thể làm tăng tác động.",1
overall_C_su_ex_wood,intro,Đó là một ngày mà toàn bộ dòng chảy đi theo hướng ngược lại và ngày không hề suôn sẻ.,1
overall_C_su_ex_wood,effect,Dòng chảy đảo chiều tạo ra tổn thất và hư hỏng ở nhiều khu vực cùng một lúc.,1
overall_C_su_ex_wood,action,"Thay vì đi ngược dòng chảy, hãy dừng lại một chút và quan sát tình hình.",1
overall_C_su_ex_wood,state,"Sự phán xét có thể dễ dàng bị che mờ bởi cảm xúc, và năng lượng mạnh mẽ của sự thay đổi có thể làm rung chuyển nhịp điệu và dẫn đến những biến đổi bất ngờ.",1
overall_C_to_df_earth,intro,Đó là một ngày không ổn định suốt cả ngày khi nền tảng vững chắc tổng thể bị lung lay.,1
overall_C_to_df_earth,effect,Vận may tổng thể không ổn định tạo ra những vấn đề bất ngờ trong nhiều lĩnh vực.,1
overall_C_to_df_earth,action,Đừng vội vàng đưa ra bất kỳ quyết định nào và hãy tìm sự ổn định trước tiên.,1
overall_C_to_df_earth,state,Bởi vì trung tâm của bạn bị rung chuyển nên bạn rất dễ bị ảnh hưởng bởi môi trường xung quanh và nguồn năng lượng trầm có thể làm bạn chậm lại và khiến suy nghĩ của bạn trở nên nặng nề.,1
overall_C_to_df_fire,intro,Đó là một ngày không ổn định suốt cả ngày khi nền tảng vững chắc tổng thể bị lung lay.,1
overall_C_to_df_fire,effect,Vận may tổng thể không ổn định tạo ra những vấn đề bất ngờ trong nhiều lĩnh vực.,1
overall_C_to_df_fire,action,Đừng vội vàng đưa ra bất kỳ quyết định nào và hãy tìm sự ổn định trước tiên.,1
overall_C_to_df_fire,state,"Bởi vì trung tâm của bạn bị rung chuyển nên rất dễ bị ảnh hưởng bởi những người xung quanh, và nguồn năng lượng sáng rõ của bạn có thể chảy vào một bầu không khí phấn khích, điều này có thể che mờ sự thận trọng của bạn.",1
overall_C_to_df_water,intro,Đó là một ngày không ổn định suốt cả ngày khi nền tảng vững chắc tổng thể bị lung lay.,1
overall_C_to_df_water,effect,Vận may tổng thể không ổn định tạo ra những vấn đề bất ngờ trong nhiều lĩnh vực.,1
overall_C_to_df_water,action,Đừng vội vàng đưa ra bất kỳ quyết định nào và hãy tìm sự ổn định trước tiên.,1
overall_C_to_df_water,state,"Vì trung tâm của bạn bị rung chuyển nên rất dễ bị ảnh hưởng bởi môi trường xung quanh, năng lượng của mưa tuyết có thể kích thích cảm xúc và nội tâm của bạn, từ đó có thể làm tăng tác động.",1
overall_C_to_df_wood,intro,Đó là một ngày không ổn định suốt cả ngày khi nền tảng vững chắc tổng thể bị lung lay.,1
overall_C_to_df_wood,effect,Vận may tổng thể không ổn định tạo ra những vấn đề bất ngờ trong nhiều lĩnh vực.,1
overall_C_to_df_wood,action,Đừng vội vàng đưa ra bất kỳ quyết định nào và hãy tìm sự ổn định trước tiên.,1
overall_C_to_df_wood,state,"Bởi vì trung tâm bị rung chuyển nên dễ bị ảnh hưởng bởi môi trường xung quanh, năng lượng thay đổi mạnh mẽ có thể làm rung chuyển nhịp điệu và dẫn đến những biến chuyển bất ngờ.",1
overall_C_to_ex_earth,intro,Đó là một ngày không ổn định suốt cả ngày khi nền tảng vững chắc tổng thể bị lung lay.,1
overall_C_to_ex_earth,effect,Vận may tổng thể không ổn định tạo ra những vấn đề bất ngờ trong nhiều lĩnh vực.,1
overall_C_to_ex_earth,action,Đừng vội vàng đưa ra bất kỳ quyết định nào và hãy tìm sự ổn định trước tiên.,1
overall_C_to_ex_earth,state,"Một tâm trí không chịu thay đổi có thể chặn đứng các cơ hội, và nguồn năng lượng trầm có thể làm chậm tốc độ của bạn và khiến suy nghĩ của bạn trở nên nặng nề.",1
overall_C_to_ex_fire,intro,Đó là một ngày không ổn định suốt cả ngày khi nền tảng vững chắc tổng thể bị lung lay.,1
overall_C_to_ex_fire,effect,Vận may tổng thể không ổn định tạo ra những vấn đề bất ngờ trong nhiều lĩnh vực.,1
overall_C_to_ex_fire,action,Đừng vội vàng đưa ra bất kỳ quyết định nào và hãy tìm sự ổn định trước tiên.,1
overall_C_to_ex_fire,state,"Một tâm trí không chịu thay đổi có thể chặn đứng các cơ hội, và năng lượng rõ ràng có thể chảy vào bầu không khí phấn khích, che mờ sự thận trọng.",1
overall_C_to_ex_water,intro,Đó là một ngày không ổn định suốt cả ngày khi nền tảng vững chắc tổng thể bị lung lay.,1
overall_C_to_ex_water,effect,Vận may tổng thể không ổn định tạo ra những vấn đề bất ngờ trong nhiều lĩnh vực.,1
overall_C_to_ex_water,action,Đừng vội vàng đưa ra bất kỳ quyết định nào và hãy tìm sự ổn định trước tiên.,1
overall_C_to_ex_water,state,"Một tâm trí không chịu thay đổi có thể chặn đứng các cơ hội, còn năng lượng của mưa tuyết có thể kích thích cảm xúc và nội tâm, có thể làm tăng tác động.",1
overall_C_to_ex_wood,intro,Đó là một ngày không ổn định suốt cả ngày khi nền tảng vững chắc tổng thể bị lung lay.,1
overall_C_to_ex_wood,effect,Vận may tổng thể không ổn định tạo ra những vấn đề bất ngờ trong nhiều lĩnh vực.,1
overall_C_to_ex_wood,action,Đừng vội vàng đưa ra bất kỳ quyết định nào và hãy tìm sự ổn định trước tiên.,1
overall_C_to_ex_wood,state,Việc từ chối thay đổi có thể cản trở các cơ hội và năng lượng mạnh mẽ của sự thay đổi có thể làm rung chuyển nhịp điệu và dẫn đến những biến đổi không mong muốn.,1
overall_C1,intro,"Hôm nay, năng lượng của bạn khá thấp nên đây là ngày để xây dựng sức mạnh một cách lặng lẽ thay vì thực hiện những động thái lớn.",1
overall_C1,intro,Tình hình hôm nay có thể không thuận lợi nên bạn cần hành động thận trọng.,1
overall_C1,effect,Điều quan trọng là phải tiết kiệm năng lượng vì cố gắng quá sức có thể gây phản tác dụng.,1
overall_C1,effect,"Một sai sót nhỏ hoặc sự bất cẩn có thể dẫn đến kết quả lớn, vì vậy tốt hơn hết bạn nên kiểm tra lại mọi thứ một lần nữa.",1
overall_C1,action,Đó là ngày bạn đủ tốt chỉ để duy trì những gì bạn có.,1
overall_C1,action,"Hôm nay, hãy tập trung vào việc sắp xếp các nhiệm vụ hiện có và chuẩn bị cho bước đi tiếp theo của bạn thay vì thử những điều mới.",1
overall_C1_geum_df_earth,intro,Đó là một ngày rất tồi tệ đối với vận may chung của bạn và là ngày mà khó khăn chồng chéo lên nhau ở một số lĩnh vực.,1
overall_C1_geum_df_earth,effect,Sự suy giảm nghiêm trọng về vận may tổng thể tạo ra rào cản cho mọi nỗ lực.,1
overall_C1_geum_df_earth,action,Hãy ngừng thử những điều mới ngay hôm nay và tập trung vào việc duy trì hiện trạng.,1
overall_C1_geum_df_earth,state,"Do thiếu quyết tâm nên dễ tích tụ những lựa chọn thiếu quyết đoán, năng lượng vẩn đục có thể làm giảm động lực và khả năng phán đoán của đám mây.",1
overall_C1_geum_df_fire,intro,Đó là một ngày rất tồi tệ đối với vận may chung của bạn và là ngày mà khó khăn chồng chéo lên nhau ở một số lĩnh vực.,1
overall_C1_geum_df_fire,effect,Sự suy giảm nghiêm trọng về vận may tổng thể tạo ra rào cản cho mọi nỗ lực.,1
overall_C1_geum_df_fire,action,Hãy ngừng thử những điều mới ngay hôm nay và tập trung vào việc duy trì hiện trạng.,1
overall_C1_geum_df_fire,state,"Vì thiếu quyết tâm nên dễ đưa ra những lựa chọn thiếu quyết đoán, Dương hưng phấn có thể làm mất bình tĩnh và dẫn đến những sai lầm nhỏ.",1
overall_C1_geum_df_water,intro,Đó là một ngày rất tồi tệ đối với vận may chung của bạn và là ngày mà khó khăn chồng chéo lên nhau ở một số lĩnh vực.,1
overall_C1_geum_df_water,effect,Sự suy giảm nghiêm trọng về vận may tổng thể tạo ra rào cản cho mọi nỗ lực.,1
overall_C1_geum_df_water,action,Hãy ngừng thử những điều mới ngay hôm nay và tập trung vào việc duy trì hiện trạng.,1
overall_C1_geum_df_water,state,"Vì thiếu quyết tâm nên dễ nảy sinh những lựa chọn thiếu quyết đoán, năng lượng mưa tuyết không thể xoa dịu cảm xúc, khiến lòng bạn nặng trĩu.",1
overall_C1_geum_df_wood,intro,Đó là một ngày rất tồi tệ đối với vận may chung của bạn và là ngày mà khó khăn chồng chéo lên nhau ở một số lĩnh vực.,1
overall_C1_geum_df_wood,effect,Sự suy giảm nghiêm trọng về vận may tổng thể tạo ra rào cản cho mọi nỗ lực.,1
overall_C1_geum_df_wood,action,Hãy ngừng thử những điều mới ngay hôm nay và tập trung vào việc duy trì hiện trạng.,1
overall_C1_geum_df_wood,state,"Vì thiếu quyết tâm nên dễ nảy sinh những lựa chọn thiếu quyết đoán, năng lượng của sự thay đổi có thể liên tục cản trở, phá vỡ các kế hoạch.",1
overall_C1_geum_ex_earth,intro,Đó là một ngày rất tồi tệ đối với vận may chung của bạn và là ngày mà khó khăn chồng chéo lên nhau ở một số lĩnh vực.,1
overall_C1_geum_ex_earth,effect,Sự suy giảm nghiêm trọng về vận may tổng thể tạo ra rào cản cho mọi nỗ lực.,1
overall_C1_geum_ex_earth,action,Hãy ngừng thử những điều mới ngay hôm nay và tập trung vào việc duy trì hiện trạng.,1
overall_C1_geum_ex_earth,state,"Sự sắc bén có thể đi quá xa và gây gánh nặng cho những người xung quanh bạn, đồng thời nguồn năng lượng trầm có thể làm giảm động lực và che mờ khả năng phán đoán của bạn.",1
overall_C1_geum_ex_fire,intro,Đó là một ngày rất tồi tệ đối với vận may chung của bạn và là ngày mà khó khăn chồng chéo lên nhau ở một số lĩnh vực.,1
overall_C1_geum_ex_fire,effect,Sự suy giảm nghiêm trọng về vận may tổng thể tạo ra rào cản cho mọi nỗ lực.,1
overall_C1_geum_ex_fire,action,Hãy ngừng thử những điều mới ngay hôm nay và tập trung vào việc duy trì hiện trạng.,1
overall_C1_geum_ex_fire,state,"Sự sắc bén của bạn có thể đi quá xa và gây gánh nặng cho những người xung quanh, đồng thời năng lượng phấn khích của bạn có thể làm tiêu tan sự bình tĩnh của bạn và dẫn đến những sai lầm nhỏ.",1
overall_C1_geum_ex_water,intro,Đó là một ngày rất tồi tệ đối với vận may chung của bạn và là ngày mà khó khăn chồng chéo lên nhau ở một số lĩnh vực.,1
overall_C1_geum_ex_water,effect,Sự suy giảm nghiêm trọng về vận may tổng thể tạo ra rào cản cho mọi nỗ lực.,1
overall_C1_geum_ex_water,action,Hãy ngừng thử những điều mới ngay hôm nay và tập trung vào việc duy trì hiện trạng.,1
overall_C1_geum_ex_water,state,"Sự sắc bén của bạn có thể đi quá xa và gây gánh nặng cho những người xung quanh, còn năng lượng của mưa tuyết không thể xoa dịu được cảm xúc của bạn, khiến lòng bạn nặng trĩu.",1
overall_C1_geum_ex_wood,intro,Đó là một ngày rất tồi tệ đối với vận may chung của bạn và là ngày mà khó khăn chồng chéo lên nhau ở một số lĩnh vực.,1
overall_C1_geum_ex_wood,effect,Sự suy giảm nghiêm trọng về vận may tổng thể tạo ra rào cản cho mọi nỗ lực.,1
overall_C1_geum_ex_wood,action,Hãy ngừng thử những điều mới ngay hôm nay và tập trung vào việc duy trì hiện trạng.,1
overall_C1_geum_ex_wood,state,"Sự sắc bén của bạn có thể đi quá xa và gây gánh nặng cho những người xung quanh, đồng thời năng lượng thay đổi có thể tiếp tục cản trở các kế hoạch của bạn.",1
overall_C1_hwa_df_earth,intro,"Năng lượng tổng thể của bạn cực kỳ thấp, khiến cả ngày của bạn trở thành một ngày uể oải.",1
overall_C1_hwa_df_earth,effect,Hoàn toàn cạn kiệt hiệu suất khối năng lượng trong tất cả các lĩnh vực.,1
overall_C1_hwa_df_earth,action,Thực hiện hoạt động tối thiểu và tập trung vào việc lấy lại năng lượng.,1
overall_C1_hwa_df_earth,state,Cảm xúc của bạn rất dễ không được truyền tải đúng cách do tắc nghẽn biểu hiện và năng lượng vẩn đục có thể làm giảm động lực và che mờ khả năng phán đoán của bạn.,1
overall_C1_hwa_df_fire,intro,"Năng lượng tổng thể của bạn cực kỳ thấp, khiến cả ngày của bạn trở thành một ngày uể oải.",1
overall_C1_hwa_df_fire,effect,Hoàn toàn cạn kiệt hiệu suất khối năng lượng trong tất cả các lĩnh vực.,1
overall_C1_hwa_df_fire,action,Thực hiện hoạt động tối thiểu và tập trung vào việc lấy lại năng lượng.,1
overall_C1_hwa_df_fire,state,"Cảm xúc của bạn rất dễ không được truyền tải đúng cách do tắc nghẽn biểu hiện, đồng thời năng lượng phấn khích có thể làm mất đi sự bình tĩnh của bạn và dẫn đến những sai sót nhỏ.",1
overall_C1_hwa_df_water,intro,"Năng lượng tổng thể của bạn cực kỳ thấp, khiến cả ngày của bạn trở thành một ngày uể oải.",1
overall_C1_hwa_df_water,effect,Hoàn toàn cạn kiệt hiệu suất khối năng lượng trong tất cả các lĩnh vực.,1
overall_C1_hwa_df_water,action,Thực hiện hoạt động tối thiểu và tập trung vào việc lấy lại năng lượng.,1
overall_C1_hwa_df_water,state,"Bởi vì biểu cảm bị chặn nên cảm xúc của bạn dễ không được truyền tải một cách đúng đắn, năng lượng của mưa tuyết không thể xoa dịu cảm xúc của bạn, điều này có thể khiến trái tim bạn cảm thấy nặng nề.",1
overall_C1_hwa_df_wood,intro,"Năng lượng tổng thể của bạn cực kỳ thấp, khiến cả ngày của bạn trở thành một ngày uể oải.",1
overall_C1_hwa_df_wood,effect,Hoàn toàn cạn kiệt hiệu suất khối năng lượng trong tất cả các lĩnh vực.,1
overall_C1_hwa_df_wood,action,Thực hiện hoạt động tối thiểu và tập trung vào việc lấy lại năng lượng.,1
overall_C1_hwa_df_wood,state,Cảm xúc của bạn rất dễ không được truyền tải đúng cách do tắc nghẽn biểu hiện và năng lượng của sự thay đổi có thể tiếp tục cản trở và làm gián đoạn kế hoạch của bạn.,1
overall_C1_hwa_ex_earth,intro,"Năng lượng tổng thể của bạn cực kỳ thấp, khiến cả ngày của bạn trở thành một ngày uể oải.",1
overall_C1_hwa_ex_earth,effect,Hoàn toàn cạn kiệt hiệu suất khối năng lượng trong tất cả các lĩnh vực.,1
overall_C1_hwa_ex_earth,action,Thực hiện hoạt động tối thiểu và tập trung vào việc lấy lại năng lượng.,1
overall_C1_hwa_ex_earth,state,"Cảm xúc rất dễ gây ra xích mích ngay cả với những điều nhỏ nhặt, và năng lượng vẩn đục có thể làm giảm động lực và khả năng phán đoán của đám mây.",1
overall_C1_hwa_ex_fire,intro,"Năng lượng tổng thể của bạn cực kỳ thấp, khiến cả ngày của bạn trở thành một ngày uể oải.",1
overall_C1_hwa_ex_fire,effect,Hoàn toàn cạn kiệt hiệu suất khối năng lượng trong tất cả các lĩnh vực.,1
overall_C1_hwa_ex_fire,action,Thực hiện hoạt động tối thiểu và tập trung vào việc lấy lại năng lượng.,1
overall_C1_hwa_ex_fire,state,"Cảm xúc rất dễ gây ra xích mích dù chỉ vì những điều nhỏ nhặt, còn năng lượng phấn khích có thể làm xáo trộn sự bình tĩnh của bạn và dẫn đến những sai lầm nhỏ.",1
overall_C1_hwa_ex_water,intro,"Năng lượng tổng thể của bạn cực kỳ thấp, khiến cả ngày của bạn trở thành một ngày uể oải.",1
overall_C1_hwa_ex_water,effect,Hoàn toàn cạn kiệt hiệu suất khối năng lượng trong tất cả các lĩnh vực.,1
overall_C1_hwa_ex_water,action,Thực hiện hoạt động tối thiểu và tập trung vào việc lấy lại năng lượng.,1
overall_C1_hwa_ex_water,state,"Cảm xúc rất dễ nảy sinh dù chỉ vì những điều nhỏ nhặt, năng lượng của mưa tuyết cũng không thể làm dịu đi cảm xúc của bạn, khiến lòng bạn nặng trĩu.",1
overall_C1_hwa_ex_wood,intro,"Năng lượng tổng thể của bạn cực kỳ thấp, khiến cả ngày của bạn trở thành một ngày uể oải.",1
overall_C1_hwa_ex_wood,effect,Hoàn toàn cạn kiệt hiệu suất khối năng lượng trong tất cả các lĩnh vực.,1
overall_C1_hwa_ex_wood,action,Thực hiện hoạt động tối thiểu và tập trung vào việc lấy lại năng lượng.,1
overall_C1_hwa_ex_wood,state,"Nếu bạn bị chi phối bởi cảm xúc, bạn rất dễ nảy sinh xích mích ngay cả vì những điều nhỏ nhặt và năng lượng của sự thay đổi có thể tiếp tục cản trở và làm gián đoạn các kế hoạch của bạn.",1
overall_C1_mok_df_earth,intro,"Đó là ngày mà năng lượng tăng trưởng toàn diện bị chặn hoàn toàn, khiến mọi nỗ lực đều khó có kết quả.",1
overall_C1_mok_df_earth,effect,Sự tắc nghẽn năng lượng tăng trưởng tạo ra sự thụt lùi và thất vọng trong mọi lĩnh vực.,1
overall_C1_mok_df_earth,action,Đừng bắt đầu bất cứ điều gì mới ngày hôm nay và chuẩn bị cho ngày mai.,1
overall_C1_mok_df_earth,state,"Nếu chần chừ trong thời gian dài, cơ hội sẽ dễ dàng vuột khỏi tầm tay bạn, nguồn năng lượng trầm có thể làm giảm động lực và che mờ khả năng phán đoán của bạn.",1
overall_C1_mok_df_fire,intro,"Đó là ngày mà năng lượng tăng trưởng toàn diện bị chặn hoàn toàn, khiến mọi nỗ lực đều khó có kết quả.",1
overall_C1_mok_df_fire,effect,Sự tắc nghẽn năng lượng tăng trưởng tạo ra sự thụt lùi và thất vọng trong mọi lĩnh vực.,1
overall_C1_mok_df_fire,action,Đừng bắt đầu bất cứ điều gì mới ngày hôm nay và chuẩn bị cho ngày mai.,1
overall_C1_mok_df_fire,state,"Nếu chần chừ lâu, rất dễ cơ hội tuột khỏi tay bạn, năng lượng hưng phấn có thể làm mất đi sự bình tĩnh của bạn và dẫn đến những sai sót nhỏ.",1
overall_C1_mok_df_water,intro,"Đó là ngày mà năng lượng tăng trưởng toàn diện bị chặn hoàn toàn, khiến mọi nỗ lực đều khó có kết quả.",1
overall_C1_mok_df_water,effect,Sự tắc nghẽn năng lượng tăng trưởng tạo ra sự thụt lùi và thất vọng trong mọi lĩnh vực.,1
overall_C1_mok_df_water,action,Đừng bắt đầu bất cứ điều gì mới ngày hôm nay và chuẩn bị cho ngày mai.,1
overall_C1_mok_df_water,state,"Nếu chần chừ lâu, rất dễ cơ hội tuột khỏi tay, năng lượng mưa tuyết không thể xoa dịu cảm xúc, khiến lòng bạn nặng trĩu.",1
overall_C1_mok_df_wood,intro,"Đó là ngày mà năng lượng tăng trưởng toàn diện bị chặn hoàn toàn, khiến mọi nỗ lực đều khó có kết quả.",1
overall_C1_mok_df_wood,effect,Sự tắc nghẽn năng lượng tăng trưởng tạo ra sự thụt lùi và thất vọng trong mọi lĩnh vực.,1
overall_C1_mok_df_wood,action,Đừng bắt đầu bất cứ điều gì mới ngày hôm nay và chuẩn bị cho ngày mai.,1
overall_C1_mok_df_wood,state,"Nếu bạn chần chừ trong thời gian dài, rất dễ để cơ hội tuột khỏi tay bạn, năng lượng của sự thay đổi có thể liên tục cản trở và làm gián đoạn các kế hoạch của bạn.",1
overall_C1_mok_ex_earth,intro,"Đó là ngày mà năng lượng tăng trưởng toàn diện bị chặn hoàn toàn, khiến mọi nỗ lực đều khó có kết quả.",1
overall_C1_mok_ex_earth,effect,Sự tắc nghẽn năng lượng tăng trưởng tạo ra sự thụt lùi và thất vọng trong mọi lĩnh vực.,1
overall_C1_mok_ex_earth,action,Đừng bắt đầu bất cứ điều gì mới ngày hôm nay và chuẩn bị cho ngày mai.,1
overall_C1_mok_ex_earth,state,"Lòng tham rất dễ dẫn đến những thứ không thể nắm bắt được, năng lượng vẩn đục có thể làm giảm động lực và khả năng phán đoán của mây mù.",1
overall_C1_mok_ex_fire,intro,"Đó là ngày mà năng lượng tăng trưởng toàn diện bị chặn hoàn toàn, khiến mọi nỗ lực đều khó có kết quả.",1
overall_C1_mok_ex_fire,effect,Sự tắc nghẽn năng lượng tăng trưởng tạo ra sự thụt lùi và thất vọng trong mọi lĩnh vực.,1
overall_C1_mok_ex_fire,action,Đừng bắt đầu bất cứ điều gì mới ngày hôm nay và chuẩn bị cho ngày mai.,1
overall_C1_mok_ex_fire,state,"Bạn rất dễ trở nên tham lam và làm những việc không thể kiểm soát, năng lượng phấn khích có thể làm xáo trộn sự bình tĩnh của bạn và dẫn đến những sai lầm nhỏ.",1
overall_C1_mok_ex_water,intro,"Đó là ngày mà năng lượng tăng trưởng toàn diện bị chặn hoàn toàn, khiến mọi nỗ lực đều khó có kết quả.",1
overall_C1_mok_ex_water,effect,Sự tắc nghẽn năng lượng tăng trưởng tạo ra sự thụt lùi và thất vọng trong mọi lĩnh vực.,1
overall_C1_mok_ex_water,action,Đừng bắt đầu bất cứ điều gì mới ngày hôm nay và chuẩn bị cho ngày mai.,1
overall_C1_mok_ex_water,state,"Bạn dễ trở nên tham lam và làm những việc mình không thể kiểm soát, năng lượng của mưa tuyết không thể xoa dịu cảm xúc khiến lòng bạn nặng trĩu.",1
overall_C1_mok_ex_wood,intro,"Đó là ngày mà năng lượng tăng trưởng toàn diện bị chặn hoàn toàn, khiến mọi nỗ lực đều khó có kết quả.",1
overall_C1_mok_ex_wood,effect,Sự tắc nghẽn năng lượng tăng trưởng tạo ra sự thụt lùi và thất vọng trong mọi lĩnh vực.,1
overall_C1_mok_ex_wood,action,Đừng bắt đầu bất cứ điều gì mới ngày hôm nay và chuẩn bị cho ngày mai.,1
overall_C1_mok_ex_wood,state,"Bạn rất dễ trở nên tham lam và làm những việc ngoài tầm kiểm soát, đồng thời năng lượng của sự thay đổi có thể tiếp tục cản trở các kế hoạch của bạn.",1
overall_C1_su_df_earth,intro,Toàn bộ dòng chảy bị chặn hoàn toàn và nửa đầu ngày rất khó khăn.,1
overall_C1_su_df_earth,effect,Sự tắc nghẽn dòng chảy gây ra sự cố và tổn thất ở tất cả các khu vực cùng một lúc.,1
overall_C1_su_df_earth,action,Đừng đi ngược dòng chảy và chỉ đưa ra những lựa chọn an toàn nhất.,1
overall_C1_su_df_earth,state,"Bạn rất dễ trở nên bướng bỉnh và lạc lối, và nguồn năng lượng trầm có thể làm giảm động lực và che mờ khả năng phán đoán của bạn.",1
overall_C1_su_df_fire,intro,Toàn bộ dòng chảy bị chặn hoàn toàn và nửa đầu ngày rất khó khăn.,1
overall_C1_su_df_fire,effect,Sự tắc nghẽn dòng chảy gây ra sự cố và tổn thất ở tất cả các khu vực cùng một lúc.,1
overall_C1_su_df_fire,action,Đừng đi ngược dòng chảy và chỉ đưa ra những lựa chọn an toàn nhất.,1
overall_C1_su_df_fire,state,"Bạn rất dễ trở nên bướng bỉnh và lạc lối, năng lượng phấn khích có thể làm xáo trộn sự bình tĩnh của bạn và dẫn đến những sai lầm nhỏ.",1
overall_C1_su_df_water,intro,Toàn bộ dòng chảy bị chặn hoàn toàn và nửa đầu ngày rất khó khăn.,1
overall_C1_su_df_water,effect,Sự tắc nghẽn dòng chảy gây ra sự cố và tổn thất ở tất cả các khu vực cùng một lúc.,1
overall_C1_su_df_water,action,Đừng đi ngược dòng chảy và chỉ đưa ra những lựa chọn an toàn nhất.,1
overall_C1_su_df_water,state,"Bạn dễ trở nên bướng bỉnh, lạc lối, năng lượng của mưa tuyết không thể xoa dịu được cảm xúc, khiến lòng bạn trĩu nặng.",1
overall_C1_su_df_wood,intro,Toàn bộ dòng chảy bị chặn hoàn toàn và nửa đầu ngày rất khó khăn.,1
overall_C1_su_df_wood,effect,Sự tắc nghẽn dòng chảy gây ra sự cố và tổn thất ở tất cả các khu vực cùng một lúc.,1
overall_C1_su_df_wood,action,Đừng đi ngược dòng chảy và chỉ đưa ra những lựa chọn an toàn nhất.,1
overall_C1_su_df_wood,state,"Bạn rất dễ trở nên bướng bỉnh và mất dấu mọi việc nhiều lần, đồng thời năng lượng của sự thay đổi có thể tiếp tục cản trở và làm gián đoạn các kế hoạch của bạn.",1
overall_C1_su_ex_earth,intro,Toàn bộ dòng chảy bị chặn hoàn toàn và nửa đầu ngày rất khó khăn.,1
overall_C1_su_ex_earth,effect,Sự tắc nghẽn dòng chảy gây ra sự cố và tổn thất ở tất cả các khu vực cùng một lúc.,1
overall_C1_su_ex_earth,action,Đừng đi ngược dòng chảy và chỉ đưa ra những lựa chọn an toàn nhất.,1
overall_C1_su_ex_earth,state,"Cảm xúc trở nên sâu sắc hơn nên rất dễ bị rung chuyển bởi những kích thích dù nhỏ, năng lượng vẩn đục có thể làm giảm động lực và khả năng phán đoán của đám mây.",1
overall_C1_su_ex_fire,intro,Toàn bộ dòng chảy bị chặn hoàn toàn và nửa đầu ngày rất khó khăn.,1
overall_C1_su_ex_fire,effect,Sự tắc nghẽn dòng chảy gây ra sự cố và tổn thất ở tất cả các khu vực cùng một lúc.,1
overall_C1_su_ex_fire,action,Đừng đi ngược dòng chảy và chỉ đưa ra những lựa chọn an toàn nhất.,1
overall_C1_su_ex_fire,state,"Cảm xúc trở nên sâu sắc nên rất dễ bị rung chuyển bởi những kích thích dù là nhỏ nhất, năng lượng phấn khích có thể làm xáo trộn sự bình tĩnh và dẫn đến những sai lầm nhỏ.",1
overall_C1_su_ex_water,intro,Toàn bộ dòng chảy bị chặn hoàn toàn và nửa đầu ngày rất khó khăn.,1
overall_C1_su_ex_water,effect,Sự tắc nghẽn dòng chảy gây ra sự cố và tổn thất ở tất cả các khu vực cùng một lúc.,1
overall_C1_su_ex_water,action,Đừng đi ngược dòng chảy và chỉ đưa ra những lựa chọn an toàn nhất.,1
overall_C1_su_ex_water,state,"Khi cảm xúc trở nên sâu sắc hơn, rất dễ bị rung chuyển bởi những kích thích dù là nhỏ nhất, năng lượng của mưa tuyết có thể không xoa dịu được cảm xúc, khiến lòng nặng trĩu.",1
overall_C1_su_ex_wood,intro,Toàn bộ dòng chảy bị chặn hoàn toàn và nửa đầu ngày rất khó khăn.,1
overall_C1_su_ex_wood,effect,Sự tắc nghẽn dòng chảy gây ra sự cố và tổn thất ở tất cả các khu vực cùng một lúc.,1
overall_C1_su_ex_wood,action,Đừng đi ngược dòng chảy và chỉ đưa ra những lựa chọn an toàn nhất.,1
overall_C1_su_ex_wood,state,"Khi cảm xúc của bạn trở nên sâu sắc hơn, bạn rất dễ bị lung lay bởi những kích thích dù là nhỏ nhất và năng lượng của sự thay đổi có thể tiếp tục cản trở và làm gián đoạn các kế hoạch của bạn.",1
overall_C1_to_df_earth,intro,Đó là ngày mà cảm giác ổn định chung của bạn bị gián đoạn nghiêm trọng và bạn khó có thể tin vào bất cứ điều gì.,1
overall_C1_to_df_earth,effect,Cơ sở may mắn tổng thể không ổn định gây ra một loạt vấn đề.,1
overall_C1_to_df_earth,action,Hãy hoãn lại mọi quyết định quan trọng trong ngày hôm nay và chỉ tập trung vào việc lấy lại sự ổn định.,1
overall_C1_to_df_earth,state,Bởi vì bạn không tập trung nên các quyết định của bạn dễ dàng thay đổi và năng lượng vẩn đục có thể làm giảm động lực và che mờ khả năng phán đoán của bạn.,1
overall_C1_to_df_fire,intro,Đó là ngày mà cảm giác ổn định chung của bạn bị gián đoạn nghiêm trọng và bạn khó có thể tin vào bất cứ điều gì.,1
overall_C1_to_df_fire,effect,Cơ sở may mắn tổng thể không ổn định gây ra một loạt vấn đề.,1
overall_C1_to_df_fire,action,Hãy hoãn lại mọi quyết định quan trọng trong ngày hôm nay và chỉ tập trung vào việc lấy lại sự ổn định.,1
overall_C1_to_df_fire,state,"Vì không tập trung nên các quyết định của bạn dễ bị thay đổi, năng lượng phấn khích có thể làm tiêu tan sự bình tĩnh của bạn và dẫn đến những sai lầm nhỏ.",1
overall_C1_to_df_water,intro,Đó là ngày mà cảm giác ổn định chung của bạn bị gián đoạn nghiêm trọng và bạn khó có thể tin vào bất cứ điều gì.,1
overall_C1_to_df_water,effect,Cơ sở may mắn tổng thể không ổn định gây ra một loạt vấn đề.,1
overall_C1_to_df_water,action,Hãy hoãn lại mọi quyết định quan trọng trong ngày hôm nay và chỉ tập trung vào việc lấy lại sự ổn định.,1
overall_C1_to_df_water,state,"Vì không tập trung nên các quyết định của bạn dễ bị thay đổi, năng lượng của mưa tuyết không thể xoa dịu được cảm xúc khiến lòng bạn nặng trĩu.",1
overall_C1_to_df_wood,intro,Đó là ngày mà cảm giác ổn định chung của bạn bị gián đoạn nghiêm trọng và bạn khó có thể tin vào bất cứ điều gì.,1
overall_C1_to_df_wood,effect,Cơ sở may mắn tổng thể không ổn định gây ra một loạt vấn đề.,1
overall_C1_to_df_wood,action,Hãy hoãn lại mọi quyết định quan trọng trong ngày hôm nay và chỉ tập trung vào việc lấy lại sự ổn định.,1
overall_C1_to_df_wood,state,Bởi vì bạn không tập trung nên các quyết định của bạn dễ dàng thay đổi và năng lượng của sự thay đổi có thể tiếp tục cản trở các kế hoạch của bạn.,1
overall_C1_to_ex_earth,intro,Đó là ngày mà cảm giác ổn định chung của bạn bị gián đoạn nghiêm trọng và bạn khó có thể tin vào bất cứ điều gì.,1
overall_C1_to_ex_earth,effect,Cơ sở may mắn tổng thể không ổn định gây ra một loạt vấn đề.,1
overall_C1_to_ex_earth,action,Hãy hoãn lại mọi quyết định quan trọng trong ngày hôm nay và chỉ tập trung vào việc lấy lại sự ổn định.,1
overall_C1_to_ex_earth,state,"Thật dễ dàng để bỏ qua những thay đổi đòi hỏi sự định hướng ổn định cứng đầu, và năng lượng vẩn đục có thể làm giảm động lực và khả năng phán đoán của đám mây.",1
overall_C1_to_ex_fire,intro,Đó là ngày mà cảm giác ổn định chung của bạn bị gián đoạn nghiêm trọng và bạn khó có thể tin vào bất cứ điều gì.,1
overall_C1_to_ex_fire,effect,Cơ sở may mắn tổng thể không ổn định gây ra một loạt vấn đề.,1
overall_C1_to_ex_fire,action,Hãy hoãn lại mọi quyết định quan trọng trong ngày hôm nay và chỉ tập trung vào việc lấy lại sự ổn định.,1
overall_C1_to_ex_fire,state,"Người ta dễ bỏ qua những thay đổi đòi hỏi sự ổn định bướng bỉnh, năng lượng phấn khích có thể làm xáo trộn sự bình tĩnh và dẫn đến những sai lầm nhỏ.",1
overall_C1_to_ex_water,intro,Đó là ngày mà cảm giác ổn định chung của bạn bị gián đoạn nghiêm trọng và bạn khó có thể tin vào bất cứ điều gì.,1
overall_C1_to_ex_water,effect,Cơ sở may mắn tổng thể không ổn định gây ra một loạt vấn đề.,1
overall_C1_to_ex_water,action,Hãy hoãn lại mọi quyết định quan trọng trong ngày hôm nay và chỉ tập trung vào việc lấy lại sự ổn định.,1
overall_C1_to_ex_water,state,"Người ta dễ bỏ qua những thay đổi đòi hỏi sự ổn định bướng bỉnh, năng lượng của mưa tuyết có thể không xoa dịu được cảm xúc, khiến lòng bạn nặng trĩu.",1
overall_C1_to_ex_wood,intro,Đó là ngày mà cảm giác ổn định chung của bạn bị gián đoạn nghiêm trọng và bạn khó có thể tin vào bất cứ điều gì.,1
overall_C1_to_ex_wood,effect,Cơ sở may mắn tổng thể không ổn định gây ra một loạt vấn đề.,1
overall_C1_to_ex_wood,action,Hãy hoãn lại mọi quyết định quan trọng trong ngày hôm nay và chỉ tập trung vào việc lấy lại sự ổn định.,1
overall_C1_to_ex_wood,state,Bạn rất dễ bỏ qua những thay đổi đòi hỏi một định hướng ổn định cứng đầu và năng lượng của sự thay đổi có thể tiếp tục cản trở và làm gián đoạn các kế hoạch của bạn.,1
overall_D,intro,Hôm nay năng lượng của bạn đã gần chạm đáy nên bạn cần một ngày để hoàn toàn buông bỏ lòng tham của mình.,1
overall_D,intro,"Dòng chảy may mắn phần lớn đã đóng lại trong ngày hôm nay, vì vậy tốt nhất bạn nên giữ mọi thứ ở mức tối thiểu.",1
overall_D,effect,"Đó là một ngày khó khăn để diễn ra theo kế hoạch trong bất kỳ lĩnh vực nào, đòi hỏi sự kiên nhẫn và kiềm chế.",1
overall_D,effect,"Năng lượng đang ở gần mức đáy nên ngay cả những nỗ lực nhỏ cũng có thể dẫn đến tình trạng kiệt sức nghiêm trọng, vì vậy việc tiết kiệm năng lượng là điều quan trọng.",1
overall_D,action,"Hôm nay, sự tồn tại tự nó là đủ. Đó là một ngày tốt lành ngay cả khi bạn không làm gì cả.",1
overall_D,action,Tiết kiệm năng lượng cho ngày mai là điều thông minh nhất bạn có thể làm ngay hôm nay.,1
overall_D_geum_df_earth,intro,Hôm nay là một ngày rất khó khăn vì tổng vận may của bạn đang ở mức thấp nhất.,1
overall_D_geum_df_earth,effect,Sự suy giảm hoàn toàn về mọi vận may khiến mọi nỗ lực đều không có kết quả.,1
overall_D_geum_df_earth,action,Hãy dành một ngày yên tĩnh hôm nay và mong chờ ngày mai.,1
overall_D_geum_df_earth,state,"Quyết tâm của bạn có thể bị phá vỡ nghiêm trọng, và bất kỳ lựa chọn nào bạn đưa ra đều có thể dẫn đến sự hối tiếc, và năng lượng dày đặc, nhiều mây có thể làm mọi thứ chậm lại rất nhiều.",1
overall_D_geum_df_fire,intro,Hôm nay là một ngày rất khó khăn vì tổng vận may của bạn đang ở mức thấp nhất.,1
overall_D_geum_df_fire,effect,Sự suy giảm hoàn toàn về mọi vận may khiến mọi nỗ lực đều không có kết quả.,1
overall_D_geum_df_fire,action,Hãy dành một ngày yên tĩnh hôm nay và mong chờ ngày mai.,1
overall_D_geum_df_fire,state,"Tính quyết đoán có thể bị suy yếu đi rất nhiều, và bất kỳ lựa chọn nào cũng có thể dẫn đến sự hối tiếc, còn dương mạnh có thể khuyến khích những xung động và dẫn đến những hành động liều lĩnh.",1
overall_D_geum_df_water,intro,Hôm nay là một ngày rất khó khăn vì tổng vận may của bạn đang ở mức thấp nhất.,1
overall_D_geum_df_water,effect,Sự suy giảm hoàn toàn về mọi vận may khiến mọi nỗ lực đều không có kết quả.,1
overall_D_geum_df_water,action,Hãy dành một ngày yên tĩnh hôm nay và mong chờ ngày mai.,1
overall_D_geum_df_water,state,"Sự quyết tâm của bạn có thể bị phá vỡ rất nhiều, và bất kỳ lựa chọn nào bạn đưa ra đều có thể dẫn đến sự hối tiếc, đồng thời sức mạnh của mưa lớn và tuyết có thể khiến cảm xúc của bạn rung chuyển dữ dội, khiến bạn khó kiểm soát được chúng.",1
overall_D_geum_df_wood,intro,Hôm nay là một ngày rất khó khăn vì tổng vận may của bạn đang ở mức thấp nhất.,1
overall_D_geum_df_wood,effect,Sự suy giảm hoàn toàn về mọi vận may khiến mọi nỗ lực đều không có kết quả.,1
overall_D_geum_df_wood,action,Hãy dành một ngày yên tĩnh hôm nay và mong chờ ngày mai.,1
overall_D_geum_df_wood,state,"Quyết tâm của bạn có thể bị phá vỡ nghiêm trọng, bất kỳ lựa chọn nào bạn đưa ra đều có thể kết thúc trong sự hối tiếc, và năng lượng thay đổi khốc liệt có thể khiến mọi dự đoán của bạn đi chệch hướng.",1
overall_D_geum_ex_earth,intro,Hôm nay là một ngày rất khó khăn vì tổng vận may của bạn đang ở mức thấp nhất.,1
overall_D_geum_ex_earth,effect,Sự suy giảm hoàn toàn về mọi vận may khiến mọi nỗ lực đều không có kết quả.,1
overall_D_geum_ex_earth,action,Hãy dành một ngày yên tĩnh hôm nay và mong chờ ngày mai.,1
overall_D_geum_ex_earth,state,"Nếu độ sắc nét đi quá xa, nó có thể tạo ra một vết nứt sâu với môi trường xung quanh, và năng lượng mây mù dày đặc có thể làm mọi thứ chậm lại rất nhiều.",1
overall_D_geum_ex_fire,intro,Hôm nay là một ngày rất khó khăn vì tổng vận may của bạn đang ở mức thấp nhất.,1
overall_D_geum_ex_fire,effect,Sự suy giảm hoàn toàn về mọi vận may khiến mọi nỗ lực đều không có kết quả.,1
overall_D_geum_ex_fire,action,Hãy dành một ngày yên tĩnh hôm nay và mong chờ ngày mai.,1
overall_D_geum_ex_fire,state,"Sự sắc bén có thể đi quá xa và tạo ra những rạn nứt sâu sắc với những người xung quanh, còn dương mạnh có thể khuyến khích những xung động và dẫn đến những hành động liều lĩnh.",1
overall_D_geum_ex_water,intro,Hôm nay là một ngày rất khó khăn vì tổng vận may của bạn đang ở mức thấp nhất.,1
overall_D_geum_ex_water,effect,Sự suy giảm hoàn toàn về mọi vận may khiến mọi nỗ lực đều không có kết quả.,1
overall_D_geum_ex_water,action,Hãy dành một ngày yên tĩnh hôm nay và mong chờ ngày mai.,1
overall_D_geum_ex_water,state,"Độ sắc nét có thể đi quá xa và tạo ra những vết nứt sâu với môi trường xung quanh, đồng thời sức mạnh của mưa lớn và tuyết có thể làm rung chuyển cảm xúc của bạn một cách dữ dội, khiến bạn khó kiểm soát được chúng.",1
overall_D_geum_ex_wood,intro,Hôm nay là một ngày rất khó khăn vì tổng vận may của bạn đang ở mức thấp nhất.,1
overall_D_geum_ex_wood,effect,Sự suy giảm hoàn toàn về mọi vận may khiến mọi nỗ lực đều không có kết quả.,1
overall_D_geum_ex_wood,action,Hãy dành một ngày yên tĩnh hôm nay và mong chờ ngày mai.,1
overall_D_geum_ex_wood,state,"Sự sắc bén có thể đi quá xa và tạo ra những vết nứt sâu với môi trường xung quanh, đồng thời năng lượng thay đổi khốc liệt có thể khiến mọi dự đoán đi chệch hướng.",1
overall_D_hwa_df_earth,intro,Đây là một ngày mà năng lượng tổng thể của bạn hoàn toàn cạn kiệt và mọi cử động đều khó khăn.,1
overall_D_hwa_df_earth,effect,Sự cạn kiệt năng lượng hoàn toàn khiến tất cả các trường đồng loạt sụp đổ.,1
overall_D_hwa_df_earth,action,Giảm bất kỳ hoạt động nào ngày hôm nay và nghỉ ngơi hoàn toàn.,1
overall_D_hwa_df_earth,state,"Con đường truyền tải cảm xúc của một người hoàn toàn khép kín, điều này có thể làm sâu sắc thêm những hiểu lầm và mất kết nối, đồng thời năng lượng dày đặc, nhiều mây có thể làm mọi thứ chậm lại rất nhiều.",1
overall_D_hwa_df_fire,intro,Đây là một ngày mà năng lượng tổng thể của bạn hoàn toàn cạn kiệt và mọi cử động đều khó khăn.,1
overall_D_hwa_df_fire,effect,Sự cạn kiệt năng lượng hoàn toàn khiến tất cả các trường đồng loạt sụp đổ.,1
overall_D_hwa_df_fire,action,Giảm bất kỳ hoạt động nào ngày hôm nay và nghỉ ngơi hoàn toàn.,1
overall_D_hwa_df_fire,state,"Con đường truyền đạt cảm xúc của một người hoàn toàn khép kín, điều này có thể làm sâu sắc thêm những hiểu lầm và mất kết nối, đồng thời năng lượng tích cực mạnh mẽ có thể khuyến khích những xung động và dẫn đến những hành động liều lĩnh.",1
overall_D_hwa_df_water,intro,Đây là một ngày mà năng lượng tổng thể của bạn hoàn toàn cạn kiệt và mọi cử động đều khó khăn.,1
overall_D_hwa_df_water,effect,Sự cạn kiệt năng lượng hoàn toàn khiến tất cả các trường đồng loạt sụp đổ.,1
overall_D_hwa_df_water,action,Giảm bất kỳ hoạt động nào ngày hôm nay và nghỉ ngơi hoàn toàn.,1
overall_D_hwa_df_water,state,"Con đường truyền đạt tình cảm của một người hoàn toàn khép kín, điều này có thể làm sâu sắc thêm những hiểu lầm và mất kết nối, đồng thời sức mạnh của mưa lớn và tuyết có thể làm rung chuyển cảm xúc một cách dữ dội, khiến người ta khó kiểm soát được.",1
overall_D_hwa_df_wood,intro,Đây là một ngày mà năng lượng tổng thể của bạn hoàn toàn cạn kiệt và mọi cử động đều khó khăn.,1
overall_D_hwa_df_wood,effect,Sự cạn kiệt năng lượng hoàn toàn khiến tất cả các trường đồng loạt sụp đổ.,1
overall_D_hwa_df_wood,action,Giảm bất kỳ hoạt động nào ngày hôm nay và nghỉ ngơi hoàn toàn.,1
overall_D_hwa_df_wood,state,"Con đường truyền đạt tình cảm của một người hoàn toàn khép kín, những hiểu lầm và mất kết nối có thể ngày càng sâu sắc, năng lượng thay đổi khốc liệt có thể khiến mọi dự đoán đi chệch hướng.",1
overall_D_hwa_ex_earth,intro,Đây là một ngày mà năng lượng tổng thể của bạn hoàn toàn cạn kiệt và mọi cử động đều khó khăn.,1
overall_D_hwa_ex_earth,effect,Sự cạn kiệt năng lượng hoàn toàn khiến tất cả các trường đồng loạt sụp đổ.,1
overall_D_hwa_ex_earth,action,Giảm bất kỳ hoạt động nào ngày hôm nay và nghỉ ngơi hoàn toàn.,1
overall_D_hwa_ex_earth,state,"Cảm xúc quá nóng có thể lan rộng thành một cuộc xung đột không thể khắc phục, và năng lượng mây dày đặc có thể làm mọi thứ chậm lại rất nhiều.",1
overall_D_hwa_ex_fire,intro,Đây là một ngày mà năng lượng tổng thể của bạn hoàn toàn cạn kiệt và mọi cử động đều khó khăn.,1
overall_D_hwa_ex_fire,effect,Sự cạn kiệt năng lượng hoàn toàn khiến tất cả các trường đồng loạt sụp đổ.,1
overall_D_hwa_ex_fire,action,Giảm bất kỳ hoạt động nào ngày hôm nay và nghỉ ngơi hoàn toàn.,1
overall_D_hwa_ex_fire,state,"Cảm xúc quá nóng có thể dẫn đến xung đột không thể khắc phục, còn dương mạnh có thể khuyến khích những xung động và dẫn đến những hành động liều lĩnh.",1
overall_D_hwa_ex_water,intro,Đây là một ngày mà năng lượng tổng thể của bạn hoàn toàn cạn kiệt và mọi cử động đều khó khăn.,1
overall_D_hwa_ex_water,effect,Sự cạn kiệt năng lượng hoàn toàn khiến tất cả các trường đồng loạt sụp đổ.,1
overall_D_hwa_ex_water,action,Giảm bất kỳ hoạt động nào ngày hôm nay và nghỉ ngơi hoàn toàn.,1
overall_D_hwa_ex_water,state,"Cảm xúc quá nóng có thể lan rộng thành xung đột không thể hàn gắn, sức mạnh của mưa lớn và tuyết làm rung chuyển cảm xúc một cách dữ dội, khiến việc kiểm soát trở nên khó khăn.",1
overall_D_hwa_ex_wood,intro,Đây là một ngày mà năng lượng tổng thể của bạn hoàn toàn cạn kiệt và mọi cử động đều khó khăn.,1
overall_D_hwa_ex_wood,effect,Sự cạn kiệt năng lượng hoàn toàn khiến tất cả các trường đồng loạt sụp đổ.,1
overall_D_hwa_ex_wood,action,Giảm bất kỳ hoạt động nào ngày hôm nay và nghỉ ngơi hoàn toàn.,1
overall_D_hwa_ex_wood,state,"Những cảm xúc quá nóng có thể lan rộng thành một cuộc xung đột không thể hàn gắn, và năng lượng thay đổi khốc liệt có thể khiến mọi dự đoán đi chệch hướng.",1
overall_D_mok_df_earth,intro,Đây có thể là ngày tồi tệ nhất trong cuộc đời bạn khi năng lượng tăng trưởng tổng thể của bạn hoàn toàn bị mất.,1
overall_D_mok_df_earth,effect,Việc mất hoàn toàn năng lượng tăng trưởng khiến toàn bộ khu vực trở nên tồi tệ nhất.,1
overall_D_mok_df_earth,action,Đừng làm bất cứ điều gì mới hôm nay và để lại cho ngày mai.,1
overall_D_mok_df_earth,state,"Nỗi sợ hãi hoàn toàn có thể ngăn cản bạn hành động, thậm chí khiến bạn đánh mất cơ hội, và năng lượng mây mù dày đặc có thể làm mọi thứ chậm lại rất nhiều.",1
overall_D_mok_df_fire,intro,Đây có thể là ngày tồi tệ nhất trong cuộc đời bạn khi năng lượng tăng trưởng tổng thể của bạn hoàn toàn bị mất.,1
overall_D_mok_df_fire,effect,Việc mất hoàn toàn năng lượng tăng trưởng khiến toàn bộ khu vực trở nên tồi tệ nhất.,1
overall_D_mok_df_fire,action,Đừng làm bất cứ điều gì mới hôm nay và để lại cho ngày mai.,1
overall_D_mok_df_fire,state,"Sự sợ hãi có thể ngăn cản hoàn toàn một hành động, thậm chí dẫn đến mất đi cơ hội, còn năng lượng tích cực mạnh mẽ có thể khuyến khích những xung động và dẫn đến những hành động liều lĩnh.",1
overall_D_mok_df_water,intro,Đây có thể là ngày tồi tệ nhất trong cuộc đời bạn khi năng lượng tăng trưởng tổng thể của bạn hoàn toàn bị mất.,1
overall_D_mok_df_water,effect,Việc mất hoàn toàn năng lượng tăng trưởng khiến toàn bộ khu vực trở nên tồi tệ nhất.,1
overall_D_mok_df_water,action,Đừng làm bất cứ điều gì mới hôm nay và để lại cho ngày mai.,1
overall_D_mok_df_water,state,"Nỗi sợ hãi hoàn toàn có thể ngăn cản bạn hành động, thậm chí khiến bạn đánh mất cơ hội, đồng thời sức mạnh của mưa lớn và tuyết có thể khiến cảm xúc của bạn rung chuyển đến mức khó kiểm soát được.",1
overall_D_mok_df_wood,intro,Đây có thể là ngày tồi tệ nhất trong cuộc đời bạn khi năng lượng tăng trưởng tổng thể của bạn hoàn toàn bị mất.,1
overall_D_mok_df_wood,effect,Việc mất hoàn toàn năng lượng tăng trưởng khiến toàn bộ khu vực trở nên tồi tệ nhất.,1
overall_D_mok_df_wood,action,Đừng làm bất cứ điều gì mới hôm nay và để lại cho ngày mai.,1
overall_D_mok_df_wood,state,"Sự sợ hãi có thể khiến mọi hành động dừng lại, thậm chí dẫn đến đánh mất cơ hội, năng lượng thay đổi khốc liệt có thể khiến mọi dự đoán đi chệch hướng.",1
overall_D_mok_ex_earth,intro,Đây có thể là ngày tồi tệ nhất trong cuộc đời bạn khi năng lượng tăng trưởng tổng thể của bạn hoàn toàn bị mất.,1
overall_D_mok_ex_earth,effect,Việc mất hoàn toàn năng lượng tăng trưởng khiến toàn bộ khu vực trở nên tồi tệ nhất.,1
overall_D_mok_ex_earth,action,Đừng làm bất cứ điều gì mới hôm nay và để lại cho ngày mai.,1
overall_D_mok_ex_earth,state,"Động lực không thể kiểm soát có thể dẫn đến những tai nạn vô lý, và năng lượng mây mù dày đặc có thể làm mọi thứ chậm lại rất nhiều.",1
overall_D_mok_ex_fire,intro,Đây có thể là ngày tồi tệ nhất trong cuộc đời bạn khi năng lượng tăng trưởng tổng thể của bạn hoàn toàn bị mất.,1
overall_D_mok_ex_fire,effect,Việc mất hoàn toàn năng lượng tăng trưởng khiến toàn bộ khu vực trở nên tồi tệ nhất.,1
overall_D_mok_ex_fire,action,Đừng làm bất cứ điều gì mới hôm nay và để lại cho ngày mai.,1
overall_D_mok_ex_fire,state,"Động lực không thể kiểm soát có thể dẫn đến những tai nạn vô lý, còn năng lượng tích cực mạnh mẽ có thể khuyến khích sự bốc đồng và dẫn đến những hành động liều lĩnh.",1
overall_D_mok_ex_water,intro,Đây có thể là ngày tồi tệ nhất trong cuộc đời bạn khi năng lượng tăng trưởng tổng thể của bạn hoàn toàn bị mất.,1
overall_D_mok_ex_water,effect,Việc mất hoàn toàn năng lượng tăng trưởng khiến toàn bộ khu vực trở nên tồi tệ nhất.,1
overall_D_mok_ex_water,action,Đừng làm bất cứ điều gì mới hôm nay và để lại cho ngày mai.,1
overall_D_mok_ex_water,state,"Động lực không thể kiểm soát có thể dẫn đến những tai nạn vô lý, sức mạnh của mưa lớn và tuyết có thể làm rung chuyển cảm xúc một cách dữ dội, khiến việc kiểm soát trở nên khó khăn.",1
overall_D_mok_ex_wood,intro,Đây có thể là ngày tồi tệ nhất trong cuộc đời bạn khi năng lượng tăng trưởng tổng thể của bạn hoàn toàn bị mất.,1
overall_D_mok_ex_wood,effect,Việc mất hoàn toàn năng lượng tăng trưởng khiến toàn bộ khu vực trở nên tồi tệ nhất.,1
overall_D_mok_ex_wood,action,Đừng làm bất cứ điều gì mới hôm nay và để lại cho ngày mai.,1
overall_D_mok_ex_wood,state,"Động lực không thể kiểm soát có thể dẫn đến những suy nghĩ vô lý, và năng lượng thay đổi khốc liệt có thể khiến mọi dự đoán đi chệch hướng.",1
overall_D_su_df_earth,intro,Đó là ngày mà toàn bộ xu hướng bị đảo ngược hoàn toàn và mọi nỗ lực đều phản tác dụng.,1
overall_D_su_df_earth,effect,Sự đảo ngược hoàn toàn dòng chảy khiến mọi nỗ lực đều thất bại.,1
overall_D_su_df_earth,action,Hãy dừng mọi kế hoạch của bạn ngay hôm nay và chờ đợi tình thế xoay chuyển.,1
overall_D_su_df_earth,state,"Một thái độ cứng nhắc sẽ cản trở mọi dòng chảy, khiến cho sự tiến bộ trở nên khó khăn và năng lượng dày đặc, u ám có thể làm mọi thứ chậm lại rất nhiều.",1
overall_D_su_df_fire,intro,Đó là ngày mà toàn bộ xu hướng bị đảo ngược hoàn toàn và mọi nỗ lực đều phản tác dụng.,1
overall_D_su_df_fire,effect,Sự đảo ngược hoàn toàn dòng chảy khiến mọi nỗ lực đều thất bại.,1
overall_D_su_df_fire,action,Hãy dừng mọi kế hoạch của bạn ngay hôm nay và chờ đợi tình thế xoay chuyển.,1
overall_D_su_df_fire,state,"Một thái độ cứng nhắc sẽ cản trở mọi dòng chảy, khiến cho sự tiến bộ trở nên khó khăn và năng lượng tích cực mạnh mẽ có thể khuyến khích những xung động và dẫn đến những hành động liều lĩnh.",1
overall_D_su_df_water,intro,Đó là ngày mà toàn bộ xu hướng bị đảo ngược hoàn toàn và mọi nỗ lực đều phản tác dụng.,1
overall_D_su_df_water,effect,Sự đảo ngược hoàn toàn dòng chảy khiến mọi nỗ lực đều thất bại.,1
overall_D_su_df_water,action,Hãy dừng mọi kế hoạch của bạn ngay hôm nay và chờ đợi tình thế xoay chuyển.,1
overall_D_su_df_water,state,"Một thái độ cứng nhắc chặn đứng mọi dòng chảy, khiến việc tiến bộ trở nên khó khăn, còn sức mạnh của mưa tuyết làm rung chuyển cảm xúc một cách dữ dội, khiến việc kiểm soát trở nên khó khăn.",1
overall_D_su_df_wood,intro,Đó là ngày mà toàn bộ xu hướng bị đảo ngược hoàn toàn và mọi nỗ lực đều phản tác dụng.,1
overall_D_su_df_wood,effect,Sự đảo ngược hoàn toàn dòng chảy khiến mọi nỗ lực đều thất bại.,1
overall_D_su_df_wood,action,Hãy dừng mọi kế hoạch của bạn ngay hôm nay và chờ đợi tình thế xoay chuyển.,1
overall_D_su_df_wood,state,"Một thái độ cứng nhắc sẽ cản trở mọi dòng chảy, khiến cho sự tiến bộ trở nên khó khăn và năng lượng thay đổi khốc liệt có thể khiến mọi dự đoán đi chệch hướng.",1
overall_D_su_ex_earth,intro,Đó là ngày mà toàn bộ xu hướng bị đảo ngược hoàn toàn và mọi nỗ lực đều phản tác dụng.,1
overall_D_su_ex_earth,effect,Sự đảo ngược hoàn toàn dòng chảy khiến mọi nỗ lực đều thất bại.,1
overall_D_su_ex_earth,action,Hãy dừng mọi kế hoạch của bạn ngay hôm nay và chờ đợi tình thế xoay chuyển.,1
overall_D_su_ex_earth,state,"Dòng cảm xúc có thể lấn át lý trí và dẫn đến những sai lầm lớn, còn năng lượng dày đặc, u ám có thể làm mọi thứ chậm lại rất nhiều.",1
overall_D_su_ex_fire,intro,Đó là ngày mà toàn bộ xu hướng bị đảo ngược hoàn toàn và mọi nỗ lực đều phản tác dụng.,1
overall_D_su_ex_fire,effect,Sự đảo ngược hoàn toàn dòng chảy khiến mọi nỗ lực đều thất bại.,1
overall_D_su_ex_fire,action,Hãy dừng mọi kế hoạch của bạn ngay hôm nay và chờ đợi tình thế xoay chuyển.,1
overall_D_su_ex_fire,state,"Một dòng cảm xúc có thể lấn át lý trí và dẫn đến những sai lầm lớn, còn năng lượng tích cực mạnh mẽ có thể khuyến khích những xung động và dẫn đến những hành động liều lĩnh.",1
overall_D_su_ex_water,intro,Đó là ngày mà toàn bộ xu hướng bị đảo ngược hoàn toàn và mọi nỗ lực đều phản tác dụng.,1
overall_D_su_ex_water,effect,Sự đảo ngược hoàn toàn dòng chảy khiến mọi nỗ lực đều thất bại.,1
overall_D_su_ex_water,action,Hãy dừng mọi kế hoạch của bạn ngay hôm nay và chờ đợi tình thế xoay chuyển.,1
overall_D_su_ex_water,state,"Một dòng cảm xúc có thể lấn át lý trí và dẫn đến những sai lầm lớn, đồng thời sức mạnh của mưa to và tuyết có thể làm rung chuyển cảm xúc một cách dữ dội, khiến bạn khó kiểm soát được chúng.",1
overall_D_su_ex_wood,intro,Đó là ngày mà toàn bộ xu hướng bị đảo ngược hoàn toàn và mọi nỗ lực đều phản tác dụng.,1
overall_D_su_ex_wood,effect,Sự đảo ngược hoàn toàn dòng chảy khiến mọi nỗ lực đều thất bại.,1
overall_D_su_ex_wood,action,Hãy dừng mọi kế hoạch của bạn ngay hôm nay và chờ đợi tình thế xoay chuyển.,1
overall_D_su_ex_wood,state,"Một dòng cảm xúc có thể lấn át lý trí và dẫn đến sai lầm lớn, còn năng lượng thay đổi khốc liệt có thể khiến mọi dự đoán đi chệch hướng.",1
overall_D_to_df_earth,intro,Hôm nay là một ngày khủng hoảng khi cảm giác ổn định chung của bạn đã hoàn toàn sụp đổ.,1
overall_D_to_df_earth,effect,Một nền móng vững chắc bị sụp đổ hoàn toàn sẽ tạo ra những kết quả tồi tệ nhất trên mọi lĩnh vực.,1
overall_D_to_df_earth,action,Hãy nghỉ ngơi hoàn toàn ngay hôm nay và chỉ tập trung vào việc phục hồi.,1
overall_D_to_df_earth,state,"Bạn hoàn toàn có thể mất thăng bằng và mọi thứ có thể mất kiểm soát, năng lượng mây dày đặc có thể làm mọi thứ chậm lại rất nhiều.",1
overall_D_to_df_fire,intro,Hôm nay là một ngày khủng hoảng khi cảm giác ổn định chung của bạn đã hoàn toàn sụp đổ.,1
overall_D_to_df_fire,effect,Một nền móng vững chắc bị sụp đổ hoàn toàn sẽ tạo ra những kết quả tồi tệ nhất trên mọi lĩnh vực.,1
overall_D_to_df_fire,action,Hãy nghỉ ngơi hoàn toàn ngay hôm nay và chỉ tập trung vào việc phục hồi.,1
overall_D_to_df_fire,state,"Nếu bạn hoàn toàn mất thăng bằng, mọi thứ có thể mất kiểm soát và năng lượng dương mạnh có thể khuyến khích những xung động và dẫn bạn đến những hành động liều lĩnh.",1
overall_D_to_df_water,intro,Hôm nay là một ngày khủng hoảng khi cảm giác ổn định chung của bạn đã hoàn toàn sụp đổ.,1
overall_D_to_df_water,effect,Một nền móng vững chắc bị sụp đổ hoàn toàn sẽ tạo ra những kết quả tồi tệ nhất trên mọi lĩnh vực.,1
overall_D_to_df_water,action,Hãy nghỉ ngơi hoàn toàn ngay hôm nay và chỉ tập trung vào việc phục hồi.,1
overall_D_to_df_water,state,"Bạn hoàn toàn có thể mất thăng bằng và mọi thứ có thể mất kiểm soát, đồng thời sức mạnh của mưa lớn và tuyết có thể khiến cảm xúc của bạn rung chuyển đến mức khó kiểm soát được.",1
overall_D_to_df_wood,intro,Hôm nay là một ngày khủng hoảng khi cảm giác ổn định chung của bạn đã hoàn toàn sụp đổ.,1
overall_D_to_df_wood,effect,Một nền móng vững chắc bị sụp đổ hoàn toàn sẽ tạo ra những kết quả tồi tệ nhất trên mọi lĩnh vực.,1
overall_D_to_df_wood,action,Hãy nghỉ ngơi hoàn toàn ngay hôm nay và chỉ tập trung vào việc phục hồi.,1
overall_D_to_df_wood,state,"Nếu bạn hoàn toàn mất thăng bằng, mọi thứ có thể mất kiểm soát và năng lượng thay đổi dữ dội có thể khiến mọi dự đoán của bạn đi chệch hướng.",1
overall_D_to_ex_earth,intro,Hôm nay là một ngày khủng hoảng khi cảm giác ổn định chung của bạn đã hoàn toàn sụp đổ.,1
overall_D_to_ex_earth,effect,Một nền móng vững chắc bị sụp đổ hoàn toàn sẽ tạo ra những kết quả tồi tệ nhất trên mọi lĩnh vực.,1
overall_D_to_ex_earth,action,Hãy nghỉ ngơi hoàn toàn ngay hôm nay và chỉ tập trung vào việc phục hồi.,1
overall_D_to_ex_earth,state,"Việc từ chối thay đổi có thể khiến khủng hoảng leo thang và khiến việc phục hồi trở nên khó khăn, đồng thời bầu không khí dày đặc, nhiều mây có thể làm mọi thứ chậm lại rất nhiều.",1
overall_D_to_ex_fire,intro,Hôm nay là một ngày khủng hoảng khi cảm giác ổn định chung của bạn đã hoàn toàn sụp đổ.,1
overall_D_to_ex_fire,effect,Một nền móng vững chắc bị sụp đổ hoàn toàn sẽ tạo ra những kết quả tồi tệ nhất trên mọi lĩnh vực.,1
overall_D_to_ex_fire,action,Hãy nghỉ ngơi hoàn toàn ngay hôm nay và chỉ tập trung vào việc phục hồi.,1
overall_D_to_ex_fire,state,"Việc từ chối thay đổi có thể khiến khủng hoảng leo thang và khiến việc phục hồi trở nên khó khăn, đồng thời năng lượng tích cực mạnh mẽ có thể khuyến khích những xung động và dẫn đến những hành động liều lĩnh.",1
overall_D_to_ex_water,intro,Hôm nay là một ngày khủng hoảng khi cảm giác ổn định chung của bạn đã hoàn toàn sụp đổ.,1
overall_D_to_ex_water,effect,Một nền móng vững chắc bị sụp đổ hoàn toàn sẽ tạo ra những kết quả tồi tệ nhất trên mọi lĩnh vực.,1
overall_D_to_ex_water,action,Hãy nghỉ ngơi hoàn toàn ngay hôm nay và chỉ tập trung vào việc phục hồi.,1
overall_D_to_ex_water,state,"Việc từ chối thay đổi có thể khiến khủng hoảng leo thang và khó phục hồi, đồng thời sức mạnh của mưa lớn và tuyết có thể làm rung chuyển cảm xúc một cách dữ dội, khiến việc kiểm soát trở nên khó khăn.",1
overall_D_to_ex_wood,intro,Hôm nay là một ngày khủng hoảng khi cảm giác ổn định chung của bạn đã hoàn toàn sụp đổ.,1
overall_D_to_ex_wood,effect,Một nền móng vững chắc bị sụp đổ hoàn toàn sẽ tạo ra những kết quả tồi tệ nhất trên mọi lĩnh vực.,1
overall_D_to_ex_wood,action,Hãy nghỉ ngơi hoàn toàn ngay hôm nay và chỉ tập trung vào việc phục hồi.,1
overall_D_to_ex_wood,state,"Việc từ chối thay đổi có thể khiến khủng hoảng leo thang và khiến việc phục hồi trở nên khó khăn, đồng thời sức mạnh mãnh liệt của sự thay đổi có thể khiến mọi dự đoán đều sai lầm.",1
decision_A,intro,Hôm nay là ngày khả năng phán đoán của bạn đạt đến đỉnh cao và bạn có thể nhìn rõ những tình huống phức tạp.,1
decision_A,intro,Hôm nay là một ngày mà năng lượng đưa ra quyết định tốt và những lo lắng bấy lâu nay được giải quyết rõ ràng.,1
decision_A,effect,"Trực giác và logic hoạt động đồng thời, cho phép bạn đưa ra những lựa chọn quan trọng mà không phải hối tiếc.",1
decision_A,effect,"Khả năng phán đoán của bạn trở nên nhạy bén hơn, nhờ đó bạn có thể nhanh chóng nắm bắt được những điểm chính và đưa ra kết luận đúng đắn.",1
decision_A,action,"Những quyết định bạn đưa ra hôm nay có thể đáng tin cậy, vì vậy hãy hành động với sự tự tin.",1
decision_A,action,Nếu hôm nay bạn đưa ra một quyết định quan trọng mà bạn đã trì hoãn từ lâu thì mọi việc sẽ diễn ra theo chiều hướng tốt.,1
decision_A_geum_df_earth,intro,Đó là ngày mà khả năng phán đoán nhạy bén của bạn đạt đến đỉnh cao và mọi quyết định đều trở nên rõ ràng.,1
decision_A_geum_df_earth,effect,Phân tích sắc bén xuyên thấu cốt lõi và dẫn đến sự lựa chọn tốt nhất.,1
decision_A_geum_df_earth,action,Ngay cả khi bạn tin vào trực giác của mình và đưa ra quyết định thì cũng sẽ không phải hối tiếc.,1
decision_A_geum_df_earth,state,"Bình tĩnh phán đoán làm tăng trí tuệ, dẫn đến tuệ giác sâu sắc, và năng lượng bình tĩnh làm tăng trí tuệ, dẫn đến kết quả tốt.",1
decision_A_geum_df_fire,intro,Đó là ngày mà khả năng phán đoán nhạy bén của bạn đạt đến đỉnh cao và mọi quyết định đều trở nên rõ ràng.,1
decision_A_geum_df_fire,effect,Phân tích sắc bén xuyên thấu cốt lõi và dẫn đến sự lựa chọn tốt nhất.,1
decision_A_geum_df_fire,action,Ngay cả khi bạn tin vào trực giác của mình và đưa ra quyết định thì cũng sẽ không phải hối tiếc.,1
decision_A_geum_df_fire,state,"Sự phán đoán bình tĩnh làm tăng sự khôn ngoan, dẫn đến cái nhìn sâu sắc, nguồn năng lượng sáng rõ làm tăng sức sống và tạo ra một dòng chảy tốt.",1
decision_A_geum_df_water,intro,Đó là ngày mà khả năng phán đoán nhạy bén của bạn đạt đến đỉnh cao và mọi quyết định đều trở nên rõ ràng.,1
decision_A_geum_df_water,effect,Phân tích sắc bén xuyên thấu cốt lõi và dẫn đến sự lựa chọn tốt nhất.,1
decision_A_geum_df_water,action,Ngay cả khi bạn tin vào trực giác của mình và đưa ra quyết định thì cũng sẽ không phải hối tiếc.,1
decision_A_geum_df_water,state,"Sự phán đoán bình tĩnh làm tăng sự thận trọng và dẫn đến cái nhìn sâu sắc, và nguồn năng lượng mềm mại sẽ thanh lọc tâm trí một cách sâu sắc và mở ra tầm nhìn rõ ràng.",1
decision_A_geum_df_wood,intro,Đó là ngày mà khả năng phán đoán nhạy bén của bạn đạt đến đỉnh cao và mọi quyết định đều trở nên rõ ràng.,1
decision_A_geum_df_wood,effect,Phân tích sắc bén xuyên thấu cốt lõi và dẫn đến sự lựa chọn tốt nhất.,1
decision_A_geum_df_wood,action,Ngay cả khi bạn tin vào trực giác của mình và đưa ra quyết định thì cũng sẽ không phải hối tiếc.,1
decision_A_geum_df_wood,state,"Sự phán đoán bình tĩnh làm tăng sự khôn ngoan, dẫn đến cái nhìn sâu sắc và năng lượng năng động mở ra những khả năng mới.",1
decision_A_geum_ex_earth,intro,Đó là ngày mà khả năng phán đoán nhạy bén của bạn đạt đến đỉnh cao và mọi quyết định đều trở nên rõ ràng.,1
decision_A_geum_ex_earth,effect,Phân tích sắc bén xuyên thấu cốt lõi và dẫn đến sự lựa chọn tốt nhất.,1
decision_A_geum_ex_earth,action,Ngay cả khi bạn tin vào trực giác của mình và đưa ra quyết định thì cũng sẽ không phải hối tiếc.,1
decision_A_geum_ex_earth,state,"Khả năng phán đoán sắc bén xuyên suốt những điểm mấu chốt và đưa ra kết luận rõ ràng, năng lượng bình tĩnh làm tăng thêm sự thận trọng, dẫn đến kết quả tốt.",1
decision_A_geum_ex_fire,intro,Đó là ngày mà khả năng phán đoán nhạy bén của bạn đạt đến đỉnh cao và mọi quyết định đều trở nên rõ ràng.,1
decision_A_geum_ex_fire,effect,Phân tích sắc bén xuyên thấu cốt lõi và dẫn đến sự lựa chọn tốt nhất.,1
decision_A_geum_ex_fire,action,Ngay cả khi bạn tin vào trực giác của mình và đưa ra quyết định thì cũng sẽ không phải hối tiếc.,1
decision_A_geum_ex_fire,state,"Khả năng phán đoán sắc bén xuyên suốt cốt lõi và rút ra kết luận rõ ràng, năng lượng rõ ràng tăng cường sinh lực và tạo ra dòng chảy tốt.",1
decision_A_geum_ex_water,intro,Đó là ngày mà khả năng phán đoán nhạy bén của bạn đạt đến đỉnh cao và mọi quyết định đều trở nên rõ ràng.,1
decision_A_geum_ex_water,effect,Phân tích sắc bén xuyên thấu cốt lõi và dẫn đến sự lựa chọn tốt nhất.,1
decision_A_geum_ex_water,action,Ngay cả khi bạn tin vào trực giác của mình và đưa ra quyết định thì cũng sẽ không phải hối tiếc.,1
decision_A_geum_ex_water,state,"Khả năng phán đoán sắc bén xuyên thấu cốt lõi và đưa ra kết luận rõ ràng, năng lượng ẩm giúp tinh lọc sâu sắc tâm trí và mở ra tầm nhìn rõ ràng.",1
decision_A_geum_ex_wood,intro,Đó là ngày mà khả năng phán đoán nhạy bén của bạn đạt đến đỉnh cao và mọi quyết định đều trở nên rõ ràng.,1
decision_A_geum_ex_wood,effect,Phân tích sắc bén xuyên thấu cốt lõi và dẫn đến sự lựa chọn tốt nhất.,1
decision_A_geum_ex_wood,action,Ngay cả khi bạn tin vào trực giác của mình và đưa ra quyết định thì cũng sẽ không phải hối tiếc.,1
decision_A_geum_ex_wood,state,"Khả năng phán đoán sắc bén đi sâu vào cốt lõi và đưa ra kết luận rõ ràng, năng lượng năng động mở ra những khả năng mới.",1
decision_A_hwa_df_earth,intro,Đó là ngày mà trực giác của bạn tỏa sáng rực rỡ và bạn có thể tự tin đưa ra những quyết định quan trọng.,1
decision_A_hwa_df_earth,effect,"Các phán đoán cảm tính kết hợp với nhau một cách nhanh chóng, đẩy nhanh quá trình đưa ra quyết định.",1
decision_A_hwa_df_earth,action,Bạn có thể mạnh dạn đưa ra những lựa chọn theo cảm xúc của mình.,1
decision_A_hwa_df_earth,state,"Nội tâm bình tĩnh mang lại cho bạn sức mạnh để thể hiện trọn vẹn sự chân thành của mình, và năng lượng bình tĩnh làm tăng sự thận trọng, dẫn đến kết quả tốt.",1
decision_A_hwa_df_fire,intro,Đó là ngày mà trực giác của bạn tỏa sáng rực rỡ và bạn có thể tự tin đưa ra những quyết định quan trọng.,1
decision_A_hwa_df_fire,effect,"Các phán đoán cảm tính kết hợp với nhau một cách nhanh chóng, đẩy nhanh quá trình đưa ra quyết định.",1
decision_A_hwa_df_fire,action,Bạn có thể mạnh dạn đưa ra những lựa chọn theo cảm xúc của mình.,1
decision_A_hwa_df_fire,state,"Nội tâm bình tĩnh mang lại cho bạn sức mạnh để thể hiện trọn vẹn sự chân thành của mình, đồng thời nguồn năng lượng sáng rõ sẽ nâng cao sức sống của bạn và tạo ra một dòng chảy tốt đẹp.",1
decision_A_hwa_df_water,intro,Đó là ngày mà trực giác của bạn tỏa sáng rực rỡ và bạn có thể tự tin đưa ra những quyết định quan trọng.,1
decision_A_hwa_df_water,effect,"Các phán đoán cảm tính kết hợp với nhau một cách nhanh chóng, đẩy nhanh quá trình đưa ra quyết định.",1
decision_A_hwa_df_water,action,Bạn có thể mạnh dạn đưa ra những lựa chọn theo cảm xúc của mình.,1
decision_A_hwa_df_water,state,Nội tâm bình tĩnh mang lại cho bạn sức mạnh để thể hiện trọn vẹn cảm xúc thật của mình và năng lượng ẩm sẽ thanh lọc tâm trí bạn một cách sâu sắc và mở ra tầm nhìn rõ ràng.,1
decision_A_hwa_df_wood,intro,Đó là ngày mà trực giác của bạn tỏa sáng rực rỡ và bạn có thể tự tin đưa ra những quyết định quan trọng.,1
decision_A_hwa_df_wood,effect,"Các phán đoán cảm tính kết hợp với nhau một cách nhanh chóng, đẩy nhanh quá trình đưa ra quyết định.",1
decision_A_hwa_df_wood,action,Bạn có thể mạnh dạn đưa ra những lựa chọn theo cảm xúc của mình.,1
decision_A_hwa_df_wood,state,Nội tâm bình tĩnh mang lại cho bạn sức mạnh để thể hiện trọn vẹn sự chân thành của mình và năng lượng năng động sẽ mở ra những khả năng mới.,1
decision_A_hwa_ex_earth,intro,Đó là ngày mà trực giác của bạn tỏa sáng rực rỡ và bạn có thể tự tin đưa ra những quyết định quan trọng.,1
decision_A_hwa_ex_earth,effect,"Các phán đoán cảm tính kết hợp với nhau một cách nhanh chóng, đẩy nhanh quá trình đưa ra quyết định.",1
decision_A_hwa_ex_earth,action,Bạn có thể mạnh dạn đưa ra những lựa chọn theo cảm xúc của mình.,1
decision_A_hwa_ex_earth,state,"Niềm đam mê dâng trào làm tăng đáng kể động lực và tạo ra một dòng chảy tốt, năng lượng bình tĩnh làm tăng sự thận trọng, dẫn đến kết quả tốt.",1
decision_A_hwa_ex_fire,intro,Đó là ngày mà trực giác của bạn tỏa sáng rực rỡ và bạn có thể tự tin đưa ra những quyết định quan trọng.,1
decision_A_hwa_ex_fire,effect,"Các phán đoán cảm tính kết hợp với nhau một cách nhanh chóng, đẩy nhanh quá trình đưa ra quyết định.",1
decision_A_hwa_ex_fire,action,Bạn có thể mạnh dạn đưa ra những lựa chọn theo cảm xúc của mình.,1
decision_A_hwa_ex_fire,state,"Niềm đam mê dâng trào làm tăng đáng kể động lực và tạo ra một dòng chảy tốt, nguồn năng lượng sáng rõ làm tăng sức sống và tạo ra một dòng chảy tốt.",1
decision_A_hwa_ex_water,intro,Đó là ngày mà trực giác của bạn tỏa sáng rực rỡ và bạn có thể tự tin đưa ra những quyết định quan trọng.,1
decision_A_hwa_ex_water,effect,"Các phán đoán cảm tính kết hợp với nhau một cách nhanh chóng, đẩy nhanh quá trình đưa ra quyết định.",1
decision_A_hwa_ex_water,action,Bạn có thể mạnh dạn đưa ra những lựa chọn theo cảm xúc của mình.,1
decision_A_hwa_ex_water,state,"Niềm đam mê dâng trào làm tăng đáng kể động lực và tạo ra một dòng chảy tốt, nguồn năng lượng mềm mại giúp thanh lọc tâm trí một cách sâu sắc và mở ra tầm nhìn rõ ràng.",1
decision_A_hwa_ex_wood,intro,Đó là ngày mà trực giác của bạn tỏa sáng rực rỡ và bạn có thể tự tin đưa ra những quyết định quan trọng.,1
decision_A_hwa_ex_wood,effect,"Các phán đoán cảm tính kết hợp với nhau một cách nhanh chóng, đẩy nhanh quá trình đưa ra quyết định.",1
decision_A_hwa_ex_wood,action,Bạn có thể mạnh dạn đưa ra những lựa chọn theo cảm xúc của mình.,1
decision_A_hwa_ex_wood,state,"Niềm đam mê dâng trào làm tăng động lực lên rất nhiều, tạo ra dòng chảy tốt, năng lượng năng động mở ra những khả năng mới.",1
decision_A_mok_df_earth,intro,Đó là ngày mà tư duy linh hoạt có thể được mở ra và các lựa chọn khác nhau có thể được so sánh rõ ràng.,1
decision_A_mok_df_earth,effect,"Phạm vi phán đoán được mở rộng, cho phép rút ra kết luận cân bằng ngay cả trong những tình huống phức tạp.",1
decision_A_mok_df_earth,action,Mở rộng tầm nhìn của bạn và tích cực khám phá các lựa chọn thay thế tốt hơn.,1
decision_A_mok_df_earth,state,"Một cách tiếp cận thận trọng thực sự tạo ra một khởi đầu vững chắc, và một năng lượng bình tĩnh làm tăng sự thận trọng, dẫn đến kết quả tốt.",1
decision_A_mok_df_fire,intro,Đó là ngày mà tư duy linh hoạt có thể được mở ra và các lựa chọn khác nhau có thể được so sánh rõ ràng.,1
decision_A_mok_df_fire,effect,"Phạm vi phán đoán được mở rộng, cho phép rút ra kết luận cân bằng ngay cả trong những tình huống phức tạp.",1
decision_A_mok_df_fire,action,Mở rộng tầm nhìn của bạn và tích cực khám phá các lựa chọn thay thế tốt hơn.,1
decision_A_mok_df_fire,state,"Một cách tiếp cận thận trọng thực sự tạo ra một khởi đầu vững chắc, và năng lượng rõ ràng sẽ tăng cường sức sống và tạo ra một dòng chảy tốt.",1
decision_A_mok_df_water,intro,Đó là ngày mà tư duy linh hoạt có thể được mở ra và các lựa chọn khác nhau có thể được so sánh rõ ràng.,1
decision_A_mok_df_water,effect,"Phạm vi phán đoán được mở rộng, cho phép rút ra kết luận cân bằng ngay cả trong những tình huống phức tạp.",1
decision_A_mok_df_water,action,Mở rộng tầm nhìn của bạn và tích cực khám phá các lựa chọn thay thế tốt hơn.,1
decision_A_mok_df_water,state,"Một cách tiếp cận thận trọng tạo ra một khởi đầu vững chắc, và năng lượng ẩm sẽ thanh lọc tâm trí một cách sâu sắc và mở ra tầm nhìn rõ ràng.",1
decision_A_mok_df_wood,intro,Đó là ngày mà tư duy linh hoạt có thể được mở ra và các lựa chọn khác nhau có thể được so sánh rõ ràng.,1
decision_A_mok_df_wood,effect,"Phạm vi phán đoán được mở rộng, cho phép rút ra kết luận cân bằng ngay cả trong những tình huống phức tạp.",1
decision_A_mok_df_wood,action,Mở rộng tầm nhìn của bạn và tích cực khám phá các lựa chọn thay thế tốt hơn.,1
decision_A_mok_df_wood,state,"Cách tiếp cận thận trọng tạo nên sự khởi đầu vững chắc, năng lượng năng động mở ra những khả năng mới.",1
decision_A_mok_ex_earth,intro,Đó là ngày mà tư duy linh hoạt có thể được mở ra và các lựa chọn khác nhau có thể được so sánh rõ ràng.,1
decision_A_mok_ex_earth,effect,"Phạm vi phán đoán được mở rộng, cho phép rút ra kết luận cân bằng ngay cả trong những tình huống phức tạp.",1
decision_A_mok_ex_earth,action,Mở rộng tầm nhìn của bạn và tích cực khám phá các lựa chọn thay thế tốt hơn.,1
decision_A_mok_ex_earth,state,"Một ý chí mạnh mẽ sẽ tích cực mở ra những cơ hội mới, và một năng lượng bình tĩnh làm tăng sự thận trọng, dẫn đến kết quả tốt.",1
decision_A_mok_ex_fire,intro,Đó là ngày mà tư duy linh hoạt có thể được mở ra và các lựa chọn khác nhau có thể được so sánh rõ ràng.,1
decision_A_mok_ex_fire,effect,"Phạm vi phán đoán được mở rộng, cho phép rút ra kết luận cân bằng ngay cả trong những tình huống phức tạp.",1
decision_A_mok_ex_fire,action,Mở rộng tầm nhìn của bạn và tích cực khám phá các lựa chọn thay thế tốt hơn.,1
decision_A_mok_ex_fire,state,"Ý chí mạnh mẽ sẽ tích cực mở ra những cơ hội mới, nguồn năng lượng sáng rõ làm tăng sinh lực và tạo nên dòng chảy tốt đẹp.",1
decision_A_mok_ex_water,intro,Đó là ngày mà tư duy linh hoạt có thể được mở ra và các lựa chọn khác nhau có thể được so sánh rõ ràng.,1
decision_A_mok_ex_water,effect,"Phạm vi phán đoán được mở rộng, cho phép rút ra kết luận cân bằng ngay cả trong những tình huống phức tạp.",1
decision_A_mok_ex_water,action,Mở rộng tầm nhìn của bạn và tích cực khám phá các lựa chọn thay thế tốt hơn.,1
decision_A_mok_ex_water,state,"Ý chí mạnh mẽ sẽ tích cực mở ra những cơ hội mới, năng lượng ẩm sẽ rèn luyện tâm trí một cách sâu sắc và mở ra tầm nhìn rõ ràng.",1
decision_A_mok_ex_wood,intro,Đó là ngày mà tư duy linh hoạt có thể được mở ra và các lựa chọn khác nhau có thể được so sánh rõ ràng.,1
decision_A_mok_ex_wood,effect,"Phạm vi phán đoán được mở rộng, cho phép rút ra kết luận cân bằng ngay cả trong những tình huống phức tạp.",1
decision_A_mok_ex_wood,action,Mở rộng tầm nhìn của bạn và tích cực khám phá các lựa chọn thay thế tốt hơn.,1
decision_A_mok_ex_wood,state,"Một ý chí mạnh mẽ sẽ tích cực mở ra những cơ hội mới, và một năng lượng năng động sẽ mở ra những khả năng mới.",1
decision_A_su_df_earth,intro,Đó là ngày mà khả năng đọc dòng chảy của bạn trở nên nhạy bén hơn và thời điểm đưa ra quyết định của bạn trở nên hoàn hảo.,1
decision_A_su_df_earth,effect,Quyết định đi theo dòng chảy của tình huống sẽ mang lại kết quả tốt.,1
decision_A_su_df_earth,action,Đừng ép buộc kết luận; sử dụng thời gian tự nhiên của bạn.,1
decision_A_su_df_earth,state,"Một trung tâm vững chắc giúp bạn duy trì phương hướng của mình mà không dao động, và một năng lượng bình tĩnh làm tăng sự thận trọng, dẫn đến kết quả tốt.",1
decision_A_su_df_fire,intro,Đó là ngày mà khả năng đọc dòng chảy của bạn trở nên nhạy bén hơn và thời điểm đưa ra quyết định của bạn trở nên hoàn hảo.,1
decision_A_su_df_fire,effect,Quyết định đi theo dòng chảy của tình huống sẽ mang lại kết quả tốt.,1
decision_A_su_df_fire,action,Đừng ép buộc kết luận; sử dụng thời gian tự nhiên của bạn.,1
decision_A_su_df_fire,state,"Một trung tâm vững chắc giúp bạn đi đúng hướng mà không dao động, và nguồn năng lượng sáng rõ sẽ tăng cường sinh lực và tạo ra một dòng chảy tốt.",1
decision_A_su_df_water,intro,Đó là ngày mà khả năng đọc dòng chảy của bạn trở nên nhạy bén hơn và thời điểm đưa ra quyết định của bạn trở nên hoàn hảo.,1
decision_A_su_df_water,effect,Quyết định đi theo dòng chảy của tình huống sẽ mang lại kết quả tốt.,1
decision_A_su_df_water,action,Đừng ép buộc kết luận; sử dụng thời gian tự nhiên của bạn.,1
decision_A_su_df_water,state,"Một trung tâm vững chắc giúp bạn giữ vững phương hướng mà không dao động, và năng lượng ẩm sẽ thanh lọc tâm trí bạn một cách sâu sắc và mở ra tầm nhìn rõ ràng.",1
decision_A_su_df_wood,intro,Đó là ngày mà khả năng đọc dòng chảy của bạn trở nên nhạy bén hơn và thời điểm đưa ra quyết định của bạn trở nên hoàn hảo.,1
decision_A_su_df_wood,effect,Quyết định đi theo dòng chảy của tình huống sẽ mang lại kết quả tốt.,1
decision_A_su_df_wood,action,Đừng ép buộc kết luận; sử dụng thời gian tự nhiên của bạn.,1
decision_A_su_df_wood,state,"Một trung tâm vững chắc duy trì phương hướng mà không dao động, và năng lượng động mở ra những khả năng mới.",1
decision_A_su_ex_earth,intro,Đó là ngày mà khả năng đọc dòng chảy của bạn trở nên nhạy bén hơn và thời điểm đưa ra quyết định của bạn trở nên hoàn hảo.,1
decision_A_su_ex_earth,effect,Quyết định đi theo dòng chảy của tình huống sẽ mang lại kết quả tốt.,1
decision_A_su_ex_earth,action,Đừng ép buộc kết luận; sử dụng thời gian tự nhiên của bạn.,1
decision_A_su_ex_earth,state,"Sự nhạy cảm phong phú dẫn đến cái nhìn sâu sắc và giúp phán đoán tốt, năng lượng bình tĩnh làm tăng sự thận trọng, dẫn đến kết quả tốt.",1
decision_A_su_ex_fire,intro,Đó là ngày mà khả năng đọc dòng chảy của bạn trở nên nhạy bén hơn và thời điểm đưa ra quyết định của bạn trở nên hoàn hảo.,1
decision_A_su_ex_fire,effect,Quyết định đi theo dòng chảy của tình huống sẽ mang lại kết quả tốt.,1
decision_A_su_ex_fire,action,Đừng ép buộc kết luận; sử dụng thời gian tự nhiên của bạn.,1
decision_A_su_ex_fire,state,"Sự nhạy cảm phong phú dẫn đến cái nhìn sâu sắc và giúp đưa ra những quyết định đúng đắn, đồng thời năng lượng rõ ràng làm tăng sức sống và tạo ra một dòng chảy tốt.",1
decision_A_su_ex_water,intro,Đó là ngày mà khả năng đọc dòng chảy của bạn trở nên nhạy bén hơn và thời điểm đưa ra quyết định của bạn trở nên hoàn hảo.,1
decision_A_su_ex_water,effect,Quyết định đi theo dòng chảy của tình huống sẽ mang lại kết quả tốt.,1
decision_A_su_ex_water,action,Đừng ép buộc kết luận; sử dụng thời gian tự nhiên của bạn.,1
decision_A_su_ex_water,state,"Sự nhạy cảm phong phú dẫn đến cái nhìn sâu sắc và giúp phán đoán tốt, đồng thời năng lượng ẩm giúp thanh lọc tâm trí một cách sâu sắc và mở ra tầm nhìn rõ ràng.",1
decision_A_su_ex_wood,intro,Đó là ngày mà khả năng đọc dòng chảy của bạn trở nên nhạy bén hơn và thời điểm đưa ra quyết định của bạn trở nên hoàn hảo.,1
decision_A_su_ex_wood,effect,Quyết định đi theo dòng chảy của tình huống sẽ mang lại kết quả tốt.,1
decision_A_su_ex_wood,action,Đừng ép buộc kết luận; sử dụng thời gian tự nhiên của bạn.,1
decision_A_su_ex_wood,state,"Sự nhạy cảm phong phú dẫn đến cái nhìn sâu sắc và giúp đưa ra những quyết định đúng đắn, đồng thời năng lượng năng động mở ra những khả năng mới.",1
decision_A_to_df_earth,intro,Đó là ngày mà bạn có thể đưa ra quyết định mà không hề dao động dựa trên khả năng phán đoán ổn định.,1
decision_A_to_df_earth,effect,Sự phán đoán cẩn thận và cân bằng sẽ giảm thiểu sai sót và mang lại kết quả an toàn.,1
decision_A_to_df_earth,action,"Nếu bạn đưa ra quyết định dựa trên niềm tin của mình, kết quả tốt sẽ đến.",1
decision_A_to_df_earth,state,"Một thái độ linh hoạt cho phép bạn chấp nhận những xu hướng mới một cách tự nhiên, và năng lượng bình tĩnh sẽ làm tăng sự thận trọng, dẫn đến kết quả tốt.",1
decision_A_to_df_fire,intro,Đó là ngày mà bạn có thể đưa ra quyết định mà không hề dao động dựa trên khả năng phán đoán ổn định.,1
decision_A_to_df_fire,effect,Sự phán đoán cẩn thận và cân bằng sẽ giảm thiểu sai sót và mang lại kết quả an toàn.,1
decision_A_to_df_fire,action,"Nếu bạn đưa ra quyết định dựa trên niềm tin của mình, kết quả tốt sẽ đến.",1
decision_A_to_df_fire,state,"Một thái độ linh hoạt cho phép bạn chấp nhận những xu hướng mới một cách tự nhiên, năng lượng rõ ràng làm tăng sức sống và tạo ra một dòng chảy tốt.",1
decision_A_to_df_water,intro,Đó là ngày mà bạn có thể đưa ra quyết định mà không hề dao động dựa trên khả năng phán đoán ổn định.,1
decision_A_to_df_water,effect,Sự phán đoán cẩn thận và cân bằng sẽ giảm thiểu sai sót và mang lại kết quả an toàn.,1
decision_A_to_df_water,action,"Nếu bạn đưa ra quyết định dựa trên niềm tin của mình, kết quả tốt sẽ đến.",1
decision_A_to_df_water,state,"Một thái độ linh hoạt cho phép bạn chấp nhận các xu hướng mới một cách tự nhiên, và năng lượng ẩm sẽ thanh lọc tâm trí một cách sâu sắc và mở ra tầm nhìn rõ ràng.",1
decision_A_to_df_wood,intro,Đó là ngày mà bạn có thể đưa ra quyết định mà không hề dao động dựa trên khả năng phán đoán ổn định.,1
decision_A_to_df_wood,effect,Sự phán đoán cẩn thận và cân bằng sẽ giảm thiểu sai sót và mang lại kết quả an toàn.,1
decision_A_to_df_wood,action,"Nếu bạn đưa ra quyết định dựa trên niềm tin của mình, kết quả tốt sẽ đến.",1
decision_A_to_df_wood,state,Một thái độ linh hoạt cho phép bạn chấp nhận những xu hướng mới một cách tự nhiên và năng lượng năng động sẽ mở ra những khả năng mới.,1
decision_A_to_ex_earth,intro,Đó là ngày mà bạn có thể đưa ra quyết định mà không hề dao động dựa trên khả năng phán đoán ổn định.,1
decision_A_to_ex_earth,effect,Sự phán đoán cẩn thận và cân bằng sẽ giảm thiểu sai sót và mang lại kết quả an toàn.,1
decision_A_to_ex_earth,action,"Nếu bạn đưa ra quyết định dựa trên niềm tin của mình, kết quả tốt sẽ đến.",1
decision_A_to_ex_earth,state,"Một cảm giác ổn định mạnh mẽ trở thành nền tảng vững chắc cho mọi việc, và một năng lượng bình tĩnh làm tăng tính thận trọng, dẫn đến kết quả tốt.",1
decision_A_to_ex_fire,intro,Đó là ngày mà bạn có thể đưa ra quyết định mà không hề dao động dựa trên khả năng phán đoán ổn định.,1
decision_A_to_ex_fire,effect,Sự phán đoán cẩn thận và cân bằng sẽ giảm thiểu sai sót và mang lại kết quả an toàn.,1
decision_A_to_ex_fire,action,"Nếu bạn đưa ra quyết định dựa trên niềm tin của mình, kết quả tốt sẽ đến.",1
decision_A_to_ex_fire,state,"Cảm giác ổn định mạnh mẽ trở thành nền tảng vững chắc cho mọi thứ, nguồn năng lượng sáng rõ tăng cường sức sống và tạo ra một dòng chảy tốt.",1
decision_A_to_ex_water,intro,Đó là ngày mà bạn có thể đưa ra quyết định mà không hề dao động dựa trên khả năng phán đoán ổn định.,1
decision_A_to_ex_water,effect,Sự phán đoán cẩn thận và cân bằng sẽ giảm thiểu sai sót và mang lại kết quả an toàn.,1
decision_A_to_ex_water,action,"Nếu bạn đưa ra quyết định dựa trên niềm tin của mình, kết quả tốt sẽ đến.",1
decision_A_to_ex_water,state,"Cảm giác ổn định mạnh mẽ trở thành nền tảng vững chắc cho mọi thứ, và năng lượng ẩm sẽ thanh lọc tâm trí một cách sâu sắc và mở ra tầm nhìn rõ ràng.",1
decision_A_to_ex_wood,intro,Đó là ngày mà bạn có thể đưa ra quyết định mà không hề dao động dựa trên khả năng phán đoán ổn định.,1
decision_A_to_ex_wood,effect,Sự phán đoán cẩn thận và cân bằng sẽ giảm thiểu sai sót và mang lại kết quả an toàn.,1
decision_A_to_ex_wood,action,"Nếu bạn đưa ra quyết định dựa trên niềm tin của mình, kết quả tốt sẽ đến.",1
decision_A_to_ex_wood,state,Cảm giác ổn định mạnh mẽ mang lại nền tảng vững chắc cho mọi thứ và năng lượng năng động mở ra những khả năng mới.,1
decision_B,intro,"Hôm nay, suy nghĩ của bạn sẽ rõ ràng và bạn có thể đưa ra những quyết định quan trọng một cách tương đối dễ dàng.",1
decision_B,intro,"Hôm nay, bạn sẽ có khả năng phán đoán tốt và có thể nhanh chóng sắp xếp các lựa chọn của mình và đưa ra kết luận đúng đắn.",1
decision_B,effect,Khả năng hiểu rõ tình huống một cách khách quan rất mạnh và có thể giảm thiểu sai sót trong phán đoán.,1
decision_B,effect,Thông tin cần thiết để đưa ra quyết định được thu thập một cách tự nhiên và những điểm chính được hiển thị rõ ràng.,1
decision_B,action,"Thay vì suy nghĩ quá lâu, hãy tin tưởng vào khả năng phán đoán rõ ràng của bạn ngay bây giờ và đưa ra lựa chọn của mình.",1
decision_B,action,"Nếu bạn đưa ra quyết định ngày hôm nay, bạn sẽ có nhiều khả năng hài lòng hơn khi nhìn lại sau này.",1
decision_B_geum_df_earth,intro,Đây là ngày mà khả năng phán đoán của bạn nhìn chung sẽ ổn định và bạn sẽ có thể xử lý những quyết định khó khăn một cách dễ dàng.,1
decision_B_geum_df_earth,effect,Phân tích tập trung nắm bắt được bản chất và giảm thiểu những lựa chọn sai lầm.,1
decision_B_geum_df_earth,action,Đưa ra những quyết định quan trọng sau khi cân nhắc kỹ lưỡng.,1
decision_B_geum_df_earth,state,"Ngay cả khi quyết tâm của bạn trở nên mờ mịt, dòng chảy của cuộc sống hàng ngày vẫn tiếp tục suôn sẻ, và năng lượng mây mù làm tăng thêm bầu không khí tĩnh lặng, tạo cảm giác yên bình.",1
decision_B_geum_df_fire,intro,Đây là ngày mà khả năng phán đoán của bạn nhìn chung sẽ ổn định và bạn sẽ có thể xử lý những quyết định khó khăn một cách dễ dàng.,1
decision_B_geum_df_fire,effect,Phân tích tập trung nắm bắt được bản chất và giảm thiểu những lựa chọn sai lầm.,1
decision_B_geum_df_fire,action,Đưa ra những quyết định quan trọng sau khi cân nhắc kỹ lưỡng.,1
decision_B_geum_df_fire,state,"Ngay cả khi quyết tâm của bạn trở nên mờ mịt, dòng chảy cuộc sống hàng ngày của bạn vẫn tiếp tục suôn sẻ, và nguồn năng lượng sáng rõ tiếp thêm sức sống nhẹ nhàng, tạo nên một dòng chảy trôi chảy.",1
decision_B_geum_df_water,intro,Đây là ngày mà khả năng phán đoán của bạn nhìn chung sẽ ổn định và bạn sẽ có thể xử lý những quyết định khó khăn một cách dễ dàng.,1
decision_B_geum_df_water,effect,Phân tích tập trung nắm bắt được bản chất và giảm thiểu những lựa chọn sai lầm.,1
decision_B_geum_df_water,action,Đưa ra những quyết định quan trọng sau khi cân nhắc kỹ lưỡng.,1
decision_B_geum_df_water,state,"Ngay cả khi quyết tâm của bạn trở nên buồn tẻ, dòng chảy của cuộc sống hàng ngày vẫn tiếp tục suôn sẻ và nguồn năng lượng mềm mại mang lại cảm giác êm đềm kéo dài cho cảm xúc của bạn.",1
decision_B_geum_df_wood,intro,Đây là ngày mà khả năng phán đoán của bạn nhìn chung sẽ ổn định và bạn sẽ có thể xử lý những quyết định khó khăn một cách dễ dàng.,1
decision_B_geum_df_wood,effect,Phân tích tập trung nắm bắt được bản chất và giảm thiểu những lựa chọn sai lầm.,1
decision_B_geum_df_wood,action,Đưa ra những quyết định quan trọng sau khi cân nhắc kỹ lưỡng.,1
decision_B_geum_df_wood,state,"Ngay cả khi quyết tâm của bạn trở nên mờ mịt, dòng chảy của cuộc sống hàng ngày vẫn tiếp tục suôn sẻ và năng lượng thay đổi nhỏ sẽ bổ sung thêm sự kích thích thích hợp.",1
decision_B_geum_ex_earth,intro,Đây là ngày mà khả năng phán đoán của bạn nhìn chung sẽ ổn định và bạn sẽ có thể xử lý những quyết định khó khăn một cách dễ dàng.,1
decision_B_geum_ex_earth,effect,Phân tích tập trung nắm bắt được bản chất và giảm thiểu những lựa chọn sai lầm.,1
decision_B_geum_ex_earth,action,Đưa ra những quyết định quan trọng sau khi cân nhắc kỹ lưỡng.,1
decision_B_geum_ex_earth,state,"Khả năng phán đoán mang tính phân tích diễn ra một cách tự nhiên với tốc độ thông thường và nguồn năng lượng trầm góp phần tạo nên bầu không khí yên tĩnh, tạo cảm giác yên bình.",1
decision_B_geum_ex_fire,intro,Đây là ngày mà khả năng phán đoán của bạn nhìn chung sẽ ổn định và bạn sẽ có thể xử lý những quyết định khó khăn một cách dễ dàng.,1
decision_B_geum_ex_fire,effect,Phân tích tập trung nắm bắt được bản chất và giảm thiểu những lựa chọn sai lầm.,1
decision_B_geum_ex_fire,action,Đưa ra những quyết định quan trọng sau khi cân nhắc kỹ lưỡng.,1
decision_B_geum_ex_fire,state,"Phán đoán phân tích diễn ra theo nhịp độ thông thường một cách tự nhiên và nguồn năng lượng sáng rõ tiếp thêm sức sống nhẹ nhàng, tạo nên một dòng chảy trôi chảy.",1
decision_B_geum_ex_water,intro,Đây là ngày mà khả năng phán đoán của bạn nhìn chung sẽ ổn định và bạn sẽ có thể xử lý những quyết định khó khăn một cách dễ dàng.,1
decision_B_geum_ex_water,effect,Phân tích tập trung nắm bắt được bản chất và giảm thiểu những lựa chọn sai lầm.,1
decision_B_geum_ex_water,action,Đưa ra những quyết định quan trọng sau khi cân nhắc kỹ lưỡng.,1
decision_B_geum_ex_water,state,Khả năng phán đoán mang tính phân tích diễn ra một cách tự nhiên theo tốc độ thông thường của bạn và nguồn năng lượng mềm mại sẽ mang lại dư vị êm dịu cho cảm xúc của bạn.,1
decision_B_geum_ex_wood,intro,Đây là ngày mà khả năng phán đoán của bạn nhìn chung sẽ ổn định và bạn sẽ có thể xử lý những quyết định khó khăn một cách dễ dàng.,1
decision_B_geum_ex_wood,effect,Phân tích tập trung nắm bắt được bản chất và giảm thiểu những lựa chọn sai lầm.,1
decision_B_geum_ex_wood,action,Đưa ra những quyết định quan trọng sau khi cân nhắc kỹ lưỡng.,1
decision_B_geum_ex_wood,state,Phán đoán mang tính phân tích diễn ra theo nhịp độ thông thường một cách tự nhiên và năng lượng thay đổi nhỏ sẽ tạo thêm sự kích thích thích hợp.,1
decision_B_hwa_df_earth,intro,Đó là ngày mà trực giác được kích hoạt đồng đều và ít sai lầm hơn trong các quyết định mang tính giác quan.,1
decision_B_hwa_df_earth,effect,"Cảm giác và lý trí được cân bằng, nâng cao chất lượng của các quyết định.",1
decision_B_hwa_df_earth,action,Hãy tin vào trực giác của bạn nhưng hãy kiểm tra kỹ các điểm chính.,1
decision_B_hwa_df_earth,state,"Mặc dù biểu hiện bị hạn chế nhưng sự ổn định của mối quan hệ vẫn dễ dàng được duy trì và nguồn năng lượng trầm làm tăng thêm bầu không khí yên tĩnh, dẫn đến cảm giác yên bình.",1
decision_B_hwa_df_fire,intro,Đó là ngày mà trực giác được kích hoạt đồng đều và ít sai lầm hơn trong các quyết định mang tính giác quan.,1
decision_B_hwa_df_fire,effect,"Cảm giác và lý trí được cân bằng, nâng cao chất lượng của các quyết định.",1
decision_B_hwa_df_fire,action,Hãy tin vào trực giác của bạn nhưng hãy kiểm tra kỹ các điểm chính.,1
decision_B_hwa_df_fire,state,"Ngay cả khi hạn chế biểu hiện, sự ổn định của mối quan hệ vẫn dễ dàng được duy trì, nguồn năng lượng sáng rõ tiếp thêm sức sống nhẹ nhàng, tạo nên dòng chảy trôi chảy.",1
decision_B_hwa_df_water,intro,Đó là ngày mà trực giác được kích hoạt đồng đều và ít sai lầm hơn trong các quyết định mang tính giác quan.,1
decision_B_hwa_df_water,effect,"Cảm giác và lý trí được cân bằng, nâng cao chất lượng của các quyết định.",1
decision_B_hwa_df_water,action,Hãy tin vào trực giác của bạn nhưng hãy kiểm tra kỹ các điểm chính.,1
decision_B_hwa_df_water,state,"Ngay cả khi những biểu hiện bị hạn chế, sự ổn định của mối quan hệ vẫn dễ dàng được duy trì và nguồn năng lượng mềm mại mang lại cảm giác êm đềm kéo dài cho cảm xúc.",1
decision_B_hwa_df_wood,intro,Đó là ngày mà trực giác được kích hoạt đồng đều và ít sai lầm hơn trong các quyết định mang tính giác quan.,1
decision_B_hwa_df_wood,effect,"Cảm giác và lý trí được cân bằng, nâng cao chất lượng của các quyết định.",1
decision_B_hwa_df_wood,action,Hãy tin vào trực giác của bạn nhưng hãy kiểm tra kỹ các điểm chính.,1
decision_B_hwa_df_wood,state,"Ngay cả khi những biểu hiện bị hạn chế, sự ổn định của mối quan hệ vẫn dễ dàng được duy trì và năng lượng thay đổi nhỏ sẽ tăng thêm sự kích thích thích hợp.",1
decision_B_hwa_ex_earth,intro,Đó là ngày mà trực giác được kích hoạt đồng đều và ít sai lầm hơn trong các quyết định mang tính giác quan.,1
decision_B_hwa_ex_earth,effect,"Cảm giác và lý trí được cân bằng, nâng cao chất lượng của các quyết định.",1
decision_B_hwa_ex_earth,action,Hãy tin vào trực giác của bạn nhưng hãy kiểm tra kỹ các điểm chính.,1
decision_B_hwa_ex_earth,state,"Niềm đam mê còn sống nhưng sự cân bằng cũng được duy trì, dẫn đến một ngày ổn định, năng lượng mây mù tạo thêm bầu không khí tĩnh lặng, dẫn đến sự thanh thản.",1
decision_B_hwa_ex_fire,intro,Đó là ngày mà trực giác được kích hoạt đồng đều và ít sai lầm hơn trong các quyết định mang tính giác quan.,1
decision_B_hwa_ex_fire,effect,"Cảm giác và lý trí được cân bằng, nâng cao chất lượng của các quyết định.",1
decision_B_hwa_ex_fire,action,Hãy tin vào trực giác của bạn nhưng hãy kiểm tra kỹ các điểm chính.,1
decision_B_hwa_ex_fire,state,"Niềm đam mê còn sống nhưng sự cân bằng cũng được duy trì, dẫn đến một ngày ổn định, nguồn năng lượng sáng rõ tiếp thêm sức sống nhẹ nhàng, tạo nên dòng chảy trôi chảy.",1
decision_B_hwa_ex_water,intro,Đó là ngày mà trực giác được kích hoạt đồng đều và ít sai lầm hơn trong các quyết định mang tính giác quan.,1
decision_B_hwa_ex_water,effect,"Cảm giác và lý trí được cân bằng, nâng cao chất lượng của các quyết định.",1
decision_B_hwa_ex_water,action,Hãy tin vào trực giác của bạn nhưng hãy kiểm tra kỹ các điểm chính.,1
decision_B_hwa_ex_water,state,"Niềm đam mê vẫn tồn tại và sự cân bằng được duy trì, dẫn đến một ngày ổn định và nguồn năng lượng mềm mại mang lại cảm giác êm đềm kéo dài cho cảm xúc.",1
decision_B_hwa_ex_wood,intro,Đó là ngày mà trực giác được kích hoạt đồng đều và ít sai lầm hơn trong các quyết định mang tính giác quan.,1
decision_B_hwa_ex_wood,effect,"Cảm giác và lý trí được cân bằng, nâng cao chất lượng của các quyết định.",1
decision_B_hwa_ex_wood,action,Hãy tin vào trực giác của bạn nhưng hãy kiểm tra kỹ các điểm chính.,1
decision_B_hwa_ex_wood,state,"Niềm đam mê sống động và cân bằng, dẫn đến một ngày ổn định, và một chút năng lượng thay đổi sẽ bổ sung thêm sự kích thích thích hợp.",1
decision_B_mok_df_earth,intro,Đó là ngày mà tâm trí của bạn hoạt động linh hoạt và dễ dàng so sánh nhiều lựa chọn.,1
decision_B_mok_df_earth,effect,Mở ra những góc nhìn khác nhau và khám phá những lựa chọn tốt hơn trong quá trình ra quyết định.,1
decision_B_mok_df_earth,action,Xem qua các lựa chọn của bạn và chọn một trong những thực tế nhất.,1
decision_B_mok_df_earth,state,"Ngay cả khi bạn thận trọng khi thử những điều mới, cuộc sống hàng ngày của bạn vẫn trôi chảy đều đặn và nguồn năng lượng trầm càng tạo thêm bầu không khí tĩnh lặng, dẫn đến cảm giác yên bình.",1
decision_B_mok_df_fire,intro,Đó là ngày mà tâm trí của bạn hoạt động linh hoạt và dễ dàng so sánh nhiều lựa chọn.,1
decision_B_mok_df_fire,effect,Mở ra những góc nhìn khác nhau và khám phá những lựa chọn tốt hơn trong quá trình ra quyết định.,1
decision_B_mok_df_fire,action,Xem qua các lựa chọn của bạn và chọn một trong những thực tế nhất.,1
decision_B_mok_df_fire,state,"Ngay cả khi bạn thận trọng khi thử những điều mới, cuộc sống hàng ngày của bạn vẫn trôi chảy đều đặn và nguồn năng lượng sáng rõ tiếp thêm sức sống nhẹ nhàng, tạo nên một dòng chảy trôi chảy.",1
decision_B_mok_df_water,intro,Đó là ngày mà tâm trí của bạn hoạt động linh hoạt và dễ dàng so sánh nhiều lựa chọn.,1
decision_B_mok_df_water,effect,Mở ra những góc nhìn khác nhau và khám phá những lựa chọn tốt hơn trong quá trình ra quyết định.,1
decision_B_mok_df_water,action,Xem qua các lựa chọn của bạn và chọn một trong những thực tế nhất.,1
decision_B_mok_df_water,state,"Ngay cả khi bạn thận trọng khi thử những điều mới, cuộc sống hàng ngày của bạn vẫn trôi chảy đều đặn và nguồn năng lượng mềm mại sẽ mang lại cảm giác êm đềm kéo dài cho cảm xúc của bạn.",1
decision_B_mok_df_wood,intro,Đó là ngày mà tâm trí của bạn hoạt động linh hoạt và dễ dàng so sánh nhiều lựa chọn.,1
decision_B_mok_df_wood,effect,Mở ra những góc nhìn khác nhau và khám phá những lựa chọn tốt hơn trong quá trình ra quyết định.,1
decision_B_mok_df_wood,action,Xem qua các lựa chọn của bạn và chọn một trong những thực tế nhất.,1
decision_B_mok_df_wood,state,"Ngay cả khi bạn thận trọng khi thử những điều mới, cuộc sống hàng ngày của bạn vẫn trôi chảy đều đặn và một chút năng lượng của sự thay đổi sẽ tạo thêm sự kích thích thích hợp.",1
decision_B_mok_ex_earth,intro,Đó là ngày mà tâm trí của bạn hoạt động linh hoạt và dễ dàng so sánh nhiều lựa chọn.,1
decision_B_mok_ex_earth,effect,Mở ra những góc nhìn khác nhau và khám phá những lựa chọn tốt hơn trong quá trình ra quyết định.,1
decision_B_mok_ex_earth,action,Xem qua các lựa chọn của bạn và chọn một trong những thực tế nhất.,1
decision_B_mok_ex_earth,state,"Động lực vững chắc sẽ tiến bộ từng bước một, năng lượng vẩn đục làm tăng thêm bầu không khí tĩnh lặng, dẫn đến sự tĩnh lặng.",1
decision_B_mok_ex_fire,intro,Đó là ngày mà tâm trí của bạn hoạt động linh hoạt và dễ dàng so sánh nhiều lựa chọn.,1
decision_B_mok_ex_fire,effect,Mở ra những góc nhìn khác nhau và khám phá những lựa chọn tốt hơn trong quá trình ra quyết định.,1
decision_B_mok_ex_fire,action,Xem qua các lựa chọn của bạn và chọn một trong những thực tế nhất.,1
decision_B_mok_ex_fire,state,"Động lực vững chắc giúp bạn tiến bộ từng bước, nguồn năng lượng sáng rõ tiếp thêm sức sống nhẹ nhàng, tạo nên một dòng chảy trôi chảy.",1
decision_B_mok_ex_water,intro,Đó là ngày mà tâm trí của bạn hoạt động linh hoạt và dễ dàng so sánh nhiều lựa chọn.,1
decision_B_mok_ex_water,effect,Mở ra những góc nhìn khác nhau và khám phá những lựa chọn tốt hơn trong quá trình ra quyết định.,1
decision_B_mok_ex_water,action,Xem qua các lựa chọn của bạn và chọn một trong những thực tế nhất.,1
decision_B_mok_ex_water,state,Động lực ổn định sẽ tiến bộ từng bước và nguồn năng lượng mềm mại tạo thêm cảm giác êm đềm kéo dài cho cảm xúc.,1
decision_B_mok_ex_wood,intro,Đó là ngày mà tâm trí của bạn hoạt động linh hoạt và dễ dàng so sánh nhiều lựa chọn.,1
decision_B_mok_ex_wood,effect,Mở ra những góc nhìn khác nhau và khám phá những lựa chọn tốt hơn trong quá trình ra quyết định.,1
decision_B_mok_ex_wood,action,Xem qua các lựa chọn của bạn và chọn một trong những thực tế nhất.,1
decision_B_mok_ex_wood,state,"Động lực ổn định làm cho sự tiến bộ bình thường từng bước một, và năng lượng thay đổi yếu sẽ bổ sung thêm sự kích thích thích hợp.",1
decision_B_su_df_earth,intro,Đây là ngày mà bạn có thể phán đoán tình hình một cách đáng tin cậy và nắm bắt thời cơ tốt.,1
decision_B_su_df_earth,effect,Các quyết định đi theo dòng chảy sẽ ngăn ngừa mất cơ hội.,1
decision_B_su_df_earth,action,Đừng quá vội vàng và đưa ra quyết định trong khi quan sát sự thay đổi của tình hình.,1
decision_B_su_df_earth,state,"Mặc dù có phần thiếu linh hoạt, nhưng nhịp điệu cơ bản vẫn được duy trì mà không gặp khó khăn gì, năng lượng mây mù tăng thêm bầu không khí tĩnh lặng, dẫn đến cảm giác yên bình.",1
decision_B_su_df_fire,intro,Đây là ngày mà bạn có thể phán đoán tình hình một cách đáng tin cậy và nắm bắt thời cơ tốt.,1
decision_B_su_df_fire,effect,Các quyết định đi theo dòng chảy sẽ ngăn ngừa mất cơ hội.,1
decision_B_su_df_fire,action,Đừng quá vội vàng và đưa ra quyết định trong khi quan sát sự thay đổi của tình hình.,1
decision_B_su_df_fire,state,"Mặc dù có phần thiếu linh hoạt nhưng nhịp điệu cơ bản vẫn được duy trì mà không gặp khó khăn gì, nguồn năng lượng sáng rõ tiếp thêm sức sống nhẹ nhàng, tạo nên một dòng chảy trôi chảy.",1
decision_B_su_df_water,intro,Đây là ngày mà bạn có thể phán đoán tình hình một cách đáng tin cậy và nắm bắt thời cơ tốt.,1
decision_B_su_df_water,effect,Các quyết định đi theo dòng chảy sẽ ngăn ngừa mất cơ hội.,1
decision_B_su_df_water,action,Đừng quá vội vàng và đưa ra quyết định trong khi quan sát sự thay đổi của tình hình.,1
decision_B_su_df_water,state,"Mặc dù thiếu linh hoạt, nhưng nhịp điệu cơ bản vẫn được duy trì mà không gặp khó khăn gì, và nguồn năng lượng mềm mại mang lại cảm giác êm dịu kéo dài cho cảm xúc.",1
decision_B_su_df_wood,intro,Đây là ngày mà bạn có thể phán đoán tình hình một cách đáng tin cậy và nắm bắt thời cơ tốt.,1
decision_B_su_df_wood,effect,Các quyết định đi theo dòng chảy sẽ ngăn ngừa mất cơ hội.,1
decision_B_su_df_wood,action,Đừng quá vội vàng và đưa ra quyết định trong khi quan sát sự thay đổi của tình hình.,1
decision_B_su_df_wood,state,"Mặc dù có phần thiếu linh hoạt, nhưng nhịp điệu cơ bản vẫn được duy trì mà không gặp khó khăn gì, và một chút năng lượng thay đổi sẽ tăng thêm sự kích thích thích hợp.",1
decision_B_su_ex_earth,intro,Đây là ngày mà bạn có thể phán đoán tình hình một cách đáng tin cậy và nắm bắt thời cơ tốt.,1
decision_B_su_ex_earth,effect,Các quyết định đi theo dòng chảy sẽ ngăn ngừa mất cơ hội.,1
decision_B_su_ex_earth,action,Đừng quá vội vàng và đưa ra quyết định trong khi quan sát sự thay đổi của tình hình.,1
decision_B_su_ex_earth,state,"Một ngày tràn ngập cảm xúc, khiến nó trở thành một ngày tập trung hơn bình thường, và nguồn năng lượng trầm tạo thêm bầu không khí tĩnh lặng, dẫn đến cảm giác yên bình.",1
decision_B_su_ex_fire,intro,Đây là ngày mà bạn có thể phán đoán tình hình một cách đáng tin cậy và nắm bắt thời cơ tốt.,1
decision_B_su_ex_fire,effect,Các quyết định đi theo dòng chảy sẽ ngăn ngừa mất cơ hội.,1
decision_B_su_ex_fire,action,Đừng quá vội vàng và đưa ra quyết định trong khi quan sát sự thay đổi của tình hình.,1
decision_B_su_ex_fire,state,"Một ngày giàu cảm xúc khiến nó trở thành một ngày tập trung hơn bình thường, nguồn năng lượng sáng rõ tiếp thêm sức sống nhẹ nhàng, tạo nên một dòng chảy trôi chảy.",1
decision_B_su_ex_water,intro,Đây là ngày mà bạn có thể phán đoán tình hình một cách đáng tin cậy và nắm bắt thời cơ tốt.,1
decision_B_su_ex_water,effect,Các quyết định đi theo dòng chảy sẽ ngăn ngừa mất cơ hội.,1
decision_B_su_ex_water,action,Đừng quá vội vàng và đưa ra quyết định trong khi quan sát sự thay đổi của tình hình.,1
decision_B_su_ex_water,state,"Một ngày tràn ngập cảm xúc, khiến bạn chú ý hơn bình thường và nguồn năng lượng mềm mại tạo thêm dư vị êm dịu cho cảm xúc của bạn.",1
decision_B_su_ex_wood,intro,Đây là ngày mà bạn có thể phán đoán tình hình một cách đáng tin cậy và nắm bắt thời cơ tốt.,1
decision_B_su_ex_wood,effect,Các quyết định đi theo dòng chảy sẽ ngăn ngừa mất cơ hội.,1
decision_B_su_ex_wood,action,Đừng quá vội vàng và đưa ra quyết định trong khi quan sát sự thay đổi của tình hình.,1
decision_B_su_ex_wood,state,"Một ngày tràn ngập cảm xúc, khiến nó trở thành một ngày tập trung hơn bình thường và một chút năng lượng thay đổi sẽ tạo thêm sự kích thích thích hợp.",1
decision_B_to_df_earth,intro,Đó là ngày mà bạn có thể duy trì khả năng phán đoán bình tĩnh và đưa ra những quyết định thận trọng.,1
decision_B_to_df_earth,effect,Kết luận đưa ra trên nền tảng ổn định sẽ được duy trì lâu dài.,1
decision_B_to_df_earth,action,"Đối với những vấn đề không cấp bách, hãy suy nghĩ chậm rãi và đưa ra quyết định.",1
decision_B_to_df_earth,state,"Ngay cả khi trọng tâm có phần bị rung chuyển, sự cân bằng của cuộc sống hàng ngày vẫn được duy trì mà không gặp nhiều khó khăn, nguồn năng lượng trầm càng tăng thêm bầu không khí tĩnh lặng, dẫn đến sự yên tĩnh.",1
decision_B_to_df_fire,intro,Đó là ngày mà bạn có thể duy trì khả năng phán đoán bình tĩnh và đưa ra những quyết định thận trọng.,1
decision_B_to_df_fire,effect,Kết luận đưa ra trên nền tảng ổn định sẽ được duy trì lâu dài.,1
decision_B_to_df_fire,action,"Đối với những vấn đề không cấp bách, hãy suy nghĩ chậm rãi và đưa ra quyết định.",1
decision_B_to_df_fire,state,"Ngay cả khi trọng tâm có phần bị rung chuyển, sự cân bằng của cuộc sống hàng ngày vẫn được duy trì mà không gặp nhiều khó khăn, nguồn năng lượng sáng rõ tiếp thêm sức sống nhẹ nhàng, tạo nên một dòng chảy trôi chảy.",1
decision_B_to_df_water,intro,Đó là ngày mà bạn có thể duy trì khả năng phán đoán bình tĩnh và đưa ra những quyết định thận trọng.,1
decision_B_to_df_water,effect,Kết luận đưa ra trên nền tảng ổn định sẽ được duy trì lâu dài.,1
decision_B_to_df_water,action,"Đối với những vấn đề không cấp bách, hãy suy nghĩ chậm rãi và đưa ra quyết định.",1
decision_B_to_df_water,state,"Ngay cả khi trọng tâm của bạn hơi rung chuyển, sự cân bằng trong cuộc sống hàng ngày của bạn vẫn được duy trì mà không gặp nhiều khó khăn và năng lượng ẩm sẽ mang lại cảm giác êm đềm kéo dài cho cảm xúc của bạn.",1
decision_B_to_df_wood,intro,Đó là ngày mà bạn có thể duy trì khả năng phán đoán bình tĩnh và đưa ra những quyết định thận trọng.,1
decision_B_to_df_wood,effect,Kết luận đưa ra trên nền tảng ổn định sẽ được duy trì lâu dài.,1
decision_B_to_df_wood,action,"Đối với những vấn đề không cấp bách, hãy suy nghĩ chậm rãi và đưa ra quyết định.",1
decision_B_to_df_wood,state,"Ngay cả khi trung tâm bị rung chuyển phần nào, sự cân bằng của cuộc sống hàng ngày vẫn được duy trì mà không gặp nhiều khó khăn, và một chút năng lượng của sự thay đổi sẽ bổ sung thêm sự kích thích thích hợp.",1
decision_B_to_ex_earth,intro,Đó là ngày mà bạn có thể duy trì khả năng phán đoán bình tĩnh và đưa ra những quyết định thận trọng.,1
decision_B_to_ex_earth,effect,Kết luận đưa ra trên nền tảng ổn định sẽ được duy trì lâu dài.,1
decision_B_to_ex_earth,action,"Đối với những vấn đề không cấp bách, hãy suy nghĩ chậm rãi và đưa ra quyết định.",1
decision_B_to_ex_earth,state,"Nó có xu hướng ổn định mạnh mẽ, vì vậy nó tiếp tục diễn ra một ngày yên tĩnh mà không gặp vấn đề gì, và nguồn năng lượng trầm làm tăng thêm bầu không khí tĩnh lặng, dẫn đến sự thanh thản.",1
decision_B_to_ex_fire,intro,Đó là ngày mà bạn có thể duy trì khả năng phán đoán bình tĩnh và đưa ra những quyết định thận trọng.,1
decision_B_to_ex_fire,effect,Kết luận đưa ra trên nền tảng ổn định sẽ được duy trì lâu dài.,1
decision_B_to_ex_fire,action,"Đối với những vấn đề không cấp bách, hãy suy nghĩ chậm rãi và đưa ra quyết định.",1
decision_B_to_ex_fire,state,"Bởi vì tính chất định hướng ổn định mạnh mẽ của nó, nó tiếp tục trôi chảy trong một ngày tĩnh lặng, và nguồn năng lượng sáng rõ tiếp thêm sức sống nhẹ nhàng, tạo nên một dòng chảy trôi chảy.",1
decision_B_to_ex_water,intro,Đó là ngày mà bạn có thể duy trì khả năng phán đoán bình tĩnh và đưa ra những quyết định thận trọng.,1
decision_B_to_ex_water,effect,Kết luận đưa ra trên nền tảng ổn định sẽ được duy trì lâu dài.,1
decision_B_to_ex_water,action,"Đối với những vấn đề không cấp bách, hãy suy nghĩ chậm rãi và đưa ra quyết định.",1
decision_B_to_ex_water,state,"Nó có tính chất định hướng ổn định mạnh mẽ, vì vậy nó có thể dễ dàng dẫn đến một ngày bình tĩnh, và nguồn năng lượng mềm mại tạo thêm dư vị êm dịu cho cảm xúc.",1
decision_B_to_ex_wood,intro,Đó là ngày mà bạn có thể duy trì khả năng phán đoán bình tĩnh và đưa ra những quyết định thận trọng.,1
decision_B_to_ex_wood,effect,Kết luận đưa ra trên nền tảng ổn định sẽ được duy trì lâu dài.,1
decision_B_to_ex_wood,action,"Đối với những vấn đề không cấp bách, hãy suy nghĩ chậm rãi và đưa ra quyết định.",1
decision_B_to_ex_wood,state,"Định hướng ổn định rất mạnh mẽ nên nó tiếp tục suôn sẻ trong một ngày bình lặng, và năng lượng thay đổi nhẹ sẽ bổ sung thêm sự kích thích thích hợp.",1
decision_B1,intro,"Hôm nay, khả năng phán đoán của bạn sẽ hoạt động ổn định và bạn sẽ có thể đưa ra quyết định mà không mắc sai lầm lớn.",1
decision_B1,intro,"Những suy nghĩ ngày hôm nay tương đối rõ ràng, đây là một ngày thích hợp để đặt ra những tiêu chuẩn và đưa ra những lựa chọn.",1
decision_B1,effect,Bình tĩnh phân tích tình hình mới có thể đưa đến quyết định đúng đắn.,1
decision_B1,effect,"Ngay cả khi quyết định có vẻ phức tạp nhưng nếu bạn đưa ra các tiêu chí rõ ràng, bạn sẽ thấy được con đường.",1
decision_B1,action,"Đối với những quyết định quan trọng, việc viết ra những ưu và nhược điểm một cách ngắn gọn sẽ giúp bạn sắp xếp suy nghĩ của mình.",1
decision_B1,action,Hãy tin tưởng vào khả năng phán đoán ổn định của bạn ngay hôm nay và bắt đầu thực hiện những lựa chọn nhỏ.,1
decision_B1_geum_df_earth,intro,"Bạn có khả năng phán đoán trung bình, nhưng những quyết định phức tạp có thể cần phải xem xét lại.",1
decision_B1_geum_df_earth,effect,"Phân tích này đúng ở một mức độ nào đó, nhưng vẫn có những lỗ hổng trong các chi tiết.",1
decision_B1_geum_df_earth,action,Kiểm tra các quyết định quan trọng một lần nữa trước khi đưa ra chúng.,1
decision_B1_geum_df_earth,state,Mặc dù bạn chậm đưa ra quyết định nhưng ngày vẫn tiếp tục không quá xáo trộn và nguồn năng lượng trầm giúp bạn duy trì nhịp độ ổn định.,1
decision_B1_geum_df_fire,intro,"Bạn có khả năng phán đoán trung bình, nhưng những quyết định phức tạp có thể cần phải xem xét lại.",1
decision_B1_geum_df_fire,effect,"Phân tích này đúng ở một mức độ nào đó, nhưng vẫn có những lỗ hổng trong các chi tiết.",1
decision_B1_geum_df_fire,action,Kiểm tra các quyết định quan trọng một lần nữa trước khi đưa ra chúng.,1
decision_B1_geum_df_fire,state,"Mặc dù bạn chậm đưa ra quyết định, nhưng ngày vẫn tiếp tục không quá xáo trộn, và nguồn nguồn năng lượng sáng rõ tiếp thêm sức sống bình yên và tiếp tục một ngày bình thường.",1
decision_B1_geum_df_water,intro,"Bạn có khả năng phán đoán trung bình, nhưng những quyết định phức tạp có thể cần phải xem xét lại.",1
decision_B1_geum_df_water,effect,"Phân tích này đúng ở một mức độ nào đó, nhưng vẫn có những lỗ hổng trong các chi tiết.",1
decision_B1_geum_df_water,action,Kiểm tra các quyết định quan trọng một lần nữa trước khi đưa ra chúng.,1
decision_B1_geum_df_water,state,"Dù bạn chậm đưa ra quyết định nhưng ngày vẫn trôi qua không quá xáo trộn, nguồn năng lượng mềm mại làm tăng suy nghĩ của bạn nhưng không gây ra nhiều kích động.",1
decision_B1_geum_df_wood,intro,"Bạn có khả năng phán đoán trung bình, nhưng những quyết định phức tạp có thể cần phải xem xét lại.",1
decision_B1_geum_df_wood,effect,"Phân tích này đúng ở một mức độ nào đó, nhưng vẫn có những lỗ hổng trong các chi tiết.",1
decision_B1_geum_df_wood,action,Kiểm tra các quyết định quan trọng một lần nữa trước khi đưa ra chúng.,1
decision_B1_geum_df_wood,state,"Quyết định có thể chậm chạp, nhưng ngày vẫn trôi qua mà không có bất kỳ biến động lớn nào, và năng lượng bình tĩnh của sự thay đổi chỉ làm rung chuyển dòng chảy bình thường một chút.",1
decision_B1_geum_ex_earth,intro,"Bạn có khả năng phán đoán trung bình, nhưng những quyết định phức tạp có thể cần phải xem xét lại.",1
decision_B1_geum_ex_earth,effect,"Phân tích này đúng ở một mức độ nào đó, nhưng vẫn có những lỗ hổng trong các chi tiết.",1
decision_B1_geum_ex_earth,action,Kiểm tra các quyết định quan trọng một lần nữa trước khi đưa ra chúng.,1
decision_B1_geum_ex_earth,state,"Phán quyết rất rõ ràng, nhưng nó kết thúc với một kết quả tầm thường, và năng lượng mây mù giúp duy trì một nhịp độ vừa phải.",1
decision_B1_geum_ex_fire,intro,"Bạn có khả năng phán đoán trung bình, nhưng những quyết định phức tạp có thể cần phải xem xét lại.",1
decision_B1_geum_ex_fire,effect,"Phân tích này đúng ở một mức độ nào đó, nhưng vẫn có những lỗ hổng trong các chi tiết.",1
decision_B1_geum_ex_fire,action,Kiểm tra các quyết định quan trọng một lần nữa trước khi đưa ra chúng.,1
decision_B1_geum_ex_fire,state,"Sự phán xét là rõ ràng, nhưng nó kết thúc bằng một kết quả bình thường, và nguồn năng lượng sáng rõ tiếp thêm sức sống bình yên và tiếp tục ngày thường.",1
decision_B1_geum_ex_water,intro,"Bạn có khả năng phán đoán trung bình, nhưng những quyết định phức tạp có thể cần phải xem xét lại.",1
decision_B1_geum_ex_water,effect,"Phân tích này đúng ở một mức độ nào đó, nhưng vẫn có những lỗ hổng trong các chi tiết.",1
decision_B1_geum_ex_water,action,Kiểm tra các quyết định quan trọng một lần nữa trước khi đưa ra chúng.,1
decision_B1_geum_ex_water,state,"Phán đoán rõ ràng nhưng kết thúc bằng một kết quả đơn giản, nguồn năng lượng mềm mại làm tăng suy nghĩ nhưng không gây ra nhiều kích động.",1
decision_B1_geum_ex_wood,intro,"Bạn có khả năng phán đoán trung bình, nhưng những quyết định phức tạp có thể cần phải xem xét lại.",1
decision_B1_geum_ex_wood,effect,"Phân tích này đúng ở một mức độ nào đó, nhưng vẫn có những lỗ hổng trong các chi tiết.",1
decision_B1_geum_ex_wood,action,Kiểm tra các quyết định quan trọng một lần nữa trước khi đưa ra chúng.,1
decision_B1_geum_ex_wood,state,"Sự phán xét là rõ ràng, nhưng nó kết thúc với một kết quả tầm thường, và năng lượng bình tĩnh của sự thay đổi chỉ làm rung chuyển dòng chảy bình thường một chút.",1
decision_B1_hwa_df_earth,intro,Vì trực giác không còn sống động nên có thể xảy ra sai sót trong phán đoán giác quan.,1
decision_B1_hwa_df_earth,effect,"Cảm giác trở nên u ám, để lại sự không chắc chắn trong các quyết định.",1
decision_B1_hwa_df_earth,action,"Đừng chỉ tin vào trực giác của mình, hãy cùng nhau kiểm tra thông tin cụ thể.",1
decision_B1_hwa_df_earth,state,Mặc dù có rất ít biểu hiện nhưng mối quan hệ không bị lung lay nhiều và nguồn năng lượng trầm giúp duy trì nhịp độ dễ dàng.,1
decision_B1_hwa_df_fire,intro,Vì trực giác không còn sống động nên có thể xảy ra sai sót trong phán đoán giác quan.,1
decision_B1_hwa_df_fire,effect,"Cảm giác trở nên u ám, để lại sự không chắc chắn trong các quyết định.",1
decision_B1_hwa_df_fire,action,"Đừng chỉ tin vào trực giác của mình, hãy cùng nhau kiểm tra thông tin cụ thể.",1
decision_B1_hwa_df_fire,state,"Tuy có ít biểu hiện nhưng mối quan hệ không bị lung lay nhiều, nguồn nguồn năng lượng sáng rõ tiếp thêm sức sống êm đềm và tiếp tục một ngày bình thường.",1
decision_B1_hwa_df_water,intro,Vì trực giác không còn sống động nên có thể xảy ra sai sót trong phán đoán giác quan.,1
decision_B1_hwa_df_water,effect,"Cảm giác trở nên u ám, để lại sự không chắc chắn trong các quyết định.",1
decision_B1_hwa_df_water,action,"Đừng chỉ tin vào trực giác của mình, hãy cùng nhau kiểm tra thông tin cụ thể.",1
decision_B1_hwa_df_water,state,"Tuy rằng biểu hiện ít, nhưng quan hệ cũng không có rung chuyển quá lớn, nguồn năng lượng mềm mại làm tăng thêm suy nghĩ, nhưng lại không gây ra bao nhiêu kích động.",1
decision_B1_hwa_df_wood,intro,Vì trực giác không còn sống động nên có thể xảy ra sai sót trong phán đoán giác quan.,1
decision_B1_hwa_df_wood,effect,"Cảm giác trở nên u ám, để lại sự không chắc chắn trong các quyết định.",1
decision_B1_hwa_df_wood,action,"Đừng chỉ tin vào trực giác của mình, hãy cùng nhau kiểm tra thông tin cụ thể.",1
decision_B1_hwa_df_wood,state,"Mặc dù có rất ít biểu hiện, nhưng mối quan hệ không bị lung lay nhiều, và năng lượng bình tĩnh của sự thay đổi chỉ đủ để rung chuyển nhẹ dòng chảy bình thường.",1
decision_B1_hwa_ex_earth,intro,Vì trực giác không còn sống động nên có thể xảy ra sai sót trong phán đoán giác quan.,1
decision_B1_hwa_ex_earth,effect,"Cảm giác trở nên u ám, để lại sự không chắc chắn trong các quyết định.",1
decision_B1_hwa_ex_earth,action,"Đừng chỉ tin vào trực giác của mình, hãy cùng nhau kiểm tra thông tin cụ thể.",1
decision_B1_hwa_ex_earth,state,Nhiệt độ vừa phải tạo nên một ngày suôn sẻ và nguồn năng lượng trầm giúp bạn duy trì nhịp độ ổn định.,1
decision_B1_hwa_ex_fire,intro,Vì trực giác không còn sống động nên có thể xảy ra sai sót trong phán đoán giác quan.,1
decision_B1_hwa_ex_fire,effect,"Cảm giác trở nên u ám, để lại sự không chắc chắn trong các quyết định.",1
decision_B1_hwa_ex_fire,action,"Đừng chỉ tin vào trực giác của mình, hãy cùng nhau kiểm tra thông tin cụ thể.",1
decision_B1_hwa_ex_fire,state,"Nhiệt độ vừa phải tạo ra một ngày êm dịu, và nguồn năng lượng sáng rõ tiếp thêm sức sống êm đềm và tiếp tục một ngày bình thường.",1
decision_B1_hwa_ex_water,intro,Vì trực giác không còn sống động nên có thể xảy ra sai sót trong phán đoán giác quan.,1
decision_B1_hwa_ex_water,effect,"Cảm giác trở nên u ám, để lại sự không chắc chắn trong các quyết định.",1
decision_B1_hwa_ex_water,action,"Đừng chỉ tin vào trực giác của mình, hãy cùng nhau kiểm tra thông tin cụ thể.",1
decision_B1_hwa_ex_water,state,"Nhiệt độ vừa phải tạo nên một ngày êm ả, nguồn năng lượng mềm mại làm tăng suy nghĩ của bạn nhưng không gây ra nhiều kích động.",1
decision_B1_hwa_ex_wood,intro,Vì trực giác không còn sống động nên có thể xảy ra sai sót trong phán đoán giác quan.,1
decision_B1_hwa_ex_wood,effect,"Cảm giác trở nên u ám, để lại sự không chắc chắn trong các quyết định.",1
decision_B1_hwa_ex_wood,action,"Đừng chỉ tin vào trực giác của mình, hãy cùng nhau kiểm tra thông tin cụ thể.",1
decision_B1_hwa_ex_wood,state,Nhiệt độ vừa phải khiến một ngày trở nên êm ả và năng lượng bình tĩnh của sự thay đổi chỉ làm xáo trộn dòng chảy bình thường một chút.,1
decision_B1_mok_df_earth,intro,"Khả năng phán đoán của bạn có thể bị thu hẹp phần nào, khiến bạn khó xem xét đầy đủ các lựa chọn của mình.",1
decision_B1_mok_df_earth,effect,Vì tầm nhìn của bạn bị hạn chế nên bạn có thể bỏ lỡ những lựa chọn tốt hơn.,1
decision_B1_mok_df_earth,action,Tích cực thu thập ý kiến và thông tin bổ sung từ những người xung quanh trước khi đưa ra phán quyết.,1
decision_B1_mok_df_earth,state,"Nó vẫn quen thuộc hơn mới, nhưng dòng chảy không bị gián đoạn và nguồn năng lượng trầm giúp bạn duy trì nhịp độ dễ dàng.",1
decision_B1_mok_df_fire,intro,"Khả năng phán đoán của bạn có thể bị thu hẹp phần nào, khiến bạn khó xem xét đầy đủ các lựa chọn của mình.",1
decision_B1_mok_df_fire,effect,Vì tầm nhìn của bạn bị hạn chế nên bạn có thể bỏ lỡ những lựa chọn tốt hơn.,1
decision_B1_mok_df_fire,action,Tích cực thu thập ý kiến và thông tin bổ sung từ những người xung quanh trước khi đưa ra phán quyết.,1
decision_B1_mok_df_fire,state,"Mặc dù vẫn quen thuộc chứ không phải mới mẻ, dòng chảy không bị gián đoạn và nguồn năng lượng sáng rõ tiếp thêm sức sống êm đềm và tiếp tục ngày thường.",1
decision_B1_mok_df_water,intro,"Khả năng phán đoán của bạn có thể bị thu hẹp phần nào, khiến bạn khó xem xét đầy đủ các lựa chọn của mình.",1
decision_B1_mok_df_water,effect,Vì tầm nhìn của bạn bị hạn chế nên bạn có thể bỏ lỡ những lựa chọn tốt hơn.,1
decision_B1_mok_df_water,action,Tích cực thu thập ý kiến và thông tin bổ sung từ những người xung quanh trước khi đưa ra phán quyết.,1
decision_B1_mok_df_water,state,"Tuy vẫn quen thuộc hơn là mới lạ, dòng chảy không gián đoạn và nguồn năng lượng mềm mại làm tăng suy nghĩ nhưng không gây nhiều kích động.",1
decision_B1_mok_df_wood,intro,"Khả năng phán đoán của bạn có thể bị thu hẹp phần nào, khiến bạn khó xem xét đầy đủ các lựa chọn của mình.",1
decision_B1_mok_df_wood,effect,Vì tầm nhìn của bạn bị hạn chế nên bạn có thể bỏ lỡ những lựa chọn tốt hơn.,1
decision_B1_mok_df_wood,action,Tích cực thu thập ý kiến và thông tin bổ sung từ những người xung quanh trước khi đưa ra phán quyết.,1
decision_B1_mok_df_wood,state,"Mặc dù vẫn quen thuộc hơn mới, dòng chảy không bị gián đoạn và năng lượng bình tĩnh của sự thay đổi chỉ làm rung chuyển dòng chảy bình thường một chút.",1
decision_B1_mok_ex_earth,intro,"Khả năng phán đoán của bạn có thể bị thu hẹp phần nào, khiến bạn khó xem xét đầy đủ các lựa chọn của mình.",1
decision_B1_mok_ex_earth,effect,Vì tầm nhìn của bạn bị hạn chế nên bạn có thể bỏ lỡ những lựa chọn tốt hơn.,1
decision_B1_mok_ex_earth,action,Tích cực thu thập ý kiến và thông tin bổ sung từ những người xung quanh trước khi đưa ra phán quyết.,1
decision_B1_mok_ex_earth,state,Bạn có động lực nhưng động lực của bạn vẫn ở mức tầm thường và nguồn năng lượng trầm giúp bạn duy trì nhịp độ vừa phải.,1
decision_B1_mok_ex_fire,intro,"Khả năng phán đoán của bạn có thể bị thu hẹp phần nào, khiến bạn khó xem xét đầy đủ các lựa chọn của mình.",1
decision_B1_mok_ex_fire,effect,Vì tầm nhìn của bạn bị hạn chế nên bạn có thể bỏ lỡ những lựa chọn tốt hơn.,1
decision_B1_mok_ex_fire,action,Tích cực thu thập ý kiến và thông tin bổ sung từ những người xung quanh trước khi đưa ra phán quyết.,1
decision_B1_mok_ex_fire,state,"Mặc dù bạn có động lực nhưng động lực của bạn vẫn ở mức trung bình, và nguồn năng lượng sáng rõ tiếp thêm sinh lực bình tĩnh và tiếp tục ngày thường nhật của bạn.",1
decision_B1_mok_ex_water,intro,"Khả năng phán đoán của bạn có thể bị thu hẹp phần nào, khiến bạn khó xem xét đầy đủ các lựa chọn của mình.",1
decision_B1_mok_ex_water,effect,Vì tầm nhìn của bạn bị hạn chế nên bạn có thể bỏ lỡ những lựa chọn tốt hơn.,1
decision_B1_mok_ex_water,action,Tích cực thu thập ý kiến và thông tin bổ sung từ những người xung quanh trước khi đưa ra phán quyết.,1
decision_B1_mok_ex_water,state,"Có động lực nhưng động lực vẫn ở mức bình thường, nguồn năng lượng mềm mại làm tăng suy nghĩ nhưng không gây ra nhiều kích động.",1
decision_B1_mok_ex_wood,intro,"Khả năng phán đoán của bạn có thể bị thu hẹp phần nào, khiến bạn khó xem xét đầy đủ các lựa chọn của mình.",1
decision_B1_mok_ex_wood,effect,Vì tầm nhìn của bạn bị hạn chế nên bạn có thể bỏ lỡ những lựa chọn tốt hơn.,1
decision_B1_mok_ex_wood,action,Tích cực thu thập ý kiến và thông tin bổ sung từ những người xung quanh trước khi đưa ra phán quyết.,1
decision_B1_mok_ex_wood,state,"Có động lực, nhưng động lực vẫn ở mức tầm thường, và năng lượng bình tĩnh của sự thay đổi chỉ đủ làm rung chuyển nhẹ dòng chảy bình thường.",1
decision_B1_su_df_earth,intro,Khả năng đọc diễn biến của bạn đã trở nên hơi chậm chạp nên bạn gặp khó khăn trong việc phán đoán thời gian.,1
decision_B1_su_df_earth,effect,Thời điểm đưa ra quyết định có thể hơi lệch và kết quả có thể ít hơn mong đợi.,1
decision_B1_su_df_earth,action,"Đừng vội đưa ra quyết định, hãy đợi cho đến khi tình hình trở nên rõ ràng.",1
decision_B1_su_df_earth,state,Mặc dù tính linh hoạt đã giảm đi nhưng dòng chảy không bị gián đoạn đáng kể và nguồn năng lượng trầm giúp duy trì nhịp độ vừa phải.,1
decision_B1_su_df_fire,intro,Khả năng đọc diễn biến của bạn đã trở nên hơi chậm chạp nên bạn gặp khó khăn trong việc phán đoán thời gian.,1
decision_B1_su_df_fire,effect,Thời điểm đưa ra quyết định có thể hơi lệch và kết quả có thể ít hơn mong đợi.,1
decision_B1_su_df_fire,action,"Đừng vội đưa ra quyết định, hãy đợi cho đến khi tình hình trở nên rõ ràng.",1
decision_B1_su_df_fire,state,"Mặc dù tính linh hoạt đã giảm đi nhưng dòng chảy không bị gián đoạn đáng kể, và nguồn năng lượng sáng rõ tiếp thêm sức sống êm đềm và tiếp tục một ngày bình thường.",1
decision_B1_su_df_water,intro,Khả năng đọc diễn biến của bạn đã trở nên hơi chậm chạp nên bạn gặp khó khăn trong việc phán đoán thời gian.,1
decision_B1_su_df_water,effect,Thời điểm đưa ra quyết định có thể hơi lệch và kết quả có thể ít hơn mong đợi.,1
decision_B1_su_df_water,action,"Đừng vội đưa ra quyết định, hãy đợi cho đến khi tình hình trở nên rõ ràng.",1
decision_B1_su_df_water,state,"Tính linh hoạt giảm đi, nhưng dòng chảy không bị gián đoạn nhiều, nguồn năng lượng mềm mại làm tăng suy nghĩ, nhưng không gây ra nhiều kích động.",1
decision_B1_su_df_wood,intro,Khả năng đọc diễn biến của bạn đã trở nên hơi chậm chạp nên bạn gặp khó khăn trong việc phán đoán thời gian.,1
decision_B1_su_df_wood,effect,Thời điểm đưa ra quyết định có thể hơi lệch và kết quả có thể ít hơn mong đợi.,1
decision_B1_su_df_wood,action,"Đừng vội đưa ra quyết định, hãy đợi cho đến khi tình hình trở nên rõ ràng.",1
decision_B1_su_df_wood,state,Mặc dù tính linh hoạt đã giảm đi nhưng dòng chảy không bị gián đoạn đáng kể và năng lượng tĩnh lặng của sự thay đổi chỉ làm rung chuyển dòng chảy bình thường một chút.,1
decision_B1_su_ex_earth,intro,Khả năng đọc diễn biến của bạn đã trở nên hơi chậm chạp nên bạn gặp khó khăn trong việc phán đoán thời gian.,1
decision_B1_su_ex_earth,effect,Thời điểm đưa ra quyết định có thể hơi lệch và kết quả có thể ít hơn mong đợi.,1
decision_B1_su_ex_earth,action,"Đừng vội đưa ra quyết định, hãy đợi cho đến khi tình hình trở nên rõ ràng.",1
decision_B1_su_ex_earth,state,"Mặc dù bạn có rất nhiều điều phải suy nghĩ nhưng ngày trôi qua không có nhiều xáo trộn, và nguồn năng lượng trầm giúp bạn duy trì nhịp độ ổn định.",1
decision_B1_su_ex_fire,intro,Khả năng đọc diễn biến của bạn đã trở nên hơi chậm chạp nên bạn gặp khó khăn trong việc phán đoán thời gian.,1
decision_B1_su_ex_fire,effect,Thời điểm đưa ra quyết định có thể hơi lệch và kết quả có thể ít hơn mong đợi.,1
decision_B1_su_ex_fire,action,"Đừng vội đưa ra quyết định, hãy đợi cho đến khi tình hình trở nên rõ ràng.",1
decision_B1_su_ex_fire,state,"Mặc dù bạn có rất nhiều suy nghĩ, nhưng một ngày trôi qua không có nhiều xáo trộn, và nguồn năng lượng sáng rõ tiếp thêm sức sống bình yên và tiếp tục một ngày bình thường.",1
decision_B1_su_ex_water,intro,Khả năng đọc diễn biến của bạn đã trở nên hơi chậm chạp nên bạn gặp khó khăn trong việc phán đoán thời gian.,1
decision_B1_su_ex_water,effect,Thời điểm đưa ra quyết định có thể hơi lệch và kết quả có thể ít hơn mong đợi.,1
decision_B1_su_ex_water,action,"Đừng vội đưa ra quyết định, hãy đợi cho đến khi tình hình trở nên rõ ràng.",1
decision_B1_su_ex_water,state,"Ngay cả khi bạn có nhiều tư tưởng, một ngày trôi qua không có nhiều trạo cử, và nguồn năng lượng mềm mại làm tăng trưởng tư tưởng của bạn nhưng không gây ra trạo cử nhiều.",1
decision_B1_su_ex_wood,intro,Khả năng đọc diễn biến của bạn đã trở nên hơi chậm chạp nên bạn gặp khó khăn trong việc phán đoán thời gian.,1
decision_B1_su_ex_wood,effect,Thời điểm đưa ra quyết định có thể hơi lệch và kết quả có thể ít hơn mong đợi.,1
decision_B1_su_ex_wood,action,"Đừng vội đưa ra quyết định, hãy đợi cho đến khi tình hình trở nên rõ ràng.",1
decision_B1_su_ex_wood,state,"Mặc dù bạn có rất nhiều suy nghĩ, nhưng một ngày trôi qua không có nhiều xáo trộn, và năng lượng tĩnh lặng của sự thay đổi chỉ làm rung chuyển dòng chảy bình thường một chút.",1
decision_B1_to_df_earth,intro,Sự ổn định của phán đoán được duy trì ở mức trung bình nhưng có thể có những biến động.,1
decision_B1_to_df_earth,effect,"Sự cân bằng có thể hơi sai lệch, dẫn đến sai lầm trong những quyết định quan trọng.",1
decision_B1_to_df_earth,action,Hãy xem xét mọi việc cẩn thận hơn bình thường và đưa ra quyết định không vội vàng.,1
decision_B1_to_df_earth,state,Mặc dù có đôi chút rung chuyển nhưng cuộc sống hàng ngày vẫn trôi qua êm đềm và nguồn năng lượng trầm giúp bạn duy trì nhịp độ ổn định.,1
decision_B1_to_df_fire,intro,Sự ổn định của phán đoán được duy trì ở mức trung bình nhưng có thể có những biến động.,1
decision_B1_to_df_fire,effect,"Sự cân bằng có thể hơi sai lệch, dẫn đến sai lầm trong những quyết định quan trọng.",1
decision_B1_to_df_fire,action,Hãy xem xét mọi việc cẩn thận hơn bình thường và đưa ra quyết định không vội vàng.,1
decision_B1_to_df_fire,state,"Mặc dù có đôi chút rung động, cuộc sống hàng ngày vẫn trôi chảy êm đềm, nguồn năng lượng sáng rõ tiếp thêm sức sống êm đềm và tiếp tục một ngày bình thường.",1
decision_B1_to_df_water,intro,Sự ổn định của phán đoán được duy trì ở mức trung bình nhưng có thể có những biến động.,1
decision_B1_to_df_water,effect,"Sự cân bằng có thể hơi sai lệch, dẫn đến sai lầm trong những quyết định quan trọng.",1
decision_B1_to_df_water,action,Hãy xem xét mọi việc cẩn thận hơn bình thường và đưa ra quyết định không vội vàng.,1
decision_B1_to_df_water,state,"Mặc dù có rung chuyển, cuộc sống hàng ngày trôi chảy, nguồn năng lượng mềm mại làm tăng suy nghĩ, nhưng không gây ra nhiều kích động.",1
decision_B1_to_df_wood,intro,Sự ổn định của phán đoán được duy trì ở mức trung bình nhưng có thể có những biến động.,1
decision_B1_to_df_wood,effect,"Sự cân bằng có thể hơi sai lệch, dẫn đến sai lầm trong những quyết định quan trọng.",1
decision_B1_to_df_wood,action,Hãy xem xét mọi việc cẩn thận hơn bình thường và đưa ra quyết định không vội vàng.,1
decision_B1_to_df_wood,state,"Dù có những biến động nhưng cuộc sống hàng ngày vẫn trôi chảy êm đềm, năng lượng tĩnh lặng của sự thay đổi chỉ làm rung chuyển dòng chảy bình thường một chút.",1
decision_B1_to_ex_earth,intro,Sự ổn định của phán đoán được duy trì ở mức trung bình nhưng có thể có những biến động.,1
decision_B1_to_ex_earth,effect,"Sự cân bằng có thể hơi sai lệch, dẫn đến sai lầm trong những quyết định quan trọng.",1
decision_B1_to_ex_earth,action,Hãy xem xét mọi việc cẩn thận hơn bình thường và đưa ra quyết định không vội vàng.,1
decision_B1_to_ex_earth,state,"Chọn sự quen thuộc thay vì thay đổi sẽ dẫn đến một ngày dễ dàng, và nguồn năng lượng trầm giúp bạn duy trì nhịp độ ổn định.",1
decision_B1_to_ex_fire,intro,Sự ổn định của phán đoán được duy trì ở mức trung bình nhưng có thể có những biến động.,1
decision_B1_to_ex_fire,effect,"Sự cân bằng có thể hơi sai lệch, dẫn đến sai lầm trong những quyết định quan trọng.",1
decision_B1_to_ex_fire,action,Hãy xem xét mọi việc cẩn thận hơn bình thường và đưa ra quyết định không vội vàng.,1
decision_B1_to_ex_fire,state,"Chọn sự quen thuộc thay vì thay đổi sẽ dẫn đến một ngày bình thường, và nguồn năng lượng sáng rõ sẽ tiếp thêm sức sống bình yên cho ngày bình thường.",1
decision_B1_to_ex_water,intro,Sự ổn định của phán đoán được duy trì ở mức trung bình nhưng có thể có những biến động.,1
decision_B1_to_ex_water,effect,"Sự cân bằng có thể hơi sai lệch, dẫn đến sai lầm trong những quyết định quan trọng.",1
decision_B1_to_ex_water,action,Hãy xem xét mọi việc cẩn thận hơn bình thường và đưa ra quyết định không vội vàng.,1
decision_B1_to_ex_water,state,"Lựa chọn sự quen thuộc thay vì thay đổi sẽ dẫn đến một ngày bình thường, nguồn năng lượng mềm mại làm tăng suy nghĩ nhưng không gây ra nhiều xao động.",1
decision_B1_to_ex_wood,intro,Sự ổn định của phán đoán được duy trì ở mức trung bình nhưng có thể có những biến động.,1
decision_B1_to_ex_wood,effect,"Sự cân bằng có thể hơi sai lệch, dẫn đến sai lầm trong những quyết định quan trọng.",1
decision_B1_to_ex_wood,action,Hãy xem xét mọi việc cẩn thận hơn bình thường và đưa ra quyết định không vội vàng.,1
decision_B1_to_ex_wood,state,Chọn sự quen thuộc thay vì thay đổi sẽ dẫn đến một ngày bình thường và năng lượng bình tĩnh của sự thay đổi chỉ làm rung chuyển dòng chảy bình thường một chút.,1
decision_C,intro,"Khả năng phán đoán của bạn có thể bị suy giảm phần nào trong ngày hôm nay, vì vậy việc trì hoãn các quyết định quan trọng là điều an toàn.",1
decision_C,intro,"Hôm nay, năng lượng quyết định của bạn khá yếu, nên tham khảo ý kiến người khác sẽ tốt hơn là tự mình phán đoán.",1
decision_C,effect,"Lựa chọn bạn đưa ra ngày hôm nay có thể sẽ khiến bạn phải hối hận về sau, vì vậy bạn cần tiếp cận nó một cách thận trọng nhất có thể.",1
decision_C,effect,"Việc thiếu thông tin hoặc cảm xúc có thể che mờ khả năng phán đoán của bạn, vì vậy tốt nhất bạn nên dành thời gian và xem xét lại.",1
decision_C,action,"Nếu chỉ ghi lại những điểm chính trước khi đưa ra quyết định, bạn có thể sắp xếp đầu óc và giảm thiểu sai lầm.",1
decision_C,action,Sẽ an toàn hơn nếu bạn xem lại các kết luận được đưa ra hôm nay vào ngày mai và áp dụng chúng vào hành động.,1
decision_C_geum_df_earth,intro,Đây là ngày mà khả năng phán đoán bị suy giảm và những sai lầm có thể xảy ra trong những quyết định phức tạp.,1
decision_C_geum_df_earth,effect,Độ chính xác của phân tích có thể giảm và dẫn đến kết luận không chính xác.,1
decision_C_geum_df_earth,action,Tránh đưa ra những quyết định quan trọng ngày hôm nay và thảo luận chúng với người mà bạn tin tưởng.,1
decision_C_geum_df_earth,state,"Khi quyết tâm của bạn yếu đi, bạn rất dễ trì hoãn những lựa chọn quan trọng và nguồn năng lượng trầm có thể làm bạn chậm lại và khiến suy nghĩ của bạn trở nên nặng nề.",1
decision_C_geum_df_fire,intro,Đây là ngày mà khả năng phán đoán bị suy giảm và những sai lầm có thể xảy ra trong những quyết định phức tạp.,1
decision_C_geum_df_fire,effect,Độ chính xác của phân tích có thể giảm và dẫn đến kết luận không chính xác.,1
decision_C_geum_df_fire,action,Tránh đưa ra những quyết định quan trọng ngày hôm nay và thảo luận chúng với người mà bạn tin tưởng.,1
decision_C_geum_df_fire,state,"Khi quyết tâm của bạn yếu đi, bạn rất dễ trì hoãn những lựa chọn quan trọng và năng lượng rõ ràng của bạn có thể chảy vào bầu không khí phấn khích, điều này có thể làm lu mờ sự thận trọng của bạn.",1
decision_C_geum_df_water,intro,Đây là ngày mà khả năng phán đoán bị suy giảm và những sai lầm có thể xảy ra trong những quyết định phức tạp.,1
decision_C_geum_df_water,effect,Độ chính xác của phân tích có thể giảm và dẫn đến kết luận không chính xác.,1
decision_C_geum_df_water,action,Tránh đưa ra những quyết định quan trọng ngày hôm nay và thảo luận chúng với người mà bạn tin tưởng.,1
decision_C_geum_df_water,state,"Bạn rất dễ trì hoãn những lựa chọn quan trọng khi quyết tâm của bạn trở nên yếu kém và năng lượng của mưa tuyết có thể kích thích cảm xúc và nội tâm của bạn, điều này có thể có tác động lớn hơn.",1
decision_C_geum_df_wood,intro,Đây là ngày mà khả năng phán đoán bị suy giảm và những sai lầm có thể xảy ra trong những quyết định phức tạp.,1
decision_C_geum_df_wood,effect,Độ chính xác của phân tích có thể giảm và dẫn đến kết luận không chính xác.,1
decision_C_geum_df_wood,action,Tránh đưa ra những quyết định quan trọng ngày hôm nay và thảo luận chúng với người mà bạn tin tưởng.,1
decision_C_geum_df_wood,state,"Khi quyết tâm của bạn yếu đi, bạn rất dễ trì hoãn những lựa chọn quan trọng và năng lượng mạnh mẽ của sự thay đổi có thể làm rung chuyển nhịp điệu của bạn và dẫn đến những biến động không mong muốn.",1
decision_C_geum_ex_earth,intro,Đây là ngày mà khả năng phán đoán bị suy giảm và những sai lầm có thể xảy ra trong những quyết định phức tạp.,1
decision_C_geum_ex_earth,effect,Độ chính xác của phân tích có thể giảm và dẫn đến kết luận không chính xác.,1
decision_C_geum_ex_earth,action,Tránh đưa ra những quyết định quan trọng ngày hôm nay và thảo luận chúng với người mà bạn tin tưởng.,1
decision_C_geum_ex_earth,state,"Phán đoán quá sắc bén có thể khiến các mối quan hệ trở nên lạnh nhạt, và nguồn năng lượng trầm có thể làm chậm nhịp độ của bạn và khiến suy nghĩ của bạn trở nên nặng nề.",1
decision_C_geum_ex_fire,intro,Đây là ngày mà khả năng phán đoán bị suy giảm và những sai lầm có thể xảy ra trong những quyết định phức tạp.,1
decision_C_geum_ex_fire,effect,Độ chính xác của phân tích có thể giảm và dẫn đến kết luận không chính xác.,1
decision_C_geum_ex_fire,action,Tránh đưa ra những quyết định quan trọng ngày hôm nay và thảo luận chúng với người mà bạn tin tưởng.,1
decision_C_geum_ex_fire,state,"Sự phán xét sắc bén quá mức có thể khiến các mối quan hệ trở nên lạnh nhạt và năng lượng rõ ràng có thể chảy vào bầu không khí phấn khích, điều này có thể che mờ sự thận trọng.",1
decision_C_geum_ex_water,intro,Đây là ngày mà khả năng phán đoán bị suy giảm và những sai lầm có thể xảy ra trong những quyết định phức tạp.,1
decision_C_geum_ex_water,effect,Độ chính xác của phân tích có thể giảm và dẫn đến kết luận không chính xác.,1
decision_C_geum_ex_water,action,Tránh đưa ra những quyết định quan trọng ngày hôm nay và thảo luận chúng với người mà bạn tin tưởng.,1
decision_C_geum_ex_water,state,"Phán đoán quá sắc bén có thể khiến các mối quan hệ trở nên lạnh nhạt, năng lượng của mưa tuyết có thể kích thích cảm xúc và nội tâm, có thể gây tác động lớn hơn.",1
decision_C_geum_ex_wood,intro,Đây là ngày mà khả năng phán đoán bị suy giảm và những sai lầm có thể xảy ra trong những quyết định phức tạp.,1
decision_C_geum_ex_wood,effect,Độ chính xác của phân tích có thể giảm và dẫn đến kết luận không chính xác.,1
decision_C_geum_ex_wood,action,Tránh đưa ra những quyết định quan trọng ngày hôm nay và thảo luận chúng với người mà bạn tin tưởng.,1
decision_C_geum_ex_wood,state,Sự phán xét quá sắc bén có thể khiến các mối quan hệ trở nên lạnh nhạt và năng lượng mạnh mẽ của sự thay đổi có thể làm xáo trộn nhịp điệu và dẫn đến những biến đổi không mong muốn.,1
decision_C_hwa_df_earth,intro,Đó là ngày mà trực giác trở nên mờ nhạt và khó có thể tin tưởng vào phán đoán giác quan.,1
decision_C_hwa_df_earth,effect,"Nếu cảm xúc của bạn trái ngược với thực tế, quyết định của bạn có thể dẫn đến sự hối tiếc.",1
decision_C_hwa_df_earth,action,Đưa ra quyết định cẩn thận dựa trên sự thật khách quan hơn là cảm xúc.,1
decision_C_hwa_df_earth,state,"Rất dễ xảy ra hiểu lầm do khó thể hiện bản thân, năng lượng vẩn đục có thể khiến bạn chậm lại và khiến suy nghĩ trở nên nặng nề.",1
decision_C_hwa_df_fire,intro,Đó là ngày mà trực giác trở nên mờ nhạt và khó có thể tin tưởng vào phán đoán giác quan.,1
decision_C_hwa_df_fire,effect,"Nếu cảm xúc của bạn trái ngược với thực tế, quyết định của bạn có thể dẫn đến sự hối tiếc.",1
decision_C_hwa_df_fire,action,Đưa ra quyết định cẩn thận dựa trên sự thật khách quan hơn là cảm xúc.,1
decision_C_hwa_df_fire,state,"Dễ xảy ra hiểu lầm vì cách diễn đạt khó hiểu, nguồn năng lượng sáng rõ có thể chảy vào bầu không khí phấn khích và khiến sự thận trọng trở nên lu mờ.",1
decision_C_hwa_df_water,intro,Đó là ngày mà trực giác trở nên mờ nhạt và khó có thể tin tưởng vào phán đoán giác quan.,1
decision_C_hwa_df_water,effect,"Nếu cảm xúc của bạn trái ngược với thực tế, quyết định của bạn có thể dẫn đến sự hối tiếc.",1
decision_C_hwa_df_water,action,Đưa ra quyết định cẩn thận dựa trên sự thật khách quan hơn là cảm xúc.,1
decision_C_hwa_df_water,state,"Dễ xảy ra hiểu lầm vì cách diễn đạt khó hiểu, năng lượng của mưa tuyết có thể kích thích cảm xúc, nội tâm, có thể gây tác động lớn hơn.",1
decision_C_hwa_df_wood,intro,Đó là ngày mà trực giác trở nên mờ nhạt và khó có thể tin tưởng vào phán đoán giác quan.,1
decision_C_hwa_df_wood,effect,"Nếu cảm xúc của bạn trái ngược với thực tế, quyết định của bạn có thể dẫn đến sự hối tiếc.",1
decision_C_hwa_df_wood,action,Đưa ra quyết định cẩn thận dựa trên sự thật khách quan hơn là cảm xúc.,1
decision_C_hwa_df_wood,state,"Những hiểu lầm dễ xảy ra do cách diễn đạt khó, năng lượng thay đổi mạnh mẽ có thể làm rung chuyển nhịp điệu và dẫn đến những biến chuyển không mong muốn.",1
decision_C_hwa_ex_earth,intro,Đó là ngày mà trực giác trở nên mờ nhạt và khó có thể tin tưởng vào phán đoán giác quan.,1
decision_C_hwa_ex_earth,effect,"Nếu cảm xúc của bạn trái ngược với thực tế, quyết định của bạn có thể dẫn đến sự hối tiếc.",1
decision_C_hwa_ex_earth,action,Đưa ra quyết định cẩn thận dựa trên sự thật khách quan hơn là cảm xúc.,1
decision_C_hwa_ex_earth,state,Cảm xúc rất dễ xung đột và nguồn năng lượng trầm có thể làm bạn chậm lại và khiến suy nghĩ của bạn trở nên nặng nề.,1
decision_C_hwa_ex_fire,intro,Đó là ngày mà trực giác trở nên mờ nhạt và khó có thể tin tưởng vào phán đoán giác quan.,1
decision_C_hwa_ex_fire,effect,"Nếu cảm xúc của bạn trái ngược với thực tế, quyết định của bạn có thể dẫn đến sự hối tiếc.",1
decision_C_hwa_ex_fire,action,Đưa ra quyết định cẩn thận dựa trên sự thật khách quan hơn là cảm xúc.,1
decision_C_hwa_ex_fire,state,"Cảm xúc rất dễ xung đột, nguồn năng lượng sáng rõ có thể chảy vào bầu không khí phấn khích, khiến sự thận trọng trở nên lu mờ.",1
decision_C_hwa_ex_water,intro,Đó là ngày mà trực giác trở nên mờ nhạt và khó có thể tin tưởng vào phán đoán giác quan.,1
decision_C_hwa_ex_water,effect,"Nếu cảm xúc của bạn trái ngược với thực tế, quyết định của bạn có thể dẫn đến sự hối tiếc.",1
decision_C_hwa_ex_water,action,Đưa ra quyết định cẩn thận dựa trên sự thật khách quan hơn là cảm xúc.,1
decision_C_hwa_ex_water,state,"Cảm xúc rất dễ xảy ra xung đột, năng lượng của mưa tuyết có thể kích thích cảm xúc và nội tâm, có thể làm tăng tác động.",1
decision_C_hwa_ex_wood,intro,Đó là ngày mà trực giác trở nên mờ nhạt và khó có thể tin tưởng vào phán đoán giác quan.,1
decision_C_hwa_ex_wood,effect,"Nếu cảm xúc của bạn trái ngược với thực tế, quyết định của bạn có thể dẫn đến sự hối tiếc.",1
decision_C_hwa_ex_wood,action,Đưa ra quyết định cẩn thận dựa trên sự thật khách quan hơn là cảm xúc.,1
decision_C_hwa_ex_wood,state,Cảm xúc rất dễ xung đột và năng lượng mạnh mẽ của sự thay đổi có thể làm xáo trộn nhịp điệu và dẫn đến những biến đổi bất ngờ.,1
decision_C_mok_df_earth,intro,"Đây là ngày mà khả năng phán đoán linh hoạt của bạn giảm sút, khiến bạn khó thích nghi với những tình huống mới.",1
decision_C_mok_df_earth,effect,Một quan điểm cố định che khuất những lựa chọn tốt hơn và khiến bạn bỏ lỡ cơ hội.,1
decision_C_mok_df_earth,action,Cần có nỗ lực để phá vỡ khuôn mẫu và cởi mở với những quan điểm đa dạng.,1
decision_C_mok_df_earth,state,Sự do dự trong việc thử những điều mới có thể làm chậm tiến độ và nguồn năng lượng trầm có thể làm chậm tốc độ của bạn và khiến suy nghĩ của bạn trở nên nặng nề.,1
decision_C_mok_df_fire,intro,"Đây là ngày mà khả năng phán đoán linh hoạt của bạn giảm sút, khiến bạn khó thích nghi với những tình huống mới.",1
decision_C_mok_df_fire,effect,Một quan điểm cố định che khuất những lựa chọn tốt hơn và khiến bạn bỏ lỡ cơ hội.,1
decision_C_mok_df_fire,action,Cần có nỗ lực để phá vỡ khuôn mẫu và cởi mở với những quan điểm đa dạng.,1
decision_C_mok_df_fire,state,"Sự do dự trong việc thử những điều mới có thể làm chậm tiến độ và năng lượng rõ ràng có thể dẫn đến bầu không khí phấn khích, có thể làm lu mờ sự thận trọng.",1
decision_C_mok_df_water,intro,"Đây là ngày mà khả năng phán đoán linh hoạt của bạn giảm sút, khiến bạn khó thích nghi với những tình huống mới.",1
decision_C_mok_df_water,effect,Một quan điểm cố định che khuất những lựa chọn tốt hơn và khiến bạn bỏ lỡ cơ hội.,1
decision_C_mok_df_water,action,Cần có nỗ lực để phá vỡ khuôn mẫu và cởi mở với những quan điểm đa dạng.,1
decision_C_mok_df_water,state,"Sự do dự trong việc thử những điều mới có thể làm chậm tiến độ và năng lượng của mưa và tuyết có thể kích thích cảm xúc và nội tâm của bạn, điều này có thể làm tăng tác động.",1
decision_C_mok_df_wood,intro,"Đây là ngày mà khả năng phán đoán linh hoạt của bạn giảm sút, khiến bạn khó thích nghi với những tình huống mới.",1
decision_C_mok_df_wood,effect,Một quan điểm cố định che khuất những lựa chọn tốt hơn và khiến bạn bỏ lỡ cơ hội.,1
decision_C_mok_df_wood,action,Cần có nỗ lực để phá vỡ khuôn mẫu và cởi mở với những quan điểm đa dạng.,1
decision_C_mok_df_wood,state,Sự do dự trong việc thử những điều mới có thể làm chậm tiến độ và năng lượng mạnh mẽ của sự thay đổi có thể làm xáo trộn nhịp độ và dẫn đến những biến đổi không mong muốn.,1
decision_C_mok_ex_earth,intro,"Đây là ngày mà khả năng phán đoán linh hoạt của bạn giảm sút, khiến bạn khó thích nghi với những tình huống mới.",1
decision_C_mok_ex_earth,effect,Một quan điểm cố định che khuất những lựa chọn tốt hơn và khiến bạn bỏ lỡ cơ hội.,1
decision_C_mok_ex_earth,action,Cần có nỗ lực để phá vỡ khuôn mẫu và cởi mở với những quan điểm đa dạng.,1
decision_C_mok_ex_earth,state,Động lực quá mức có thể khiến bạn làm việc quá sức và nguồn năng lượng trầm có thể làm bạn chậm lại và khiến suy nghĩ của bạn trở nên nặng nề.,1
decision_C_mok_ex_fire,intro,"Đây là ngày mà khả năng phán đoán linh hoạt của bạn giảm sút, khiến bạn khó thích nghi với những tình huống mới.",1
decision_C_mok_ex_fire,effect,Một quan điểm cố định che khuất những lựa chọn tốt hơn và khiến bạn bỏ lỡ cơ hội.,1
decision_C_mok_ex_fire,action,Cần có nỗ lực để phá vỡ khuôn mẫu và cởi mở với những quan điểm đa dạng.,1
decision_C_mok_ex_fire,state,"Nếu bạn quá có động lực, bạn có thể thúc đẩy bản thân làm mọi việc và nguồn năng lượng sáng rõ của bạn có thể chảy vào bầu không khí phấn khích, điều này có thể làm lu mờ sự thận trọng của bạn.",1
decision_C_mok_ex_water,intro,"Đây là ngày mà khả năng phán đoán linh hoạt của bạn giảm sút, khiến bạn khó thích nghi với những tình huống mới.",1
decision_C_mok_ex_water,effect,Một quan điểm cố định che khuất những lựa chọn tốt hơn và khiến bạn bỏ lỡ cơ hội.,1
decision_C_mok_ex_water,action,Cần có nỗ lực để phá vỡ khuôn mẫu và cởi mở với những quan điểm đa dạng.,1
decision_C_mok_ex_water,state,"Nếu có quá nhiều động lực, bạn có thể làm việc quá sức, năng lượng của mưa tuyết có thể kích thích cảm xúc và nội tâm của bạn, từ đó có thể làm tăng tác động.",1
decision_C_mok_ex_wood,intro,"Đây là ngày mà khả năng phán đoán linh hoạt của bạn giảm sút, khiến bạn khó thích nghi với những tình huống mới.",1
decision_C_mok_ex_wood,effect,Một quan điểm cố định che khuất những lựa chọn tốt hơn và khiến bạn bỏ lỡ cơ hội.,1
decision_C_mok_ex_wood,action,Cần có nỗ lực để phá vỡ khuôn mẫu và cởi mở với những quan điểm đa dạng.,1
decision_C_mok_ex_wood,state,"Động lực quá mức có thể dẫn đến làm việc quá sức, và năng lượng mạnh mẽ của sự thay đổi có thể làm xáo trộn nhịp điệu và dẫn đến những biến đổi không mong muốn.",1
decision_C_su_df_earth,intro,Đó là một ngày mà cảm giác trôi chảy của bạn trở nên buồn tẻ và bạn rất dễ bỏ lỡ thời điểm đưa ra quyết định.,1
decision_C_su_df_earth,effect,Một quyết định không đúng lúc sẽ tạo ra kết quả tồi tệ hơn mong đợi.,1
decision_C_su_df_earth,action,Trì hoãn một quyết định hoặc tham khảo ý kiến ​​của chuyên gia.,1
decision_C_su_df_earth,state,Bạn rất dễ mất dấu dòng chảy do thiếu linh hoạt và năng lượng vẩn đục có thể làm bạn chậm lại và khiến suy nghĩ của bạn trở nên nặng nề.,1
decision_C_su_df_fire,intro,Đó là một ngày mà cảm giác trôi chảy của bạn trở nên buồn tẻ và bạn rất dễ bỏ lỡ thời điểm đưa ra quyết định.,1
decision_C_su_df_fire,effect,Một quyết định không đúng lúc sẽ tạo ra kết quả tồi tệ hơn mong đợi.,1
decision_C_su_df_fire,action,Trì hoãn một quyết định hoặc tham khảo ý kiến ​​của chuyên gia.,1
decision_C_su_df_fire,state,"Do thiếu linh hoạt nên dễ bị lạc dòng, nguồn năng lượng sáng rõ có thể chảy vào bầu không khí phấn khích, có thể làm lu mờ sự thận trọng của bạn.",1
decision_C_su_df_water,intro,Đó là một ngày mà cảm giác trôi chảy của bạn trở nên buồn tẻ và bạn rất dễ bỏ lỡ thời điểm đưa ra quyết định.,1
decision_C_su_df_water,effect,Một quyết định không đúng lúc sẽ tạo ra kết quả tồi tệ hơn mong đợi.,1
decision_C_su_df_water,action,Trì hoãn một quyết định hoặc tham khảo ý kiến ​​của chuyên gia.,1
decision_C_su_df_water,state,"Do thiếu linh hoạt nên dễ bị lạc dòng, năng lượng của mưa tuyết có thể kích thích cảm xúc và nội tâm, có thể làm tăng tác động.",1
decision_C_su_df_wood,intro,Đó là một ngày mà cảm giác trôi chảy của bạn trở nên buồn tẻ và bạn rất dễ bỏ lỡ thời điểm đưa ra quyết định.,1
decision_C_su_df_wood,effect,Một quyết định không đúng lúc sẽ tạo ra kết quả tồi tệ hơn mong đợi.,1
decision_C_su_df_wood,action,Trì hoãn một quyết định hoặc tham khảo ý kiến ​​của chuyên gia.,1
decision_C_su_df_wood,state,"Do thiếu linh hoạt nên dễ bị lạc dòng, năng lượng thay đổi mạnh mẽ có thể làm rung chuyển nhịp điệu và dẫn đến những biến chuyển không mong muốn.",1
decision_C_su_ex_earth,intro,Đó là một ngày mà cảm giác trôi chảy của bạn trở nên buồn tẻ và bạn rất dễ bỏ lỡ thời điểm đưa ra quyết định.,1
decision_C_su_ex_earth,effect,Một quyết định không đúng lúc sẽ tạo ra kết quả tồi tệ hơn mong đợi.,1
decision_C_su_ex_earth,action,Trì hoãn một quyết định hoặc tham khảo ý kiến ​​của chuyên gia.,1
decision_C_su_ex_earth,state,"Khả năng phán đoán của bạn rất dễ bị che mờ bởi những cảm xúc dâng trào, năng lượng vẩn đục có thể làm bạn chậm lại và khiến suy nghĩ của bạn trở nên nặng nề.",1
decision_C_su_ex_fire,intro,Đó là một ngày mà cảm giác trôi chảy của bạn trở nên buồn tẻ và bạn rất dễ bỏ lỡ thời điểm đưa ra quyết định.,1
decision_C_su_ex_fire,effect,Một quyết định không đúng lúc sẽ tạo ra kết quả tồi tệ hơn mong đợi.,1
decision_C_su_ex_fire,action,Trì hoãn một quyết định hoặc tham khảo ý kiến ​​của chuyên gia.,1
decision_C_su_ex_fire,state,"Sự phán xét có thể dễ dàng bị che mờ bởi những cảm xúc dâng trào, và nguồn năng lượng sáng rõ có thể chảy vào một bầu không khí phấn khích, có thể che mờ sự thận trọng.",1
decision_C_su_ex_water,intro,Đó là một ngày mà cảm giác trôi chảy của bạn trở nên buồn tẻ và bạn rất dễ bỏ lỡ thời điểm đưa ra quyết định.,1
decision_C_su_ex_water,effect,Một quyết định không đúng lúc sẽ tạo ra kết quả tồi tệ hơn mong đợi.,1
decision_C_su_ex_water,action,Trì hoãn một quyết định hoặc tham khảo ý kiến ​​của chuyên gia.,1
decision_C_su_ex_water,state,"Khả năng phán đoán của bạn rất dễ bị lu mờ do cảm xúc dâng trào, năng lượng của mưa tuyết có thể kích thích cảm xúc và nội tâm của bạn, từ đó có thể làm tăng tác động.",1
decision_C_su_ex_wood,intro,Đó là một ngày mà cảm giác trôi chảy của bạn trở nên buồn tẻ và bạn rất dễ bỏ lỡ thời điểm đưa ra quyết định.,1
decision_C_su_ex_wood,effect,Một quyết định không đúng lúc sẽ tạo ra kết quả tồi tệ hơn mong đợi.,1
decision_C_su_ex_wood,action,Trì hoãn một quyết định hoặc tham khảo ý kiến ​​của chuyên gia.,1
decision_C_su_ex_wood,state,"Sự phán xét có thể dễ dàng bị che mờ bởi cảm xúc, và năng lượng mạnh mẽ của sự thay đổi có thể làm rung chuyển nhịp điệu và dẫn đến những biến đổi bất ngờ.",1
decision_C_to_df_earth,intro,Đó là ngày mà cảm giác ổn định của bạn bị lung lay và sự lo lắng tăng lên trong quá trình phán xét.,1
decision_C_to_df_earth,effect,Những quyết định được đưa ra trong lúc lo lắng có thể dẫn đến sai lầm.,1
decision_C_to_df_earth,action,Hãy bình tĩnh đầu óc và đưa ra quyết định trong trạng thái ổn định.,1
decision_C_to_df_earth,state,Bởi vì trung tâm của bạn bị rung chuyển nên bạn rất dễ bị ảnh hưởng bởi môi trường xung quanh và nguồn năng lượng trầm có thể làm bạn chậm lại và khiến suy nghĩ của bạn trở nên nặng nề.,1
decision_C_to_df_fire,intro,Đó là ngày mà cảm giác ổn định của bạn bị lung lay và sự lo lắng tăng lên trong quá trình phán xét.,1
decision_C_to_df_fire,effect,Những quyết định được đưa ra trong lúc lo lắng có thể dẫn đến sai lầm.,1
decision_C_to_df_fire,action,Hãy bình tĩnh đầu óc và đưa ra quyết định trong trạng thái ổn định.,1
decision_C_to_df_fire,state,"Bởi vì trung tâm của bạn bị rung chuyển nên rất dễ bị ảnh hưởng bởi những người xung quanh, và nguồn năng lượng sáng rõ của bạn có thể chảy vào một bầu không khí phấn khích, điều này có thể che mờ sự thận trọng của bạn.",1
decision_C_to_df_water,intro,Đó là ngày mà cảm giác ổn định của bạn bị lung lay và sự lo lắng tăng lên trong quá trình phán xét.,1
decision_C_to_df_water,effect,Những quyết định được đưa ra trong lúc lo lắng có thể dẫn đến sai lầm.,1
decision_C_to_df_water,action,Hãy bình tĩnh đầu óc và đưa ra quyết định trong trạng thái ổn định.,1
decision_C_to_df_water,state,"Vì trung tâm của bạn bị rung chuyển nên rất dễ bị ảnh hưởng bởi môi trường xung quanh, năng lượng của mưa tuyết có thể kích thích cảm xúc và nội tâm của bạn, từ đó có thể làm tăng tác động.",1
decision_C_to_df_wood,intro,Đó là ngày mà cảm giác ổn định của bạn bị lung lay và sự lo lắng tăng lên trong quá trình phán xét.,1
decision_C_to_df_wood,effect,Những quyết định được đưa ra trong lúc lo lắng có thể dẫn đến sai lầm.,1
decision_C_to_df_wood,action,Hãy bình tĩnh đầu óc và đưa ra quyết định trong trạng thái ổn định.,1
decision_C_to_df_wood,state,"Bởi vì trung tâm bị rung chuyển nên dễ bị ảnh hưởng bởi môi trường xung quanh, năng lượng thay đổi mạnh mẽ có thể làm rung chuyển nhịp điệu và dẫn đến những biến chuyển bất ngờ.",1
decision_C_to_ex_earth,intro,Đó là ngày mà cảm giác ổn định của bạn bị lung lay và sự lo lắng tăng lên trong quá trình phán xét.,1
decision_C_to_ex_earth,effect,Những quyết định được đưa ra trong lúc lo lắng có thể dẫn đến sai lầm.,1
decision_C_to_ex_earth,action,Hãy bình tĩnh đầu óc và đưa ra quyết định trong trạng thái ổn định.,1
decision_C_to_ex_earth,state,"Một tâm trí không chịu thay đổi có thể chặn đứng các cơ hội, và nguồn năng lượng trầm có thể làm chậm tốc độ của bạn và khiến suy nghĩ của bạn trở nên nặng nề.",1
decision_C_to_ex_fire,intro,Đó là ngày mà cảm giác ổn định của bạn bị lung lay và sự lo lắng tăng lên trong quá trình phán xét.,1
decision_C_to_ex_fire,effect,Những quyết định được đưa ra trong lúc lo lắng có thể dẫn đến sai lầm.,1
decision_C_to_ex_fire,action,Hãy bình tĩnh đầu óc và đưa ra quyết định trong trạng thái ổn định.,1
decision_C_to_ex_fire,state,"Một tâm trí không chịu thay đổi có thể chặn đứng các cơ hội, và năng lượng rõ ràng có thể chảy vào bầu không khí phấn khích, che mờ sự thận trọng.",1
decision_C_to_ex_water,intro,Đó là ngày mà cảm giác ổn định của bạn bị lung lay và sự lo lắng tăng lên trong quá trình phán xét.,1
decision_C_to_ex_water,effect,Những quyết định được đưa ra trong lúc lo lắng có thể dẫn đến sai lầm.,1
decision_C_to_ex_water,action,Hãy bình tĩnh đầu óc và đưa ra quyết định trong trạng thái ổn định.,1
decision_C_to_ex_water,state,"Một tâm trí không chịu thay đổi có thể chặn đứng các cơ hội, còn năng lượng của mưa tuyết có thể kích thích cảm xúc và nội tâm, có thể làm tăng tác động.",1
decision_C_to_ex_wood,intro,Đó là ngày mà cảm giác ổn định của bạn bị lung lay và sự lo lắng tăng lên trong quá trình phán xét.,1
decision_C_to_ex_wood,effect,Những quyết định được đưa ra trong lúc lo lắng có thể dẫn đến sai lầm.,1
decision_C_to_ex_wood,action,Hãy bình tĩnh đầu óc và đưa ra quyết định trong trạng thái ổn định.,1
decision_C_to_ex_wood,state,Việc từ chối thay đổi có thể cản trở các cơ hội và năng lượng mạnh mẽ của sự thay đổi có thể làm rung chuyển nhịp điệu và dẫn đến những biến đổi không mong muốn.,1
decision_C1,intro,Khả năng phán đoán của bạn hôm nay sẽ khá suy giảm nên tốt nhất bạn nên trì hoãn những quyết định quan trọng càng nhiều càng tốt.,1
decision_C1,intro,"Năng lượng để đưa ra quyết định ngày hôm nay rất yếu, vì vậy sẽ an toàn nếu bạn không quá tin tưởng vào phán đoán của bản thân.",1
decision_C1,effect,"Có khả năng cao là một quyết định được đưa ra ngày hôm nay sẽ dẫn đến sự hối tiếc, vì vậy tốt hơn hết bạn nên tích cực cân nhắc việc tạm dừng nó lại.",1
decision_C1,effect,Vì cảm xúc hoặc kích thích bên ngoài có thể làm sai lệch phán đoán nên tốt hơn hết bạn nên thu thập thông tin trước.,1
decision_C1,action,"Hôm nay, hãy dành thời gian thu thập và sắp xếp các lựa chọn thay vì đưa ra quyết định.",1
decision_C1,action,"Hãy lấy ý kiến của người bạn tin tưởng trước, sau đó để ngày mai đưa ra quyết định cuối cùng.",1
decision_C1_geum_df_earth,intro,Khả năng phán đoán của bạn sẽ bị suy giảm rất nhiều và bạn sẽ cần phải hết sức cẩn thận với những quyết định của mình ngày hôm nay.,1
decision_C1_geum_df_earth,effect,Khả năng phân tích giảm sút có thể dẫn tới những đánh giá sai lầm trong những quyết định quan trọng.,1
decision_C1_geum_df_earth,action,Đừng đưa ra quyết định quan trọng ngày hôm nay; hãy trì hoãn chúng càng lâu càng tốt.,1
decision_C1_geum_df_earth,state,"Do thiếu quyết tâm nên dễ tích tụ những lựa chọn thiếu quyết đoán, năng lượng vẩn đục có thể làm giảm động lực và khả năng phán đoán của đám mây.",1
decision_C1_geum_df_fire,intro,Khả năng phán đoán của bạn sẽ bị suy giảm rất nhiều và bạn sẽ cần phải hết sức cẩn thận với những quyết định của mình ngày hôm nay.,1
decision_C1_geum_df_fire,effect,Khả năng phân tích giảm sút có thể dẫn tới những đánh giá sai lầm trong những quyết định quan trọng.,1
decision_C1_geum_df_fire,action,Đừng đưa ra quyết định quan trọng ngày hôm nay; hãy trì hoãn chúng càng lâu càng tốt.,1
decision_C1_geum_df_fire,state,"Vì thiếu quyết tâm nên dễ đưa ra những lựa chọn thiếu quyết đoán, Dương hưng phấn có thể làm mất bình tĩnh và dẫn đến những sai lầm nhỏ.",1
decision_C1_geum_df_water,intro,Khả năng phán đoán của bạn sẽ bị suy giảm rất nhiều và bạn sẽ cần phải hết sức cẩn thận với những quyết định của mình ngày hôm nay.,1
decision_C1_geum_df_water,effect,Khả năng phân tích giảm sút có thể dẫn tới những đánh giá sai lầm trong những quyết định quan trọng.,1
decision_C1_geum_df_water,action,Đừng đưa ra quyết định quan trọng ngày hôm nay; hãy trì hoãn chúng càng lâu càng tốt.,1
decision_C1_geum_df_water,state,"Vì thiếu quyết tâm nên dễ nảy sinh những lựa chọn thiếu quyết đoán, năng lượng mưa tuyết không thể xoa dịu cảm xúc, khiến lòng bạn nặng trĩu.",1
decision_C1_geum_df_wood,intro,Khả năng phán đoán của bạn sẽ bị suy giảm rất nhiều và bạn sẽ cần phải hết sức cẩn thận với những quyết định của mình ngày hôm nay.,1
decision_C1_geum_df_wood,effect,Khả năng phân tích giảm sút có thể dẫn tới những đánh giá sai lầm trong những quyết định quan trọng.,1
decision_C1_geum_df_wood,action,Đừng đưa ra quyết định quan trọng ngày hôm nay; hãy trì hoãn chúng càng lâu càng tốt.,1
decision_C1_geum_df_wood,state,"Vì thiếu quyết tâm nên dễ nảy sinh những lựa chọn thiếu quyết đoán, năng lượng của sự thay đổi có thể liên tục cản trở, phá vỡ các kế hoạch.",1
decision_C1_geum_ex_earth,intro,Khả năng phán đoán của bạn sẽ bị suy giảm rất nhiều và bạn sẽ cần phải hết sức cẩn thận với những quyết định của mình ngày hôm nay.,1
decision_C1_geum_ex_earth,effect,Khả năng phân tích giảm sút có thể dẫn tới những đánh giá sai lầm trong những quyết định quan trọng.,1
decision_C1_geum_ex_earth,action,Đừng đưa ra quyết định quan trọng ngày hôm nay; hãy trì hoãn chúng càng lâu càng tốt.,1
decision_C1_geum_ex_earth,state,"Sự sắc bén có thể đi quá xa và gây gánh nặng cho những người xung quanh bạn, đồng thời nguồn năng lượng trầm có thể làm giảm động lực và che mờ khả năng phán đoán của bạn.",1
decision_C1_geum_ex_fire,intro,Khả năng phán đoán của bạn sẽ bị suy giảm rất nhiều và bạn sẽ cần phải hết sức cẩn thận với những quyết định của mình ngày hôm nay.,1
decision_C1_geum_ex_fire,effect,Khả năng phân tích giảm sút có thể dẫn tới những đánh giá sai lầm trong những quyết định quan trọng.,1
decision_C1_geum_ex_fire,action,Đừng đưa ra quyết định quan trọng ngày hôm nay; hãy trì hoãn chúng càng lâu càng tốt.,1
decision_C1_geum_ex_fire,state,"Sự sắc bén của bạn có thể đi quá xa và gây gánh nặng cho những người xung quanh, đồng thời năng lượng phấn khích của bạn có thể làm tiêu tan sự bình tĩnh của bạn và dẫn đến những sai lầm nhỏ.",1
decision_C1_geum_ex_water,intro,Khả năng phán đoán của bạn sẽ bị suy giảm rất nhiều và bạn sẽ cần phải hết sức cẩn thận với những quyết định của mình ngày hôm nay.,1
decision_C1_geum_ex_water,effect,Khả năng phân tích giảm sút có thể dẫn tới những đánh giá sai lầm trong những quyết định quan trọng.,1
decision_C1_geum_ex_water,action,Đừng đưa ra quyết định quan trọng ngày hôm nay; hãy trì hoãn chúng càng lâu càng tốt.,1
decision_C1_geum_ex_water,state,"Sự sắc bén của bạn có thể đi quá xa và gây gánh nặng cho những người xung quanh, còn năng lượng của mưa tuyết không thể xoa dịu được cảm xúc của bạn, khiến lòng bạn nặng trĩu.",1
decision_C1_geum_ex_wood,intro,Khả năng phán đoán của bạn sẽ bị suy giảm rất nhiều và bạn sẽ cần phải hết sức cẩn thận với những quyết định của mình ngày hôm nay.,1
decision_C1_geum_ex_wood,effect,Khả năng phân tích giảm sút có thể dẫn tới những đánh giá sai lầm trong những quyết định quan trọng.,1
decision_C1_geum_ex_wood,action,Đừng đưa ra quyết định quan trọng ngày hôm nay; hãy trì hoãn chúng càng lâu càng tốt.,1
decision_C1_geum_ex_wood,state,"Sự sắc bén của bạn có thể đi quá xa và gây gánh nặng cho những người xung quanh, đồng thời năng lượng thay đổi có thể tiếp tục cản trở các kế hoạch của bạn.",1
decision_C1_hwa_df_earth,intro,Trực giác hiếm khi có tác dụng nên những quyết định dựa trên cảm tính đều có rủi ro.,1
decision_C1_hwa_df_earth,effect,Cảm giác hoàn toàn không đồng bộ và cuối cùng dẫn đến việc biện minh cho sự lựa chọn sai lầm.,1
decision_C1_hwa_df_earth,action,"Cho dù bạn có chắc chắn đến thế nào đi chăng nữa, hãy ngừng phán xét cảm tính ngay hôm nay.",1
decision_C1_hwa_df_earth,state,Cảm xúc của bạn rất dễ không được truyền tải đúng cách do tắc nghẽn biểu hiện và năng lượng vẩn đục có thể làm giảm động lực và che mờ khả năng phán đoán của bạn.,1
decision_C1_hwa_df_fire,intro,Trực giác hiếm khi có tác dụng nên những quyết định dựa trên cảm tính đều có rủi ro.,1
decision_C1_hwa_df_fire,effect,Cảm giác hoàn toàn không đồng bộ và cuối cùng dẫn đến việc biện minh cho sự lựa chọn sai lầm.,1
decision_C1_hwa_df_fire,action,"Cho dù bạn có chắc chắn đến thế nào đi chăng nữa, hãy ngừng phán xét cảm tính ngay hôm nay.",1
decision_C1_hwa_df_fire,state,"Cảm xúc của bạn rất dễ không được truyền tải đúng cách do tắc nghẽn biểu hiện, đồng thời năng lượng phấn khích có thể làm mất đi sự bình tĩnh của bạn và dẫn đến những sai sót nhỏ.",1
decision_C1_hwa_df_water,intro,Trực giác hiếm khi có tác dụng nên những quyết định dựa trên cảm tính đều có rủi ro.,1
decision_C1_hwa_df_water,effect,Cảm giác hoàn toàn không đồng bộ và cuối cùng dẫn đến việc biện minh cho sự lựa chọn sai lầm.,1
decision_C1_hwa_df_water,action,"Cho dù bạn có chắc chắn đến thế nào đi chăng nữa, hãy ngừng phán xét cảm tính ngay hôm nay.",1
decision_C1_hwa_df_water,state,"Bởi vì biểu cảm bị chặn nên cảm xúc của bạn dễ không được truyền tải một cách đúng đắn, năng lượng của mưa tuyết không thể xoa dịu cảm xúc của bạn, điều này có thể khiến trái tim bạn cảm thấy nặng nề.",1
decision_C1_hwa_df_wood,intro,Trực giác hiếm khi có tác dụng nên những quyết định dựa trên cảm tính đều có rủi ro.,1
decision_C1_hwa_df_wood,effect,Cảm giác hoàn toàn không đồng bộ và cuối cùng dẫn đến việc biện minh cho sự lựa chọn sai lầm.,1
decision_C1_hwa_df_wood,action,"Cho dù bạn có chắc chắn đến thế nào đi chăng nữa, hãy ngừng phán xét cảm tính ngay hôm nay.",1
decision_C1_hwa_df_wood,state,Cảm xúc của bạn rất dễ không được truyền tải đúng cách do tắc nghẽn biểu hiện và năng lượng của sự thay đổi có thể tiếp tục cản trở và làm gián đoạn kế hoạch của bạn.,1
decision_C1_hwa_ex_earth,intro,Trực giác hiếm khi có tác dụng nên những quyết định dựa trên cảm tính đều có rủi ro.,1
decision_C1_hwa_ex_earth,effect,Cảm giác hoàn toàn không đồng bộ và cuối cùng dẫn đến việc biện minh cho sự lựa chọn sai lầm.,1
decision_C1_hwa_ex_earth,action,"Cho dù bạn có chắc chắn đến thế nào đi chăng nữa, hãy ngừng phán xét cảm tính ngay hôm nay.",1
decision_C1_hwa_ex_earth,state,"Cảm xúc rất dễ gây ra xích mích ngay cả với những điều nhỏ nhặt, và năng lượng vẩn đục có thể làm giảm động lực và khả năng phán đoán của đám mây.",1
decision_C1_hwa_ex_fire,intro,Trực giác hiếm khi có tác dụng nên những quyết định dựa trên cảm tính đều có rủi ro.,1
decision_C1_hwa_ex_fire,effect,Cảm giác hoàn toàn không đồng bộ và cuối cùng dẫn đến việc biện minh cho sự lựa chọn sai lầm.,1
decision_C1_hwa_ex_fire,action,"Cho dù bạn có chắc chắn đến thế nào đi chăng nữa, hãy ngừng phán xét cảm tính ngay hôm nay.",1
decision_C1_hwa_ex_fire,state,"Cảm xúc rất dễ gây ra xích mích dù chỉ vì những điều nhỏ nhặt, còn năng lượng phấn khích có thể làm xáo trộn sự bình tĩnh của bạn và dẫn đến những sai lầm nhỏ.",1
decision_C1_hwa_ex_water,intro,Trực giác hiếm khi có tác dụng nên những quyết định dựa trên cảm tính đều có rủi ro.,1
decision_C1_hwa_ex_water,effect,Cảm giác hoàn toàn không đồng bộ và cuối cùng dẫn đến việc biện minh cho sự lựa chọn sai lầm.,1
decision_C1_hwa_ex_water,action,"Cho dù bạn có chắc chắn đến thế nào đi chăng nữa, hãy ngừng phán xét cảm tính ngay hôm nay.",1
decision_C1_hwa_ex_water,state,"Cảm xúc rất dễ nảy sinh dù chỉ vì những điều nhỏ nhặt, năng lượng của mưa tuyết cũng không thể làm dịu đi cảm xúc của bạn, khiến lòng bạn nặng trĩu.",1
decision_C1_hwa_ex_wood,intro,Trực giác hiếm khi có tác dụng nên những quyết định dựa trên cảm tính đều có rủi ro.,1
decision_C1_hwa_ex_wood,effect,Cảm giác hoàn toàn không đồng bộ và cuối cùng dẫn đến việc biện minh cho sự lựa chọn sai lầm.,1
decision_C1_hwa_ex_wood,action,"Cho dù bạn có chắc chắn đến thế nào đi chăng nữa, hãy ngừng phán xét cảm tính ngay hôm nay.",1
decision_C1_hwa_ex_wood,state,"Nếu bạn bị chi phối bởi cảm xúc, bạn rất dễ nảy sinh xích mích ngay cả vì những điều nhỏ nhặt và năng lượng của sự thay đổi có thể tiếp tục cản trở và làm gián đoạn các kế hoạch của bạn.",1
decision_C1_mok_df_earth,intro,Tầm nhìn của bạn sẽ bị thu hẹp rất nhiều và bạn có thể bỏ lỡ những lựa chọn quan trọng.,1
decision_C1_mok_df_earth,effect,Quan điểm hạn chế nhiều lần dẫn đến kết luận sai lầm.,1
decision_C1_mok_df_earth,action,Đừng tự mình phán xét; tìm kiếm sự giúp đỡ từ người mà bạn tin tưởng.,1
decision_C1_mok_df_earth,state,"Nếu chần chừ trong thời gian dài, cơ hội sẽ dễ dàng vuột khỏi tầm tay bạn, nguồn năng lượng trầm có thể làm giảm động lực và che mờ khả năng phán đoán của bạn.",1
decision_C1_mok_df_fire,intro,Tầm nhìn của bạn sẽ bị thu hẹp rất nhiều và bạn có thể bỏ lỡ những lựa chọn quan trọng.,1
decision_C1_mok_df_fire,effect,Quan điểm hạn chế nhiều lần dẫn đến kết luận sai lầm.,1
decision_C1_mok_df_fire,action,Đừng tự mình phán xét; tìm kiếm sự giúp đỡ từ người mà bạn tin tưởng.,1
decision_C1_mok_df_fire,state,"Nếu chần chừ lâu, rất dễ cơ hội tuột khỏi tay bạn, năng lượng hưng phấn có thể làm mất đi sự bình tĩnh của bạn và dẫn đến những sai sót nhỏ.",1
decision_C1_mok_df_water,intro,Tầm nhìn của bạn sẽ bị thu hẹp rất nhiều và bạn có thể bỏ lỡ những lựa chọn quan trọng.,1
decision_C1_mok_df_water,effect,Quan điểm hạn chế nhiều lần dẫn đến kết luận sai lầm.,1
decision_C1_mok_df_water,action,Đừng tự mình phán xét; tìm kiếm sự giúp đỡ từ người mà bạn tin tưởng.,1
decision_C1_mok_df_water,state,"Nếu chần chừ lâu, rất dễ cơ hội tuột khỏi tay, năng lượng mưa tuyết không thể xoa dịu cảm xúc, khiến lòng bạn nặng trĩu.",1
decision_C1_mok_df_wood,intro,Tầm nhìn của bạn sẽ bị thu hẹp rất nhiều và bạn có thể bỏ lỡ những lựa chọn quan trọng.,1
decision_C1_mok_df_wood,effect,Quan điểm hạn chế nhiều lần dẫn đến kết luận sai lầm.,1
decision_C1_mok_df_wood,action,Đừng tự mình phán xét; tìm kiếm sự giúp đỡ từ người mà bạn tin tưởng.,1
decision_C1_mok_df_wood,state,"Nếu bạn chần chừ trong thời gian dài, rất dễ để cơ hội tuột khỏi tay bạn, năng lượng của sự thay đổi có thể liên tục cản trở và làm gián đoạn các kế hoạch của bạn.",1
decision_C1_mok_ex_earth,intro,Tầm nhìn của bạn sẽ bị thu hẹp rất nhiều và bạn có thể bỏ lỡ những lựa chọn quan trọng.,1
decision_C1_mok_ex_earth,effect,Quan điểm hạn chế nhiều lần dẫn đến kết luận sai lầm.,1
decision_C1_mok_ex_earth,action,Đừng tự mình phán xét; tìm kiếm sự giúp đỡ từ người mà bạn tin tưởng.,1
decision_C1_mok_ex_earth,state,"Lòng tham rất dễ dẫn đến những thứ không thể nắm bắt được, năng lượng vẩn đục có thể làm giảm động lực và khả năng phán đoán của mây mù.",1
decision_C1_mok_ex_fire,intro,Tầm nhìn của bạn sẽ bị thu hẹp rất nhiều và bạn có thể bỏ lỡ những lựa chọn quan trọng.,1
decision_C1_mok_ex_fire,effect,Quan điểm hạn chế nhiều lần dẫn đến kết luận sai lầm.,1
decision_C1_mok_ex_fire,action,Đừng tự mình phán xét; tìm kiếm sự giúp đỡ từ người mà bạn tin tưởng.,1
decision_C1_mok_ex_fire,state,"Bạn rất dễ trở nên tham lam và làm những việc không thể kiểm soát, năng lượng phấn khích có thể làm xáo trộn sự bình tĩnh của bạn và dẫn đến những sai lầm nhỏ.",1
decision_C1_mok_ex_water,intro,Tầm nhìn của bạn sẽ bị thu hẹp rất nhiều và bạn có thể bỏ lỡ những lựa chọn quan trọng.,1
decision_C1_mok_ex_water,effect,Quan điểm hạn chế nhiều lần dẫn đến kết luận sai lầm.,1
decision_C1_mok_ex_water,action,Đừng tự mình phán xét; tìm kiếm sự giúp đỡ từ người mà bạn tin tưởng.,1
decision_C1_mok_ex_water,state,"Bạn dễ trở nên tham lam và làm những việc mình không thể kiểm soát, năng lượng của mưa tuyết không thể xoa dịu cảm xúc khiến lòng bạn nặng trĩu.",1
decision_C1_mok_ex_wood,intro,Tầm nhìn của bạn sẽ bị thu hẹp rất nhiều và bạn có thể bỏ lỡ những lựa chọn quan trọng.,1
decision_C1_mok_ex_wood,effect,Quan điểm hạn chế nhiều lần dẫn đến kết luận sai lầm.,1
decision_C1_mok_ex_wood,action,Đừng tự mình phán xét; tìm kiếm sự giúp đỡ từ người mà bạn tin tưởng.,1
decision_C1_mok_ex_wood,state,"Bạn rất dễ trở nên tham lam và làm những việc ngoài tầm kiểm soát, đồng thời năng lượng của sự thay đổi có thể tiếp tục cản trở các kế hoạch của bạn.",1
decision_C1_su_df_earth,intro,"Cảm giác về dòng chảy có thể bị gián đoạn nghiêm trọng, dẫn đến lỗi phán đoán thời gian lặp đi lặp lại.",1
decision_C1_su_df_earth,effect,Có nhiều quyết định dẫn đến thua lỗ do hiểu sai tình hình.,1
decision_C1_su_df_earth,action,"Hôm nay, việc bám sát kế hoạch hiện tại sẽ an toàn hơn là đưa ra quyết định mới.",1
decision_C1_su_df_earth,state,"Bạn rất dễ trở nên bướng bỉnh và lạc lối, và nguồn năng lượng trầm có thể làm giảm động lực và che mờ khả năng phán đoán của bạn.",1
decision_C1_su_df_fire,intro,"Cảm giác về dòng chảy có thể bị gián đoạn nghiêm trọng, dẫn đến lỗi phán đoán thời gian lặp đi lặp lại.",1
decision_C1_su_df_fire,effect,Có nhiều quyết định dẫn đến thua lỗ do hiểu sai tình hình.,1
decision_C1_su_df_fire,action,"Hôm nay, việc bám sát kế hoạch hiện tại sẽ an toàn hơn là đưa ra quyết định mới.",1
decision_C1_su_df_fire,state,"Bạn rất dễ trở nên bướng bỉnh và lạc lối, năng lượng phấn khích có thể làm xáo trộn sự bình tĩnh của bạn và dẫn đến những sai lầm nhỏ.",1
decision_C1_su_df_water,intro,"Cảm giác về dòng chảy có thể bị gián đoạn nghiêm trọng, dẫn đến lỗi phán đoán thời gian lặp đi lặp lại.",1
decision_C1_su_df_water,effect,Có nhiều quyết định dẫn đến thua lỗ do hiểu sai tình hình.,1
decision_C1_su_df_water,action,"Hôm nay, việc bám sát kế hoạch hiện tại sẽ an toàn hơn là đưa ra quyết định mới.",1
decision_C1_su_df_water,state,"Bạn dễ trở nên bướng bỉnh, lạc lối, năng lượng của mưa tuyết không thể xoa dịu được cảm xúc, khiến lòng bạn trĩu nặng.",1
decision_C1_su_df_wood,intro,"Cảm giác về dòng chảy có thể bị gián đoạn nghiêm trọng, dẫn đến lỗi phán đoán thời gian lặp đi lặp lại.",1
decision_C1_su_df_wood,effect,Có nhiều quyết định dẫn đến thua lỗ do hiểu sai tình hình.,1
decision_C1_su_df_wood,action,"Hôm nay, việc bám sát kế hoạch hiện tại sẽ an toàn hơn là đưa ra quyết định mới.",1
decision_C1_su_df_wood,state,"Bạn rất dễ trở nên bướng bỉnh và mất dấu mọi việc nhiều lần, đồng thời năng lượng của sự thay đổi có thể tiếp tục cản trở và làm gián đoạn các kế hoạch của bạn.",1
decision_C1_su_ex_earth,intro,"Cảm giác về dòng chảy có thể bị gián đoạn nghiêm trọng, dẫn đến lỗi phán đoán thời gian lặp đi lặp lại.",1
decision_C1_su_ex_earth,effect,Có nhiều quyết định dẫn đến thua lỗ do hiểu sai tình hình.,1
decision_C1_su_ex_earth,action,"Hôm nay, việc bám sát kế hoạch hiện tại sẽ an toàn hơn là đưa ra quyết định mới.",1
decision_C1_su_ex_earth,state,"Cảm xúc trở nên sâu sắc hơn nên rất dễ bị rung chuyển bởi những kích thích dù nhỏ, năng lượng vẩn đục có thể làm giảm động lực và khả năng phán đoán của đám mây.",1
decision_C1_su_ex_fire,intro,"Cảm giác về dòng chảy có thể bị gián đoạn nghiêm trọng, dẫn đến lỗi phán đoán thời gian lặp đi lặp lại.",1
decision_C1_su_ex_fire,effect,Có nhiều quyết định dẫn đến thua lỗ do hiểu sai tình hình.,1
decision_C1_su_ex_fire,action,"Hôm nay, việc bám sát kế hoạch hiện tại sẽ an toàn hơn là đưa ra quyết định mới.",1
decision_C1_su_ex_fire,state,"Cảm xúc trở nên sâu sắc nên rất dễ bị rung chuyển bởi những kích thích dù là nhỏ nhất, năng lượng phấn khích có thể làm xáo trộn sự bình tĩnh và dẫn đến những sai lầm nhỏ.",1
decision_C1_su_ex_water,intro,"Cảm giác về dòng chảy có thể bị gián đoạn nghiêm trọng, dẫn đến lỗi phán đoán thời gian lặp đi lặp lại.",1
decision_C1_su_ex_water,effect,Có nhiều quyết định dẫn đến thua lỗ do hiểu sai tình hình.,1
decision_C1_su_ex_water,action,"Hôm nay, việc bám sát kế hoạch hiện tại sẽ an toàn hơn là đưa ra quyết định mới.",1
decision_C1_su_ex_water,state,"Khi cảm xúc trở nên sâu sắc hơn, rất dễ bị rung chuyển bởi những kích thích dù là nhỏ nhất, năng lượng của mưa tuyết có thể không xoa dịu được cảm xúc, khiến lòng nặng trĩu.",1
decision_C1_su_ex_wood,intro,"Cảm giác về dòng chảy có thể bị gián đoạn nghiêm trọng, dẫn đến lỗi phán đoán thời gian lặp đi lặp lại.",1
decision_C1_su_ex_wood,effect,Có nhiều quyết định dẫn đến thua lỗ do hiểu sai tình hình.,1
decision_C1_su_ex_wood,action,"Hôm nay, việc bám sát kế hoạch hiện tại sẽ an toàn hơn là đưa ra quyết định mới.",1
decision_C1_su_ex_wood,state,"Khi cảm xúc của bạn trở nên sâu sắc hơn, bạn rất dễ bị lung lay bởi những kích thích dù là nhỏ nhất và năng lượng của sự thay đổi có thể tiếp tục cản trở và làm gián đoạn các kế hoạch của bạn.",1
decision_C1_to_df_earth,intro,Đó là ngày mà cơ sở để phán xét trở nên không ổn định và khó có thể tin tưởng vào bất kỳ quyết định nào.,1
decision_C1_to_df_earth,effect,Những quyết định được đưa ra trên nền tảng không vững chắc sẽ dẫn đến sự hối tiếc và mất mát.,1
decision_C1_to_df_earth,action,Tránh đưa ra những quyết định quan trọng ngày hôm nay và ưu tiên duy trì hiện trạng.,1
decision_C1_to_df_earth,state,Bởi vì bạn không tập trung nên các quyết định của bạn dễ dàng thay đổi và năng lượng vẩn đục có thể làm giảm động lực và che mờ khả năng phán đoán của bạn.,1
decision_C1_to_df_fire,intro,Đó là ngày mà cơ sở để phán xét trở nên không ổn định và khó có thể tin tưởng vào bất kỳ quyết định nào.,1
decision_C1_to_df_fire,effect,Những quyết định được đưa ra trên nền tảng không vững chắc sẽ dẫn đến sự hối tiếc và mất mát.,1
decision_C1_to_df_fire,action,Tránh đưa ra những quyết định quan trọng ngày hôm nay và ưu tiên duy trì hiện trạng.,1
decision_C1_to_df_fire,state,"Vì không tập trung nên các quyết định của bạn dễ bị thay đổi, năng lượng phấn khích có thể làm tiêu tan sự bình tĩnh của bạn và dẫn đến những sai lầm nhỏ.",1
decision_C1_to_df_water,intro,Đó là ngày mà cơ sở để phán xét trở nên không ổn định và khó có thể tin tưởng vào bất kỳ quyết định nào.,1
decision_C1_to_df_water,effect,Những quyết định được đưa ra trên nền tảng không vững chắc sẽ dẫn đến sự hối tiếc và mất mát.,1
decision_C1_to_df_water,action,Tránh đưa ra những quyết định quan trọng ngày hôm nay và ưu tiên duy trì hiện trạng.,1
decision_C1_to_df_water,state,"Vì không tập trung nên các quyết định của bạn dễ bị thay đổi, năng lượng của mưa tuyết không thể xoa dịu được cảm xúc khiến lòng bạn nặng trĩu.",1
decision_C1_to_df_wood,intro,Đó là ngày mà cơ sở để phán xét trở nên không ổn định và khó có thể tin tưởng vào bất kỳ quyết định nào.,1
decision_C1_to_df_wood,effect,Những quyết định được đưa ra trên nền tảng không vững chắc sẽ dẫn đến sự hối tiếc và mất mát.,1
decision_C1_to_df_wood,action,Tránh đưa ra những quyết định quan trọng ngày hôm nay và ưu tiên duy trì hiện trạng.,1
decision_C1_to_df_wood,state,Bởi vì bạn không tập trung nên các quyết định của bạn dễ dàng thay đổi và năng lượng của sự thay đổi có thể tiếp tục cản trở các kế hoạch của bạn.,1
decision_C1_to_ex_earth,intro,Đó là ngày mà cơ sở để phán xét trở nên không ổn định và khó có thể tin tưởng vào bất kỳ quyết định nào.,1
decision_C1_to_ex_earth,effect,Những quyết định được đưa ra trên nền tảng không vững chắc sẽ dẫn đến sự hối tiếc và mất mát.,1
decision_C1_to_ex_earth,action,Tránh đưa ra những quyết định quan trọng ngày hôm nay và ưu tiên duy trì hiện trạng.,1
decision_C1_to_ex_earth,state,"Thật dễ dàng để bỏ qua những thay đổi đòi hỏi sự định hướng ổn định cứng đầu, và năng lượng vẩn đục có thể làm giảm động lực và khả năng phán đoán của đám mây.",1
decision_C1_to_ex_fire,intro,Đó là ngày mà cơ sở để phán xét trở nên không ổn định và khó có thể tin tưởng vào bất kỳ quyết định nào.,1
decision_C1_to_ex_fire,effect,Những quyết định được đưa ra trên nền tảng không vững chắc sẽ dẫn đến sự hối tiếc và mất mát.,1
decision_C1_to_ex_fire,action,Tránh đưa ra những quyết định quan trọng ngày hôm nay và ưu tiên duy trì hiện trạng.,1
decision_C1_to_ex_fire,state,"Người ta dễ bỏ qua những thay đổi đòi hỏi sự ổn định bướng bỉnh, năng lượng phấn khích có thể làm xáo trộn sự bình tĩnh và dẫn đến những sai lầm nhỏ.",1
decision_C1_to_ex_water,intro,Đó là ngày mà cơ sở để phán xét trở nên không ổn định và khó có thể tin tưởng vào bất kỳ quyết định nào.,1
decision_C1_to_ex_water,effect,Những quyết định được đưa ra trên nền tảng không vững chắc sẽ dẫn đến sự hối tiếc và mất mát.,1
decision_C1_to_ex_water,action,Tránh đưa ra những quyết định quan trọng ngày hôm nay và ưu tiên duy trì hiện trạng.,1
decision_C1_to_ex_water,state,"Người ta dễ bỏ qua những thay đổi đòi hỏi sự ổn định bướng bỉnh, năng lượng của mưa tuyết có thể không xoa dịu được cảm xúc, khiến lòng bạn nặng trĩu.",1
decision_C1_to_ex_wood,intro,Đó là ngày mà cơ sở để phán xét trở nên không ổn định và khó có thể tin tưởng vào bất kỳ quyết định nào.,1
decision_C1_to_ex_wood,effect,Những quyết định được đưa ra trên nền tảng không vững chắc sẽ dẫn đến sự hối tiếc và mất mát.,1
decision_C1_to_ex_wood,action,Tránh đưa ra những quyết định quan trọng ngày hôm nay và ưu tiên duy trì hiện trạng.,1
decision_C1_to_ex_wood,state,Bạn rất dễ bỏ qua những thay đổi đòi hỏi một định hướng ổn định cứng đầu và năng lượng của sự thay đổi có thể tiếp tục cản trở và làm gián đoạn các kế hoạch của bạn.,1
decision_D,intro,Khả năng phán đoán của bạn có thể bị suy giảm nghiêm trọng trong ngày hôm nay và tốt nhất bạn không nên đưa ra bất kỳ quyết định nào.,1
decision_D,intro,"Hôm nay, năng lượng đưa ra quyết định hoàn toàn bị chặn lại nên việc trì hoãn mọi lựa chọn cho đến sau ngày mai là đúng đắn.",1
decision_D,effect,"Những kết luận được đưa ra ngày hôm nay hầu như luôn dẫn đến sự hối tiếc về sau, vì vậy sẽ an toàn hơn nếu bạn tạm dừng quyết định.",1
decision_D,effect,Đây là ngày mà khả năng phán đoán của bạn ở mức thấp nhất và những quyết định thường dễ dàng lại có thể dẫn đến sai lầm trong ngày hôm nay.,1
decision_D,action,Hãy đặt ra quy tắc không đưa ra bất kỳ quyết định nào ngay hôm nay và chuyển sang quyết định tiếp theo.,1
decision_D,action,"Khi một tình huống nảy sinh đòi hỏi phải lựa chọn, điều khôn ngoan nhất là thành thật và nói rằng bạn không thể đưa ra quyết định ngay bây giờ.",1
decision_D_geum_df_earth,intro,Đó là ngày mà khả năng phán đoán của bạn ở mức thấp nhất và mọi quyết định đều phải tạm dừng.,1
decision_D_geum_df_earth,effect,"Khả năng phán đoán cực kỳ suy giảm, khó có thể tin tưởng vào bất kỳ phân tích nào.",1
decision_D_geum_df_earth,action,Trì hoãn các quyết định của ngày hôm nay càng nhiều càng tốt và để chúng cho đến ngày mai.,1
decision_D_geum_df_earth,state,"Quyết tâm của bạn có thể bị phá vỡ nghiêm trọng, và bất kỳ lựa chọn nào bạn đưa ra đều có thể dẫn đến sự hối tiếc, và năng lượng dày đặc, nhiều mây có thể làm mọi thứ chậm lại rất nhiều.",1
decision_D_geum_df_fire,intro,Đó là ngày mà khả năng phán đoán của bạn ở mức thấp nhất và mọi quyết định đều phải tạm dừng.,1
decision_D_geum_df_fire,effect,"Khả năng phán đoán cực kỳ suy giảm, khó có thể tin tưởng vào bất kỳ phân tích nào.",1
decision_D_geum_df_fire,action,Trì hoãn các quyết định của ngày hôm nay càng nhiều càng tốt và để chúng cho đến ngày mai.,1
decision_D_geum_df_fire,state,"Tính quyết đoán có thể bị suy yếu đi rất nhiều, và bất kỳ lựa chọn nào cũng có thể dẫn đến sự hối tiếc, còn dương mạnh có thể khuyến khích những xung động và dẫn đến những hành động liều lĩnh.",1
decision_D_geum_df_water,intro,Đó là ngày mà khả năng phán đoán của bạn ở mức thấp nhất và mọi quyết định đều phải tạm dừng.,1
decision_D_geum_df_water,effect,"Khả năng phán đoán cực kỳ suy giảm, khó có thể tin tưởng vào bất kỳ phân tích nào.",1
decision_D_geum_df_water,action,Trì hoãn các quyết định của ngày hôm nay càng nhiều càng tốt và để chúng cho đến ngày mai.,1
decision_D_geum_df_water,state,"Sự quyết tâm của bạn có thể bị phá vỡ rất nhiều, và bất kỳ lựa chọn nào bạn đưa ra đều có thể dẫn đến sự hối tiếc, đồng thời sức mạnh của mưa lớn và tuyết có thể khiến cảm xúc của bạn rung chuyển dữ dội, khiến bạn khó kiểm soát được chúng.",1
decision_D_geum_df_wood,intro,Đó là ngày mà khả năng phán đoán của bạn ở mức thấp nhất và mọi quyết định đều phải tạm dừng.,1
decision_D_geum_df_wood,effect,"Khả năng phán đoán cực kỳ suy giảm, khó có thể tin tưởng vào bất kỳ phân tích nào.",1
decision_D_geum_df_wood,action,Trì hoãn các quyết định của ngày hôm nay càng nhiều càng tốt và để chúng cho đến ngày mai.,1
decision_D_geum_df_wood,state,"Quyết tâm của bạn có thể bị phá vỡ nghiêm trọng, bất kỳ lựa chọn nào bạn đưa ra đều có thể kết thúc trong sự hối tiếc, và năng lượng thay đổi khốc liệt có thể khiến mọi dự đoán của bạn đi chệch hướng.",1
decision_D_geum_ex_earth,intro,Đó là ngày mà khả năng phán đoán của bạn ở mức thấp nhất và mọi quyết định đều phải tạm dừng.,1
decision_D_geum_ex_earth,effect,"Khả năng phán đoán cực kỳ suy giảm, khó có thể tin tưởng vào bất kỳ phân tích nào.",1
decision_D_geum_ex_earth,action,Trì hoãn các quyết định của ngày hôm nay càng nhiều càng tốt và để chúng cho đến ngày mai.,1
decision_D_geum_ex_earth,state,"Nếu độ sắc nét đi quá xa, nó có thể tạo ra một vết nứt sâu với môi trường xung quanh, và năng lượng mây mù dày đặc có thể làm mọi thứ chậm lại rất nhiều.",1
decision_D_geum_ex_fire,intro,Đó là ngày mà khả năng phán đoán của bạn ở mức thấp nhất và mọi quyết định đều phải tạm dừng.,1
decision_D_geum_ex_fire,effect,"Khả năng phán đoán cực kỳ suy giảm, khó có thể tin tưởng vào bất kỳ phân tích nào.",1
decision_D_geum_ex_fire,action,Trì hoãn các quyết định của ngày hôm nay càng nhiều càng tốt và để chúng cho đến ngày mai.,1
decision_D_geum_ex_fire,state,"Sự sắc bén có thể đi quá xa và tạo ra những rạn nứt sâu sắc với những người xung quanh, còn dương mạnh có thể khuyến khích những xung động và dẫn đến những hành động liều lĩnh.",1
decision_D_geum_ex_water,intro,Đó là ngày mà khả năng phán đoán của bạn ở mức thấp nhất và mọi quyết định đều phải tạm dừng.,1
decision_D_geum_ex_water,effect,"Khả năng phán đoán cực kỳ suy giảm, khó có thể tin tưởng vào bất kỳ phân tích nào.",1
decision_D_geum_ex_water,action,Trì hoãn các quyết định của ngày hôm nay càng nhiều càng tốt và để chúng cho đến ngày mai.,1
decision_D_geum_ex_water,state,"Độ sắc nét có thể đi quá xa và tạo ra những vết nứt sâu với môi trường xung quanh, đồng thời sức mạnh của mưa lớn và tuyết có thể làm rung chuyển cảm xúc của bạn một cách dữ dội, khiến bạn khó kiểm soát được chúng.",1
decision_D_geum_ex_wood,intro,Đó là ngày mà khả năng phán đoán của bạn ở mức thấp nhất và mọi quyết định đều phải tạm dừng.,1
decision_D_geum_ex_wood,effect,"Khả năng phán đoán cực kỳ suy giảm, khó có thể tin tưởng vào bất kỳ phân tích nào.",1
decision_D_geum_ex_wood,action,Trì hoãn các quyết định của ngày hôm nay càng nhiều càng tốt và để chúng cho đến ngày mai.,1
decision_D_geum_ex_wood,state,"Sự sắc bén có thể đi quá xa và tạo ra những vết nứt sâu với môi trường xung quanh, đồng thời năng lượng thay đổi khốc liệt có thể khiến mọi dự đoán đi chệch hướng.",1
decision_D_hwa_df_earth,intro,Đó là ngày mà trực giác hoàn toàn bị chặn lại và khả năng phán đoán bằng cảm giác không còn hoạt động nữa.,1
decision_D_hwa_df_earth,effect,Cảm giác sai lầm làm lu mờ toàn bộ phán đoán của bạn và dẫn đến mất mát.,1
decision_D_hwa_df_earth,action,Hãy hoàn toàn buông bỏ phán đoán theo bản năng của bạn và không quyết định gì cả trong ngày hôm nay.,1
decision_D_hwa_df_earth,state,"Con đường truyền tải cảm xúc của một người hoàn toàn khép kín, điều này có thể làm sâu sắc thêm những hiểu lầm và mất kết nối, đồng thời năng lượng dày đặc, nhiều mây có thể làm mọi thứ chậm lại rất nhiều.",1
decision_D_hwa_df_fire,intro,Đó là ngày mà trực giác hoàn toàn bị chặn lại và khả năng phán đoán bằng cảm giác không còn hoạt động nữa.,1
decision_D_hwa_df_fire,effect,Cảm giác sai lầm làm lu mờ toàn bộ phán đoán của bạn và dẫn đến mất mát.,1
decision_D_hwa_df_fire,action,Hãy hoàn toàn buông bỏ phán đoán theo bản năng của bạn và không quyết định gì cả trong ngày hôm nay.,1
decision_D_hwa_df_fire,state,"Con đường truyền đạt cảm xúc của một người hoàn toàn khép kín, điều này có thể làm sâu sắc thêm những hiểu lầm và mất kết nối, đồng thời năng lượng tích cực mạnh mẽ có thể khuyến khích những xung động và dẫn đến những hành động liều lĩnh.",1
decision_D_hwa_df_water,intro,Đó là ngày mà trực giác hoàn toàn bị chặn lại và khả năng phán đoán bằng cảm giác không còn hoạt động nữa.,1
decision_D_hwa_df_water,effect,Cảm giác sai lầm làm lu mờ toàn bộ phán đoán của bạn và dẫn đến mất mát.,1
decision_D_hwa_df_water,action,Hãy hoàn toàn buông bỏ phán đoán theo bản năng của bạn và không quyết định gì cả trong ngày hôm nay.,1
decision_D_hwa_df_water,state,"Con đường truyền đạt tình cảm của một người hoàn toàn khép kín, điều này có thể làm sâu sắc thêm những hiểu lầm và mất kết nối, đồng thời sức mạnh của mưa lớn và tuyết có thể làm rung chuyển cảm xúc một cách dữ dội, khiến người ta khó kiểm soát được.",1
decision_D_hwa_df_wood,intro,Đó là ngày mà trực giác hoàn toàn bị chặn lại và khả năng phán đoán bằng cảm giác không còn hoạt động nữa.,1
decision_D_hwa_df_wood,effect,Cảm giác sai lầm làm lu mờ toàn bộ phán đoán của bạn và dẫn đến mất mát.,1
decision_D_hwa_df_wood,action,Hãy hoàn toàn buông bỏ phán đoán theo bản năng của bạn và không quyết định gì cả trong ngày hôm nay.,1
decision_D_hwa_df_wood,state,"Con đường truyền đạt tình cảm của một người hoàn toàn khép kín, những hiểu lầm và mất kết nối có thể ngày càng sâu sắc, năng lượng thay đổi khốc liệt có thể khiến mọi dự đoán đi chệch hướng.",1
decision_D_hwa_ex_earth,intro,Đó là ngày mà trực giác hoàn toàn bị chặn lại và khả năng phán đoán bằng cảm giác không còn hoạt động nữa.,1
decision_D_hwa_ex_earth,effect,Cảm giác sai lầm làm lu mờ toàn bộ phán đoán của bạn và dẫn đến mất mát.,1
decision_D_hwa_ex_earth,action,Hãy hoàn toàn buông bỏ phán đoán theo bản năng của bạn và không quyết định gì cả trong ngày hôm nay.,1
decision_D_hwa_ex_earth,state,"Cảm xúc quá nóng có thể lan rộng thành một cuộc xung đột không thể khắc phục, và năng lượng mây dày đặc có thể làm mọi thứ chậm lại rất nhiều.",1
decision_D_hwa_ex_fire,intro,Đó là ngày mà trực giác hoàn toàn bị chặn lại và khả năng phán đoán bằng cảm giác không còn hoạt động nữa.,1
decision_D_hwa_ex_fire,effect,Cảm giác sai lầm làm lu mờ toàn bộ phán đoán của bạn và dẫn đến mất mát.,1
decision_D_hwa_ex_fire,action,Hãy hoàn toàn buông bỏ phán đoán theo bản năng của bạn và không quyết định gì cả trong ngày hôm nay.,1
decision_D_hwa_ex_fire,state,"Cảm xúc quá nóng có thể dẫn đến xung đột không thể khắc phục, còn dương mạnh có thể khuyến khích những xung động và dẫn đến những hành động liều lĩnh.",1
decision_D_hwa_ex_water,intro,Đó là ngày mà trực giác hoàn toàn bị chặn lại và khả năng phán đoán bằng cảm giác không còn hoạt động nữa.,1
decision_D_hwa_ex_water,effect,Cảm giác sai lầm làm lu mờ toàn bộ phán đoán của bạn và dẫn đến mất mát.,1
decision_D_hwa_ex_water,action,Hãy hoàn toàn buông bỏ phán đoán theo bản năng của bạn và không quyết định gì cả trong ngày hôm nay.,1
decision_D_hwa_ex_water,state,"Cảm xúc quá nóng có thể lan rộng thành xung đột không thể hàn gắn, sức mạnh của mưa lớn và tuyết làm rung chuyển cảm xúc một cách dữ dội, khiến việc kiểm soát trở nên khó khăn.",1
decision_D_hwa_ex_wood,intro,Đó là ngày mà trực giác hoàn toàn bị chặn lại và khả năng phán đoán bằng cảm giác không còn hoạt động nữa.,1
decision_D_hwa_ex_wood,effect,Cảm giác sai lầm làm lu mờ toàn bộ phán đoán của bạn và dẫn đến mất mát.,1
decision_D_hwa_ex_wood,action,Hãy hoàn toàn buông bỏ phán đoán theo bản năng của bạn và không quyết định gì cả trong ngày hôm nay.,1
decision_D_hwa_ex_wood,state,"Những cảm xúc quá nóng có thể lan rộng thành một cuộc xung đột không thể hàn gắn, và năng lượng thay đổi khốc liệt có thể khiến mọi dự đoán đi chệch hướng.",1
decision_D_mok_df_earth,intro,Đó là ngày mà phạm vi phán xét trở nên vô cùng hẹp và không có lựa chọn nào rõ ràng.,1
decision_D_mok_df_earth,effect,Tầm nhìn hạn chế che khuất mọi cơ hội quan trọng và dẫn đến những đánh giá sai lầm lặp đi lặp lại.,1
decision_D_mok_df_earth,action,Hãy chắc chắn trì hoãn các quyết định quan trọng cho đến khi hoàn cảnh thay đổi.,1
decision_D_mok_df_earth,state,"Nỗi sợ hãi hoàn toàn có thể ngăn cản bạn hành động, thậm chí khiến bạn đánh mất cơ hội, và năng lượng mây mù dày đặc có thể làm mọi thứ chậm lại rất nhiều.",1
decision_D_mok_df_fire,intro,Đó là ngày mà phạm vi phán xét trở nên vô cùng hẹp và không có lựa chọn nào rõ ràng.,1
decision_D_mok_df_fire,effect,Tầm nhìn hạn chế che khuất mọi cơ hội quan trọng và dẫn đến những đánh giá sai lầm lặp đi lặp lại.,1
decision_D_mok_df_fire,action,Hãy chắc chắn trì hoãn các quyết định quan trọng cho đến khi hoàn cảnh thay đổi.,1
decision_D_mok_df_fire,state,"Sự sợ hãi có thể ngăn cản hoàn toàn một hành động, thậm chí dẫn đến mất đi cơ hội, còn năng lượng tích cực mạnh mẽ có thể khuyến khích những xung động và dẫn đến những hành động liều lĩnh.",1
decision_D_mok_df_water,intro,Đó là ngày mà phạm vi phán xét trở nên vô cùng hẹp và không có lựa chọn nào rõ ràng.,1
decision_D_mok_df_water,effect,Tầm nhìn hạn chế che khuất mọi cơ hội quan trọng và dẫn đến những đánh giá sai lầm lặp đi lặp lại.,1
decision_D_mok_df_water,action,Hãy chắc chắn trì hoãn các quyết định quan trọng cho đến khi hoàn cảnh thay đổi.,1
decision_D_mok_df_water,state,"Nỗi sợ hãi hoàn toàn có thể ngăn cản bạn hành động, thậm chí khiến bạn đánh mất cơ hội, đồng thời sức mạnh của mưa lớn và tuyết có thể khiến cảm xúc của bạn rung chuyển đến mức khó kiểm soát được.",1
decision_D_mok_df_wood,intro,Đó là ngày mà phạm vi phán xét trở nên vô cùng hẹp và không có lựa chọn nào rõ ràng.,1
decision_D_mok_df_wood,effect,Tầm nhìn hạn chế che khuất mọi cơ hội quan trọng và dẫn đến những đánh giá sai lầm lặp đi lặp lại.,1
decision_D_mok_df_wood,action,Hãy chắc chắn trì hoãn các quyết định quan trọng cho đến khi hoàn cảnh thay đổi.,1
decision_D_mok_df_wood,state,"Sự sợ hãi có thể khiến mọi hành động dừng lại, thậm chí dẫn đến đánh mất cơ hội, năng lượng thay đổi khốc liệt có thể khiến mọi dự đoán đi chệch hướng.",1
decision_D_mok_ex_earth,intro,Đó là ngày mà phạm vi phán xét trở nên vô cùng hẹp và không có lựa chọn nào rõ ràng.,1
decision_D_mok_ex_earth,effect,Tầm nhìn hạn chế che khuất mọi cơ hội quan trọng và dẫn đến những đánh giá sai lầm lặp đi lặp lại.,1
decision_D_mok_ex_earth,action,Hãy chắc chắn trì hoãn các quyết định quan trọng cho đến khi hoàn cảnh thay đổi.,1
decision_D_mok_ex_earth,state,"Động lực không thể kiểm soát có thể dẫn đến những tai nạn vô lý, và năng lượng mây mù dày đặc có thể làm mọi thứ chậm lại rất nhiều.",1
decision_D_mok_ex_fire,intro,Đó là ngày mà phạm vi phán xét trở nên vô cùng hẹp và không có lựa chọn nào rõ ràng.,1
decision_D_mok_ex_fire,effect,Tầm nhìn hạn chế che khuất mọi cơ hội quan trọng và dẫn đến những đánh giá sai lầm lặp đi lặp lại.,1
decision_D_mok_ex_fire,action,Hãy chắc chắn trì hoãn các quyết định quan trọng cho đến khi hoàn cảnh thay đổi.,1
decision_D_mok_ex_fire,state,"Động lực không thể kiểm soát có thể dẫn đến những tai nạn vô lý, còn năng lượng tích cực mạnh mẽ có thể khuyến khích sự bốc đồng và dẫn đến những hành động liều lĩnh.",1
decision_D_mok_ex_water,intro,Đó là ngày mà phạm vi phán xét trở nên vô cùng hẹp và không có lựa chọn nào rõ ràng.,1
decision_D_mok_ex_water,effect,Tầm nhìn hạn chế che khuất mọi cơ hội quan trọng và dẫn đến những đánh giá sai lầm lặp đi lặp lại.,1
decision_D_mok_ex_water,action,Hãy chắc chắn trì hoãn các quyết định quan trọng cho đến khi hoàn cảnh thay đổi.,1
decision_D_mok_ex_water,state,"Động lực không thể kiểm soát có thể dẫn đến những tai nạn vô lý, sức mạnh của mưa lớn và tuyết có thể làm rung chuyển cảm xúc một cách dữ dội, khiến việc kiểm soát trở nên khó khăn.",1
decision_D_mok_ex_wood,intro,Đó là ngày mà phạm vi phán xét trở nên vô cùng hẹp và không có lựa chọn nào rõ ràng.,1
decision_D_mok_ex_wood,effect,Tầm nhìn hạn chế che khuất mọi cơ hội quan trọng và dẫn đến những đánh giá sai lầm lặp đi lặp lại.,1
decision_D_mok_ex_wood,action,Hãy chắc chắn trì hoãn các quyết định quan trọng cho đến khi hoàn cảnh thay đổi.,1
decision_D_mok_ex_wood,state,"Động lực không thể kiểm soát có thể dẫn đến những suy nghĩ vô lý, và năng lượng thay đổi khốc liệt có thể khiến mọi dự đoán đi chệch hướng.",1
decision_D_su_df_earth,intro,Đó là một ngày mà bạn hoàn toàn mất đi dòng chảy và cảm thấy khó có thể sắp xếp được thời gian.,1
decision_D_su_df_earth,effect,"Lỗi về thời gian xảy ra lần lượt, dẫn đến kết quả tồi tệ nhất có thể xảy ra của quyết định.",1
decision_D_su_df_earth,action,"Hôm nay, hãy tập trung bảo vệ những gì bạn đã có thay vì đưa ra những quyết định mới.",1
decision_D_su_df_earth,state,"Một thái độ cứng nhắc sẽ cản trở mọi dòng chảy, khiến cho sự tiến bộ trở nên khó khăn và năng lượng dày đặc, u ám có thể làm mọi thứ chậm lại rất nhiều.",1
decision_D_su_df_fire,intro,Đó là một ngày mà bạn hoàn toàn mất đi dòng chảy và cảm thấy khó có thể sắp xếp được thời gian.,1
decision_D_su_df_fire,effect,"Lỗi về thời gian xảy ra lần lượt, dẫn đến kết quả tồi tệ nhất có thể xảy ra của quyết định.",1
decision_D_su_df_fire,action,"Hôm nay, hãy tập trung bảo vệ những gì bạn đã có thay vì đưa ra những quyết định mới.",1
decision_D_su_df_fire,state,"Một thái độ cứng nhắc sẽ cản trở mọi dòng chảy, khiến cho sự tiến bộ trở nên khó khăn và năng lượng tích cực mạnh mẽ có thể khuyến khích những xung động và dẫn đến những hành động liều lĩnh.",1
decision_D_su_df_water,intro,Đó là một ngày mà bạn hoàn toàn mất đi dòng chảy và cảm thấy khó có thể sắp xếp được thời gian.,1
decision_D_su_df_water,effect,"Lỗi về thời gian xảy ra lần lượt, dẫn đến kết quả tồi tệ nhất có thể xảy ra của quyết định.",1
decision_D_su_df_water,action,"Hôm nay, hãy tập trung bảo vệ những gì bạn đã có thay vì đưa ra những quyết định mới.",1
decision_D_su_df_water,state,"Một thái độ cứng nhắc chặn đứng mọi dòng chảy, khiến việc tiến bộ trở nên khó khăn, còn sức mạnh của mưa tuyết làm rung chuyển cảm xúc một cách dữ dội, khiến việc kiểm soát trở nên khó khăn.",1
decision_D_su_df_wood,intro,Đó là một ngày mà bạn hoàn toàn mất đi dòng chảy và cảm thấy khó có thể sắp xếp được thời gian.,1
decision_D_su_df_wood,effect,"Lỗi về thời gian xảy ra lần lượt, dẫn đến kết quả tồi tệ nhất có thể xảy ra của quyết định.",1
decision_D_su_df_wood,action,"Hôm nay, hãy tập trung bảo vệ những gì bạn đã có thay vì đưa ra những quyết định mới.",1
decision_D_su_df_wood,state,"Một thái độ cứng nhắc sẽ cản trở mọi dòng chảy, khiến cho sự tiến bộ trở nên khó khăn và năng lượng thay đổi khốc liệt có thể khiến mọi dự đoán đi chệch hướng.",1
decision_D_su_ex_earth,intro,Đó là một ngày mà bạn hoàn toàn mất đi dòng chảy và cảm thấy khó có thể sắp xếp được thời gian.,1
decision_D_su_ex_earth,effect,"Lỗi về thời gian xảy ra lần lượt, dẫn đến kết quả tồi tệ nhất có thể xảy ra của quyết định.",1
decision_D_su_ex_earth,action,"Hôm nay, hãy tập trung bảo vệ những gì bạn đã có thay vì đưa ra những quyết định mới.",1
decision_D_su_ex_earth,state,"Dòng cảm xúc có thể lấn át lý trí và dẫn đến những sai lầm lớn, còn năng lượng dày đặc, u ám có thể làm mọi thứ chậm lại rất nhiều.",1
decision_D_su_ex_fire,intro,Đó là một ngày mà bạn hoàn toàn mất đi dòng chảy và cảm thấy khó có thể sắp xếp được thời gian.,1
decision_D_su_ex_fire,effect,"Lỗi về thời gian xảy ra lần lượt, dẫn đến kết quả tồi tệ nhất có thể xảy ra của quyết định.",1
decision_D_su_ex_fire,action,"Hôm nay, hãy tập trung bảo vệ những gì bạn đã có thay vì đưa ra những quyết định mới.",1
decision_D_su_ex_fire,state,"Một dòng cảm xúc có thể lấn át lý trí và dẫn đến những sai lầm lớn, còn năng lượng tích cực mạnh mẽ có thể khuyến khích những xung động và dẫn đến những hành động liều lĩnh.",1
decision_D_su_ex_water,intro,Đó là một ngày mà bạn hoàn toàn mất đi dòng chảy và cảm thấy khó có thể sắp xếp được thời gian.,1
decision_D_su_ex_water,effect,"Lỗi về thời gian xảy ra lần lượt, dẫn đến kết quả tồi tệ nhất có thể xảy ra của quyết định.",1
decision_D_su_ex_water,action,"Hôm nay, hãy tập trung bảo vệ những gì bạn đã có thay vì đưa ra những quyết định mới.",1
decision_D_su_ex_water,state,"Một dòng cảm xúc có thể lấn át lý trí và dẫn đến những sai lầm lớn, đồng thời sức mạnh của mưa to và tuyết có thể làm rung chuyển cảm xúc một cách dữ dội, khiến bạn khó kiểm soát được chúng.",1
decision_D_su_ex_wood,intro,Đó là một ngày mà bạn hoàn toàn mất đi dòng chảy và cảm thấy khó có thể sắp xếp được thời gian.,1
decision_D_su_ex_wood,effect,"Lỗi về thời gian xảy ra lần lượt, dẫn đến kết quả tồi tệ nhất có thể xảy ra của quyết định.",1
decision_D_su_ex_wood,action,"Hôm nay, hãy tập trung bảo vệ những gì bạn đã có thay vì đưa ra những quyết định mới.",1
decision_D_su_ex_wood,state,"Một dòng cảm xúc có thể lấn át lý trí và dẫn đến sai lầm lớn, còn năng lượng thay đổi khốc liệt có thể khiến mọi dự đoán đi chệch hướng.",1
decision_D_to_df_earth,intro,"Đó là ngày mà cả sự phán xét và sự ổn định đều sụp đổ, khiến mọi quyết định đều trở nên nguy hiểm.",1
decision_D_to_df_earth,effect,Những quyết định không ổn định sẽ dẫn tới hàng loạt kết quả tồi tệ.,1
decision_D_to_df_earth,action,Hãy ngừng phán xét ngay hôm nay và tập trung vào việc phục hồi.,1
decision_D_to_df_earth,state,"Bạn hoàn toàn có thể mất thăng bằng và mọi thứ có thể mất kiểm soát, năng lượng mây dày đặc có thể làm mọi thứ chậm lại rất nhiều.",1
decision_D_to_df_fire,intro,"Đó là ngày mà cả sự phán xét và sự ổn định đều sụp đổ, khiến mọi quyết định đều trở nên nguy hiểm.",1
decision_D_to_df_fire,effect,Những quyết định không ổn định sẽ dẫn tới hàng loạt kết quả tồi tệ.,1
decision_D_to_df_fire,action,Hãy ngừng phán xét ngay hôm nay và tập trung vào việc phục hồi.,1
decision_D_to_df_fire,state,"Nếu bạn hoàn toàn mất thăng bằng, mọi thứ có thể mất kiểm soát và năng lượng dương mạnh có thể khuyến khích những xung động và dẫn bạn đến những hành động liều lĩnh.",1
decision_D_to_df_water,intro,"Đó là ngày mà cả sự phán xét và sự ổn định đều sụp đổ, khiến mọi quyết định đều trở nên nguy hiểm.",1
decision_D_to_df_water,effect,Những quyết định không ổn định sẽ dẫn tới hàng loạt kết quả tồi tệ.,1
decision_D_to_df_water,action,Hãy ngừng phán xét ngay hôm nay và tập trung vào việc phục hồi.,1
decision_D_to_df_water,state,"Bạn hoàn toàn có thể mất thăng bằng và mọi thứ có thể mất kiểm soát, đồng thời sức mạnh của mưa lớn và tuyết có thể khiến cảm xúc của bạn rung chuyển đến mức khó kiểm soát được.",1
decision_D_to_df_wood,intro,"Đó là ngày mà cả sự phán xét và sự ổn định đều sụp đổ, khiến mọi quyết định đều trở nên nguy hiểm.",1
decision_D_to_df_wood,effect,Những quyết định không ổn định sẽ dẫn tới hàng loạt kết quả tồi tệ.,1
decision_D_to_df_wood,action,Hãy ngừng phán xét ngay hôm nay và tập trung vào việc phục hồi.,1
decision_D_to_df_wood,state,"Nếu bạn hoàn toàn mất thăng bằng, mọi thứ có thể mất kiểm soát và năng lượng thay đổi dữ dội có thể khiến mọi dự đoán của bạn đi chệch hướng.",1
decision_D_to_ex_earth,intro,"Đó là ngày mà cả sự phán xét và sự ổn định đều sụp đổ, khiến mọi quyết định đều trở nên nguy hiểm.",1
decision_D_to_ex_earth,effect,Những quyết định không ổn định sẽ dẫn tới hàng loạt kết quả tồi tệ.,1
decision_D_to_ex_earth,action,Hãy ngừng phán xét ngay hôm nay và tập trung vào việc phục hồi.,1
decision_D_to_ex_earth,state,"Việc từ chối thay đổi có thể khiến khủng hoảng leo thang và khiến việc phục hồi trở nên khó khăn, đồng thời bầu không khí dày đặc, nhiều mây có thể làm mọi thứ chậm lại rất nhiều.",1
decision_D_to_ex_fire,intro,"Đó là ngày mà cả sự phán xét và sự ổn định đều sụp đổ, khiến mọi quyết định đều trở nên nguy hiểm.",1
decision_D_to_ex_fire,effect,Những quyết định không ổn định sẽ dẫn tới hàng loạt kết quả tồi tệ.,1
decision_D_to_ex_fire,action,Hãy ngừng phán xét ngay hôm nay và tập trung vào việc phục hồi.,1
decision_D_to_ex_fire,state,"Việc từ chối thay đổi có thể khiến khủng hoảng leo thang và khiến việc phục hồi trở nên khó khăn, đồng thời năng lượng tích cực mạnh mẽ có thể khuyến khích những xung động và dẫn đến những hành động liều lĩnh.",1
decision_D_to_ex_water,intro,"Đó là ngày mà cả sự phán xét và sự ổn định đều sụp đổ, khiến mọi quyết định đều trở nên nguy hiểm.",1
decision_D_to_ex_water,effect,Những quyết định không ổn định sẽ dẫn tới hàng loạt kết quả tồi tệ.,1
decision_D_to_ex_water,action,Hãy ngừng phán xét ngay hôm nay và tập trung vào việc phục hồi.,1
decision_D_to_ex_water,state,"Việc từ chối thay đổi có thể khiến khủng hoảng leo thang và khó phục hồi, đồng thời sức mạnh của mưa lớn và tuyết có thể làm rung chuyển cảm xúc một cách dữ dội, khiến việc kiểm soát trở nên khó khăn.",1
decision_D_to_ex_wood,intro,"Đó là ngày mà cả sự phán xét và sự ổn định đều sụp đổ, khiến mọi quyết định đều trở nên nguy hiểm.",1
decision_D_to_ex_wood,effect,Những quyết định không ổn định sẽ dẫn tới hàng loạt kết quả tồi tệ.,1
decision_D_to_ex_wood,action,Hãy ngừng phán xét ngay hôm nay và tập trung vào việc phục hồi.,1
decision_D_to_ex_wood,state,"Việc từ chối thay đổi có thể khiến khủng hoảng leo thang và khiến việc phục hồi trở nên khó khăn, đồng thời sức mạnh mãnh liệt của sự thay đổi có thể khiến mọi dự đoán đều sai lầm.",1
money_A,intro,"Dòng tài chính của bạn có thể mở ra đáng kể trong ngày hôm nay, dẫn đến những lợi ích bất ngờ.",1
money_A,intro,"Hôm nay, bạn sẽ tràn đầy năng lượng của sự giàu có và lợi nhuận mà bạn dự định sẽ trở thành hiện thực.",1
money_A,effect,Những tình huống thuận lợi có thể được tạo ra trong các khoản đầu tư hoặc giao dịch và kết quả có thể tốt hơn mong đợi.,1
money_A,effect,Có xu hướng tự do tài chính và dòng tài chính được chờ đợi từ lâu có xu hướng được giải phóng.,1
money_A,action,"Hôm nay, những quyết định tài chính chủ động có lợi hơn những lựa chọn thận trọng.",1
money_A,action,Chìa khóa hôm nay là đừng ngần ngại và hành động nếu có cơ hội.,1
money_A_geum_df_earth,intro,"Đó là ngày mà dòng chảy của cải mở ra không gặp trở ngại, mang lại lợi nhuận lớn hơn dự kiến.",1
money_A_geum_df_earth,effect,"Khả năng cảm nhận tài chính của bạn rất nhạy bén, giúp bạn nhận ra chính xác các cơ hội sinh lời.",1
money_A_geum_df_earth,action,Bạn có thể mạnh dạn nắm bắt cơ hội làm giàu mà bạn nhìn thấy bây giờ.,1
money_A_geum_df_earth,state,"Bình tĩnh phán đoán làm tăng trí tuệ, dẫn đến tuệ giác sâu sắc, và năng lượng bình tĩnh làm tăng trí tuệ, dẫn đến kết quả tốt.",1
money_A_geum_df_fire,intro,"Đó là ngày mà dòng chảy của cải mở ra không gặp trở ngại, mang lại lợi nhuận lớn hơn dự kiến.",1
money_A_geum_df_fire,effect,"Khả năng cảm nhận tài chính của bạn rất nhạy bén, giúp bạn nhận ra chính xác các cơ hội sinh lời.",1
money_A_geum_df_fire,action,Bạn có thể mạnh dạn nắm bắt cơ hội làm giàu mà bạn nhìn thấy bây giờ.,1
money_A_geum_df_fire,state,"Sự phán đoán bình tĩnh làm tăng sự khôn ngoan, dẫn đến cái nhìn sâu sắc, nguồn năng lượng sáng rõ làm tăng sức sống và tạo ra một dòng chảy tốt.",1
money_A_geum_df_water,intro,"Đó là ngày mà dòng chảy của cải mở ra không gặp trở ngại, mang lại lợi nhuận lớn hơn dự kiến.",1
money_A_geum_df_water,effect,"Khả năng cảm nhận tài chính của bạn rất nhạy bén, giúp bạn nhận ra chính xác các cơ hội sinh lời.",1
money_A_geum_df_water,action,Bạn có thể mạnh dạn nắm bắt cơ hội làm giàu mà bạn nhìn thấy bây giờ.,1
money_A_geum_df_water,state,"Sự phán đoán bình tĩnh làm tăng sự thận trọng và dẫn đến cái nhìn sâu sắc, và nguồn năng lượng mềm mại sẽ thanh lọc tâm trí một cách sâu sắc và mở ra tầm nhìn rõ ràng.",1
money_A_geum_df_wood,intro,"Đó là ngày mà dòng chảy của cải mở ra không gặp trở ngại, mang lại lợi nhuận lớn hơn dự kiến.",1
money_A_geum_df_wood,effect,"Khả năng cảm nhận tài chính của bạn rất nhạy bén, giúp bạn nhận ra chính xác các cơ hội sinh lời.",1
money_A_geum_df_wood,action,Bạn có thể mạnh dạn nắm bắt cơ hội làm giàu mà bạn nhìn thấy bây giờ.,1
money_A_geum_df_wood,state,"Sự phán đoán bình tĩnh làm tăng sự khôn ngoan, dẫn đến cái nhìn sâu sắc và năng lượng năng động mở ra những khả năng mới.",1
money_A_geum_ex_earth,intro,"Đó là ngày mà dòng chảy của cải mở ra không gặp trở ngại, mang lại lợi nhuận lớn hơn dự kiến.",1
money_A_geum_ex_earth,effect,"Khả năng cảm nhận tài chính của bạn rất nhạy bén, giúp bạn nhận ra chính xác các cơ hội sinh lời.",1
money_A_geum_ex_earth,action,Bạn có thể mạnh dạn nắm bắt cơ hội làm giàu mà bạn nhìn thấy bây giờ.,1
money_A_geum_ex_earth,state,"Khả năng phán đoán sắc bén xuyên suốt những điểm mấu chốt và đưa ra kết luận rõ ràng, năng lượng bình tĩnh làm tăng thêm sự thận trọng, dẫn đến kết quả tốt.",1
money_A_geum_ex_fire,intro,"Đó là ngày mà dòng chảy của cải mở ra không gặp trở ngại, mang lại lợi nhuận lớn hơn dự kiến.",1
money_A_geum_ex_fire,effect,"Khả năng cảm nhận tài chính của bạn rất nhạy bén, giúp bạn nhận ra chính xác các cơ hội sinh lời.",1
money_A_geum_ex_fire,action,Bạn có thể mạnh dạn nắm bắt cơ hội làm giàu mà bạn nhìn thấy bây giờ.,1
money_A_geum_ex_fire,state,"Khả năng phán đoán sắc bén xuyên suốt cốt lõi và rút ra kết luận rõ ràng, năng lượng rõ ràng tăng cường sinh lực và tạo ra dòng chảy tốt.",1
money_A_geum_ex_water,intro,"Đó là ngày mà dòng chảy của cải mở ra không gặp trở ngại, mang lại lợi nhuận lớn hơn dự kiến.",1
money_A_geum_ex_water,effect,"Khả năng cảm nhận tài chính của bạn rất nhạy bén, giúp bạn nhận ra chính xác các cơ hội sinh lời.",1
money_A_geum_ex_water,action,Bạn có thể mạnh dạn nắm bắt cơ hội làm giàu mà bạn nhìn thấy bây giờ.,1
money_A_geum_ex_water,state,"Khả năng phán đoán sắc bén xuyên thấu cốt lõi và đưa ra kết luận rõ ràng, năng lượng ẩm giúp tinh lọc sâu sắc tâm trí và mở ra tầm nhìn rõ ràng.",1
money_A_geum_ex_wood,intro,"Đó là ngày mà dòng chảy của cải mở ra không gặp trở ngại, mang lại lợi nhuận lớn hơn dự kiến.",1
money_A_geum_ex_wood,effect,"Khả năng cảm nhận tài chính của bạn rất nhạy bén, giúp bạn nhận ra chính xác các cơ hội sinh lời.",1
money_A_geum_ex_wood,action,Bạn có thể mạnh dạn nắm bắt cơ hội làm giàu mà bạn nhìn thấy bây giờ.,1
money_A_geum_ex_wood,state,"Khả năng phán đoán sắc bén đi sâu vào cốt lõi và đưa ra kết luận rõ ràng, năng lượng năng động mở ra những khả năng mới.",1
money_A_hwa_df_earth,intro,Đó là ngày mà bản năng làm giàu của bạn trở nên nổi bật và bạn nhanh chóng nhận ra những cơ hội kiếm tiền.,1
money_A_hwa_df_earth,effect,Phán đoán trực quan phù hợp chính xác với dòng chảy của cải và dẫn đến lợi nhuận.,1
money_A_hwa_df_earth,action,Đừng ngần ngại đưa ra lựa chọn dựa trên cảm xúc của bạn.,1
money_A_hwa_df_earth,state,"Nội tâm bình tĩnh mang lại cho bạn sức mạnh để thể hiện trọn vẹn sự chân thành của mình, và năng lượng bình tĩnh làm tăng sự thận trọng, dẫn đến kết quả tốt.",1
money_A_hwa_df_fire,intro,Đó là ngày mà bản năng làm giàu của bạn trở nên nổi bật và bạn nhanh chóng nhận ra những cơ hội kiếm tiền.,1
money_A_hwa_df_fire,effect,Phán đoán trực quan phù hợp chính xác với dòng chảy của cải và dẫn đến lợi nhuận.,1
money_A_hwa_df_fire,action,Đừng ngần ngại đưa ra lựa chọn dựa trên cảm xúc của bạn.,1
money_A_hwa_df_fire,state,"Nội tâm bình tĩnh mang lại cho bạn sức mạnh để thể hiện trọn vẹn sự chân thành của mình, đồng thời nguồn năng lượng sáng rõ sẽ nâng cao sức sống của bạn và tạo ra một dòng chảy tốt đẹp.",1
money_A_hwa_df_water,intro,Đó là ngày mà bản năng làm giàu của bạn trở nên nổi bật và bạn nhanh chóng nhận ra những cơ hội kiếm tiền.,1
money_A_hwa_df_water,effect,Phán đoán trực quan phù hợp chính xác với dòng chảy của cải và dẫn đến lợi nhuận.,1
money_A_hwa_df_water,action,Đừng ngần ngại đưa ra lựa chọn dựa trên cảm xúc của bạn.,1
money_A_hwa_df_water,state,Nội tâm bình tĩnh mang lại cho bạn sức mạnh để thể hiện trọn vẹn cảm xúc thật của mình và năng lượng ẩm sẽ thanh lọc tâm trí bạn một cách sâu sắc và mở ra tầm nhìn rõ ràng.,1
money_A_hwa_df_wood,intro,Đó là ngày mà bản năng làm giàu của bạn trở nên nổi bật và bạn nhanh chóng nhận ra những cơ hội kiếm tiền.,1
money_A_hwa_df_wood,effect,Phán đoán trực quan phù hợp chính xác với dòng chảy của cải và dẫn đến lợi nhuận.,1
money_A_hwa_df_wood,action,Đừng ngần ngại đưa ra lựa chọn dựa trên cảm xúc của bạn.,1
money_A_hwa_df_wood,state,Nội tâm bình tĩnh mang lại cho bạn sức mạnh để thể hiện trọn vẹn sự chân thành của mình và năng lượng năng động sẽ mở ra những khả năng mới.,1
money_A_hwa_ex_earth,intro,Đó là ngày mà bản năng làm giàu của bạn trở nên nổi bật và bạn nhanh chóng nhận ra những cơ hội kiếm tiền.,1
money_A_hwa_ex_earth,effect,Phán đoán trực quan phù hợp chính xác với dòng chảy của cải và dẫn đến lợi nhuận.,1
money_A_hwa_ex_earth,action,Đừng ngần ngại đưa ra lựa chọn dựa trên cảm xúc của bạn.,1
money_A_hwa_ex_earth,state,"Niềm đam mê dâng trào làm tăng đáng kể động lực và tạo ra một dòng chảy tốt, năng lượng bình tĩnh làm tăng sự thận trọng, dẫn đến kết quả tốt.",1
money_A_hwa_ex_fire,intro,Đó là ngày mà bản năng làm giàu của bạn trở nên nổi bật và bạn nhanh chóng nhận ra những cơ hội kiếm tiền.,1
money_A_hwa_ex_fire,effect,Phán đoán trực quan phù hợp chính xác với dòng chảy của cải và dẫn đến lợi nhuận.,1
money_A_hwa_ex_fire,action,Đừng ngần ngại đưa ra lựa chọn dựa trên cảm xúc của bạn.,1
money_A_hwa_ex_fire,state,"Niềm đam mê dâng trào làm tăng đáng kể động lực và tạo ra một dòng chảy tốt, nguồn năng lượng sáng rõ làm tăng sức sống và tạo ra một dòng chảy tốt.",1
money_A_hwa_ex_water,intro,Đó là ngày mà bản năng làm giàu của bạn trở nên nổi bật và bạn nhanh chóng nhận ra những cơ hội kiếm tiền.,1
money_A_hwa_ex_water,effect,Phán đoán trực quan phù hợp chính xác với dòng chảy của cải và dẫn đến lợi nhuận.,1
money_A_hwa_ex_water,action,Đừng ngần ngại đưa ra lựa chọn dựa trên cảm xúc của bạn.,1
money_A_hwa_ex_water,state,"Niềm đam mê dâng trào làm tăng đáng kể động lực và tạo ra một dòng chảy tốt, nguồn năng lượng mềm mại giúp thanh lọc tâm trí một cách sâu sắc và mở ra tầm nhìn rõ ràng.",1
money_A_hwa_ex_wood,intro,Đó là ngày mà bản năng làm giàu của bạn trở nên nổi bật và bạn nhanh chóng nhận ra những cơ hội kiếm tiền.,1
money_A_hwa_ex_wood,effect,Phán đoán trực quan phù hợp chính xác với dòng chảy của cải và dẫn đến lợi nhuận.,1
money_A_hwa_ex_wood,action,Đừng ngần ngại đưa ra lựa chọn dựa trên cảm xúc của bạn.,1
money_A_hwa_ex_wood,state,"Niềm đam mê dâng trào làm tăng động lực lên rất nhiều, tạo ra dòng chảy tốt, năng lượng năng động mở ra những khả năng mới.",1
money_A_mok_df_earth,intro,Đó là ngày mà năng lượng mở rộng của cải lên đến đỉnh điểm và thu nhập đến từ nhiều hướng.,1
money_A_mok_df_earth,effect,"Khi nhiều kênh tài sản khác nhau được mở đồng thời, tổng lợi nhuận sẽ tăng lên đáng kể.",1
money_A_mok_df_earth,action,Tích cực khám phá các nguồn thu nhập mới.,1
money_A_mok_df_earth,state,"Một cách tiếp cận thận trọng thực sự tạo ra một khởi đầu vững chắc, và một năng lượng bình tĩnh làm tăng sự thận trọng, dẫn đến kết quả tốt.",1
money_A_mok_df_fire,intro,Đó là ngày mà năng lượng mở rộng của cải lên đến đỉnh điểm và thu nhập đến từ nhiều hướng.,1
money_A_mok_df_fire,effect,"Khi nhiều kênh tài sản khác nhau được mở đồng thời, tổng lợi nhuận sẽ tăng lên đáng kể.",1
money_A_mok_df_fire,action,Tích cực khám phá các nguồn thu nhập mới.,1
money_A_mok_df_fire,state,"Một cách tiếp cận thận trọng thực sự tạo ra một khởi đầu vững chắc, và năng lượng rõ ràng sẽ tăng cường sức sống và tạo ra một dòng chảy tốt.",1
money_A_mok_df_water,intro,Đó là ngày mà năng lượng mở rộng của cải lên đến đỉnh điểm và thu nhập đến từ nhiều hướng.,1
money_A_mok_df_water,effect,"Khi nhiều kênh tài sản khác nhau được mở đồng thời, tổng lợi nhuận sẽ tăng lên đáng kể.",1
money_A_mok_df_water,action,Tích cực khám phá các nguồn thu nhập mới.,1
money_A_mok_df_water,state,"Một cách tiếp cận thận trọng tạo ra một khởi đầu vững chắc, và năng lượng ẩm sẽ thanh lọc tâm trí một cách sâu sắc và mở ra tầm nhìn rõ ràng.",1
money_A_mok_df_wood,intro,Đó là ngày mà năng lượng mở rộng của cải lên đến đỉnh điểm và thu nhập đến từ nhiều hướng.,1
money_A_mok_df_wood,effect,"Khi nhiều kênh tài sản khác nhau được mở đồng thời, tổng lợi nhuận sẽ tăng lên đáng kể.",1
money_A_mok_df_wood,action,Tích cực khám phá các nguồn thu nhập mới.,1
money_A_mok_df_wood,state,"Cách tiếp cận thận trọng tạo nên sự khởi đầu vững chắc, năng lượng năng động mở ra những khả năng mới.",1
money_A_mok_ex_earth,intro,Đó là ngày mà năng lượng mở rộng của cải lên đến đỉnh điểm và thu nhập đến từ nhiều hướng.,1
money_A_mok_ex_earth,effect,"Khi nhiều kênh tài sản khác nhau được mở đồng thời, tổng lợi nhuận sẽ tăng lên đáng kể.",1
money_A_mok_ex_earth,action,Tích cực khám phá các nguồn thu nhập mới.,1
money_A_mok_ex_earth,state,"Một ý chí mạnh mẽ sẽ tích cực mở ra những cơ hội mới, và một năng lượng bình tĩnh làm tăng sự thận trọng, dẫn đến kết quả tốt.",1
money_A_mok_ex_fire,intro,Đó là ngày mà năng lượng mở rộng của cải lên đến đỉnh điểm và thu nhập đến từ nhiều hướng.,1
money_A_mok_ex_fire,effect,"Khi nhiều kênh tài sản khác nhau được mở đồng thời, tổng lợi nhuận sẽ tăng lên đáng kể.",1
money_A_mok_ex_fire,action,Tích cực khám phá các nguồn thu nhập mới.,1
money_A_mok_ex_fire,state,"Ý chí mạnh mẽ sẽ tích cực mở ra những cơ hội mới, nguồn năng lượng sáng rõ làm tăng sinh lực và tạo nên dòng chảy tốt đẹp.",1
money_A_mok_ex_water,intro,Đó là ngày mà năng lượng mở rộng của cải lên đến đỉnh điểm và thu nhập đến từ nhiều hướng.,1
money_A_mok_ex_water,effect,"Khi nhiều kênh tài sản khác nhau được mở đồng thời, tổng lợi nhuận sẽ tăng lên đáng kể.",1
money_A_mok_ex_water,action,Tích cực khám phá các nguồn thu nhập mới.,1
money_A_mok_ex_water,state,"Ý chí mạnh mẽ sẽ tích cực mở ra những cơ hội mới, năng lượng ẩm sẽ rèn luyện tâm trí một cách sâu sắc và mở ra tầm nhìn rõ ràng.",1
money_A_mok_ex_wood,intro,Đó là ngày mà năng lượng mở rộng của cải lên đến đỉnh điểm và thu nhập đến từ nhiều hướng.,1
money_A_mok_ex_wood,effect,"Khi nhiều kênh tài sản khác nhau được mở đồng thời, tổng lợi nhuận sẽ tăng lên đáng kể.",1
money_A_mok_ex_wood,action,Tích cực khám phá các nguồn thu nhập mới.,1
money_A_mok_ex_wood,state,"Một ý chí mạnh mẽ sẽ tích cực mở ra những cơ hội mới, và một năng lượng năng động sẽ mở ra những khả năng mới.",1
money_A_su_df_earth,intro,Đây là ngày mà tiền bạc đến vào thời điểm thuận lợi vì bạn có cảm giác tuyệt vời trong việc điều khiển dòng chảy của cải.,1
money_A_su_df_earth,effect,Một quyết định đi theo dòng chảy sẽ tạo ra kết quả vượt quá mong đợi.,1
money_A_su_df_earth,action,Đừng bỏ lỡ thời gian và hành động một cách chủ động.,1
money_A_su_df_earth,state,"Một trung tâm vững chắc giúp bạn duy trì phương hướng của mình mà không dao động, và một năng lượng bình tĩnh làm tăng sự thận trọng, dẫn đến kết quả tốt.",1
money_A_su_df_fire,intro,Đây là ngày mà tiền bạc đến vào thời điểm thuận lợi vì bạn có cảm giác tuyệt vời trong việc điều khiển dòng chảy của cải.,1
money_A_su_df_fire,effect,Một quyết định đi theo dòng chảy sẽ tạo ra kết quả vượt quá mong đợi.,1
money_A_su_df_fire,action,Đừng bỏ lỡ thời gian và hành động một cách chủ động.,1
money_A_su_df_fire,state,"Một trung tâm vững chắc giúp bạn đi đúng hướng mà không dao động, và nguồn năng lượng sáng rõ sẽ tăng cường sinh lực và tạo ra một dòng chảy tốt.",1
money_A_su_df_water,intro,Đây là ngày mà tiền bạc đến vào thời điểm thuận lợi vì bạn có cảm giác tuyệt vời trong việc điều khiển dòng chảy của cải.,1
money_A_su_df_water,effect,Một quyết định đi theo dòng chảy sẽ tạo ra kết quả vượt quá mong đợi.,1
money_A_su_df_water,action,Đừng bỏ lỡ thời gian và hành động một cách chủ động.,1
money_A_su_df_water,state,"Một trung tâm vững chắc giúp bạn giữ vững phương hướng mà không dao động, và năng lượng ẩm sẽ thanh lọc tâm trí bạn một cách sâu sắc và mở ra tầm nhìn rõ ràng.",1
money_A_su_df_wood,intro,Đây là ngày mà tiền bạc đến vào thời điểm thuận lợi vì bạn có cảm giác tuyệt vời trong việc điều khiển dòng chảy của cải.,1
money_A_su_df_wood,effect,Một quyết định đi theo dòng chảy sẽ tạo ra kết quả vượt quá mong đợi.,1
money_A_su_df_wood,action,Đừng bỏ lỡ thời gian và hành động một cách chủ động.,1
money_A_su_df_wood,state,"Một trung tâm vững chắc duy trì phương hướng mà không dao động, và năng lượng động mở ra những khả năng mới.",1
money_A_su_ex_earth,intro,Đây là ngày mà tiền bạc đến vào thời điểm thuận lợi vì bạn có cảm giác tuyệt vời trong việc điều khiển dòng chảy của cải.,1
money_A_su_ex_earth,effect,Một quyết định đi theo dòng chảy sẽ tạo ra kết quả vượt quá mong đợi.,1
money_A_su_ex_earth,action,Đừng bỏ lỡ thời gian và hành động một cách chủ động.,1
money_A_su_ex_earth,state,"Sự nhạy cảm phong phú dẫn đến cái nhìn sâu sắc và giúp phán đoán tốt, năng lượng bình tĩnh làm tăng sự thận trọng, dẫn đến kết quả tốt.",1
money_A_su_ex_fire,intro,Đây là ngày mà tiền bạc đến vào thời điểm thuận lợi vì bạn có cảm giác tuyệt vời trong việc điều khiển dòng chảy của cải.,1
money_A_su_ex_fire,effect,Một quyết định đi theo dòng chảy sẽ tạo ra kết quả vượt quá mong đợi.,1
money_A_su_ex_fire,action,Đừng bỏ lỡ thời gian và hành động một cách chủ động.,1
money_A_su_ex_fire,state,"Sự nhạy cảm phong phú dẫn đến cái nhìn sâu sắc và giúp đưa ra những quyết định đúng đắn, đồng thời năng lượng rõ ràng làm tăng sức sống và tạo ra một dòng chảy tốt.",1
money_A_su_ex_water,intro,Đây là ngày mà tiền bạc đến vào thời điểm thuận lợi vì bạn có cảm giác tuyệt vời trong việc điều khiển dòng chảy của cải.,1
money_A_su_ex_water,effect,Một quyết định đi theo dòng chảy sẽ tạo ra kết quả vượt quá mong đợi.,1
money_A_su_ex_water,action,Đừng bỏ lỡ thời gian và hành động một cách chủ động.,1
money_A_su_ex_water,state,"Sự nhạy cảm phong phú dẫn đến cái nhìn sâu sắc và giúp phán đoán tốt, đồng thời năng lượng ẩm giúp thanh lọc tâm trí một cách sâu sắc và mở ra tầm nhìn rõ ràng.",1
money_A_su_ex_wood,intro,Đây là ngày mà tiền bạc đến vào thời điểm thuận lợi vì bạn có cảm giác tuyệt vời trong việc điều khiển dòng chảy của cải.,1
money_A_su_ex_wood,effect,Một quyết định đi theo dòng chảy sẽ tạo ra kết quả vượt quá mong đợi.,1
money_A_su_ex_wood,action,Đừng bỏ lỡ thời gian và hành động một cách chủ động.,1
money_A_su_ex_wood,state,"Sự nhạy cảm phong phú dẫn đến cái nhìn sâu sắc và giúp đưa ra những quyết định đúng đắn, đồng thời năng lượng năng động mở ra những khả năng mới.",1
money_A_to_df_earth,intro,Đó là ngày mà nền tảng tài chính ổn định được hình thành vững chắc và thu nhập được duy trì đều đặn.,1
money_A_to_df_earth,effect,Dòng tài sản không ngừng đảm bảo thu nhập dự kiến ổn định.,1
money_A_to_df_earth,action,Tăng cơ sở tài sản của bạn bằng cách tập trung vào các khoản đầu tư hoặc tiết kiệm ổn định.,1
money_A_to_df_earth,state,"Một thái độ linh hoạt cho phép bạn chấp nhận những xu hướng mới một cách tự nhiên, và năng lượng bình tĩnh sẽ làm tăng sự thận trọng, dẫn đến kết quả tốt.",1
money_A_to_df_fire,intro,Đó là ngày mà nền tảng tài chính ổn định được hình thành vững chắc và thu nhập được duy trì đều đặn.,1
money_A_to_df_fire,effect,Dòng tài sản không ngừng đảm bảo thu nhập dự kiến ổn định.,1
money_A_to_df_fire,action,Tăng cơ sở tài sản của bạn bằng cách tập trung vào các khoản đầu tư hoặc tiết kiệm ổn định.,1
money_A_to_df_fire,state,"Một thái độ linh hoạt cho phép bạn chấp nhận những xu hướng mới một cách tự nhiên, năng lượng rõ ràng làm tăng sức sống và tạo ra một dòng chảy tốt.",1
money_A_to_df_water,intro,Đó là ngày mà nền tảng tài chính ổn định được hình thành vững chắc và thu nhập được duy trì đều đặn.,1
money_A_to_df_water,effect,Dòng tài sản không ngừng đảm bảo thu nhập dự kiến ổn định.,1
money_A_to_df_water,action,Tăng cơ sở tài sản của bạn bằng cách tập trung vào các khoản đầu tư hoặc tiết kiệm ổn định.,1
money_A_to_df_water,state,"Một thái độ linh hoạt cho phép bạn chấp nhận các xu hướng mới một cách tự nhiên, và năng lượng ẩm sẽ thanh lọc tâm trí một cách sâu sắc và mở ra tầm nhìn rõ ràng.",1
money_A_to_df_wood,intro,Đó là ngày mà nền tảng tài chính ổn định được hình thành vững chắc và thu nhập được duy trì đều đặn.,1
money_A_to_df_wood,effect,Dòng tài sản không ngừng đảm bảo thu nhập dự kiến ổn định.,1
money_A_to_df_wood,action,Tăng cơ sở tài sản của bạn bằng cách tập trung vào các khoản đầu tư hoặc tiết kiệm ổn định.,1
money_A_to_df_wood,state,Một thái độ linh hoạt cho phép bạn chấp nhận những xu hướng mới một cách tự nhiên và năng lượng năng động sẽ mở ra những khả năng mới.,1
money_A_to_ex_earth,intro,Đó là ngày mà nền tảng tài chính ổn định được hình thành vững chắc và thu nhập được duy trì đều đặn.,1
money_A_to_ex_earth,effect,Dòng tài sản không ngừng đảm bảo thu nhập dự kiến ổn định.,1
money_A_to_ex_earth,action,Tăng cơ sở tài sản của bạn bằng cách tập trung vào các khoản đầu tư hoặc tiết kiệm ổn định.,1
money_A_to_ex_earth,state,"Một cảm giác ổn định mạnh mẽ trở thành nền tảng vững chắc cho mọi việc, và một năng lượng bình tĩnh làm tăng tính thận trọng, dẫn đến kết quả tốt.",1
money_A_to_ex_fire,intro,Đó là ngày mà nền tảng tài chính ổn định được hình thành vững chắc và thu nhập được duy trì đều đặn.,1
money_A_to_ex_fire,effect,Dòng tài sản không ngừng đảm bảo thu nhập dự kiến ổn định.,1
money_A_to_ex_fire,action,Tăng cơ sở tài sản của bạn bằng cách tập trung vào các khoản đầu tư hoặc tiết kiệm ổn định.,1
money_A_to_ex_fire,state,"Cảm giác ổn định mạnh mẽ trở thành nền tảng vững chắc cho mọi thứ, nguồn năng lượng sáng rõ tăng cường sức sống và tạo ra một dòng chảy tốt.",1
money_A_to_ex_water,intro,Đó là ngày mà nền tảng tài chính ổn định được hình thành vững chắc và thu nhập được duy trì đều đặn.,1
money_A_to_ex_water,effect,Dòng tài sản không ngừng đảm bảo thu nhập dự kiến ổn định.,1
money_A_to_ex_water,action,Tăng cơ sở tài sản của bạn bằng cách tập trung vào các khoản đầu tư hoặc tiết kiệm ổn định.,1
money_A_to_ex_water,state,"Cảm giác ổn định mạnh mẽ trở thành nền tảng vững chắc cho mọi thứ, và năng lượng ẩm sẽ thanh lọc tâm trí một cách sâu sắc và mở ra tầm nhìn rõ ràng.",1
money_A_to_ex_wood,intro,Đó là ngày mà nền tảng tài chính ổn định được hình thành vững chắc và thu nhập được duy trì đều đặn.,1
money_A_to_ex_wood,effect,Dòng tài sản không ngừng đảm bảo thu nhập dự kiến ổn định.,1
money_A_to_ex_wood,action,Tăng cơ sở tài sản của bạn bằng cách tập trung vào các khoản đầu tư hoặc tiết kiệm ổn định.,1
money_A_to_ex_wood,state,Cảm giác ổn định mạnh mẽ mang lại nền tảng vững chắc cho mọi thứ và năng lượng năng động mở ra những khả năng mới.,1
money_B,intro,Hôm nay là ngày tiền bạc trôi chảy và bạn có thể cân bằng tốt tài chính của mình.,1
money_B,intro,"Hôm nay, năng lượng tài chính của bạn ổn định, thu nhập và chi tiêu của bạn cân bằng.",1
money_B,effect,Xu hướng tích cực tiếp tục khi doanh thu dự kiến tăng hoặc chi phí giảm.,1
money_B,effect,"Dòng chảy của cải rất sống động nên nếu tận dụng những cơ hội nhỏ, bạn có thể kiếm được rất nhiều tiền.",1
money_B,action,Bạn có thể tối đa hóa vận may tài chính của mình ngay hôm nay bằng cách tổ chức tốt số tiền kiếm được và giảm chi tiêu không cần thiết.,1
money_B,action,"Nếu bạn có một ý tưởng tài chính mới, hôm nay là một ngày tốt để xem xét nó.",1
money_B_geum_df_earth,intro,Đó là ngày mà sự giàu có trôi chảy và thu nhập ổn định được duy trì.,1
money_B_geum_df_earth,effect,Dòng tài chính được cân bằng và lợi nhuận được tạo ra trong phạm vi dự kiến.,1
money_B_geum_df_earth,action,Tập trung vào quản lý tài chính ổn định hơn là đầu tư quá mức.,1
money_B_geum_df_earth,state,"Ngay cả khi quyết tâm của bạn trở nên mờ mịt, dòng chảy của cuộc sống hàng ngày vẫn tiếp tục suôn sẻ, và năng lượng mây mù làm tăng thêm bầu không khí tĩnh lặng, tạo cảm giác yên bình.",1
money_B_geum_df_fire,intro,Đó là ngày mà sự giàu có trôi chảy và thu nhập ổn định được duy trì.,1
money_B_geum_df_fire,effect,Dòng tài chính được cân bằng và lợi nhuận được tạo ra trong phạm vi dự kiến.,1
money_B_geum_df_fire,action,Tập trung vào quản lý tài chính ổn định hơn là đầu tư quá mức.,1
money_B_geum_df_fire,state,"Ngay cả khi quyết tâm của bạn trở nên mờ mịt, dòng chảy cuộc sống hàng ngày của bạn vẫn tiếp tục suôn sẻ, và nguồn năng lượng sáng rõ tiếp thêm sức sống nhẹ nhàng, tạo nên một dòng chảy trôi chảy.",1
money_B_geum_df_water,intro,Đó là ngày mà sự giàu có trôi chảy và thu nhập ổn định được duy trì.,1
money_B_geum_df_water,effect,Dòng tài chính được cân bằng và lợi nhuận được tạo ra trong phạm vi dự kiến.,1
money_B_geum_df_water,action,Tập trung vào quản lý tài chính ổn định hơn là đầu tư quá mức.,1
money_B_geum_df_water,state,"Ngay cả khi quyết tâm của bạn trở nên buồn tẻ, dòng chảy của cuộc sống hàng ngày vẫn tiếp tục suôn sẻ và nguồn năng lượng mềm mại mang lại cảm giác êm đềm kéo dài cho cảm xúc của bạn.",1
money_B_geum_df_wood,intro,Đó là ngày mà sự giàu có trôi chảy và thu nhập ổn định được duy trì.,1
money_B_geum_df_wood,effect,Dòng tài chính được cân bằng và lợi nhuận được tạo ra trong phạm vi dự kiến.,1
money_B_geum_df_wood,action,Tập trung vào quản lý tài chính ổn định hơn là đầu tư quá mức.,1
money_B_geum_df_wood,state,"Ngay cả khi quyết tâm của bạn trở nên mờ mịt, dòng chảy của cuộc sống hàng ngày vẫn tiếp tục suôn sẻ và năng lượng thay đổi nhỏ sẽ bổ sung thêm sự kích thích thích hợp.",1
money_B_geum_ex_earth,intro,Đó là ngày mà sự giàu có trôi chảy và thu nhập ổn định được duy trì.,1
money_B_geum_ex_earth,effect,Dòng tài chính được cân bằng và lợi nhuận được tạo ra trong phạm vi dự kiến.,1
money_B_geum_ex_earth,action,Tập trung vào quản lý tài chính ổn định hơn là đầu tư quá mức.,1
money_B_geum_ex_earth,state,"Khả năng phán đoán mang tính phân tích diễn ra một cách tự nhiên với tốc độ thông thường và nguồn năng lượng trầm góp phần tạo nên bầu không khí yên tĩnh, tạo cảm giác yên bình.",1
money_B_geum_ex_fire,intro,Đó là ngày mà sự giàu có trôi chảy và thu nhập ổn định được duy trì.,1
money_B_geum_ex_fire,effect,Dòng tài chính được cân bằng và lợi nhuận được tạo ra trong phạm vi dự kiến.,1
money_B_geum_ex_fire,action,Tập trung vào quản lý tài chính ổn định hơn là đầu tư quá mức.,1
money_B_geum_ex_fire,state,"Phán đoán phân tích diễn ra theo nhịp độ thông thường một cách tự nhiên và nguồn năng lượng sáng rõ tiếp thêm sức sống nhẹ nhàng, tạo nên một dòng chảy trôi chảy.",1
money_B_geum_ex_water,intro,Đó là ngày mà sự giàu có trôi chảy và thu nhập ổn định được duy trì.,1
money_B_geum_ex_water,effect,Dòng tài chính được cân bằng và lợi nhuận được tạo ra trong phạm vi dự kiến.,1
money_B_geum_ex_water,action,Tập trung vào quản lý tài chính ổn định hơn là đầu tư quá mức.,1
money_B_geum_ex_water,state,Khả năng phán đoán mang tính phân tích diễn ra một cách tự nhiên theo tốc độ thông thường của bạn và nguồn năng lượng mềm mại sẽ mang lại dư vị êm dịu cho cảm xúc của bạn.,1
money_B_geum_ex_wood,intro,Đó là ngày mà sự giàu có trôi chảy và thu nhập ổn định được duy trì.,1
money_B_geum_ex_wood,effect,Dòng tài chính được cân bằng và lợi nhuận được tạo ra trong phạm vi dự kiến.,1
money_B_geum_ex_wood,action,Tập trung vào quản lý tài chính ổn định hơn là đầu tư quá mức.,1
money_B_geum_ex_wood,state,Phán đoán mang tính phân tích diễn ra theo nhịp độ thông thường một cách tự nhiên và năng lượng thay đổi nhỏ sẽ tạo thêm sự kích thích thích hợp.,1
money_B_hwa_df_earth,intro,Đó là ngày bạn có ý thức tốt về sự giàu có và ít mắc sai lầm hơn trong các quyết định liên quan đến tiền bạc.,1
money_B_hwa_df_earth,effect,Phán đoán giàu có trực quan tạo ra kết quả trên mức trung bình.,1
money_B_hwa_df_earth,action,Hãy sử dụng cảm giác giàu có của mình để tích cực nắm bắt những cơ hội tốt.,1
money_B_hwa_df_earth,state,"Mặc dù biểu hiện bị hạn chế nhưng sự ổn định của mối quan hệ vẫn dễ dàng được duy trì và nguồn năng lượng trầm làm tăng thêm bầu không khí yên tĩnh, dẫn đến cảm giác yên bình.",1
money_B_hwa_df_fire,intro,Đó là ngày bạn có ý thức tốt về sự giàu có và ít mắc sai lầm hơn trong các quyết định liên quan đến tiền bạc.,1
money_B_hwa_df_fire,effect,Phán đoán giàu có trực quan tạo ra kết quả trên mức trung bình.,1
money_B_hwa_df_fire,action,Hãy sử dụng cảm giác giàu có của mình để tích cực nắm bắt những cơ hội tốt.,1
money_B_hwa_df_fire,state,"Ngay cả khi hạn chế biểu hiện, sự ổn định của mối quan hệ vẫn dễ dàng được duy trì, nguồn năng lượng sáng rõ tiếp thêm sức sống nhẹ nhàng, tạo nên dòng chảy trôi chảy.",1
money_B_hwa_df_water,intro,Đó là ngày bạn có ý thức tốt về sự giàu có và ít mắc sai lầm hơn trong các quyết định liên quan đến tiền bạc.,1
money_B_hwa_df_water,effect,Phán đoán giàu có trực quan tạo ra kết quả trên mức trung bình.,1
money_B_hwa_df_water,action,Hãy sử dụng cảm giác giàu có của mình để tích cực nắm bắt những cơ hội tốt.,1
money_B_hwa_df_water,state,"Ngay cả khi những biểu hiện bị hạn chế, sự ổn định của mối quan hệ vẫn dễ dàng được duy trì và nguồn năng lượng mềm mại mang lại cảm giác êm đềm kéo dài cho cảm xúc.",1
money_B_hwa_df_wood,intro,Đó là ngày bạn có ý thức tốt về sự giàu có và ít mắc sai lầm hơn trong các quyết định liên quan đến tiền bạc.,1
money_B_hwa_df_wood,effect,Phán đoán giàu có trực quan tạo ra kết quả trên mức trung bình.,1
money_B_hwa_df_wood,action,Hãy sử dụng cảm giác giàu có của mình để tích cực nắm bắt những cơ hội tốt.,1
money_B_hwa_df_wood,state,"Ngay cả khi những biểu hiện bị hạn chế, sự ổn định của mối quan hệ vẫn dễ dàng được duy trì và năng lượng thay đổi nhỏ sẽ tăng thêm sự kích thích thích hợp.",1
money_B_hwa_ex_earth,intro,Đó là ngày bạn có ý thức tốt về sự giàu có và ít mắc sai lầm hơn trong các quyết định liên quan đến tiền bạc.,1
money_B_hwa_ex_earth,effect,Phán đoán giàu có trực quan tạo ra kết quả trên mức trung bình.,1
money_B_hwa_ex_earth,action,Hãy sử dụng cảm giác giàu có của mình để tích cực nắm bắt những cơ hội tốt.,1
money_B_hwa_ex_earth,state,"Niềm đam mê còn sống nhưng sự cân bằng cũng được duy trì, dẫn đến một ngày ổn định, năng lượng mây mù tạo thêm bầu không khí tĩnh lặng, dẫn đến sự thanh thản.",1
money_B_hwa_ex_fire,intro,Đó là ngày bạn có ý thức tốt về sự giàu có và ít mắc sai lầm hơn trong các quyết định liên quan đến tiền bạc.,1
money_B_hwa_ex_fire,effect,Phán đoán giàu có trực quan tạo ra kết quả trên mức trung bình.,1
money_B_hwa_ex_fire,action,Hãy sử dụng cảm giác giàu có của mình để tích cực nắm bắt những cơ hội tốt.,1
money_B_hwa_ex_fire,state,"Niềm đam mê còn sống nhưng sự cân bằng cũng được duy trì, dẫn đến một ngày ổn định, nguồn năng lượng sáng rõ tiếp thêm sức sống nhẹ nhàng, tạo nên dòng chảy trôi chảy.",1
money_B_hwa_ex_water,intro,Đó là ngày bạn có ý thức tốt về sự giàu có và ít mắc sai lầm hơn trong các quyết định liên quan đến tiền bạc.,1
money_B_hwa_ex_water,effect,Phán đoán giàu có trực quan tạo ra kết quả trên mức trung bình.,1
money_B_hwa_ex_water,action,Hãy sử dụng cảm giác giàu có của mình để tích cực nắm bắt những cơ hội tốt.,1
money_B_hwa_ex_water,state,"Niềm đam mê vẫn tồn tại và sự cân bằng được duy trì, dẫn đến một ngày ổn định và nguồn năng lượng mềm mại mang lại cảm giác êm đềm kéo dài cho cảm xúc.",1
money_B_hwa_ex_wood,intro,Đó là ngày bạn có ý thức tốt về sự giàu có và ít mắc sai lầm hơn trong các quyết định liên quan đến tiền bạc.,1
money_B_hwa_ex_wood,effect,Phán đoán giàu có trực quan tạo ra kết quả trên mức trung bình.,1
money_B_hwa_ex_wood,action,Hãy sử dụng cảm giác giàu có của mình để tích cực nắm bắt những cơ hội tốt.,1
money_B_hwa_ex_wood,state,"Niềm đam mê sống động và cân bằng, dẫn đến một ngày ổn định, và một chút năng lượng thay đổi sẽ bổ sung thêm sự kích thích thích hợp.",1
money_B_mok_df_earth,intro,Đó là ngày mà sự giàu có dần dần tăng lên.,1
money_B_mok_df_earth,effect,Sự mở rộng ổn định của cải dẫn đến sự gia tăng tổng thu nhập.,1
money_B_mok_df_earth,action,Bắt đầu đầu tư hoặc tiết kiệm để tăng trưởng tài sản lâu dài.,1
money_B_mok_df_earth,state,"Ngay cả khi bạn thận trọng khi thử những điều mới, cuộc sống hàng ngày của bạn vẫn trôi chảy đều đặn và nguồn năng lượng trầm càng tạo thêm bầu không khí tĩnh lặng, dẫn đến cảm giác yên bình.",1
money_B_mok_df_fire,intro,Đó là ngày mà sự giàu có dần dần tăng lên.,1
money_B_mok_df_fire,effect,Sự mở rộng ổn định của cải dẫn đến sự gia tăng tổng thu nhập.,1
money_B_mok_df_fire,action,Bắt đầu đầu tư hoặc tiết kiệm để tăng trưởng tài sản lâu dài.,1
money_B_mok_df_fire,state,"Ngay cả khi bạn thận trọng khi thử những điều mới, cuộc sống hàng ngày của bạn vẫn trôi chảy đều đặn và nguồn năng lượng sáng rõ tiếp thêm sức sống nhẹ nhàng, tạo nên một dòng chảy trôi chảy.",1
money_B_mok_df_water,intro,Đó là ngày mà sự giàu có dần dần tăng lên.,1
money_B_mok_df_water,effect,Sự mở rộng ổn định của cải dẫn đến sự gia tăng tổng thu nhập.,1
money_B_mok_df_water,action,Bắt đầu đầu tư hoặc tiết kiệm để tăng trưởng tài sản lâu dài.,1
money_B_mok_df_water,state,"Ngay cả khi bạn thận trọng khi thử những điều mới, cuộc sống hàng ngày của bạn vẫn trôi chảy đều đặn và nguồn năng lượng mềm mại sẽ mang lại cảm giác êm đềm kéo dài cho cảm xúc của bạn.",1
money_B_mok_df_wood,intro,Đó là ngày mà sự giàu có dần dần tăng lên.,1
money_B_mok_df_wood,effect,Sự mở rộng ổn định của cải dẫn đến sự gia tăng tổng thu nhập.,1
money_B_mok_df_wood,action,Bắt đầu đầu tư hoặc tiết kiệm để tăng trưởng tài sản lâu dài.,1
money_B_mok_df_wood,state,"Ngay cả khi bạn thận trọng khi thử những điều mới, cuộc sống hàng ngày của bạn vẫn trôi chảy đều đặn và một chút năng lượng của sự thay đổi sẽ tạo thêm sự kích thích thích hợp.",1
money_B_mok_ex_earth,intro,Đó là ngày mà sự giàu có dần dần tăng lên.,1
money_B_mok_ex_earth,effect,Sự mở rộng ổn định của cải dẫn đến sự gia tăng tổng thu nhập.,1
money_B_mok_ex_earth,action,Bắt đầu đầu tư hoặc tiết kiệm để tăng trưởng tài sản lâu dài.,1
money_B_mok_ex_earth,state,"Động lực vững chắc sẽ tiến bộ từng bước một, năng lượng vẩn đục làm tăng thêm bầu không khí tĩnh lặng, dẫn đến sự tĩnh lặng.",1
money_B_mok_ex_fire,intro,Đó là ngày mà sự giàu có dần dần tăng lên.,1
money_B_mok_ex_fire,effect,Sự mở rộng ổn định của cải dẫn đến sự gia tăng tổng thu nhập.,1
money_B_mok_ex_fire,action,Bắt đầu đầu tư hoặc tiết kiệm để tăng trưởng tài sản lâu dài.,1
money_B_mok_ex_fire,state,"Động lực vững chắc giúp bạn tiến bộ từng bước, nguồn năng lượng sáng rõ tiếp thêm sức sống nhẹ nhàng, tạo nên một dòng chảy trôi chảy.",1
money_B_mok_ex_water,intro,Đó là ngày mà sự giàu có dần dần tăng lên.,1
money_B_mok_ex_water,effect,Sự mở rộng ổn định của cải dẫn đến sự gia tăng tổng thu nhập.,1
money_B_mok_ex_water,action,Bắt đầu đầu tư hoặc tiết kiệm để tăng trưởng tài sản lâu dài.,1
money_B_mok_ex_water,state,Động lực ổn định sẽ tiến bộ từng bước và nguồn năng lượng mềm mại tạo thêm cảm giác êm đềm kéo dài cho cảm xúc.,1
money_B_mok_ex_wood,intro,Đó là ngày mà sự giàu có dần dần tăng lên.,1
money_B_mok_ex_wood,effect,Sự mở rộng ổn định của cải dẫn đến sự gia tăng tổng thu nhập.,1
money_B_mok_ex_wood,action,Bắt đầu đầu tư hoặc tiết kiệm để tăng trưởng tài sản lâu dài.,1
money_B_mok_ex_wood,state,"Động lực ổn định làm cho sự tiến bộ bình thường từng bước một, và năng lượng thay đổi yếu sẽ bổ sung thêm sự kích thích thích hợp.",1
money_B_su_df_earth,intro,Đó là ngày mà sự giàu có chảy tự nhiên và số tiền bạn cần sẽ đến.,1
money_B_su_df_earth,effect,Đưa ra các quyết định tài chính phù hợp với dòng chảy sẽ tạo ra lợi nhuận ổn định mà không bị lỗ.,1
money_B_su_df_earth,action,Duy trì dòng chảy hiện tại và quản lý tài sản của bạn mà không lạm dụng nó.,1
money_B_su_df_earth,state,"Mặc dù có phần thiếu linh hoạt, nhưng nhịp điệu cơ bản vẫn được duy trì mà không gặp khó khăn gì, năng lượng mây mù tăng thêm bầu không khí tĩnh lặng, dẫn đến cảm giác yên bình.",1
money_B_su_df_fire,intro,Đó là ngày mà sự giàu có chảy tự nhiên và số tiền bạn cần sẽ đến.,1
money_B_su_df_fire,effect,Đưa ra các quyết định tài chính phù hợp với dòng chảy sẽ tạo ra lợi nhuận ổn định mà không bị lỗ.,1
money_B_su_df_fire,action,Duy trì dòng chảy hiện tại và quản lý tài sản của bạn mà không lạm dụng nó.,1
money_B_su_df_fire,state,"Mặc dù có phần thiếu linh hoạt nhưng nhịp điệu cơ bản vẫn được duy trì mà không gặp khó khăn gì, nguồn năng lượng sáng rõ tiếp thêm sức sống nhẹ nhàng, tạo nên một dòng chảy trôi chảy.",1
money_B_su_df_water,intro,Đó là ngày mà sự giàu có chảy tự nhiên và số tiền bạn cần sẽ đến.,1
money_B_su_df_water,effect,Đưa ra các quyết định tài chính phù hợp với dòng chảy sẽ tạo ra lợi nhuận ổn định mà không bị lỗ.,1
money_B_su_df_water,action,Duy trì dòng chảy hiện tại và quản lý tài sản của bạn mà không lạm dụng nó.,1
money_B_su_df_water,state,"Mặc dù thiếu linh hoạt, nhưng nhịp điệu cơ bản vẫn được duy trì mà không gặp khó khăn gì, và nguồn năng lượng mềm mại mang lại cảm giác êm dịu kéo dài cho cảm xúc.",1
money_B_su_df_wood,intro,Đó là ngày mà sự giàu có chảy tự nhiên và số tiền bạn cần sẽ đến.,1
money_B_su_df_wood,effect,Đưa ra các quyết định tài chính phù hợp với dòng chảy sẽ tạo ra lợi nhuận ổn định mà không bị lỗ.,1
money_B_su_df_wood,action,Duy trì dòng chảy hiện tại và quản lý tài sản của bạn mà không lạm dụng nó.,1
money_B_su_df_wood,state,"Mặc dù có phần thiếu linh hoạt, nhưng nhịp điệu cơ bản vẫn được duy trì mà không gặp khó khăn gì, và một chút năng lượng thay đổi sẽ tăng thêm sự kích thích thích hợp.",1
money_B_su_ex_earth,intro,Đó là ngày mà sự giàu có chảy tự nhiên và số tiền bạn cần sẽ đến.,1
money_B_su_ex_earth,effect,Đưa ra các quyết định tài chính phù hợp với dòng chảy sẽ tạo ra lợi nhuận ổn định mà không bị lỗ.,1
money_B_su_ex_earth,action,Duy trì dòng chảy hiện tại và quản lý tài sản của bạn mà không lạm dụng nó.,1
money_B_su_ex_earth,state,"Một ngày tràn ngập cảm xúc, khiến nó trở thành một ngày tập trung hơn bình thường, và nguồn năng lượng trầm tạo thêm bầu không khí tĩnh lặng, dẫn đến cảm giác yên bình.",1
money_B_su_ex_fire,intro,Đó là ngày mà sự giàu có chảy tự nhiên và số tiền bạn cần sẽ đến.,1
money_B_su_ex_fire,effect,Đưa ra các quyết định tài chính phù hợp với dòng chảy sẽ tạo ra lợi nhuận ổn định mà không bị lỗ.,1
money_B_su_ex_fire,action,Duy trì dòng chảy hiện tại và quản lý tài sản của bạn mà không lạm dụng nó.,1
money_B_su_ex_fire,state,"Một ngày giàu cảm xúc khiến nó trở thành một ngày tập trung hơn bình thường, nguồn năng lượng sáng rõ tiếp thêm sức sống nhẹ nhàng, tạo nên một dòng chảy trôi chảy.",1
money_B_su_ex_water,intro,Đó là ngày mà sự giàu có chảy tự nhiên và số tiền bạn cần sẽ đến.,1
money_B_su_ex_water,effect,Đưa ra các quyết định tài chính phù hợp với dòng chảy sẽ tạo ra lợi nhuận ổn định mà không bị lỗ.,1
money_B_su_ex_water,action,Duy trì dòng chảy hiện tại và quản lý tài sản của bạn mà không lạm dụng nó.,1
money_B_su_ex_water,state,"Một ngày tràn ngập cảm xúc, khiến bạn chú ý hơn bình thường và nguồn năng lượng mềm mại tạo thêm dư vị êm dịu cho cảm xúc của bạn.",1
money_B_su_ex_wood,intro,Đó là ngày mà sự giàu có chảy tự nhiên và số tiền bạn cần sẽ đến.,1
money_B_su_ex_wood,effect,Đưa ra các quyết định tài chính phù hợp với dòng chảy sẽ tạo ra lợi nhuận ổn định mà không bị lỗ.,1
money_B_su_ex_wood,action,Duy trì dòng chảy hiện tại và quản lý tài sản của bạn mà không lạm dụng nó.,1
money_B_su_ex_wood,state,"Một ngày tràn ngập cảm xúc, khiến nó trở thành một ngày tập trung hơn bình thường và một chút năng lượng thay đổi sẽ tạo thêm sự kích thích thích hợp.",1
money_B_to_df_earth,intro,Đó là ngày mà cảm giác ổn định tài chính được duy trì và chi tiêu và thu nhập được cân bằng.,1
money_B_to_df_earth,effect,Một nền tảng tài chính ổn định có thể chịu được những chi phí bất ngờ.,1
money_B_to_df_earth,action,Giảm thiểu chi tiêu của bạn và duy trì một nền tảng tài chính ổn định.,1
money_B_to_df_earth,state,"Ngay cả khi trọng tâm có phần bị rung chuyển, sự cân bằng của cuộc sống hàng ngày vẫn được duy trì mà không gặp nhiều khó khăn, nguồn năng lượng trầm càng tăng thêm bầu không khí tĩnh lặng, dẫn đến sự yên tĩnh.",1
money_B_to_df_fire,intro,Đó là ngày mà cảm giác ổn định tài chính được duy trì và chi tiêu và thu nhập được cân bằng.,1
money_B_to_df_fire,effect,Một nền tảng tài chính ổn định có thể chịu được những chi phí bất ngờ.,1
money_B_to_df_fire,action,Giảm thiểu chi tiêu của bạn và duy trì một nền tảng tài chính ổn định.,1
money_B_to_df_fire,state,"Ngay cả khi trọng tâm có phần bị rung chuyển, sự cân bằng của cuộc sống hàng ngày vẫn được duy trì mà không gặp nhiều khó khăn, nguồn năng lượng sáng rõ tiếp thêm sức sống nhẹ nhàng, tạo nên một dòng chảy trôi chảy.",1
money_B_to_df_water,intro,Đó là ngày mà cảm giác ổn định tài chính được duy trì và chi tiêu và thu nhập được cân bằng.,1
money_B_to_df_water,effect,Một nền tảng tài chính ổn định có thể chịu được những chi phí bất ngờ.,1
money_B_to_df_water,action,Giảm thiểu chi tiêu của bạn và duy trì một nền tảng tài chính ổn định.,1
money_B_to_df_water,state,"Ngay cả khi trọng tâm của bạn hơi rung chuyển, sự cân bằng trong cuộc sống hàng ngày của bạn vẫn được duy trì mà không gặp nhiều khó khăn và năng lượng ẩm sẽ mang lại cảm giác êm đềm kéo dài cho cảm xúc của bạn.",1
money_B_to_df_wood,intro,Đó là ngày mà cảm giác ổn định tài chính được duy trì và chi tiêu và thu nhập được cân bằng.,1
money_B_to_df_wood,effect,Một nền tảng tài chính ổn định có thể chịu được những chi phí bất ngờ.,1
money_B_to_df_wood,action,Giảm thiểu chi tiêu của bạn và duy trì một nền tảng tài chính ổn định.,1
money_B_to_df_wood,state,"Ngay cả khi trung tâm bị rung chuyển phần nào, sự cân bằng của cuộc sống hàng ngày vẫn được duy trì mà không gặp nhiều khó khăn, và một chút năng lượng của sự thay đổi sẽ bổ sung thêm sự kích thích thích hợp.",1
money_B_to_ex_earth,intro,Đó là ngày mà cảm giác ổn định tài chính được duy trì và chi tiêu và thu nhập được cân bằng.,1
money_B_to_ex_earth,effect,Một nền tảng tài chính ổn định có thể chịu được những chi phí bất ngờ.,1
money_B_to_ex_earth,action,Giảm thiểu chi tiêu của bạn và duy trì một nền tảng tài chính ổn định.,1
money_B_to_ex_earth,state,"Nó có xu hướng ổn định mạnh mẽ, vì vậy nó tiếp tục diễn ra một ngày yên tĩnh mà không gặp vấn đề gì, và nguồn năng lượng trầm làm tăng thêm bầu không khí tĩnh lặng, dẫn đến sự thanh thản.",1
money_B_to_ex_fire,intro,Đó là ngày mà cảm giác ổn định tài chính được duy trì và chi tiêu và thu nhập được cân bằng.,1
money_B_to_ex_fire,effect,Một nền tảng tài chính ổn định có thể chịu được những chi phí bất ngờ.,1
money_B_to_ex_fire,action,Giảm thiểu chi tiêu của bạn và duy trì một nền tảng tài chính ổn định.,1
money_B_to_ex_fire,state,"Bởi vì tính chất định hướng ổn định mạnh mẽ của nó, nó tiếp tục trôi chảy trong một ngày tĩnh lặng, và nguồn năng lượng sáng rõ tiếp thêm sức sống nhẹ nhàng, tạo nên một dòng chảy trôi chảy.",1
money_B_to_ex_water,intro,Đó là ngày mà cảm giác ổn định tài chính được duy trì và chi tiêu và thu nhập được cân bằng.,1
money_B_to_ex_water,effect,Một nền tảng tài chính ổn định có thể chịu được những chi phí bất ngờ.,1
money_B_to_ex_water,action,Giảm thiểu chi tiêu của bạn và duy trì một nền tảng tài chính ổn định.,1
money_B_to_ex_water,state,"Nó có tính chất định hướng ổn định mạnh mẽ, vì vậy nó có thể dễ dàng dẫn đến một ngày bình tĩnh, và nguồn năng lượng mềm mại tạo thêm dư vị êm dịu cho cảm xúc.",1
money_B_to_ex_wood,intro,Đó là ngày mà cảm giác ổn định tài chính được duy trì và chi tiêu và thu nhập được cân bằng.,1
money_B_to_ex_wood,effect,Một nền tảng tài chính ổn định có thể chịu được những chi phí bất ngờ.,1
money_B_to_ex_wood,action,Giảm thiểu chi tiêu của bạn và duy trì một nền tảng tài chính ổn định.,1
money_B_to_ex_wood,state,"Định hướng ổn định rất mạnh mẽ nên nó tiếp tục suôn sẻ trong một ngày bình lặng, và năng lượng thay đổi nhẹ sẽ bổ sung thêm sự kích thích thích hợp.",1
money_B1,intro,"Hôm nay, năng lượng của cải sẽ chảy đều đặn và bạn sẽ có thể duy trì sự cân bằng mà không bị tổn thất lớn.",1
money_B1,intro,Dòng tiền hôm nay diễn ra bình thường nên có cơ hội kiếm được những khoản lợi nhuận nhỏ.,1
money_B1,effect,Sự ổn định tài chính có thể được duy trì bằng cách duy trì thu nhập và chi tiêu tương đối cân bằng.,1
money_B1,effect,Cơ hội kiếm được lợi nhuận nhỏ hoặc tiết kiệm đến một cách tự nhiên.,1
money_B1,action,Hãy kiểm soát tài chính của bạn và thực hành những thói quen tiết kiệm nhỏ.,1
money_B1,action,Chỉ cần xem xét chi tiêu của bạn một cách cẩn thận là đủ để tận dụng vận tài lộc hôm nay.,1
money_B1_geum_df_earth,intro,Dòng tiền sẽ diễn ra bình thường nhưng có thể xảy ra một số chi phí ngoài dự kiến.,1
money_B1_geum_df_earth,effect,Một phần dòng tiền có thể bị chặn và lợi nhuận có thể không như mong đợi.,1
money_B1_geum_df_earth,action,Giảm chi tiêu không cần thiết và quản lý tài chính của bạn một cách triệt để.,1
money_B1_geum_df_earth,state,Mặc dù bạn chậm đưa ra quyết định nhưng ngày vẫn tiếp tục không quá xáo trộn và nguồn năng lượng trầm giúp bạn duy trì nhịp độ ổn định.,1
money_B1_geum_df_fire,intro,Dòng tiền sẽ diễn ra bình thường nhưng có thể xảy ra một số chi phí ngoài dự kiến.,1
money_B1_geum_df_fire,effect,Một phần dòng tiền có thể bị chặn và lợi nhuận có thể không như mong đợi.,1
money_B1_geum_df_fire,action,Giảm chi tiêu không cần thiết và quản lý tài chính của bạn một cách triệt để.,1
money_B1_geum_df_fire,state,"Mặc dù bạn chậm đưa ra quyết định, nhưng ngày vẫn tiếp tục không quá xáo trộn, và nguồn nguồn năng lượng sáng rõ tiếp thêm sức sống bình yên và tiếp tục một ngày bình thường.",1
money_B1_geum_df_water,intro,Dòng tiền sẽ diễn ra bình thường nhưng có thể xảy ra một số chi phí ngoài dự kiến.,1
money_B1_geum_df_water,effect,Một phần dòng tiền có thể bị chặn và lợi nhuận có thể không như mong đợi.,1
money_B1_geum_df_water,action,Giảm chi tiêu không cần thiết và quản lý tài chính của bạn một cách triệt để.,1
money_B1_geum_df_water,state,"Dù bạn chậm đưa ra quyết định nhưng ngày vẫn trôi qua không quá xáo trộn, nguồn năng lượng mềm mại làm tăng suy nghĩ của bạn nhưng không gây ra nhiều kích động.",1
money_B1_geum_df_wood,intro,Dòng tiền sẽ diễn ra bình thường nhưng có thể xảy ra một số chi phí ngoài dự kiến.,1
money_B1_geum_df_wood,effect,Một phần dòng tiền có thể bị chặn và lợi nhuận có thể không như mong đợi.,1
money_B1_geum_df_wood,action,Giảm chi tiêu không cần thiết và quản lý tài chính của bạn một cách triệt để.,1
money_B1_geum_df_wood,state,"Quyết định có thể chậm chạp, nhưng ngày vẫn trôi qua mà không có bất kỳ biến động lớn nào, và năng lượng bình tĩnh của sự thay đổi chỉ làm rung chuyển dòng chảy bình thường một chút.",1
money_B1_geum_ex_earth,intro,Dòng tiền sẽ diễn ra bình thường nhưng có thể xảy ra một số chi phí ngoài dự kiến.,1
money_B1_geum_ex_earth,effect,Một phần dòng tiền có thể bị chặn và lợi nhuận có thể không như mong đợi.,1
money_B1_geum_ex_earth,action,Giảm chi tiêu không cần thiết và quản lý tài chính của bạn một cách triệt để.,1
money_B1_geum_ex_earth,state,"Phán quyết rất rõ ràng, nhưng nó kết thúc với một kết quả tầm thường, và năng lượng mây mù giúp duy trì một nhịp độ vừa phải.",1
money_B1_geum_ex_fire,intro,Dòng tiền sẽ diễn ra bình thường nhưng có thể xảy ra một số chi phí ngoài dự kiến.,1
money_B1_geum_ex_fire,effect,Một phần dòng tiền có thể bị chặn và lợi nhuận có thể không như mong đợi.,1
money_B1_geum_ex_fire,action,Giảm chi tiêu không cần thiết và quản lý tài chính của bạn một cách triệt để.,1
money_B1_geum_ex_fire,state,"Sự phán xét là rõ ràng, nhưng nó kết thúc bằng một kết quả bình thường, và nguồn năng lượng sáng rõ tiếp thêm sức sống bình yên và tiếp tục ngày thường.",1
money_B1_geum_ex_water,intro,Dòng tiền sẽ diễn ra bình thường nhưng có thể xảy ra một số chi phí ngoài dự kiến.,1
money_B1_geum_ex_water,effect,Một phần dòng tiền có thể bị chặn và lợi nhuận có thể không như mong đợi.,1
money_B1_geum_ex_water,action,Giảm chi tiêu không cần thiết và quản lý tài chính của bạn một cách triệt để.,1
money_B1_geum_ex_water,state,"Phán đoán rõ ràng nhưng kết thúc bằng một kết quả đơn giản, nguồn năng lượng mềm mại làm tăng suy nghĩ nhưng không gây ra nhiều kích động.",1
money_B1_geum_ex_wood,intro,Dòng tiền sẽ diễn ra bình thường nhưng có thể xảy ra một số chi phí ngoài dự kiến.,1
money_B1_geum_ex_wood,effect,Một phần dòng tiền có thể bị chặn và lợi nhuận có thể không như mong đợi.,1
money_B1_geum_ex_wood,action,Giảm chi tiêu không cần thiết và quản lý tài chính của bạn một cách triệt để.,1
money_B1_geum_ex_wood,state,"Sự phán xét là rõ ràng, nhưng nó kết thúc với một kết quả tầm thường, và năng lượng bình tĩnh của sự thay đổi chỉ làm rung chuyển dòng chảy bình thường một chút.",1
money_B1_hwa_df_earth,intro,Trực giác tài chính của bạn không hoàn hảo nên bạn cần cẩn thận với những quyết định tài chính bốc đồng.,1
money_B1_hwa_df_earth,effect,Những quyết định tài chính nhạy cảm có thể tạo ra kết quả khác với những gì bạn mong đợi.,1
money_B1_hwa_df_earth,action,Đưa ra quyết định tài chính dựa trên kế hoạch hơn là sự bốc đồng.,1
money_B1_hwa_df_earth,state,Mặc dù có rất ít biểu hiện nhưng mối quan hệ không bị lung lay nhiều và nguồn năng lượng trầm giúp duy trì nhịp độ dễ dàng.,1
money_B1_hwa_df_fire,intro,Trực giác tài chính của bạn không hoàn hảo nên bạn cần cẩn thận với những quyết định tài chính bốc đồng.,1
money_B1_hwa_df_fire,effect,Những quyết định tài chính nhạy cảm có thể tạo ra kết quả khác với những gì bạn mong đợi.,1
money_B1_hwa_df_fire,action,Đưa ra quyết định tài chính dựa trên kế hoạch hơn là sự bốc đồng.,1
money_B1_hwa_df_fire,state,"Tuy có ít biểu hiện nhưng mối quan hệ không bị lung lay nhiều, nguồn nguồn năng lượng sáng rõ tiếp thêm sức sống êm đềm và tiếp tục một ngày bình thường.",1
money_B1_hwa_df_water,intro,Trực giác tài chính của bạn không hoàn hảo nên bạn cần cẩn thận với những quyết định tài chính bốc đồng.,1
money_B1_hwa_df_water,effect,Những quyết định tài chính nhạy cảm có thể tạo ra kết quả khác với những gì bạn mong đợi.,1
money_B1_hwa_df_water,action,Đưa ra quyết định tài chính dựa trên kế hoạch hơn là sự bốc đồng.,1
money_B1_hwa_df_water,state,"Tuy rằng biểu hiện ít, nhưng quan hệ cũng không có rung chuyển quá lớn, nguồn năng lượng mềm mại làm tăng thêm suy nghĩ, nhưng lại không gây ra bao nhiêu kích động.",1
money_B1_hwa_df_wood,intro,Trực giác tài chính của bạn không hoàn hảo nên bạn cần cẩn thận với những quyết định tài chính bốc đồng.,1
money_B1_hwa_df_wood,effect,Những quyết định tài chính nhạy cảm có thể tạo ra kết quả khác với những gì bạn mong đợi.,1
money_B1_hwa_df_wood,action,Đưa ra quyết định tài chính dựa trên kế hoạch hơn là sự bốc đồng.,1
money_B1_hwa_df_wood,state,"Mặc dù có rất ít biểu hiện, nhưng mối quan hệ không bị lung lay nhiều, và năng lượng bình tĩnh của sự thay đổi chỉ đủ để rung chuyển nhẹ dòng chảy bình thường.",1
money_B1_hwa_ex_earth,intro,Trực giác tài chính của bạn không hoàn hảo nên bạn cần cẩn thận với những quyết định tài chính bốc đồng.,1
money_B1_hwa_ex_earth,effect,Những quyết định tài chính nhạy cảm có thể tạo ra kết quả khác với những gì bạn mong đợi.,1
money_B1_hwa_ex_earth,action,Đưa ra quyết định tài chính dựa trên kế hoạch hơn là sự bốc đồng.,1
money_B1_hwa_ex_earth,state,Nhiệt độ vừa phải tạo nên một ngày suôn sẻ và nguồn năng lượng trầm giúp bạn duy trì nhịp độ ổn định.,1
money_B1_hwa_ex_fire,intro,Trực giác tài chính của bạn không hoàn hảo nên bạn cần cẩn thận với những quyết định tài chính bốc đồng.,1
money_B1_hwa_ex_fire,effect,Những quyết định tài chính nhạy cảm có thể tạo ra kết quả khác với những gì bạn mong đợi.,1
money_B1_hwa_ex_fire,action,Đưa ra quyết định tài chính dựa trên kế hoạch hơn là sự bốc đồng.,1
money_B1_hwa_ex_fire,state,"Nhiệt độ vừa phải tạo ra một ngày êm dịu, và nguồn năng lượng sáng rõ tiếp thêm sức sống êm đềm và tiếp tục một ngày bình thường.",1
money_B1_hwa_ex_water,intro,Trực giác tài chính của bạn không hoàn hảo nên bạn cần cẩn thận với những quyết định tài chính bốc đồng.,1
money_B1_hwa_ex_water,effect,Những quyết định tài chính nhạy cảm có thể tạo ra kết quả khác với những gì bạn mong đợi.,1
money_B1_hwa_ex_water,action,Đưa ra quyết định tài chính dựa trên kế hoạch hơn là sự bốc đồng.,1
money_B1_hwa_ex_water,state,"Nhiệt độ vừa phải tạo nên một ngày êm ả, nguồn năng lượng mềm mại làm tăng suy nghĩ của bạn nhưng không gây ra nhiều kích động.",1
money_B1_hwa_ex_wood,intro,Trực giác tài chính của bạn không hoàn hảo nên bạn cần cẩn thận với những quyết định tài chính bốc đồng.,1
money_B1_hwa_ex_wood,effect,Những quyết định tài chính nhạy cảm có thể tạo ra kết quả khác với những gì bạn mong đợi.,1
money_B1_hwa_ex_wood,action,Đưa ra quyết định tài chính dựa trên kế hoạch hơn là sự bốc đồng.,1
money_B1_hwa_ex_wood,state,Nhiệt độ vừa phải khiến một ngày trở nên êm ả và năng lượng bình tĩnh của sự thay đổi chỉ làm xáo trộn dòng chảy bình thường một chút.,1
money_B1_mok_df_earth,intro,"Sự tăng trưởng của cải của bạn có thể chậm lại, gây khó khăn cho việc tìm kiếm nguồn thu nhập mới.",1
money_B1_mok_df_earth,effect,Sự mở rộng của cải bị hạn chế và tăng trưởng thu nhập chậm hơn dự kiến.,1
money_B1_mok_df_earth,action,Tập trung vào việc duy trì thu nhập hiện tại của bạn.,1
money_B1_mok_df_earth,state,"Nó vẫn quen thuộc hơn mới, nhưng dòng chảy không bị gián đoạn và nguồn năng lượng trầm giúp bạn duy trì nhịp độ dễ dàng.",1
money_B1_mok_df_fire,intro,"Sự tăng trưởng của cải của bạn có thể chậm lại, gây khó khăn cho việc tìm kiếm nguồn thu nhập mới.",1
money_B1_mok_df_fire,effect,Sự mở rộng của cải bị hạn chế và tăng trưởng thu nhập chậm hơn dự kiến.,1
money_B1_mok_df_fire,action,Tập trung vào việc duy trì thu nhập hiện tại của bạn.,1
money_B1_mok_df_fire,state,"Mặc dù vẫn quen thuộc chứ không phải mới mẻ, dòng chảy không bị gián đoạn và nguồn năng lượng sáng rõ tiếp thêm sức sống êm đềm và tiếp tục ngày thường.",1
money_B1_mok_df_water,intro,"Sự tăng trưởng của cải của bạn có thể chậm lại, gây khó khăn cho việc tìm kiếm nguồn thu nhập mới.",1
money_B1_mok_df_water,effect,Sự mở rộng của cải bị hạn chế và tăng trưởng thu nhập chậm hơn dự kiến.,1
money_B1_mok_df_water,action,Tập trung vào việc duy trì thu nhập hiện tại của bạn.,1
money_B1_mok_df_water,state,"Tuy vẫn quen thuộc hơn là mới lạ, dòng chảy không gián đoạn và nguồn năng lượng mềm mại làm tăng suy nghĩ nhưng không gây nhiều kích động.",1
money_B1_mok_df_wood,intro,"Sự tăng trưởng của cải của bạn có thể chậm lại, gây khó khăn cho việc tìm kiếm nguồn thu nhập mới.",1
money_B1_mok_df_wood,effect,Sự mở rộng của cải bị hạn chế và tăng trưởng thu nhập chậm hơn dự kiến.,1
money_B1_mok_df_wood,action,Tập trung vào việc duy trì thu nhập hiện tại của bạn.,1
money_B1_mok_df_wood,state,"Mặc dù vẫn quen thuộc hơn mới, dòng chảy không bị gián đoạn và năng lượng bình tĩnh của sự thay đổi chỉ làm rung chuyển dòng chảy bình thường một chút.",1
money_B1_mok_ex_earth,intro,"Sự tăng trưởng của cải của bạn có thể chậm lại, gây khó khăn cho việc tìm kiếm nguồn thu nhập mới.",1
money_B1_mok_ex_earth,effect,Sự mở rộng của cải bị hạn chế và tăng trưởng thu nhập chậm hơn dự kiến.,1
money_B1_mok_ex_earth,action,Tập trung vào việc duy trì thu nhập hiện tại của bạn.,1
money_B1_mok_ex_earth,state,Bạn có động lực nhưng động lực của bạn vẫn ở mức tầm thường và nguồn năng lượng trầm giúp bạn duy trì nhịp độ vừa phải.,1
money_B1_mok_ex_fire,intro,"Sự tăng trưởng của cải của bạn có thể chậm lại, gây khó khăn cho việc tìm kiếm nguồn thu nhập mới.",1
money_B1_mok_ex_fire,effect,Sự mở rộng của cải bị hạn chế và tăng trưởng thu nhập chậm hơn dự kiến.,1
money_B1_mok_ex_fire,action,Tập trung vào việc duy trì thu nhập hiện tại của bạn.,1
money_B1_mok_ex_fire,state,"Mặc dù bạn có động lực nhưng động lực của bạn vẫn ở mức trung bình, và nguồn năng lượng sáng rõ tiếp thêm sinh lực bình tĩnh và tiếp tục ngày thường nhật của bạn.",1
money_B1_mok_ex_water,intro,"Sự tăng trưởng của cải của bạn có thể chậm lại, gây khó khăn cho việc tìm kiếm nguồn thu nhập mới.",1
money_B1_mok_ex_water,effect,Sự mở rộng của cải bị hạn chế và tăng trưởng thu nhập chậm hơn dự kiến.,1
money_B1_mok_ex_water,action,Tập trung vào việc duy trì thu nhập hiện tại của bạn.,1
money_B1_mok_ex_water,state,"Có động lực nhưng động lực vẫn ở mức bình thường, nguồn năng lượng mềm mại làm tăng suy nghĩ nhưng không gây ra nhiều kích động.",1
money_B1_mok_ex_wood,intro,"Sự tăng trưởng của cải của bạn có thể chậm lại, gây khó khăn cho việc tìm kiếm nguồn thu nhập mới.",1
money_B1_mok_ex_wood,effect,Sự mở rộng của cải bị hạn chế và tăng trưởng thu nhập chậm hơn dự kiến.,1
money_B1_mok_ex_wood,action,Tập trung vào việc duy trì thu nhập hiện tại của bạn.,1
money_B1_mok_ex_wood,state,"Có động lực, nhưng động lực vẫn ở mức tầm thường, và năng lượng bình tĩnh của sự thay đổi chỉ đủ làm rung chuyển nhẹ dòng chảy bình thường.",1
money_B1_su_df_earth,intro,"Nếu thời gian của bạn hơi lệch, bạn có thể bỏ lỡ một cơ hội tốt.",1
money_B1_su_df_earth,effect,Các quyết định tài chính đi chệch khỏi dòng chảy có thể dẫn đến những tổn thất nhỏ.,1
money_B1_su_df_earth,action,Đừng vội đưa ra các quyết định tài chính mà hãy chú ý đến thời điểm.,1
money_B1_su_df_earth,state,Mặc dù tính linh hoạt đã giảm đi nhưng dòng chảy không bị gián đoạn đáng kể và nguồn năng lượng trầm giúp duy trì nhịp độ vừa phải.,1
money_B1_su_df_fire,intro,"Nếu thời gian của bạn hơi lệch, bạn có thể bỏ lỡ một cơ hội tốt.",1
money_B1_su_df_fire,effect,Các quyết định tài chính đi chệch khỏi dòng chảy có thể dẫn đến những tổn thất nhỏ.,1
money_B1_su_df_fire,action,Đừng vội đưa ra các quyết định tài chính mà hãy chú ý đến thời điểm.,1
money_B1_su_df_fire,state,"Mặc dù tính linh hoạt đã giảm đi nhưng dòng chảy không bị gián đoạn đáng kể, và nguồn năng lượng sáng rõ tiếp thêm sức sống êm đềm và tiếp tục một ngày bình thường.",1
money_B1_su_df_water,intro,"Nếu thời gian của bạn hơi lệch, bạn có thể bỏ lỡ một cơ hội tốt.",1
money_B1_su_df_water,effect,Các quyết định tài chính đi chệch khỏi dòng chảy có thể dẫn đến những tổn thất nhỏ.,1
money_B1_su_df_water,action,Đừng vội đưa ra các quyết định tài chính mà hãy chú ý đến thời điểm.,1
money_B1_su_df_water,state,"Tính linh hoạt giảm đi, nhưng dòng chảy không bị gián đoạn nhiều, nguồn năng lượng mềm mại làm tăng suy nghĩ, nhưng không gây ra nhiều kích động.",1
money_B1_su_df_wood,intro,"Nếu thời gian của bạn hơi lệch, bạn có thể bỏ lỡ một cơ hội tốt.",1
money_B1_su_df_wood,effect,Các quyết định tài chính đi chệch khỏi dòng chảy có thể dẫn đến những tổn thất nhỏ.,1
money_B1_su_df_wood,action,Đừng vội đưa ra các quyết định tài chính mà hãy chú ý đến thời điểm.,1
money_B1_su_df_wood,state,Mặc dù tính linh hoạt đã giảm đi nhưng dòng chảy không bị gián đoạn đáng kể và năng lượng tĩnh lặng của sự thay đổi chỉ làm rung chuyển dòng chảy bình thường một chút.,1
money_B1_su_ex_earth,intro,"Nếu thời gian của bạn hơi lệch, bạn có thể bỏ lỡ một cơ hội tốt.",1
money_B1_su_ex_earth,effect,Các quyết định tài chính đi chệch khỏi dòng chảy có thể dẫn đến những tổn thất nhỏ.,1
money_B1_su_ex_earth,action,Đừng vội đưa ra các quyết định tài chính mà hãy chú ý đến thời điểm.,1
money_B1_su_ex_earth,state,"Mặc dù bạn có rất nhiều điều phải suy nghĩ nhưng ngày trôi qua không có nhiều xáo trộn, và nguồn năng lượng trầm giúp bạn duy trì nhịp độ ổn định.",1
money_B1_su_ex_fire,intro,"Nếu thời gian của bạn hơi lệch, bạn có thể bỏ lỡ một cơ hội tốt.",1
money_B1_su_ex_fire,effect,Các quyết định tài chính đi chệch khỏi dòng chảy có thể dẫn đến những tổn thất nhỏ.,1
money_B1_su_ex_fire,action,Đừng vội đưa ra các quyết định tài chính mà hãy chú ý đến thời điểm.,1
money_B1_su_ex_fire,state,"Mặc dù bạn có rất nhiều suy nghĩ, nhưng một ngày trôi qua không có nhiều xáo trộn, và nguồn năng lượng sáng rõ tiếp thêm sức sống bình yên và tiếp tục một ngày bình thường.",1
money_B1_su_ex_water,intro,"Nếu thời gian của bạn hơi lệch, bạn có thể bỏ lỡ một cơ hội tốt.",1
money_B1_su_ex_water,effect,Các quyết định tài chính đi chệch khỏi dòng chảy có thể dẫn đến những tổn thất nhỏ.,1
money_B1_su_ex_water,action,Đừng vội đưa ra các quyết định tài chính mà hãy chú ý đến thời điểm.,1
money_B1_su_ex_water,state,"Ngay cả khi bạn có nhiều tư tưởng, một ngày trôi qua không có nhiều trạo cử, và nguồn năng lượng mềm mại làm tăng trưởng tư tưởng của bạn nhưng không gây ra trạo cử nhiều.",1
money_B1_su_ex_wood,intro,"Nếu thời gian của bạn hơi lệch, bạn có thể bỏ lỡ một cơ hội tốt.",1
money_B1_su_ex_wood,effect,Các quyết định tài chính đi chệch khỏi dòng chảy có thể dẫn đến những tổn thất nhỏ.,1
money_B1_su_ex_wood,action,Đừng vội đưa ra các quyết định tài chính mà hãy chú ý đến thời điểm.,1
money_B1_su_ex_wood,state,"Mặc dù bạn có rất nhiều suy nghĩ, nhưng một ngày trôi qua không có nhiều xáo trộn, và năng lượng tĩnh lặng của sự thay đổi chỉ làm rung chuyển dòng chảy bình thường một chút.",1
money_B1_to_df_earth,intro,Cán cân tài sản có thể bị lung lay phần nào và chi tiêu có thể vượt quá thu nhập một chút.,1
money_B1_to_df_earth,effect,"Khi cảm giác an toàn về tài chính của bạn suy yếu, những chi phí bất ngờ sẽ trở thành gánh nặng.",1
money_B1_to_df_earth,action,Kiểm tra tình trạng tài chính của bạn và giảm chi tiêu không cần thiết.,1
money_B1_to_df_earth,state,Mặc dù có đôi chút rung chuyển nhưng cuộc sống hàng ngày vẫn trôi qua êm đềm và nguồn năng lượng trầm giúp bạn duy trì nhịp độ ổn định.,1
money_B1_to_df_fire,intro,Cán cân tài sản có thể bị lung lay phần nào và chi tiêu có thể vượt quá thu nhập một chút.,1
money_B1_to_df_fire,effect,"Khi cảm giác an toàn về tài chính của bạn suy yếu, những chi phí bất ngờ sẽ trở thành gánh nặng.",1
money_B1_to_df_fire,action,Kiểm tra tình trạng tài chính của bạn và giảm chi tiêu không cần thiết.,1
money_B1_to_df_fire,state,"Mặc dù có đôi chút rung động, cuộc sống hàng ngày vẫn trôi chảy êm đềm, nguồn năng lượng sáng rõ tiếp thêm sức sống êm đềm và tiếp tục một ngày bình thường.",1
money_B1_to_df_water,intro,Cán cân tài sản có thể bị lung lay phần nào và chi tiêu có thể vượt quá thu nhập một chút.,1
money_B1_to_df_water,effect,"Khi cảm giác an toàn về tài chính của bạn suy yếu, những chi phí bất ngờ sẽ trở thành gánh nặng.",1
money_B1_to_df_water,action,Kiểm tra tình trạng tài chính của bạn và giảm chi tiêu không cần thiết.,1
money_B1_to_df_water,state,"Mặc dù có rung chuyển, cuộc sống hàng ngày trôi chảy, nguồn năng lượng mềm mại làm tăng suy nghĩ, nhưng không gây ra nhiều kích động.",1
money_B1_to_df_wood,intro,Cán cân tài sản có thể bị lung lay phần nào và chi tiêu có thể vượt quá thu nhập một chút.,1
money_B1_to_df_wood,effect,"Khi cảm giác an toàn về tài chính của bạn suy yếu, những chi phí bất ngờ sẽ trở thành gánh nặng.",1
money_B1_to_df_wood,action,Kiểm tra tình trạng tài chính của bạn và giảm chi tiêu không cần thiết.,1
money_B1_to_df_wood,state,"Dù có những biến động nhưng cuộc sống hàng ngày vẫn trôi chảy êm đềm, năng lượng tĩnh lặng của sự thay đổi chỉ làm rung chuyển dòng chảy bình thường một chút.",1
money_B1_to_ex_earth,intro,Cán cân tài sản có thể bị lung lay phần nào và chi tiêu có thể vượt quá thu nhập một chút.,1
money_B1_to_ex_earth,effect,"Khi cảm giác an toàn về tài chính của bạn suy yếu, những chi phí bất ngờ sẽ trở thành gánh nặng.",1
money_B1_to_ex_earth,action,Kiểm tra tình trạng tài chính của bạn và giảm chi tiêu không cần thiết.,1
money_B1_to_ex_earth,state,"Chọn sự quen thuộc thay vì thay đổi sẽ dẫn đến một ngày dễ dàng, và nguồn năng lượng trầm giúp bạn duy trì nhịp độ ổn định.",1
money_B1_to_ex_fire,intro,Cán cân tài sản có thể bị lung lay phần nào và chi tiêu có thể vượt quá thu nhập một chút.,1
money_B1_to_ex_fire,effect,"Khi cảm giác an toàn về tài chính của bạn suy yếu, những chi phí bất ngờ sẽ trở thành gánh nặng.",1
money_B1_to_ex_fire,action,Kiểm tra tình trạng tài chính của bạn và giảm chi tiêu không cần thiết.,1
money_B1_to_ex_fire,state,"Chọn sự quen thuộc thay vì thay đổi sẽ dẫn đến một ngày bình thường, và nguồn năng lượng sáng rõ sẽ tiếp thêm sức sống bình yên cho ngày bình thường.",1
money_B1_to_ex_water,intro,Cán cân tài sản có thể bị lung lay phần nào và chi tiêu có thể vượt quá thu nhập một chút.,1
money_B1_to_ex_water,effect,"Khi cảm giác an toàn về tài chính của bạn suy yếu, những chi phí bất ngờ sẽ trở thành gánh nặng.",1
money_B1_to_ex_water,action,Kiểm tra tình trạng tài chính của bạn và giảm chi tiêu không cần thiết.,1
money_B1_to_ex_water,state,"Lựa chọn sự quen thuộc thay vì thay đổi sẽ dẫn đến một ngày bình thường, nguồn năng lượng mềm mại làm tăng suy nghĩ nhưng không gây ra nhiều xao động.",1
money_B1_to_ex_wood,intro,Cán cân tài sản có thể bị lung lay phần nào và chi tiêu có thể vượt quá thu nhập một chút.,1
money_B1_to_ex_wood,effect,"Khi cảm giác an toàn về tài chính của bạn suy yếu, những chi phí bất ngờ sẽ trở thành gánh nặng.",1
money_B1_to_ex_wood,action,Kiểm tra tình trạng tài chính của bạn và giảm chi tiêu không cần thiết.,1
money_B1_to_ex_wood,state,Chọn sự quen thuộc thay vì thay đổi sẽ dẫn đến một ngày bình thường và năng lượng bình tĩnh của sự thay đổi chỉ làm rung chuyển dòng chảy bình thường một chút.,1
money_C,intro,Năng lượng tài lộc hôm nay yếu nên bạn cần hết sức chú ý đến dòng tài chính của mình.,1
money_C,intro,"Năng lượng tài chính hôm nay đang ở mức thấp, vì vậy sẽ là điều khôn ngoan nếu bạn cắt giảm những khoản chi tiêu không cần thiết.",1
money_C,effect,Có khả năng các chi phí ngoài kế hoạch có thể phát sinh hoặc thu nhập dự kiến có thể bị trì hoãn.,1
money_C,effect,Đây là thời điểm dòng chảy của cải có phần bị tắc nghẽn nên việc giữ nguyên hiện trạng sẽ có lợi hơn so với việc đầu tư mới.,1
money_C,action,Hãy ghi chép chi tiết về việc chi tiêu của bạn và hoãn việc chi tiêu bốc đồng trong một ngày.,1
money_C,action,"Hôm nay, tập trung tiết kiệm và kiểm soát chi tiêu là cách quản lý tài sản khôn ngoan nhất.",1
money_C_geum_df_earth,intro,Đó là ngày mà dòng chảy của cải bị tắc nghẽn và tổn thất tài chính có thể xảy ra.,1
money_C_geum_df_earth,effect,Việc thiếu ý thức về tiền bạc có thể dẫn đến những quyết định tài chính sai lầm.,1
money_C_geum_df_earth,action,Tránh đầu tư mới hoặc chi phí lớn ngày hôm nay.,1
money_C_geum_df_earth,state,"Khi quyết tâm của bạn yếu đi, bạn rất dễ trì hoãn những lựa chọn quan trọng và nguồn năng lượng trầm có thể làm bạn chậm lại và khiến suy nghĩ của bạn trở nên nặng nề.",1
money_C_geum_df_fire,intro,Đó là ngày mà dòng chảy của cải bị tắc nghẽn và tổn thất tài chính có thể xảy ra.,1
money_C_geum_df_fire,effect,Việc thiếu ý thức về tiền bạc có thể dẫn đến những quyết định tài chính sai lầm.,1
money_C_geum_df_fire,action,Tránh đầu tư mới hoặc chi phí lớn ngày hôm nay.,1
money_C_geum_df_fire,state,"Khi quyết tâm của bạn yếu đi, bạn rất dễ trì hoãn những lựa chọn quan trọng và năng lượng rõ ràng của bạn có thể chảy vào bầu không khí phấn khích, điều này có thể làm lu mờ sự thận trọng của bạn.",1
money_C_geum_df_water,intro,Đó là ngày mà dòng chảy của cải bị tắc nghẽn và tổn thất tài chính có thể xảy ra.,1
money_C_geum_df_water,effect,Việc thiếu ý thức về tiền bạc có thể dẫn đến những quyết định tài chính sai lầm.,1
money_C_geum_df_water,action,Tránh đầu tư mới hoặc chi phí lớn ngày hôm nay.,1
money_C_geum_df_water,state,"Bạn rất dễ trì hoãn những lựa chọn quan trọng khi quyết tâm của bạn trở nên yếu kém và năng lượng của mưa tuyết có thể kích thích cảm xúc và nội tâm của bạn, điều này có thể có tác động lớn hơn.",1
money_C_geum_df_wood,intro,Đó là ngày mà dòng chảy của cải bị tắc nghẽn và tổn thất tài chính có thể xảy ra.,1
money_C_geum_df_wood,effect,Việc thiếu ý thức về tiền bạc có thể dẫn đến những quyết định tài chính sai lầm.,1
money_C_geum_df_wood,action,Tránh đầu tư mới hoặc chi phí lớn ngày hôm nay.,1
money_C_geum_df_wood,state,"Khi quyết tâm của bạn yếu đi, bạn rất dễ trì hoãn những lựa chọn quan trọng và năng lượng mạnh mẽ của sự thay đổi có thể làm rung chuyển nhịp điệu của bạn và dẫn đến những biến động không mong muốn.",1
money_C_geum_ex_earth,intro,Đó là ngày mà dòng chảy của cải bị tắc nghẽn và tổn thất tài chính có thể xảy ra.,1
money_C_geum_ex_earth,effect,Việc thiếu ý thức về tiền bạc có thể dẫn đến những quyết định tài chính sai lầm.,1
money_C_geum_ex_earth,action,Tránh đầu tư mới hoặc chi phí lớn ngày hôm nay.,1
money_C_geum_ex_earth,state,"Phán đoán quá sắc bén có thể khiến các mối quan hệ trở nên lạnh nhạt, và nguồn năng lượng trầm có thể làm chậm nhịp độ của bạn và khiến suy nghĩ của bạn trở nên nặng nề.",1
money_C_geum_ex_fire,intro,Đó là ngày mà dòng chảy của cải bị tắc nghẽn và tổn thất tài chính có thể xảy ra.,1
money_C_geum_ex_fire,effect,Việc thiếu ý thức về tiền bạc có thể dẫn đến những quyết định tài chính sai lầm.,1
money_C_geum_ex_fire,action,Tránh đầu tư mới hoặc chi phí lớn ngày hôm nay.,1
money_C_geum_ex_fire,state,"Sự phán xét sắc bén quá mức có thể khiến các mối quan hệ trở nên lạnh nhạt và năng lượng rõ ràng có thể chảy vào bầu không khí phấn khích, điều này có thể che mờ sự thận trọng.",1
money_C_geum_ex_water,intro,Đó là ngày mà dòng chảy của cải bị tắc nghẽn và tổn thất tài chính có thể xảy ra.,1
money_C_geum_ex_water,effect,Việc thiếu ý thức về tiền bạc có thể dẫn đến những quyết định tài chính sai lầm.,1
money_C_geum_ex_water,action,Tránh đầu tư mới hoặc chi phí lớn ngày hôm nay.,1
money_C_geum_ex_water,state,"Phán đoán quá sắc bén có thể khiến các mối quan hệ trở nên lạnh nhạt, năng lượng của mưa tuyết có thể kích thích cảm xúc và nội tâm, có thể gây tác động lớn hơn.",1
money_C_geum_ex_wood,intro,Đó là ngày mà dòng chảy của cải bị tắc nghẽn và tổn thất tài chính có thể xảy ra.,1
money_C_geum_ex_wood,effect,Việc thiếu ý thức về tiền bạc có thể dẫn đến những quyết định tài chính sai lầm.,1
money_C_geum_ex_wood,action,Tránh đầu tư mới hoặc chi phí lớn ngày hôm nay.,1
money_C_geum_ex_wood,state,Sự phán xét quá sắc bén có thể khiến các mối quan hệ trở nên lạnh nhạt và năng lượng mạnh mẽ của sự thay đổi có thể làm xáo trộn nhịp điệu và dẫn đến những biến đổi không mong muốn.,1
money_C_hwa_df_earth,intro,Đó là ngày mà trực giác của bạn về sự giàu có trở nên mờ mịt và bạn mắc nhiều sai lầm trong các quyết định liên quan đến tiền bạc.,1
money_C_hwa_df_earth,effect,Những quyết định tài chính bốc đồng dẫn đến chi tiêu đáng tiếc.,1
money_C_hwa_df_earth,action,Hãy chắc chắn xem xét lại và thực hiện bất kỳ đánh giá hợp lý nào liên quan đến sự giàu có.,1
money_C_hwa_df_earth,state,"Rất dễ xảy ra hiểu lầm do khó thể hiện bản thân, năng lượng vẩn đục có thể khiến bạn chậm lại và khiến suy nghĩ trở nên nặng nề.",1
money_C_hwa_df_fire,intro,Đó là ngày mà trực giác của bạn về sự giàu có trở nên mờ mịt và bạn mắc nhiều sai lầm trong các quyết định liên quan đến tiền bạc.,1
money_C_hwa_df_fire,effect,Những quyết định tài chính bốc đồng dẫn đến chi tiêu đáng tiếc.,1
money_C_hwa_df_fire,action,Hãy chắc chắn xem xét lại và thực hiện bất kỳ đánh giá hợp lý nào liên quan đến sự giàu có.,1
money_C_hwa_df_fire,state,"Dễ xảy ra hiểu lầm vì cách diễn đạt khó hiểu, nguồn năng lượng sáng rõ có thể chảy vào bầu không khí phấn khích và khiến sự thận trọng trở nên lu mờ.",1
money_C_hwa_df_water,intro,Đó là ngày mà trực giác của bạn về sự giàu có trở nên mờ mịt và bạn mắc nhiều sai lầm trong các quyết định liên quan đến tiền bạc.,1
money_C_hwa_df_water,effect,Những quyết định tài chính bốc đồng dẫn đến chi tiêu đáng tiếc.,1
money_C_hwa_df_water,action,Hãy chắc chắn xem xét lại và thực hiện bất kỳ đánh giá hợp lý nào liên quan đến sự giàu có.,1
money_C_hwa_df_water,state,"Dễ xảy ra hiểu lầm vì cách diễn đạt khó hiểu, năng lượng của mưa tuyết có thể kích thích cảm xúc, nội tâm, có thể gây tác động lớn hơn.",1
money_C_hwa_df_wood,intro,Đó là ngày mà trực giác của bạn về sự giàu có trở nên mờ mịt và bạn mắc nhiều sai lầm trong các quyết định liên quan đến tiền bạc.,1
money_C_hwa_df_wood,effect,Những quyết định tài chính bốc đồng dẫn đến chi tiêu đáng tiếc.,1
money_C_hwa_df_wood,action,Hãy chắc chắn xem xét lại và thực hiện bất kỳ đánh giá hợp lý nào liên quan đến sự giàu có.,1
money_C_hwa_df_wood,state,"Những hiểu lầm dễ xảy ra do cách diễn đạt khó, năng lượng thay đổi mạnh mẽ có thể làm rung chuyển nhịp điệu và dẫn đến những biến chuyển không mong muốn.",1
money_C_hwa_ex_earth,intro,Đó là ngày mà trực giác của bạn về sự giàu có trở nên mờ mịt và bạn mắc nhiều sai lầm trong các quyết định liên quan đến tiền bạc.,1
money_C_hwa_ex_earth,effect,Những quyết định tài chính bốc đồng dẫn đến chi tiêu đáng tiếc.,1
money_C_hwa_ex_earth,action,Hãy chắc chắn xem xét lại và thực hiện bất kỳ đánh giá hợp lý nào liên quan đến sự giàu có.,1
money_C_hwa_ex_earth,state,Cảm xúc rất dễ xung đột và nguồn năng lượng trầm có thể làm bạn chậm lại và khiến suy nghĩ của bạn trở nên nặng nề.,1
money_C_hwa_ex_fire,intro,Đó là ngày mà trực giác của bạn về sự giàu có trở nên mờ mịt và bạn mắc nhiều sai lầm trong các quyết định liên quan đến tiền bạc.,1
money_C_hwa_ex_fire,effect,Những quyết định tài chính bốc đồng dẫn đến chi tiêu đáng tiếc.,1
money_C_hwa_ex_fire,action,Hãy chắc chắn xem xét lại và thực hiện bất kỳ đánh giá hợp lý nào liên quan đến sự giàu có.,1
money_C_hwa_ex_fire,state,"Cảm xúc rất dễ xung đột, nguồn năng lượng sáng rõ có thể chảy vào bầu không khí phấn khích, khiến sự thận trọng trở nên lu mờ.",1
money_C_hwa_ex_water,intro,Đó là ngày mà trực giác của bạn về sự giàu có trở nên mờ mịt và bạn mắc nhiều sai lầm trong các quyết định liên quan đến tiền bạc.,1
money_C_hwa_ex_water,effect,Những quyết định tài chính bốc đồng dẫn đến chi tiêu đáng tiếc.,1
money_C_hwa_ex_water,action,Hãy chắc chắn xem xét lại và thực hiện bất kỳ đánh giá hợp lý nào liên quan đến sự giàu có.,1
money_C_hwa_ex_water,state,"Cảm xúc rất dễ xảy ra xung đột, năng lượng của mưa tuyết có thể kích thích cảm xúc và nội tâm, có thể làm tăng tác động.",1
money_C_hwa_ex_wood,intro,Đó là ngày mà trực giác của bạn về sự giàu có trở nên mờ mịt và bạn mắc nhiều sai lầm trong các quyết định liên quan đến tiền bạc.,1
money_C_hwa_ex_wood,effect,Những quyết định tài chính bốc đồng dẫn đến chi tiêu đáng tiếc.,1
money_C_hwa_ex_wood,action,Hãy chắc chắn xem xét lại và thực hiện bất kỳ đánh giá hợp lý nào liên quan đến sự giàu có.,1
money_C_hwa_ex_wood,state,Cảm xúc rất dễ xung đột và năng lượng mạnh mẽ của sự thay đổi có thể làm xáo trộn nhịp điệu và dẫn đến những biến đổi bất ngờ.,1
money_C_mok_df_earth,intro,Đó là một ngày mà việc mở rộng của cải của bạn có thể bị cản trở và những nỗ lực tìm kiếm thu nhập mới của bạn có thể bị thất bại.,1
money_C_mok_df_earth,effect,"Khi các kênh của cải trở nên hẹp hơn, thu nhập thực sự có thể giảm.",1
money_C_mok_df_earth,action,Tập trung vào việc duy trì thu nhập hiện tại của bạn thay vì đón nhận những thách thức tài chính mới.,1
money_C_mok_df_earth,state,Sự do dự trong việc thử những điều mới có thể làm chậm tiến độ và nguồn năng lượng trầm có thể làm chậm tốc độ của bạn và khiến suy nghĩ của bạn trở nên nặng nề.,1
money_C_mok_df_fire,intro,Đó là một ngày mà việc mở rộng của cải của bạn có thể bị cản trở và những nỗ lực tìm kiếm thu nhập mới của bạn có thể bị thất bại.,1
money_C_mok_df_fire,effect,"Khi các kênh của cải trở nên hẹp hơn, thu nhập thực sự có thể giảm.",1
money_C_mok_df_fire,action,Tập trung vào việc duy trì thu nhập hiện tại của bạn thay vì đón nhận những thách thức tài chính mới.,1
money_C_mok_df_fire,state,"Sự do dự trong việc thử những điều mới có thể làm chậm tiến độ và năng lượng rõ ràng có thể dẫn đến bầu không khí phấn khích, có thể làm lu mờ sự thận trọng.",1
money_C_mok_df_water,intro,Đó là một ngày mà việc mở rộng của cải của bạn có thể bị cản trở và những nỗ lực tìm kiếm thu nhập mới của bạn có thể bị thất bại.,1
money_C_mok_df_water,effect,"Khi các kênh của cải trở nên hẹp hơn, thu nhập thực sự có thể giảm.",1
money_C_mok_df_water,action,Tập trung vào việc duy trì thu nhập hiện tại của bạn thay vì đón nhận những thách thức tài chính mới.,1
money_C_mok_df_water,state,"Sự do dự trong việc thử những điều mới có thể làm chậm tiến độ và năng lượng của mưa và tuyết có thể kích thích cảm xúc và nội tâm của bạn, điều này có thể làm tăng tác động.",1
money_C_mok_df_wood,intro,Đó là một ngày mà việc mở rộng của cải của bạn có thể bị cản trở và những nỗ lực tìm kiếm thu nhập mới của bạn có thể bị thất bại.,1
money_C_mok_df_wood,effect,"Khi các kênh của cải trở nên hẹp hơn, thu nhập thực sự có thể giảm.",1
money_C_mok_df_wood,action,Tập trung vào việc duy trì thu nhập hiện tại của bạn thay vì đón nhận những thách thức tài chính mới.,1
money_C_mok_df_wood,state,Sự do dự trong việc thử những điều mới có thể làm chậm tiến độ và năng lượng mạnh mẽ của sự thay đổi có thể làm xáo trộn nhịp độ và dẫn đến những biến đổi không mong muốn.,1
money_C_mok_ex_earth,intro,Đó là một ngày mà việc mở rộng của cải của bạn có thể bị cản trở và những nỗ lực tìm kiếm thu nhập mới của bạn có thể bị thất bại.,1
money_C_mok_ex_earth,effect,"Khi các kênh của cải trở nên hẹp hơn, thu nhập thực sự có thể giảm.",1
money_C_mok_ex_earth,action,Tập trung vào việc duy trì thu nhập hiện tại của bạn thay vì đón nhận những thách thức tài chính mới.,1
money_C_mok_ex_earth,state,Động lực quá mức có thể khiến bạn làm việc quá sức và nguồn năng lượng trầm có thể làm bạn chậm lại và khiến suy nghĩ của bạn trở nên nặng nề.,1
money_C_mok_ex_fire,intro,Đó là một ngày mà việc mở rộng của cải của bạn có thể bị cản trở và những nỗ lực tìm kiếm thu nhập mới của bạn có thể bị thất bại.,1
money_C_mok_ex_fire,effect,"Khi các kênh của cải trở nên hẹp hơn, thu nhập thực sự có thể giảm.",1
money_C_mok_ex_fire,action,Tập trung vào việc duy trì thu nhập hiện tại của bạn thay vì đón nhận những thách thức tài chính mới.,1
money_C_mok_ex_fire,state,"Nếu bạn quá có động lực, bạn có thể thúc đẩy bản thân làm mọi việc và nguồn năng lượng sáng rõ của bạn có thể chảy vào bầu không khí phấn khích, điều này có thể làm lu mờ sự thận trọng của bạn.",1
money_C_mok_ex_water,intro,Đó là một ngày mà việc mở rộng của cải của bạn có thể bị cản trở và những nỗ lực tìm kiếm thu nhập mới của bạn có thể bị thất bại.,1
money_C_mok_ex_water,effect,"Khi các kênh của cải trở nên hẹp hơn, thu nhập thực sự có thể giảm.",1
money_C_mok_ex_water,action,Tập trung vào việc duy trì thu nhập hiện tại của bạn thay vì đón nhận những thách thức tài chính mới.,1
money_C_mok_ex_water,state,"Nếu có quá nhiều động lực, bạn có thể làm việc quá sức, năng lượng của mưa tuyết có thể kích thích cảm xúc và nội tâm của bạn, từ đó có thể làm tăng tác động.",1
money_C_mok_ex_wood,intro,Đó là một ngày mà việc mở rộng của cải của bạn có thể bị cản trở và những nỗ lực tìm kiếm thu nhập mới của bạn có thể bị thất bại.,1
money_C_mok_ex_wood,effect,"Khi các kênh của cải trở nên hẹp hơn, thu nhập thực sự có thể giảm.",1
money_C_mok_ex_wood,action,Tập trung vào việc duy trì thu nhập hiện tại của bạn thay vì đón nhận những thách thức tài chính mới.,1
money_C_mok_ex_wood,state,"Động lực quá mức có thể dẫn đến làm việc quá sức, và năng lượng mạnh mẽ của sự thay đổi có thể làm xáo trộn nhịp điệu và dẫn đến những biến đổi không mong muốn.",1
money_C_su_df_earth,intro,Đó là ngày mà dòng chảy của cải bị đảo ngược và thu nhập dự kiến ​​không nhận được.,1
money_C_su_df_earth,effect,"Nếu lệch thời gian quá nhiều, việc mất mát tài sản có thể lặp lại.",1
money_C_su_df_earth,action,Trì hoãn các quyết định tài chính và tập trung vào quản lý tiền mặt ổn định.,1
money_C_su_df_earth,state,Bạn rất dễ mất dấu dòng chảy do thiếu linh hoạt và năng lượng vẩn đục có thể làm bạn chậm lại và khiến suy nghĩ của bạn trở nên nặng nề.,1
money_C_su_df_fire,intro,Đó là ngày mà dòng chảy của cải bị đảo ngược và thu nhập dự kiến ​​không nhận được.,1
money_C_su_df_fire,effect,"Nếu lệch thời gian quá nhiều, việc mất mát tài sản có thể lặp lại.",1
money_C_su_df_fire,action,Trì hoãn các quyết định tài chính và tập trung vào quản lý tiền mặt ổn định.,1
money_C_su_df_fire,state,"Do thiếu linh hoạt nên dễ bị lạc dòng, nguồn năng lượng sáng rõ có thể chảy vào bầu không khí phấn khích, có thể làm lu mờ sự thận trọng của bạn.",1
money_C_su_df_water,intro,Đó là ngày mà dòng chảy của cải bị đảo ngược và thu nhập dự kiến ​​không nhận được.,1
money_C_su_df_water,effect,"Nếu lệch thời gian quá nhiều, việc mất mát tài sản có thể lặp lại.",1
money_C_su_df_water,action,Trì hoãn các quyết định tài chính và tập trung vào quản lý tiền mặt ổn định.,1
money_C_su_df_water,state,"Do thiếu linh hoạt nên dễ bị lạc dòng, năng lượng của mưa tuyết có thể kích thích cảm xúc và nội tâm, có thể làm tăng tác động.",1
money_C_su_df_wood,intro,Đó là ngày mà dòng chảy của cải bị đảo ngược và thu nhập dự kiến ​​không nhận được.,1
money_C_su_df_wood,effect,"Nếu lệch thời gian quá nhiều, việc mất mát tài sản có thể lặp lại.",1
money_C_su_df_wood,action,Trì hoãn các quyết định tài chính và tập trung vào quản lý tiền mặt ổn định.,1
money_C_su_df_wood,state,"Do thiếu linh hoạt nên dễ bị lạc dòng, năng lượng thay đổi mạnh mẽ có thể làm rung chuyển nhịp điệu và dẫn đến những biến chuyển không mong muốn.",1
money_C_su_ex_earth,intro,Đó là ngày mà dòng chảy của cải bị đảo ngược và thu nhập dự kiến ​​không nhận được.,1
money_C_su_ex_earth,effect,"Nếu lệch thời gian quá nhiều, việc mất mát tài sản có thể lặp lại.",1
money_C_su_ex_earth,action,Trì hoãn các quyết định tài chính và tập trung vào quản lý tiền mặt ổn định.,1
money_C_su_ex_earth,state,"Khả năng phán đoán của bạn rất dễ bị che mờ bởi những cảm xúc dâng trào, năng lượng vẩn đục có thể làm bạn chậm lại và khiến suy nghĩ của bạn trở nên nặng nề.",1
money_C_su_ex_fire,intro,Đó là ngày mà dòng chảy của cải bị đảo ngược và thu nhập dự kiến ​​không nhận được.,1
money_C_su_ex_fire,effect,"Nếu lệch thời gian quá nhiều, việc mất mát tài sản có thể lặp lại.",1
money_C_su_ex_fire,action,Trì hoãn các quyết định tài chính và tập trung vào quản lý tiền mặt ổn định.,1
money_C_su_ex_fire,state,"Sự phán xét có thể dễ dàng bị che mờ bởi những cảm xúc dâng trào, và nguồn năng lượng sáng rõ có thể chảy vào một bầu không khí phấn khích, có thể che mờ sự thận trọng.",1
money_C_su_ex_water,intro,Đó là ngày mà dòng chảy của cải bị đảo ngược và thu nhập dự kiến ​​không nhận được.,1
money_C_su_ex_water,effect,"Nếu lệch thời gian quá nhiều, việc mất mát tài sản có thể lặp lại.",1
money_C_su_ex_water,action,Trì hoãn các quyết định tài chính và tập trung vào quản lý tiền mặt ổn định.,1
money_C_su_ex_water,state,"Khả năng phán đoán của bạn rất dễ bị lu mờ do cảm xúc dâng trào, năng lượng của mưa tuyết có thể kích thích cảm xúc và nội tâm của bạn, từ đó có thể làm tăng tác động.",1
money_C_su_ex_wood,intro,Đó là ngày mà dòng chảy của cải bị đảo ngược và thu nhập dự kiến ​​không nhận được.,1
money_C_su_ex_wood,effect,"Nếu lệch thời gian quá nhiều, việc mất mát tài sản có thể lặp lại.",1
money_C_su_ex_wood,action,Trì hoãn các quyết định tài chính và tập trung vào quản lý tiền mặt ổn định.,1
money_C_su_ex_wood,state,"Sự phán xét có thể dễ dàng bị che mờ bởi cảm xúc, và năng lượng mạnh mẽ của sự thay đổi có thể làm rung chuyển nhịp điệu và dẫn đến những biến đổi bất ngờ.",1
money_C_to_df_earth,intro,"Đó là ngày mà nền tảng của cải bị lung lay, chi phí và thua lỗ vượt quá thu nhập.",1
money_C_to_df_earth,effect,Tình hình tài chính không ổn định có thể dẫn đến thua lỗ chuỗi.,1
money_C_to_df_earth,action,Hãy cắt giảm chi tiêu ngay bây giờ và tập trung vào việc bảo vệ cơ sở tài chính của bạn.,1
money_C_to_df_earth,state,Bởi vì trung tâm của bạn bị rung chuyển nên bạn rất dễ bị ảnh hưởng bởi môi trường xung quanh và nguồn năng lượng trầm có thể làm bạn chậm lại và khiến suy nghĩ của bạn trở nên nặng nề.,1
money_C_to_df_fire,intro,"Đó là ngày mà nền tảng của cải bị lung lay, chi phí và thua lỗ vượt quá thu nhập.",1
money_C_to_df_fire,effect,Tình hình tài chính không ổn định có thể dẫn đến thua lỗ chuỗi.,1
money_C_to_df_fire,action,Hãy cắt giảm chi tiêu ngay bây giờ và tập trung vào việc bảo vệ cơ sở tài chính của bạn.,1
money_C_to_df_fire,state,"Bởi vì trung tâm của bạn bị rung chuyển nên rất dễ bị ảnh hưởng bởi những người xung quanh, và nguồn năng lượng sáng rõ của bạn có thể chảy vào một bầu không khí phấn khích, điều này có thể che mờ sự thận trọng của bạn.",1
money_C_to_df_water,intro,"Đó là ngày mà nền tảng của cải bị lung lay, chi phí và thua lỗ vượt quá thu nhập.",1
money_C_to_df_water,effect,Tình hình tài chính không ổn định có thể dẫn đến thua lỗ chuỗi.,1
money_C_to_df_water,action,Hãy cắt giảm chi tiêu ngay bây giờ và tập trung vào việc bảo vệ cơ sở tài chính của bạn.,1
money_C_to_df_water,state,"Vì trung tâm của bạn bị rung chuyển nên rất dễ bị ảnh hưởng bởi môi trường xung quanh, năng lượng của mưa tuyết có thể kích thích cảm xúc và nội tâm của bạn, từ đó có thể làm tăng tác động.",1
money_C_to_df_wood,intro,"Đó là ngày mà nền tảng của cải bị lung lay, chi phí và thua lỗ vượt quá thu nhập.",1
money_C_to_df_wood,effect,Tình hình tài chính không ổn định có thể dẫn đến thua lỗ chuỗi.,1
money_C_to_df_wood,action,Hãy cắt giảm chi tiêu ngay bây giờ và tập trung vào việc bảo vệ cơ sở tài chính của bạn.,1
money_C_to_df_wood,state,"Bởi vì trung tâm bị rung chuyển nên dễ bị ảnh hưởng bởi môi trường xung quanh, năng lượng thay đổi mạnh mẽ có thể làm rung chuyển nhịp điệu và dẫn đến những biến chuyển bất ngờ.",1
money_C_to_ex_earth,intro,"Đó là ngày mà nền tảng của cải bị lung lay, chi phí và thua lỗ vượt quá thu nhập.",1
money_C_to_ex_earth,effect,Tình hình tài chính không ổn định có thể dẫn đến thua lỗ chuỗi.,1
money_C_to_ex_earth,action,Hãy cắt giảm chi tiêu ngay bây giờ và tập trung vào việc bảo vệ cơ sở tài chính của bạn.,1
money_C_to_ex_earth,state,"Một tâm trí không chịu thay đổi có thể chặn đứng các cơ hội, và nguồn năng lượng trầm có thể làm chậm tốc độ của bạn và khiến suy nghĩ của bạn trở nên nặng nề.",1
money_C_to_ex_fire,intro,"Đó là ngày mà nền tảng của cải bị lung lay, chi phí và thua lỗ vượt quá thu nhập.",1
money_C_to_ex_fire,effect,Tình hình tài chính không ổn định có thể dẫn đến thua lỗ chuỗi.,1
money_C_to_ex_fire,action,Hãy cắt giảm chi tiêu ngay bây giờ và tập trung vào việc bảo vệ cơ sở tài chính của bạn.,1
money_C_to_ex_fire,state,"Một tâm trí không chịu thay đổi có thể chặn đứng các cơ hội, và năng lượng rõ ràng có thể chảy vào bầu không khí phấn khích, che mờ sự thận trọng.",1
money_C_to_ex_water,intro,"Đó là ngày mà nền tảng của cải bị lung lay, chi phí và thua lỗ vượt quá thu nhập.",1
money_C_to_ex_water,effect,Tình hình tài chính không ổn định có thể dẫn đến thua lỗ chuỗi.,1
money_C_to_ex_water,action,Hãy cắt giảm chi tiêu ngay bây giờ và tập trung vào việc bảo vệ cơ sở tài chính của bạn.,1
money_C_to_ex_water,state,"Một tâm trí không chịu thay đổi có thể chặn đứng các cơ hội, còn năng lượng của mưa tuyết có thể kích thích cảm xúc và nội tâm, có thể làm tăng tác động.",1
money_C_to_ex_wood,intro,"Đó là ngày mà nền tảng của cải bị lung lay, chi phí và thua lỗ vượt quá thu nhập.",1
money_C_to_ex_wood,effect,Tình hình tài chính không ổn định có thể dẫn đến thua lỗ chuỗi.,1
money_C_to_ex_wood,action,Hãy cắt giảm chi tiêu ngay bây giờ và tập trung vào việc bảo vệ cơ sở tài chính của bạn.,1
money_C_to_ex_wood,state,Việc từ chối thay đổi có thể cản trở các cơ hội và năng lượng mạnh mẽ của sự thay đổi có thể làm rung chuyển nhịp điệu và dẫn đến những biến đổi không mong muốn.,1
money_C1,intro,Năng lượng của cải hôm nay khá yếu nên bạn cần đặc biệt cẩn thận trong việc quản lý chi tiêu của mình.,1
money_C1,intro,"Hôm nay, dòng tiền bị chặn nên việc ngăn ngừa thua lỗ được ưu tiên hơn lợi nhuận.",1
money_C1,effect,Hôm nay là ngày dễ mắc sai lầm về tài chính hoặc những khoản chi tiêu bất ngờ nên tốt nhất bạn nên tránh những quyết định lớn.,1
money_C1,effect,Đây là ngày bạn cần kiểm tra và quản lý tài chính của mình vì chi phí có thể vượt quá lợi nhuận.,1
money_C1,action,Có thể an toàn nếu hoãn tất cả các khoản thanh toán hoặc các quyết định liên quan đến hợp đồng cho đến ngày mai.,1
money_C1,action,Kiểm tra dòng tiền của bạn và giảm các chi phí không khẩn cấp càng nhiều càng tốt.,1
money_C1_geum_df_earth,intro,Đó là ngày mà vận may tài chính của bạn giảm đi rất nhiều và nguy cơ thua lỗ tài chính rất cao.,1
money_C1_geum_df_earth,effect,"Khi khả năng đánh giá sự giàu có của bạn giảm sút, bạn có thể gặp phải những tổn thất lặp đi lặp lại.",1
money_C1_geum_df_earth,action,Hãy ngừng thử những điều mới hoàn toàn và tập trung vào việc ngăn ngừa thua lỗ.,1
money_C1_geum_df_earth,state,"Do thiếu quyết tâm nên dễ tích tụ những lựa chọn thiếu quyết đoán, năng lượng vẩn đục có thể làm giảm động lực và khả năng phán đoán của đám mây.",1
money_C1_geum_df_fire,intro,Đó là ngày mà vận may tài chính của bạn giảm đi rất nhiều và nguy cơ thua lỗ tài chính rất cao.,1
money_C1_geum_df_fire,effect,"Khi khả năng đánh giá sự giàu có của bạn giảm sút, bạn có thể gặp phải những tổn thất lặp đi lặp lại.",1
money_C1_geum_df_fire,action,Hãy ngừng thử những điều mới hoàn toàn và tập trung vào việc ngăn ngừa thua lỗ.,1
money_C1_geum_df_fire,state,"Vì thiếu quyết tâm nên dễ đưa ra những lựa chọn thiếu quyết đoán, Dương hưng phấn có thể làm mất bình tĩnh và dẫn đến những sai lầm nhỏ.",1
money_C1_geum_df_water,intro,Đó là ngày mà vận may tài chính của bạn giảm đi rất nhiều và nguy cơ thua lỗ tài chính rất cao.,1
money_C1_geum_df_water,effect,"Khi khả năng đánh giá sự giàu có của bạn giảm sút, bạn có thể gặp phải những tổn thất lặp đi lặp lại.",1
money_C1_geum_df_water,action,Hãy ngừng thử những điều mới hoàn toàn và tập trung vào việc ngăn ngừa thua lỗ.,1
money_C1_geum_df_water,state,"Vì thiếu quyết tâm nên dễ nảy sinh những lựa chọn thiếu quyết đoán, năng lượng mưa tuyết không thể xoa dịu cảm xúc, khiến lòng bạn nặng trĩu.",1
money_C1_geum_df_wood,intro,Đó là ngày mà vận may tài chính của bạn giảm đi rất nhiều và nguy cơ thua lỗ tài chính rất cao.,1
money_C1_geum_df_wood,effect,"Khi khả năng đánh giá sự giàu có của bạn giảm sút, bạn có thể gặp phải những tổn thất lặp đi lặp lại.",1
money_C1_geum_df_wood,action,Hãy ngừng thử những điều mới hoàn toàn và tập trung vào việc ngăn ngừa thua lỗ.,1
money_C1_geum_df_wood,state,"Vì thiếu quyết tâm nên dễ nảy sinh những lựa chọn thiếu quyết đoán, năng lượng của sự thay đổi có thể liên tục cản trở, phá vỡ các kế hoạch.",1
money_C1_geum_ex_earth,intro,Đó là ngày mà vận may tài chính của bạn giảm đi rất nhiều và nguy cơ thua lỗ tài chính rất cao.,1
money_C1_geum_ex_earth,effect,"Khi khả năng đánh giá sự giàu có của bạn giảm sút, bạn có thể gặp phải những tổn thất lặp đi lặp lại.",1
money_C1_geum_ex_earth,action,Hãy ngừng thử những điều mới hoàn toàn và tập trung vào việc ngăn ngừa thua lỗ.,1
money_C1_geum_ex_earth,state,"Sự sắc bén có thể đi quá xa và gây gánh nặng cho những người xung quanh bạn, đồng thời nguồn năng lượng trầm có thể làm giảm động lực và che mờ khả năng phán đoán của bạn.",1
money_C1_geum_ex_fire,intro,Đó là ngày mà vận may tài chính của bạn giảm đi rất nhiều và nguy cơ thua lỗ tài chính rất cao.,1
money_C1_geum_ex_fire,effect,"Khi khả năng đánh giá sự giàu có của bạn giảm sút, bạn có thể gặp phải những tổn thất lặp đi lặp lại.",1
money_C1_geum_ex_fire,action,Hãy ngừng thử những điều mới hoàn toàn và tập trung vào việc ngăn ngừa thua lỗ.,1
money_C1_geum_ex_fire,state,"Sự sắc bén của bạn có thể đi quá xa và gây gánh nặng cho những người xung quanh, đồng thời năng lượng phấn khích của bạn có thể làm tiêu tan sự bình tĩnh của bạn và dẫn đến những sai lầm nhỏ.",1
money_C1_geum_ex_water,intro,Đó là ngày mà vận may tài chính của bạn giảm đi rất nhiều và nguy cơ thua lỗ tài chính rất cao.,1
money_C1_geum_ex_water,effect,"Khi khả năng đánh giá sự giàu có của bạn giảm sút, bạn có thể gặp phải những tổn thất lặp đi lặp lại.",1
money_C1_geum_ex_water,action,Hãy ngừng thử những điều mới hoàn toàn và tập trung vào việc ngăn ngừa thua lỗ.,1
money_C1_geum_ex_water,state,"Sự sắc bén của bạn có thể đi quá xa và gây gánh nặng cho những người xung quanh, còn năng lượng của mưa tuyết không thể xoa dịu được cảm xúc của bạn, khiến lòng bạn nặng trĩu.",1
money_C1_geum_ex_wood,intro,Đó là ngày mà vận may tài chính của bạn giảm đi rất nhiều và nguy cơ thua lỗ tài chính rất cao.,1
money_C1_geum_ex_wood,effect,"Khi khả năng đánh giá sự giàu có của bạn giảm sút, bạn có thể gặp phải những tổn thất lặp đi lặp lại.",1
money_C1_geum_ex_wood,action,Hãy ngừng thử những điều mới hoàn toàn và tập trung vào việc ngăn ngừa thua lỗ.,1
money_C1_geum_ex_wood,state,"Sự sắc bén của bạn có thể đi quá xa và gây gánh nặng cho những người xung quanh, đồng thời năng lượng thay đổi có thể tiếp tục cản trở các kế hoạch của bạn.",1
money_C1_hwa_df_earth,intro,Đây là ngày mà cảm giác giàu có của bạn gần như không còn nữa và nguy cơ chi tiêu bốc đồng là cực kỳ cao.,1
money_C1_hwa_df_earth,effect,Cảm giác giàu có sai lầm có thể dẫn đến tổn thất lớn.,1
money_C1_hwa_df_earth,action,Hãy ngừng đưa ra quyết định liên quan đến tài chính của bạn ngay hôm nay.,1
money_C1_hwa_df_earth,state,Cảm xúc của bạn rất dễ không được truyền tải đúng cách do tắc nghẽn biểu hiện và năng lượng vẩn đục có thể làm giảm động lực và che mờ khả năng phán đoán của bạn.,1
money_C1_hwa_df_fire,intro,Đây là ngày mà cảm giác giàu có của bạn gần như không còn nữa và nguy cơ chi tiêu bốc đồng là cực kỳ cao.,1
money_C1_hwa_df_fire,effect,Cảm giác giàu có sai lầm có thể dẫn đến tổn thất lớn.,1
money_C1_hwa_df_fire,action,Hãy ngừng đưa ra quyết định liên quan đến tài chính của bạn ngay hôm nay.,1
money_C1_hwa_df_fire,state,"Cảm xúc của bạn rất dễ không được truyền tải đúng cách do tắc nghẽn biểu hiện, đồng thời năng lượng phấn khích có thể làm mất đi sự bình tĩnh của bạn và dẫn đến những sai sót nhỏ.",1
money_C1_hwa_df_water,intro,Đây là ngày mà cảm giác giàu có của bạn gần như không còn nữa và nguy cơ chi tiêu bốc đồng là cực kỳ cao.,1
money_C1_hwa_df_water,effect,Cảm giác giàu có sai lầm có thể dẫn đến tổn thất lớn.,1
money_C1_hwa_df_water,action,Hãy ngừng đưa ra quyết định liên quan đến tài chính của bạn ngay hôm nay.,1
money_C1_hwa_df_water,state,"Bởi vì biểu cảm bị chặn nên cảm xúc của bạn dễ không được truyền tải một cách đúng đắn, năng lượng của mưa tuyết không thể xoa dịu cảm xúc của bạn, điều này có thể khiến trái tim bạn cảm thấy nặng nề.",1
money_C1_hwa_df_wood,intro,Đây là ngày mà cảm giác giàu có của bạn gần như không còn nữa và nguy cơ chi tiêu bốc đồng là cực kỳ cao.,1
money_C1_hwa_df_wood,effect,Cảm giác giàu có sai lầm có thể dẫn đến tổn thất lớn.,1
money_C1_hwa_df_wood,action,Hãy ngừng đưa ra quyết định liên quan đến tài chính của bạn ngay hôm nay.,1
money_C1_hwa_df_wood,state,Cảm xúc của bạn rất dễ không được truyền tải đúng cách do tắc nghẽn biểu hiện và năng lượng của sự thay đổi có thể tiếp tục cản trở và làm gián đoạn kế hoạch của bạn.,1
money_C1_hwa_ex_earth,intro,Đây là ngày mà cảm giác giàu có của bạn gần như không còn nữa và nguy cơ chi tiêu bốc đồng là cực kỳ cao.,1
money_C1_hwa_ex_earth,effect,Cảm giác giàu có sai lầm có thể dẫn đến tổn thất lớn.,1
money_C1_hwa_ex_earth,action,Hãy ngừng đưa ra quyết định liên quan đến tài chính của bạn ngay hôm nay.,1
money_C1_hwa_ex_earth,state,"Cảm xúc rất dễ gây ra xích mích ngay cả với những điều nhỏ nhặt, và năng lượng vẩn đục có thể làm giảm động lực và khả năng phán đoán của đám mây.",1
money_C1_hwa_ex_fire,intro,Đây là ngày mà cảm giác giàu có của bạn gần như không còn nữa và nguy cơ chi tiêu bốc đồng là cực kỳ cao.,1
money_C1_hwa_ex_fire,effect,Cảm giác giàu có sai lầm có thể dẫn đến tổn thất lớn.,1
money_C1_hwa_ex_fire,action,Hãy ngừng đưa ra quyết định liên quan đến tài chính của bạn ngay hôm nay.,1
money_C1_hwa_ex_fire,state,"Cảm xúc rất dễ gây ra xích mích dù chỉ vì những điều nhỏ nhặt, còn năng lượng phấn khích có thể làm xáo trộn sự bình tĩnh của bạn và dẫn đến những sai lầm nhỏ.",1
money_C1_hwa_ex_water,intro,Đây là ngày mà cảm giác giàu có của bạn gần như không còn nữa và nguy cơ chi tiêu bốc đồng là cực kỳ cao.,1
money_C1_hwa_ex_water,effect,Cảm giác giàu có sai lầm có thể dẫn đến tổn thất lớn.,1
money_C1_hwa_ex_water,action,Hãy ngừng đưa ra quyết định liên quan đến tài chính của bạn ngay hôm nay.,1
money_C1_hwa_ex_water,state,"Cảm xúc rất dễ nảy sinh dù chỉ vì những điều nhỏ nhặt, năng lượng của mưa tuyết cũng không thể làm dịu đi cảm xúc của bạn, khiến lòng bạn nặng trĩu.",1
money_C1_hwa_ex_wood,intro,Đây là ngày mà cảm giác giàu có của bạn gần như không còn nữa và nguy cơ chi tiêu bốc đồng là cực kỳ cao.,1
money_C1_hwa_ex_wood,effect,Cảm giác giàu có sai lầm có thể dẫn đến tổn thất lớn.,1
money_C1_hwa_ex_wood,action,Hãy ngừng đưa ra quyết định liên quan đến tài chính của bạn ngay hôm nay.,1
money_C1_hwa_ex_wood,state,"Nếu bạn bị chi phối bởi cảm xúc, bạn rất dễ nảy sinh xích mích ngay cả vì những điều nhỏ nhặt và năng lượng của sự thay đổi có thể tiếp tục cản trở và làm gián đoạn các kế hoạch của bạn.",1
money_C1_mok_df_earth,intro,Đó là ngày mà sự tăng trưởng của cải hoàn toàn dừng lại và các nguồn thu nhập bị chặn lại.,1
money_C1_mok_df_earth,effect,"Các kênh thu nhập có thể bị chặn, dẫn đến thu nhập giảm mạnh.",1
money_C1_mok_df_earth,action,Hạn chế chi tiêu càng nhiều càng tốt và bảo vệ tài sản hiện tại của bạn.,1
money_C1_mok_df_earth,state,"Nếu chần chừ trong thời gian dài, cơ hội sẽ dễ dàng vuột khỏi tầm tay bạn, nguồn năng lượng trầm có thể làm giảm động lực và che mờ khả năng phán đoán của bạn.",1
money_C1_mok_df_fire,intro,Đó là ngày mà sự tăng trưởng của cải hoàn toàn dừng lại và các nguồn thu nhập bị chặn lại.,1
money_C1_mok_df_fire,effect,"Các kênh thu nhập có thể bị chặn, dẫn đến thu nhập giảm mạnh.",1
money_C1_mok_df_fire,action,Hạn chế chi tiêu càng nhiều càng tốt và bảo vệ tài sản hiện tại của bạn.,1
money_C1_mok_df_fire,state,"Nếu chần chừ lâu, rất dễ cơ hội tuột khỏi tay bạn, năng lượng hưng phấn có thể làm mất đi sự bình tĩnh của bạn và dẫn đến những sai sót nhỏ.",1
money_C1_mok_df_water,intro,Đó là ngày mà sự tăng trưởng của cải hoàn toàn dừng lại và các nguồn thu nhập bị chặn lại.,1
money_C1_mok_df_water,effect,"Các kênh thu nhập có thể bị chặn, dẫn đến thu nhập giảm mạnh.",1
money_C1_mok_df_water,action,Hạn chế chi tiêu càng nhiều càng tốt và bảo vệ tài sản hiện tại của bạn.,1
money_C1_mok_df_water,state,"Nếu chần chừ lâu, rất dễ cơ hội tuột khỏi tay, năng lượng mưa tuyết không thể xoa dịu cảm xúc, khiến lòng bạn nặng trĩu.",1
money_C1_mok_df_wood,intro,Đó là ngày mà sự tăng trưởng của cải hoàn toàn dừng lại và các nguồn thu nhập bị chặn lại.,1
money_C1_mok_df_wood,effect,"Các kênh thu nhập có thể bị chặn, dẫn đến thu nhập giảm mạnh.",1
money_C1_mok_df_wood,action,Hạn chế chi tiêu càng nhiều càng tốt và bảo vệ tài sản hiện tại của bạn.,1
money_C1_mok_df_wood,state,"Nếu bạn chần chừ trong thời gian dài, rất dễ để cơ hội tuột khỏi tay bạn, năng lượng của sự thay đổi có thể liên tục cản trở và làm gián đoạn các kế hoạch của bạn.",1
money_C1_mok_ex_earth,intro,Đó là ngày mà sự tăng trưởng của cải hoàn toàn dừng lại và các nguồn thu nhập bị chặn lại.,1
money_C1_mok_ex_earth,effect,"Các kênh thu nhập có thể bị chặn, dẫn đến thu nhập giảm mạnh.",1
money_C1_mok_ex_earth,action,Hạn chế chi tiêu càng nhiều càng tốt và bảo vệ tài sản hiện tại của bạn.,1
money_C1_mok_ex_earth,state,"Lòng tham rất dễ dẫn đến những thứ không thể nắm bắt được, năng lượng vẩn đục có thể làm giảm động lực và khả năng phán đoán của mây mù.",1
money_C1_mok_ex_fire,intro,Đó là ngày mà sự tăng trưởng của cải hoàn toàn dừng lại và các nguồn thu nhập bị chặn lại.,1
money_C1_mok_ex_fire,effect,"Các kênh thu nhập có thể bị chặn, dẫn đến thu nhập giảm mạnh.",1
money_C1_mok_ex_fire,action,Hạn chế chi tiêu càng nhiều càng tốt và bảo vệ tài sản hiện tại của bạn.,1
money_C1_mok_ex_fire,state,"Bạn rất dễ trở nên tham lam và làm những việc không thể kiểm soát, năng lượng phấn khích có thể làm xáo trộn sự bình tĩnh của bạn và dẫn đến những sai lầm nhỏ.",1
money_C1_mok_ex_water,intro,Đó là ngày mà sự tăng trưởng của cải hoàn toàn dừng lại và các nguồn thu nhập bị chặn lại.,1
money_C1_mok_ex_water,effect,"Các kênh thu nhập có thể bị chặn, dẫn đến thu nhập giảm mạnh.",1
money_C1_mok_ex_water,action,Hạn chế chi tiêu càng nhiều càng tốt và bảo vệ tài sản hiện tại của bạn.,1
money_C1_mok_ex_water,state,"Bạn dễ trở nên tham lam và làm những việc mình không thể kiểm soát, năng lượng của mưa tuyết không thể xoa dịu cảm xúc khiến lòng bạn nặng trĩu.",1
money_C1_mok_ex_wood,intro,Đó là ngày mà sự tăng trưởng của cải hoàn toàn dừng lại và các nguồn thu nhập bị chặn lại.,1
money_C1_mok_ex_wood,effect,"Các kênh thu nhập có thể bị chặn, dẫn đến thu nhập giảm mạnh.",1
money_C1_mok_ex_wood,action,Hạn chế chi tiêu càng nhiều càng tốt và bảo vệ tài sản hiện tại của bạn.,1
money_C1_mok_ex_wood,state,"Bạn rất dễ trở nên tham lam và làm những việc ngoài tầm kiểm soát, đồng thời năng lượng của sự thay đổi có thể tiếp tục cản trở các kế hoạch của bạn.",1
money_C1_su_df_earth,intro,Đó là ngày mà dòng chảy của cải hoàn toàn bị đảo ngược và thua lỗ vẫn tiếp tục.,1
money_C1_su_df_earth,effect,Một quyết định tài chính không đúng lúc sẽ đẩy nhanh sự mất mát.,1
money_C1_su_df_earth,action,Hãy hoãn tất cả các quyết định tài chính của ngày hôm nay sang ngày mai.,1
money_C1_su_df_earth,state,"Bạn rất dễ trở nên bướng bỉnh và lạc lối, và nguồn năng lượng trầm có thể làm giảm động lực và che mờ khả năng phán đoán của bạn.",1
money_C1_su_df_fire,intro,Đó là ngày mà dòng chảy của cải hoàn toàn bị đảo ngược và thua lỗ vẫn tiếp tục.,1
money_C1_su_df_fire,effect,Một quyết định tài chính không đúng lúc sẽ đẩy nhanh sự mất mát.,1
money_C1_su_df_fire,action,Hãy hoãn tất cả các quyết định tài chính của ngày hôm nay sang ngày mai.,1
money_C1_su_df_fire,state,"Bạn rất dễ trở nên bướng bỉnh và lạc lối, năng lượng phấn khích có thể làm xáo trộn sự bình tĩnh của bạn và dẫn đến những sai lầm nhỏ.",1
money_C1_su_df_water,intro,Đó là ngày mà dòng chảy của cải hoàn toàn bị đảo ngược và thua lỗ vẫn tiếp tục.,1
money_C1_su_df_water,effect,Một quyết định tài chính không đúng lúc sẽ đẩy nhanh sự mất mát.,1
money_C1_su_df_water,action,Hãy hoãn tất cả các quyết định tài chính của ngày hôm nay sang ngày mai.,1
money_C1_su_df_water,state,"Bạn dễ trở nên bướng bỉnh, lạc lối, năng lượng của mưa tuyết không thể xoa dịu được cảm xúc, khiến lòng bạn trĩu nặng.",1
money_C1_su_df_wood,intro,Đó là ngày mà dòng chảy của cải hoàn toàn bị đảo ngược và thua lỗ vẫn tiếp tục.,1
money_C1_su_df_wood,effect,Một quyết định tài chính không đúng lúc sẽ đẩy nhanh sự mất mát.,1
money_C1_su_df_wood,action,Hãy hoãn tất cả các quyết định tài chính của ngày hôm nay sang ngày mai.,1
money_C1_su_df_wood,state,"Bạn rất dễ trở nên bướng bỉnh và mất dấu mọi việc nhiều lần, đồng thời năng lượng của sự thay đổi có thể tiếp tục cản trở và làm gián đoạn các kế hoạch của bạn.",1
money_C1_su_ex_earth,intro,Đó là ngày mà dòng chảy của cải hoàn toàn bị đảo ngược và thua lỗ vẫn tiếp tục.,1
money_C1_su_ex_earth,effect,Một quyết định tài chính không đúng lúc sẽ đẩy nhanh sự mất mát.,1
money_C1_su_ex_earth,action,Hãy hoãn tất cả các quyết định tài chính của ngày hôm nay sang ngày mai.,1
money_C1_su_ex_earth,state,"Cảm xúc trở nên sâu sắc hơn nên rất dễ bị rung chuyển bởi những kích thích dù nhỏ, năng lượng vẩn đục có thể làm giảm động lực và khả năng phán đoán của đám mây.",1
money_C1_su_ex_fire,intro,Đó là ngày mà dòng chảy của cải hoàn toàn bị đảo ngược và thua lỗ vẫn tiếp tục.,1
money_C1_su_ex_fire,effect,Một quyết định tài chính không đúng lúc sẽ đẩy nhanh sự mất mát.,1
money_C1_su_ex_fire,action,Hãy hoãn tất cả các quyết định tài chính của ngày hôm nay sang ngày mai.,1
money_C1_su_ex_fire,state,"Cảm xúc trở nên sâu sắc nên rất dễ bị rung chuyển bởi những kích thích dù là nhỏ nhất, năng lượng phấn khích có thể làm xáo trộn sự bình tĩnh và dẫn đến những sai lầm nhỏ.",1
money_C1_su_ex_water,intro,Đó là ngày mà dòng chảy của cải hoàn toàn bị đảo ngược và thua lỗ vẫn tiếp tục.,1
money_C1_su_ex_water,effect,Một quyết định tài chính không đúng lúc sẽ đẩy nhanh sự mất mát.,1
money_C1_su_ex_water,action,Hãy hoãn tất cả các quyết định tài chính của ngày hôm nay sang ngày mai.,1
money_C1_su_ex_water,state,"Khi cảm xúc trở nên sâu sắc hơn, rất dễ bị rung chuyển bởi những kích thích dù là nhỏ nhất, năng lượng của mưa tuyết có thể không xoa dịu được cảm xúc, khiến lòng nặng trĩu.",1
money_C1_su_ex_wood,intro,Đó là ngày mà dòng chảy của cải hoàn toàn bị đảo ngược và thua lỗ vẫn tiếp tục.,1
money_C1_su_ex_wood,effect,Một quyết định tài chính không đúng lúc sẽ đẩy nhanh sự mất mát.,1
money_C1_su_ex_wood,action,Hãy hoãn tất cả các quyết định tài chính của ngày hôm nay sang ngày mai.,1
money_C1_su_ex_wood,state,"Khi cảm xúc của bạn trở nên sâu sắc hơn, bạn rất dễ bị lung lay bởi những kích thích dù là nhỏ nhất và năng lượng của sự thay đổi có thể tiếp tục cản trở và làm gián đoạn các kế hoạch của bạn.",1
money_C1_to_df_earth,intro,Đây là ngày mà nền tảng tài chính của bạn bị suy yếu nghiêm trọng và mọi chi tiêu đều có rủi ro.,1
money_C1_to_df_earth,effect,Nền tảng tài chính không ổn định có thể dẫn đến thua lỗ liên tục.,1
money_C1_to_df_earth,action,Chỉ cần chi tiêu những thứ cần thiết tối thiểu và tạm dừng mọi thứ khác.,1
money_C1_to_df_earth,state,Bởi vì bạn không tập trung nên các quyết định của bạn dễ dàng thay đổi và năng lượng vẩn đục có thể làm giảm động lực và che mờ khả năng phán đoán của bạn.,1
money_C1_to_df_fire,intro,Đây là ngày mà nền tảng tài chính của bạn bị suy yếu nghiêm trọng và mọi chi tiêu đều có rủi ro.,1
money_C1_to_df_fire,effect,Nền tảng tài chính không ổn định có thể dẫn đến thua lỗ liên tục.,1
money_C1_to_df_fire,action,Chỉ cần chi tiêu những thứ cần thiết tối thiểu và tạm dừng mọi thứ khác.,1
money_C1_to_df_fire,state,"Vì không tập trung nên các quyết định của bạn dễ bị thay đổi, năng lượng phấn khích có thể làm tiêu tan sự bình tĩnh của bạn và dẫn đến những sai lầm nhỏ.",1
money_C1_to_df_water,intro,Đây là ngày mà nền tảng tài chính của bạn bị suy yếu nghiêm trọng và mọi chi tiêu đều có rủi ro.,1
money_C1_to_df_water,effect,Nền tảng tài chính không ổn định có thể dẫn đến thua lỗ liên tục.,1
money_C1_to_df_water,action,Chỉ cần chi tiêu những thứ cần thiết tối thiểu và tạm dừng mọi thứ khác.,1
money_C1_to_df_water,state,"Vì không tập trung nên các quyết định của bạn dễ bị thay đổi, năng lượng của mưa tuyết không thể xoa dịu được cảm xúc khiến lòng bạn nặng trĩu.",1
money_C1_to_df_wood,intro,Đây là ngày mà nền tảng tài chính của bạn bị suy yếu nghiêm trọng và mọi chi tiêu đều có rủi ro.,1
money_C1_to_df_wood,effect,Nền tảng tài chính không ổn định có thể dẫn đến thua lỗ liên tục.,1
money_C1_to_df_wood,action,Chỉ cần chi tiêu những thứ cần thiết tối thiểu và tạm dừng mọi thứ khác.,1
money_C1_to_df_wood,state,Bởi vì bạn không tập trung nên các quyết định của bạn dễ dàng thay đổi và năng lượng của sự thay đổi có thể tiếp tục cản trở các kế hoạch của bạn.,1
money_C1_to_ex_earth,intro,Đây là ngày mà nền tảng tài chính của bạn bị suy yếu nghiêm trọng và mọi chi tiêu đều có rủi ro.,1
money_C1_to_ex_earth,effect,Nền tảng tài chính không ổn định có thể dẫn đến thua lỗ liên tục.,1
money_C1_to_ex_earth,action,Chỉ cần chi tiêu những thứ cần thiết tối thiểu và tạm dừng mọi thứ khác.,1
money_C1_to_ex_earth,state,"Thật dễ dàng để bỏ qua những thay đổi đòi hỏi sự định hướng ổn định cứng đầu, và năng lượng vẩn đục có thể làm giảm động lực và khả năng phán đoán của đám mây.",1
money_C1_to_ex_fire,intro,Đây là ngày mà nền tảng tài chính của bạn bị suy yếu nghiêm trọng và mọi chi tiêu đều có rủi ro.,1
money_C1_to_ex_fire,effect,Nền tảng tài chính không ổn định có thể dẫn đến thua lỗ liên tục.,1
money_C1_to_ex_fire,action,Chỉ cần chi tiêu những thứ cần thiết tối thiểu và tạm dừng mọi thứ khác.,1
money_C1_to_ex_fire,state,"Người ta dễ bỏ qua những thay đổi đòi hỏi sự ổn định bướng bỉnh, năng lượng phấn khích có thể làm xáo trộn sự bình tĩnh và dẫn đến những sai lầm nhỏ.",1
money_C1_to_ex_water,intro,Đây là ngày mà nền tảng tài chính của bạn bị suy yếu nghiêm trọng và mọi chi tiêu đều có rủi ro.,1
money_C1_to_ex_water,effect,Nền tảng tài chính không ổn định có thể dẫn đến thua lỗ liên tục.,1
money_C1_to_ex_water,action,Chỉ cần chi tiêu những thứ cần thiết tối thiểu và tạm dừng mọi thứ khác.,1
money_C1_to_ex_water,state,"Người ta dễ bỏ qua những thay đổi đòi hỏi sự ổn định bướng bỉnh, năng lượng của mưa tuyết có thể không xoa dịu được cảm xúc, khiến lòng bạn nặng trĩu.",1
money_C1_to_ex_wood,intro,Đây là ngày mà nền tảng tài chính của bạn bị suy yếu nghiêm trọng và mọi chi tiêu đều có rủi ro.,1
money_C1_to_ex_wood,effect,Nền tảng tài chính không ổn định có thể dẫn đến thua lỗ liên tục.,1
money_C1_to_ex_wood,action,Chỉ cần chi tiêu những thứ cần thiết tối thiểu và tạm dừng mọi thứ khác.,1
money_C1_to_ex_wood,state,Bạn rất dễ bỏ qua những thay đổi đòi hỏi một định hướng ổn định cứng đầu và năng lượng của sự thay đổi có thể tiếp tục cản trở và làm gián đoạn các kế hoạch của bạn.,1
money_D,intro,"Nguồn năng lượng của cải hôm nay hoàn toàn đóng cửa, vì vậy mọi hoạt động tài chính đều phải được giữ ở mức tối thiểu.",1
money_D,intro,Hôm nay là thời điểm dòng tiền bị đảo ngược nên việc hạn chế chi tiêu càng nhiều càng tốt là ưu tiên hàng đầu.,1
money_D,effect,Bạn phải luôn cảnh giác vì những chi phí lớn hoặc tổn thất tài chính không mong muốn có thể xảy ra.,1
money_D,effect,Đây là ngày khả năng xảy ra sai sót cao trong mọi hoạt động tài chính nên việc trì hoãn các giao dịch hoặc thanh toán càng an toàn càng tốt.,1
money_D,action,Tốt nhất bạn nên đóng hoàn toàn ví của mình ngay hôm nay và hoãn mọi quyết định tài chính cho đến ngày mai.,1
money_D,action,Không bao giờ tiêu tiền ngoài kế hoạch và chỉ kiểm tra số dư tài khoản ngân hàng của bạn.,1
money_D_geum_df_earth,intro,Đây là ngày mà vận may tài chính của bạn ở mức thấp nhất và mọi quyết định tài chính đều có rủi ro.,1
money_D_geum_df_earth,effect,Sự đánh giá của bạn về sự giàu có trở nên vô cùng mù mờ và bất kỳ lựa chọn nào bạn đưa ra đều sẽ dẫn đến thua lỗ.,1
money_D_geum_df_earth,action,"Hôm nay, hãy ngừng làm bất cứ điều gì liên quan đến tiền bạc hoàn toàn.",1
money_D_geum_df_earth,state,"Quyết tâm của bạn có thể bị phá vỡ nghiêm trọng, và bất kỳ lựa chọn nào bạn đưa ra đều có thể dẫn đến sự hối tiếc, và năng lượng dày đặc, nhiều mây có thể làm mọi thứ chậm lại rất nhiều.",1
money_D_geum_df_fire,intro,Đây là ngày mà vận may tài chính của bạn ở mức thấp nhất và mọi quyết định tài chính đều có rủi ro.,1
money_D_geum_df_fire,effect,Sự đánh giá của bạn về sự giàu có trở nên vô cùng mù mờ và bất kỳ lựa chọn nào bạn đưa ra đều sẽ dẫn đến thua lỗ.,1
money_D_geum_df_fire,action,"Hôm nay, hãy ngừng làm bất cứ điều gì liên quan đến tiền bạc hoàn toàn.",1
money_D_geum_df_fire,state,"Tính quyết đoán có thể bị suy yếu đi rất nhiều, và bất kỳ lựa chọn nào cũng có thể dẫn đến sự hối tiếc, còn dương mạnh có thể khuyến khích những xung động và dẫn đến những hành động liều lĩnh.",1
money_D_geum_df_water,intro,Đây là ngày mà vận may tài chính của bạn ở mức thấp nhất và mọi quyết định tài chính đều có rủi ro.,1
money_D_geum_df_water,effect,Sự đánh giá của bạn về sự giàu có trở nên vô cùng mù mờ và bất kỳ lựa chọn nào bạn đưa ra đều sẽ dẫn đến thua lỗ.,1
money_D_geum_df_water,action,"Hôm nay, hãy ngừng làm bất cứ điều gì liên quan đến tiền bạc hoàn toàn.",1
money_D_geum_df_water,state,"Sự quyết tâm của bạn có thể bị phá vỡ rất nhiều, và bất kỳ lựa chọn nào bạn đưa ra đều có thể dẫn đến sự hối tiếc, đồng thời sức mạnh của mưa lớn và tuyết có thể khiến cảm xúc của bạn rung chuyển dữ dội, khiến bạn khó kiểm soát được chúng.",1
money_D_geum_df_wood,intro,Đây là ngày mà vận may tài chính của bạn ở mức thấp nhất và mọi quyết định tài chính đều có rủi ro.,1
money_D_geum_df_wood,effect,Sự đánh giá của bạn về sự giàu có trở nên vô cùng mù mờ và bất kỳ lựa chọn nào bạn đưa ra đều sẽ dẫn đến thua lỗ.,1
money_D_geum_df_wood,action,"Hôm nay, hãy ngừng làm bất cứ điều gì liên quan đến tiền bạc hoàn toàn.",1
money_D_geum_df_wood,state,"Quyết tâm của bạn có thể bị phá vỡ nghiêm trọng, bất kỳ lựa chọn nào bạn đưa ra đều có thể kết thúc trong sự hối tiếc, và năng lượng thay đổi khốc liệt có thể khiến mọi dự đoán của bạn đi chệch hướng.",1
money_D_geum_ex_earth,intro,Đây là ngày mà vận may tài chính của bạn ở mức thấp nhất và mọi quyết định tài chính đều có rủi ro.,1
money_D_geum_ex_earth,effect,Sự đánh giá của bạn về sự giàu có trở nên vô cùng mù mờ và bất kỳ lựa chọn nào bạn đưa ra đều sẽ dẫn đến thua lỗ.,1
money_D_geum_ex_earth,action,"Hôm nay, hãy ngừng làm bất cứ điều gì liên quan đến tiền bạc hoàn toàn.",1
money_D_geum_ex_earth,state,"Nếu độ sắc nét đi quá xa, nó có thể tạo ra một vết nứt sâu với môi trường xung quanh, và năng lượng mây mù dày đặc có thể làm mọi thứ chậm lại rất nhiều.",1
money_D_geum_ex_fire,intro,Đây là ngày mà vận may tài chính của bạn ở mức thấp nhất và mọi quyết định tài chính đều có rủi ro.,1
money_D_geum_ex_fire,effect,Sự đánh giá của bạn về sự giàu có trở nên vô cùng mù mờ và bất kỳ lựa chọn nào bạn đưa ra đều sẽ dẫn đến thua lỗ.,1
money_D_geum_ex_fire,action,"Hôm nay, hãy ngừng làm bất cứ điều gì liên quan đến tiền bạc hoàn toàn.",1
money_D_geum_ex_fire,state,"Sự sắc bén có thể đi quá xa và tạo ra những rạn nứt sâu sắc với những người xung quanh, còn dương mạnh có thể khuyến khích những xung động và dẫn đến những hành động liều lĩnh.",1
money_D_geum_ex_water,intro,Đây là ngày mà vận may tài chính của bạn ở mức thấp nhất và mọi quyết định tài chính đều có rủi ro.,1
money_D_geum_ex_water,effect,Sự đánh giá của bạn về sự giàu có trở nên vô cùng mù mờ và bất kỳ lựa chọn nào bạn đưa ra đều sẽ dẫn đến thua lỗ.,1
money_D_geum_ex_water,action,"Hôm nay, hãy ngừng làm bất cứ điều gì liên quan đến tiền bạc hoàn toàn.",1
money_D_geum_ex_water,state,"Độ sắc nét có thể đi quá xa và tạo ra những vết nứt sâu với môi trường xung quanh, đồng thời sức mạnh của mưa lớn và tuyết có thể làm rung chuyển cảm xúc của bạn một cách dữ dội, khiến bạn khó kiểm soát được chúng.",1
money_D_geum_ex_wood,intro,Đây là ngày mà vận may tài chính của bạn ở mức thấp nhất và mọi quyết định tài chính đều có rủi ro.,1
money_D_geum_ex_wood,effect,Sự đánh giá của bạn về sự giàu có trở nên vô cùng mù mờ và bất kỳ lựa chọn nào bạn đưa ra đều sẽ dẫn đến thua lỗ.,1
money_D_geum_ex_wood,action,"Hôm nay, hãy ngừng làm bất cứ điều gì liên quan đến tiền bạc hoàn toàn.",1
money_D_geum_ex_wood,state,"Sự sắc bén có thể đi quá xa và tạo ra những vết nứt sâu với môi trường xung quanh, đồng thời năng lượng thay đổi khốc liệt có thể khiến mọi dự đoán đi chệch hướng.",1
money_D_hwa_df_earth,intro,"Đây là ngày mà trực giác tài chính của bạn có thể bị chặn hoàn toàn, dẫn đến những quyết định tồi tệ nhất.",1
money_D_hwa_df_earth,effect,Ý thức sai lầm về sự giàu có tạo ra những tổn thất không thể khắc phục được.,1
money_D_hwa_df_earth,action,Hãy ngăn chặn nghiêm ngặt những xung động liên quan đến vật chất của bạn và vượt qua cả ngày.,1
money_D_hwa_df_earth,state,"Con đường truyền tải cảm xúc của một người hoàn toàn khép kín, điều này có thể làm sâu sắc thêm những hiểu lầm và mất kết nối, đồng thời năng lượng dày đặc, nhiều mây có thể làm mọi thứ chậm lại rất nhiều.",1
money_D_hwa_df_fire,intro,"Đây là ngày mà trực giác tài chính của bạn có thể bị chặn hoàn toàn, dẫn đến những quyết định tồi tệ nhất.",1
money_D_hwa_df_fire,effect,Ý thức sai lầm về sự giàu có tạo ra những tổn thất không thể khắc phục được.,1
money_D_hwa_df_fire,action,Hãy ngăn chặn nghiêm ngặt những xung động liên quan đến vật chất của bạn và vượt qua cả ngày.,1
money_D_hwa_df_fire,state,"Con đường truyền đạt cảm xúc của một người hoàn toàn khép kín, điều này có thể làm sâu sắc thêm những hiểu lầm và mất kết nối, đồng thời năng lượng tích cực mạnh mẽ có thể khuyến khích những xung động và dẫn đến những hành động liều lĩnh.",1
money_D_hwa_df_water,intro,"Đây là ngày mà trực giác tài chính của bạn có thể bị chặn hoàn toàn, dẫn đến những quyết định tồi tệ nhất.",1
money_D_hwa_df_water,effect,Ý thức sai lầm về sự giàu có tạo ra những tổn thất không thể khắc phục được.,1
money_D_hwa_df_water,action,Hãy ngăn chặn nghiêm ngặt những xung động liên quan đến vật chất của bạn và vượt qua cả ngày.,1
money_D_hwa_df_water,state,"Con đường truyền đạt tình cảm của một người hoàn toàn khép kín, điều này có thể làm sâu sắc thêm những hiểu lầm và mất kết nối, đồng thời sức mạnh của mưa lớn và tuyết có thể làm rung chuyển cảm xúc một cách dữ dội, khiến người ta khó kiểm soát được.",1
money_D_hwa_df_wood,intro,"Đây là ngày mà trực giác tài chính của bạn có thể bị chặn hoàn toàn, dẫn đến những quyết định tồi tệ nhất.",1
money_D_hwa_df_wood,effect,Ý thức sai lầm về sự giàu có tạo ra những tổn thất không thể khắc phục được.,1
money_D_hwa_df_wood,action,Hãy ngăn chặn nghiêm ngặt những xung động liên quan đến vật chất của bạn và vượt qua cả ngày.,1
money_D_hwa_df_wood,state,"Con đường truyền đạt tình cảm của một người hoàn toàn khép kín, những hiểu lầm và mất kết nối có thể ngày càng sâu sắc, năng lượng thay đổi khốc liệt có thể khiến mọi dự đoán đi chệch hướng.",1
money_D_hwa_ex_earth,intro,"Đây là ngày mà trực giác tài chính của bạn có thể bị chặn hoàn toàn, dẫn đến những quyết định tồi tệ nhất.",1
money_D_hwa_ex_earth,effect,Ý thức sai lầm về sự giàu có tạo ra những tổn thất không thể khắc phục được.,1
money_D_hwa_ex_earth,action,Hãy ngăn chặn nghiêm ngặt những xung động liên quan đến vật chất của bạn và vượt qua cả ngày.,1
money_D_hwa_ex_earth,state,"Cảm xúc quá nóng có thể lan rộng thành một cuộc xung đột không thể khắc phục, và năng lượng mây dày đặc có thể làm mọi thứ chậm lại rất nhiều.",1
money_D_hwa_ex_fire,intro,"Đây là ngày mà trực giác tài chính của bạn có thể bị chặn hoàn toàn, dẫn đến những quyết định tồi tệ nhất.",1
money_D_hwa_ex_fire,effect,Ý thức sai lầm về sự giàu có tạo ra những tổn thất không thể khắc phục được.,1
money_D_hwa_ex_fire,action,Hãy ngăn chặn nghiêm ngặt những xung động liên quan đến vật chất của bạn và vượt qua cả ngày.,1
money_D_hwa_ex_fire,state,"Cảm xúc quá nóng có thể dẫn đến xung đột không thể khắc phục, còn dương mạnh có thể khuyến khích những xung động và dẫn đến những hành động liều lĩnh.",1
money_D_hwa_ex_water,intro,"Đây là ngày mà trực giác tài chính của bạn có thể bị chặn hoàn toàn, dẫn đến những quyết định tồi tệ nhất.",1
money_D_hwa_ex_water,effect,Ý thức sai lầm về sự giàu có tạo ra những tổn thất không thể khắc phục được.,1
money_D_hwa_ex_water,action,Hãy ngăn chặn nghiêm ngặt những xung động liên quan đến vật chất của bạn và vượt qua cả ngày.,1
money_D_hwa_ex_water,state,"Cảm xúc quá nóng có thể lan rộng thành xung đột không thể hàn gắn, sức mạnh của mưa lớn và tuyết làm rung chuyển cảm xúc một cách dữ dội, khiến việc kiểm soát trở nên khó khăn.",1
money_D_hwa_ex_wood,intro,"Đây là ngày mà trực giác tài chính của bạn có thể bị chặn hoàn toàn, dẫn đến những quyết định tồi tệ nhất.",1
money_D_hwa_ex_wood,effect,Ý thức sai lầm về sự giàu có tạo ra những tổn thất không thể khắc phục được.,1
money_D_hwa_ex_wood,action,Hãy ngăn chặn nghiêm ngặt những xung động liên quan đến vật chất của bạn và vượt qua cả ngày.,1
money_D_hwa_ex_wood,state,"Những cảm xúc quá nóng có thể lan rộng thành một cuộc xung đột không thể hàn gắn, và năng lượng thay đổi khốc liệt có thể khiến mọi dự đoán đi chệch hướng.",1
money_D_mok_df_earth,intro,Đó là ngày mà việc mở rộng của cải bị chặn hoàn toàn và chỉ có tổn thất gia tăng.,1
money_D_mok_df_earth,effect,Mọi nỗ lực làm giàu đều phản tác dụng và khiến tình hình trở nên tồi tệ hơn.,1
money_D_mok_df_earth,action,Hãy dừng mọi hoạt động vật chất ngày hôm nay và lập kế hoạch cho ngày mai.,1
money_D_mok_df_earth,state,"Nỗi sợ hãi hoàn toàn có thể ngăn cản bạn hành động, thậm chí khiến bạn đánh mất cơ hội, và năng lượng mây mù dày đặc có thể làm mọi thứ chậm lại rất nhiều.",1
money_D_mok_df_fire,intro,Đó là ngày mà việc mở rộng của cải bị chặn hoàn toàn và chỉ có tổn thất gia tăng.,1
money_D_mok_df_fire,effect,Mọi nỗ lực làm giàu đều phản tác dụng và khiến tình hình trở nên tồi tệ hơn.,1
money_D_mok_df_fire,action,Hãy dừng mọi hoạt động vật chất ngày hôm nay và lập kế hoạch cho ngày mai.,1
money_D_mok_df_fire,state,"Sự sợ hãi có thể ngăn cản hoàn toàn một hành động, thậm chí dẫn đến mất đi cơ hội, còn năng lượng tích cực mạnh mẽ có thể khuyến khích những xung động và dẫn đến những hành động liều lĩnh.",1
money_D_mok_df_water,intro,Đó là ngày mà việc mở rộng của cải bị chặn hoàn toàn và chỉ có tổn thất gia tăng.,1
money_D_mok_df_water,effect,Mọi nỗ lực làm giàu đều phản tác dụng và khiến tình hình trở nên tồi tệ hơn.,1
money_D_mok_df_water,action,Hãy dừng mọi hoạt động vật chất ngày hôm nay và lập kế hoạch cho ngày mai.,1
money_D_mok_df_water,state,"Nỗi sợ hãi hoàn toàn có thể ngăn cản bạn hành động, thậm chí khiến bạn đánh mất cơ hội, đồng thời sức mạnh của mưa lớn và tuyết có thể khiến cảm xúc của bạn rung chuyển đến mức khó kiểm soát được.",1
money_D_mok_df_wood,intro,Đó là ngày mà việc mở rộng của cải bị chặn hoàn toàn và chỉ có tổn thất gia tăng.,1
money_D_mok_df_wood,effect,Mọi nỗ lực làm giàu đều phản tác dụng và khiến tình hình trở nên tồi tệ hơn.,1
money_D_mok_df_wood,action,Hãy dừng mọi hoạt động vật chất ngày hôm nay và lập kế hoạch cho ngày mai.,1
money_D_mok_df_wood,state,"Sự sợ hãi có thể khiến mọi hành động dừng lại, thậm chí dẫn đến đánh mất cơ hội, năng lượng thay đổi khốc liệt có thể khiến mọi dự đoán đi chệch hướng.",1
money_D_mok_ex_earth,intro,Đó là ngày mà việc mở rộng của cải bị chặn hoàn toàn và chỉ có tổn thất gia tăng.,1
money_D_mok_ex_earth,effect,Mọi nỗ lực làm giàu đều phản tác dụng và khiến tình hình trở nên tồi tệ hơn.,1
money_D_mok_ex_earth,action,Hãy dừng mọi hoạt động vật chất ngày hôm nay và lập kế hoạch cho ngày mai.,1
money_D_mok_ex_earth,state,"Động lực không thể kiểm soát có thể dẫn đến những tai nạn vô lý, và năng lượng mây mù dày đặc có thể làm mọi thứ chậm lại rất nhiều.",1
money_D_mok_ex_fire,intro,Đó là ngày mà việc mở rộng của cải bị chặn hoàn toàn và chỉ có tổn thất gia tăng.,1
money_D_mok_ex_fire,effect,Mọi nỗ lực làm giàu đều phản tác dụng và khiến tình hình trở nên tồi tệ hơn.,1
money_D_mok_ex_fire,action,Hãy dừng mọi hoạt động vật chất ngày hôm nay và lập kế hoạch cho ngày mai.,1
money_D_mok_ex_fire,state,"Động lực không thể kiểm soát có thể dẫn đến những tai nạn vô lý, còn năng lượng tích cực mạnh mẽ có thể khuyến khích sự bốc đồng và dẫn đến những hành động liều lĩnh.",1
money_D_mok_ex_water,intro,Đó là ngày mà việc mở rộng của cải bị chặn hoàn toàn và chỉ có tổn thất gia tăng.,1
money_D_mok_ex_water,effect,Mọi nỗ lực làm giàu đều phản tác dụng và khiến tình hình trở nên tồi tệ hơn.,1
money_D_mok_ex_water,action,Hãy dừng mọi hoạt động vật chất ngày hôm nay và lập kế hoạch cho ngày mai.,1
money_D_mok_ex_water,state,"Động lực không thể kiểm soát có thể dẫn đến những tai nạn vô lý, sức mạnh của mưa lớn và tuyết có thể làm rung chuyển cảm xúc một cách dữ dội, khiến việc kiểm soát trở nên khó khăn.",1
money_D_mok_ex_wood,intro,Đó là ngày mà việc mở rộng của cải bị chặn hoàn toàn và chỉ có tổn thất gia tăng.,1
money_D_mok_ex_wood,effect,Mọi nỗ lực làm giàu đều phản tác dụng và khiến tình hình trở nên tồi tệ hơn.,1
money_D_mok_ex_wood,action,Hãy dừng mọi hoạt động vật chất ngày hôm nay và lập kế hoạch cho ngày mai.,1
money_D_mok_ex_wood,state,"Động lực không thể kiểm soát có thể dẫn đến những suy nghĩ vô lý, và năng lượng thay đổi khốc liệt có thể khiến mọi dự đoán đi chệch hướng.",1
money_D_su_df_earth,intro,Đó là ngày mà dòng chảy của cải bị chặn hoàn toàn và không còn thời gian hay cơ hội.,1
money_D_su_df_earth,effect,"Mọi quyết định tài chính đều không đúng thời điểm, tạo ra những kết quả tồi tệ nhất.",1
money_D_su_df_earth,action,Dừng tất cả các kế hoạch tài chính của bạn và chờ đợi sự phục hồi.,1
money_D_su_df_earth,state,"Một thái độ cứng nhắc sẽ cản trở mọi dòng chảy, khiến cho sự tiến bộ trở nên khó khăn và năng lượng dày đặc, u ám có thể làm mọi thứ chậm lại rất nhiều.",1
money_D_su_df_fire,intro,Đó là ngày mà dòng chảy của cải bị chặn hoàn toàn và không còn thời gian hay cơ hội.,1
money_D_su_df_fire,effect,"Mọi quyết định tài chính đều không đúng thời điểm, tạo ra những kết quả tồi tệ nhất.",1
money_D_su_df_fire,action,Dừng tất cả các kế hoạch tài chính của bạn và chờ đợi sự phục hồi.,1
money_D_su_df_fire,state,"Một thái độ cứng nhắc sẽ cản trở mọi dòng chảy, khiến cho sự tiến bộ trở nên khó khăn và năng lượng tích cực mạnh mẽ có thể khuyến khích những xung động và dẫn đến những hành động liều lĩnh.",1
money_D_su_df_water,intro,Đó là ngày mà dòng chảy của cải bị chặn hoàn toàn và không còn thời gian hay cơ hội.,1
money_D_su_df_water,effect,"Mọi quyết định tài chính đều không đúng thời điểm, tạo ra những kết quả tồi tệ nhất.",1
money_D_su_df_water,action,Dừng tất cả các kế hoạch tài chính của bạn và chờ đợi sự phục hồi.,1
money_D_su_df_water,state,"Một thái độ cứng nhắc chặn đứng mọi dòng chảy, khiến việc tiến bộ trở nên khó khăn, còn sức mạnh của mưa tuyết làm rung chuyển cảm xúc một cách dữ dội, khiến việc kiểm soát trở nên khó khăn.",1
money_D_su_df_wood,intro,Đó là ngày mà dòng chảy của cải bị chặn hoàn toàn và không còn thời gian hay cơ hội.,1
money_D_su_df_wood,effect,"Mọi quyết định tài chính đều không đúng thời điểm, tạo ra những kết quả tồi tệ nhất.",1
money_D_su_df_wood,action,Dừng tất cả các kế hoạch tài chính của bạn và chờ đợi sự phục hồi.,1
money_D_su_df_wood,state,"Một thái độ cứng nhắc sẽ cản trở mọi dòng chảy, khiến cho sự tiến bộ trở nên khó khăn và năng lượng thay đổi khốc liệt có thể khiến mọi dự đoán đi chệch hướng.",1
money_D_su_ex_earth,intro,Đó là ngày mà dòng chảy của cải bị chặn hoàn toàn và không còn thời gian hay cơ hội.,1
money_D_su_ex_earth,effect,"Mọi quyết định tài chính đều không đúng thời điểm, tạo ra những kết quả tồi tệ nhất.",1
money_D_su_ex_earth,action,Dừng tất cả các kế hoạch tài chính của bạn và chờ đợi sự phục hồi.,1
money_D_su_ex_earth,state,"Dòng cảm xúc có thể lấn át lý trí và dẫn đến những sai lầm lớn, còn năng lượng dày đặc, u ám có thể làm mọi thứ chậm lại rất nhiều.",1
money_D_su_ex_fire,intro,Đó là ngày mà dòng chảy của cải bị chặn hoàn toàn và không còn thời gian hay cơ hội.,1
money_D_su_ex_fire,effect,"Mọi quyết định tài chính đều không đúng thời điểm, tạo ra những kết quả tồi tệ nhất.",1
money_D_su_ex_fire,action,Dừng tất cả các kế hoạch tài chính của bạn và chờ đợi sự phục hồi.,1
money_D_su_ex_fire,state,"Một dòng cảm xúc có thể lấn át lý trí và dẫn đến những sai lầm lớn, còn năng lượng tích cực mạnh mẽ có thể khuyến khích những xung động và dẫn đến những hành động liều lĩnh.",1
money_D_su_ex_water,intro,Đó là ngày mà dòng chảy của cải bị chặn hoàn toàn và không còn thời gian hay cơ hội.,1
money_D_su_ex_water,effect,"Mọi quyết định tài chính đều không đúng thời điểm, tạo ra những kết quả tồi tệ nhất.",1
money_D_su_ex_water,action,Dừng tất cả các kế hoạch tài chính của bạn và chờ đợi sự phục hồi.,1
money_D_su_ex_water,state,"Một dòng cảm xúc có thể lấn át lý trí và dẫn đến những sai lầm lớn, đồng thời sức mạnh của mưa to và tuyết có thể làm rung chuyển cảm xúc một cách dữ dội, khiến bạn khó kiểm soát được chúng.",1
money_D_su_ex_wood,intro,Đó là ngày mà dòng chảy của cải bị chặn hoàn toàn và không còn thời gian hay cơ hội.,1
money_D_su_ex_wood,effect,"Mọi quyết định tài chính đều không đúng thời điểm, tạo ra những kết quả tồi tệ nhất.",1
money_D_su_ex_wood,action,Dừng tất cả các kế hoạch tài chính của bạn và chờ đợi sự phục hồi.,1
money_D_su_ex_wood,state,"Một dòng cảm xúc có thể lấn át lý trí và dẫn đến sai lầm lớn, còn năng lượng thay đổi khốc liệt có thể khiến mọi dự đoán đi chệch hướng.",1
money_D_to_df_earth,intro,Nền tảng tài chính của bạn đã sụp đổ hoàn toàn nên bất kỳ hành động tài chính nào ngày hôm nay đều tiềm ẩn nhiều rủi ro.,1
money_D_to_df_earth,effect,Tình hình tài chính không ổn định dẫn đến thua lỗ nặng nề.,1
money_D_to_df_earth,action,"Hôm nay, hãy ngừng hoàn toàn việc đưa ra các quyết định tài chính và tập trung vào việc tìm kiếm sự ổn định.",1
money_D_to_df_earth,state,"Bạn hoàn toàn có thể mất thăng bằng và mọi thứ có thể mất kiểm soát, năng lượng mây dày đặc có thể làm mọi thứ chậm lại rất nhiều.",1
money_D_to_df_fire,intro,Nền tảng tài chính của bạn đã sụp đổ hoàn toàn nên bất kỳ hành động tài chính nào ngày hôm nay đều tiềm ẩn nhiều rủi ro.,1
money_D_to_df_fire,effect,Tình hình tài chính không ổn định dẫn đến thua lỗ nặng nề.,1
money_D_to_df_fire,action,"Hôm nay, hãy ngừng hoàn toàn việc đưa ra các quyết định tài chính và tập trung vào việc tìm kiếm sự ổn định.",1
money_D_to_df_fire,state,"Nếu bạn hoàn toàn mất thăng bằng, mọi thứ có thể mất kiểm soát và năng lượng dương mạnh có thể khuyến khích những xung động và dẫn bạn đến những hành động liều lĩnh.",1
money_D_to_df_water,intro,Nền tảng tài chính của bạn đã sụp đổ hoàn toàn nên bất kỳ hành động tài chính nào ngày hôm nay đều tiềm ẩn nhiều rủi ro.,1
money_D_to_df_water,effect,Tình hình tài chính không ổn định dẫn đến thua lỗ nặng nề.,1
money_D_to_df_water,action,"Hôm nay, hãy ngừng hoàn toàn việc đưa ra các quyết định tài chính và tập trung vào việc tìm kiếm sự ổn định.",1
money_D_to_df_water,state,"Bạn hoàn toàn có thể mất thăng bằng và mọi thứ có thể mất kiểm soát, đồng thời sức mạnh của mưa lớn và tuyết có thể khiến cảm xúc của bạn rung chuyển đến mức khó kiểm soát được.",1
money_D_to_df_wood,intro,Nền tảng tài chính của bạn đã sụp đổ hoàn toàn nên bất kỳ hành động tài chính nào ngày hôm nay đều tiềm ẩn nhiều rủi ro.,1
money_D_to_df_wood,effect,Tình hình tài chính không ổn định dẫn đến thua lỗ nặng nề.,1
money_D_to_df_wood,action,"Hôm nay, hãy ngừng hoàn toàn việc đưa ra các quyết định tài chính và tập trung vào việc tìm kiếm sự ổn định.",1
money_D_to_df_wood,state,"Nếu bạn hoàn toàn mất thăng bằng, mọi thứ có thể mất kiểm soát và năng lượng thay đổi dữ dội có thể khiến mọi dự đoán của bạn đi chệch hướng.",1
money_D_to_ex_earth,intro,Nền tảng tài chính của bạn đã sụp đổ hoàn toàn nên bất kỳ hành động tài chính nào ngày hôm nay đều tiềm ẩn nhiều rủi ro.,1
money_D_to_ex_earth,effect,Tình hình tài chính không ổn định dẫn đến thua lỗ nặng nề.,1
money_D_to_ex_earth,action,"Hôm nay, hãy ngừng hoàn toàn việc đưa ra các quyết định tài chính và tập trung vào việc tìm kiếm sự ổn định.",1
money_D_to_ex_earth,state,"Việc từ chối thay đổi có thể khiến khủng hoảng leo thang và khiến việc phục hồi trở nên khó khăn, đồng thời bầu không khí dày đặc, nhiều mây có thể làm mọi thứ chậm lại rất nhiều.",1
money_D_to_ex_fire,intro,Nền tảng tài chính của bạn đã sụp đổ hoàn toàn nên bất kỳ hành động tài chính nào ngày hôm nay đều tiềm ẩn nhiều rủi ro.,1
money_D_to_ex_fire,effect,Tình hình tài chính không ổn định dẫn đến thua lỗ nặng nề.,1
money_D_to_ex_fire,action,"Hôm nay, hãy ngừng hoàn toàn việc đưa ra các quyết định tài chính và tập trung vào việc tìm kiếm sự ổn định.",1
money_D_to_ex_fire,state,"Việc từ chối thay đổi có thể khiến khủng hoảng leo thang và khiến việc phục hồi trở nên khó khăn, đồng thời năng lượng tích cực mạnh mẽ có thể khuyến khích những xung động và dẫn đến những hành động liều lĩnh.",1
money_D_to_ex_water,intro,Nền tảng tài chính của bạn đã sụp đổ hoàn toàn nên bất kỳ hành động tài chính nào ngày hôm nay đều tiềm ẩn nhiều rủi ro.,1
money_D_to_ex_water,effect,Tình hình tài chính không ổn định dẫn đến thua lỗ nặng nề.,1
money_D_to_ex_water,action,"Hôm nay, hãy ngừng hoàn toàn việc đưa ra các quyết định tài chính và tập trung vào việc tìm kiếm sự ổn định.",1
money_D_to_ex_water,state,"Việc từ chối thay đổi có thể khiến khủng hoảng leo thang và khó phục hồi, đồng thời sức mạnh của mưa lớn và tuyết có thể làm rung chuyển cảm xúc một cách dữ dội, khiến việc kiểm soát trở nên khó khăn.",1
money_D_to_ex_wood,intro,Nền tảng tài chính của bạn đã sụp đổ hoàn toàn nên bất kỳ hành động tài chính nào ngày hôm nay đều tiềm ẩn nhiều rủi ro.,1
money_D_to_ex_wood,effect,Tình hình tài chính không ổn định dẫn đến thua lỗ nặng nề.,1
money_D_to_ex_wood,action,"Hôm nay, hãy ngừng hoàn toàn việc đưa ra các quyết định tài chính và tập trung vào việc tìm kiếm sự ổn định.",1
money_D_to_ex_wood,state,"Việc từ chối thay đổi có thể khiến khủng hoảng leo thang và khiến việc phục hồi trở nên khó khăn, đồng thời sức mạnh mãnh liệt của sự thay đổi có thể khiến mọi dự đoán đều sai lầm.",1
work_A,intro,"Hôm nay là ngày vận may trong sự nghiệp của bạn mở ra, những nỗ lực của bạn được ghi nhận và cơ hội sẽ đến với bạn.",1
work_A,intro,Hôm nay là ngày mà năng lượng làm việc của bạn sẽ ở mức tốt nhất và bạn có thể hoàn thành được mọi việc.,1
work_A,effect,Bạn có thể đạt được kết quả với sự tập trung cao độ và sự hỗ trợ từ những người xung quanh một cách tự nhiên.,1
work_A,effect,Bạn sẽ đạt được kết quả nổi bật từ công việc ngày hôm nay và sự tin tưởng cũng như đánh giá của bạn sẽ tăng lên.,1
work_A,action,Đặt mục tiêu cao hơn bình thường và mạnh dạn theo đuổi chúng.,1
work_A,action,"Nếu bạn xử lý sớm những nhiệm vụ quan trọng, vận may ngày hôm nay sẽ giúp hiệu suất của bạn tăng gấp đôi.",1
work_A_geum_df_earth,intro,Đó là ngày mà khả năng làm việc của bạn đạt đến đỉnh cao và bạn có thể xử lý mọi công việc một cách rõ ràng.,1
work_A_geum_df_earth,effect,Sự tập trung làm việc sắc nét tối đa hóa hiệu suất.,1
work_A_geum_df_earth,action,Hãy hành động ngay bây giờ với những nhiệm vụ quan trọng.,1
work_A_geum_df_earth,state,"Bình tĩnh phán đoán làm tăng trí tuệ, dẫn đến tuệ giác sâu sắc, và năng lượng bình tĩnh làm tăng trí tuệ, dẫn đến kết quả tốt.",1
work_A_geum_df_fire,intro,Đó là ngày mà khả năng làm việc của bạn đạt đến đỉnh cao và bạn có thể xử lý mọi công việc một cách rõ ràng.,1
work_A_geum_df_fire,effect,Sự tập trung làm việc sắc nét tối đa hóa hiệu suất.,1
work_A_geum_df_fire,action,Hãy hành động ngay bây giờ với những nhiệm vụ quan trọng.,1
work_A_geum_df_fire,state,"Sự phán đoán bình tĩnh làm tăng sự khôn ngoan, dẫn đến cái nhìn sâu sắc, nguồn năng lượng sáng rõ làm tăng sức sống và tạo ra một dòng chảy tốt.",1
work_A_geum_df_water,intro,Đó là ngày mà khả năng làm việc của bạn đạt đến đỉnh cao và bạn có thể xử lý mọi công việc một cách rõ ràng.,1
work_A_geum_df_water,effect,Sự tập trung làm việc sắc nét tối đa hóa hiệu suất.,1
work_A_geum_df_water,action,Hãy hành động ngay bây giờ với những nhiệm vụ quan trọng.,1
work_A_geum_df_water,state,"Sự phán đoán bình tĩnh làm tăng sự thận trọng và dẫn đến cái nhìn sâu sắc, và nguồn năng lượng mềm mại sẽ thanh lọc tâm trí một cách sâu sắc và mở ra tầm nhìn rõ ràng.",1
work_A_geum_df_wood,intro,Đó là ngày mà khả năng làm việc của bạn đạt đến đỉnh cao và bạn có thể xử lý mọi công việc một cách rõ ràng.,1
work_A_geum_df_wood,effect,Sự tập trung làm việc sắc nét tối đa hóa hiệu suất.,1
work_A_geum_df_wood,action,Hãy hành động ngay bây giờ với những nhiệm vụ quan trọng.,1
work_A_geum_df_wood,state,"Sự phán đoán bình tĩnh làm tăng sự khôn ngoan, dẫn đến cái nhìn sâu sắc và năng lượng năng động mở ra những khả năng mới.",1
work_A_geum_ex_earth,intro,Đó là ngày mà khả năng làm việc của bạn đạt đến đỉnh cao và bạn có thể xử lý mọi công việc một cách rõ ràng.,1
work_A_geum_ex_earth,effect,Sự tập trung làm việc sắc nét tối đa hóa hiệu suất.,1
work_A_geum_ex_earth,action,Hãy hành động ngay bây giờ với những nhiệm vụ quan trọng.,1
work_A_geum_ex_earth,state,"Khả năng phán đoán sắc bén xuyên suốt những điểm mấu chốt và đưa ra kết luận rõ ràng, năng lượng bình tĩnh làm tăng thêm sự thận trọng, dẫn đến kết quả tốt.",1
work_A_geum_ex_fire,intro,Đó là ngày mà khả năng làm việc của bạn đạt đến đỉnh cao và bạn có thể xử lý mọi công việc một cách rõ ràng.,1
work_A_geum_ex_fire,effect,Sự tập trung làm việc sắc nét tối đa hóa hiệu suất.,1
work_A_geum_ex_fire,action,Hãy hành động ngay bây giờ với những nhiệm vụ quan trọng.,1
work_A_geum_ex_fire,state,"Khả năng phán đoán sắc bén xuyên suốt cốt lõi và rút ra kết luận rõ ràng, năng lượng rõ ràng tăng cường sinh lực và tạo ra dòng chảy tốt.",1
work_A_geum_ex_water,intro,Đó là ngày mà khả năng làm việc của bạn đạt đến đỉnh cao và bạn có thể xử lý mọi công việc một cách rõ ràng.,1
work_A_geum_ex_water,effect,Sự tập trung làm việc sắc nét tối đa hóa hiệu suất.,1
work_A_geum_ex_water,action,Hãy hành động ngay bây giờ với những nhiệm vụ quan trọng.,1
work_A_geum_ex_water,state,"Khả năng phán đoán sắc bén xuyên thấu cốt lõi và đưa ra kết luận rõ ràng, năng lượng ẩm giúp tinh lọc sâu sắc tâm trí và mở ra tầm nhìn rõ ràng.",1
work_A_geum_ex_wood,intro,Đó là ngày mà khả năng làm việc của bạn đạt đến đỉnh cao và bạn có thể xử lý mọi công việc một cách rõ ràng.,1
work_A_geum_ex_wood,effect,Sự tập trung làm việc sắc nét tối đa hóa hiệu suất.,1
work_A_geum_ex_wood,action,Hãy hành động ngay bây giờ với những nhiệm vụ quan trọng.,1
work_A_geum_ex_wood,state,"Khả năng phán đoán sắc bén đi sâu vào cốt lõi và đưa ra kết luận rõ ràng, năng lượng năng động mở ra những khả năng mới.",1
work_A_hwa_df_earth,intro,Đó là ngày mà bạn tràn đầy đam mê và động lực làm việc của bạn lên đến đỉnh điểm.,1
work_A_hwa_df_earth,effect,Bởi vì bạn tràn đầy năng lượng nên ngay cả những nhiệm vụ khó khăn cũng được giải quyết nhanh chóng.,1
work_A_hwa_df_earth,action,Bắt đầu với những nhiệm vụ khó khăn nhất và tạo đà.,1
work_A_hwa_df_earth,state,"Nội tâm bình tĩnh mang lại cho bạn sức mạnh để thể hiện trọn vẹn sự chân thành của mình, và năng lượng bình tĩnh làm tăng sự thận trọng, dẫn đến kết quả tốt.",1
work_A_hwa_df_fire,intro,Đó là ngày mà bạn tràn đầy đam mê và động lực làm việc của bạn lên đến đỉnh điểm.,1
work_A_hwa_df_fire,effect,Bởi vì bạn tràn đầy năng lượng nên ngay cả những nhiệm vụ khó khăn cũng được giải quyết nhanh chóng.,1
work_A_hwa_df_fire,action,Bắt đầu với những nhiệm vụ khó khăn nhất và tạo đà.,1
work_A_hwa_df_fire,state,"Nội tâm bình tĩnh mang lại cho bạn sức mạnh để thể hiện trọn vẹn sự chân thành của mình, đồng thời nguồn năng lượng sáng rõ sẽ nâng cao sức sống của bạn và tạo ra một dòng chảy tốt đẹp.",1
work_A_hwa_df_water,intro,Đó là ngày mà bạn tràn đầy đam mê và động lực làm việc của bạn lên đến đỉnh điểm.,1
work_A_hwa_df_water,effect,Bởi vì bạn tràn đầy năng lượng nên ngay cả những nhiệm vụ khó khăn cũng được giải quyết nhanh chóng.,1
work_A_hwa_df_water,action,Bắt đầu với những nhiệm vụ khó khăn nhất và tạo đà.,1
work_A_hwa_df_water,state,Nội tâm bình tĩnh mang lại cho bạn sức mạnh để thể hiện trọn vẹn cảm xúc thật của mình và năng lượng ẩm sẽ thanh lọc tâm trí bạn một cách sâu sắc và mở ra tầm nhìn rõ ràng.,1
work_A_hwa_df_wood,intro,Đó là ngày mà bạn tràn đầy đam mê và động lực làm việc của bạn lên đến đỉnh điểm.,1
work_A_hwa_df_wood,effect,Bởi vì bạn tràn đầy năng lượng nên ngay cả những nhiệm vụ khó khăn cũng được giải quyết nhanh chóng.,1
work_A_hwa_df_wood,action,Bắt đầu với những nhiệm vụ khó khăn nhất và tạo đà.,1
work_A_hwa_df_wood,state,Nội tâm bình tĩnh mang lại cho bạn sức mạnh để thể hiện trọn vẹn sự chân thành của mình và năng lượng năng động sẽ mở ra những khả năng mới.,1
work_A_hwa_ex_earth,intro,Đó là ngày mà bạn tràn đầy đam mê và động lực làm việc của bạn lên đến đỉnh điểm.,1
work_A_hwa_ex_earth,effect,Bởi vì bạn tràn đầy năng lượng nên ngay cả những nhiệm vụ khó khăn cũng được giải quyết nhanh chóng.,1
work_A_hwa_ex_earth,action,Bắt đầu với những nhiệm vụ khó khăn nhất và tạo đà.,1
work_A_hwa_ex_earth,state,"Niềm đam mê dâng trào làm tăng đáng kể động lực và tạo ra một dòng chảy tốt, năng lượng bình tĩnh làm tăng sự thận trọng, dẫn đến kết quả tốt.",1
work_A_hwa_ex_fire,intro,Đó là ngày mà bạn tràn đầy đam mê và động lực làm việc của bạn lên đến đỉnh điểm.,1
work_A_hwa_ex_fire,effect,Bởi vì bạn tràn đầy năng lượng nên ngay cả những nhiệm vụ khó khăn cũng được giải quyết nhanh chóng.,1
work_A_hwa_ex_fire,action,Bắt đầu với những nhiệm vụ khó khăn nhất và tạo đà.,1
work_A_hwa_ex_fire,state,"Niềm đam mê dâng trào làm tăng đáng kể động lực và tạo ra một dòng chảy tốt, nguồn năng lượng sáng rõ làm tăng sức sống và tạo ra một dòng chảy tốt.",1
work_A_hwa_ex_water,intro,Đó là ngày mà bạn tràn đầy đam mê và động lực làm việc của bạn lên đến đỉnh điểm.,1
work_A_hwa_ex_water,effect,Bởi vì bạn tràn đầy năng lượng nên ngay cả những nhiệm vụ khó khăn cũng được giải quyết nhanh chóng.,1
work_A_hwa_ex_water,action,Bắt đầu với những nhiệm vụ khó khăn nhất và tạo đà.,1
work_A_hwa_ex_water,state,"Niềm đam mê dâng trào làm tăng đáng kể động lực và tạo ra một dòng chảy tốt, nguồn năng lượng mềm mại giúp thanh lọc tâm trí một cách sâu sắc và mở ra tầm nhìn rõ ràng.",1
work_A_hwa_ex_wood,intro,Đó là ngày mà bạn tràn đầy đam mê và động lực làm việc của bạn lên đến đỉnh điểm.,1
work_A_hwa_ex_wood,effect,Bởi vì bạn tràn đầy năng lượng nên ngay cả những nhiệm vụ khó khăn cũng được giải quyết nhanh chóng.,1
work_A_hwa_ex_wood,action,Bắt đầu với những nhiệm vụ khó khăn nhất và tạo đà.,1
work_A_hwa_ex_wood,state,"Niềm đam mê dâng trào làm tăng động lực lên rất nhiều, tạo ra dòng chảy tốt, năng lượng năng động mở ra những khả năng mới.",1
work_A_mok_df_earth,intro,Đây là ngày mà năng lượng phát triển trong công việc của bạn trở nên tích cực và bạn nổi bật trong vai trò mới.,1
work_A_mok_df_earth,effect,Khả năng mở rộng mở rộng phạm vi công việc và tăng hiệu suất.,1
work_A_mok_df_earth,action,Đảm nhận các dự án hoặc vai trò mới một cách tự tin.,1
work_A_mok_df_earth,state,"Một cách tiếp cận thận trọng thực sự tạo ra một khởi đầu vững chắc, và một năng lượng bình tĩnh làm tăng sự thận trọng, dẫn đến kết quả tốt.",1
work_A_mok_df_fire,intro,Đây là ngày mà năng lượng phát triển trong công việc của bạn trở nên tích cực và bạn nổi bật trong vai trò mới.,1
work_A_mok_df_fire,effect,Khả năng mở rộng mở rộng phạm vi công việc và tăng hiệu suất.,1
work_A_mok_df_fire,action,Đảm nhận các dự án hoặc vai trò mới một cách tự tin.,1
work_A_mok_df_fire,state,"Một cách tiếp cận thận trọng thực sự tạo ra một khởi đầu vững chắc, và năng lượng rõ ràng sẽ tăng cường sức sống và tạo ra một dòng chảy tốt.",1
work_A_mok_df_water,intro,Đây là ngày mà năng lượng phát triển trong công việc của bạn trở nên tích cực và bạn nổi bật trong vai trò mới.,1
work_A_mok_df_water,effect,Khả năng mở rộng mở rộng phạm vi công việc và tăng hiệu suất.,1
work_A_mok_df_water,action,Đảm nhận các dự án hoặc vai trò mới một cách tự tin.,1
work_A_mok_df_water,state,"Một cách tiếp cận thận trọng tạo ra một khởi đầu vững chắc, và năng lượng ẩm sẽ thanh lọc tâm trí một cách sâu sắc và mở ra tầm nhìn rõ ràng.",1
work_A_mok_df_wood,intro,Đây là ngày mà năng lượng phát triển trong công việc của bạn trở nên tích cực và bạn nổi bật trong vai trò mới.,1
work_A_mok_df_wood,effect,Khả năng mở rộng mở rộng phạm vi công việc và tăng hiệu suất.,1
work_A_mok_df_wood,action,Đảm nhận các dự án hoặc vai trò mới một cách tự tin.,1
work_A_mok_df_wood,state,"Cách tiếp cận thận trọng tạo nên sự khởi đầu vững chắc, năng lượng năng động mở ra những khả năng mới.",1
work_A_mok_ex_earth,intro,Đây là ngày mà năng lượng phát triển trong công việc của bạn trở nên tích cực và bạn nổi bật trong vai trò mới.,1
work_A_mok_ex_earth,effect,Khả năng mở rộng mở rộng phạm vi công việc và tăng hiệu suất.,1
work_A_mok_ex_earth,action,Đảm nhận các dự án hoặc vai trò mới một cách tự tin.,1
work_A_mok_ex_earth,state,"Một ý chí mạnh mẽ sẽ tích cực mở ra những cơ hội mới, và một năng lượng bình tĩnh làm tăng sự thận trọng, dẫn đến kết quả tốt.",1
work_A_mok_ex_fire,intro,Đây là ngày mà năng lượng phát triển trong công việc của bạn trở nên tích cực và bạn nổi bật trong vai trò mới.,1
work_A_mok_ex_fire,effect,Khả năng mở rộng mở rộng phạm vi công việc và tăng hiệu suất.,1
work_A_mok_ex_fire,action,Đảm nhận các dự án hoặc vai trò mới một cách tự tin.,1
work_A_mok_ex_fire,state,"Ý chí mạnh mẽ sẽ tích cực mở ra những cơ hội mới, nguồn năng lượng sáng rõ làm tăng sinh lực và tạo nên dòng chảy tốt đẹp.",1
work_A_mok_ex_water,intro,Đây là ngày mà năng lượng phát triển trong công việc của bạn trở nên tích cực và bạn nổi bật trong vai trò mới.,1
work_A_mok_ex_water,effect,Khả năng mở rộng mở rộng phạm vi công việc và tăng hiệu suất.,1
work_A_mok_ex_water,action,Đảm nhận các dự án hoặc vai trò mới một cách tự tin.,1
work_A_mok_ex_water,state,"Ý chí mạnh mẽ sẽ tích cực mở ra những cơ hội mới, năng lượng ẩm sẽ rèn luyện tâm trí một cách sâu sắc và mở ra tầm nhìn rõ ràng.",1
work_A_mok_ex_wood,intro,Đây là ngày mà năng lượng phát triển trong công việc của bạn trở nên tích cực và bạn nổi bật trong vai trò mới.,1
work_A_mok_ex_wood,effect,Khả năng mở rộng mở rộng phạm vi công việc và tăng hiệu suất.,1
work_A_mok_ex_wood,action,Đảm nhận các dự án hoặc vai trò mới một cách tự tin.,1
work_A_mok_ex_wood,state,"Một ý chí mạnh mẽ sẽ tích cực mở ra những cơ hội mới, và một năng lượng năng động sẽ mở ra những khả năng mới.",1
work_A_su_df_earth,intro,Đó là ngày mà các luồng công việc được kết nối một cách tự nhiên và quá trình hợp tác diễn ra không bị gián đoạn.,1
work_A_su_df_earth,effect,Giao tiếp trơn tru làm tăng hiệu quả công việc và tăng tốc kết quả.,1
work_A_su_df_earth,action,Đẩy nhanh công việc của bạn bằng cách tận dụng sự cộng tác với nhóm của bạn.,1
work_A_su_df_earth,state,"Một trung tâm vững chắc giúp bạn duy trì phương hướng của mình mà không dao động, và một năng lượng bình tĩnh làm tăng sự thận trọng, dẫn đến kết quả tốt.",1
work_A_su_df_fire,intro,Đó là ngày mà các luồng công việc được kết nối một cách tự nhiên và quá trình hợp tác diễn ra không bị gián đoạn.,1
work_A_su_df_fire,effect,Giao tiếp trơn tru làm tăng hiệu quả công việc và tăng tốc kết quả.,1
work_A_su_df_fire,action,Đẩy nhanh công việc của bạn bằng cách tận dụng sự cộng tác với nhóm của bạn.,1
work_A_su_df_fire,state,"Một trung tâm vững chắc giúp bạn đi đúng hướng mà không dao động, và nguồn năng lượng sáng rõ sẽ tăng cường sinh lực và tạo ra một dòng chảy tốt.",1
work_A_su_df_water,intro,Đó là ngày mà các luồng công việc được kết nối một cách tự nhiên và quá trình hợp tác diễn ra không bị gián đoạn.,1
work_A_su_df_water,effect,Giao tiếp trơn tru làm tăng hiệu quả công việc và tăng tốc kết quả.,1
work_A_su_df_water,action,Đẩy nhanh công việc của bạn bằng cách tận dụng sự cộng tác với nhóm của bạn.,1
work_A_su_df_water,state,"Một trung tâm vững chắc giúp bạn giữ vững phương hướng mà không dao động, và năng lượng ẩm sẽ thanh lọc tâm trí bạn một cách sâu sắc và mở ra tầm nhìn rõ ràng.",1
work_A_su_df_wood,intro,Đó là ngày mà các luồng công việc được kết nối một cách tự nhiên và quá trình hợp tác diễn ra không bị gián đoạn.,1
work_A_su_df_wood,effect,Giao tiếp trơn tru làm tăng hiệu quả công việc và tăng tốc kết quả.,1
work_A_su_df_wood,action,Đẩy nhanh công việc của bạn bằng cách tận dụng sự cộng tác với nhóm của bạn.,1
work_A_su_df_wood,state,"Một trung tâm vững chắc duy trì phương hướng mà không dao động, và năng lượng động mở ra những khả năng mới.",1
work_A_su_ex_earth,intro,Đó là ngày mà các luồng công việc được kết nối một cách tự nhiên và quá trình hợp tác diễn ra không bị gián đoạn.,1
work_A_su_ex_earth,effect,Giao tiếp trơn tru làm tăng hiệu quả công việc và tăng tốc kết quả.,1
work_A_su_ex_earth,action,Đẩy nhanh công việc của bạn bằng cách tận dụng sự cộng tác với nhóm của bạn.,1
work_A_su_ex_earth,state,"Sự nhạy cảm phong phú dẫn đến cái nhìn sâu sắc và giúp phán đoán tốt, năng lượng bình tĩnh làm tăng sự thận trọng, dẫn đến kết quả tốt.",1
work_A_su_ex_fire,intro,Đó là ngày mà các luồng công việc được kết nối một cách tự nhiên và quá trình hợp tác diễn ra không bị gián đoạn.,1
work_A_su_ex_fire,effect,Giao tiếp trơn tru làm tăng hiệu quả công việc và tăng tốc kết quả.,1
work_A_su_ex_fire,action,Đẩy nhanh công việc của bạn bằng cách tận dụng sự cộng tác với nhóm của bạn.,1
work_A_su_ex_fire,state,"Sự nhạy cảm phong phú dẫn đến cái nhìn sâu sắc và giúp đưa ra những quyết định đúng đắn, đồng thời năng lượng rõ ràng làm tăng sức sống và tạo ra một dòng chảy tốt.",1
work_A_su_ex_water,intro,Đó là ngày mà các luồng công việc được kết nối một cách tự nhiên và quá trình hợp tác diễn ra không bị gián đoạn.,1
work_A_su_ex_water,effect,Giao tiếp trơn tru làm tăng hiệu quả công việc và tăng tốc kết quả.,1
work_A_su_ex_water,action,Đẩy nhanh công việc của bạn bằng cách tận dụng sự cộng tác với nhóm của bạn.,1
work_A_su_ex_water,state,"Sự nhạy cảm phong phú dẫn đến cái nhìn sâu sắc và giúp phán đoán tốt, đồng thời năng lượng ẩm giúp thanh lọc tâm trí một cách sâu sắc và mở ra tầm nhìn rõ ràng.",1
work_A_su_ex_wood,intro,Đó là ngày mà các luồng công việc được kết nối một cách tự nhiên và quá trình hợp tác diễn ra không bị gián đoạn.,1
work_A_su_ex_wood,effect,Giao tiếp trơn tru làm tăng hiệu quả công việc và tăng tốc kết quả.,1
work_A_su_ex_wood,action,Đẩy nhanh công việc của bạn bằng cách tận dụng sự cộng tác với nhóm của bạn.,1
work_A_su_ex_wood,state,"Sự nhạy cảm phong phú dẫn đến cái nhìn sâu sắc và giúp đưa ra những quyết định đúng đắn, đồng thời năng lượng năng động mở ra những khả năng mới.",1
work_A_to_df_earth,intro,Đó là ngày mà sự ổn định trong công việc ở mức cao nhất và bạn không bị lung lay trong bất kỳ môi trường nào.,1
work_A_to_df_earth,effect,Nền tảng làm việc ổn định giúp giảm sai sót và cải thiện chất lượng.,1
work_A_to_df_earth,action,Tăng mức độ hoàn thiện bằng cách tập trung vào công việc hoàn thiện tỉ mỉ.,1
work_A_to_df_earth,state,"Một thái độ linh hoạt cho phép bạn chấp nhận những xu hướng mới một cách tự nhiên, và năng lượng bình tĩnh sẽ làm tăng sự thận trọng, dẫn đến kết quả tốt.",1
work_A_to_df_fire,intro,Đó là ngày mà sự ổn định trong công việc ở mức cao nhất và bạn không bị lung lay trong bất kỳ môi trường nào.,1
work_A_to_df_fire,effect,Nền tảng làm việc ổn định giúp giảm sai sót và cải thiện chất lượng.,1
work_A_to_df_fire,action,Tăng mức độ hoàn thiện bằng cách tập trung vào công việc hoàn thiện tỉ mỉ.,1
work_A_to_df_fire,state,"Một thái độ linh hoạt cho phép bạn chấp nhận những xu hướng mới một cách tự nhiên, năng lượng rõ ràng làm tăng sức sống và tạo ra một dòng chảy tốt.",1
work_A_to_df_water,intro,Đó là ngày mà sự ổn định trong công việc ở mức cao nhất và bạn không bị lung lay trong bất kỳ môi trường nào.,1
work_A_to_df_water,effect,Nền tảng làm việc ổn định giúp giảm sai sót và cải thiện chất lượng.,1
work_A_to_df_water,action,Tăng mức độ hoàn thiện bằng cách tập trung vào công việc hoàn thiện tỉ mỉ.,1
work_A_to_df_water,state,"Một thái độ linh hoạt cho phép bạn chấp nhận các xu hướng mới một cách tự nhiên, và năng lượng ẩm sẽ thanh lọc tâm trí một cách sâu sắc và mở ra tầm nhìn rõ ràng.",1
work_A_to_df_wood,intro,Đó là ngày mà sự ổn định trong công việc ở mức cao nhất và bạn không bị lung lay trong bất kỳ môi trường nào.,1
work_A_to_df_wood,effect,Nền tảng làm việc ổn định giúp giảm sai sót và cải thiện chất lượng.,1
work_A_to_df_wood,action,Tăng mức độ hoàn thiện bằng cách tập trung vào công việc hoàn thiện tỉ mỉ.,1
work_A_to_df_wood,state,Một thái độ linh hoạt cho phép bạn chấp nhận những xu hướng mới một cách tự nhiên và năng lượng năng động sẽ mở ra những khả năng mới.,1
work_A_to_ex_earth,intro,Đó là ngày mà sự ổn định trong công việc ở mức cao nhất và bạn không bị lung lay trong bất kỳ môi trường nào.,1
work_A_to_ex_earth,effect,Nền tảng làm việc ổn định giúp giảm sai sót và cải thiện chất lượng.,1
work_A_to_ex_earth,action,Tăng mức độ hoàn thiện bằng cách tập trung vào công việc hoàn thiện tỉ mỉ.,1
work_A_to_ex_earth,state,"Một cảm giác ổn định mạnh mẽ trở thành nền tảng vững chắc cho mọi việc, và một năng lượng bình tĩnh làm tăng tính thận trọng, dẫn đến kết quả tốt.",1
work_A_to_ex_fire,intro,Đó là ngày mà sự ổn định trong công việc ở mức cao nhất và bạn không bị lung lay trong bất kỳ môi trường nào.,1
work_A_to_ex_fire,effect,Nền tảng làm việc ổn định giúp giảm sai sót và cải thiện chất lượng.,1
work_A_to_ex_fire,action,Tăng mức độ hoàn thiện bằng cách tập trung vào công việc hoàn thiện tỉ mỉ.,1
work_A_to_ex_fire,state,"Cảm giác ổn định mạnh mẽ trở thành nền tảng vững chắc cho mọi thứ, nguồn năng lượng sáng rõ tăng cường sức sống và tạo ra một dòng chảy tốt.",1
work_A_to_ex_water,intro,Đó là ngày mà sự ổn định trong công việc ở mức cao nhất và bạn không bị lung lay trong bất kỳ môi trường nào.,1
work_A_to_ex_water,effect,Nền tảng làm việc ổn định giúp giảm sai sót và cải thiện chất lượng.,1
work_A_to_ex_water,action,Tăng mức độ hoàn thiện bằng cách tập trung vào công việc hoàn thiện tỉ mỉ.,1
work_A_to_ex_water,state,"Cảm giác ổn định mạnh mẽ trở thành nền tảng vững chắc cho mọi thứ, và năng lượng ẩm sẽ thanh lọc tâm trí một cách sâu sắc và mở ra tầm nhìn rõ ràng.",1
work_A_to_ex_wood,intro,Đó là ngày mà sự ổn định trong công việc ở mức cao nhất và bạn không bị lung lay trong bất kỳ môi trường nào.,1
work_A_to_ex_wood,effect,Nền tảng làm việc ổn định giúp giảm sai sót và cải thiện chất lượng.,1
work_A_to_ex_wood,action,Tăng mức độ hoàn thiện bằng cách tập trung vào công việc hoàn thiện tỉ mỉ.,1
work_A_to_ex_wood,state,Cảm giác ổn định mạnh mẽ mang lại nền tảng vững chắc cho mọi thứ và năng lượng năng động mở ra những khả năng mới.,1
work_B,intro,"Công việc hôm nay trôi chảy, công việc tiến triển đều đặn.",1
work_B,intro,Hôm nay bạn có năng lượng làm việc tốt nên khả năng tập trung và động lực của bạn cao hơn bình thường.,1
work_B,effect,Bạn sẽ có cơ hội thể hiện khả năng của mình trong công việc và nỗ lực của bạn sẽ được ghi nhận.,1
work_B,effect,Sự hợp tác đang diễn ra suôn sẻ và mọi thứ đang diễn ra như mong đợi.,1
work_B,action,"Nếu bạn đưa ra ý tưởng một cách tích cực hơn bình thường, bạn có nhiều khả năng nhận được phản hồi tốt hơn.",1
work_B,action,Hãy tận dụng nguồn năng lượng tốt của ngày hôm nay và sử dụng nó để hoàn thành những nhiệm vụ quan trọng.,1
work_B_geum_df_earth,intro,Đó là ngày mà khả năng xử lý công việc của bạn vẫn ổn định và bạn có thể thực hiện công việc của mình một cách dễ dàng.,1
work_B_geum_df_earth,effect,"Sự tập trung được duy trì, giảm sai sót trong công việc và hiệu suất đồng đều.",1
work_B_geum_df_earth,action,Thực hiện công việc của bạn từng bước theo kế hoạch.,1
work_B_geum_df_earth,state,"Ngay cả khi quyết tâm của bạn trở nên mờ mịt, dòng chảy của cuộc sống hàng ngày vẫn tiếp tục suôn sẻ, và năng lượng mây mù làm tăng thêm bầu không khí tĩnh lặng, tạo cảm giác yên bình.",1
work_B_geum_df_fire,intro,Đó là ngày mà khả năng xử lý công việc của bạn vẫn ổn định và bạn có thể thực hiện công việc của mình một cách dễ dàng.,1
work_B_geum_df_fire,effect,"Sự tập trung được duy trì, giảm sai sót trong công việc và hiệu suất đồng đều.",1
work_B_geum_df_fire,action,Thực hiện công việc của bạn từng bước theo kế hoạch.,1
work_B_geum_df_fire,state,"Ngay cả khi quyết tâm của bạn trở nên mờ mịt, dòng chảy cuộc sống hàng ngày của bạn vẫn tiếp tục suôn sẻ, và nguồn năng lượng sáng rõ tiếp thêm sức sống nhẹ nhàng, tạo nên một dòng chảy trôi chảy.",1
work_B_geum_df_water,intro,Đó là ngày mà khả năng xử lý công việc của bạn vẫn ổn định và bạn có thể thực hiện công việc của mình một cách dễ dàng.,1
work_B_geum_df_water,effect,"Sự tập trung được duy trì, giảm sai sót trong công việc và hiệu suất đồng đều.",1
work_B_geum_df_water,action,Thực hiện công việc của bạn từng bước theo kế hoạch.,1
work_B_geum_df_water,state,"Ngay cả khi quyết tâm của bạn trở nên buồn tẻ, dòng chảy của cuộc sống hàng ngày vẫn tiếp tục suôn sẻ và nguồn năng lượng mềm mại mang lại cảm giác êm đềm kéo dài cho cảm xúc của bạn.",1
work_B_geum_df_wood,intro,Đó là ngày mà khả năng xử lý công việc của bạn vẫn ổn định và bạn có thể thực hiện công việc của mình một cách dễ dàng.,1
work_B_geum_df_wood,effect,"Sự tập trung được duy trì, giảm sai sót trong công việc và hiệu suất đồng đều.",1
work_B_geum_df_wood,action,Thực hiện công việc của bạn từng bước theo kế hoạch.,1
work_B_geum_df_wood,state,"Ngay cả khi quyết tâm của bạn trở nên mờ mịt, dòng chảy của cuộc sống hàng ngày vẫn tiếp tục suôn sẻ và năng lượng thay đổi nhỏ sẽ bổ sung thêm sự kích thích thích hợp.",1
work_B_geum_ex_earth,intro,Đó là ngày mà khả năng xử lý công việc của bạn vẫn ổn định và bạn có thể thực hiện công việc của mình một cách dễ dàng.,1
work_B_geum_ex_earth,effect,"Sự tập trung được duy trì, giảm sai sót trong công việc và hiệu suất đồng đều.",1
work_B_geum_ex_earth,action,Thực hiện công việc của bạn từng bước theo kế hoạch.,1
work_B_geum_ex_earth,state,"Khả năng phán đoán mang tính phân tích diễn ra một cách tự nhiên với tốc độ thông thường và nguồn năng lượng trầm góp phần tạo nên bầu không khí yên tĩnh, tạo cảm giác yên bình.",1
work_B_geum_ex_fire,intro,Đó là ngày mà khả năng xử lý công việc của bạn vẫn ổn định và bạn có thể thực hiện công việc của mình một cách dễ dàng.,1
work_B_geum_ex_fire,effect,"Sự tập trung được duy trì, giảm sai sót trong công việc và hiệu suất đồng đều.",1
work_B_geum_ex_fire,action,Thực hiện công việc của bạn từng bước theo kế hoạch.,1
work_B_geum_ex_fire,state,"Phán đoán phân tích diễn ra theo nhịp độ thông thường một cách tự nhiên và nguồn năng lượng sáng rõ tiếp thêm sức sống nhẹ nhàng, tạo nên một dòng chảy trôi chảy.",1
work_B_geum_ex_water,intro,Đó là ngày mà khả năng xử lý công việc của bạn vẫn ổn định và bạn có thể thực hiện công việc của mình một cách dễ dàng.,1
work_B_geum_ex_water,effect,"Sự tập trung được duy trì, giảm sai sót trong công việc và hiệu suất đồng đều.",1
work_B_geum_ex_water,action,Thực hiện công việc của bạn từng bước theo kế hoạch.,1
work_B_geum_ex_water,state,Khả năng phán đoán mang tính phân tích diễn ra một cách tự nhiên theo tốc độ thông thường của bạn và nguồn năng lượng mềm mại sẽ mang lại dư vị êm dịu cho cảm xúc của bạn.,1
work_B_geum_ex_wood,intro,Đó là ngày mà khả năng xử lý công việc của bạn vẫn ổn định và bạn có thể thực hiện công việc của mình một cách dễ dàng.,1
work_B_geum_ex_wood,effect,"Sự tập trung được duy trì, giảm sai sót trong công việc và hiệu suất đồng đều.",1
work_B_geum_ex_wood,action,Thực hiện công việc của bạn từng bước theo kế hoạch.,1
work_B_geum_ex_wood,state,Phán đoán mang tính phân tích diễn ra theo nhịp độ thông thường một cách tự nhiên và năng lượng thay đổi nhỏ sẽ tạo thêm sự kích thích thích hợp.,1
work_B_hwa_df_earth,intro,Đó là ngày mà động lực làm việc vẫn ở trên mức trung bình và tốc độ làm việc ở mức tốt.,1
work_B_hwa_df_earth,effect,Đủ năng lượng hỗ trợ sự tập trung làm việc.,1
work_B_hwa_df_earth,action,Giải quyết các nhiệm vụ quan trọng đầu tiên khi năng lượng đang ở mức cao.,1
work_B_hwa_df_earth,state,"Mặc dù biểu hiện bị hạn chế nhưng sự ổn định của mối quan hệ vẫn dễ dàng được duy trì và nguồn năng lượng trầm làm tăng thêm bầu không khí yên tĩnh, dẫn đến cảm giác yên bình.",1
work_B_hwa_df_fire,intro,Đó là ngày mà động lực làm việc vẫn ở trên mức trung bình và tốc độ làm việc ở mức tốt.,1
work_B_hwa_df_fire,effect,Đủ năng lượng hỗ trợ sự tập trung làm việc.,1
work_B_hwa_df_fire,action,Giải quyết các nhiệm vụ quan trọng đầu tiên khi năng lượng đang ở mức cao.,1
work_B_hwa_df_fire,state,"Ngay cả khi hạn chế biểu hiện, sự ổn định của mối quan hệ vẫn dễ dàng được duy trì, nguồn năng lượng sáng rõ tiếp thêm sức sống nhẹ nhàng, tạo nên dòng chảy trôi chảy.",1
work_B_hwa_df_water,intro,Đó là ngày mà động lực làm việc vẫn ở trên mức trung bình và tốc độ làm việc ở mức tốt.,1
work_B_hwa_df_water,effect,Đủ năng lượng hỗ trợ sự tập trung làm việc.,1
work_B_hwa_df_water,action,Giải quyết các nhiệm vụ quan trọng đầu tiên khi năng lượng đang ở mức cao.,1
work_B_hwa_df_water,state,"Ngay cả khi những biểu hiện bị hạn chế, sự ổn định của mối quan hệ vẫn dễ dàng được duy trì và nguồn năng lượng mềm mại mang lại cảm giác êm đềm kéo dài cho cảm xúc.",1
work_B_hwa_df_wood,intro,Đó là ngày mà động lực làm việc vẫn ở trên mức trung bình và tốc độ làm việc ở mức tốt.,1
work_B_hwa_df_wood,effect,Đủ năng lượng hỗ trợ sự tập trung làm việc.,1
work_B_hwa_df_wood,action,Giải quyết các nhiệm vụ quan trọng đầu tiên khi năng lượng đang ở mức cao.,1
work_B_hwa_df_wood,state,"Ngay cả khi những biểu hiện bị hạn chế, sự ổn định của mối quan hệ vẫn dễ dàng được duy trì và năng lượng thay đổi nhỏ sẽ tăng thêm sự kích thích thích hợp.",1
work_B_hwa_ex_earth,intro,Đó là ngày mà động lực làm việc vẫn ở trên mức trung bình và tốc độ làm việc ở mức tốt.,1
work_B_hwa_ex_earth,effect,Đủ năng lượng hỗ trợ sự tập trung làm việc.,1
work_B_hwa_ex_earth,action,Giải quyết các nhiệm vụ quan trọng đầu tiên khi năng lượng đang ở mức cao.,1
work_B_hwa_ex_earth,state,"Niềm đam mê còn sống nhưng sự cân bằng cũng được duy trì, dẫn đến một ngày ổn định, năng lượng mây mù tạo thêm bầu không khí tĩnh lặng, dẫn đến sự thanh thản.",1
work_B_hwa_ex_fire,intro,Đó là ngày mà động lực làm việc vẫn ở trên mức trung bình và tốc độ làm việc ở mức tốt.,1
work_B_hwa_ex_fire,effect,Đủ năng lượng hỗ trợ sự tập trung làm việc.,1
work_B_hwa_ex_fire,action,Giải quyết các nhiệm vụ quan trọng đầu tiên khi năng lượng đang ở mức cao.,1
work_B_hwa_ex_fire,state,"Niềm đam mê còn sống nhưng sự cân bằng cũng được duy trì, dẫn đến một ngày ổn định, nguồn năng lượng sáng rõ tiếp thêm sức sống nhẹ nhàng, tạo nên dòng chảy trôi chảy.",1
work_B_hwa_ex_water,intro,Đó là ngày mà động lực làm việc vẫn ở trên mức trung bình và tốc độ làm việc ở mức tốt.,1
work_B_hwa_ex_water,effect,Đủ năng lượng hỗ trợ sự tập trung làm việc.,1
work_B_hwa_ex_water,action,Giải quyết các nhiệm vụ quan trọng đầu tiên khi năng lượng đang ở mức cao.,1
work_B_hwa_ex_water,state,"Niềm đam mê vẫn tồn tại và sự cân bằng được duy trì, dẫn đến một ngày ổn định và nguồn năng lượng mềm mại mang lại cảm giác êm đềm kéo dài cho cảm xúc.",1
work_B_hwa_ex_wood,intro,Đó là ngày mà động lực làm việc vẫn ở trên mức trung bình và tốc độ làm việc ở mức tốt.,1
work_B_hwa_ex_wood,effect,Đủ năng lượng hỗ trợ sự tập trung làm việc.,1
work_B_hwa_ex_wood,action,Giải quyết các nhiệm vụ quan trọng đầu tiên khi năng lượng đang ở mức cao.,1
work_B_hwa_ex_wood,state,"Niềm đam mê sống động và cân bằng, dẫn đến một ngày ổn định, và một chút năng lượng thay đổi sẽ bổ sung thêm sự kích thích thích hợp.",1
work_B_mok_df_earth,intro,Đó là ngày mà khả năng làm việc của bạn tăng trưởng đều đặn và bạn có thể đón nhận những thử thách mới.,1
work_B_mok_df_earth,effect,Năng lượng tăng trưởng dẫn đến mở rộng kinh doanh và phát triển năng lực.,1
work_B_mok_df_earth,action,Hãy thử học những kỹ năng làm việc mới hoặc mở rộng vai trò của bạn.,1
work_B_mok_df_earth,state,"Ngay cả khi bạn thận trọng khi thử những điều mới, cuộc sống hàng ngày của bạn vẫn trôi chảy đều đặn và nguồn năng lượng trầm càng tạo thêm bầu không khí tĩnh lặng, dẫn đến cảm giác yên bình.",1
work_B_mok_df_fire,intro,Đó là ngày mà khả năng làm việc của bạn tăng trưởng đều đặn và bạn có thể đón nhận những thử thách mới.,1
work_B_mok_df_fire,effect,Năng lượng tăng trưởng dẫn đến mở rộng kinh doanh và phát triển năng lực.,1
work_B_mok_df_fire,action,Hãy thử học những kỹ năng làm việc mới hoặc mở rộng vai trò của bạn.,1
work_B_mok_df_fire,state,"Ngay cả khi bạn thận trọng khi thử những điều mới, cuộc sống hàng ngày của bạn vẫn trôi chảy đều đặn và nguồn năng lượng sáng rõ tiếp thêm sức sống nhẹ nhàng, tạo nên một dòng chảy trôi chảy.",1
work_B_mok_df_water,intro,Đó là ngày mà khả năng làm việc của bạn tăng trưởng đều đặn và bạn có thể đón nhận những thử thách mới.,1
work_B_mok_df_water,effect,Năng lượng tăng trưởng dẫn đến mở rộng kinh doanh và phát triển năng lực.,1
work_B_mok_df_water,action,Hãy thử học những kỹ năng làm việc mới hoặc mở rộng vai trò của bạn.,1
work_B_mok_df_water,state,"Ngay cả khi bạn thận trọng khi thử những điều mới, cuộc sống hàng ngày của bạn vẫn trôi chảy đều đặn và nguồn năng lượng mềm mại sẽ mang lại cảm giác êm đềm kéo dài cho cảm xúc của bạn.",1
work_B_mok_df_wood,intro,Đó là ngày mà khả năng làm việc của bạn tăng trưởng đều đặn và bạn có thể đón nhận những thử thách mới.,1
work_B_mok_df_wood,effect,Năng lượng tăng trưởng dẫn đến mở rộng kinh doanh và phát triển năng lực.,1
work_B_mok_df_wood,action,Hãy thử học những kỹ năng làm việc mới hoặc mở rộng vai trò của bạn.,1
work_B_mok_df_wood,state,"Ngay cả khi bạn thận trọng khi thử những điều mới, cuộc sống hàng ngày của bạn vẫn trôi chảy đều đặn và một chút năng lượng của sự thay đổi sẽ tạo thêm sự kích thích thích hợp.",1
work_B_mok_ex_earth,intro,Đó là ngày mà khả năng làm việc của bạn tăng trưởng đều đặn và bạn có thể đón nhận những thử thách mới.,1
work_B_mok_ex_earth,effect,Năng lượng tăng trưởng dẫn đến mở rộng kinh doanh và phát triển năng lực.,1
work_B_mok_ex_earth,action,Hãy thử học những kỹ năng làm việc mới hoặc mở rộng vai trò của bạn.,1
work_B_mok_ex_earth,state,"Động lực vững chắc sẽ tiến bộ từng bước một, năng lượng vẩn đục làm tăng thêm bầu không khí tĩnh lặng, dẫn đến sự tĩnh lặng.",1
work_B_mok_ex_fire,intro,Đó là ngày mà khả năng làm việc của bạn tăng trưởng đều đặn và bạn có thể đón nhận những thử thách mới.,1
work_B_mok_ex_fire,effect,Năng lượng tăng trưởng dẫn đến mở rộng kinh doanh và phát triển năng lực.,1
work_B_mok_ex_fire,action,Hãy thử học những kỹ năng làm việc mới hoặc mở rộng vai trò của bạn.,1
work_B_mok_ex_fire,state,"Động lực vững chắc giúp bạn tiến bộ từng bước, nguồn năng lượng sáng rõ tiếp thêm sức sống nhẹ nhàng, tạo nên một dòng chảy trôi chảy.",1
work_B_mok_ex_water,intro,Đó là ngày mà khả năng làm việc của bạn tăng trưởng đều đặn và bạn có thể đón nhận những thử thách mới.,1
work_B_mok_ex_water,effect,Năng lượng tăng trưởng dẫn đến mở rộng kinh doanh và phát triển năng lực.,1
work_B_mok_ex_water,action,Hãy thử học những kỹ năng làm việc mới hoặc mở rộng vai trò của bạn.,1
work_B_mok_ex_water,state,Động lực ổn định sẽ tiến bộ từng bước và nguồn năng lượng mềm mại tạo thêm cảm giác êm đềm kéo dài cho cảm xúc.,1
work_B_mok_ex_wood,intro,Đó là ngày mà khả năng làm việc của bạn tăng trưởng đều đặn và bạn có thể đón nhận những thử thách mới.,1
work_B_mok_ex_wood,effect,Năng lượng tăng trưởng dẫn đến mở rộng kinh doanh và phát triển năng lực.,1
work_B_mok_ex_wood,action,Hãy thử học những kỹ năng làm việc mới hoặc mở rộng vai trò của bạn.,1
work_B_mok_ex_wood,state,"Động lực ổn định làm cho sự tiến bộ bình thường từng bước một, và năng lượng thay đổi yếu sẽ bổ sung thêm sự kích thích thích hợp.",1
work_B_su_df_earth,intro,Đó là một ngày mà việc giao tiếp trong công việc diễn ra suôn sẻ và sự hợp tác diễn ra tốt đẹp.,1
work_B_su_df_earth,effect,"Tinh thần đồng đội được tăng cường, tốc độ làm việc và chất lượng cùng nhau tăng lên.",1
work_B_su_df_earth,action,Tích cực giao tiếp với đồng nghiệp và tạo ra sức mạnh tổng hợp.,1
work_B_su_df_earth,state,"Mặc dù có phần thiếu linh hoạt, nhưng nhịp điệu cơ bản vẫn được duy trì mà không gặp khó khăn gì, năng lượng mây mù tăng thêm bầu không khí tĩnh lặng, dẫn đến cảm giác yên bình.",1
work_B_su_df_fire,intro,Đó là một ngày mà việc giao tiếp trong công việc diễn ra suôn sẻ và sự hợp tác diễn ra tốt đẹp.,1
work_B_su_df_fire,effect,"Tinh thần đồng đội được tăng cường, tốc độ làm việc và chất lượng cùng nhau tăng lên.",1
work_B_su_df_fire,action,Tích cực giao tiếp với đồng nghiệp và tạo ra sức mạnh tổng hợp.,1
work_B_su_df_fire,state,"Mặc dù có phần thiếu linh hoạt nhưng nhịp điệu cơ bản vẫn được duy trì mà không gặp khó khăn gì, nguồn năng lượng sáng rõ tiếp thêm sức sống nhẹ nhàng, tạo nên một dòng chảy trôi chảy.",1
work_B_su_df_water,intro,Đó là một ngày mà việc giao tiếp trong công việc diễn ra suôn sẻ và sự hợp tác diễn ra tốt đẹp.,1
work_B_su_df_water,effect,"Tinh thần đồng đội được tăng cường, tốc độ làm việc và chất lượng cùng nhau tăng lên.",1
work_B_su_df_water,action,Tích cực giao tiếp với đồng nghiệp và tạo ra sức mạnh tổng hợp.,1
work_B_su_df_water,state,"Mặc dù thiếu linh hoạt, nhưng nhịp điệu cơ bản vẫn được duy trì mà không gặp khó khăn gì, và nguồn năng lượng mềm mại mang lại cảm giác êm dịu kéo dài cho cảm xúc.",1
work_B_su_df_wood,intro,Đó là một ngày mà việc giao tiếp trong công việc diễn ra suôn sẻ và sự hợp tác diễn ra tốt đẹp.,1
work_B_su_df_wood,effect,"Tinh thần đồng đội được tăng cường, tốc độ làm việc và chất lượng cùng nhau tăng lên.",1
work_B_su_df_wood,action,Tích cực giao tiếp với đồng nghiệp và tạo ra sức mạnh tổng hợp.,1
work_B_su_df_wood,state,"Mặc dù có phần thiếu linh hoạt, nhưng nhịp điệu cơ bản vẫn được duy trì mà không gặp khó khăn gì, và một chút năng lượng thay đổi sẽ tăng thêm sự kích thích thích hợp.",1
work_B_su_ex_earth,intro,Đó là một ngày mà việc giao tiếp trong công việc diễn ra suôn sẻ và sự hợp tác diễn ra tốt đẹp.,1
work_B_su_ex_earth,effect,"Tinh thần đồng đội được tăng cường, tốc độ làm việc và chất lượng cùng nhau tăng lên.",1
work_B_su_ex_earth,action,Tích cực giao tiếp với đồng nghiệp và tạo ra sức mạnh tổng hợp.,1
work_B_su_ex_earth,state,"Một ngày tràn ngập cảm xúc, khiến nó trở thành một ngày tập trung hơn bình thường, và nguồn năng lượng trầm tạo thêm bầu không khí tĩnh lặng, dẫn đến cảm giác yên bình.",1
work_B_su_ex_fire,intro,Đó là một ngày mà việc giao tiếp trong công việc diễn ra suôn sẻ và sự hợp tác diễn ra tốt đẹp.,1
work_B_su_ex_fire,effect,"Tinh thần đồng đội được tăng cường, tốc độ làm việc và chất lượng cùng nhau tăng lên.",1
work_B_su_ex_fire,action,Tích cực giao tiếp với đồng nghiệp và tạo ra sức mạnh tổng hợp.,1
work_B_su_ex_fire,state,"Một ngày giàu cảm xúc khiến nó trở thành một ngày tập trung hơn bình thường, nguồn năng lượng sáng rõ tiếp thêm sức sống nhẹ nhàng, tạo nên một dòng chảy trôi chảy.",1
work_B_su_ex_water,intro,Đó là một ngày mà việc giao tiếp trong công việc diễn ra suôn sẻ và sự hợp tác diễn ra tốt đẹp.,1
work_B_su_ex_water,effect,"Tinh thần đồng đội được tăng cường, tốc độ làm việc và chất lượng cùng nhau tăng lên.",1
work_B_su_ex_water,action,Tích cực giao tiếp với đồng nghiệp và tạo ra sức mạnh tổng hợp.,1
work_B_su_ex_water,state,"Một ngày tràn ngập cảm xúc, khiến bạn chú ý hơn bình thường và nguồn năng lượng mềm mại tạo thêm dư vị êm dịu cho cảm xúc của bạn.",1
work_B_su_ex_wood,intro,Đó là một ngày mà việc giao tiếp trong công việc diễn ra suôn sẻ và sự hợp tác diễn ra tốt đẹp.,1
work_B_su_ex_wood,effect,"Tinh thần đồng đội được tăng cường, tốc độ làm việc và chất lượng cùng nhau tăng lên.",1
work_B_su_ex_wood,action,Tích cực giao tiếp với đồng nghiệp và tạo ra sức mạnh tổng hợp.,1
work_B_su_ex_wood,state,"Một ngày tràn ngập cảm xúc, khiến nó trở thành một ngày tập trung hơn bình thường và một chút năng lượng thay đổi sẽ tạo thêm sự kích thích thích hợp.",1
work_B_to_df_earth,intro,Đó là ngày mà công việc được duy trì ổn định và các nhiệm vụ có thể được hoàn thành mà không mắc sai sót nào.,1
work_B_to_df_earth,effect,Quá trình xử lý công việc ổn định tạo dựng niềm tin và cải thiện chất lượng kết quả.,1
work_B_to_df_earth,action,Hãy tập trung hoàn thành nhiệm vụ của bạn một cách triệt để ngay hôm nay.,1
work_B_to_df_earth,state,"Ngay cả khi trọng tâm có phần bị rung chuyển, sự cân bằng của cuộc sống hàng ngày vẫn được duy trì mà không gặp nhiều khó khăn, nguồn năng lượng trầm càng tăng thêm bầu không khí tĩnh lặng, dẫn đến sự yên tĩnh.",1
work_B_to_df_fire,intro,Đó là ngày mà công việc được duy trì ổn định và các nhiệm vụ có thể được hoàn thành mà không mắc sai sót nào.,1
work_B_to_df_fire,effect,Quá trình xử lý công việc ổn định tạo dựng niềm tin và cải thiện chất lượng kết quả.,1
work_B_to_df_fire,action,Hãy tập trung hoàn thành nhiệm vụ của bạn một cách triệt để ngay hôm nay.,1
work_B_to_df_fire,state,"Ngay cả khi trọng tâm có phần bị rung chuyển, sự cân bằng của cuộc sống hàng ngày vẫn được duy trì mà không gặp nhiều khó khăn, nguồn năng lượng sáng rõ tiếp thêm sức sống nhẹ nhàng, tạo nên một dòng chảy trôi chảy.",1
work_B_to_df_water,intro,Đó là ngày mà công việc được duy trì ổn định và các nhiệm vụ có thể được hoàn thành mà không mắc sai sót nào.,1
work_B_to_df_water,effect,Quá trình xử lý công việc ổn định tạo dựng niềm tin và cải thiện chất lượng kết quả.,1
work_B_to_df_water,action,Hãy tập trung hoàn thành nhiệm vụ của bạn một cách triệt để ngay hôm nay.,1
work_B_to_df_water,state,"Ngay cả khi trọng tâm của bạn hơi rung chuyển, sự cân bằng trong cuộc sống hàng ngày của bạn vẫn được duy trì mà không gặp nhiều khó khăn và năng lượng ẩm sẽ mang lại cảm giác êm đềm kéo dài cho cảm xúc của bạn.",1
work_B_to_df_wood,intro,Đó là ngày mà công việc được duy trì ổn định và các nhiệm vụ có thể được hoàn thành mà không mắc sai sót nào.,1
work_B_to_df_wood,effect,Quá trình xử lý công việc ổn định tạo dựng niềm tin và cải thiện chất lượng kết quả.,1
work_B_to_df_wood,action,Hãy tập trung hoàn thành nhiệm vụ của bạn một cách triệt để ngay hôm nay.,1
work_B_to_df_wood,state,"Ngay cả khi trung tâm bị rung chuyển phần nào, sự cân bằng của cuộc sống hàng ngày vẫn được duy trì mà không gặp nhiều khó khăn, và một chút năng lượng của sự thay đổi sẽ bổ sung thêm sự kích thích thích hợp.",1
work_B_to_ex_earth,intro,Đó là ngày mà công việc được duy trì ổn định và các nhiệm vụ có thể được hoàn thành mà không mắc sai sót nào.,1
work_B_to_ex_earth,effect,Quá trình xử lý công việc ổn định tạo dựng niềm tin và cải thiện chất lượng kết quả.,1
work_B_to_ex_earth,action,Hãy tập trung hoàn thành nhiệm vụ của bạn một cách triệt để ngay hôm nay.,1
work_B_to_ex_earth,state,"Nó có xu hướng ổn định mạnh mẽ, vì vậy nó tiếp tục diễn ra một ngày yên tĩnh mà không gặp vấn đề gì, và nguồn năng lượng trầm làm tăng thêm bầu không khí tĩnh lặng, dẫn đến sự thanh thản.",1
work_B_to_ex_fire,intro,Đó là ngày mà công việc được duy trì ổn định và các nhiệm vụ có thể được hoàn thành mà không mắc sai sót nào.,1
work_B_to_ex_fire,effect,Quá trình xử lý công việc ổn định tạo dựng niềm tin và cải thiện chất lượng kết quả.,1
work_B_to_ex_fire,action,Hãy tập trung hoàn thành nhiệm vụ của bạn một cách triệt để ngay hôm nay.,1
work_B_to_ex_fire,state,"Bởi vì tính chất định hướng ổn định mạnh mẽ của nó, nó tiếp tục trôi chảy trong một ngày tĩnh lặng, và nguồn năng lượng sáng rõ tiếp thêm sức sống nhẹ nhàng, tạo nên một dòng chảy trôi chảy.",1
work_B_to_ex_water,intro,Đó là ngày mà công việc được duy trì ổn định và các nhiệm vụ có thể được hoàn thành mà không mắc sai sót nào.,1
work_B_to_ex_water,effect,Quá trình xử lý công việc ổn định tạo dựng niềm tin và cải thiện chất lượng kết quả.,1
work_B_to_ex_water,action,Hãy tập trung hoàn thành nhiệm vụ của bạn một cách triệt để ngay hôm nay.,1
work_B_to_ex_water,state,"Nó có tính chất định hướng ổn định mạnh mẽ, vì vậy nó có thể dễ dàng dẫn đến một ngày bình tĩnh, và nguồn năng lượng mềm mại tạo thêm dư vị êm dịu cho cảm xúc.",1
work_B_to_ex_wood,intro,Đó là ngày mà công việc được duy trì ổn định và các nhiệm vụ có thể được hoàn thành mà không mắc sai sót nào.,1
work_B_to_ex_wood,effect,Quá trình xử lý công việc ổn định tạo dựng niềm tin và cải thiện chất lượng kết quả.,1
work_B_to_ex_wood,action,Hãy tập trung hoàn thành nhiệm vụ của bạn một cách triệt để ngay hôm nay.,1
work_B_to_ex_wood,state,"Định hướng ổn định rất mạnh mẽ nên nó tiếp tục suôn sẻ trong một ngày bình lặng, và năng lượng thay đổi nhẹ sẽ bổ sung thêm sự kích thích thích hợp.",1
work_B1,intro,"Luồng công việc hôm nay ổn định, giúp bạn giữ bình tĩnh và tập trung.",1
work_B1,intro,Năng lượng làm việc hôm nay rất tốt nên bạn có thể thực hiện công việc một cách ổn định.,1
work_B1,effect,Công việc diễn ra theo đúng kế hoạch và không có xích mích lớn trong việc hợp tác.,1
work_B1,effect,Công việc đang tiến triển tiếp tục ổn định và sự hợp tác với những người xung quanh diễn ra suôn sẻ.,1
work_B1,action,"Nếu bạn tập trung vào những gì bạn đang làm bây giờ, bạn có thể đạt được kết quả xứng đáng.",1
work_B1,action,Sự nhất quán là chìa khóa hôm nay. Bạn chỉ cần bám vào những điều cơ bản mà không dao động.,1
work_B1_geum_df_earth,intro,"Nếu khả năng làm việc của bạn ở mức trung bình, bạn có thể gặp khó khăn trong những công việc phức tạp.",1
work_B1_geum_df_earth,effect,Sự tập trung có thể bị giảm đi phần nào và việc hoàn thành công việc có thể không đạt được kỳ vọng.,1
work_B1_geum_df_earth,action,Hãy chia những nhiệm vụ khó tập trung thành những phần nhỏ và xử lý chúng từng bước một.,1
work_B1_geum_df_earth,state,Mặc dù bạn chậm đưa ra quyết định nhưng ngày vẫn tiếp tục không quá xáo trộn và nguồn năng lượng trầm giúp bạn duy trì nhịp độ ổn định.,1
work_B1_geum_df_fire,intro,"Nếu khả năng làm việc của bạn ở mức trung bình, bạn có thể gặp khó khăn trong những công việc phức tạp.",1
work_B1_geum_df_fire,effect,Sự tập trung có thể bị giảm đi phần nào và việc hoàn thành công việc có thể không đạt được kỳ vọng.,1
work_B1_geum_df_fire,action,Hãy chia những nhiệm vụ khó tập trung thành những phần nhỏ và xử lý chúng từng bước một.,1
work_B1_geum_df_fire,state,"Mặc dù bạn chậm đưa ra quyết định, nhưng ngày vẫn tiếp tục không quá xáo trộn, và nguồn nguồn năng lượng sáng rõ tiếp thêm sức sống bình yên và tiếp tục một ngày bình thường.",1
work_B1_geum_df_water,intro,"Nếu khả năng làm việc của bạn ở mức trung bình, bạn có thể gặp khó khăn trong những công việc phức tạp.",1
work_B1_geum_df_water,effect,Sự tập trung có thể bị giảm đi phần nào và việc hoàn thành công việc có thể không đạt được kỳ vọng.,1
work_B1_geum_df_water,action,Hãy chia những nhiệm vụ khó tập trung thành những phần nhỏ và xử lý chúng từng bước một.,1
work_B1_geum_df_water,state,"Dù bạn chậm đưa ra quyết định nhưng ngày vẫn trôi qua không quá xáo trộn, nguồn năng lượng mềm mại làm tăng suy nghĩ của bạn nhưng không gây ra nhiều kích động.",1
work_B1_geum_df_wood,intro,"Nếu khả năng làm việc của bạn ở mức trung bình, bạn có thể gặp khó khăn trong những công việc phức tạp.",1
work_B1_geum_df_wood,effect,Sự tập trung có thể bị giảm đi phần nào và việc hoàn thành công việc có thể không đạt được kỳ vọng.,1
work_B1_geum_df_wood,action,Hãy chia những nhiệm vụ khó tập trung thành những phần nhỏ và xử lý chúng từng bước một.,1
work_B1_geum_df_wood,state,"Quyết định có thể chậm chạp, nhưng ngày vẫn trôi qua mà không có bất kỳ biến động lớn nào, và năng lượng bình tĩnh của sự thay đổi chỉ làm rung chuyển dòng chảy bình thường một chút.",1
work_B1_geum_ex_earth,intro,"Nếu khả năng làm việc của bạn ở mức trung bình, bạn có thể gặp khó khăn trong những công việc phức tạp.",1
work_B1_geum_ex_earth,effect,Sự tập trung có thể bị giảm đi phần nào và việc hoàn thành công việc có thể không đạt được kỳ vọng.,1
work_B1_geum_ex_earth,action,Hãy chia những nhiệm vụ khó tập trung thành những phần nhỏ và xử lý chúng từng bước một.,1
work_B1_geum_ex_earth,state,"Phán quyết rất rõ ràng, nhưng nó kết thúc với một kết quả tầm thường, và năng lượng mây mù giúp duy trì một nhịp độ vừa phải.",1
work_B1_geum_ex_fire,intro,"Nếu khả năng làm việc của bạn ở mức trung bình, bạn có thể gặp khó khăn trong những công việc phức tạp.",1
work_B1_geum_ex_fire,effect,Sự tập trung có thể bị giảm đi phần nào và việc hoàn thành công việc có thể không đạt được kỳ vọng.,1
work_B1_geum_ex_fire,action,Hãy chia những nhiệm vụ khó tập trung thành những phần nhỏ và xử lý chúng từng bước một.,1
work_B1_geum_ex_fire,state,"Sự phán xét là rõ ràng, nhưng nó kết thúc bằng một kết quả bình thường, và nguồn năng lượng sáng rõ tiếp thêm sức sống bình yên và tiếp tục ngày thường.",1
work_B1_geum_ex_water,intro,"Nếu khả năng làm việc của bạn ở mức trung bình, bạn có thể gặp khó khăn trong những công việc phức tạp.",1
work_B1_geum_ex_water,effect,Sự tập trung có thể bị giảm đi phần nào và việc hoàn thành công việc có thể không đạt được kỳ vọng.,1
work_B1_geum_ex_water,action,Hãy chia những nhiệm vụ khó tập trung thành những phần nhỏ và xử lý chúng từng bước một.,1
work_B1_geum_ex_water,state,"Phán đoán rõ ràng nhưng kết thúc bằng một kết quả đơn giản, nguồn năng lượng mềm mại làm tăng suy nghĩ nhưng không gây ra nhiều kích động.",1
work_B1_geum_ex_wood,intro,"Nếu khả năng làm việc của bạn ở mức trung bình, bạn có thể gặp khó khăn trong những công việc phức tạp.",1
work_B1_geum_ex_wood,effect,Sự tập trung có thể bị giảm đi phần nào và việc hoàn thành công việc có thể không đạt được kỳ vọng.,1
work_B1_geum_ex_wood,action,Hãy chia những nhiệm vụ khó tập trung thành những phần nhỏ và xử lý chúng từng bước một.,1
work_B1_geum_ex_wood,state,"Sự phán xét là rõ ràng, nhưng nó kết thúc với một kết quả tầm thường, và năng lượng bình tĩnh của sự thay đổi chỉ làm rung chuyển dòng chảy bình thường một chút.",1
work_B1_hwa_df_earth,intro,Đây là một ngày mà động lực làm việc của bạn có phần thấp và bạn cần một chút động lực.,1
work_B1_hwa_df_earth,effect,Tốc độ làm việc chậm do thiếu năng lượng.,1
work_B1_hwa_df_earth,action,Lấy lại động lực bằng cách đặt ra và đạt được những mục tiêu nhỏ.,1
work_B1_hwa_df_earth,state,Mặc dù có rất ít biểu hiện nhưng mối quan hệ không bị lung lay nhiều và nguồn năng lượng trầm giúp duy trì nhịp độ dễ dàng.,1
work_B1_hwa_df_fire,intro,Đây là một ngày mà động lực làm việc của bạn có phần thấp và bạn cần một chút động lực.,1
work_B1_hwa_df_fire,effect,Tốc độ làm việc chậm do thiếu năng lượng.,1
work_B1_hwa_df_fire,action,Lấy lại động lực bằng cách đặt ra và đạt được những mục tiêu nhỏ.,1
work_B1_hwa_df_fire,state,"Tuy có ít biểu hiện nhưng mối quan hệ không bị lung lay nhiều, nguồn nguồn năng lượng sáng rõ tiếp thêm sức sống êm đềm và tiếp tục một ngày bình thường.",1
work_B1_hwa_df_water,intro,Đây là một ngày mà động lực làm việc của bạn có phần thấp và bạn cần một chút động lực.,1
work_B1_hwa_df_water,effect,Tốc độ làm việc chậm do thiếu năng lượng.,1
work_B1_hwa_df_water,action,Lấy lại động lực bằng cách đặt ra và đạt được những mục tiêu nhỏ.,1
work_B1_hwa_df_water,state,"Tuy rằng biểu hiện ít, nhưng quan hệ cũng không có rung chuyển quá lớn, nguồn năng lượng mềm mại làm tăng thêm suy nghĩ, nhưng lại không gây ra bao nhiêu kích động.",1
work_B1_hwa_df_wood,intro,Đây là một ngày mà động lực làm việc của bạn có phần thấp và bạn cần một chút động lực.,1
work_B1_hwa_df_wood,effect,Tốc độ làm việc chậm do thiếu năng lượng.,1
work_B1_hwa_df_wood,action,Lấy lại động lực bằng cách đặt ra và đạt được những mục tiêu nhỏ.,1
work_B1_hwa_df_wood,state,"Mặc dù có rất ít biểu hiện, nhưng mối quan hệ không bị lung lay nhiều, và năng lượng bình tĩnh của sự thay đổi chỉ đủ để rung chuyển nhẹ dòng chảy bình thường.",1
work_B1_hwa_ex_earth,intro,Đây là một ngày mà động lực làm việc của bạn có phần thấp và bạn cần một chút động lực.,1
work_B1_hwa_ex_earth,effect,Tốc độ làm việc chậm do thiếu năng lượng.,1
work_B1_hwa_ex_earth,action,Lấy lại động lực bằng cách đặt ra và đạt được những mục tiêu nhỏ.,1
work_B1_hwa_ex_earth,state,Nhiệt độ vừa phải tạo nên một ngày suôn sẻ và nguồn năng lượng trầm giúp bạn duy trì nhịp độ ổn định.,1
work_B1_hwa_ex_fire,intro,Đây là một ngày mà động lực làm việc của bạn có phần thấp và bạn cần một chút động lực.,1
work_B1_hwa_ex_fire,effect,Tốc độ làm việc chậm do thiếu năng lượng.,1
work_B1_hwa_ex_fire,action,Lấy lại động lực bằng cách đặt ra và đạt được những mục tiêu nhỏ.,1
work_B1_hwa_ex_fire,state,"Nhiệt độ vừa phải tạo ra một ngày êm dịu, và nguồn năng lượng sáng rõ tiếp thêm sức sống êm đềm và tiếp tục một ngày bình thường.",1
work_B1_hwa_ex_water,intro,Đây là một ngày mà động lực làm việc của bạn có phần thấp và bạn cần một chút động lực.,1
work_B1_hwa_ex_water,effect,Tốc độ làm việc chậm do thiếu năng lượng.,1
work_B1_hwa_ex_water,action,Lấy lại động lực bằng cách đặt ra và đạt được những mục tiêu nhỏ.,1
work_B1_hwa_ex_water,state,"Nhiệt độ vừa phải tạo nên một ngày êm ả, nguồn năng lượng mềm mại làm tăng suy nghĩ của bạn nhưng không gây ra nhiều kích động.",1
work_B1_hwa_ex_wood,intro,Đây là một ngày mà động lực làm việc của bạn có phần thấp và bạn cần một chút động lực.,1
work_B1_hwa_ex_wood,effect,Tốc độ làm việc chậm do thiếu năng lượng.,1
work_B1_hwa_ex_wood,action,Lấy lại động lực bằng cách đặt ra và đạt được những mục tiêu nhỏ.,1
work_B1_hwa_ex_wood,state,Nhiệt độ vừa phải khiến một ngày trở nên êm ả và năng lượng bình tĩnh của sự thay đổi chỉ làm xáo trộn dòng chảy bình thường một chút.,1
work_B1_mok_df_earth,intro,"Tăng trưởng kinh doanh có thể chậm, gây khó khăn cho việc đạt được kết quả từ những nỗ lực mới.",1
work_B1_mok_df_earth,effect,Do khả năng mở rộng công suất còn hạn chế nên kết quả công việc không như mong đợi.,1
work_B1_mok_df_earth,action,Thực hiện các nhiệm vụ cơ bản một cách trung thực và chuẩn bị cho các cơ hội phát triển.,1
work_B1_mok_df_earth,state,"Nó vẫn quen thuộc hơn mới, nhưng dòng chảy không bị gián đoạn và nguồn năng lượng trầm giúp bạn duy trì nhịp độ dễ dàng.",1
work_B1_mok_df_fire,intro,"Tăng trưởng kinh doanh có thể chậm, gây khó khăn cho việc đạt được kết quả từ những nỗ lực mới.",1
work_B1_mok_df_fire,effect,Do khả năng mở rộng công suất còn hạn chế nên kết quả công việc không như mong đợi.,1
work_B1_mok_df_fire,action,Thực hiện các nhiệm vụ cơ bản một cách trung thực và chuẩn bị cho các cơ hội phát triển.,1
work_B1_mok_df_fire,state,"Mặc dù vẫn quen thuộc chứ không phải mới mẻ, dòng chảy không bị gián đoạn và nguồn năng lượng sáng rõ tiếp thêm sức sống êm đềm và tiếp tục ngày thường.",1
work_B1_mok_df_water,intro,"Tăng trưởng kinh doanh có thể chậm, gây khó khăn cho việc đạt được kết quả từ những nỗ lực mới.",1
work_B1_mok_df_water,effect,Do khả năng mở rộng công suất còn hạn chế nên kết quả công việc không như mong đợi.,1
work_B1_mok_df_water,action,Thực hiện các nhiệm vụ cơ bản một cách trung thực và chuẩn bị cho các cơ hội phát triển.,1
work_B1_mok_df_water,state,"Tuy vẫn quen thuộc hơn là mới lạ, dòng chảy không gián đoạn và nguồn năng lượng mềm mại làm tăng suy nghĩ nhưng không gây nhiều kích động.",1
work_B1_mok_df_wood,intro,"Tăng trưởng kinh doanh có thể chậm, gây khó khăn cho việc đạt được kết quả từ những nỗ lực mới.",1
work_B1_mok_df_wood,effect,Do khả năng mở rộng công suất còn hạn chế nên kết quả công việc không như mong đợi.,1
work_B1_mok_df_wood,action,Thực hiện các nhiệm vụ cơ bản một cách trung thực và chuẩn bị cho các cơ hội phát triển.,1
work_B1_mok_df_wood,state,"Mặc dù vẫn quen thuộc hơn mới, dòng chảy không bị gián đoạn và năng lượng bình tĩnh của sự thay đổi chỉ làm rung chuyển dòng chảy bình thường một chút.",1
work_B1_mok_ex_earth,intro,"Tăng trưởng kinh doanh có thể chậm, gây khó khăn cho việc đạt được kết quả từ những nỗ lực mới.",1
work_B1_mok_ex_earth,effect,Do khả năng mở rộng công suất còn hạn chế nên kết quả công việc không như mong đợi.,1
work_B1_mok_ex_earth,action,Thực hiện các nhiệm vụ cơ bản một cách trung thực và chuẩn bị cho các cơ hội phát triển.,1
work_B1_mok_ex_earth,state,Bạn có động lực nhưng động lực của bạn vẫn ở mức tầm thường và nguồn năng lượng trầm giúp bạn duy trì nhịp độ vừa phải.,1
work_B1_mok_ex_fire,intro,"Tăng trưởng kinh doanh có thể chậm, gây khó khăn cho việc đạt được kết quả từ những nỗ lực mới.",1
work_B1_mok_ex_fire,effect,Do khả năng mở rộng công suất còn hạn chế nên kết quả công việc không như mong đợi.,1
work_B1_mok_ex_fire,action,Thực hiện các nhiệm vụ cơ bản một cách trung thực và chuẩn bị cho các cơ hội phát triển.,1
work_B1_mok_ex_fire,state,"Mặc dù bạn có động lực nhưng động lực của bạn vẫn ở mức trung bình, và nguồn năng lượng sáng rõ tiếp thêm sinh lực bình tĩnh và tiếp tục ngày thường nhật của bạn.",1
work_B1_mok_ex_water,intro,"Tăng trưởng kinh doanh có thể chậm, gây khó khăn cho việc đạt được kết quả từ những nỗ lực mới.",1
work_B1_mok_ex_water,effect,Do khả năng mở rộng công suất còn hạn chế nên kết quả công việc không như mong đợi.,1
work_B1_mok_ex_water,action,Thực hiện các nhiệm vụ cơ bản một cách trung thực và chuẩn bị cho các cơ hội phát triển.,1
work_B1_mok_ex_water,state,"Có động lực nhưng động lực vẫn ở mức bình thường, nguồn năng lượng mềm mại làm tăng suy nghĩ nhưng không gây ra nhiều kích động.",1
work_B1_mok_ex_wood,intro,"Tăng trưởng kinh doanh có thể chậm, gây khó khăn cho việc đạt được kết quả từ những nỗ lực mới.",1
work_B1_mok_ex_wood,effect,Do khả năng mở rộng công suất còn hạn chế nên kết quả công việc không như mong đợi.,1
work_B1_mok_ex_wood,action,Thực hiện các nhiệm vụ cơ bản một cách trung thực và chuẩn bị cho các cơ hội phát triển.,1
work_B1_mok_ex_wood,state,"Có động lực, nhưng động lực vẫn ở mức tầm thường, và năng lượng bình tĩnh của sự thay đổi chỉ đủ làm rung chuyển nhẹ dòng chảy bình thường.",1
work_B1_su_df_earth,intro,Trong công việc có thể có một số hiểu lầm dẫn đến hiểu lầm trong quá trình hợp tác.,1
work_B1_su_df_earth,effect,Thông tin sai lệch làm chậm công việc và làm suy yếu tinh thần đồng đội.,1
work_B1_su_df_earth,action,Hãy chắc chắn kiểm tra các chi tiết quan trọng và tăng sự rõ ràng trong giao tiếp.,1
work_B1_su_df_earth,state,Mặc dù tính linh hoạt đã giảm đi nhưng dòng chảy không bị gián đoạn đáng kể và nguồn năng lượng trầm giúp duy trì nhịp độ vừa phải.,1
work_B1_su_df_fire,intro,Trong công việc có thể có một số hiểu lầm dẫn đến hiểu lầm trong quá trình hợp tác.,1
work_B1_su_df_fire,effect,Thông tin sai lệch làm chậm công việc và làm suy yếu tinh thần đồng đội.,1
work_B1_su_df_fire,action,Hãy chắc chắn kiểm tra các chi tiết quan trọng và tăng sự rõ ràng trong giao tiếp.,1
work_B1_su_df_fire,state,"Mặc dù tính linh hoạt đã giảm đi nhưng dòng chảy không bị gián đoạn đáng kể, và nguồn năng lượng sáng rõ tiếp thêm sức sống êm đềm và tiếp tục một ngày bình thường.",1
work_B1_su_df_water,intro,Trong công việc có thể có một số hiểu lầm dẫn đến hiểu lầm trong quá trình hợp tác.,1
work_B1_su_df_water,effect,Thông tin sai lệch làm chậm công việc và làm suy yếu tinh thần đồng đội.,1
work_B1_su_df_water,action,Hãy chắc chắn kiểm tra các chi tiết quan trọng và tăng sự rõ ràng trong giao tiếp.,1
work_B1_su_df_water,state,"Tính linh hoạt giảm đi, nhưng dòng chảy không bị gián đoạn nhiều, nguồn năng lượng mềm mại làm tăng suy nghĩ, nhưng không gây ra nhiều kích động.",1
work_B1_su_df_wood,intro,Trong công việc có thể có một số hiểu lầm dẫn đến hiểu lầm trong quá trình hợp tác.,1
work_B1_su_df_wood,effect,Thông tin sai lệch làm chậm công việc và làm suy yếu tinh thần đồng đội.,1
work_B1_su_df_wood,action,Hãy chắc chắn kiểm tra các chi tiết quan trọng và tăng sự rõ ràng trong giao tiếp.,1
work_B1_su_df_wood,state,Mặc dù tính linh hoạt đã giảm đi nhưng dòng chảy không bị gián đoạn đáng kể và năng lượng tĩnh lặng của sự thay đổi chỉ làm rung chuyển dòng chảy bình thường một chút.,1
work_B1_su_ex_earth,intro,Trong công việc có thể có một số hiểu lầm dẫn đến hiểu lầm trong quá trình hợp tác.,1
work_B1_su_ex_earth,effect,Thông tin sai lệch làm chậm công việc và làm suy yếu tinh thần đồng đội.,1
work_B1_su_ex_earth,action,Hãy chắc chắn kiểm tra các chi tiết quan trọng và tăng sự rõ ràng trong giao tiếp.,1
work_B1_su_ex_earth,state,"Mặc dù bạn có rất nhiều điều phải suy nghĩ nhưng ngày trôi qua không có nhiều xáo trộn, và nguồn năng lượng trầm giúp bạn duy trì nhịp độ ổn định.",1
work_B1_su_ex_fire,intro,Trong công việc có thể có một số hiểu lầm dẫn đến hiểu lầm trong quá trình hợp tác.,1
work_B1_su_ex_fire,effect,Thông tin sai lệch làm chậm công việc và làm suy yếu tinh thần đồng đội.,1
work_B1_su_ex_fire,action,Hãy chắc chắn kiểm tra các chi tiết quan trọng và tăng sự rõ ràng trong giao tiếp.,1
work_B1_su_ex_fire,state,"Mặc dù bạn có rất nhiều suy nghĩ, nhưng một ngày trôi qua không có nhiều xáo trộn, và nguồn năng lượng sáng rõ tiếp thêm sức sống bình yên và tiếp tục một ngày bình thường.",1
work_B1_su_ex_water,intro,Trong công việc có thể có một số hiểu lầm dẫn đến hiểu lầm trong quá trình hợp tác.,1
work_B1_su_ex_water,effect,Thông tin sai lệch làm chậm công việc và làm suy yếu tinh thần đồng đội.,1
work_B1_su_ex_water,action,Hãy chắc chắn kiểm tra các chi tiết quan trọng và tăng sự rõ ràng trong giao tiếp.,1
work_B1_su_ex_water,state,"Ngay cả khi bạn có nhiều tư tưởng, một ngày trôi qua không có nhiều trạo cử, và nguồn năng lượng mềm mại làm tăng trưởng tư tưởng của bạn nhưng không gây ra trạo cử nhiều.",1
work_B1_su_ex_wood,intro,Trong công việc có thể có một số hiểu lầm dẫn đến hiểu lầm trong quá trình hợp tác.,1
work_B1_su_ex_wood,effect,Thông tin sai lệch làm chậm công việc và làm suy yếu tinh thần đồng đội.,1
work_B1_su_ex_wood,action,Hãy chắc chắn kiểm tra các chi tiết quan trọng và tăng sự rõ ràng trong giao tiếp.,1
work_B1_su_ex_wood,state,"Mặc dù bạn có rất nhiều suy nghĩ, nhưng một ngày trôi qua không có nhiều xáo trộn, và năng lượng tĩnh lặng của sự thay đổi chỉ làm rung chuyển dòng chảy bình thường một chút.",1
work_B1_to_df_earth,intro,Đó là ngày mà độ an toàn trong công việc giảm xuống dưới mức trung bình và nguy cơ mắc sai lầm tăng lên.,1
work_B1_to_df_earth,effect,Mất tập trung làm giảm chất lượng công việc.,1
work_B1_to_df_earth,action,Xem xét và gửi các nhiệm vụ quan trọng nhiều lần.,1
work_B1_to_df_earth,state,Mặc dù có đôi chút rung chuyển nhưng cuộc sống hàng ngày vẫn trôi qua êm đềm và nguồn năng lượng trầm giúp bạn duy trì nhịp độ ổn định.,1
work_B1_to_df_fire,intro,Đó là ngày mà độ an toàn trong công việc giảm xuống dưới mức trung bình và nguy cơ mắc sai lầm tăng lên.,1
work_B1_to_df_fire,effect,Mất tập trung làm giảm chất lượng công việc.,1
work_B1_to_df_fire,action,Xem xét và gửi các nhiệm vụ quan trọng nhiều lần.,1
work_B1_to_df_fire,state,"Mặc dù có đôi chút rung động, cuộc sống hàng ngày vẫn trôi chảy êm đềm, nguồn năng lượng sáng rõ tiếp thêm sức sống êm đềm và tiếp tục một ngày bình thường.",1
work_B1_to_df_water,intro,Đó là ngày mà độ an toàn trong công việc giảm xuống dưới mức trung bình và nguy cơ mắc sai lầm tăng lên.,1
work_B1_to_df_water,effect,Mất tập trung làm giảm chất lượng công việc.,1
work_B1_to_df_water,action,Xem xét và gửi các nhiệm vụ quan trọng nhiều lần.,1
work_B1_to_df_water,state,"Mặc dù có rung chuyển, cuộc sống hàng ngày trôi chảy, nguồn năng lượng mềm mại làm tăng suy nghĩ, nhưng không gây ra nhiều kích động.",1
work_B1_to_df_wood,intro,Đó là ngày mà độ an toàn trong công việc giảm xuống dưới mức trung bình và nguy cơ mắc sai lầm tăng lên.,1
work_B1_to_df_wood,effect,Mất tập trung làm giảm chất lượng công việc.,1
work_B1_to_df_wood,action,Xem xét và gửi các nhiệm vụ quan trọng nhiều lần.,1
work_B1_to_df_wood,state,"Dù có những biến động nhưng cuộc sống hàng ngày vẫn trôi chảy êm đềm, năng lượng tĩnh lặng của sự thay đổi chỉ làm rung chuyển dòng chảy bình thường một chút.",1
work_B1_to_ex_earth,intro,Đó là ngày mà độ an toàn trong công việc giảm xuống dưới mức trung bình và nguy cơ mắc sai lầm tăng lên.,1
work_B1_to_ex_earth,effect,Mất tập trung làm giảm chất lượng công việc.,1
work_B1_to_ex_earth,action,Xem xét và gửi các nhiệm vụ quan trọng nhiều lần.,1
work_B1_to_ex_earth,state,"Chọn sự quen thuộc thay vì thay đổi sẽ dẫn đến một ngày dễ dàng, và nguồn năng lượng trầm giúp bạn duy trì nhịp độ ổn định.",1
work_B1_to_ex_fire,intro,Đó là ngày mà độ an toàn trong công việc giảm xuống dưới mức trung bình và nguy cơ mắc sai lầm tăng lên.,1
work_B1_to_ex_fire,effect,Mất tập trung làm giảm chất lượng công việc.,1
work_B1_to_ex_fire,action,Xem xét và gửi các nhiệm vụ quan trọng nhiều lần.,1
work_B1_to_ex_fire,state,"Chọn sự quen thuộc thay vì thay đổi sẽ dẫn đến một ngày bình thường, và nguồn năng lượng sáng rõ sẽ tiếp thêm sức sống bình yên cho ngày bình thường.",1
work_B1_to_ex_water,intro,Đó là ngày mà độ an toàn trong công việc giảm xuống dưới mức trung bình và nguy cơ mắc sai lầm tăng lên.,1
work_B1_to_ex_water,effect,Mất tập trung làm giảm chất lượng công việc.,1
work_B1_to_ex_water,action,Xem xét và gửi các nhiệm vụ quan trọng nhiều lần.,1
work_B1_to_ex_water,state,"Lựa chọn sự quen thuộc thay vì thay đổi sẽ dẫn đến một ngày bình thường, nguồn năng lượng mềm mại làm tăng suy nghĩ nhưng không gây ra nhiều xao động.",1
work_B1_to_ex_wood,intro,Đó là ngày mà độ an toàn trong công việc giảm xuống dưới mức trung bình và nguy cơ mắc sai lầm tăng lên.,1
work_B1_to_ex_wood,effect,Mất tập trung làm giảm chất lượng công việc.,1
work_B1_to_ex_wood,action,Xem xét và gửi các nhiệm vụ quan trọng nhiều lần.,1
work_B1_to_ex_wood,state,Chọn sự quen thuộc thay vì thay đổi sẽ dẫn đến một ngày bình thường và năng lượng bình tĩnh của sự thay đổi chỉ làm rung chuyển dòng chảy bình thường một chút.,1
work_C,intro,"Hôm nay, việc giữ nhịp làm việc ổn định sẽ có lợi hơn khi năng lượng công việc đang chững lại.",1
work_C,intro,Năng lượng làm việc hôm nay thấp nên những kế hoạch thực tế sẽ tốt hơn những mục tiêu vô lý.,1
work_C,effect,Tốc độ làm việc có thể chậm hơn bình thường hoặc lỗi có thể tăng lên nên cần phải kiểm tra cẩn thận.,1
work_C,effect,"Mọi thứ có thể trở nên phức tạp hơn hoặc mất nhiều thời gian hơn dự kiến, vì vậy tốt nhất bạn nên đảm bảo có thêm thời gian.",1
work_C,action,Sai lầm sẽ giảm bớt nếu bạn chia nhiệm vụ thành từng đợt ngắn thay vì thực hiện tất cả cùng một lúc.,1
work_C,action,Hãy tập trung vào những gì bạn giỏi hôm nay và hoãn việc thử những lĩnh vực mới cho đến sau này.,1
work_C_geum_df_earth,intro,Đó là ngày khả năng làm việc của bạn giảm sút và việc hoàn thành nhiệm vụ trở nên khó khăn.,1
work_C_geum_df_earth,effect,Sự tập trung giảm sút dẫn đến sai sót và chậm trễ trong công việc.,1
work_C_geum_df_earth,action,"Hôm nay, hãy tập trung hoàn thành công việc hiện có hơn là những nhiệm vụ mới.",1
work_C_geum_df_earth,state,"Khi quyết tâm của bạn yếu đi, bạn rất dễ trì hoãn những lựa chọn quan trọng và nguồn năng lượng trầm có thể làm bạn chậm lại và khiến suy nghĩ của bạn trở nên nặng nề.",1
work_C_geum_df_fire,intro,Đó là ngày khả năng làm việc của bạn giảm sút và việc hoàn thành nhiệm vụ trở nên khó khăn.,1
work_C_geum_df_fire,effect,Sự tập trung giảm sút dẫn đến sai sót và chậm trễ trong công việc.,1
work_C_geum_df_fire,action,"Hôm nay, hãy tập trung hoàn thành công việc hiện có hơn là những nhiệm vụ mới.",1
work_C_geum_df_fire,state,"Khi quyết tâm của bạn yếu đi, bạn rất dễ trì hoãn những lựa chọn quan trọng và năng lượng rõ ràng của bạn có thể chảy vào bầu không khí phấn khích, điều này có thể làm lu mờ sự thận trọng của bạn.",1
work_C_geum_df_water,intro,Đó là ngày khả năng làm việc của bạn giảm sút và việc hoàn thành nhiệm vụ trở nên khó khăn.,1
work_C_geum_df_water,effect,Sự tập trung giảm sút dẫn đến sai sót và chậm trễ trong công việc.,1
work_C_geum_df_water,action,"Hôm nay, hãy tập trung hoàn thành công việc hiện có hơn là những nhiệm vụ mới.",1
work_C_geum_df_water,state,"Bạn rất dễ trì hoãn những lựa chọn quan trọng khi quyết tâm của bạn trở nên yếu kém và năng lượng của mưa tuyết có thể kích thích cảm xúc và nội tâm của bạn, điều này có thể có tác động lớn hơn.",1
work_C_geum_df_wood,intro,Đó là ngày khả năng làm việc của bạn giảm sút và việc hoàn thành nhiệm vụ trở nên khó khăn.,1
work_C_geum_df_wood,effect,Sự tập trung giảm sút dẫn đến sai sót và chậm trễ trong công việc.,1
work_C_geum_df_wood,action,"Hôm nay, hãy tập trung hoàn thành công việc hiện có hơn là những nhiệm vụ mới.",1
work_C_geum_df_wood,state,"Khi quyết tâm của bạn yếu đi, bạn rất dễ trì hoãn những lựa chọn quan trọng và năng lượng mạnh mẽ của sự thay đổi có thể làm rung chuyển nhịp điệu của bạn và dẫn đến những biến động không mong muốn.",1
work_C_geum_ex_earth,intro,Đó là ngày khả năng làm việc của bạn giảm sút và việc hoàn thành nhiệm vụ trở nên khó khăn.,1
work_C_geum_ex_earth,effect,Sự tập trung giảm sút dẫn đến sai sót và chậm trễ trong công việc.,1
work_C_geum_ex_earth,action,"Hôm nay, hãy tập trung hoàn thành công việc hiện có hơn là những nhiệm vụ mới.",1
work_C_geum_ex_earth,state,"Phán đoán quá sắc bén có thể khiến các mối quan hệ trở nên lạnh nhạt, và nguồn năng lượng trầm có thể làm chậm nhịp độ của bạn và khiến suy nghĩ của bạn trở nên nặng nề.",1
work_C_geum_ex_fire,intro,Đó là ngày khả năng làm việc của bạn giảm sút và việc hoàn thành nhiệm vụ trở nên khó khăn.,1
work_C_geum_ex_fire,effect,Sự tập trung giảm sút dẫn đến sai sót và chậm trễ trong công việc.,1
work_C_geum_ex_fire,action,"Hôm nay, hãy tập trung hoàn thành công việc hiện có hơn là những nhiệm vụ mới.",1
work_C_geum_ex_fire,state,"Sự phán xét sắc bén quá mức có thể khiến các mối quan hệ trở nên lạnh nhạt và năng lượng rõ ràng có thể chảy vào bầu không khí phấn khích, điều này có thể che mờ sự thận trọng.",1
work_C_geum_ex_water,intro,Đó là ngày khả năng làm việc của bạn giảm sút và việc hoàn thành nhiệm vụ trở nên khó khăn.,1
work_C_geum_ex_water,effect,Sự tập trung giảm sút dẫn đến sai sót và chậm trễ trong công việc.,1
work_C_geum_ex_water,action,"Hôm nay, hãy tập trung hoàn thành công việc hiện có hơn là những nhiệm vụ mới.",1
work_C_geum_ex_water,state,"Phán đoán quá sắc bén có thể khiến các mối quan hệ trở nên lạnh nhạt, năng lượng của mưa tuyết có thể kích thích cảm xúc và nội tâm, có thể gây tác động lớn hơn.",1
work_C_geum_ex_wood,intro,Đó là ngày khả năng làm việc của bạn giảm sút và việc hoàn thành nhiệm vụ trở nên khó khăn.,1
work_C_geum_ex_wood,effect,Sự tập trung giảm sút dẫn đến sai sót và chậm trễ trong công việc.,1
work_C_geum_ex_wood,action,"Hôm nay, hãy tập trung hoàn thành công việc hiện có hơn là những nhiệm vụ mới.",1
work_C_geum_ex_wood,state,Sự phán xét quá sắc bén có thể khiến các mối quan hệ trở nên lạnh nhạt và năng lượng mạnh mẽ của sự thay đổi có thể làm xáo trộn nhịp điệu và dẫn đến những biến đổi không mong muốn.,1
work_C_hwa_df_earth,intro,Đó là một ngày mà bạn cảm thấy không có động lực làm việc và khó tập trung.,1
work_C_hwa_df_earth,effect,Thiếu năng lượng làm giảm tốc độ và chất lượng công việc chung.,1
work_C_hwa_df_earth,action,Chỉ cần thực hiện những nhiệm vụ cần thiết tối thiểu và đừng lạm dụng nó.,1
work_C_hwa_df_earth,state,"Rất dễ xảy ra hiểu lầm do khó thể hiện bản thân, năng lượng vẩn đục có thể khiến bạn chậm lại và khiến suy nghĩ trở nên nặng nề.",1
work_C_hwa_df_fire,intro,Đó là một ngày mà bạn cảm thấy không có động lực làm việc và khó tập trung.,1
work_C_hwa_df_fire,effect,Thiếu năng lượng làm giảm tốc độ và chất lượng công việc chung.,1
work_C_hwa_df_fire,action,Chỉ cần thực hiện những nhiệm vụ cần thiết tối thiểu và đừng lạm dụng nó.,1
work_C_hwa_df_fire,state,"Dễ xảy ra hiểu lầm vì cách diễn đạt khó hiểu, nguồn năng lượng sáng rõ có thể chảy vào bầu không khí phấn khích và khiến sự thận trọng trở nên lu mờ.",1
work_C_hwa_df_water,intro,Đó là một ngày mà bạn cảm thấy không có động lực làm việc và khó tập trung.,1
work_C_hwa_df_water,effect,Thiếu năng lượng làm giảm tốc độ và chất lượng công việc chung.,1
work_C_hwa_df_water,action,Chỉ cần thực hiện những nhiệm vụ cần thiết tối thiểu và đừng lạm dụng nó.,1
work_C_hwa_df_water,state,"Dễ xảy ra hiểu lầm vì cách diễn đạt khó hiểu, năng lượng của mưa tuyết có thể kích thích cảm xúc, nội tâm, có thể gây tác động lớn hơn.",1
work_C_hwa_df_wood,intro,Đó là một ngày mà bạn cảm thấy không có động lực làm việc và khó tập trung.,1
work_C_hwa_df_wood,effect,Thiếu năng lượng làm giảm tốc độ và chất lượng công việc chung.,1
work_C_hwa_df_wood,action,Chỉ cần thực hiện những nhiệm vụ cần thiết tối thiểu và đừng lạm dụng nó.,1
work_C_hwa_df_wood,state,"Những hiểu lầm dễ xảy ra do cách diễn đạt khó, năng lượng thay đổi mạnh mẽ có thể làm rung chuyển nhịp điệu và dẫn đến những biến chuyển không mong muốn.",1
work_C_hwa_ex_earth,intro,Đó là một ngày mà bạn cảm thấy không có động lực làm việc và khó tập trung.,1
work_C_hwa_ex_earth,effect,Thiếu năng lượng làm giảm tốc độ và chất lượng công việc chung.,1
work_C_hwa_ex_earth,action,Chỉ cần thực hiện những nhiệm vụ cần thiết tối thiểu và đừng lạm dụng nó.,1
work_C_hwa_ex_earth,state,Cảm xúc rất dễ xung đột và nguồn năng lượng trầm có thể làm bạn chậm lại và khiến suy nghĩ của bạn trở nên nặng nề.,1
work_C_hwa_ex_fire,intro,Đó là một ngày mà bạn cảm thấy không có động lực làm việc và khó tập trung.,1
work_C_hwa_ex_fire,effect,Thiếu năng lượng làm giảm tốc độ và chất lượng công việc chung.,1
work_C_hwa_ex_fire,action,Chỉ cần thực hiện những nhiệm vụ cần thiết tối thiểu và đừng lạm dụng nó.,1
work_C_hwa_ex_fire,state,"Cảm xúc rất dễ xung đột, nguồn năng lượng sáng rõ có thể chảy vào bầu không khí phấn khích, khiến sự thận trọng trở nên lu mờ.",1
work_C_hwa_ex_water,intro,Đó là một ngày mà bạn cảm thấy không có động lực làm việc và khó tập trung.,1
work_C_hwa_ex_water,effect,Thiếu năng lượng làm giảm tốc độ và chất lượng công việc chung.,1
work_C_hwa_ex_water,action,Chỉ cần thực hiện những nhiệm vụ cần thiết tối thiểu và đừng lạm dụng nó.,1
work_C_hwa_ex_water,state,"Cảm xúc rất dễ xảy ra xung đột, năng lượng của mưa tuyết có thể kích thích cảm xúc và nội tâm, có thể làm tăng tác động.",1
work_C_hwa_ex_wood,intro,Đó là một ngày mà bạn cảm thấy không có động lực làm việc và khó tập trung.,1
work_C_hwa_ex_wood,effect,Thiếu năng lượng làm giảm tốc độ và chất lượng công việc chung.,1
work_C_hwa_ex_wood,action,Chỉ cần thực hiện những nhiệm vụ cần thiết tối thiểu và đừng lạm dụng nó.,1
work_C_hwa_ex_wood,state,Cảm xúc rất dễ xung đột và năng lượng mạnh mẽ của sự thay đổi có thể làm xáo trộn nhịp điệu và dẫn đến những biến đổi bất ngờ.,1
work_C_mok_df_earth,intro,Đó là ngày mà năng lực làm việc tạm thời bị tắc nghẽn và tiến độ bị chậm lại.,1
work_C_mok_df_earth,effect,Khả năng trì trệ làm giảm hiệu suất công việc và giảm cơ hội.,1
work_C_mok_df_earth,action,Hãy ổn định trong vai trò hiện tại của bạn thay vì thử một cái gì đó mới.,1
work_C_mok_df_earth,state,Sự do dự trong việc thử những điều mới có thể làm chậm tiến độ và nguồn năng lượng trầm có thể làm chậm tốc độ của bạn và khiến suy nghĩ của bạn trở nên nặng nề.,1
work_C_mok_df_fire,intro,Đó là ngày mà năng lực làm việc tạm thời bị tắc nghẽn và tiến độ bị chậm lại.,1
work_C_mok_df_fire,effect,Khả năng trì trệ làm giảm hiệu suất công việc và giảm cơ hội.,1
work_C_mok_df_fire,action,Hãy ổn định trong vai trò hiện tại của bạn thay vì thử một cái gì đó mới.,1
work_C_mok_df_fire,state,"Sự do dự trong việc thử những điều mới có thể làm chậm tiến độ và năng lượng rõ ràng có thể dẫn đến bầu không khí phấn khích, có thể làm lu mờ sự thận trọng.",1
work_C_mok_df_water,intro,Đó là ngày mà năng lực làm việc tạm thời bị tắc nghẽn và tiến độ bị chậm lại.,1
work_C_mok_df_water,effect,Khả năng trì trệ làm giảm hiệu suất công việc và giảm cơ hội.,1
work_C_mok_df_water,action,Hãy ổn định trong vai trò hiện tại của bạn thay vì thử một cái gì đó mới.,1
work_C_mok_df_water,state,"Sự do dự trong việc thử những điều mới có thể làm chậm tiến độ và năng lượng của mưa và tuyết có thể kích thích cảm xúc và nội tâm của bạn, điều này có thể làm tăng tác động.",1
work_C_mok_df_wood,intro,Đó là ngày mà năng lực làm việc tạm thời bị tắc nghẽn và tiến độ bị chậm lại.,1
work_C_mok_df_wood,effect,Khả năng trì trệ làm giảm hiệu suất công việc và giảm cơ hội.,1
work_C_mok_df_wood,action,Hãy ổn định trong vai trò hiện tại của bạn thay vì thử một cái gì đó mới.,1
work_C_mok_df_wood,state,Sự do dự trong việc thử những điều mới có thể làm chậm tiến độ và năng lượng mạnh mẽ của sự thay đổi có thể làm xáo trộn nhịp độ và dẫn đến những biến đổi không mong muốn.,1
work_C_mok_ex_earth,intro,Đó là ngày mà năng lực làm việc tạm thời bị tắc nghẽn và tiến độ bị chậm lại.,1
work_C_mok_ex_earth,effect,Khả năng trì trệ làm giảm hiệu suất công việc và giảm cơ hội.,1
work_C_mok_ex_earth,action,Hãy ổn định trong vai trò hiện tại của bạn thay vì thử một cái gì đó mới.,1
work_C_mok_ex_earth,state,Động lực quá mức có thể khiến bạn làm việc quá sức và nguồn năng lượng trầm có thể làm bạn chậm lại và khiến suy nghĩ của bạn trở nên nặng nề.,1
work_C_mok_ex_fire,intro,Đó là ngày mà năng lực làm việc tạm thời bị tắc nghẽn và tiến độ bị chậm lại.,1
work_C_mok_ex_fire,effect,Khả năng trì trệ làm giảm hiệu suất công việc và giảm cơ hội.,1
work_C_mok_ex_fire,action,Hãy ổn định trong vai trò hiện tại của bạn thay vì thử một cái gì đó mới.,1
work_C_mok_ex_fire,state,"Nếu bạn quá có động lực, bạn có thể thúc đẩy bản thân làm mọi việc và nguồn năng lượng sáng rõ của bạn có thể chảy vào bầu không khí phấn khích, điều này có thể làm lu mờ sự thận trọng của bạn.",1
work_C_mok_ex_water,intro,Đó là ngày mà năng lực làm việc tạm thời bị tắc nghẽn và tiến độ bị chậm lại.,1
work_C_mok_ex_water,effect,Khả năng trì trệ làm giảm hiệu suất công việc và giảm cơ hội.,1
work_C_mok_ex_water,action,Hãy ổn định trong vai trò hiện tại của bạn thay vì thử một cái gì đó mới.,1
work_C_mok_ex_water,state,"Nếu có quá nhiều động lực, bạn có thể làm việc quá sức, năng lượng của mưa tuyết có thể kích thích cảm xúc và nội tâm của bạn, từ đó có thể làm tăng tác động.",1
work_C_mok_ex_wood,intro,Đó là ngày mà năng lực làm việc tạm thời bị tắc nghẽn và tiến độ bị chậm lại.,1
work_C_mok_ex_wood,effect,Khả năng trì trệ làm giảm hiệu suất công việc và giảm cơ hội.,1
work_C_mok_ex_wood,action,Hãy ổn định trong vai trò hiện tại của bạn thay vì thử một cái gì đó mới.,1
work_C_mok_ex_wood,state,"Động lực quá mức có thể dẫn đến làm việc quá sức, và năng lượng mạnh mẽ của sự thay đổi có thể làm xáo trộn nhịp điệu và dẫn đến những biến đổi không mong muốn.",1
work_C_su_df_earth,intro,Đó là ngày mà việc giao tiếp trong công việc bị cản trở và xung đột có thể nảy sinh trong quá trình hợp tác.,1
work_C_su_df_earth,effect,"Lỗi giao tiếp lặp đi lặp lại, khiến công việc của cả nhóm bị trì hoãn.",1
work_C_su_df_earth,action,Trao đổi và xác nhận rõ ràng trước khi nảy sinh hiểu lầm.,1
work_C_su_df_earth,state,Bạn rất dễ mất dấu dòng chảy do thiếu linh hoạt và năng lượng vẩn đục có thể làm bạn chậm lại và khiến suy nghĩ của bạn trở nên nặng nề.,1
work_C_su_df_fire,intro,Đó là ngày mà việc giao tiếp trong công việc bị cản trở và xung đột có thể nảy sinh trong quá trình hợp tác.,1
work_C_su_df_fire,effect,"Lỗi giao tiếp lặp đi lặp lại, khiến công việc của cả nhóm bị trì hoãn.",1
work_C_su_df_fire,action,Trao đổi và xác nhận rõ ràng trước khi nảy sinh hiểu lầm.,1
work_C_su_df_fire,state,"Do thiếu linh hoạt nên dễ bị lạc dòng, nguồn năng lượng sáng rõ có thể chảy vào bầu không khí phấn khích, có thể làm lu mờ sự thận trọng của bạn.",1
work_C_su_df_water,intro,Đó là ngày mà việc giao tiếp trong công việc bị cản trở và xung đột có thể nảy sinh trong quá trình hợp tác.,1
work_C_su_df_water,effect,"Lỗi giao tiếp lặp đi lặp lại, khiến công việc của cả nhóm bị trì hoãn.",1
work_C_su_df_water,action,Trao đổi và xác nhận rõ ràng trước khi nảy sinh hiểu lầm.,1
work_C_su_df_water,state,"Do thiếu linh hoạt nên dễ bị lạc dòng, năng lượng của mưa tuyết có thể kích thích cảm xúc và nội tâm, có thể làm tăng tác động.",1
work_C_su_df_wood,intro,Đó là ngày mà việc giao tiếp trong công việc bị cản trở và xung đột có thể nảy sinh trong quá trình hợp tác.,1
work_C_su_df_wood,effect,"Lỗi giao tiếp lặp đi lặp lại, khiến công việc của cả nhóm bị trì hoãn.",1
work_C_su_df_wood,action,Trao đổi và xác nhận rõ ràng trước khi nảy sinh hiểu lầm.,1
work_C_su_df_wood,state,"Do thiếu linh hoạt nên dễ bị lạc dòng, năng lượng thay đổi mạnh mẽ có thể làm rung chuyển nhịp điệu và dẫn đến những biến chuyển không mong muốn.",1
work_C_su_ex_earth,intro,Đó là ngày mà việc giao tiếp trong công việc bị cản trở và xung đột có thể nảy sinh trong quá trình hợp tác.,1
work_C_su_ex_earth,effect,"Lỗi giao tiếp lặp đi lặp lại, khiến công việc của cả nhóm bị trì hoãn.",1
work_C_su_ex_earth,action,Trao đổi và xác nhận rõ ràng trước khi nảy sinh hiểu lầm.,1
work_C_su_ex_earth,state,"Khả năng phán đoán của bạn rất dễ bị che mờ bởi những cảm xúc dâng trào, năng lượng vẩn đục có thể làm bạn chậm lại và khiến suy nghĩ của bạn trở nên nặng nề.",1
work_C_su_ex_fire,intro,Đó là ngày mà việc giao tiếp trong công việc bị cản trở và xung đột có thể nảy sinh trong quá trình hợp tác.,1
work_C_su_ex_fire,effect,"Lỗi giao tiếp lặp đi lặp lại, khiến công việc của cả nhóm bị trì hoãn.",1
work_C_su_ex_fire,action,Trao đổi và xác nhận rõ ràng trước khi nảy sinh hiểu lầm.,1
work_C_su_ex_fire,state,"Sự phán xét có thể dễ dàng bị che mờ bởi những cảm xúc dâng trào, và nguồn năng lượng sáng rõ có thể chảy vào một bầu không khí phấn khích, có thể che mờ sự thận trọng.",1
work_C_su_ex_water,intro,Đó là ngày mà việc giao tiếp trong công việc bị cản trở và xung đột có thể nảy sinh trong quá trình hợp tác.,1
work_C_su_ex_water,effect,"Lỗi giao tiếp lặp đi lặp lại, khiến công việc của cả nhóm bị trì hoãn.",1
work_C_su_ex_water,action,Trao đổi và xác nhận rõ ràng trước khi nảy sinh hiểu lầm.,1
work_C_su_ex_water,state,"Khả năng phán đoán của bạn rất dễ bị lu mờ do cảm xúc dâng trào, năng lượng của mưa tuyết có thể kích thích cảm xúc và nội tâm của bạn, từ đó có thể làm tăng tác động.",1
work_C_su_ex_wood,intro,Đó là ngày mà việc giao tiếp trong công việc bị cản trở và xung đột có thể nảy sinh trong quá trình hợp tác.,1
work_C_su_ex_wood,effect,"Lỗi giao tiếp lặp đi lặp lại, khiến công việc của cả nhóm bị trì hoãn.",1
work_C_su_ex_wood,action,Trao đổi và xác nhận rõ ràng trước khi nảy sinh hiểu lầm.,1
work_C_su_ex_wood,state,"Sự phán xét có thể dễ dàng bị che mờ bởi cảm xúc, và năng lượng mạnh mẽ của sự thay đổi có thể làm rung chuyển nhịp điệu và dẫn đến những biến đổi bất ngờ.",1
work_C_to_df_earth,intro,"Đó là ngày mà sự ổn định trong công việc xuống thấp và những sai sót, chậm trễ liên tục xảy ra.",1
work_C_to_df_earth,effect,Một trạng thái không ổn định sẽ làm rung chuyển công việc tổng thể và làm kết quả xấu đi.,1
work_C_to_df_earth,action,Hãy nhờ đồng nghiệp của bạn giúp đỡ khi thực hiện những nhiệm vụ nặng nề.,1
work_C_to_df_earth,state,Bởi vì trung tâm của bạn bị rung chuyển nên bạn rất dễ bị ảnh hưởng bởi môi trường xung quanh và nguồn năng lượng trầm có thể làm bạn chậm lại và khiến suy nghĩ của bạn trở nên nặng nề.,1
work_C_to_df_fire,intro,"Đó là ngày mà sự ổn định trong công việc xuống thấp và những sai sót, chậm trễ liên tục xảy ra.",1
work_C_to_df_fire,effect,Một trạng thái không ổn định sẽ làm rung chuyển công việc tổng thể và làm kết quả xấu đi.,1
work_C_to_df_fire,action,Hãy nhờ đồng nghiệp của bạn giúp đỡ khi thực hiện những nhiệm vụ nặng nề.,1
work_C_to_df_fire,state,"Bởi vì trung tâm của bạn bị rung chuyển nên rất dễ bị ảnh hưởng bởi những người xung quanh, và nguồn năng lượng sáng rõ của bạn có thể chảy vào một bầu không khí phấn khích, điều này có thể che mờ sự thận trọng của bạn.",1
work_C_to_df_water,intro,"Đó là ngày mà sự ổn định trong công việc xuống thấp và những sai sót, chậm trễ liên tục xảy ra.",1
work_C_to_df_water,effect,Một trạng thái không ổn định sẽ làm rung chuyển công việc tổng thể và làm kết quả xấu đi.,1
work_C_to_df_water,action,Hãy nhờ đồng nghiệp của bạn giúp đỡ khi thực hiện những nhiệm vụ nặng nề.,1
work_C_to_df_water,state,"Vì trung tâm của bạn bị rung chuyển nên rất dễ bị ảnh hưởng bởi môi trường xung quanh, năng lượng của mưa tuyết có thể kích thích cảm xúc và nội tâm của bạn, từ đó có thể làm tăng tác động.",1
work_C_to_df_wood,intro,"Đó là ngày mà sự ổn định trong công việc xuống thấp và những sai sót, chậm trễ liên tục xảy ra.",1
work_C_to_df_wood,effect,Một trạng thái không ổn định sẽ làm rung chuyển công việc tổng thể và làm kết quả xấu đi.,1
work_C_to_df_wood,action,Hãy nhờ đồng nghiệp của bạn giúp đỡ khi thực hiện những nhiệm vụ nặng nề.,1
work_C_to_df_wood,state,"Bởi vì trung tâm bị rung chuyển nên dễ bị ảnh hưởng bởi môi trường xung quanh, năng lượng thay đổi mạnh mẽ có thể làm rung chuyển nhịp điệu và dẫn đến những biến chuyển bất ngờ.",1
work_C_to_ex_earth,intro,"Đó là ngày mà sự ổn định trong công việc xuống thấp và những sai sót, chậm trễ liên tục xảy ra.",1
work_C_to_ex_earth,effect,Một trạng thái không ổn định sẽ làm rung chuyển công việc tổng thể và làm kết quả xấu đi.,1
work_C_to_ex_earth,action,Hãy nhờ đồng nghiệp của bạn giúp đỡ khi thực hiện những nhiệm vụ nặng nề.,1
work_C_to_ex_earth,state,"Một tâm trí không chịu thay đổi có thể chặn đứng các cơ hội, và nguồn năng lượng trầm có thể làm chậm tốc độ của bạn và khiến suy nghĩ của bạn trở nên nặng nề.",1
work_C_to_ex_fire,intro,"Đó là ngày mà sự ổn định trong công việc xuống thấp và những sai sót, chậm trễ liên tục xảy ra.",1
work_C_to_ex_fire,effect,Một trạng thái không ổn định sẽ làm rung chuyển công việc tổng thể và làm kết quả xấu đi.,1
work_C_to_ex_fire,action,Hãy nhờ đồng nghiệp của bạn giúp đỡ khi thực hiện những nhiệm vụ nặng nề.,1
work_C_to_ex_fire,state,"Một tâm trí không chịu thay đổi có thể chặn đứng các cơ hội, và năng lượng rõ ràng có thể chảy vào bầu không khí phấn khích, che mờ sự thận trọng.",1
work_C_to_ex_water,intro,"Đó là ngày mà sự ổn định trong công việc xuống thấp và những sai sót, chậm trễ liên tục xảy ra.",1
work_C_to_ex_water,effect,Một trạng thái không ổn định sẽ làm rung chuyển công việc tổng thể và làm kết quả xấu đi.,1
work_C_to_ex_water,action,Hãy nhờ đồng nghiệp của bạn giúp đỡ khi thực hiện những nhiệm vụ nặng nề.,1
work_C_to_ex_water,state,"Một tâm trí không chịu thay đổi có thể chặn đứng các cơ hội, còn năng lượng của mưa tuyết có thể kích thích cảm xúc và nội tâm, có thể làm tăng tác động.",1
work_C_to_ex_wood,intro,"Đó là ngày mà sự ổn định trong công việc xuống thấp và những sai sót, chậm trễ liên tục xảy ra.",1
work_C_to_ex_wood,effect,Một trạng thái không ổn định sẽ làm rung chuyển công việc tổng thể và làm kết quả xấu đi.,1
work_C_to_ex_wood,action,Hãy nhờ đồng nghiệp của bạn giúp đỡ khi thực hiện những nhiệm vụ nặng nề.,1
work_C_to_ex_wood,state,Việc từ chối thay đổi có thể cản trở các cơ hội và năng lượng mạnh mẽ của sự thay đổi có thể làm rung chuyển nhịp điệu và dẫn đến những biến đổi không mong muốn.,1
work_C1,intro,Năng lượng làm việc hôm nay khá thấp nên tốt nhất bạn nên yên tĩnh tập trung vào nhiệm vụ của mình.,1
work_C1,intro,"Hôm nay, bạn sẽ có nhiều năng lượng làm việc nên hãy tập trung giảm thiểu sai lầm hơn là tham lam.",1
work_C1,effect,Kiểm tra kỹ rất quan trọng vì những lỗi hoặc xung đột vô ý có thể xảy ra tại nơi làm việc.,1
work_C1,effect,Đây là một ngày an toàn để bạn chỉ tập trung vào vai trò được giao thay vì thử những điều mới hoặc đề xuất những điều mới.,1
work_C1,action,"Hôm nay, tốt hơn hết bạn nên lặng lẽ thực hiện những nhiệm vụ cơ bản hơn là cố gắng nổi bật.",1
work_C1,action,Tốt nhất là bạn nên tạm dừng các quyết định hoặc đề xuất không khẩn cấp cho đến khi tình hình được cải thiện.,1
work_C1_geum_df_earth,intro,Đó là ngày mà khả năng làm việc giảm đi rất nhiều và ngay cả những công việc cơ bản cũng trở nên khó khăn.,1
work_C1_geum_df_earth,effect,Sự tập trung trở nên cực kỳ thấp và những sai lầm lặp đi lặp lại trong những nhiệm vụ quan trọng.,1
work_C1_geum_df_earth,action,Chỉ làm số lượng công việc tối thiểu trong ngày hôm nay và trì hoãn mọi nhiệm vụ không hợp lý.,1
work_C1_geum_df_earth,state,"Do thiếu quyết tâm nên dễ tích tụ những lựa chọn thiếu quyết đoán, năng lượng vẩn đục có thể làm giảm động lực và khả năng phán đoán của đám mây.",1
work_C1_geum_df_fire,intro,Đó là ngày mà khả năng làm việc giảm đi rất nhiều và ngay cả những công việc cơ bản cũng trở nên khó khăn.,1
work_C1_geum_df_fire,effect,Sự tập trung trở nên cực kỳ thấp và những sai lầm lặp đi lặp lại trong những nhiệm vụ quan trọng.,1
work_C1_geum_df_fire,action,Chỉ làm số lượng công việc tối thiểu trong ngày hôm nay và trì hoãn mọi nhiệm vụ không hợp lý.,1
work_C1_geum_df_fire,state,"Vì thiếu quyết tâm nên dễ đưa ra những lựa chọn thiếu quyết đoán, Dương hưng phấn có thể làm mất bình tĩnh và dẫn đến những sai lầm nhỏ.",1
work_C1_geum_df_water,intro,Đó là ngày mà khả năng làm việc giảm đi rất nhiều và ngay cả những công việc cơ bản cũng trở nên khó khăn.,1
work_C1_geum_df_water,effect,Sự tập trung trở nên cực kỳ thấp và những sai lầm lặp đi lặp lại trong những nhiệm vụ quan trọng.,1
work_C1_geum_df_water,action,Chỉ làm số lượng công việc tối thiểu trong ngày hôm nay và trì hoãn mọi nhiệm vụ không hợp lý.,1
work_C1_geum_df_water,state,"Vì thiếu quyết tâm nên dễ nảy sinh những lựa chọn thiếu quyết đoán, năng lượng mưa tuyết không thể xoa dịu cảm xúc, khiến lòng bạn nặng trĩu.",1
work_C1_geum_df_wood,intro,Đó là ngày mà khả năng làm việc giảm đi rất nhiều và ngay cả những công việc cơ bản cũng trở nên khó khăn.,1
work_C1_geum_df_wood,effect,Sự tập trung trở nên cực kỳ thấp và những sai lầm lặp đi lặp lại trong những nhiệm vụ quan trọng.,1
work_C1_geum_df_wood,action,Chỉ làm số lượng công việc tối thiểu trong ngày hôm nay và trì hoãn mọi nhiệm vụ không hợp lý.,1
work_C1_geum_df_wood,state,"Vì thiếu quyết tâm nên dễ nảy sinh những lựa chọn thiếu quyết đoán, năng lượng của sự thay đổi có thể liên tục cản trở, phá vỡ các kế hoạch.",1
work_C1_geum_ex_earth,intro,Đó là ngày mà khả năng làm việc giảm đi rất nhiều và ngay cả những công việc cơ bản cũng trở nên khó khăn.,1
work_C1_geum_ex_earth,effect,Sự tập trung trở nên cực kỳ thấp và những sai lầm lặp đi lặp lại trong những nhiệm vụ quan trọng.,1
work_C1_geum_ex_earth,action,Chỉ làm số lượng công việc tối thiểu trong ngày hôm nay và trì hoãn mọi nhiệm vụ không hợp lý.,1
work_C1_geum_ex_earth,state,"Sự sắc bén có thể đi quá xa và gây gánh nặng cho những người xung quanh bạn, đồng thời nguồn năng lượng trầm có thể làm giảm động lực và che mờ khả năng phán đoán của bạn.",1
work_C1_geum_ex_fire,intro,Đó là ngày mà khả năng làm việc giảm đi rất nhiều và ngay cả những công việc cơ bản cũng trở nên khó khăn.,1
work_C1_geum_ex_fire,effect,Sự tập trung trở nên cực kỳ thấp và những sai lầm lặp đi lặp lại trong những nhiệm vụ quan trọng.,1
work_C1_geum_ex_fire,action,Chỉ làm số lượng công việc tối thiểu trong ngày hôm nay và trì hoãn mọi nhiệm vụ không hợp lý.,1
work_C1_geum_ex_fire,state,"Sự sắc bén của bạn có thể đi quá xa và gây gánh nặng cho những người xung quanh, đồng thời năng lượng phấn khích của bạn có thể làm tiêu tan sự bình tĩnh của bạn và dẫn đến những sai lầm nhỏ.",1
work_C1_geum_ex_water,intro,Đó là ngày mà khả năng làm việc giảm đi rất nhiều và ngay cả những công việc cơ bản cũng trở nên khó khăn.,1
work_C1_geum_ex_water,effect,Sự tập trung trở nên cực kỳ thấp và những sai lầm lặp đi lặp lại trong những nhiệm vụ quan trọng.,1
work_C1_geum_ex_water,action,Chỉ làm số lượng công việc tối thiểu trong ngày hôm nay và trì hoãn mọi nhiệm vụ không hợp lý.,1
work_C1_geum_ex_water,state,"Sự sắc bén của bạn có thể đi quá xa và gây gánh nặng cho những người xung quanh, còn năng lượng của mưa tuyết không thể xoa dịu được cảm xúc của bạn, khiến lòng bạn nặng trĩu.",1
work_C1_geum_ex_wood,intro,Đó là ngày mà khả năng làm việc giảm đi rất nhiều và ngay cả những công việc cơ bản cũng trở nên khó khăn.,1
work_C1_geum_ex_wood,effect,Sự tập trung trở nên cực kỳ thấp và những sai lầm lặp đi lặp lại trong những nhiệm vụ quan trọng.,1
work_C1_geum_ex_wood,action,Chỉ làm số lượng công việc tối thiểu trong ngày hôm nay và trì hoãn mọi nhiệm vụ không hợp lý.,1
work_C1_geum_ex_wood,state,"Sự sắc bén của bạn có thể đi quá xa và gây gánh nặng cho những người xung quanh, đồng thời năng lượng thay đổi có thể tiếp tục cản trở các kế hoạch của bạn.",1
work_C1_hwa_df_earth,intro,Đó là ngày bạn gần như không còn động lực làm việc và thậm chí khó làm được những công việc cơ bản.,1
work_C1_hwa_df_earth,effect,Sự cạn kiệt năng lượng làm dừng toàn bộ quá trình làm việc.,1
work_C1_hwa_df_earth,action,Giảm thiểu mục tiêu công việc trong ngày của bạn và ưu tiên phục hồi.,1
work_C1_hwa_df_earth,state,Cảm xúc của bạn rất dễ không được truyền tải đúng cách do tắc nghẽn biểu hiện và năng lượng vẩn đục có thể làm giảm động lực và che mờ khả năng phán đoán của bạn.,1
work_C1_hwa_df_fire,intro,Đó là ngày bạn gần như không còn động lực làm việc và thậm chí khó làm được những công việc cơ bản.,1
work_C1_hwa_df_fire,effect,Sự cạn kiệt năng lượng làm dừng toàn bộ quá trình làm việc.,1
work_C1_hwa_df_fire,action,Giảm thiểu mục tiêu công việc trong ngày của bạn và ưu tiên phục hồi.,1
work_C1_hwa_df_fire,state,"Cảm xúc của bạn rất dễ không được truyền tải đúng cách do tắc nghẽn biểu hiện, đồng thời năng lượng phấn khích có thể làm mất đi sự bình tĩnh của bạn và dẫn đến những sai sót nhỏ.",1
work_C1_hwa_df_water,intro,Đó là ngày bạn gần như không còn động lực làm việc và thậm chí khó làm được những công việc cơ bản.,1
work_C1_hwa_df_water,effect,Sự cạn kiệt năng lượng làm dừng toàn bộ quá trình làm việc.,1
work_C1_hwa_df_water,action,Giảm thiểu mục tiêu công việc trong ngày của bạn và ưu tiên phục hồi.,1
work_C1_hwa_df_water,state,"Bởi vì biểu cảm bị chặn nên cảm xúc của bạn dễ không được truyền tải một cách đúng đắn, năng lượng của mưa tuyết không thể xoa dịu cảm xúc của bạn, điều này có thể khiến trái tim bạn cảm thấy nặng nề.",1
work_C1_hwa_df_wood,intro,Đó là ngày bạn gần như không còn động lực làm việc và thậm chí khó làm được những công việc cơ bản.,1
work_C1_hwa_df_wood,effect,Sự cạn kiệt năng lượng làm dừng toàn bộ quá trình làm việc.,1
work_C1_hwa_df_wood,action,Giảm thiểu mục tiêu công việc trong ngày của bạn và ưu tiên phục hồi.,1
work_C1_hwa_df_wood,state,Cảm xúc của bạn rất dễ không được truyền tải đúng cách do tắc nghẽn biểu hiện và năng lượng của sự thay đổi có thể tiếp tục cản trở và làm gián đoạn kế hoạch của bạn.,1
work_C1_hwa_ex_earth,intro,Đó là ngày bạn gần như không còn động lực làm việc và thậm chí khó làm được những công việc cơ bản.,1
work_C1_hwa_ex_earth,effect,Sự cạn kiệt năng lượng làm dừng toàn bộ quá trình làm việc.,1
work_C1_hwa_ex_earth,action,Giảm thiểu mục tiêu công việc trong ngày của bạn và ưu tiên phục hồi.,1
work_C1_hwa_ex_earth,state,"Cảm xúc rất dễ gây ra xích mích ngay cả với những điều nhỏ nhặt, và năng lượng vẩn đục có thể làm giảm động lực và khả năng phán đoán của đám mây.",1
work_C1_hwa_ex_fire,intro,Đó là ngày bạn gần như không còn động lực làm việc và thậm chí khó làm được những công việc cơ bản.,1
work_C1_hwa_ex_fire,effect,Sự cạn kiệt năng lượng làm dừng toàn bộ quá trình làm việc.,1
work_C1_hwa_ex_fire,action,Giảm thiểu mục tiêu công việc trong ngày của bạn và ưu tiên phục hồi.,1
work_C1_hwa_ex_fire,state,"Cảm xúc rất dễ gây ra xích mích dù chỉ vì những điều nhỏ nhặt, còn năng lượng phấn khích có thể làm xáo trộn sự bình tĩnh của bạn và dẫn đến những sai lầm nhỏ.",1
work_C1_hwa_ex_water,intro,Đó là ngày bạn gần như không còn động lực làm việc và thậm chí khó làm được những công việc cơ bản.,1
work_C1_hwa_ex_water,effect,Sự cạn kiệt năng lượng làm dừng toàn bộ quá trình làm việc.,1
work_C1_hwa_ex_water,action,Giảm thiểu mục tiêu công việc trong ngày của bạn và ưu tiên phục hồi.,1
work_C1_hwa_ex_water,state,"Cảm xúc rất dễ nảy sinh dù chỉ vì những điều nhỏ nhặt, năng lượng của mưa tuyết cũng không thể làm dịu đi cảm xúc của bạn, khiến lòng bạn nặng trĩu.",1
work_C1_hwa_ex_wood,intro,Đó là ngày bạn gần như không còn động lực làm việc và thậm chí khó làm được những công việc cơ bản.,1
work_C1_hwa_ex_wood,effect,Sự cạn kiệt năng lượng làm dừng toàn bộ quá trình làm việc.,1
work_C1_hwa_ex_wood,action,Giảm thiểu mục tiêu công việc trong ngày của bạn và ưu tiên phục hồi.,1
work_C1_hwa_ex_wood,state,"Nếu bạn bị chi phối bởi cảm xúc, bạn rất dễ nảy sinh xích mích ngay cả vì những điều nhỏ nhặt và năng lượng của sự thay đổi có thể tiếp tục cản trở và làm gián đoạn các kế hoạch của bạn.",1
work_C1_mok_df_earth,intro,Đó là ngày mà sự phát triển của doanh nghiệp hoàn toàn dừng lại và năng lực thực sự bị thu hẹp lại.,1
work_C1_mok_df_earth,effect,Sự suy giảm năng lực đang làm lung lay công việc hiện tại.,1
work_C1_mok_df_earth,action,Hãy ngừng thử những điều mới hoàn toàn và chỉ tập trung vào những điều cơ bản.,1
work_C1_mok_df_earth,state,"Nếu chần chừ trong thời gian dài, cơ hội sẽ dễ dàng vuột khỏi tầm tay bạn, nguồn năng lượng trầm có thể làm giảm động lực và che mờ khả năng phán đoán của bạn.",1
work_C1_mok_df_fire,intro,Đó là ngày mà sự phát triển của doanh nghiệp hoàn toàn dừng lại và năng lực thực sự bị thu hẹp lại.,1
work_C1_mok_df_fire,effect,Sự suy giảm năng lực đang làm lung lay công việc hiện tại.,1
work_C1_mok_df_fire,action,Hãy ngừng thử những điều mới hoàn toàn và chỉ tập trung vào những điều cơ bản.,1
work_C1_mok_df_fire,state,"Nếu chần chừ lâu, rất dễ cơ hội tuột khỏi tay bạn, năng lượng hưng phấn có thể làm mất đi sự bình tĩnh của bạn và dẫn đến những sai sót nhỏ.",1
work_C1_mok_df_water,intro,Đó là ngày mà sự phát triển của doanh nghiệp hoàn toàn dừng lại và năng lực thực sự bị thu hẹp lại.,1
work_C1_mok_df_water,effect,Sự suy giảm năng lực đang làm lung lay công việc hiện tại.,1
work_C1_mok_df_water,action,Hãy ngừng thử những điều mới hoàn toàn và chỉ tập trung vào những điều cơ bản.,1
work_C1_mok_df_water,state,"Nếu chần chừ lâu, rất dễ cơ hội tuột khỏi tay, năng lượng mưa tuyết không thể xoa dịu cảm xúc, khiến lòng bạn nặng trĩu.",1
work_C1_mok_df_wood,intro,Đó là ngày mà sự phát triển của doanh nghiệp hoàn toàn dừng lại và năng lực thực sự bị thu hẹp lại.,1
work_C1_mok_df_wood,effect,Sự suy giảm năng lực đang làm lung lay công việc hiện tại.,1
work_C1_mok_df_wood,action,Hãy ngừng thử những điều mới hoàn toàn và chỉ tập trung vào những điều cơ bản.,1
work_C1_mok_df_wood,state,"Nếu bạn chần chừ trong thời gian dài, rất dễ để cơ hội tuột khỏi tay bạn, năng lượng của sự thay đổi có thể liên tục cản trở và làm gián đoạn các kế hoạch của bạn.",1
work_C1_mok_ex_earth,intro,Đó là ngày mà sự phát triển của doanh nghiệp hoàn toàn dừng lại và năng lực thực sự bị thu hẹp lại.,1
work_C1_mok_ex_earth,effect,Sự suy giảm năng lực đang làm lung lay công việc hiện tại.,1
work_C1_mok_ex_earth,action,Hãy ngừng thử những điều mới hoàn toàn và chỉ tập trung vào những điều cơ bản.,1
work_C1_mok_ex_earth,state,"Lòng tham rất dễ dẫn đến những thứ không thể nắm bắt được, năng lượng vẩn đục có thể làm giảm động lực và khả năng phán đoán của mây mù.",1
work_C1_mok_ex_fire,intro,Đó là ngày mà sự phát triển của doanh nghiệp hoàn toàn dừng lại và năng lực thực sự bị thu hẹp lại.,1
work_C1_mok_ex_fire,effect,Sự suy giảm năng lực đang làm lung lay công việc hiện tại.,1
work_C1_mok_ex_fire,action,Hãy ngừng thử những điều mới hoàn toàn và chỉ tập trung vào những điều cơ bản.,1
work_C1_mok_ex_fire,state,"Bạn rất dễ trở nên tham lam và làm những việc không thể kiểm soát, năng lượng phấn khích có thể làm xáo trộn sự bình tĩnh của bạn và dẫn đến những sai lầm nhỏ.",1
work_C1_mok_ex_water,intro,Đó là ngày mà sự phát triển của doanh nghiệp hoàn toàn dừng lại và năng lực thực sự bị thu hẹp lại.,1
work_C1_mok_ex_water,effect,Sự suy giảm năng lực đang làm lung lay công việc hiện tại.,1
work_C1_mok_ex_water,action,Hãy ngừng thử những điều mới hoàn toàn và chỉ tập trung vào những điều cơ bản.,1
work_C1_mok_ex_water,state,"Bạn dễ trở nên tham lam và làm những việc mình không thể kiểm soát, năng lượng của mưa tuyết không thể xoa dịu cảm xúc khiến lòng bạn nặng trĩu.",1
work_C1_mok_ex_wood,intro,Đó là ngày mà sự phát triển của doanh nghiệp hoàn toàn dừng lại và năng lực thực sự bị thu hẹp lại.,1
work_C1_mok_ex_wood,effect,Sự suy giảm năng lực đang làm lung lay công việc hiện tại.,1
work_C1_mok_ex_wood,action,Hãy ngừng thử những điều mới hoàn toàn và chỉ tập trung vào những điều cơ bản.,1
work_C1_mok_ex_wood,state,"Bạn rất dễ trở nên tham lam và làm những việc ngoài tầm kiểm soát, đồng thời năng lượng của sự thay đổi có thể tiếp tục cản trở các kế hoạch của bạn.",1
work_C1_su_df_earth,intro,Đó là ngày mà việc giao tiếp trong công việc bị gián đoạn nghiêm trọng và toàn bộ sự hợp tác bị lung lay.,1
work_C1_su_df_earth,effect,Thiếu giao tiếp làm tê liệt công việc nhóm và làm tăng xung đột.,1
work_C1_su_df_earth,action,Đừng quyết định các vấn đề hợp tác quan trọng ngày hôm nay và trì hoãn chúng.,1
work_C1_su_df_earth,state,"Bạn rất dễ trở nên bướng bỉnh và lạc lối, và nguồn năng lượng trầm có thể làm giảm động lực và che mờ khả năng phán đoán của bạn.",1
work_C1_su_df_fire,intro,Đó là ngày mà việc giao tiếp trong công việc bị gián đoạn nghiêm trọng và toàn bộ sự hợp tác bị lung lay.,1
work_C1_su_df_fire,effect,Thiếu giao tiếp làm tê liệt công việc nhóm và làm tăng xung đột.,1
work_C1_su_df_fire,action,Đừng quyết định các vấn đề hợp tác quan trọng ngày hôm nay và trì hoãn chúng.,1
work_C1_su_df_fire,state,"Bạn rất dễ trở nên bướng bỉnh và lạc lối, năng lượng phấn khích có thể làm xáo trộn sự bình tĩnh của bạn và dẫn đến những sai lầm nhỏ.",1
work_C1_su_df_water,intro,Đó là ngày mà việc giao tiếp trong công việc bị gián đoạn nghiêm trọng và toàn bộ sự hợp tác bị lung lay.,1
work_C1_su_df_water,effect,Thiếu giao tiếp làm tê liệt công việc nhóm và làm tăng xung đột.,1
work_C1_su_df_water,action,Đừng quyết định các vấn đề hợp tác quan trọng ngày hôm nay và trì hoãn chúng.,1
work_C1_su_df_water,state,"Bạn dễ trở nên bướng bỉnh, lạc lối, năng lượng của mưa tuyết không thể xoa dịu được cảm xúc, khiến lòng bạn trĩu nặng.",1
work_C1_su_df_wood,intro,Đó là ngày mà việc giao tiếp trong công việc bị gián đoạn nghiêm trọng và toàn bộ sự hợp tác bị lung lay.,1
work_C1_su_df_wood,effect,Thiếu giao tiếp làm tê liệt công việc nhóm và làm tăng xung đột.,1
work_C1_su_df_wood,action,Đừng quyết định các vấn đề hợp tác quan trọng ngày hôm nay và trì hoãn chúng.,1
work_C1_su_df_wood,state,"Bạn rất dễ trở nên bướng bỉnh và mất dấu mọi việc nhiều lần, đồng thời năng lượng của sự thay đổi có thể tiếp tục cản trở và làm gián đoạn các kế hoạch của bạn.",1
work_C1_su_ex_earth,intro,Đó là ngày mà việc giao tiếp trong công việc bị gián đoạn nghiêm trọng và toàn bộ sự hợp tác bị lung lay.,1
work_C1_su_ex_earth,effect,Thiếu giao tiếp làm tê liệt công việc nhóm và làm tăng xung đột.,1
work_C1_su_ex_earth,action,Đừng quyết định các vấn đề hợp tác quan trọng ngày hôm nay và trì hoãn chúng.,1
work_C1_su_ex_earth,state,"Cảm xúc trở nên sâu sắc hơn nên rất dễ bị rung chuyển bởi những kích thích dù nhỏ, năng lượng vẩn đục có thể làm giảm động lực và khả năng phán đoán của đám mây.",1
work_C1_su_ex_fire,intro,Đó là ngày mà việc giao tiếp trong công việc bị gián đoạn nghiêm trọng và toàn bộ sự hợp tác bị lung lay.,1
work_C1_su_ex_fire,effect,Thiếu giao tiếp làm tê liệt công việc nhóm và làm tăng xung đột.,1
work_C1_su_ex_fire,action,Đừng quyết định các vấn đề hợp tác quan trọng ngày hôm nay và trì hoãn chúng.,1
work_C1_su_ex_fire,state,"Cảm xúc trở nên sâu sắc nên rất dễ bị rung chuyển bởi những kích thích dù là nhỏ nhất, năng lượng phấn khích có thể làm xáo trộn sự bình tĩnh và dẫn đến những sai lầm nhỏ.",1
work_C1_su_ex_water,intro,Đó là ngày mà việc giao tiếp trong công việc bị gián đoạn nghiêm trọng và toàn bộ sự hợp tác bị lung lay.,1
work_C1_su_ex_water,effect,Thiếu giao tiếp làm tê liệt công việc nhóm và làm tăng xung đột.,1
work_C1_su_ex_water,action,Đừng quyết định các vấn đề hợp tác quan trọng ngày hôm nay và trì hoãn chúng.,1
work_C1_su_ex_water,state,"Khi cảm xúc trở nên sâu sắc hơn, rất dễ bị rung chuyển bởi những kích thích dù là nhỏ nhất, năng lượng của mưa tuyết có thể không xoa dịu được cảm xúc, khiến lòng nặng trĩu.",1
work_C1_su_ex_wood,intro,Đó là ngày mà việc giao tiếp trong công việc bị gián đoạn nghiêm trọng và toàn bộ sự hợp tác bị lung lay.,1
work_C1_su_ex_wood,effect,Thiếu giao tiếp làm tê liệt công việc nhóm và làm tăng xung đột.,1
work_C1_su_ex_wood,action,Đừng quyết định các vấn đề hợp tác quan trọng ngày hôm nay và trì hoãn chúng.,1
work_C1_su_ex_wood,state,"Khi cảm xúc của bạn trở nên sâu sắc hơn, bạn rất dễ bị lung lay bởi những kích thích dù là nhỏ nhất và năng lượng của sự thay đổi có thể tiếp tục cản trở và làm gián đoạn các kế hoạch của bạn.",1
work_C1_to_df_earth,intro,Đó là ngày mà cơ sở làm việc của bạn trở nên không ổn định và toàn bộ công việc của bạn gặp rủi ro.,1
work_C1_to_df_earth,effect,Trạng thái không ổn định tạo ra hàng loạt sai sót trong công việc.,1
work_C1_to_df_earth,action,Hãy tập trung vào một nhiệm vụ quan trọng nhất và để phần còn lại cho ngày mai.,1
work_C1_to_df_earth,state,Bởi vì bạn không tập trung nên các quyết định của bạn dễ dàng thay đổi và năng lượng vẩn đục có thể làm giảm động lực và che mờ khả năng phán đoán của bạn.,1
work_C1_to_df_fire,intro,Đó là ngày mà cơ sở làm việc của bạn trở nên không ổn định và toàn bộ công việc của bạn gặp rủi ro.,1
work_C1_to_df_fire,effect,Trạng thái không ổn định tạo ra hàng loạt sai sót trong công việc.,1
work_C1_to_df_fire,action,Hãy tập trung vào một nhiệm vụ quan trọng nhất và để phần còn lại cho ngày mai.,1
work_C1_to_df_fire,state,"Vì không tập trung nên các quyết định của bạn dễ bị thay đổi, năng lượng phấn khích có thể làm tiêu tan sự bình tĩnh của bạn và dẫn đến những sai lầm nhỏ.",1
work_C1_to_df_water,intro,Đó là ngày mà cơ sở làm việc của bạn trở nên không ổn định và toàn bộ công việc của bạn gặp rủi ro.,1
work_C1_to_df_water,effect,Trạng thái không ổn định tạo ra hàng loạt sai sót trong công việc.,1
work_C1_to_df_water,action,Hãy tập trung vào một nhiệm vụ quan trọng nhất và để phần còn lại cho ngày mai.,1
work_C1_to_df_water,state,"Vì không tập trung nên các quyết định của bạn dễ bị thay đổi, năng lượng của mưa tuyết không thể xoa dịu được cảm xúc khiến lòng bạn nặng trĩu.",1
work_C1_to_df_wood,intro,Đó là ngày mà cơ sở làm việc của bạn trở nên không ổn định và toàn bộ công việc của bạn gặp rủi ro.,1
work_C1_to_df_wood,effect,Trạng thái không ổn định tạo ra hàng loạt sai sót trong công việc.,1
work_C1_to_df_wood,action,Hãy tập trung vào một nhiệm vụ quan trọng nhất và để phần còn lại cho ngày mai.,1
work_C1_to_df_wood,state,Bởi vì bạn không tập trung nên các quyết định của bạn dễ dàng thay đổi và năng lượng của sự thay đổi có thể tiếp tục cản trở các kế hoạch của bạn.,1
work_C1_to_ex_earth,intro,Đó là ngày mà cơ sở làm việc của bạn trở nên không ổn định và toàn bộ công việc của bạn gặp rủi ro.,1
work_C1_to_ex_earth,effect,Trạng thái không ổn định tạo ra hàng loạt sai sót trong công việc.,1
work_C1_to_ex_earth,action,Hãy tập trung vào một nhiệm vụ quan trọng nhất và để phần còn lại cho ngày mai.,1
work_C1_to_ex_earth,state,"Thật dễ dàng để bỏ qua những thay đổi đòi hỏi sự định hướng ổn định cứng đầu, và năng lượng vẩn đục có thể làm giảm động lực và khả năng phán đoán của đám mây.",1
work_C1_to_ex_fire,intro,Đó là ngày mà cơ sở làm việc của bạn trở nên không ổn định và toàn bộ công việc của bạn gặp rủi ro.,1
work_C1_to_ex_fire,effect,Trạng thái không ổn định tạo ra hàng loạt sai sót trong công việc.,1
work_C1_to_ex_fire,action,Hãy tập trung vào một nhiệm vụ quan trọng nhất và để phần còn lại cho ngày mai.,1
work_C1_to_ex_fire,state,"Người ta dễ bỏ qua những thay đổi đòi hỏi sự ổn định bướng bỉnh, năng lượng phấn khích có thể làm xáo trộn sự bình tĩnh và dẫn đến những sai lầm nhỏ.",1
work_C1_to_ex_water,intro,Đó là ngày mà cơ sở làm việc của bạn trở nên không ổn định và toàn bộ công việc của bạn gặp rủi ro.,1
work_C1_to_ex_water,effect,Trạng thái không ổn định tạo ra hàng loạt sai sót trong công việc.,1
work_C1_to_ex_water,action,Hãy tập trung vào một nhiệm vụ quan trọng nhất và để phần còn lại cho ngày mai.,1
work_C1_to_ex_water,state,"Người ta dễ bỏ qua những thay đổi đòi hỏi sự ổn định bướng bỉnh, năng lượng của mưa tuyết có thể không xoa dịu được cảm xúc, khiến lòng bạn nặng trĩu.",1
work_C1_to_ex_wood,intro,Đó là ngày mà cơ sở làm việc của bạn trở nên không ổn định và toàn bộ công việc của bạn gặp rủi ro.,1
work_C1_to_ex_wood,effect,Trạng thái không ổn định tạo ra hàng loạt sai sót trong công việc.,1
work_C1_to_ex_wood,action,Hãy tập trung vào một nhiệm vụ quan trọng nhất và để phần còn lại cho ngày mai.,1
work_C1_to_ex_wood,state,Bạn rất dễ bỏ qua những thay đổi đòi hỏi một định hướng ổn định cứng đầu và năng lượng của sự thay đổi có thể tiếp tục cản trở và làm gián đoạn các kế hoạch của bạn.,1
work_D,intro,Năng lượng làm việc hôm nay gần chạm đáy nên chỉ an toàn khi chơi ở mức tối thiểu.,1
work_D,intro,Năng lượng làm việc hôm nay rất thấp nên bạn nên cẩn thận khi thử những điều mới cũng như những nhiệm vụ hiện có.,1
work_D,effect,Đây là ngày mà những sai sót và xung đột trong công việc có khả năng xảy ra cao gấp mấy lần so với bình thường và mọi hành động đều cần phải được kiểm tra kỹ lưỡng.,1
work_D,effect,"Một nhiệm vụ mới mà bạn bắt đầu hôm nay có thể trở thành gánh nặng lớn sau này, vì vậy tốt hơn hết bạn nên tạm dừng việc bắt đầu nó.",1
work_D,action,"Tại nơi làm việc hôm nay, hãy giữ im lặng và tránh đưa ra những hành động hoặc nhận xét gây chú ý.",1
work_D,action,Hãy ủy quyền những gì có thể được ủy quyền và xem xét lại hai lần trước khi tiếp tục những việc cần làm một mình.,1
work_D_geum_df_earth,intro,Đó là ngày mà khả năng làm việc ở mức thấp nhất và khó có thể giải quyết ổn thỏa bất kỳ nhiệm vụ nào.,1
work_D_geum_df_earth,effect,Sự suy giảm hoàn toàn khả năng làm việc khiến mọi kết quả trở nên tồi tệ hơn.,1
work_D_geum_df_earth,action,Hãy giữ khối lượng công việc của bạn ở mức tối thiểu ngay hôm nay và tập trung vào quá trình phục hồi của bạn.,1
work_D_geum_df_earth,state,"Quyết tâm của bạn có thể bị phá vỡ nghiêm trọng, và bất kỳ lựa chọn nào bạn đưa ra đều có thể dẫn đến sự hối tiếc, và năng lượng dày đặc, nhiều mây có thể làm mọi thứ chậm lại rất nhiều.",1
work_D_geum_df_fire,intro,Đó là ngày mà khả năng làm việc ở mức thấp nhất và khó có thể giải quyết ổn thỏa bất kỳ nhiệm vụ nào.,1
work_D_geum_df_fire,effect,Sự suy giảm hoàn toàn khả năng làm việc khiến mọi kết quả trở nên tồi tệ hơn.,1
work_D_geum_df_fire,action,Hãy giữ khối lượng công việc của bạn ở mức tối thiểu ngay hôm nay và tập trung vào quá trình phục hồi của bạn.,1
work_D_geum_df_fire,state,"Tính quyết đoán có thể bị suy yếu đi rất nhiều, và bất kỳ lựa chọn nào cũng có thể dẫn đến sự hối tiếc, còn dương mạnh có thể khuyến khích những xung động và dẫn đến những hành động liều lĩnh.",1
work_D_geum_df_water,intro,Đó là ngày mà khả năng làm việc ở mức thấp nhất và khó có thể giải quyết ổn thỏa bất kỳ nhiệm vụ nào.,1
work_D_geum_df_water,effect,Sự suy giảm hoàn toàn khả năng làm việc khiến mọi kết quả trở nên tồi tệ hơn.,1
work_D_geum_df_water,action,Hãy giữ khối lượng công việc của bạn ở mức tối thiểu ngay hôm nay và tập trung vào quá trình phục hồi của bạn.,1
work_D_geum_df_water,state,"Sự quyết tâm của bạn có thể bị phá vỡ rất nhiều, và bất kỳ lựa chọn nào bạn đưa ra đều có thể dẫn đến sự hối tiếc, đồng thời sức mạnh của mưa lớn và tuyết có thể khiến cảm xúc của bạn rung chuyển dữ dội, khiến bạn khó kiểm soát được chúng.",1
work_D_geum_df_wood,intro,Đó là ngày mà khả năng làm việc ở mức thấp nhất và khó có thể giải quyết ổn thỏa bất kỳ nhiệm vụ nào.,1
work_D_geum_df_wood,effect,Sự suy giảm hoàn toàn khả năng làm việc khiến mọi kết quả trở nên tồi tệ hơn.,1
work_D_geum_df_wood,action,Hãy giữ khối lượng công việc của bạn ở mức tối thiểu ngay hôm nay và tập trung vào quá trình phục hồi của bạn.,1
work_D_geum_df_wood,state,"Quyết tâm của bạn có thể bị phá vỡ nghiêm trọng, bất kỳ lựa chọn nào bạn đưa ra đều có thể kết thúc trong sự hối tiếc, và năng lượng thay đổi khốc liệt có thể khiến mọi dự đoán của bạn đi chệch hướng.",1
work_D_geum_ex_earth,intro,Đó là ngày mà khả năng làm việc ở mức thấp nhất và khó có thể giải quyết ổn thỏa bất kỳ nhiệm vụ nào.,1
work_D_geum_ex_earth,effect,Sự suy giảm hoàn toàn khả năng làm việc khiến mọi kết quả trở nên tồi tệ hơn.,1
work_D_geum_ex_earth,action,Hãy giữ khối lượng công việc của bạn ở mức tối thiểu ngay hôm nay và tập trung vào quá trình phục hồi của bạn.,1
work_D_geum_ex_earth,state,"Nếu độ sắc nét đi quá xa, nó có thể tạo ra một vết nứt sâu với môi trường xung quanh, và năng lượng mây mù dày đặc có thể làm mọi thứ chậm lại rất nhiều.",1
work_D_geum_ex_fire,intro,Đó là ngày mà khả năng làm việc ở mức thấp nhất và khó có thể giải quyết ổn thỏa bất kỳ nhiệm vụ nào.,1
work_D_geum_ex_fire,effect,Sự suy giảm hoàn toàn khả năng làm việc khiến mọi kết quả trở nên tồi tệ hơn.,1
work_D_geum_ex_fire,action,Hãy giữ khối lượng công việc của bạn ở mức tối thiểu ngay hôm nay và tập trung vào quá trình phục hồi của bạn.,1
work_D_geum_ex_fire,state,"Sự sắc bén có thể đi quá xa và tạo ra những rạn nứt sâu sắc với những người xung quanh, còn dương mạnh có thể khuyến khích những xung động và dẫn đến những hành động liều lĩnh.",1
work_D_geum_ex_water,intro,Đó là ngày mà khả năng làm việc ở mức thấp nhất và khó có thể giải quyết ổn thỏa bất kỳ nhiệm vụ nào.,1
work_D_geum_ex_water,effect,Sự suy giảm hoàn toàn khả năng làm việc khiến mọi kết quả trở nên tồi tệ hơn.,1
work_D_geum_ex_water,action,Hãy giữ khối lượng công việc của bạn ở mức tối thiểu ngay hôm nay và tập trung vào quá trình phục hồi của bạn.,1
work_D_geum_ex_water,state,"Độ sắc nét có thể đi quá xa và tạo ra những vết nứt sâu với môi trường xung quanh, đồng thời sức mạnh của mưa lớn và tuyết có thể làm rung chuyển cảm xúc của bạn một cách dữ dội, khiến bạn khó kiểm soát được chúng.",1
work_D_geum_ex_wood,intro,Đó là ngày mà khả năng làm việc ở mức thấp nhất và khó có thể giải quyết ổn thỏa bất kỳ nhiệm vụ nào.,1
work_D_geum_ex_wood,effect,Sự suy giảm hoàn toàn khả năng làm việc khiến mọi kết quả trở nên tồi tệ hơn.,1
work_D_geum_ex_wood,action,Hãy giữ khối lượng công việc của bạn ở mức tối thiểu ngay hôm nay và tập trung vào quá trình phục hồi của bạn.,1
work_D_geum_ex_wood,state,"Sự sắc bén có thể đi quá xa và tạo ra những vết nứt sâu với môi trường xung quanh, đồng thời năng lượng thay đổi khốc liệt có thể khiến mọi dự đoán đi chệch hướng.",1
work_D_hwa_df_earth,intro,Đây là những ngày mà động lực làm việc hoàn toàn cạn kiệt và không có động lực nào phát huy tác dụng.,1
work_D_hwa_df_earth,effect,Năng lượng thấp làm tê liệt toàn bộ công việc.,1
work_D_hwa_df_earth,action,Giảm thiểu công việc của bạn ngày hôm nay và nạp lại năng lượng trước khi bắt đầu vào ngày mai.,1
work_D_hwa_df_earth,state,"Con đường truyền tải cảm xúc của một người hoàn toàn khép kín, điều này có thể làm sâu sắc thêm những hiểu lầm và mất kết nối, đồng thời năng lượng dày đặc, nhiều mây có thể làm mọi thứ chậm lại rất nhiều.",1
work_D_hwa_df_fire,intro,Đây là những ngày mà động lực làm việc hoàn toàn cạn kiệt và không có động lực nào phát huy tác dụng.,1
work_D_hwa_df_fire,effect,Năng lượng thấp làm tê liệt toàn bộ công việc.,1
work_D_hwa_df_fire,action,Giảm thiểu công việc của bạn ngày hôm nay và nạp lại năng lượng trước khi bắt đầu vào ngày mai.,1
work_D_hwa_df_fire,state,"Con đường truyền đạt cảm xúc của một người hoàn toàn khép kín, điều này có thể làm sâu sắc thêm những hiểu lầm và mất kết nối, đồng thời năng lượng tích cực mạnh mẽ có thể khuyến khích những xung động và dẫn đến những hành động liều lĩnh.",1
work_D_hwa_df_water,intro,Đây là những ngày mà động lực làm việc hoàn toàn cạn kiệt và không có động lực nào phát huy tác dụng.,1
work_D_hwa_df_water,effect,Năng lượng thấp làm tê liệt toàn bộ công việc.,1
work_D_hwa_df_water,action,Giảm thiểu công việc của bạn ngày hôm nay và nạp lại năng lượng trước khi bắt đầu vào ngày mai.,1
work_D_hwa_df_water,state,"Con đường truyền đạt tình cảm của một người hoàn toàn khép kín, điều này có thể làm sâu sắc thêm những hiểu lầm và mất kết nối, đồng thời sức mạnh của mưa lớn và tuyết có thể làm rung chuyển cảm xúc một cách dữ dội, khiến người ta khó kiểm soát được.",1
work_D_hwa_df_wood,intro,Đây là những ngày mà động lực làm việc hoàn toàn cạn kiệt và không có động lực nào phát huy tác dụng.,1
work_D_hwa_df_wood,effect,Năng lượng thấp làm tê liệt toàn bộ công việc.,1
work_D_hwa_df_wood,action,Giảm thiểu công việc của bạn ngày hôm nay và nạp lại năng lượng trước khi bắt đầu vào ngày mai.,1
work_D_hwa_df_wood,state,"Con đường truyền đạt tình cảm của một người hoàn toàn khép kín, những hiểu lầm và mất kết nối có thể ngày càng sâu sắc, năng lượng thay đổi khốc liệt có thể khiến mọi dự đoán đi chệch hướng.",1
work_D_hwa_ex_earth,intro,Đây là những ngày mà động lực làm việc hoàn toàn cạn kiệt và không có động lực nào phát huy tác dụng.,1
work_D_hwa_ex_earth,effect,Năng lượng thấp làm tê liệt toàn bộ công việc.,1
work_D_hwa_ex_earth,action,Giảm thiểu công việc của bạn ngày hôm nay và nạp lại năng lượng trước khi bắt đầu vào ngày mai.,1
work_D_hwa_ex_earth,state,"Cảm xúc quá nóng có thể lan rộng thành một cuộc xung đột không thể khắc phục, và năng lượng mây dày đặc có thể làm mọi thứ chậm lại rất nhiều.",1
work_D_hwa_ex_fire,intro,Đây là những ngày mà động lực làm việc hoàn toàn cạn kiệt và không có động lực nào phát huy tác dụng.,1
work_D_hwa_ex_fire,effect,Năng lượng thấp làm tê liệt toàn bộ công việc.,1
work_D_hwa_ex_fire,action,Giảm thiểu công việc của bạn ngày hôm nay và nạp lại năng lượng trước khi bắt đầu vào ngày mai.,1
work_D_hwa_ex_fire,state,"Cảm xúc quá nóng có thể dẫn đến xung đột không thể khắc phục, còn dương mạnh có thể khuyến khích những xung động và dẫn đến những hành động liều lĩnh.",1
work_D_hwa_ex_water,intro,Đây là những ngày mà động lực làm việc hoàn toàn cạn kiệt và không có động lực nào phát huy tác dụng.,1
work_D_hwa_ex_water,effect,Năng lượng thấp làm tê liệt toàn bộ công việc.,1
work_D_hwa_ex_water,action,Giảm thiểu công việc của bạn ngày hôm nay và nạp lại năng lượng trước khi bắt đầu vào ngày mai.,1
work_D_hwa_ex_water,state,"Cảm xúc quá nóng có thể lan rộng thành xung đột không thể hàn gắn, sức mạnh của mưa lớn và tuyết làm rung chuyển cảm xúc một cách dữ dội, khiến việc kiểm soát trở nên khó khăn.",1
work_D_hwa_ex_wood,intro,Đây là những ngày mà động lực làm việc hoàn toàn cạn kiệt và không có động lực nào phát huy tác dụng.,1
work_D_hwa_ex_wood,effect,Năng lượng thấp làm tê liệt toàn bộ công việc.,1
work_D_hwa_ex_wood,action,Giảm thiểu công việc của bạn ngày hôm nay và nạp lại năng lượng trước khi bắt đầu vào ngày mai.,1
work_D_hwa_ex_wood,state,"Những cảm xúc quá nóng có thể lan rộng thành một cuộc xung đột không thể hàn gắn, và năng lượng thay đổi khốc liệt có thể khiến mọi dự đoán đi chệch hướng.",1
work_D_mok_df_earth,intro,Đó là ngày mà năng lực làm việc của bạn hoàn toàn ở mức thấp và mọi nỗ lực của bạn đều trở nên phản tác dụng.,1
work_D_mok_df_earth,effect,Sự cạn kiệt năng lực khiến công việc tổng thể sụp đổ.,1
work_D_mok_df_earth,action,Hãy nghỉ làm hôm nay và nghỉ ngơi hoàn toàn.,1
work_D_mok_df_earth,state,"Nỗi sợ hãi hoàn toàn có thể ngăn cản bạn hành động, thậm chí khiến bạn đánh mất cơ hội, và năng lượng mây mù dày đặc có thể làm mọi thứ chậm lại rất nhiều.",1
work_D_mok_df_fire,intro,Đó là ngày mà năng lực làm việc của bạn hoàn toàn ở mức thấp và mọi nỗ lực của bạn đều trở nên phản tác dụng.,1
work_D_mok_df_fire,effect,Sự cạn kiệt năng lực khiến công việc tổng thể sụp đổ.,1
work_D_mok_df_fire,action,Hãy nghỉ làm hôm nay và nghỉ ngơi hoàn toàn.,1
work_D_mok_df_fire,state,"Sự sợ hãi có thể ngăn cản hoàn toàn một hành động, thậm chí dẫn đến mất đi cơ hội, còn năng lượng tích cực mạnh mẽ có thể khuyến khích những xung động và dẫn đến những hành động liều lĩnh.",1
work_D_mok_df_water,intro,Đó là ngày mà năng lực làm việc của bạn hoàn toàn ở mức thấp và mọi nỗ lực của bạn đều trở nên phản tác dụng.,1
work_D_mok_df_water,effect,Sự cạn kiệt năng lực khiến công việc tổng thể sụp đổ.,1
work_D_mok_df_water,action,Hãy nghỉ làm hôm nay và nghỉ ngơi hoàn toàn.,1
work_D_mok_df_water,state,"Nỗi sợ hãi hoàn toàn có thể ngăn cản bạn hành động, thậm chí khiến bạn đánh mất cơ hội, đồng thời sức mạnh của mưa lớn và tuyết có thể khiến cảm xúc của bạn rung chuyển đến mức khó kiểm soát được.",1
work_D_mok_df_wood,intro,Đó là ngày mà năng lực làm việc của bạn hoàn toàn ở mức thấp và mọi nỗ lực của bạn đều trở nên phản tác dụng.,1
work_D_mok_df_wood,effect,Sự cạn kiệt năng lực khiến công việc tổng thể sụp đổ.,1
work_D_mok_df_wood,action,Hãy nghỉ làm hôm nay và nghỉ ngơi hoàn toàn.,1
work_D_mok_df_wood,state,"Sự sợ hãi có thể khiến mọi hành động dừng lại, thậm chí dẫn đến đánh mất cơ hội, năng lượng thay đổi khốc liệt có thể khiến mọi dự đoán đi chệch hướng.",1
work_D_mok_ex_earth,intro,Đó là ngày mà năng lực làm việc của bạn hoàn toàn ở mức thấp và mọi nỗ lực của bạn đều trở nên phản tác dụng.,1
work_D_mok_ex_earth,effect,Sự cạn kiệt năng lực khiến công việc tổng thể sụp đổ.,1
work_D_mok_ex_earth,action,Hãy nghỉ làm hôm nay và nghỉ ngơi hoàn toàn.,1
work_D_mok_ex_earth,state,"Động lực không thể kiểm soát có thể dẫn đến những tai nạn vô lý, và năng lượng mây mù dày đặc có thể làm mọi thứ chậm lại rất nhiều.",1
work_D_mok_ex_fire,intro,Đó là ngày mà năng lực làm việc của bạn hoàn toàn ở mức thấp và mọi nỗ lực của bạn đều trở nên phản tác dụng.,1
work_D_mok_ex_fire,effect,Sự cạn kiệt năng lực khiến công việc tổng thể sụp đổ.,1
work_D_mok_ex_fire,action,Hãy nghỉ làm hôm nay và nghỉ ngơi hoàn toàn.,1
work_D_mok_ex_fire,state,"Động lực không thể kiểm soát có thể dẫn đến những tai nạn vô lý, còn năng lượng tích cực mạnh mẽ có thể khuyến khích sự bốc đồng và dẫn đến những hành động liều lĩnh.",1
work_D_mok_ex_water,intro,Đó là ngày mà năng lực làm việc của bạn hoàn toàn ở mức thấp và mọi nỗ lực của bạn đều trở nên phản tác dụng.,1
work_D_mok_ex_water,effect,Sự cạn kiệt năng lực khiến công việc tổng thể sụp đổ.,1
work_D_mok_ex_water,action,Hãy nghỉ làm hôm nay và nghỉ ngơi hoàn toàn.,1
work_D_mok_ex_water,state,"Động lực không thể kiểm soát có thể dẫn đến những tai nạn vô lý, sức mạnh của mưa lớn và tuyết có thể làm rung chuyển cảm xúc một cách dữ dội, khiến việc kiểm soát trở nên khó khăn.",1
work_D_mok_ex_wood,intro,Đó là ngày mà năng lực làm việc của bạn hoàn toàn ở mức thấp và mọi nỗ lực của bạn đều trở nên phản tác dụng.,1
work_D_mok_ex_wood,effect,Sự cạn kiệt năng lực khiến công việc tổng thể sụp đổ.,1
work_D_mok_ex_wood,action,Hãy nghỉ làm hôm nay và nghỉ ngơi hoàn toàn.,1
work_D_mok_ex_wood,state,"Động lực không thể kiểm soát có thể dẫn đến những suy nghĩ vô lý, và năng lượng thay đổi khốc liệt có thể khiến mọi dự đoán đi chệch hướng.",1
work_D_su_df_earth,intro,Đó là ngày mà sự giao tiếp trong công việc hoàn toàn bị cắt đứt và sự hợp tác là không thể.,1
work_D_su_df_earth,effect,Sự gián đoạn trong giao tiếp có tác động tồi tệ nhất đến công việc của toàn nhóm.,1
work_D_su_df_earth,action,Chuyển tất cả nhiệm vụ cộng tác của ngày hôm nay sang ngày mai.,1
work_D_su_df_earth,state,"Một thái độ cứng nhắc sẽ cản trở mọi dòng chảy, khiến cho sự tiến bộ trở nên khó khăn và năng lượng dày đặc, u ám có thể làm mọi thứ chậm lại rất nhiều.",1
work_D_su_df_fire,intro,Đó là ngày mà sự giao tiếp trong công việc hoàn toàn bị cắt đứt và sự hợp tác là không thể.,1
work_D_su_df_fire,effect,Sự gián đoạn trong giao tiếp có tác động tồi tệ nhất đến công việc của toàn nhóm.,1
work_D_su_df_fire,action,Chuyển tất cả nhiệm vụ cộng tác của ngày hôm nay sang ngày mai.,1
work_D_su_df_fire,state,"Một thái độ cứng nhắc sẽ cản trở mọi dòng chảy, khiến cho sự tiến bộ trở nên khó khăn và năng lượng tích cực mạnh mẽ có thể khuyến khích những xung động và dẫn đến những hành động liều lĩnh.",1
work_D_su_df_water,intro,Đó là ngày mà sự giao tiếp trong công việc hoàn toàn bị cắt đứt và sự hợp tác là không thể.,1
work_D_su_df_water,effect,Sự gián đoạn trong giao tiếp có tác động tồi tệ nhất đến công việc của toàn nhóm.,1
work_D_su_df_water,action,Chuyển tất cả nhiệm vụ cộng tác của ngày hôm nay sang ngày mai.,1
work_D_su_df_water,state,"Một thái độ cứng nhắc chặn đứng mọi dòng chảy, khiến việc tiến bộ trở nên khó khăn, còn sức mạnh của mưa tuyết làm rung chuyển cảm xúc một cách dữ dội, khiến việc kiểm soát trở nên khó khăn.",1
work_D_su_df_wood,intro,Đó là ngày mà sự giao tiếp trong công việc hoàn toàn bị cắt đứt và sự hợp tác là không thể.,1
work_D_su_df_wood,effect,Sự gián đoạn trong giao tiếp có tác động tồi tệ nhất đến công việc của toàn nhóm.,1
work_D_su_df_wood,action,Chuyển tất cả nhiệm vụ cộng tác của ngày hôm nay sang ngày mai.,1
work_D_su_df_wood,state,"Một thái độ cứng nhắc sẽ cản trở mọi dòng chảy, khiến cho sự tiến bộ trở nên khó khăn và năng lượng thay đổi khốc liệt có thể khiến mọi dự đoán đi chệch hướng.",1
work_D_su_ex_earth,intro,Đó là ngày mà sự giao tiếp trong công việc hoàn toàn bị cắt đứt và sự hợp tác là không thể.,1
work_D_su_ex_earth,effect,Sự gián đoạn trong giao tiếp có tác động tồi tệ nhất đến công việc của toàn nhóm.,1
work_D_su_ex_earth,action,Chuyển tất cả nhiệm vụ cộng tác của ngày hôm nay sang ngày mai.,1
work_D_su_ex_earth,state,"Dòng cảm xúc có thể lấn át lý trí và dẫn đến những sai lầm lớn, còn năng lượng dày đặc, u ám có thể làm mọi thứ chậm lại rất nhiều.",1
work_D_su_ex_fire,intro,Đó là ngày mà sự giao tiếp trong công việc hoàn toàn bị cắt đứt và sự hợp tác là không thể.,1
work_D_su_ex_fire,effect,Sự gián đoạn trong giao tiếp có tác động tồi tệ nhất đến công việc của toàn nhóm.,1
work_D_su_ex_fire,action,Chuyển tất cả nhiệm vụ cộng tác của ngày hôm nay sang ngày mai.,1
work_D_su_ex_fire,state,"Một dòng cảm xúc có thể lấn át lý trí và dẫn đến những sai lầm lớn, còn năng lượng tích cực mạnh mẽ có thể khuyến khích những xung động và dẫn đến những hành động liều lĩnh.",1
work_D_su_ex_water,intro,Đó là ngày mà sự giao tiếp trong công việc hoàn toàn bị cắt đứt và sự hợp tác là không thể.,1
work_D_su_ex_water,effect,Sự gián đoạn trong giao tiếp có tác động tồi tệ nhất đến công việc của toàn nhóm.,1
work_D_su_ex_water,action,Chuyển tất cả nhiệm vụ cộng tác của ngày hôm nay sang ngày mai.,1
work_D_su_ex_water,state,"Một dòng cảm xúc có thể lấn át lý trí và dẫn đến những sai lầm lớn, đồng thời sức mạnh của mưa to và tuyết có thể làm rung chuyển cảm xúc một cách dữ dội, khiến bạn khó kiểm soát được chúng.",1
work_D_su_ex_wood,intro,Đó là ngày mà sự giao tiếp trong công việc hoàn toàn bị cắt đứt và sự hợp tác là không thể.,1
work_D_su_ex_wood,effect,Sự gián đoạn trong giao tiếp có tác động tồi tệ nhất đến công việc của toàn nhóm.,1
work_D_su_ex_wood,action,Chuyển tất cả nhiệm vụ cộng tác của ngày hôm nay sang ngày mai.,1
work_D_su_ex_wood,state,"Một dòng cảm xúc có thể lấn át lý trí và dẫn đến sai lầm lớn, còn năng lượng thay đổi khốc liệt có thể khiến mọi dự đoán đi chệch hướng.",1
work_D_to_df_earth,intro,Đó là ngày mà sự ổn định trong công việc hoàn toàn mất đi và không thể làm được công việc nào một cách bình thường.,1
work_D_to_df_earth,effect,Sự mất ổn định cực độ khiến toàn bộ công việc bị đình trệ.,1
work_D_to_df_earth,action,Hôm nay hãy hoàn toàn buông bỏ công việc và chỉ tập trung vào việc phục hồi.,1
work_D_to_df_earth,state,"Bạn hoàn toàn có thể mất thăng bằng và mọi thứ có thể mất kiểm soát, năng lượng mây dày đặc có thể làm mọi thứ chậm lại rất nhiều.",1
work_D_to_df_fire,intro,Đó là ngày mà sự ổn định trong công việc hoàn toàn mất đi và không thể làm được công việc nào một cách bình thường.,1
work_D_to_df_fire,effect,Sự mất ổn định cực độ khiến toàn bộ công việc bị đình trệ.,1
work_D_to_df_fire,action,Hôm nay hãy hoàn toàn buông bỏ công việc và chỉ tập trung vào việc phục hồi.,1
work_D_to_df_fire,state,"Nếu bạn hoàn toàn mất thăng bằng, mọi thứ có thể mất kiểm soát và năng lượng dương mạnh có thể khuyến khích những xung động và dẫn bạn đến những hành động liều lĩnh.",1
work_D_to_df_water,intro,Đó là ngày mà sự ổn định trong công việc hoàn toàn mất đi và không thể làm được công việc nào một cách bình thường.,1
work_D_to_df_water,effect,Sự mất ổn định cực độ khiến toàn bộ công việc bị đình trệ.,1
work_D_to_df_water,action,Hôm nay hãy hoàn toàn buông bỏ công việc và chỉ tập trung vào việc phục hồi.,1
work_D_to_df_water,state,"Bạn hoàn toàn có thể mất thăng bằng và mọi thứ có thể mất kiểm soát, đồng thời sức mạnh của mưa lớn và tuyết có thể khiến cảm xúc của bạn rung chuyển đến mức khó kiểm soát được.",1
work_D_to_df_wood,intro,Đó là ngày mà sự ổn định trong công việc hoàn toàn mất đi và không thể làm được công việc nào một cách bình thường.,1
work_D_to_df_wood,effect,Sự mất ổn định cực độ khiến toàn bộ công việc bị đình trệ.,1
work_D_to_df_wood,action,Hôm nay hãy hoàn toàn buông bỏ công việc và chỉ tập trung vào việc phục hồi.,1
work_D_to_df_wood,state,"Nếu bạn hoàn toàn mất thăng bằng, mọi thứ có thể mất kiểm soát và năng lượng thay đổi dữ dội có thể khiến mọi dự đoán của bạn đi chệch hướng.",1
work_D_to_ex_earth,intro,Đó là ngày mà sự ổn định trong công việc hoàn toàn mất đi và không thể làm được công việc nào một cách bình thường.,1
work_D_to_ex_earth,effect,Sự mất ổn định cực độ khiến toàn bộ công việc bị đình trệ.,1
work_D_to_ex_earth,action,Hôm nay hãy hoàn toàn buông bỏ công việc và chỉ tập trung vào việc phục hồi.,1
work_D_to_ex_earth,state,"Việc từ chối thay đổi có thể khiến khủng hoảng leo thang và khiến việc phục hồi trở nên khó khăn, đồng thời bầu không khí dày đặc, nhiều mây có thể làm mọi thứ chậm lại rất nhiều.",1
work_D_to_ex_fire,intro,Đó là ngày mà sự ổn định trong công việc hoàn toàn mất đi và không thể làm được công việc nào một cách bình thường.,1
work_D_to_ex_fire,effect,Sự mất ổn định cực độ khiến toàn bộ công việc bị đình trệ.,1
work_D_to_ex_fire,action,Hôm nay hãy hoàn toàn buông bỏ công việc và chỉ tập trung vào việc phục hồi.,1
work_D_to_ex_fire,state,"Việc từ chối thay đổi có thể khiến khủng hoảng leo thang và khiến việc phục hồi trở nên khó khăn, đồng thời năng lượng tích cực mạnh mẽ có thể khuyến khích những xung động và dẫn đến những hành động liều lĩnh.",1
work_D_to_ex_water,intro,Đó là ngày mà sự ổn định trong công việc hoàn toàn mất đi và không thể làm được công việc nào một cách bình thường.,1
work_D_to_ex_water,effect,Sự mất ổn định cực độ khiến toàn bộ công việc bị đình trệ.,1
work_D_to_ex_water,action,Hôm nay hãy hoàn toàn buông bỏ công việc và chỉ tập trung vào việc phục hồi.,1
work_D_to_ex_water,state,"Việc từ chối thay đổi có thể khiến khủng hoảng leo thang và khó phục hồi, đồng thời sức mạnh của mưa lớn và tuyết có thể làm rung chuyển cảm xúc một cách dữ dội, khiến việc kiểm soát trở nên khó khăn.",1
work_D_to_ex_wood,intro,Đó là ngày mà sự ổn định trong công việc hoàn toàn mất đi và không thể làm được công việc nào một cách bình thường.,1
work_D_to_ex_wood,effect,Sự mất ổn định cực độ khiến toàn bộ công việc bị đình trệ.,1
work_D_to_ex_wood,action,Hôm nay hãy hoàn toàn buông bỏ công việc và chỉ tập trung vào việc phục hồi.,1
work_D_to_ex_wood,state,"Việc từ chối thay đổi có thể khiến khủng hoảng leo thang và khiến việc phục hồi trở nên khó khăn, đồng thời sức mạnh mãnh liệt của sự thay đổi có thể khiến mọi dự đoán đều sai lầm.",1
love_A,intro,Hôm nay là ngày mà vận may trong các mối quan hệ của bạn sẽ tỏa sáng và bạn sẽ nhận được phản hồi tích cực nếu bày tỏ cảm xúc của mình.,1
love_A,intro,"Năng lượng tình yêu hôm nay dồi dào, nên bạn có thể mong chờ những cuộc gặp gỡ thú vị và các mối quan hệ ngày càng sâu sắc hơn.",1
love_A,effect,Đó là một ngày tốt lành để người kia mở lòng và việc giao tiếp diễn ra một cách tự nhiên.,1
love_A,effect,Những biểu hiện của tình cảm tỏa sáng và những khoảnh khắc ấm áp tiếp tục diễn ra trong mối quan hệ của bạn.,1
love_A,action,Việc bày tỏ cảm xúc chân thành của bạn ngày hôm nay có thể khiến trái tim người khác rung động rất nhiều.,1
love_A,action,"Nếu bạn mở cuộc trò chuyện trước, năng lượng tốt ngày hôm nay sẽ làm mối quan hệ của bạn trở nên sâu sắc hơn.",1
love_A_geum_df_earth,intro,Đó là ngày mà sự quyến rũ lãng mạn của bạn lên đến đỉnh điểm và bạn để lại ấn tượng mạnh mẽ với đối phương.,1
love_A_geum_df_earth,effect,Sự thể hiện cảm xúc rõ ràng sẽ phát triển mối quan hệ với người khác một cách nhanh chóng.,1
love_A_geum_df_earth,action,Nếu bạn từng muốn bày tỏ cảm xúc của mình thì hôm nay là thời điểm hoàn hảo.,1
love_A_geum_df_earth,state,"Bình tĩnh phán đoán làm tăng trí tuệ, dẫn đến tuệ giác sâu sắc, và năng lượng bình tĩnh làm tăng trí tuệ, dẫn đến kết quả tốt.",1
love_A_geum_df_fire,intro,Đó là ngày mà sự quyến rũ lãng mạn của bạn lên đến đỉnh điểm và bạn để lại ấn tượng mạnh mẽ với đối phương.,1
love_A_geum_df_fire,effect,Sự thể hiện cảm xúc rõ ràng sẽ phát triển mối quan hệ với người khác một cách nhanh chóng.,1
love_A_geum_df_fire,action,Nếu bạn từng muốn bày tỏ cảm xúc của mình thì hôm nay là thời điểm hoàn hảo.,1
love_A_geum_df_fire,state,"Sự phán đoán bình tĩnh làm tăng sự khôn ngoan, dẫn đến cái nhìn sâu sắc, nguồn năng lượng sáng rõ làm tăng sức sống và tạo ra một dòng chảy tốt.",1
love_A_geum_df_water,intro,Đó là ngày mà sự quyến rũ lãng mạn của bạn lên đến đỉnh điểm và bạn để lại ấn tượng mạnh mẽ với đối phương.,1
love_A_geum_df_water,effect,Sự thể hiện cảm xúc rõ ràng sẽ phát triển mối quan hệ với người khác một cách nhanh chóng.,1
love_A_geum_df_water,action,Nếu bạn từng muốn bày tỏ cảm xúc của mình thì hôm nay là thời điểm hoàn hảo.,1
love_A_geum_df_water,state,"Sự phán đoán bình tĩnh làm tăng sự thận trọng và dẫn đến cái nhìn sâu sắc, và nguồn năng lượng mềm mại sẽ thanh lọc tâm trí một cách sâu sắc và mở ra tầm nhìn rõ ràng.",1
love_A_geum_df_wood,intro,Đó là ngày mà sự quyến rũ lãng mạn của bạn lên đến đỉnh điểm và bạn để lại ấn tượng mạnh mẽ với đối phương.,1
love_A_geum_df_wood,effect,Sự thể hiện cảm xúc rõ ràng sẽ phát triển mối quan hệ với người khác một cách nhanh chóng.,1
love_A_geum_df_wood,action,Nếu bạn từng muốn bày tỏ cảm xúc của mình thì hôm nay là thời điểm hoàn hảo.,1
love_A_geum_df_wood,state,"Sự phán đoán bình tĩnh làm tăng sự khôn ngoan, dẫn đến cái nhìn sâu sắc và năng lượng năng động mở ra những khả năng mới.",1
love_A_geum_ex_earth,intro,Đó là ngày mà sự quyến rũ lãng mạn của bạn lên đến đỉnh điểm và bạn để lại ấn tượng mạnh mẽ với đối phương.,1
love_A_geum_ex_earth,effect,Sự thể hiện cảm xúc rõ ràng sẽ phát triển mối quan hệ với người khác một cách nhanh chóng.,1
love_A_geum_ex_earth,action,Nếu bạn từng muốn bày tỏ cảm xúc của mình thì hôm nay là thời điểm hoàn hảo.,1
love_A_geum_ex_earth,state,"Khả năng phán đoán sắc bén xuyên suốt những điểm mấu chốt và đưa ra kết luận rõ ràng, năng lượng bình tĩnh làm tăng thêm sự thận trọng, dẫn đến kết quả tốt.",1
love_A_geum_ex_fire,intro,Đó là ngày mà sự quyến rũ lãng mạn của bạn lên đến đỉnh điểm và bạn để lại ấn tượng mạnh mẽ với đối phương.,1
love_A_geum_ex_fire,effect,Sự thể hiện cảm xúc rõ ràng sẽ phát triển mối quan hệ với người khác một cách nhanh chóng.,1
love_A_geum_ex_fire,action,Nếu bạn từng muốn bày tỏ cảm xúc của mình thì hôm nay là thời điểm hoàn hảo.,1
love_A_geum_ex_fire,state,"Khả năng phán đoán sắc bén xuyên suốt cốt lõi và rút ra kết luận rõ ràng, năng lượng rõ ràng tăng cường sinh lực và tạo ra dòng chảy tốt.",1
love_A_geum_ex_water,intro,Đó là ngày mà sự quyến rũ lãng mạn của bạn lên đến đỉnh điểm và bạn để lại ấn tượng mạnh mẽ với đối phương.,1
love_A_geum_ex_water,effect,Sự thể hiện cảm xúc rõ ràng sẽ phát triển mối quan hệ với người khác một cách nhanh chóng.,1
love_A_geum_ex_water,action,Nếu bạn từng muốn bày tỏ cảm xúc của mình thì hôm nay là thời điểm hoàn hảo.,1
love_A_geum_ex_water,state,"Khả năng phán đoán sắc bén xuyên thấu cốt lõi và đưa ra kết luận rõ ràng, năng lượng ẩm giúp tinh lọc sâu sắc tâm trí và mở ra tầm nhìn rõ ràng.",1
love_A_geum_ex_wood,intro,Đó là ngày mà sự quyến rũ lãng mạn của bạn lên đến đỉnh điểm và bạn để lại ấn tượng mạnh mẽ với đối phương.,1
love_A_geum_ex_wood,effect,Sự thể hiện cảm xúc rõ ràng sẽ phát triển mối quan hệ với người khác một cách nhanh chóng.,1
love_A_geum_ex_wood,action,Nếu bạn từng muốn bày tỏ cảm xúc của mình thì hôm nay là thời điểm hoàn hảo.,1
love_A_geum_ex_wood,state,"Khả năng phán đoán sắc bén đi sâu vào cốt lõi và đưa ra kết luận rõ ràng, năng lượng năng động mở ra những khả năng mới.",1
love_A_hwa_df_earth,intro,Đó là ngày mà niềm đam mê tình yêu dâng trào và bạn kéo người ấy thật sâu.,1
love_A_hwa_df_earth,effect,Những cảm xúc nóng bỏng khơi dậy một mối quan hệ và củng cố mối quan hệ.,1
love_A_hwa_df_earth,action,Nếu bạn truyền đạt cảm xúc của mình một cách chân thành thì người kia sẽ đáp lại một cách trọn vẹn.,1
love_A_hwa_df_earth,state,"Nội tâm bình tĩnh mang lại cho bạn sức mạnh để thể hiện trọn vẹn sự chân thành của mình, và năng lượng bình tĩnh làm tăng sự thận trọng, dẫn đến kết quả tốt.",1
love_A_hwa_df_fire,intro,Đó là ngày mà niềm đam mê tình yêu dâng trào và bạn kéo người ấy thật sâu.,1
love_A_hwa_df_fire,effect,Những cảm xúc nóng bỏng khơi dậy một mối quan hệ và củng cố mối quan hệ.,1
love_A_hwa_df_fire,action,Nếu bạn truyền đạt cảm xúc của mình một cách chân thành thì người kia sẽ đáp lại một cách trọn vẹn.,1
love_A_hwa_df_fire,state,"Nội tâm bình tĩnh mang lại cho bạn sức mạnh để thể hiện trọn vẹn sự chân thành của mình, đồng thời nguồn năng lượng sáng rõ sẽ nâng cao sức sống của bạn và tạo ra một dòng chảy tốt đẹp.",1
love_A_hwa_df_water,intro,Đó là ngày mà niềm đam mê tình yêu dâng trào và bạn kéo người ấy thật sâu.,1
love_A_hwa_df_water,effect,Những cảm xúc nóng bỏng khơi dậy một mối quan hệ và củng cố mối quan hệ.,1
love_A_hwa_df_water,action,Nếu bạn truyền đạt cảm xúc của mình một cách chân thành thì người kia sẽ đáp lại một cách trọn vẹn.,1
love_A_hwa_df_water,state,Nội tâm bình tĩnh mang lại cho bạn sức mạnh để thể hiện trọn vẹn cảm xúc thật của mình và năng lượng ẩm sẽ thanh lọc tâm trí bạn một cách sâu sắc và mở ra tầm nhìn rõ ràng.,1
love_A_hwa_df_wood,intro,Đó là ngày mà niềm đam mê tình yêu dâng trào và bạn kéo người ấy thật sâu.,1
love_A_hwa_df_wood,effect,Những cảm xúc nóng bỏng khơi dậy một mối quan hệ và củng cố mối quan hệ.,1
love_A_hwa_df_wood,action,Nếu bạn truyền đạt cảm xúc của mình một cách chân thành thì người kia sẽ đáp lại một cách trọn vẹn.,1
love_A_hwa_df_wood,state,Nội tâm bình tĩnh mang lại cho bạn sức mạnh để thể hiện trọn vẹn sự chân thành của mình và năng lượng năng động sẽ mở ra những khả năng mới.,1
love_A_hwa_ex_earth,intro,Đó là ngày mà niềm đam mê tình yêu dâng trào và bạn kéo người ấy thật sâu.,1
love_A_hwa_ex_earth,effect,Những cảm xúc nóng bỏng khơi dậy một mối quan hệ và củng cố mối quan hệ.,1
love_A_hwa_ex_earth,action,Nếu bạn truyền đạt cảm xúc của mình một cách chân thành thì người kia sẽ đáp lại một cách trọn vẹn.,1
love_A_hwa_ex_earth,state,"Niềm đam mê dâng trào làm tăng đáng kể động lực và tạo ra một dòng chảy tốt, năng lượng bình tĩnh làm tăng sự thận trọng, dẫn đến kết quả tốt.",1
love_A_hwa_ex_fire,intro,Đó là ngày mà niềm đam mê tình yêu dâng trào và bạn kéo người ấy thật sâu.,1
love_A_hwa_ex_fire,effect,Những cảm xúc nóng bỏng khơi dậy một mối quan hệ và củng cố mối quan hệ.,1
love_A_hwa_ex_fire,action,Nếu bạn truyền đạt cảm xúc của mình một cách chân thành thì người kia sẽ đáp lại một cách trọn vẹn.,1
love_A_hwa_ex_fire,state,"Niềm đam mê dâng trào làm tăng đáng kể động lực và tạo ra một dòng chảy tốt, nguồn năng lượng sáng rõ làm tăng sức sống và tạo ra một dòng chảy tốt.",1
love_A_hwa_ex_water,intro,Đó là ngày mà niềm đam mê tình yêu dâng trào và bạn kéo người ấy thật sâu.,1
love_A_hwa_ex_water,effect,Những cảm xúc nóng bỏng khơi dậy một mối quan hệ và củng cố mối quan hệ.,1
love_A_hwa_ex_water,action,Nếu bạn truyền đạt cảm xúc của mình một cách chân thành thì người kia sẽ đáp lại một cách trọn vẹn.,1
love_A_hwa_ex_water,state,"Niềm đam mê dâng trào làm tăng đáng kể động lực và tạo ra một dòng chảy tốt, nguồn năng lượng mềm mại giúp thanh lọc tâm trí một cách sâu sắc và mở ra tầm nhìn rõ ràng.",1
love_A_hwa_ex_wood,intro,Đó là ngày mà niềm đam mê tình yêu dâng trào và bạn kéo người ấy thật sâu.,1
love_A_hwa_ex_wood,effect,Những cảm xúc nóng bỏng khơi dậy một mối quan hệ và củng cố mối quan hệ.,1
love_A_hwa_ex_wood,action,Nếu bạn truyền đạt cảm xúc của mình một cách chân thành thì người kia sẽ đáp lại một cách trọn vẹn.,1
love_A_hwa_ex_wood,state,"Niềm đam mê dâng trào làm tăng động lực lên rất nhiều, tạo ra dòng chảy tốt, năng lượng năng động mở ra những khả năng mới.",1
love_A_mok_df_earth,intro,Đây là ngày để gặp gỡ những người mới hoặc làm sâu sắc thêm các mối quan hệ vì có rất nhiều năng lượng để phát triển mối quan hệ.,1
love_A_mok_df_earth,effect,Năng lượng tình yêu ngày càng mở rộng tạo ra những cuộc gặp gỡ mới và những mối liên kết sâu sắc.,1
love_A_mok_df_earth,action,Hãy chủ động và đi ra ngoài để gặp gỡ những người mới.,1
love_A_mok_df_earth,state,"Một cách tiếp cận thận trọng thực sự tạo ra một khởi đầu vững chắc, và một năng lượng bình tĩnh làm tăng sự thận trọng, dẫn đến kết quả tốt.",1
love_A_mok_df_fire,intro,Đây là ngày để gặp gỡ những người mới hoặc làm sâu sắc thêm các mối quan hệ vì có rất nhiều năng lượng để phát triển mối quan hệ.,1
love_A_mok_df_fire,effect,Năng lượng tình yêu ngày càng mở rộng tạo ra những cuộc gặp gỡ mới và những mối liên kết sâu sắc.,1
love_A_mok_df_fire,action,Hãy chủ động và đi ra ngoài để gặp gỡ những người mới.,1
love_A_mok_df_fire,state,"Một cách tiếp cận thận trọng thực sự tạo ra một khởi đầu vững chắc, và năng lượng rõ ràng sẽ tăng cường sức sống và tạo ra một dòng chảy tốt.",1
love_A_mok_df_water,intro,Đây là ngày để gặp gỡ những người mới hoặc làm sâu sắc thêm các mối quan hệ vì có rất nhiều năng lượng để phát triển mối quan hệ.,1
love_A_mok_df_water,effect,Năng lượng tình yêu ngày càng mở rộng tạo ra những cuộc gặp gỡ mới và những mối liên kết sâu sắc.,1
love_A_mok_df_water,action,Hãy chủ động và đi ra ngoài để gặp gỡ những người mới.,1
love_A_mok_df_water,state,"Một cách tiếp cận thận trọng tạo ra một khởi đầu vững chắc, và năng lượng ẩm sẽ thanh lọc tâm trí một cách sâu sắc và mở ra tầm nhìn rõ ràng.",1
love_A_mok_df_wood,intro,Đây là ngày để gặp gỡ những người mới hoặc làm sâu sắc thêm các mối quan hệ vì có rất nhiều năng lượng để phát triển mối quan hệ.,1
love_A_mok_df_wood,effect,Năng lượng tình yêu ngày càng mở rộng tạo ra những cuộc gặp gỡ mới và những mối liên kết sâu sắc.,1
love_A_mok_df_wood,action,Hãy chủ động và đi ra ngoài để gặp gỡ những người mới.,1
love_A_mok_df_wood,state,"Cách tiếp cận thận trọng tạo nên sự khởi đầu vững chắc, năng lượng năng động mở ra những khả năng mới.",1
love_A_mok_ex_earth,intro,Đây là ngày để gặp gỡ những người mới hoặc làm sâu sắc thêm các mối quan hệ vì có rất nhiều năng lượng để phát triển mối quan hệ.,1
love_A_mok_ex_earth,effect,Năng lượng tình yêu ngày càng mở rộng tạo ra những cuộc gặp gỡ mới và những mối liên kết sâu sắc.,1
love_A_mok_ex_earth,action,Hãy chủ động và đi ra ngoài để gặp gỡ những người mới.,1
love_A_mok_ex_earth,state,"Một ý chí mạnh mẽ sẽ tích cực mở ra những cơ hội mới, và một năng lượng bình tĩnh làm tăng sự thận trọng, dẫn đến kết quả tốt.",1
love_A_mok_ex_fire,intro,Đây là ngày để gặp gỡ những người mới hoặc làm sâu sắc thêm các mối quan hệ vì có rất nhiều năng lượng để phát triển mối quan hệ.,1
love_A_mok_ex_fire,effect,Năng lượng tình yêu ngày càng mở rộng tạo ra những cuộc gặp gỡ mới và những mối liên kết sâu sắc.,1
love_A_mok_ex_fire,action,Hãy chủ động và đi ra ngoài để gặp gỡ những người mới.,1
love_A_mok_ex_fire,state,"Ý chí mạnh mẽ sẽ tích cực mở ra những cơ hội mới, nguồn năng lượng sáng rõ làm tăng sinh lực và tạo nên dòng chảy tốt đẹp.",1
love_A_mok_ex_water,intro,Đây là ngày để gặp gỡ những người mới hoặc làm sâu sắc thêm các mối quan hệ vì có rất nhiều năng lượng để phát triển mối quan hệ.,1
love_A_mok_ex_water,effect,Năng lượng tình yêu ngày càng mở rộng tạo ra những cuộc gặp gỡ mới và những mối liên kết sâu sắc.,1
love_A_mok_ex_water,action,Hãy chủ động và đi ra ngoài để gặp gỡ những người mới.,1
love_A_mok_ex_water,state,"Ý chí mạnh mẽ sẽ tích cực mở ra những cơ hội mới, năng lượng ẩm sẽ rèn luyện tâm trí một cách sâu sắc và mở ra tầm nhìn rõ ràng.",1
love_A_mok_ex_wood,intro,Đây là ngày để gặp gỡ những người mới hoặc làm sâu sắc thêm các mối quan hệ vì có rất nhiều năng lượng để phát triển mối quan hệ.,1
love_A_mok_ex_wood,effect,Năng lượng tình yêu ngày càng mở rộng tạo ra những cuộc gặp gỡ mới và những mối liên kết sâu sắc.,1
love_A_mok_ex_wood,action,Hãy chủ động và đi ra ngoài để gặp gỡ những người mới.,1
love_A_mok_ex_wood,state,"Một ý chí mạnh mẽ sẽ tích cực mở ra những cơ hội mới, và một năng lượng năng động sẽ mở ra những khả năng mới.",1
love_A_su_df_earth,intro,Đó là ngày mà cảm xúc trôi chảy một cách tự nhiên và việc giao tiếp với người khác diễn ra liền mạch.,1
love_A_su_df_earth,effect,Một cuộc trò chuyện trôi chảy sẽ thu hẹp khoảng cách giữa bạn và người khác.,1
love_A_su_df_earth,action,Giao tiếp cởi mở và trung thực sẽ làm sâu sắc thêm mối quan hệ của bạn.,1
love_A_su_df_earth,state,"Một trung tâm vững chắc giúp bạn duy trì phương hướng của mình mà không dao động, và một năng lượng bình tĩnh làm tăng sự thận trọng, dẫn đến kết quả tốt.",1
love_A_su_df_fire,intro,Đó là ngày mà cảm xúc trôi chảy một cách tự nhiên và việc giao tiếp với người khác diễn ra liền mạch.,1
love_A_su_df_fire,effect,Một cuộc trò chuyện trôi chảy sẽ thu hẹp khoảng cách giữa bạn và người khác.,1
love_A_su_df_fire,action,Giao tiếp cởi mở và trung thực sẽ làm sâu sắc thêm mối quan hệ của bạn.,1
love_A_su_df_fire,state,"Một trung tâm vững chắc giúp bạn đi đúng hướng mà không dao động, và nguồn năng lượng sáng rõ sẽ tăng cường sinh lực và tạo ra một dòng chảy tốt.",1
love_A_su_df_water,intro,Đó là ngày mà cảm xúc trôi chảy một cách tự nhiên và việc giao tiếp với người khác diễn ra liền mạch.,1
love_A_su_df_water,effect,Một cuộc trò chuyện trôi chảy sẽ thu hẹp khoảng cách giữa bạn và người khác.,1
love_A_su_df_water,action,Giao tiếp cởi mở và trung thực sẽ làm sâu sắc thêm mối quan hệ của bạn.,1
love_A_su_df_water,state,"Một trung tâm vững chắc giúp bạn giữ vững phương hướng mà không dao động, và năng lượng ẩm sẽ thanh lọc tâm trí bạn một cách sâu sắc và mở ra tầm nhìn rõ ràng.",1
love_A_su_df_wood,intro,Đó là ngày mà cảm xúc trôi chảy một cách tự nhiên và việc giao tiếp với người khác diễn ra liền mạch.,1
love_A_su_df_wood,effect,Một cuộc trò chuyện trôi chảy sẽ thu hẹp khoảng cách giữa bạn và người khác.,1
love_A_su_df_wood,action,Giao tiếp cởi mở và trung thực sẽ làm sâu sắc thêm mối quan hệ của bạn.,1
love_A_su_df_wood,state,"Một trung tâm vững chắc duy trì phương hướng mà không dao động, và năng lượng động mở ra những khả năng mới.",1
love_A_su_ex_earth,intro,Đó là ngày mà cảm xúc trôi chảy một cách tự nhiên và việc giao tiếp với người khác diễn ra liền mạch.,1
love_A_su_ex_earth,effect,Một cuộc trò chuyện trôi chảy sẽ thu hẹp khoảng cách giữa bạn và người khác.,1
love_A_su_ex_earth,action,Giao tiếp cởi mở và trung thực sẽ làm sâu sắc thêm mối quan hệ của bạn.,1
love_A_su_ex_earth,state,"Sự nhạy cảm phong phú dẫn đến cái nhìn sâu sắc và giúp phán đoán tốt, năng lượng bình tĩnh làm tăng sự thận trọng, dẫn đến kết quả tốt.",1
love_A_su_ex_fire,intro,Đó là ngày mà cảm xúc trôi chảy một cách tự nhiên và việc giao tiếp với người khác diễn ra liền mạch.,1
love_A_su_ex_fire,effect,Một cuộc trò chuyện trôi chảy sẽ thu hẹp khoảng cách giữa bạn và người khác.,1
love_A_su_ex_fire,action,Giao tiếp cởi mở và trung thực sẽ làm sâu sắc thêm mối quan hệ của bạn.,1
love_A_su_ex_fire,state,"Sự nhạy cảm phong phú dẫn đến cái nhìn sâu sắc và giúp đưa ra những quyết định đúng đắn, đồng thời năng lượng rõ ràng làm tăng sức sống và tạo ra một dòng chảy tốt.",1
love_A_su_ex_water,intro,Đó là ngày mà cảm xúc trôi chảy một cách tự nhiên và việc giao tiếp với người khác diễn ra liền mạch.,1
love_A_su_ex_water,effect,Một cuộc trò chuyện trôi chảy sẽ thu hẹp khoảng cách giữa bạn và người khác.,1
love_A_su_ex_water,action,Giao tiếp cởi mở và trung thực sẽ làm sâu sắc thêm mối quan hệ của bạn.,1
love_A_su_ex_water,state,"Sự nhạy cảm phong phú dẫn đến cái nhìn sâu sắc và giúp phán đoán tốt, đồng thời năng lượng ẩm giúp thanh lọc tâm trí một cách sâu sắc và mở ra tầm nhìn rõ ràng.",1
love_A_su_ex_wood,intro,Đó là ngày mà cảm xúc trôi chảy một cách tự nhiên và việc giao tiếp với người khác diễn ra liền mạch.,1
love_A_su_ex_wood,effect,Một cuộc trò chuyện trôi chảy sẽ thu hẹp khoảng cách giữa bạn và người khác.,1
love_A_su_ex_wood,action,Giao tiếp cởi mở và trung thực sẽ làm sâu sắc thêm mối quan hệ của bạn.,1
love_A_su_ex_wood,state,"Sự nhạy cảm phong phú dẫn đến cái nhìn sâu sắc và giúp đưa ra những quyết định đúng đắn, đồng thời năng lượng năng động mở ra những khả năng mới.",1
love_A_to_df_earth,intro,Đó là ngày mà năng lượng ổn định của tình yêu mang lại sự bình yên và tin cậy cho các mối quan hệ.,1
love_A_to_df_earth,effect,Một mối liên kết chặt chẽ làm cho mối quan hệ trở nên bền chặt hơn.,1
love_A_to_df_earth,action,Xây dựng niềm tin bằng cách thể hiện sự quan tâm hàng ngày đến người khác.,1
love_A_to_df_earth,state,"Một thái độ linh hoạt cho phép bạn chấp nhận những xu hướng mới một cách tự nhiên, và năng lượng bình tĩnh sẽ làm tăng sự thận trọng, dẫn đến kết quả tốt.",1
love_A_to_df_fire,intro,Đó là ngày mà năng lượng ổn định của tình yêu mang lại sự bình yên và tin cậy cho các mối quan hệ.,1
love_A_to_df_fire,effect,Một mối liên kết chặt chẽ làm cho mối quan hệ trở nên bền chặt hơn.,1
love_A_to_df_fire,action,Xây dựng niềm tin bằng cách thể hiện sự quan tâm hàng ngày đến người khác.,1
love_A_to_df_fire,state,"Một thái độ linh hoạt cho phép bạn chấp nhận những xu hướng mới một cách tự nhiên, năng lượng rõ ràng làm tăng sức sống và tạo ra một dòng chảy tốt.",1
love_A_to_df_water,intro,Đó là ngày mà năng lượng ổn định của tình yêu mang lại sự bình yên và tin cậy cho các mối quan hệ.,1
love_A_to_df_water,effect,Một mối liên kết chặt chẽ làm cho mối quan hệ trở nên bền chặt hơn.,1
love_A_to_df_water,action,Xây dựng niềm tin bằng cách thể hiện sự quan tâm hàng ngày đến người khác.,1
love_A_to_df_water,state,"Một thái độ linh hoạt cho phép bạn chấp nhận các xu hướng mới một cách tự nhiên, và năng lượng ẩm sẽ thanh lọc tâm trí một cách sâu sắc và mở ra tầm nhìn rõ ràng.",1
love_A_to_df_wood,intro,Đó là ngày mà năng lượng ổn định của tình yêu mang lại sự bình yên và tin cậy cho các mối quan hệ.,1
love_A_to_df_wood,effect,Một mối liên kết chặt chẽ làm cho mối quan hệ trở nên bền chặt hơn.,1
love_A_to_df_wood,action,Xây dựng niềm tin bằng cách thể hiện sự quan tâm hàng ngày đến người khác.,1
love_A_to_df_wood,state,Một thái độ linh hoạt cho phép bạn chấp nhận những xu hướng mới một cách tự nhiên và năng lượng năng động sẽ mở ra những khả năng mới.,1
love_A_to_ex_earth,intro,Đó là ngày mà năng lượng ổn định của tình yêu mang lại sự bình yên và tin cậy cho các mối quan hệ.,1
love_A_to_ex_earth,effect,Một mối liên kết chặt chẽ làm cho mối quan hệ trở nên bền chặt hơn.,1
love_A_to_ex_earth,action,Xây dựng niềm tin bằng cách thể hiện sự quan tâm hàng ngày đến người khác.,1
love_A_to_ex_earth,state,"Một cảm giác ổn định mạnh mẽ trở thành nền tảng vững chắc cho mọi việc, và một năng lượng bình tĩnh làm tăng tính thận trọng, dẫn đến kết quả tốt.",1
love_A_to_ex_fire,intro,Đó là ngày mà năng lượng ổn định của tình yêu mang lại sự bình yên và tin cậy cho các mối quan hệ.,1
love_A_to_ex_fire,effect,Một mối liên kết chặt chẽ làm cho mối quan hệ trở nên bền chặt hơn.,1
love_A_to_ex_fire,action,Xây dựng niềm tin bằng cách thể hiện sự quan tâm hàng ngày đến người khác.,1
love_A_to_ex_fire,state,"Cảm giác ổn định mạnh mẽ trở thành nền tảng vững chắc cho mọi thứ, nguồn năng lượng sáng rõ tăng cường sức sống và tạo ra một dòng chảy tốt.",1
love_A_to_ex_water,intro,Đó là ngày mà năng lượng ổn định của tình yêu mang lại sự bình yên và tin cậy cho các mối quan hệ.,1
love_A_to_ex_water,effect,Một mối liên kết chặt chẽ làm cho mối quan hệ trở nên bền chặt hơn.,1
love_A_to_ex_water,action,Xây dựng niềm tin bằng cách thể hiện sự quan tâm hàng ngày đến người khác.,1
love_A_to_ex_water,state,"Cảm giác ổn định mạnh mẽ trở thành nền tảng vững chắc cho mọi thứ, và năng lượng ẩm sẽ thanh lọc tâm trí một cách sâu sắc và mở ra tầm nhìn rõ ràng.",1
love_A_to_ex_wood,intro,Đó là ngày mà năng lượng ổn định của tình yêu mang lại sự bình yên và tin cậy cho các mối quan hệ.,1
love_A_to_ex_wood,effect,Một mối liên kết chặt chẽ làm cho mối quan hệ trở nên bền chặt hơn.,1
love_A_to_ex_wood,action,Xây dựng niềm tin bằng cách thể hiện sự quan tâm hàng ngày đến người khác.,1
love_A_to_ex_wood,state,Cảm giác ổn định mạnh mẽ mang lại nền tảng vững chắc cho mọi thứ và năng lượng năng động mở ra những khả năng mới.,1
love_B,intro,Năng lượng mối quan hệ hôm nay ấm áp và bạn có thể trở nên gần gũi hơn với đối tác của mình một cách tự nhiên.,1
love_B,intro,Hôm nay là ngày mà cảm xúc được thể hiện một cách tự nhiên và sự ấm áp được thêm vào các mối quan hệ.,1
love_B,effect,Những cân nhắc và lợi ích nhỏ có tác dụng làm cho mối quan hệ bền chặt hơn.,1
love_B,effect,Mối quan hệ với đối tác của bạn hoặc những người xung quanh bạn ngày càng sâu sắc hơn và bầu không khí tốt đẹp được tạo ra.,1
love_B,action,"Hôm nay, một hành động nhỏ sẽ có ý nghĩa hơn lời nói đối với người khác.",1
love_B,action,Đó là ngày mà việc thể hiện cảm xúc của bạn một cách tự nhiên sẽ đưa mối quan hệ của bạn tiến gần hơn một bước.,1
love_B_geum_df_earth,intro,Đó là ngày mà dòng chảy tình yêu tiếp tục ổn định và mối quan hệ được duy trì suôn sẻ.,1
love_B_geum_df_earth,effect,Cảm xúc được thể hiện một cách cân bằng nên mối quan hệ với đối phương được suôn sẻ.,1
love_B_geum_df_earth,action,"Nếu có điều gì đó thiếu sót trong mối quan hệ của bạn ngày hôm nay, hãy thành thật về điều đó.",1
love_B_geum_df_earth,state,"Ngay cả khi quyết tâm của bạn trở nên mờ mịt, dòng chảy của cuộc sống hàng ngày vẫn tiếp tục suôn sẻ, và năng lượng mây mù làm tăng thêm bầu không khí tĩnh lặng, tạo cảm giác yên bình.",1
love_B_geum_df_fire,intro,Đó là ngày mà dòng chảy tình yêu tiếp tục ổn định và mối quan hệ được duy trì suôn sẻ.,1
love_B_geum_df_fire,effect,Cảm xúc được thể hiện một cách cân bằng nên mối quan hệ với đối phương được suôn sẻ.,1
love_B_geum_df_fire,action,"Nếu có điều gì đó thiếu sót trong mối quan hệ của bạn ngày hôm nay, hãy thành thật về điều đó.",1
love_B_geum_df_fire,state,"Ngay cả khi quyết tâm của bạn trở nên mờ mịt, dòng chảy cuộc sống hàng ngày của bạn vẫn tiếp tục suôn sẻ, và nguồn năng lượng sáng rõ tiếp thêm sức sống nhẹ nhàng, tạo nên một dòng chảy trôi chảy.",1
love_B_geum_df_water,intro,Đó là ngày mà dòng chảy tình yêu tiếp tục ổn định và mối quan hệ được duy trì suôn sẻ.,1
love_B_geum_df_water,effect,Cảm xúc được thể hiện một cách cân bằng nên mối quan hệ với đối phương được suôn sẻ.,1
love_B_geum_df_water,action,"Nếu có điều gì đó thiếu sót trong mối quan hệ của bạn ngày hôm nay, hãy thành thật về điều đó.",1
love_B_geum_df_water,state,"Ngay cả khi quyết tâm của bạn trở nên buồn tẻ, dòng chảy của cuộc sống hàng ngày vẫn tiếp tục suôn sẻ và nguồn năng lượng mềm mại mang lại cảm giác êm đềm kéo dài cho cảm xúc của bạn.",1
love_B_geum_df_wood,intro,Đó là ngày mà dòng chảy tình yêu tiếp tục ổn định và mối quan hệ được duy trì suôn sẻ.,1
love_B_geum_df_wood,effect,Cảm xúc được thể hiện một cách cân bằng nên mối quan hệ với đối phương được suôn sẻ.,1
love_B_geum_df_wood,action,"Nếu có điều gì đó thiếu sót trong mối quan hệ của bạn ngày hôm nay, hãy thành thật về điều đó.",1
love_B_geum_df_wood,state,"Ngay cả khi quyết tâm của bạn trở nên mờ mịt, dòng chảy của cuộc sống hàng ngày vẫn tiếp tục suôn sẻ và năng lượng thay đổi nhỏ sẽ bổ sung thêm sự kích thích thích hợp.",1
love_B_geum_ex_earth,intro,Đó là ngày mà dòng chảy tình yêu tiếp tục ổn định và mối quan hệ được duy trì suôn sẻ.,1
love_B_geum_ex_earth,effect,Cảm xúc được thể hiện một cách cân bằng nên mối quan hệ với đối phương được suôn sẻ.,1
love_B_geum_ex_earth,action,"Nếu có điều gì đó thiếu sót trong mối quan hệ của bạn ngày hôm nay, hãy thành thật về điều đó.",1
love_B_geum_ex_earth,state,"Khả năng phán đoán mang tính phân tích diễn ra một cách tự nhiên với tốc độ thông thường và nguồn năng lượng trầm góp phần tạo nên bầu không khí yên tĩnh, tạo cảm giác yên bình.",1
love_B_geum_ex_fire,intro,Đó là ngày mà dòng chảy tình yêu tiếp tục ổn định và mối quan hệ được duy trì suôn sẻ.,1
love_B_geum_ex_fire,effect,Cảm xúc được thể hiện một cách cân bằng nên mối quan hệ với đối phương được suôn sẻ.,1
love_B_geum_ex_fire,action,"Nếu có điều gì đó thiếu sót trong mối quan hệ của bạn ngày hôm nay, hãy thành thật về điều đó.",1
love_B_geum_ex_fire,state,"Phán đoán phân tích diễn ra theo nhịp độ thông thường một cách tự nhiên và nguồn năng lượng sáng rõ tiếp thêm sức sống nhẹ nhàng, tạo nên một dòng chảy trôi chảy.",1
love_B_geum_ex_water,intro,Đó là ngày mà dòng chảy tình yêu tiếp tục ổn định và mối quan hệ được duy trì suôn sẻ.,1
love_B_geum_ex_water,effect,Cảm xúc được thể hiện một cách cân bằng nên mối quan hệ với đối phương được suôn sẻ.,1
love_B_geum_ex_water,action,"Nếu có điều gì đó thiếu sót trong mối quan hệ của bạn ngày hôm nay, hãy thành thật về điều đó.",1
love_B_geum_ex_water,state,Khả năng phán đoán mang tính phân tích diễn ra một cách tự nhiên theo tốc độ thông thường của bạn và nguồn năng lượng mềm mại sẽ mang lại dư vị êm dịu cho cảm xúc của bạn.,1
love_B_geum_ex_wood,intro,Đó là ngày mà dòng chảy tình yêu tiếp tục ổn định và mối quan hệ được duy trì suôn sẻ.,1
love_B_geum_ex_wood,effect,Cảm xúc được thể hiện một cách cân bằng nên mối quan hệ với đối phương được suôn sẻ.,1
love_B_geum_ex_wood,action,"Nếu có điều gì đó thiếu sót trong mối quan hệ của bạn ngày hôm nay, hãy thành thật về điều đó.",1
love_B_geum_ex_wood,state,Phán đoán mang tính phân tích diễn ra theo nhịp độ thông thường một cách tự nhiên và năng lượng thay đổi nhỏ sẽ tạo thêm sự kích thích thích hợp.,1
love_B_hwa_df_earth,intro,Đó là ngày mà niềm đam mê tình yêu được duy trì đồng đều và giao tiếp với đối phương diễn ra tốt đẹp.,1
love_B_hwa_df_earth,effect,Thể hiện những cảm xúc ấm áp để lại ấn tượng tốt với người đối diện.,1
love_B_hwa_df_earth,action,Thể hiện cảm xúc của bạn một cách tự nhiên và tiếp tục mối quan hệ của bạn một cách suôn sẻ.,1
love_B_hwa_df_earth,state,"Mặc dù biểu hiện bị hạn chế nhưng sự ổn định của mối quan hệ vẫn dễ dàng được duy trì và nguồn năng lượng trầm làm tăng thêm bầu không khí yên tĩnh, dẫn đến cảm giác yên bình.",1
love_B_hwa_df_fire,intro,Đó là ngày mà niềm đam mê tình yêu được duy trì đồng đều và giao tiếp với đối phương diễn ra tốt đẹp.,1
love_B_hwa_df_fire,effect,Thể hiện những cảm xúc ấm áp để lại ấn tượng tốt với người đối diện.,1
love_B_hwa_df_fire,action,Thể hiện cảm xúc của bạn một cách tự nhiên và tiếp tục mối quan hệ của bạn một cách suôn sẻ.,1
love_B_hwa_df_fire,state,"Ngay cả khi hạn chế biểu hiện, sự ổn định của mối quan hệ vẫn dễ dàng được duy trì, nguồn năng lượng sáng rõ tiếp thêm sức sống nhẹ nhàng, tạo nên dòng chảy trôi chảy.",1
love_B_hwa_df_water,intro,Đó là ngày mà niềm đam mê tình yêu được duy trì đồng đều và giao tiếp với đối phương diễn ra tốt đẹp.,1
love_B_hwa_df_water,effect,Thể hiện những cảm xúc ấm áp để lại ấn tượng tốt với người đối diện.,1
love_B_hwa_df_water,action,Thể hiện cảm xúc của bạn một cách tự nhiên và tiếp tục mối quan hệ của bạn một cách suôn sẻ.,1
love_B_hwa_df_water,state,"Ngay cả khi những biểu hiện bị hạn chế, sự ổn định của mối quan hệ vẫn dễ dàng được duy trì và nguồn năng lượng mềm mại mang lại cảm giác êm đềm kéo dài cho cảm xúc.",1
love_B_hwa_df_wood,intro,Đó là ngày mà niềm đam mê tình yêu được duy trì đồng đều và giao tiếp với đối phương diễn ra tốt đẹp.,1
love_B_hwa_df_wood,effect,Thể hiện những cảm xúc ấm áp để lại ấn tượng tốt với người đối diện.,1
love_B_hwa_df_wood,action,Thể hiện cảm xúc của bạn một cách tự nhiên và tiếp tục mối quan hệ của bạn một cách suôn sẻ.,1
love_B_hwa_df_wood,state,"Ngay cả khi những biểu hiện bị hạn chế, sự ổn định của mối quan hệ vẫn dễ dàng được duy trì và năng lượng thay đổi nhỏ sẽ tăng thêm sự kích thích thích hợp.",1
love_B_hwa_ex_earth,intro,Đó là ngày mà niềm đam mê tình yêu được duy trì đồng đều và giao tiếp với đối phương diễn ra tốt đẹp.,1
love_B_hwa_ex_earth,effect,Thể hiện những cảm xúc ấm áp để lại ấn tượng tốt với người đối diện.,1
love_B_hwa_ex_earth,action,Thể hiện cảm xúc của bạn một cách tự nhiên và tiếp tục mối quan hệ của bạn một cách suôn sẻ.,1
love_B_hwa_ex_earth,state,"Niềm đam mê còn sống nhưng sự cân bằng cũng được duy trì, dẫn đến một ngày ổn định, năng lượng mây mù tạo thêm bầu không khí tĩnh lặng, dẫn đến sự thanh thản.",1
love_B_hwa_ex_fire,intro,Đó là ngày mà niềm đam mê tình yêu được duy trì đồng đều và giao tiếp với đối phương diễn ra tốt đẹp.,1
love_B_hwa_ex_fire,effect,Thể hiện những cảm xúc ấm áp để lại ấn tượng tốt với người đối diện.,1
love_B_hwa_ex_fire,action,Thể hiện cảm xúc của bạn một cách tự nhiên và tiếp tục mối quan hệ của bạn một cách suôn sẻ.,1
love_B_hwa_ex_fire,state,"Niềm đam mê còn sống nhưng sự cân bằng cũng được duy trì, dẫn đến một ngày ổn định, nguồn năng lượng sáng rõ tiếp thêm sức sống nhẹ nhàng, tạo nên dòng chảy trôi chảy.",1
love_B_hwa_ex_water,intro,Đó là ngày mà niềm đam mê tình yêu được duy trì đồng đều và giao tiếp với đối phương diễn ra tốt đẹp.,1
love_B_hwa_ex_water,effect,Thể hiện những cảm xúc ấm áp để lại ấn tượng tốt với người đối diện.,1
love_B_hwa_ex_water,action,Thể hiện cảm xúc của bạn một cách tự nhiên và tiếp tục mối quan hệ của bạn một cách suôn sẻ.,1
love_B_hwa_ex_water,state,"Niềm đam mê vẫn tồn tại và sự cân bằng được duy trì, dẫn đến một ngày ổn định và nguồn năng lượng mềm mại mang lại cảm giác êm đềm kéo dài cho cảm xúc.",1
love_B_hwa_ex_wood,intro,Đó là ngày mà niềm đam mê tình yêu được duy trì đồng đều và giao tiếp với đối phương diễn ra tốt đẹp.,1
love_B_hwa_ex_wood,effect,Thể hiện những cảm xúc ấm áp để lại ấn tượng tốt với người đối diện.,1
love_B_hwa_ex_wood,action,Thể hiện cảm xúc của bạn một cách tự nhiên và tiếp tục mối quan hệ của bạn một cách suôn sẻ.,1
love_B_hwa_ex_wood,state,"Niềm đam mê sống động và cân bằng, dẫn đến một ngày ổn định, và một chút năng lượng thay đổi sẽ bổ sung thêm sự kích thích thích hợp.",1
love_B_mok_df_earth,intro,Đó là ngày mà các mối quan hệ phát triển từng chút một và những mối liên kết sâu sắc hơn được hình thành.,1
love_B_mok_df_earth,effect,Sự phát triển mối quan hệ dần dần làm tăng sự tin tưởng và thân mật.,1
love_B_mok_df_earth,action,Hãy tận hưởng trải nghiệm mới với đối tác của bạn ngay hôm nay.,1
love_B_mok_df_earth,state,"Ngay cả khi bạn thận trọng khi thử những điều mới, cuộc sống hàng ngày của bạn vẫn trôi chảy đều đặn và nguồn năng lượng trầm càng tạo thêm bầu không khí tĩnh lặng, dẫn đến cảm giác yên bình.",1
love_B_mok_df_fire,intro,Đó là ngày mà các mối quan hệ phát triển từng chút một và những mối liên kết sâu sắc hơn được hình thành.,1
love_B_mok_df_fire,effect,Sự phát triển mối quan hệ dần dần làm tăng sự tin tưởng và thân mật.,1
love_B_mok_df_fire,action,Hãy tận hưởng trải nghiệm mới với đối tác của bạn ngay hôm nay.,1
love_B_mok_df_fire,state,"Ngay cả khi bạn thận trọng khi thử những điều mới, cuộc sống hàng ngày của bạn vẫn trôi chảy đều đặn và nguồn năng lượng sáng rõ tiếp thêm sức sống nhẹ nhàng, tạo nên một dòng chảy trôi chảy.",1
love_B_mok_df_water,intro,Đó là ngày mà các mối quan hệ phát triển từng chút một và những mối liên kết sâu sắc hơn được hình thành.,1
love_B_mok_df_water,effect,Sự phát triển mối quan hệ dần dần làm tăng sự tin tưởng và thân mật.,1
love_B_mok_df_water,action,Hãy tận hưởng trải nghiệm mới với đối tác của bạn ngay hôm nay.,1
love_B_mok_df_water,state,"Ngay cả khi bạn thận trọng khi thử những điều mới, cuộc sống hàng ngày của bạn vẫn trôi chảy đều đặn và nguồn năng lượng mềm mại sẽ mang lại cảm giác êm đềm kéo dài cho cảm xúc của bạn.",1
love_B_mok_df_wood,intro,Đó là ngày mà các mối quan hệ phát triển từng chút một và những mối liên kết sâu sắc hơn được hình thành.,1
love_B_mok_df_wood,effect,Sự phát triển mối quan hệ dần dần làm tăng sự tin tưởng và thân mật.,1
love_B_mok_df_wood,action,Hãy tận hưởng trải nghiệm mới với đối tác của bạn ngay hôm nay.,1
love_B_mok_df_wood,state,"Ngay cả khi bạn thận trọng khi thử những điều mới, cuộc sống hàng ngày của bạn vẫn trôi chảy đều đặn và một chút năng lượng của sự thay đổi sẽ tạo thêm sự kích thích thích hợp.",1
love_B_mok_ex_earth,intro,Đó là ngày mà các mối quan hệ phát triển từng chút một và những mối liên kết sâu sắc hơn được hình thành.,1
love_B_mok_ex_earth,effect,Sự phát triển mối quan hệ dần dần làm tăng sự tin tưởng và thân mật.,1
love_B_mok_ex_earth,action,Hãy tận hưởng trải nghiệm mới với đối tác của bạn ngay hôm nay.,1
love_B_mok_ex_earth,state,"Động lực vững chắc sẽ tiến bộ từng bước một, năng lượng vẩn đục làm tăng thêm bầu không khí tĩnh lặng, dẫn đến sự tĩnh lặng.",1
love_B_mok_ex_fire,intro,Đó là ngày mà các mối quan hệ phát triển từng chút một và những mối liên kết sâu sắc hơn được hình thành.,1
love_B_mok_ex_fire,effect,Sự phát triển mối quan hệ dần dần làm tăng sự tin tưởng và thân mật.,1
love_B_mok_ex_fire,action,Hãy tận hưởng trải nghiệm mới với đối tác của bạn ngay hôm nay.,1
love_B_mok_ex_fire,state,"Động lực vững chắc giúp bạn tiến bộ từng bước, nguồn năng lượng sáng rõ tiếp thêm sức sống nhẹ nhàng, tạo nên một dòng chảy trôi chảy.",1
love_B_mok_ex_water,intro,Đó là ngày mà các mối quan hệ phát triển từng chút một và những mối liên kết sâu sắc hơn được hình thành.,1
love_B_mok_ex_water,effect,Sự phát triển mối quan hệ dần dần làm tăng sự tin tưởng và thân mật.,1
love_B_mok_ex_water,action,Hãy tận hưởng trải nghiệm mới với đối tác của bạn ngay hôm nay.,1
love_B_mok_ex_water,state,Động lực ổn định sẽ tiến bộ từng bước và nguồn năng lượng mềm mại tạo thêm cảm giác êm đềm kéo dài cho cảm xúc.,1
love_B_mok_ex_wood,intro,Đó là ngày mà các mối quan hệ phát triển từng chút một và những mối liên kết sâu sắc hơn được hình thành.,1
love_B_mok_ex_wood,effect,Sự phát triển mối quan hệ dần dần làm tăng sự tin tưởng và thân mật.,1
love_B_mok_ex_wood,action,Hãy tận hưởng trải nghiệm mới với đối tác của bạn ngay hôm nay.,1
love_B_mok_ex_wood,state,"Động lực ổn định làm cho sự tiến bộ bình thường từng bước một, và năng lượng thay đổi yếu sẽ bổ sung thêm sự kích thích thích hợp.",1
love_B_su_df_earth,intro,Đó là ngày mà việc giao tiếp tình cảm diễn ra suôn sẻ và các mối quan hệ vẫn tiếp tục mà không có hiểu lầm.,1
love_B_su_df_earth,effect,Trao đổi cảm xúc tự nhiên làm cho dòng chảy của các mối quan hệ trôi chảy.,1
love_B_su_df_earth,action,Chia sẻ cảm xúc của bạn một cách cởi mở hơn bình thường.,1
love_B_su_df_earth,state,"Mặc dù có phần thiếu linh hoạt, nhưng nhịp điệu cơ bản vẫn được duy trì mà không gặp khó khăn gì, năng lượng mây mù tăng thêm bầu không khí tĩnh lặng, dẫn đến cảm giác yên bình.",1
love_B_su_df_fire,intro,Đó là ngày mà việc giao tiếp tình cảm diễn ra suôn sẻ và các mối quan hệ vẫn tiếp tục mà không có hiểu lầm.,1
love_B_su_df_fire,effect,Trao đổi cảm xúc tự nhiên làm cho dòng chảy của các mối quan hệ trôi chảy.,1
love_B_su_df_fire,action,Chia sẻ cảm xúc của bạn một cách cởi mở hơn bình thường.,1
love_B_su_df_fire,state,"Mặc dù có phần thiếu linh hoạt nhưng nhịp điệu cơ bản vẫn được duy trì mà không gặp khó khăn gì, nguồn năng lượng sáng rõ tiếp thêm sức sống nhẹ nhàng, tạo nên một dòng chảy trôi chảy.",1
love_B_su_df_water,intro,Đó là ngày mà việc giao tiếp tình cảm diễn ra suôn sẻ và các mối quan hệ vẫn tiếp tục mà không có hiểu lầm.,1
love_B_su_df_water,effect,Trao đổi cảm xúc tự nhiên làm cho dòng chảy của các mối quan hệ trôi chảy.,1
love_B_su_df_water,action,Chia sẻ cảm xúc của bạn một cách cởi mở hơn bình thường.,1
love_B_su_df_water,state,"Mặc dù thiếu linh hoạt, nhưng nhịp điệu cơ bản vẫn được duy trì mà không gặp khó khăn gì, và nguồn năng lượng mềm mại mang lại cảm giác êm dịu kéo dài cho cảm xúc.",1
love_B_su_df_wood,intro,Đó là ngày mà việc giao tiếp tình cảm diễn ra suôn sẻ và các mối quan hệ vẫn tiếp tục mà không có hiểu lầm.,1
love_B_su_df_wood,effect,Trao đổi cảm xúc tự nhiên làm cho dòng chảy của các mối quan hệ trôi chảy.,1
love_B_su_df_wood,action,Chia sẻ cảm xúc của bạn một cách cởi mở hơn bình thường.,1
love_B_su_df_wood,state,"Mặc dù có phần thiếu linh hoạt, nhưng nhịp điệu cơ bản vẫn được duy trì mà không gặp khó khăn gì, và một chút năng lượng thay đổi sẽ tăng thêm sự kích thích thích hợp.",1
love_B_su_ex_earth,intro,Đó là ngày mà việc giao tiếp tình cảm diễn ra suôn sẻ và các mối quan hệ vẫn tiếp tục mà không có hiểu lầm.,1
love_B_su_ex_earth,effect,Trao đổi cảm xúc tự nhiên làm cho dòng chảy của các mối quan hệ trôi chảy.,1
love_B_su_ex_earth,action,Chia sẻ cảm xúc của bạn một cách cởi mở hơn bình thường.,1
love_B_su_ex_earth,state,"Một ngày tràn ngập cảm xúc, khiến nó trở thành một ngày tập trung hơn bình thường, và nguồn năng lượng trầm tạo thêm bầu không khí tĩnh lặng, dẫn đến cảm giác yên bình.",1
love_B_su_ex_fire,intro,Đó là ngày mà việc giao tiếp tình cảm diễn ra suôn sẻ và các mối quan hệ vẫn tiếp tục mà không có hiểu lầm.,1
love_B_su_ex_fire,effect,Trao đổi cảm xúc tự nhiên làm cho dòng chảy của các mối quan hệ trôi chảy.,1
love_B_su_ex_fire,action,Chia sẻ cảm xúc của bạn một cách cởi mở hơn bình thường.,1
love_B_su_ex_fire,state,"Một ngày giàu cảm xúc khiến nó trở thành một ngày tập trung hơn bình thường, nguồn năng lượng sáng rõ tiếp thêm sức sống nhẹ nhàng, tạo nên một dòng chảy trôi chảy.",1
love_B_su_ex_water,intro,Đó là ngày mà việc giao tiếp tình cảm diễn ra suôn sẻ và các mối quan hệ vẫn tiếp tục mà không có hiểu lầm.,1
love_B_su_ex_water,effect,Trao đổi cảm xúc tự nhiên làm cho dòng chảy của các mối quan hệ trôi chảy.,1
love_B_su_ex_water,action,Chia sẻ cảm xúc của bạn một cách cởi mở hơn bình thường.,1
love_B_su_ex_water,state,"Một ngày tràn ngập cảm xúc, khiến bạn chú ý hơn bình thường và nguồn năng lượng mềm mại tạo thêm dư vị êm dịu cho cảm xúc của bạn.",1
love_B_su_ex_wood,intro,Đó là ngày mà việc giao tiếp tình cảm diễn ra suôn sẻ và các mối quan hệ vẫn tiếp tục mà không có hiểu lầm.,1
love_B_su_ex_wood,effect,Trao đổi cảm xúc tự nhiên làm cho dòng chảy của các mối quan hệ trôi chảy.,1
love_B_su_ex_wood,action,Chia sẻ cảm xúc của bạn một cách cởi mở hơn bình thường.,1
love_B_su_ex_wood,state,"Một ngày tràn ngập cảm xúc, khiến nó trở thành một ngày tập trung hơn bình thường và một chút năng lượng thay đổi sẽ tạo thêm sự kích thích thích hợp.",1
love_B_to_df_earth,intro,Đó là ngày mà sự ổn định trong mối quan hệ được duy trì và những mối quan hệ thoải mái và đáng tin cậy vẫn tiếp tục.,1
love_B_to_df_earth,effect,Một nền tảng cảm xúc ổn định sẽ giúp các mối quan hệ bền chặt hơn.,1
love_B_to_df_earth,action,Hãy quan tâm đến mối quan hệ của bạn bằng cách tập trung vào cuộc sống hàng ngày với bạn đời.,1
love_B_to_df_earth,state,"Ngay cả khi trọng tâm có phần bị rung chuyển, sự cân bằng của cuộc sống hàng ngày vẫn được duy trì mà không gặp nhiều khó khăn, nguồn năng lượng trầm càng tăng thêm bầu không khí tĩnh lặng, dẫn đến sự yên tĩnh.",1
love_B_to_df_fire,intro,Đó là ngày mà sự ổn định trong mối quan hệ được duy trì và những mối quan hệ thoải mái và đáng tin cậy vẫn tiếp tục.,1
love_B_to_df_fire,effect,Một nền tảng cảm xúc ổn định sẽ giúp các mối quan hệ bền chặt hơn.,1
love_B_to_df_fire,action,Hãy quan tâm đến mối quan hệ của bạn bằng cách tập trung vào cuộc sống hàng ngày với bạn đời.,1
love_B_to_df_fire,state,"Ngay cả khi trọng tâm có phần bị rung chuyển, sự cân bằng của cuộc sống hàng ngày vẫn được duy trì mà không gặp nhiều khó khăn, nguồn năng lượng sáng rõ tiếp thêm sức sống nhẹ nhàng, tạo nên một dòng chảy trôi chảy.",1
love_B_to_df_water,intro,Đó là ngày mà sự ổn định trong mối quan hệ được duy trì và những mối quan hệ thoải mái và đáng tin cậy vẫn tiếp tục.,1
love_B_to_df_water,effect,Một nền tảng cảm xúc ổn định sẽ giúp các mối quan hệ bền chặt hơn.,1
love_B_to_df_water,action,Hãy quan tâm đến mối quan hệ của bạn bằng cách tập trung vào cuộc sống hàng ngày với bạn đời.,1
love_B_to_df_water,state,"Ngay cả khi trọng tâm của bạn hơi rung chuyển, sự cân bằng trong cuộc sống hàng ngày của bạn vẫn được duy trì mà không gặp nhiều khó khăn và năng lượng ẩm sẽ mang lại cảm giác êm đềm kéo dài cho cảm xúc của bạn.",1
love_B_to_df_wood,intro,Đó là ngày mà sự ổn định trong mối quan hệ được duy trì và những mối quan hệ thoải mái và đáng tin cậy vẫn tiếp tục.,1
love_B_to_df_wood,effect,Một nền tảng cảm xúc ổn định sẽ giúp các mối quan hệ bền chặt hơn.,1
love_B_to_df_wood,action,Hãy quan tâm đến mối quan hệ của bạn bằng cách tập trung vào cuộc sống hàng ngày với bạn đời.,1
love_B_to_df_wood,state,"Ngay cả khi trung tâm bị rung chuyển phần nào, sự cân bằng của cuộc sống hàng ngày vẫn được duy trì mà không gặp nhiều khó khăn, và một chút năng lượng của sự thay đổi sẽ bổ sung thêm sự kích thích thích hợp.",1
love_B_to_ex_earth,intro,Đó là ngày mà sự ổn định trong mối quan hệ được duy trì và những mối quan hệ thoải mái và đáng tin cậy vẫn tiếp tục.,1
love_B_to_ex_earth,effect,Một nền tảng cảm xúc ổn định sẽ giúp các mối quan hệ bền chặt hơn.,1
love_B_to_ex_earth,action,Hãy quan tâm đến mối quan hệ của bạn bằng cách tập trung vào cuộc sống hàng ngày với bạn đời.,1
love_B_to_ex_earth,state,"Nó có xu hướng ổn định mạnh mẽ, vì vậy nó tiếp tục diễn ra một ngày yên tĩnh mà không gặp vấn đề gì, và nguồn năng lượng trầm làm tăng thêm bầu không khí tĩnh lặng, dẫn đến sự thanh thản.",1
love_B_to_ex_fire,intro,Đó là ngày mà sự ổn định trong mối quan hệ được duy trì và những mối quan hệ thoải mái và đáng tin cậy vẫn tiếp tục.,1
love_B_to_ex_fire,effect,Một nền tảng cảm xúc ổn định sẽ giúp các mối quan hệ bền chặt hơn.,1
love_B_to_ex_fire,action,Hãy quan tâm đến mối quan hệ của bạn bằng cách tập trung vào cuộc sống hàng ngày với bạn đời.,1
love_B_to_ex_fire,state,"Bởi vì tính chất định hướng ổn định mạnh mẽ của nó, nó tiếp tục trôi chảy trong một ngày tĩnh lặng, và nguồn năng lượng sáng rõ tiếp thêm sức sống nhẹ nhàng, tạo nên một dòng chảy trôi chảy.",1
love_B_to_ex_water,intro,Đó là ngày mà sự ổn định trong mối quan hệ được duy trì và những mối quan hệ thoải mái và đáng tin cậy vẫn tiếp tục.,1
love_B_to_ex_water,effect,Một nền tảng cảm xúc ổn định sẽ giúp các mối quan hệ bền chặt hơn.,1
love_B_to_ex_water,action,Hãy quan tâm đến mối quan hệ của bạn bằng cách tập trung vào cuộc sống hàng ngày với bạn đời.,1
love_B_to_ex_water,state,"Nó có tính chất định hướng ổn định mạnh mẽ, vì vậy nó có thể dễ dàng dẫn đến một ngày bình tĩnh, và nguồn năng lượng mềm mại tạo thêm dư vị êm dịu cho cảm xúc.",1
love_B_to_ex_wood,intro,Đó là ngày mà sự ổn định trong mối quan hệ được duy trì và những mối quan hệ thoải mái và đáng tin cậy vẫn tiếp tục.,1
love_B_to_ex_wood,effect,Một nền tảng cảm xúc ổn định sẽ giúp các mối quan hệ bền chặt hơn.,1
love_B_to_ex_wood,action,Hãy quan tâm đến mối quan hệ của bạn bằng cách tập trung vào cuộc sống hàng ngày với bạn đời.,1
love_B_to_ex_wood,state,"Định hướng ổn định rất mạnh mẽ nên nó tiếp tục suôn sẻ trong một ngày bình lặng, và năng lượng thay đổi nhẹ sẽ bổ sung thêm sự kích thích thích hợp.",1
love_B1,intro,Năng lượng mối quan hệ hôm nay êm đềm và sẽ tiếp tục một cách tự nhiên mà không có xung đột lớn.,1
love_B1,intro,"Hôm nay, cảm xúc của bạn sẽ ổn định và mối quan hệ của bạn với những người xung quanh sẽ trôi chảy thoải mái.",1
love_B1,effect,Những biểu hiện hoặc sự cân nhắc nhỏ sẽ giúp duy trì bầu không khí tốt đẹp.,1
love_B1,effect,Mối quan hệ vẫn hòa bình và sự hiểu biết lẫn nhau được tích lũy.,1
love_B1,action,Mối quan hệ có thể được duy trì trong bầu không khí tự nhiên mà không cần nỗ lực nhiều.,1
love_B1,action,Hãy trân trọng dòng chảy hiện tại của mối quan hệ của bạn và tiếp tục sử dụng các cách diễn đạt hàng ngày.,1
love_B1_geum_df_earth,intro,"Dòng chảy tình cảm ở mức bình thường, trong mối quan hệ có thể nảy sinh những mâu thuẫn nhỏ.",1
love_B1_geum_df_earth,effect,Việc bày tỏ cảm xúc của một người có thể trở nên hơi khó xử và gây ra sự hiểu lầm ở người khác.,1
love_B1_geum_df_earth,action,Hãy thẳng thắn nói chuyện trước khi nảy sinh hiểu lầm.,1
love_B1_geum_df_earth,state,Mặc dù bạn chậm đưa ra quyết định nhưng ngày vẫn tiếp tục không quá xáo trộn và nguồn năng lượng trầm giúp bạn duy trì nhịp độ ổn định.,1
love_B1_geum_df_fire,intro,"Dòng chảy tình cảm ở mức bình thường, trong mối quan hệ có thể nảy sinh những mâu thuẫn nhỏ.",1
love_B1_geum_df_fire,effect,Việc bày tỏ cảm xúc của một người có thể trở nên hơi khó xử và gây ra sự hiểu lầm ở người khác.,1
love_B1_geum_df_fire,action,Hãy thẳng thắn nói chuyện trước khi nảy sinh hiểu lầm.,1
love_B1_geum_df_fire,state,"Mặc dù bạn chậm đưa ra quyết định, nhưng ngày vẫn tiếp tục không quá xáo trộn, và nguồn nguồn năng lượng sáng rõ tiếp thêm sức sống bình yên và tiếp tục một ngày bình thường.",1
love_B1_geum_df_water,intro,"Dòng chảy tình cảm ở mức bình thường, trong mối quan hệ có thể nảy sinh những mâu thuẫn nhỏ.",1
love_B1_geum_df_water,effect,Việc bày tỏ cảm xúc của một người có thể trở nên hơi khó xử và gây ra sự hiểu lầm ở người khác.,1
love_B1_geum_df_water,action,Hãy thẳng thắn nói chuyện trước khi nảy sinh hiểu lầm.,1
love_B1_geum_df_water,state,"Dù bạn chậm đưa ra quyết định nhưng ngày vẫn trôi qua không quá xáo trộn, nguồn năng lượng mềm mại làm tăng suy nghĩ của bạn nhưng không gây ra nhiều kích động.",1
love_B1_geum_df_wood,intro,"Dòng chảy tình cảm ở mức bình thường, trong mối quan hệ có thể nảy sinh những mâu thuẫn nhỏ.",1
love_B1_geum_df_wood,effect,Việc bày tỏ cảm xúc của một người có thể trở nên hơi khó xử và gây ra sự hiểu lầm ở người khác.,1
love_B1_geum_df_wood,action,Hãy thẳng thắn nói chuyện trước khi nảy sinh hiểu lầm.,1
love_B1_geum_df_wood,state,"Quyết định có thể chậm chạp, nhưng ngày vẫn trôi qua mà không có bất kỳ biến động lớn nào, và năng lượng bình tĩnh của sự thay đổi chỉ làm rung chuyển dòng chảy bình thường một chút.",1
love_B1_geum_ex_earth,intro,"Dòng chảy tình cảm ở mức bình thường, trong mối quan hệ có thể nảy sinh những mâu thuẫn nhỏ.",1
love_B1_geum_ex_earth,effect,Việc bày tỏ cảm xúc của một người có thể trở nên hơi khó xử và gây ra sự hiểu lầm ở người khác.,1
love_B1_geum_ex_earth,action,Hãy thẳng thắn nói chuyện trước khi nảy sinh hiểu lầm.,1
love_B1_geum_ex_earth,state,"Phán quyết rất rõ ràng, nhưng nó kết thúc với một kết quả tầm thường, và năng lượng mây mù giúp duy trì một nhịp độ vừa phải.",1
love_B1_geum_ex_fire,intro,"Dòng chảy tình cảm ở mức bình thường, trong mối quan hệ có thể nảy sinh những mâu thuẫn nhỏ.",1
love_B1_geum_ex_fire,effect,Việc bày tỏ cảm xúc của một người có thể trở nên hơi khó xử và gây ra sự hiểu lầm ở người khác.,1
love_B1_geum_ex_fire,action,Hãy thẳng thắn nói chuyện trước khi nảy sinh hiểu lầm.,1
love_B1_geum_ex_fire,state,"Sự phán xét là rõ ràng, nhưng nó kết thúc bằng một kết quả bình thường, và nguồn năng lượng sáng rõ tiếp thêm sức sống bình yên và tiếp tục ngày thường.",1
love_B1_geum_ex_water,intro,"Dòng chảy tình cảm ở mức bình thường, trong mối quan hệ có thể nảy sinh những mâu thuẫn nhỏ.",1
love_B1_geum_ex_water,effect,Việc bày tỏ cảm xúc của một người có thể trở nên hơi khó xử và gây ra sự hiểu lầm ở người khác.,1
love_B1_geum_ex_water,action,Hãy thẳng thắn nói chuyện trước khi nảy sinh hiểu lầm.,1
love_B1_geum_ex_water,state,"Phán đoán rõ ràng nhưng kết thúc bằng một kết quả đơn giản, nguồn năng lượng mềm mại làm tăng suy nghĩ nhưng không gây ra nhiều kích động.",1
love_B1_geum_ex_wood,intro,"Dòng chảy tình cảm ở mức bình thường, trong mối quan hệ có thể nảy sinh những mâu thuẫn nhỏ.",1
love_B1_geum_ex_wood,effect,Việc bày tỏ cảm xúc của một người có thể trở nên hơi khó xử và gây ra sự hiểu lầm ở người khác.,1
love_B1_geum_ex_wood,action,Hãy thẳng thắn nói chuyện trước khi nảy sinh hiểu lầm.,1
love_B1_geum_ex_wood,state,"Sự phán xét là rõ ràng, nhưng nó kết thúc với một kết quả tầm thường, và năng lượng bình tĩnh của sự thay đổi chỉ làm rung chuyển dòng chảy bình thường một chút.",1
love_B1_hwa_df_earth,intro,Niềm đam mê lãng mạn có thể nguội đi một chút và bạn có thể cảm thấy có khoảng cách trong mối quan hệ của mình.,1
love_B1_hwa_df_earth,effect,"Khi nhiệt độ cảm xúc giảm xuống, việc giao tiếp với người khác trở nên khó khăn.",1
love_B1_hwa_df_earth,action,Thể hiện sự ấm áp của bạn với người khác bằng những biểu hiện quan tâm nhỏ.,1
love_B1_hwa_df_earth,state,Mặc dù có rất ít biểu hiện nhưng mối quan hệ không bị lung lay nhiều và nguồn năng lượng trầm giúp duy trì nhịp độ dễ dàng.,1
love_B1_hwa_df_fire,intro,Niềm đam mê lãng mạn có thể nguội đi một chút và bạn có thể cảm thấy có khoảng cách trong mối quan hệ của mình.,1
love_B1_hwa_df_fire,effect,"Khi nhiệt độ cảm xúc giảm xuống, việc giao tiếp với người khác trở nên khó khăn.",1
love_B1_hwa_df_fire,action,Thể hiện sự ấm áp của bạn với người khác bằng những biểu hiện quan tâm nhỏ.,1
love_B1_hwa_df_fire,state,"Tuy có ít biểu hiện nhưng mối quan hệ không bị lung lay nhiều, nguồn nguồn năng lượng sáng rõ tiếp thêm sức sống êm đềm và tiếp tục một ngày bình thường.",1
love_B1_hwa_df_water,intro,Niềm đam mê lãng mạn có thể nguội đi một chút và bạn có thể cảm thấy có khoảng cách trong mối quan hệ của mình.,1
love_B1_hwa_df_water,effect,"Khi nhiệt độ cảm xúc giảm xuống, việc giao tiếp với người khác trở nên khó khăn.",1
love_B1_hwa_df_water,action,Thể hiện sự ấm áp của bạn với người khác bằng những biểu hiện quan tâm nhỏ.,1
love_B1_hwa_df_water,state,"Tuy rằng biểu hiện ít, nhưng quan hệ cũng không có rung chuyển quá lớn, nguồn năng lượng mềm mại làm tăng thêm suy nghĩ, nhưng lại không gây ra bao nhiêu kích động.",1
love_B1_hwa_df_wood,intro,Niềm đam mê lãng mạn có thể nguội đi một chút và bạn có thể cảm thấy có khoảng cách trong mối quan hệ của mình.,1
love_B1_hwa_df_wood,effect,"Khi nhiệt độ cảm xúc giảm xuống, việc giao tiếp với người khác trở nên khó khăn.",1
love_B1_hwa_df_wood,action,Thể hiện sự ấm áp của bạn với người khác bằng những biểu hiện quan tâm nhỏ.,1
love_B1_hwa_df_wood,state,"Mặc dù có rất ít biểu hiện, nhưng mối quan hệ không bị lung lay nhiều, và năng lượng bình tĩnh của sự thay đổi chỉ đủ để rung chuyển nhẹ dòng chảy bình thường.",1
love_B1_hwa_ex_earth,intro,Niềm đam mê lãng mạn có thể nguội đi một chút và bạn có thể cảm thấy có khoảng cách trong mối quan hệ của mình.,1
love_B1_hwa_ex_earth,effect,"Khi nhiệt độ cảm xúc giảm xuống, việc giao tiếp với người khác trở nên khó khăn.",1
love_B1_hwa_ex_earth,action,Thể hiện sự ấm áp của bạn với người khác bằng những biểu hiện quan tâm nhỏ.,1
love_B1_hwa_ex_earth,state,Nhiệt độ vừa phải tạo nên một ngày suôn sẻ và nguồn năng lượng trầm giúp bạn duy trì nhịp độ ổn định.,1
love_B1_hwa_ex_fire,intro,Niềm đam mê lãng mạn có thể nguội đi một chút và bạn có thể cảm thấy có khoảng cách trong mối quan hệ của mình.,1
love_B1_hwa_ex_fire,effect,"Khi nhiệt độ cảm xúc giảm xuống, việc giao tiếp với người khác trở nên khó khăn.",1
love_B1_hwa_ex_fire,action,Thể hiện sự ấm áp của bạn với người khác bằng những biểu hiện quan tâm nhỏ.,1
love_B1_hwa_ex_fire,state,"Nhiệt độ vừa phải tạo ra một ngày êm dịu, và nguồn năng lượng sáng rõ tiếp thêm sức sống êm đềm và tiếp tục một ngày bình thường.",1
love_B1_hwa_ex_water,intro,Niềm đam mê lãng mạn có thể nguội đi một chút và bạn có thể cảm thấy có khoảng cách trong mối quan hệ của mình.,1
love_B1_hwa_ex_water,effect,"Khi nhiệt độ cảm xúc giảm xuống, việc giao tiếp với người khác trở nên khó khăn.",1
love_B1_hwa_ex_water,action,Thể hiện sự ấm áp của bạn với người khác bằng những biểu hiện quan tâm nhỏ.,1
love_B1_hwa_ex_water,state,"Nhiệt độ vừa phải tạo nên một ngày êm ả, nguồn năng lượng mềm mại làm tăng suy nghĩ của bạn nhưng không gây ra nhiều kích động.",1
love_B1_hwa_ex_wood,intro,Niềm đam mê lãng mạn có thể nguội đi một chút và bạn có thể cảm thấy có khoảng cách trong mối quan hệ của mình.,1
love_B1_hwa_ex_wood,effect,"Khi nhiệt độ cảm xúc giảm xuống, việc giao tiếp với người khác trở nên khó khăn.",1
love_B1_hwa_ex_wood,action,Thể hiện sự ấm áp của bạn với người khác bằng những biểu hiện quan tâm nhỏ.,1
love_B1_hwa_ex_wood,state,Nhiệt độ vừa phải khiến một ngày trở nên êm ả và năng lượng bình tĩnh của sự thay đổi chỉ làm xáo trộn dòng chảy bình thường một chút.,1
love_B1_mok_df_earth,intro,Đó là ngày mà mối quan hệ phát triển chậm lại và không dễ để thử những điều mới.,1
love_B1_mok_df_earth,effect,Sự trì trệ trong tiến trình có thể dẫn đến sự nhàm chán trong các mối quan hệ.,1
love_B1_mok_df_earth,action,Hãy thử các hoạt động hoặc chủ đề trò chuyện mới với đối tác của bạn.,1
love_B1_mok_df_earth,state,"Nó vẫn quen thuộc hơn mới, nhưng dòng chảy không bị gián đoạn và nguồn năng lượng trầm giúp bạn duy trì nhịp độ dễ dàng.",1
love_B1_mok_df_fire,intro,Đó là ngày mà mối quan hệ phát triển chậm lại và không dễ để thử những điều mới.,1
love_B1_mok_df_fire,effect,Sự trì trệ trong tiến trình có thể dẫn đến sự nhàm chán trong các mối quan hệ.,1
love_B1_mok_df_fire,action,Hãy thử các hoạt động hoặc chủ đề trò chuyện mới với đối tác của bạn.,1
love_B1_mok_df_fire,state,"Mặc dù vẫn quen thuộc chứ không phải mới mẻ, dòng chảy không bị gián đoạn và nguồn năng lượng sáng rõ tiếp thêm sức sống êm đềm và tiếp tục ngày thường.",1
love_B1_mok_df_water,intro,Đó là ngày mà mối quan hệ phát triển chậm lại và không dễ để thử những điều mới.,1
love_B1_mok_df_water,effect,Sự trì trệ trong tiến trình có thể dẫn đến sự nhàm chán trong các mối quan hệ.,1
love_B1_mok_df_water,action,Hãy thử các hoạt động hoặc chủ đề trò chuyện mới với đối tác của bạn.,1
love_B1_mok_df_water,state,"Tuy vẫn quen thuộc hơn là mới lạ, dòng chảy không gián đoạn và nguồn năng lượng mềm mại làm tăng suy nghĩ nhưng không gây nhiều kích động.",1
love_B1_mok_df_wood,intro,Đó là ngày mà mối quan hệ phát triển chậm lại và không dễ để thử những điều mới.,1
love_B1_mok_df_wood,effect,Sự trì trệ trong tiến trình có thể dẫn đến sự nhàm chán trong các mối quan hệ.,1
love_B1_mok_df_wood,action,Hãy thử các hoạt động hoặc chủ đề trò chuyện mới với đối tác của bạn.,1
love_B1_mok_df_wood,state,"Mặc dù vẫn quen thuộc hơn mới, dòng chảy không bị gián đoạn và năng lượng bình tĩnh của sự thay đổi chỉ làm rung chuyển dòng chảy bình thường một chút.",1
love_B1_mok_ex_earth,intro,Đó là ngày mà mối quan hệ phát triển chậm lại và không dễ để thử những điều mới.,1
love_B1_mok_ex_earth,effect,Sự trì trệ trong tiến trình có thể dẫn đến sự nhàm chán trong các mối quan hệ.,1
love_B1_mok_ex_earth,action,Hãy thử các hoạt động hoặc chủ đề trò chuyện mới với đối tác của bạn.,1
love_B1_mok_ex_earth,state,Bạn có động lực nhưng động lực của bạn vẫn ở mức tầm thường và nguồn năng lượng trầm giúp bạn duy trì nhịp độ vừa phải.,1
love_B1_mok_ex_fire,intro,Đó là ngày mà mối quan hệ phát triển chậm lại và không dễ để thử những điều mới.,1
love_B1_mok_ex_fire,effect,Sự trì trệ trong tiến trình có thể dẫn đến sự nhàm chán trong các mối quan hệ.,1
love_B1_mok_ex_fire,action,Hãy thử các hoạt động hoặc chủ đề trò chuyện mới với đối tác của bạn.,1
love_B1_mok_ex_fire,state,"Mặc dù bạn có động lực nhưng động lực của bạn vẫn ở mức trung bình, và nguồn năng lượng sáng rõ tiếp thêm sinh lực bình tĩnh và tiếp tục ngày thường nhật của bạn.",1
love_B1_mok_ex_water,intro,Đó là ngày mà mối quan hệ phát triển chậm lại và không dễ để thử những điều mới.,1
love_B1_mok_ex_water,effect,Sự trì trệ trong tiến trình có thể dẫn đến sự nhàm chán trong các mối quan hệ.,1
love_B1_mok_ex_water,action,Hãy thử các hoạt động hoặc chủ đề trò chuyện mới với đối tác của bạn.,1
love_B1_mok_ex_water,state,"Có động lực nhưng động lực vẫn ở mức bình thường, nguồn năng lượng mềm mại làm tăng suy nghĩ nhưng không gây ra nhiều kích động.",1
love_B1_mok_ex_wood,intro,Đó là ngày mà mối quan hệ phát triển chậm lại và không dễ để thử những điều mới.,1
love_B1_mok_ex_wood,effect,Sự trì trệ trong tiến trình có thể dẫn đến sự nhàm chán trong các mối quan hệ.,1
love_B1_mok_ex_wood,action,Hãy thử các hoạt động hoặc chủ đề trò chuyện mới với đối tác của bạn.,1
love_B1_mok_ex_wood,state,"Có động lực, nhưng động lực vẫn ở mức tầm thường, và năng lượng bình tĩnh của sự thay đổi chỉ đủ làm rung chuyển nhẹ dòng chảy bình thường.",1
love_B1_su_df_earth,intro,Đó là ngày mà việc giao tiếp tình cảm có phần không ổn định và dễ xảy ra hiểu lầm.,1
love_B1_su_df_earth,effect,Giao tiếp sai lầm tạo ra một chút căng thẳng trong mối quan hệ.,1
love_B1_su_df_earth,action,Chọn cách diễn đạt cẩn thận khi truyền đạt cảm xúc của bạn.,1
love_B1_su_df_earth,state,Mặc dù tính linh hoạt đã giảm đi nhưng dòng chảy không bị gián đoạn đáng kể và nguồn năng lượng trầm giúp duy trì nhịp độ vừa phải.,1
love_B1_su_df_fire,intro,Đó là ngày mà việc giao tiếp tình cảm có phần không ổn định và dễ xảy ra hiểu lầm.,1
love_B1_su_df_fire,effect,Giao tiếp sai lầm tạo ra một chút căng thẳng trong mối quan hệ.,1
love_B1_su_df_fire,action,Chọn cách diễn đạt cẩn thận khi truyền đạt cảm xúc của bạn.,1
love_B1_su_df_fire,state,"Mặc dù tính linh hoạt đã giảm đi nhưng dòng chảy không bị gián đoạn đáng kể, và nguồn năng lượng sáng rõ tiếp thêm sức sống êm đềm và tiếp tục một ngày bình thường.",1
love_B1_su_df_water,intro,Đó là ngày mà việc giao tiếp tình cảm có phần không ổn định và dễ xảy ra hiểu lầm.,1
love_B1_su_df_water,effect,Giao tiếp sai lầm tạo ra một chút căng thẳng trong mối quan hệ.,1
love_B1_su_df_water,action,Chọn cách diễn đạt cẩn thận khi truyền đạt cảm xúc của bạn.,1
love_B1_su_df_water,state,"Tính linh hoạt giảm đi, nhưng dòng chảy không bị gián đoạn nhiều, nguồn năng lượng mềm mại làm tăng suy nghĩ, nhưng không gây ra nhiều kích động.",1
love_B1_su_df_wood,intro,Đó là ngày mà việc giao tiếp tình cảm có phần không ổn định và dễ xảy ra hiểu lầm.,1
love_B1_su_df_wood,effect,Giao tiếp sai lầm tạo ra một chút căng thẳng trong mối quan hệ.,1
love_B1_su_df_wood,action,Chọn cách diễn đạt cẩn thận khi truyền đạt cảm xúc của bạn.,1
love_B1_su_df_wood,state,Mặc dù tính linh hoạt đã giảm đi nhưng dòng chảy không bị gián đoạn đáng kể và năng lượng tĩnh lặng của sự thay đổi chỉ làm rung chuyển dòng chảy bình thường một chút.,1
love_B1_su_ex_earth,intro,Đó là ngày mà việc giao tiếp tình cảm có phần không ổn định và dễ xảy ra hiểu lầm.,1
love_B1_su_ex_earth,effect,Giao tiếp sai lầm tạo ra một chút căng thẳng trong mối quan hệ.,1
love_B1_su_ex_earth,action,Chọn cách diễn đạt cẩn thận khi truyền đạt cảm xúc của bạn.,1
love_B1_su_ex_earth,state,"Mặc dù bạn có rất nhiều điều phải suy nghĩ nhưng ngày trôi qua không có nhiều xáo trộn, và nguồn năng lượng trầm giúp bạn duy trì nhịp độ ổn định.",1
love_B1_su_ex_fire,intro,Đó là ngày mà việc giao tiếp tình cảm có phần không ổn định và dễ xảy ra hiểu lầm.,1
love_B1_su_ex_fire,effect,Giao tiếp sai lầm tạo ra một chút căng thẳng trong mối quan hệ.,1
love_B1_su_ex_fire,action,Chọn cách diễn đạt cẩn thận khi truyền đạt cảm xúc của bạn.,1
love_B1_su_ex_fire,state,"Mặc dù bạn có rất nhiều suy nghĩ, nhưng một ngày trôi qua không có nhiều xáo trộn, và nguồn năng lượng sáng rõ tiếp thêm sức sống bình yên và tiếp tục một ngày bình thường.",1
love_B1_su_ex_water,intro,Đó là ngày mà việc giao tiếp tình cảm có phần không ổn định và dễ xảy ra hiểu lầm.,1
love_B1_su_ex_water,effect,Giao tiếp sai lầm tạo ra một chút căng thẳng trong mối quan hệ.,1
love_B1_su_ex_water,action,Chọn cách diễn đạt cẩn thận khi truyền đạt cảm xúc của bạn.,1
love_B1_su_ex_water,state,"Ngay cả khi bạn có nhiều tư tưởng, một ngày trôi qua không có nhiều trạo cử, và nguồn năng lượng mềm mại làm tăng trưởng tư tưởng của bạn nhưng không gây ra trạo cử nhiều.",1
love_B1_su_ex_wood,intro,Đó là ngày mà việc giao tiếp tình cảm có phần không ổn định và dễ xảy ra hiểu lầm.,1
love_B1_su_ex_wood,effect,Giao tiếp sai lầm tạo ra một chút căng thẳng trong mối quan hệ.,1
love_B1_su_ex_wood,action,Chọn cách diễn đạt cẩn thận khi truyền đạt cảm xúc của bạn.,1
love_B1_su_ex_wood,state,"Mặc dù bạn có rất nhiều suy nghĩ, nhưng một ngày trôi qua không có nhiều xáo trộn, và năng lượng tĩnh lặng của sự thay đổi chỉ làm rung chuyển dòng chảy bình thường một chút.",1
love_B1_to_df_earth,intro,Đó là ngày mà sự ổn định của các mối quan hệ có thể suy yếu và những xung đột nhỏ có thể leo thang.,1
love_B1_to_df_earth,effect,Nền tảng cảm xúc không ổn định gây ra xích mích trong các mối quan hệ.,1
love_B1_to_df_earth,action,Giải quyết những xung đột nhỏ trong cùng một ngày và tiếp tục.,1
love_B1_to_df_earth,state,Mặc dù có đôi chút rung chuyển nhưng cuộc sống hàng ngày vẫn trôi qua êm đềm và nguồn năng lượng trầm giúp bạn duy trì nhịp độ ổn định.,1
love_B1_to_df_fire,intro,Đó là ngày mà sự ổn định của các mối quan hệ có thể suy yếu và những xung đột nhỏ có thể leo thang.,1
love_B1_to_df_fire,effect,Nền tảng cảm xúc không ổn định gây ra xích mích trong các mối quan hệ.,1
love_B1_to_df_fire,action,Giải quyết những xung đột nhỏ trong cùng một ngày và tiếp tục.,1
love_B1_to_df_fire,state,"Mặc dù có đôi chút rung động, cuộc sống hàng ngày vẫn trôi chảy êm đềm, nguồn năng lượng sáng rõ tiếp thêm sức sống êm đềm và tiếp tục một ngày bình thường.",1
love_B1_to_df_water,intro,Đó là ngày mà sự ổn định của các mối quan hệ có thể suy yếu và những xung đột nhỏ có thể leo thang.,1
love_B1_to_df_water,effect,Nền tảng cảm xúc không ổn định gây ra xích mích trong các mối quan hệ.,1
love_B1_to_df_water,action,Giải quyết những xung đột nhỏ trong cùng một ngày và tiếp tục.,1
love_B1_to_df_water,state,"Mặc dù có rung chuyển, cuộc sống hàng ngày trôi chảy, nguồn năng lượng mềm mại làm tăng suy nghĩ, nhưng không gây ra nhiều kích động.",1
love_B1_to_df_wood,intro,Đó là ngày mà sự ổn định của các mối quan hệ có thể suy yếu và những xung đột nhỏ có thể leo thang.,1
love_B1_to_df_wood,effect,Nền tảng cảm xúc không ổn định gây ra xích mích trong các mối quan hệ.,1
love_B1_to_df_wood,action,Giải quyết những xung đột nhỏ trong cùng một ngày và tiếp tục.,1
love_B1_to_df_wood,state,"Dù có những biến động nhưng cuộc sống hàng ngày vẫn trôi chảy êm đềm, năng lượng tĩnh lặng của sự thay đổi chỉ làm rung chuyển dòng chảy bình thường một chút.",1
love_B1_to_ex_earth,intro,Đó là ngày mà sự ổn định của các mối quan hệ có thể suy yếu và những xung đột nhỏ có thể leo thang.,1
love_B1_to_ex_earth,effect,Nền tảng cảm xúc không ổn định gây ra xích mích trong các mối quan hệ.,1
love_B1_to_ex_earth,action,Giải quyết những xung đột nhỏ trong cùng một ngày và tiếp tục.,1
love_B1_to_ex_earth,state,"Chọn sự quen thuộc thay vì thay đổi sẽ dẫn đến một ngày dễ dàng, và nguồn năng lượng trầm giúp bạn duy trì nhịp độ ổn định.",1
love_B1_to_ex_fire,intro,Đó là ngày mà sự ổn định của các mối quan hệ có thể suy yếu và những xung đột nhỏ có thể leo thang.,1
love_B1_to_ex_fire,effect,Nền tảng cảm xúc không ổn định gây ra xích mích trong các mối quan hệ.,1
love_B1_to_ex_fire,action,Giải quyết những xung đột nhỏ trong cùng một ngày và tiếp tục.,1
love_B1_to_ex_fire,state,"Chọn sự quen thuộc thay vì thay đổi sẽ dẫn đến một ngày bình thường, và nguồn năng lượng sáng rõ sẽ tiếp thêm sức sống bình yên cho ngày bình thường.",1
love_B1_to_ex_water,intro,Đó là ngày mà sự ổn định của các mối quan hệ có thể suy yếu và những xung đột nhỏ có thể leo thang.,1
love_B1_to_ex_water,effect,Nền tảng cảm xúc không ổn định gây ra xích mích trong các mối quan hệ.,1
love_B1_to_ex_water,action,Giải quyết những xung đột nhỏ trong cùng một ngày và tiếp tục.,1
love_B1_to_ex_water,state,"Lựa chọn sự quen thuộc thay vì thay đổi sẽ dẫn đến một ngày bình thường, nguồn năng lượng mềm mại làm tăng suy nghĩ nhưng không gây ra nhiều xao động.",1
love_B1_to_ex_wood,intro,Đó là ngày mà sự ổn định của các mối quan hệ có thể suy yếu và những xung đột nhỏ có thể leo thang.,1
love_B1_to_ex_wood,effect,Nền tảng cảm xúc không ổn định gây ra xích mích trong các mối quan hệ.,1
love_B1_to_ex_wood,action,Giải quyết những xung đột nhỏ trong cùng một ngày và tiếp tục.,1
love_B1_to_ex_wood,state,Chọn sự quen thuộc thay vì thay đổi sẽ dẫn đến một ngày bình thường và năng lượng bình tĩnh của sự thay đổi chỉ làm rung chuyển dòng chảy bình thường một chút.,1
love_C,intro,"Cảm xúc của bạn có thể nhạy cảm hơn một chút trong ngày hôm nay, vì vậy những điều nhỏ nhặt trong các mối quan hệ của bạn có thể trở thành một vấn đề lớn.",1
love_C,intro,Năng lượng tình yêu hôm nay yếu nên để nó chảy tự nhiên sẽ tốt hơn là ép buộc.,1
love_C,effect,"Những lời nói hoặc hành động nhỏ nhặt của người khác có thể có tác động lớn, vì vậy tốt hơn hết bạn nên giữ cảm xúc của mình ở mức trung lập.",1
love_C,effect,"Việc giao tiếp có thể hơi khó khăn trong một mối quan hệ, vì vậy tốt hơn hết bạn nên quan sát bầu không khí thay vì trò chuyện trực tiếp.",1
love_C,action,"Hôm nay, thay vì cố gắng thay đổi người khác, hãy tập chấp nhận con người hiện tại của bạn.",1
love_C,action,"Ngay cả khi xảy ra một sự hiểu lầm nhỏ, tốt hơn hết bạn nên nghỉ ngơi thay vì phản ứng ngay lập tức.",1
love_C_geum_df_earth,intro,Đó là ngày mà năng lượng tình yêu cạn kiệt và khoảng cách trong các mối quan hệ ngày càng tăng.,1
love_C_geum_df_earth,effect,Thiếu biểu lộ cảm xúc gây ra sự hiểu lầm và thất vọng ở người khác.,1
love_C_geum_df_earth,action,Trước tiên hãy kiểm tra cảm xúc của người khác và bày tỏ sự quan tâm của bạn.,1
love_C_geum_df_earth,state,"Khi quyết tâm của bạn yếu đi, bạn rất dễ trì hoãn những lựa chọn quan trọng và nguồn năng lượng trầm có thể làm bạn chậm lại và khiến suy nghĩ của bạn trở nên nặng nề.",1
love_C_geum_df_fire,intro,Đó là ngày mà năng lượng tình yêu cạn kiệt và khoảng cách trong các mối quan hệ ngày càng tăng.,1
love_C_geum_df_fire,effect,Thiếu biểu lộ cảm xúc gây ra sự hiểu lầm và thất vọng ở người khác.,1
love_C_geum_df_fire,action,Trước tiên hãy kiểm tra cảm xúc của người khác và bày tỏ sự quan tâm của bạn.,1
love_C_geum_df_fire,state,"Khi quyết tâm của bạn yếu đi, bạn rất dễ trì hoãn những lựa chọn quan trọng và năng lượng rõ ràng của bạn có thể chảy vào bầu không khí phấn khích, điều này có thể làm lu mờ sự thận trọng của bạn.",1
love_C_geum_df_water,intro,Đó là ngày mà năng lượng tình yêu cạn kiệt và khoảng cách trong các mối quan hệ ngày càng tăng.,1
love_C_geum_df_water,effect,Thiếu biểu lộ cảm xúc gây ra sự hiểu lầm và thất vọng ở người khác.,1
love_C_geum_df_water,action,Trước tiên hãy kiểm tra cảm xúc của người khác và bày tỏ sự quan tâm của bạn.,1
love_C_geum_df_water,state,"Bạn rất dễ trì hoãn những lựa chọn quan trọng khi quyết tâm của bạn trở nên yếu kém và năng lượng của mưa tuyết có thể kích thích cảm xúc và nội tâm của bạn, điều này có thể có tác động lớn hơn.",1
love_C_geum_df_wood,intro,Đó là ngày mà năng lượng tình yêu cạn kiệt và khoảng cách trong các mối quan hệ ngày càng tăng.,1
love_C_geum_df_wood,effect,Thiếu biểu lộ cảm xúc gây ra sự hiểu lầm và thất vọng ở người khác.,1
love_C_geum_df_wood,action,Trước tiên hãy kiểm tra cảm xúc của người khác và bày tỏ sự quan tâm của bạn.,1
love_C_geum_df_wood,state,"Khi quyết tâm của bạn yếu đi, bạn rất dễ trì hoãn những lựa chọn quan trọng và năng lượng mạnh mẽ của sự thay đổi có thể làm rung chuyển nhịp điệu của bạn và dẫn đến những biến động không mong muốn.",1
love_C_geum_ex_earth,intro,Đó là ngày mà năng lượng tình yêu cạn kiệt và khoảng cách trong các mối quan hệ ngày càng tăng.,1
love_C_geum_ex_earth,effect,Thiếu biểu lộ cảm xúc gây ra sự hiểu lầm và thất vọng ở người khác.,1
love_C_geum_ex_earth,action,Trước tiên hãy kiểm tra cảm xúc của người khác và bày tỏ sự quan tâm của bạn.,1
love_C_geum_ex_earth,state,"Phán đoán quá sắc bén có thể khiến các mối quan hệ trở nên lạnh nhạt, và nguồn năng lượng trầm có thể làm chậm nhịp độ của bạn và khiến suy nghĩ của bạn trở nên nặng nề.",1
love_C_geum_ex_fire,intro,Đó là ngày mà năng lượng tình yêu cạn kiệt và khoảng cách trong các mối quan hệ ngày càng tăng.,1
love_C_geum_ex_fire,effect,Thiếu biểu lộ cảm xúc gây ra sự hiểu lầm và thất vọng ở người khác.,1
love_C_geum_ex_fire,action,Trước tiên hãy kiểm tra cảm xúc của người khác và bày tỏ sự quan tâm của bạn.,1
love_C_geum_ex_fire,state,"Sự phán xét sắc bén quá mức có thể khiến các mối quan hệ trở nên lạnh nhạt và năng lượng rõ ràng có thể chảy vào bầu không khí phấn khích, điều này có thể che mờ sự thận trọng.",1
love_C_geum_ex_water,intro,Đó là ngày mà năng lượng tình yêu cạn kiệt và khoảng cách trong các mối quan hệ ngày càng tăng.,1
love_C_geum_ex_water,effect,Thiếu biểu lộ cảm xúc gây ra sự hiểu lầm và thất vọng ở người khác.,1
love_C_geum_ex_water,action,Trước tiên hãy kiểm tra cảm xúc của người khác và bày tỏ sự quan tâm của bạn.,1
love_C_geum_ex_water,state,"Phán đoán quá sắc bén có thể khiến các mối quan hệ trở nên lạnh nhạt, năng lượng của mưa tuyết có thể kích thích cảm xúc và nội tâm, có thể gây tác động lớn hơn.",1
love_C_geum_ex_wood,intro,Đó là ngày mà năng lượng tình yêu cạn kiệt và khoảng cách trong các mối quan hệ ngày càng tăng.,1
love_C_geum_ex_wood,effect,Thiếu biểu lộ cảm xúc gây ra sự hiểu lầm và thất vọng ở người khác.,1
love_C_geum_ex_wood,action,Trước tiên hãy kiểm tra cảm xúc của người khác và bày tỏ sự quan tâm của bạn.,1
love_C_geum_ex_wood,state,Sự phán xét quá sắc bén có thể khiến các mối quan hệ trở nên lạnh nhạt và năng lượng mạnh mẽ của sự thay đổi có thể làm xáo trộn nhịp điệu và dẫn đến những biến đổi không mong muốn.,1
love_C_hwa_df_earth,intro,Đó là ngày mà niềm đam mê tình yêu nguội lạnh và bạn cảm thấy bất lực trong mối quan hệ của mình.,1
love_C_hwa_df_earth,effect,Nhiệt độ cảm xúc giảm xuống tạo ra bầu không khí lạnh lẽo trong các mối quan hệ.,1
love_C_hwa_df_earth,action,"Đừng ép buộc, hãy cho người kia không gian và chờ đợi.",1
love_C_hwa_df_earth,state,"Rất dễ xảy ra hiểu lầm do khó thể hiện bản thân, năng lượng vẩn đục có thể khiến bạn chậm lại và khiến suy nghĩ trở nên nặng nề.",1
love_C_hwa_df_fire,intro,Đó là ngày mà niềm đam mê tình yêu nguội lạnh và bạn cảm thấy bất lực trong mối quan hệ của mình.,1
love_C_hwa_df_fire,effect,Nhiệt độ cảm xúc giảm xuống tạo ra bầu không khí lạnh lẽo trong các mối quan hệ.,1
love_C_hwa_df_fire,action,"Đừng ép buộc, hãy cho người kia không gian và chờ đợi.",1
love_C_hwa_df_fire,state,"Dễ xảy ra hiểu lầm vì cách diễn đạt khó hiểu, nguồn năng lượng sáng rõ có thể chảy vào bầu không khí phấn khích và khiến sự thận trọng trở nên lu mờ.",1
love_C_hwa_df_water,intro,Đó là ngày mà niềm đam mê tình yêu nguội lạnh và bạn cảm thấy bất lực trong mối quan hệ của mình.,1
love_C_hwa_df_water,effect,Nhiệt độ cảm xúc giảm xuống tạo ra bầu không khí lạnh lẽo trong các mối quan hệ.,1
love_C_hwa_df_water,action,"Đừng ép buộc, hãy cho người kia không gian và chờ đợi.",1
love_C_hwa_df_water,state,"Dễ xảy ra hiểu lầm vì cách diễn đạt khó hiểu, năng lượng của mưa tuyết có thể kích thích cảm xúc, nội tâm, có thể gây tác động lớn hơn.",1
love_C_hwa_df_wood,intro,Đó là ngày mà niềm đam mê tình yêu nguội lạnh và bạn cảm thấy bất lực trong mối quan hệ của mình.,1
love_C_hwa_df_wood,effect,Nhiệt độ cảm xúc giảm xuống tạo ra bầu không khí lạnh lẽo trong các mối quan hệ.,1
love_C_hwa_df_wood,action,"Đừng ép buộc, hãy cho người kia không gian và chờ đợi.",1
love_C_hwa_df_wood,state,"Những hiểu lầm dễ xảy ra do cách diễn đạt khó, năng lượng thay đổi mạnh mẽ có thể làm rung chuyển nhịp điệu và dẫn đến những biến chuyển không mong muốn.",1
love_C_hwa_ex_earth,intro,Đó là ngày mà niềm đam mê tình yêu nguội lạnh và bạn cảm thấy bất lực trong mối quan hệ của mình.,1
love_C_hwa_ex_earth,effect,Nhiệt độ cảm xúc giảm xuống tạo ra bầu không khí lạnh lẽo trong các mối quan hệ.,1
love_C_hwa_ex_earth,action,"Đừng ép buộc, hãy cho người kia không gian và chờ đợi.",1
love_C_hwa_ex_earth,state,Cảm xúc rất dễ xung đột và nguồn năng lượng trầm có thể làm bạn chậm lại và khiến suy nghĩ của bạn trở nên nặng nề.,1
love_C_hwa_ex_fire,intro,Đó là ngày mà niềm đam mê tình yêu nguội lạnh và bạn cảm thấy bất lực trong mối quan hệ của mình.,1
love_C_hwa_ex_fire,effect,Nhiệt độ cảm xúc giảm xuống tạo ra bầu không khí lạnh lẽo trong các mối quan hệ.,1
love_C_hwa_ex_fire,action,"Đừng ép buộc, hãy cho người kia không gian và chờ đợi.",1
love_C_hwa_ex_fire,state,"Cảm xúc rất dễ xung đột, nguồn năng lượng sáng rõ có thể chảy vào bầu không khí phấn khích, khiến sự thận trọng trở nên lu mờ.",1
love_C_hwa_ex_water,intro,Đó là ngày mà niềm đam mê tình yêu nguội lạnh và bạn cảm thấy bất lực trong mối quan hệ của mình.,1
love_C_hwa_ex_water,effect,Nhiệt độ cảm xúc giảm xuống tạo ra bầu không khí lạnh lẽo trong các mối quan hệ.,1
love_C_hwa_ex_water,action,"Đừng ép buộc, hãy cho người kia không gian và chờ đợi.",1
love_C_hwa_ex_water,state,"Cảm xúc rất dễ xảy ra xung đột, năng lượng của mưa tuyết có thể kích thích cảm xúc và nội tâm, có thể làm tăng tác động.",1
love_C_hwa_ex_wood,intro,Đó là ngày mà niềm đam mê tình yêu nguội lạnh và bạn cảm thấy bất lực trong mối quan hệ của mình.,1
love_C_hwa_ex_wood,effect,Nhiệt độ cảm xúc giảm xuống tạo ra bầu không khí lạnh lẽo trong các mối quan hệ.,1
love_C_hwa_ex_wood,action,"Đừng ép buộc, hãy cho người kia không gian và chờ đợi.",1
love_C_hwa_ex_wood,state,Cảm xúc rất dễ xung đột và năng lượng mạnh mẽ của sự thay đổi có thể làm xáo trộn nhịp điệu và dẫn đến những biến đổi bất ngờ.,1
love_C_mok_df_earth,intro,Đó là ngày mà việc mở rộng các mối quan hệ bị cản trở và khó phát triển các mối quan hệ hoặc mối quan hệ mới.,1
love_C_mok_df_earth,effect,Thiếu năng lượng tăng trưởng sẽ trì trệ các mối quan hệ và làm giảm sự quan tâm.,1
love_C_mok_df_earth,action,Tập trung vào việc duy trì mối quan hệ hiện tại của bạn và tránh tiến bộ quá nhiều.,1
love_C_mok_df_earth,state,Sự do dự trong việc thử những điều mới có thể làm chậm tiến độ và nguồn năng lượng trầm có thể làm chậm tốc độ của bạn và khiến suy nghĩ của bạn trở nên nặng nề.,1
love_C_mok_df_fire,intro,Đó là ngày mà việc mở rộng các mối quan hệ bị cản trở và khó phát triển các mối quan hệ hoặc mối quan hệ mới.,1
love_C_mok_df_fire,effect,Thiếu năng lượng tăng trưởng sẽ trì trệ các mối quan hệ và làm giảm sự quan tâm.,1
love_C_mok_df_fire,action,Tập trung vào việc duy trì mối quan hệ hiện tại của bạn và tránh tiến bộ quá nhiều.,1
love_C_mok_df_fire,state,"Sự do dự trong việc thử những điều mới có thể làm chậm tiến độ và năng lượng rõ ràng có thể dẫn đến bầu không khí phấn khích, có thể làm lu mờ sự thận trọng.",1
love_C_mok_df_water,intro,Đó là ngày mà việc mở rộng các mối quan hệ bị cản trở và khó phát triển các mối quan hệ hoặc mối quan hệ mới.,1
love_C_mok_df_water,effect,Thiếu năng lượng tăng trưởng sẽ trì trệ các mối quan hệ và làm giảm sự quan tâm.,1
love_C_mok_df_water,action,Tập trung vào việc duy trì mối quan hệ hiện tại của bạn và tránh tiến bộ quá nhiều.,1
love_C_mok_df_water,state,"Sự do dự trong việc thử những điều mới có thể làm chậm tiến độ và năng lượng của mưa và tuyết có thể kích thích cảm xúc và nội tâm của bạn, điều này có thể làm tăng tác động.",1
love_C_mok_df_wood,intro,Đó là ngày mà việc mở rộng các mối quan hệ bị cản trở và khó phát triển các mối quan hệ hoặc mối quan hệ mới.,1
love_C_mok_df_wood,effect,Thiếu năng lượng tăng trưởng sẽ trì trệ các mối quan hệ và làm giảm sự quan tâm.,1
love_C_mok_df_wood,action,Tập trung vào việc duy trì mối quan hệ hiện tại của bạn và tránh tiến bộ quá nhiều.,1
love_C_mok_df_wood,state,Sự do dự trong việc thử những điều mới có thể làm chậm tiến độ và năng lượng mạnh mẽ của sự thay đổi có thể làm xáo trộn nhịp độ và dẫn đến những biến đổi không mong muốn.,1
love_C_mok_ex_earth,intro,Đó là ngày mà việc mở rộng các mối quan hệ bị cản trở và khó phát triển các mối quan hệ hoặc mối quan hệ mới.,1
love_C_mok_ex_earth,effect,Thiếu năng lượng tăng trưởng sẽ trì trệ các mối quan hệ và làm giảm sự quan tâm.,1
love_C_mok_ex_earth,action,Tập trung vào việc duy trì mối quan hệ hiện tại của bạn và tránh tiến bộ quá nhiều.,1
love_C_mok_ex_earth,state,Động lực quá mức có thể khiến bạn làm việc quá sức và nguồn năng lượng trầm có thể làm bạn chậm lại và khiến suy nghĩ của bạn trở nên nặng nề.,1
love_C_mok_ex_fire,intro,Đó là ngày mà việc mở rộng các mối quan hệ bị cản trở và khó phát triển các mối quan hệ hoặc mối quan hệ mới.,1
love_C_mok_ex_fire,effect,Thiếu năng lượng tăng trưởng sẽ trì trệ các mối quan hệ và làm giảm sự quan tâm.,1
love_C_mok_ex_fire,action,Tập trung vào việc duy trì mối quan hệ hiện tại của bạn và tránh tiến bộ quá nhiều.,1
love_C_mok_ex_fire,state,"Nếu bạn quá có động lực, bạn có thể thúc đẩy bản thân làm mọi việc và nguồn năng lượng sáng rõ của bạn có thể chảy vào bầu không khí phấn khích, điều này có thể làm lu mờ sự thận trọng của bạn.",1
love_C_mok_ex_water,intro,Đó là ngày mà việc mở rộng các mối quan hệ bị cản trở và khó phát triển các mối quan hệ hoặc mối quan hệ mới.,1
love_C_mok_ex_water,effect,Thiếu năng lượng tăng trưởng sẽ trì trệ các mối quan hệ và làm giảm sự quan tâm.,1
love_C_mok_ex_water,action,Tập trung vào việc duy trì mối quan hệ hiện tại của bạn và tránh tiến bộ quá nhiều.,1
love_C_mok_ex_water,state,"Nếu có quá nhiều động lực, bạn có thể làm việc quá sức, năng lượng của mưa tuyết có thể kích thích cảm xúc và nội tâm của bạn, từ đó có thể làm tăng tác động.",1
love_C_mok_ex_wood,intro,Đó là ngày mà việc mở rộng các mối quan hệ bị cản trở và khó phát triển các mối quan hệ hoặc mối quan hệ mới.,1
love_C_mok_ex_wood,effect,Thiếu năng lượng tăng trưởng sẽ trì trệ các mối quan hệ và làm giảm sự quan tâm.,1
love_C_mok_ex_wood,action,Tập trung vào việc duy trì mối quan hệ hiện tại của bạn và tránh tiến bộ quá nhiều.,1
love_C_mok_ex_wood,state,"Động lực quá mức có thể dẫn đến làm việc quá sức, và năng lượng mạnh mẽ của sự thay đổi có thể làm xáo trộn nhịp điệu và dẫn đến những biến đổi không mong muốn.",1
love_C_su_df_earth,intro,Đó là ngày mà sự giao tiếp cảm xúc bị chặn lại và xung đột lặp lại trong các mối quan hệ.,1
love_C_su_df_earth,effect,Sự gián đoạn trong giao tiếp sẽ tạo ra sự hiểu lầm và làm xấu đi các mối quan hệ.,1
love_C_su_df_earth,action,"Thay vì phản ứng theo cảm xúc, trước tiên hãy lắng nghe những gì người kia nói.",1
love_C_su_df_earth,state,Bạn rất dễ mất dấu dòng chảy do thiếu linh hoạt và năng lượng vẩn đục có thể làm bạn chậm lại và khiến suy nghĩ của bạn trở nên nặng nề.,1
love_C_su_df_fire,intro,Đó là ngày mà sự giao tiếp cảm xúc bị chặn lại và xung đột lặp lại trong các mối quan hệ.,1
love_C_su_df_fire,effect,Sự gián đoạn trong giao tiếp sẽ tạo ra sự hiểu lầm và làm xấu đi các mối quan hệ.,1
love_C_su_df_fire,action,"Thay vì phản ứng theo cảm xúc, trước tiên hãy lắng nghe những gì người kia nói.",1
love_C_su_df_fire,state,"Do thiếu linh hoạt nên dễ bị lạc dòng, nguồn năng lượng sáng rõ có thể chảy vào bầu không khí phấn khích, có thể làm lu mờ sự thận trọng của bạn.",1
love_C_su_df_water,intro,Đó là ngày mà sự giao tiếp cảm xúc bị chặn lại và xung đột lặp lại trong các mối quan hệ.,1
love_C_su_df_water,effect,Sự gián đoạn trong giao tiếp sẽ tạo ra sự hiểu lầm và làm xấu đi các mối quan hệ.,1
love_C_su_df_water,action,"Thay vì phản ứng theo cảm xúc, trước tiên hãy lắng nghe những gì người kia nói.",1
love_C_su_df_water,state,"Do thiếu linh hoạt nên dễ bị lạc dòng, năng lượng của mưa tuyết có thể kích thích cảm xúc và nội tâm, có thể làm tăng tác động.",1
love_C_su_df_wood,intro,Đó là ngày mà sự giao tiếp cảm xúc bị chặn lại và xung đột lặp lại trong các mối quan hệ.,1
love_C_su_df_wood,effect,Sự gián đoạn trong giao tiếp sẽ tạo ra sự hiểu lầm và làm xấu đi các mối quan hệ.,1
love_C_su_df_wood,action,"Thay vì phản ứng theo cảm xúc, trước tiên hãy lắng nghe những gì người kia nói.",1
love_C_su_df_wood,state,"Do thiếu linh hoạt nên dễ bị lạc dòng, năng lượng thay đổi mạnh mẽ có thể làm rung chuyển nhịp điệu và dẫn đến những biến chuyển không mong muốn.",1
love_C_su_ex_earth,intro,Đó là ngày mà sự giao tiếp cảm xúc bị chặn lại và xung đột lặp lại trong các mối quan hệ.,1
love_C_su_ex_earth,effect,Sự gián đoạn trong giao tiếp sẽ tạo ra sự hiểu lầm và làm xấu đi các mối quan hệ.,1
love_C_su_ex_earth,action,"Thay vì phản ứng theo cảm xúc, trước tiên hãy lắng nghe những gì người kia nói.",1
love_C_su_ex_earth,state,"Khả năng phán đoán của bạn rất dễ bị che mờ bởi những cảm xúc dâng trào, năng lượng vẩn đục có thể làm bạn chậm lại và khiến suy nghĩ của bạn trở nên nặng nề.",1
love_C_su_ex_fire,intro,Đó là ngày mà sự giao tiếp cảm xúc bị chặn lại và xung đột lặp lại trong các mối quan hệ.,1
love_C_su_ex_fire,effect,Sự gián đoạn trong giao tiếp sẽ tạo ra sự hiểu lầm và làm xấu đi các mối quan hệ.,1
love_C_su_ex_fire,action,"Thay vì phản ứng theo cảm xúc, trước tiên hãy lắng nghe những gì người kia nói.",1
love_C_su_ex_fire,state,"Sự phán xét có thể dễ dàng bị che mờ bởi những cảm xúc dâng trào, và nguồn năng lượng sáng rõ có thể chảy vào một bầu không khí phấn khích, có thể che mờ sự thận trọng.",1
love_C_su_ex_water,intro,Đó là ngày mà sự giao tiếp cảm xúc bị chặn lại và xung đột lặp lại trong các mối quan hệ.,1
love_C_su_ex_water,effect,Sự gián đoạn trong giao tiếp sẽ tạo ra sự hiểu lầm và làm xấu đi các mối quan hệ.,1
love_C_su_ex_water,action,"Thay vì phản ứng theo cảm xúc, trước tiên hãy lắng nghe những gì người kia nói.",1
love_C_su_ex_water,state,"Khả năng phán đoán của bạn rất dễ bị lu mờ do cảm xúc dâng trào, năng lượng của mưa tuyết có thể kích thích cảm xúc và nội tâm của bạn, từ đó có thể làm tăng tác động.",1
love_C_su_ex_wood,intro,Đó là ngày mà sự giao tiếp cảm xúc bị chặn lại và xung đột lặp lại trong các mối quan hệ.,1
love_C_su_ex_wood,effect,Sự gián đoạn trong giao tiếp sẽ tạo ra sự hiểu lầm và làm xấu đi các mối quan hệ.,1
love_C_su_ex_wood,action,"Thay vì phản ứng theo cảm xúc, trước tiên hãy lắng nghe những gì người kia nói.",1
love_C_su_ex_wood,state,"Sự phán xét có thể dễ dàng bị che mờ bởi cảm xúc, và năng lượng mạnh mẽ của sự thay đổi có thể làm rung chuyển nhịp điệu và dẫn đến những biến đổi bất ngờ.",1
love_C_to_df_earth,intro,"Đó là ngày mà sự ổn định của các mối quan hệ bị lung lay và xung đột, lo lắng gia tăng.",1
love_C_to_df_earth,effect,Nền tảng mối quan hệ không ổn định có thể hủy hoại lòng tin.,1
love_C_to_df_earth,action,Chia sẻ cảm xúc của bạn một cách trung thực với đối tác của bạn và giảm bớt sự lo lắng của bạn.,1
love_C_to_df_earth,state,Bởi vì trung tâm của bạn bị rung chuyển nên bạn rất dễ bị ảnh hưởng bởi môi trường xung quanh và nguồn năng lượng trầm có thể làm bạn chậm lại và khiến suy nghĩ của bạn trở nên nặng nề.,1
love_C_to_df_fire,intro,"Đó là ngày mà sự ổn định của các mối quan hệ bị lung lay và xung đột, lo lắng gia tăng.",1
love_C_to_df_fire,effect,Nền tảng mối quan hệ không ổn định có thể hủy hoại lòng tin.,1
love_C_to_df_fire,action,Chia sẻ cảm xúc của bạn một cách trung thực với đối tác của bạn và giảm bớt sự lo lắng của bạn.,1
love_C_to_df_fire,state,"Bởi vì trung tâm của bạn bị rung chuyển nên rất dễ bị ảnh hưởng bởi những người xung quanh, và nguồn năng lượng sáng rõ của bạn có thể chảy vào một bầu không khí phấn khích, điều này có thể che mờ sự thận trọng của bạn.",1
love_C_to_df_water,intro,"Đó là ngày mà sự ổn định của các mối quan hệ bị lung lay và xung đột, lo lắng gia tăng.",1
love_C_to_df_water,effect,Nền tảng mối quan hệ không ổn định có thể hủy hoại lòng tin.,1
love_C_to_df_water,action,Chia sẻ cảm xúc của bạn một cách trung thực với đối tác của bạn và giảm bớt sự lo lắng của bạn.,1
love_C_to_df_water,state,"Vì trung tâm của bạn bị rung chuyển nên rất dễ bị ảnh hưởng bởi môi trường xung quanh, năng lượng của mưa tuyết có thể kích thích cảm xúc và nội tâm của bạn, từ đó có thể làm tăng tác động.",1
love_C_to_df_wood,intro,"Đó là ngày mà sự ổn định của các mối quan hệ bị lung lay và xung đột, lo lắng gia tăng.",1
love_C_to_df_wood,effect,Nền tảng mối quan hệ không ổn định có thể hủy hoại lòng tin.,1
love_C_to_df_wood,action,Chia sẻ cảm xúc của bạn một cách trung thực với đối tác của bạn và giảm bớt sự lo lắng của bạn.,1
love_C_to_df_wood,state,"Bởi vì trung tâm bị rung chuyển nên dễ bị ảnh hưởng bởi môi trường xung quanh, năng lượng thay đổi mạnh mẽ có thể làm rung chuyển nhịp điệu và dẫn đến những biến chuyển bất ngờ.",1
love_C_to_ex_earth,intro,"Đó là ngày mà sự ổn định của các mối quan hệ bị lung lay và xung đột, lo lắng gia tăng.",1
love_C_to_ex_earth,effect,Nền tảng mối quan hệ không ổn định có thể hủy hoại lòng tin.,1
love_C_to_ex_earth,action,Chia sẻ cảm xúc của bạn một cách trung thực với đối tác của bạn và giảm bớt sự lo lắng của bạn.,1
love_C_to_ex_earth,state,"Một tâm trí không chịu thay đổi có thể chặn đứng các cơ hội, và nguồn năng lượng trầm có thể làm chậm tốc độ của bạn và khiến suy nghĩ của bạn trở nên nặng nề.",1
love_C_to_ex_fire,intro,"Đó là ngày mà sự ổn định của các mối quan hệ bị lung lay và xung đột, lo lắng gia tăng.",1
love_C_to_ex_fire,effect,Nền tảng mối quan hệ không ổn định có thể hủy hoại lòng tin.,1
love_C_to_ex_fire,action,Chia sẻ cảm xúc của bạn một cách trung thực với đối tác của bạn và giảm bớt sự lo lắng của bạn.,1
love_C_to_ex_fire,state,"Một tâm trí không chịu thay đổi có thể chặn đứng các cơ hội, và năng lượng rõ ràng có thể chảy vào bầu không khí phấn khích, che mờ sự thận trọng.",1
love_C_to_ex_water,intro,"Đó là ngày mà sự ổn định của các mối quan hệ bị lung lay và xung đột, lo lắng gia tăng.",1
love_C_to_ex_water,effect,Nền tảng mối quan hệ không ổn định có thể hủy hoại lòng tin.,1
love_C_to_ex_water,action,Chia sẻ cảm xúc của bạn một cách trung thực với đối tác của bạn và giảm bớt sự lo lắng của bạn.,1
love_C_to_ex_water,state,"Một tâm trí không chịu thay đổi có thể chặn đứng các cơ hội, còn năng lượng của mưa tuyết có thể kích thích cảm xúc và nội tâm, có thể làm tăng tác động.",1
love_C_to_ex_wood,intro,"Đó là ngày mà sự ổn định của các mối quan hệ bị lung lay và xung đột, lo lắng gia tăng.",1
love_C_to_ex_wood,effect,Nền tảng mối quan hệ không ổn định có thể hủy hoại lòng tin.,1
love_C_to_ex_wood,action,Chia sẻ cảm xúc của bạn một cách trung thực với đối tác của bạn và giảm bớt sự lo lắng của bạn.,1
love_C_to_ex_wood,state,Việc từ chối thay đổi có thể cản trở các cơ hội và năng lượng mạnh mẽ của sự thay đổi có thể làm rung chuyển nhịp điệu và dẫn đến những biến đổi không mong muốn.,1
love_C1,intro,"Hôm nay là ngày mà năng lượng cảm xúc của bạn xuống rất thấp, dễ xảy ra hiểu lầm trong các mối quan hệ.",1
love_C1,intro,Năng lượng tình yêu hôm nay yếu nên sẽ là điều khôn ngoan nếu bạn giảm thiểu biểu hiện cảm xúc.,1
love_C1,effect,Tốt hơn hết bạn nên giảm số lượng lời nói vì những lời nói và hành động nhỏ nhặt có thể nhạy cảm với người khác.,1
love_C1,effect,Những cuộc trò chuyện dựa trên sự thật có hiệu quả hơn trong việc giảm bớt hiểu lầm so với những cuộc trò chuyện mang tính cảm xúc.,1
love_C1,action,"Hôm nay, hãy ưu tiên lý trí hơn cảm xúc và đối xử thoải mái với người khác.",1
love_C1,action,"Thay vì cố gắng giải quyết vấn đề ngay lập tức, tốt hơn là bạn nên nói về nó trong trạng thái bình tĩnh vài ngày sau đó.",1
love_C1_geum_df_earth,intro,Đó là ngày mà năng lượng tình yêu bị suy giảm đáng kể và việc duy trì các mối quan hệ trở nên khó khăn.,1
love_C1_geum_df_earth,effect,Sự mất kết nối về mặt cảm xúc có thể tạo ra một cuộc khủng hoảng nghiêm trọng trong một mối quan hệ.,1
love_C1_geum_df_earth,action,Đừng bắt đầu cuộc trò chuyện với đối tác của bạn ngay hôm nay mà hãy làm điều đó khi bạn cảm thấy tốt hơn.,1
love_C1_geum_df_earth,state,"Do thiếu quyết tâm nên dễ tích tụ những lựa chọn thiếu quyết đoán, năng lượng vẩn đục có thể làm giảm động lực và khả năng phán đoán của đám mây.",1
love_C1_geum_df_fire,intro,Đó là ngày mà năng lượng tình yêu bị suy giảm đáng kể và việc duy trì các mối quan hệ trở nên khó khăn.,1
love_C1_geum_df_fire,effect,Sự mất kết nối về mặt cảm xúc có thể tạo ra một cuộc khủng hoảng nghiêm trọng trong một mối quan hệ.,1
love_C1_geum_df_fire,action,Đừng bắt đầu cuộc trò chuyện với đối tác của bạn ngay hôm nay mà hãy làm điều đó khi bạn cảm thấy tốt hơn.,1
love_C1_geum_df_fire,state,"Vì thiếu quyết tâm nên dễ đưa ra những lựa chọn thiếu quyết đoán, Dương hưng phấn có thể làm mất bình tĩnh và dẫn đến những sai lầm nhỏ.",1
love_C1_geum_df_water,intro,Đó là ngày mà năng lượng tình yêu bị suy giảm đáng kể và việc duy trì các mối quan hệ trở nên khó khăn.,1
love_C1_geum_df_water,effect,Sự mất kết nối về mặt cảm xúc có thể tạo ra một cuộc khủng hoảng nghiêm trọng trong một mối quan hệ.,1
love_C1_geum_df_water,action,Đừng bắt đầu cuộc trò chuyện với đối tác của bạn ngay hôm nay mà hãy làm điều đó khi bạn cảm thấy tốt hơn.,1
love_C1_geum_df_water,state,"Vì thiếu quyết tâm nên dễ nảy sinh những lựa chọn thiếu quyết đoán, năng lượng mưa tuyết không thể xoa dịu cảm xúc, khiến lòng bạn nặng trĩu.",1
love_C1_geum_df_wood,intro,Đó là ngày mà năng lượng tình yêu bị suy giảm đáng kể và việc duy trì các mối quan hệ trở nên khó khăn.,1
love_C1_geum_df_wood,effect,Sự mất kết nối về mặt cảm xúc có thể tạo ra một cuộc khủng hoảng nghiêm trọng trong một mối quan hệ.,1
love_C1_geum_df_wood,action,Đừng bắt đầu cuộc trò chuyện với đối tác của bạn ngay hôm nay mà hãy làm điều đó khi bạn cảm thấy tốt hơn.,1
love_C1_geum_df_wood,state,"Vì thiếu quyết tâm nên dễ nảy sinh những lựa chọn thiếu quyết đoán, năng lượng của sự thay đổi có thể liên tục cản trở, phá vỡ các kế hoạch.",1
love_C1_geum_ex_earth,intro,Đó là ngày mà năng lượng tình yêu bị suy giảm đáng kể và việc duy trì các mối quan hệ trở nên khó khăn.,1
love_C1_geum_ex_earth,effect,Sự mất kết nối về mặt cảm xúc có thể tạo ra một cuộc khủng hoảng nghiêm trọng trong một mối quan hệ.,1
love_C1_geum_ex_earth,action,Đừng bắt đầu cuộc trò chuyện với đối tác của bạn ngay hôm nay mà hãy làm điều đó khi bạn cảm thấy tốt hơn.,1
love_C1_geum_ex_earth,state,"Sự sắc bén có thể đi quá xa và gây gánh nặng cho những người xung quanh bạn, đồng thời nguồn năng lượng trầm có thể làm giảm động lực và che mờ khả năng phán đoán của bạn.",1
love_C1_geum_ex_fire,intro,Đó là ngày mà năng lượng tình yêu bị suy giảm đáng kể và việc duy trì các mối quan hệ trở nên khó khăn.,1
love_C1_geum_ex_fire,effect,Sự mất kết nối về mặt cảm xúc có thể tạo ra một cuộc khủng hoảng nghiêm trọng trong một mối quan hệ.,1
love_C1_geum_ex_fire,action,Đừng bắt đầu cuộc trò chuyện với đối tác của bạn ngay hôm nay mà hãy làm điều đó khi bạn cảm thấy tốt hơn.,1
love_C1_geum_ex_fire,state,"Sự sắc bén của bạn có thể đi quá xa và gây gánh nặng cho những người xung quanh, đồng thời năng lượng phấn khích của bạn có thể làm tiêu tan sự bình tĩnh của bạn và dẫn đến những sai lầm nhỏ.",1
love_C1_geum_ex_water,intro,Đó là ngày mà năng lượng tình yêu bị suy giảm đáng kể và việc duy trì các mối quan hệ trở nên khó khăn.,1
love_C1_geum_ex_water,effect,Sự mất kết nối về mặt cảm xúc có thể tạo ra một cuộc khủng hoảng nghiêm trọng trong một mối quan hệ.,1
love_C1_geum_ex_water,action,Đừng bắt đầu cuộc trò chuyện với đối tác của bạn ngay hôm nay mà hãy làm điều đó khi bạn cảm thấy tốt hơn.,1
love_C1_geum_ex_water,state,"Sự sắc bén của bạn có thể đi quá xa và gây gánh nặng cho những người xung quanh, còn năng lượng của mưa tuyết không thể xoa dịu được cảm xúc của bạn, khiến lòng bạn nặng trĩu.",1
love_C1_geum_ex_wood,intro,Đó là ngày mà năng lượng tình yêu bị suy giảm đáng kể và việc duy trì các mối quan hệ trở nên khó khăn.,1
love_C1_geum_ex_wood,effect,Sự mất kết nối về mặt cảm xúc có thể tạo ra một cuộc khủng hoảng nghiêm trọng trong một mối quan hệ.,1
love_C1_geum_ex_wood,action,Đừng bắt đầu cuộc trò chuyện với đối tác của bạn ngay hôm nay mà hãy làm điều đó khi bạn cảm thấy tốt hơn.,1
love_C1_geum_ex_wood,state,"Sự sắc bén của bạn có thể đi quá xa và gây gánh nặng cho những người xung quanh, đồng thời năng lượng thay đổi có thể tiếp tục cản trở các kế hoạch của bạn.",1
love_C1_hwa_df_earth,intro,Đó là ngày mà đam mê tình yêu gần như không còn nữa và sự tê liệt xâm chiếm các mối quan hệ.,1
love_C1_hwa_df_earth,effect,Sự cạn kiệt cảm xúc có thể gây ra thiệt hại lớn cho các mối quan hệ.,1
love_C1_hwa_df_earth,action,Hãy tránh những quyết định mang tính cảm xúc ngày hôm nay và hãy chăm sóc bản thân trước tiên.,1
love_C1_hwa_df_earth,state,Cảm xúc của bạn rất dễ không được truyền tải đúng cách do tắc nghẽn biểu hiện và năng lượng vẩn đục có thể làm giảm động lực và che mờ khả năng phán đoán của bạn.,1
love_C1_hwa_df_fire,intro,Đó là ngày mà đam mê tình yêu gần như không còn nữa và sự tê liệt xâm chiếm các mối quan hệ.,1
love_C1_hwa_df_fire,effect,Sự cạn kiệt cảm xúc có thể gây ra thiệt hại lớn cho các mối quan hệ.,1
love_C1_hwa_df_fire,action,Hãy tránh những quyết định mang tính cảm xúc ngày hôm nay và hãy chăm sóc bản thân trước tiên.,1
love_C1_hwa_df_fire,state,"Cảm xúc của bạn rất dễ không được truyền tải đúng cách do tắc nghẽn biểu hiện, đồng thời năng lượng phấn khích có thể làm mất đi sự bình tĩnh của bạn và dẫn đến những sai sót nhỏ.",1
love_C1_hwa_df_water,intro,Đó là ngày mà đam mê tình yêu gần như không còn nữa và sự tê liệt xâm chiếm các mối quan hệ.,1
love_C1_hwa_df_water,effect,Sự cạn kiệt cảm xúc có thể gây ra thiệt hại lớn cho các mối quan hệ.,1
love_C1_hwa_df_water,action,Hãy tránh những quyết định mang tính cảm xúc ngày hôm nay và hãy chăm sóc bản thân trước tiên.,1
love_C1_hwa_df_water,state,"Bởi vì biểu cảm bị chặn nên cảm xúc của bạn dễ không được truyền tải một cách đúng đắn, năng lượng của mưa tuyết không thể xoa dịu cảm xúc của bạn, điều này có thể khiến trái tim bạn cảm thấy nặng nề.",1
love_C1_hwa_df_wood,intro,Đó là ngày mà đam mê tình yêu gần như không còn nữa và sự tê liệt xâm chiếm các mối quan hệ.,1
love_C1_hwa_df_wood,effect,Sự cạn kiệt cảm xúc có thể gây ra thiệt hại lớn cho các mối quan hệ.,1
love_C1_hwa_df_wood,action,Hãy tránh những quyết định mang tính cảm xúc ngày hôm nay và hãy chăm sóc bản thân trước tiên.,1
love_C1_hwa_df_wood,state,Cảm xúc của bạn rất dễ không được truyền tải đúng cách do tắc nghẽn biểu hiện và năng lượng của sự thay đổi có thể tiếp tục cản trở và làm gián đoạn kế hoạch của bạn.,1
love_C1_hwa_ex_earth,intro,Đó là ngày mà đam mê tình yêu gần như không còn nữa và sự tê liệt xâm chiếm các mối quan hệ.,1
love_C1_hwa_ex_earth,effect,Sự cạn kiệt cảm xúc có thể gây ra thiệt hại lớn cho các mối quan hệ.,1
love_C1_hwa_ex_earth,action,Hãy tránh những quyết định mang tính cảm xúc ngày hôm nay và hãy chăm sóc bản thân trước tiên.,1
love_C1_hwa_ex_earth,state,"Cảm xúc rất dễ gây ra xích mích ngay cả với những điều nhỏ nhặt, và năng lượng vẩn đục có thể làm giảm động lực và khả năng phán đoán của đám mây.",1
love_C1_hwa_ex_fire,intro,Đó là ngày mà đam mê tình yêu gần như không còn nữa và sự tê liệt xâm chiếm các mối quan hệ.,1
love_C1_hwa_ex_fire,effect,Sự cạn kiệt cảm xúc có thể gây ra thiệt hại lớn cho các mối quan hệ.,1
love_C1_hwa_ex_fire,action,Hãy tránh những quyết định mang tính cảm xúc ngày hôm nay và hãy chăm sóc bản thân trước tiên.,1
love_C1_hwa_ex_fire,state,"Cảm xúc rất dễ gây ra xích mích dù chỉ vì những điều nhỏ nhặt, còn năng lượng phấn khích có thể làm xáo trộn sự bình tĩnh của bạn và dẫn đến những sai lầm nhỏ.",1
love_C1_hwa_ex_water,intro,Đó là ngày mà đam mê tình yêu gần như không còn nữa và sự tê liệt xâm chiếm các mối quan hệ.,1
love_C1_hwa_ex_water,effect,Sự cạn kiệt cảm xúc có thể gây ra thiệt hại lớn cho các mối quan hệ.,1
love_C1_hwa_ex_water,action,Hãy tránh những quyết định mang tính cảm xúc ngày hôm nay và hãy chăm sóc bản thân trước tiên.,1
love_C1_hwa_ex_water,state,"Cảm xúc rất dễ nảy sinh dù chỉ vì những điều nhỏ nhặt, năng lượng của mưa tuyết cũng không thể làm dịu đi cảm xúc của bạn, khiến lòng bạn nặng trĩu.",1
love_C1_hwa_ex_wood,intro,Đó là ngày mà đam mê tình yêu gần như không còn nữa và sự tê liệt xâm chiếm các mối quan hệ.,1
love_C1_hwa_ex_wood,effect,Sự cạn kiệt cảm xúc có thể gây ra thiệt hại lớn cho các mối quan hệ.,1
love_C1_hwa_ex_wood,action,Hãy tránh những quyết định mang tính cảm xúc ngày hôm nay và hãy chăm sóc bản thân trước tiên.,1
love_C1_hwa_ex_wood,state,"Nếu bạn bị chi phối bởi cảm xúc, bạn rất dễ nảy sinh xích mích ngay cả vì những điều nhỏ nhặt và năng lượng của sự thay đổi có thể tiếp tục cản trở và làm gián đoạn các kế hoạch của bạn.",1
love_C1_mok_df_earth,intro,Đây là ngày mà sự phát triển của mối quan hệ hoàn toàn dừng lại và khoảng cách ngày càng tăng.,1
love_C1_mok_df_earth,effect,Sự trì trệ trong một mối quan hệ có thể dẫn đến khủng hoảng chia tay.,1
love_C1_mok_df_earth,action,"Thay vì cố gắng ép buộc thay đổi mối quan hệ của mình, hãy dành một chút thời gian để lấy lại nhịp thở.",1
love_C1_mok_df_earth,state,"Nếu chần chừ trong thời gian dài, cơ hội sẽ dễ dàng vuột khỏi tầm tay bạn, nguồn năng lượng trầm có thể làm giảm động lực và che mờ khả năng phán đoán của bạn.",1
love_C1_mok_df_fire,intro,Đây là ngày mà sự phát triển của mối quan hệ hoàn toàn dừng lại và khoảng cách ngày càng tăng.,1
love_C1_mok_df_fire,effect,Sự trì trệ trong một mối quan hệ có thể dẫn đến khủng hoảng chia tay.,1
love_C1_mok_df_fire,action,"Thay vì cố gắng ép buộc thay đổi mối quan hệ của mình, hãy dành một chút thời gian để lấy lại nhịp thở.",1
love_C1_mok_df_fire,state,"Nếu chần chừ lâu, rất dễ cơ hội tuột khỏi tay bạn, năng lượng hưng phấn có thể làm mất đi sự bình tĩnh của bạn và dẫn đến những sai sót nhỏ.",1
love_C1_mok_df_water,intro,Đây là ngày mà sự phát triển của mối quan hệ hoàn toàn dừng lại và khoảng cách ngày càng tăng.,1
love_C1_mok_df_water,effect,Sự trì trệ trong một mối quan hệ có thể dẫn đến khủng hoảng chia tay.,1
love_C1_mok_df_water,action,"Thay vì cố gắng ép buộc thay đổi mối quan hệ của mình, hãy dành một chút thời gian để lấy lại nhịp thở.",1
love_C1_mok_df_water,state,"Nếu chần chừ lâu, rất dễ cơ hội tuột khỏi tay, năng lượng mưa tuyết không thể xoa dịu cảm xúc, khiến lòng bạn nặng trĩu.",1
love_C1_mok_df_wood,intro,Đây là ngày mà sự phát triển của mối quan hệ hoàn toàn dừng lại và khoảng cách ngày càng tăng.,1
love_C1_mok_df_wood,effect,Sự trì trệ trong một mối quan hệ có thể dẫn đến khủng hoảng chia tay.,1
love_C1_mok_df_wood,action,"Thay vì cố gắng ép buộc thay đổi mối quan hệ của mình, hãy dành một chút thời gian để lấy lại nhịp thở.",1
love_C1_mok_df_wood,state,"Nếu bạn chần chừ trong thời gian dài, rất dễ để cơ hội tuột khỏi tay bạn, năng lượng của sự thay đổi có thể liên tục cản trở và làm gián đoạn các kế hoạch của bạn.",1
love_C1_mok_ex_earth,intro,Đây là ngày mà sự phát triển của mối quan hệ hoàn toàn dừng lại và khoảng cách ngày càng tăng.,1
love_C1_mok_ex_earth,effect,Sự trì trệ trong một mối quan hệ có thể dẫn đến khủng hoảng chia tay.,1
love_C1_mok_ex_earth,action,"Thay vì cố gắng ép buộc thay đổi mối quan hệ của mình, hãy dành một chút thời gian để lấy lại nhịp thở.",1
love_C1_mok_ex_earth,state,"Lòng tham rất dễ dẫn đến những thứ không thể nắm bắt được, năng lượng vẩn đục có thể làm giảm động lực và khả năng phán đoán của mây mù.",1
love_C1_mok_ex_fire,intro,Đây là ngày mà sự phát triển của mối quan hệ hoàn toàn dừng lại và khoảng cách ngày càng tăng.,1
love_C1_mok_ex_fire,effect,Sự trì trệ trong một mối quan hệ có thể dẫn đến khủng hoảng chia tay.,1
love_C1_mok_ex_fire,action,"Thay vì cố gắng ép buộc thay đổi mối quan hệ của mình, hãy dành một chút thời gian để lấy lại nhịp thở.",1
love_C1_mok_ex_fire,state,"Bạn rất dễ trở nên tham lam và làm những việc không thể kiểm soát, năng lượng phấn khích có thể làm xáo trộn sự bình tĩnh của bạn và dẫn đến những sai lầm nhỏ.",1
love_C1_mok_ex_water,intro,Đây là ngày mà sự phát triển của mối quan hệ hoàn toàn dừng lại và khoảng cách ngày càng tăng.,1
love_C1_mok_ex_water,effect,Sự trì trệ trong một mối quan hệ có thể dẫn đến khủng hoảng chia tay.,1
love_C1_mok_ex_water,action,"Thay vì cố gắng ép buộc thay đổi mối quan hệ của mình, hãy dành một chút thời gian để lấy lại nhịp thở.",1
love_C1_mok_ex_water,state,"Bạn dễ trở nên tham lam và làm những việc mình không thể kiểm soát, năng lượng của mưa tuyết không thể xoa dịu cảm xúc khiến lòng bạn nặng trĩu.",1
love_C1_mok_ex_wood,intro,Đây là ngày mà sự phát triển của mối quan hệ hoàn toàn dừng lại và khoảng cách ngày càng tăng.,1
love_C1_mok_ex_wood,effect,Sự trì trệ trong một mối quan hệ có thể dẫn đến khủng hoảng chia tay.,1
love_C1_mok_ex_wood,action,"Thay vì cố gắng ép buộc thay đổi mối quan hệ của mình, hãy dành một chút thời gian để lấy lại nhịp thở.",1
love_C1_mok_ex_wood,state,"Bạn rất dễ trở nên tham lam và làm những việc ngoài tầm kiểm soát, đồng thời năng lượng của sự thay đổi có thể tiếp tục cản trở các kế hoạch của bạn.",1
love_C1_su_df_earth,intro,Đó là ngày mà sự giao tiếp tình cảm có thể bị gián đoạn nghiêm trọng và xung đột có thể bùng nổ.,1
love_C1_su_df_earth,effect,Một loạt sự mất kết nối và hiểu lầm về mặt cảm xúc khiến các mối quan hệ gặp nguy hiểm.,1
love_C1_su_df_earth,action,Tránh những cuộc trò chuyện tình cảm quan trọng ngày hôm nay và giữ bình tĩnh.,1
love_C1_su_df_earth,state,"Bạn rất dễ trở nên bướng bỉnh và lạc lối, và nguồn năng lượng trầm có thể làm giảm động lực và che mờ khả năng phán đoán của bạn.",1
love_C1_su_df_fire,intro,Đó là ngày mà sự giao tiếp tình cảm có thể bị gián đoạn nghiêm trọng và xung đột có thể bùng nổ.,1
love_C1_su_df_fire,effect,Một loạt sự mất kết nối và hiểu lầm về mặt cảm xúc khiến các mối quan hệ gặp nguy hiểm.,1
love_C1_su_df_fire,action,Tránh những cuộc trò chuyện tình cảm quan trọng ngày hôm nay và giữ bình tĩnh.,1
love_C1_su_df_fire,state,"Bạn rất dễ trở nên bướng bỉnh và lạc lối, năng lượng phấn khích có thể làm xáo trộn sự bình tĩnh của bạn và dẫn đến những sai lầm nhỏ.",1
love_C1_su_df_water,intro,Đó là ngày mà sự giao tiếp tình cảm có thể bị gián đoạn nghiêm trọng và xung đột có thể bùng nổ.,1
love_C1_su_df_water,effect,Một loạt sự mất kết nối và hiểu lầm về mặt cảm xúc khiến các mối quan hệ gặp nguy hiểm.,1
love_C1_su_df_water,action,Tránh những cuộc trò chuyện tình cảm quan trọng ngày hôm nay và giữ bình tĩnh.,1
love_C1_su_df_water,state,"Bạn dễ trở nên bướng bỉnh, lạc lối, năng lượng của mưa tuyết không thể xoa dịu được cảm xúc, khiến lòng bạn trĩu nặng.",1
love_C1_su_df_wood,intro,Đó là ngày mà sự giao tiếp tình cảm có thể bị gián đoạn nghiêm trọng và xung đột có thể bùng nổ.,1
love_C1_su_df_wood,effect,Một loạt sự mất kết nối và hiểu lầm về mặt cảm xúc khiến các mối quan hệ gặp nguy hiểm.,1
love_C1_su_df_wood,action,Tránh những cuộc trò chuyện tình cảm quan trọng ngày hôm nay và giữ bình tĩnh.,1
love_C1_su_df_wood,state,"Bạn rất dễ trở nên bướng bỉnh và mất dấu mọi việc nhiều lần, đồng thời năng lượng của sự thay đổi có thể tiếp tục cản trở và làm gián đoạn các kế hoạch của bạn.",1
love_C1_su_ex_earth,intro,Đó là ngày mà sự giao tiếp tình cảm có thể bị gián đoạn nghiêm trọng và xung đột có thể bùng nổ.,1
love_C1_su_ex_earth,effect,Một loạt sự mất kết nối và hiểu lầm về mặt cảm xúc khiến các mối quan hệ gặp nguy hiểm.,1
love_C1_su_ex_earth,action,Tránh những cuộc trò chuyện tình cảm quan trọng ngày hôm nay và giữ bình tĩnh.,1
love_C1_su_ex_earth,state,"Cảm xúc trở nên sâu sắc hơn nên rất dễ bị rung chuyển bởi những kích thích dù nhỏ, năng lượng vẩn đục có thể làm giảm động lực và khả năng phán đoán của đám mây.",1
love_C1_su_ex_fire,intro,Đó là ngày mà sự giao tiếp tình cảm có thể bị gián đoạn nghiêm trọng và xung đột có thể bùng nổ.,1
love_C1_su_ex_fire,effect,Một loạt sự mất kết nối và hiểu lầm về mặt cảm xúc khiến các mối quan hệ gặp nguy hiểm.,1
love_C1_su_ex_fire,action,Tránh những cuộc trò chuyện tình cảm quan trọng ngày hôm nay và giữ bình tĩnh.,1
love_C1_su_ex_fire,state,"Cảm xúc trở nên sâu sắc nên rất dễ bị rung chuyển bởi những kích thích dù là nhỏ nhất, năng lượng phấn khích có thể làm xáo trộn sự bình tĩnh và dẫn đến những sai lầm nhỏ.",1
love_C1_su_ex_water,intro,Đó là ngày mà sự giao tiếp tình cảm có thể bị gián đoạn nghiêm trọng và xung đột có thể bùng nổ.,1
love_C1_su_ex_water,effect,Một loạt sự mất kết nối và hiểu lầm về mặt cảm xúc khiến các mối quan hệ gặp nguy hiểm.,1
love_C1_su_ex_water,action,Tránh những cuộc trò chuyện tình cảm quan trọng ngày hôm nay và giữ bình tĩnh.,1
love_C1_su_ex_water,state,"Khi cảm xúc trở nên sâu sắc hơn, rất dễ bị rung chuyển bởi những kích thích dù là nhỏ nhất, năng lượng của mưa tuyết có thể không xoa dịu được cảm xúc, khiến lòng nặng trĩu.",1
love_C1_su_ex_wood,intro,Đó là ngày mà sự giao tiếp tình cảm có thể bị gián đoạn nghiêm trọng và xung đột có thể bùng nổ.,1
love_C1_su_ex_wood,effect,Một loạt sự mất kết nối và hiểu lầm về mặt cảm xúc khiến các mối quan hệ gặp nguy hiểm.,1
love_C1_su_ex_wood,action,Tránh những cuộc trò chuyện tình cảm quan trọng ngày hôm nay và giữ bình tĩnh.,1
love_C1_su_ex_wood,state,"Khi cảm xúc của bạn trở nên sâu sắc hơn, bạn rất dễ bị lung lay bởi những kích thích dù là nhỏ nhất và năng lượng của sự thay đổi có thể tiếp tục cản trở và làm gián đoạn các kế hoạch của bạn.",1
love_C1_to_df_earth,intro,Đó là ngày mà sự ổn định của các mối quan hệ sụp đổ và niềm tin bị lung lay mạnh mẽ.,1
love_C1_to_df_earth,effect,Một nền tảng cảm xúc không ổn định sẽ gây nguy hiểm cho toàn bộ mối quan hệ.,1
love_C1_to_df_earth,action,Nói chuyện lặng lẽ với đối tác của bạn một mình và kiểm tra mối quan hệ của bạn.,1
love_C1_to_df_earth,state,Bởi vì bạn không tập trung nên các quyết định của bạn dễ dàng thay đổi và năng lượng vẩn đục có thể làm giảm động lực và che mờ khả năng phán đoán của bạn.,1
love_C1_to_df_fire,intro,Đó là ngày mà sự ổn định của các mối quan hệ sụp đổ và niềm tin bị lung lay mạnh mẽ.,1
love_C1_to_df_fire,effect,Một nền tảng cảm xúc không ổn định sẽ gây nguy hiểm cho toàn bộ mối quan hệ.,1
love_C1_to_df_fire,action,Nói chuyện lặng lẽ với đối tác của bạn một mình và kiểm tra mối quan hệ của bạn.,1
love_C1_to_df_fire,state,"Vì không tập trung nên các quyết định của bạn dễ bị thay đổi, năng lượng phấn khích có thể làm tiêu tan sự bình tĩnh của bạn và dẫn đến những sai lầm nhỏ.",1
love_C1_to_df_water,intro,Đó là ngày mà sự ổn định của các mối quan hệ sụp đổ và niềm tin bị lung lay mạnh mẽ.,1
love_C1_to_df_water,effect,Một nền tảng cảm xúc không ổn định sẽ gây nguy hiểm cho toàn bộ mối quan hệ.,1
love_C1_to_df_water,action,Nói chuyện lặng lẽ với đối tác của bạn một mình và kiểm tra mối quan hệ của bạn.,1
love_C1_to_df_water,state,"Vì không tập trung nên các quyết định của bạn dễ bị thay đổi, năng lượng của mưa tuyết không thể xoa dịu được cảm xúc khiến lòng bạn nặng trĩu.",1
love_C1_to_df_wood,intro,Đó là ngày mà sự ổn định của các mối quan hệ sụp đổ và niềm tin bị lung lay mạnh mẽ.,1
love_C1_to_df_wood,effect,Một nền tảng cảm xúc không ổn định sẽ gây nguy hiểm cho toàn bộ mối quan hệ.,1
love_C1_to_df_wood,action,Nói chuyện lặng lẽ với đối tác của bạn một mình và kiểm tra mối quan hệ của bạn.,1
love_C1_to_df_wood,state,Bởi vì bạn không tập trung nên các quyết định của bạn dễ dàng thay đổi và năng lượng của sự thay đổi có thể tiếp tục cản trở các kế hoạch của bạn.,1
love_C1_to_ex_earth,intro,Đó là ngày mà sự ổn định của các mối quan hệ sụp đổ và niềm tin bị lung lay mạnh mẽ.,1
love_C1_to_ex_earth,effect,Một nền tảng cảm xúc không ổn định sẽ gây nguy hiểm cho toàn bộ mối quan hệ.,1
love_C1_to_ex_earth,action,Nói chuyện lặng lẽ với đối tác của bạn một mình và kiểm tra mối quan hệ của bạn.,1
love_C1_to_ex_earth,state,"Thật dễ dàng để bỏ qua những thay đổi đòi hỏi sự định hướng ổn định cứng đầu, và năng lượng vẩn đục có thể làm giảm động lực và khả năng phán đoán của đám mây.",1
love_C1_to_ex_fire,intro,Đó là ngày mà sự ổn định của các mối quan hệ sụp đổ và niềm tin bị lung lay mạnh mẽ.,1
love_C1_to_ex_fire,effect,Một nền tảng cảm xúc không ổn định sẽ gây nguy hiểm cho toàn bộ mối quan hệ.,1
love_C1_to_ex_fire,action,Nói chuyện lặng lẽ với đối tác của bạn một mình và kiểm tra mối quan hệ của bạn.,1
love_C1_to_ex_fire,state,"Người ta dễ bỏ qua những thay đổi đòi hỏi sự ổn định bướng bỉnh, năng lượng phấn khích có thể làm xáo trộn sự bình tĩnh và dẫn đến những sai lầm nhỏ.",1
love_C1_to_ex_water,intro,Đó là ngày mà sự ổn định của các mối quan hệ sụp đổ và niềm tin bị lung lay mạnh mẽ.,1
love_C1_to_ex_water,effect,Một nền tảng cảm xúc không ổn định sẽ gây nguy hiểm cho toàn bộ mối quan hệ.,1
love_C1_to_ex_water,action,Nói chuyện lặng lẽ với đối tác của bạn một mình và kiểm tra mối quan hệ của bạn.,1
love_C1_to_ex_water,state,"Người ta dễ bỏ qua những thay đổi đòi hỏi sự ổn định bướng bỉnh, năng lượng của mưa tuyết có thể không xoa dịu được cảm xúc, khiến lòng bạn nặng trĩu.",1
love_C1_to_ex_wood,intro,Đó là ngày mà sự ổn định của các mối quan hệ sụp đổ và niềm tin bị lung lay mạnh mẽ.,1
love_C1_to_ex_wood,effect,Một nền tảng cảm xúc không ổn định sẽ gây nguy hiểm cho toàn bộ mối quan hệ.,1
love_C1_to_ex_wood,action,Nói chuyện lặng lẽ với đối tác của bạn một mình và kiểm tra mối quan hệ của bạn.,1
love_C1_to_ex_wood,state,Bạn rất dễ bỏ qua những thay đổi đòi hỏi một định hướng ổn định cứng đầu và năng lượng của sự thay đổi có thể tiếp tục cản trở và làm gián đoạn các kế hoạch của bạn.,1
love_D,intro,"Năng lượng mối quan hệ hôm nay đang ở mức thấp nhất, vì vậy sẽ là điều khôn ngoan nếu bạn tránh xung đột và giữ khoảng cách.",1
love_D,intro,Năng lượng cảm xúc của bạn hôm nay sẽ rất yếu nên tốt nhất bạn nên hạn chế tối đa việc tiếp xúc với người khác.,1
love_D,effect,Cho dù ý định của bạn có tốt đến đâu thì im lặng có thể là cách tốt nhất vì nó có thể dẫn đến hiểu lầm.,1
love_D,effect,"Khi cảm xúc của bạn trở nên cực kỳ nhạy cảm, ngay cả những điều nhỏ nhặt cũng có thể trở thành chuyện lớn, vì vậy tốt hơn hết bạn nên giữ khoảng cách ngay hôm nay.",1
love_D,action,Hãy tạm hoãn những cuộc trò chuyện quan trọng về mối quan hệ trong vài ngày và hôm nay hãy tập trung vào việc sắp xếp lại cảm xúc của bạn.,1
love_D,action,Tốt nhất bạn nên dành ngày hôm nay để chăm sóc bản thân hơn là liên lạc với người khác.,1
love_D_geum_df_earth,intro,Đó là ngày mà năng lượng tình yêu của bạn hoàn toàn cạn kiệt và mối quan hệ của bạn rơi vào khủng hoảng.,1
love_D_geum_df_earth,effect,Sự cạn kiệt cảm xúc khiến các mối quan hệ khó hàn gắn.,1
love_D_geum_df_earth,action,Đừng đưa ra bất kỳ quyết định lãng mạn nào ngày hôm nay.,1
love_D_geum_df_earth,state,"Quyết tâm của bạn có thể bị phá vỡ nghiêm trọng, và bất kỳ lựa chọn nào bạn đưa ra đều có thể dẫn đến sự hối tiếc, và năng lượng dày đặc, nhiều mây có thể làm mọi thứ chậm lại rất nhiều.",1
love_D_geum_df_fire,intro,Đó là ngày mà năng lượng tình yêu của bạn hoàn toàn cạn kiệt và mối quan hệ của bạn rơi vào khủng hoảng.,1
love_D_geum_df_fire,effect,Sự cạn kiệt cảm xúc khiến các mối quan hệ khó hàn gắn.,1
love_D_geum_df_fire,action,Đừng đưa ra bất kỳ quyết định lãng mạn nào ngày hôm nay.,1
love_D_geum_df_fire,state,"Tính quyết đoán có thể bị suy yếu đi rất nhiều, và bất kỳ lựa chọn nào cũng có thể dẫn đến sự hối tiếc, còn dương mạnh có thể khuyến khích những xung động và dẫn đến những hành động liều lĩnh.",1
love_D_geum_df_water,intro,Đó là ngày mà năng lượng tình yêu của bạn hoàn toàn cạn kiệt và mối quan hệ của bạn rơi vào khủng hoảng.,1
love_D_geum_df_water,effect,Sự cạn kiệt cảm xúc khiến các mối quan hệ khó hàn gắn.,1
love_D_geum_df_water,action,Đừng đưa ra bất kỳ quyết định lãng mạn nào ngày hôm nay.,1
love_D_geum_df_water,state,"Sự quyết tâm của bạn có thể bị phá vỡ rất nhiều, và bất kỳ lựa chọn nào bạn đưa ra đều có thể dẫn đến sự hối tiếc, đồng thời sức mạnh của mưa lớn và tuyết có thể khiến cảm xúc của bạn rung chuyển dữ dội, khiến bạn khó kiểm soát được chúng.",1
love_D_geum_df_wood,intro,Đó là ngày mà năng lượng tình yêu của bạn hoàn toàn cạn kiệt và mối quan hệ của bạn rơi vào khủng hoảng.,1
love_D_geum_df_wood,effect,Sự cạn kiệt cảm xúc khiến các mối quan hệ khó hàn gắn.,1
love_D_geum_df_wood,action,Đừng đưa ra bất kỳ quyết định lãng mạn nào ngày hôm nay.,1
love_D_geum_df_wood,state,"Quyết tâm của bạn có thể bị phá vỡ nghiêm trọng, bất kỳ lựa chọn nào bạn đưa ra đều có thể kết thúc trong sự hối tiếc, và năng lượng thay đổi khốc liệt có thể khiến mọi dự đoán của bạn đi chệch hướng.",1
love_D_geum_ex_earth,intro,Đó là ngày mà năng lượng tình yêu của bạn hoàn toàn cạn kiệt và mối quan hệ của bạn rơi vào khủng hoảng.,1
love_D_geum_ex_earth,effect,Sự cạn kiệt cảm xúc khiến các mối quan hệ khó hàn gắn.,1
love_D_geum_ex_earth,action,Đừng đưa ra bất kỳ quyết định lãng mạn nào ngày hôm nay.,1
love_D_geum_ex_earth,state,"Nếu độ sắc nét đi quá xa, nó có thể tạo ra một vết nứt sâu với môi trường xung quanh, và năng lượng mây mù dày đặc có thể làm mọi thứ chậm lại rất nhiều.",1
love_D_geum_ex_fire,intro,Đó là ngày mà năng lượng tình yêu của bạn hoàn toàn cạn kiệt và mối quan hệ của bạn rơi vào khủng hoảng.,1
love_D_geum_ex_fire,effect,Sự cạn kiệt cảm xúc khiến các mối quan hệ khó hàn gắn.,1
love_D_geum_ex_fire,action,Đừng đưa ra bất kỳ quyết định lãng mạn nào ngày hôm nay.,1
love_D_geum_ex_fire,state,"Sự sắc bén có thể đi quá xa và tạo ra những rạn nứt sâu sắc với những người xung quanh, còn dương mạnh có thể khuyến khích những xung động và dẫn đến những hành động liều lĩnh.",1
love_D_geum_ex_water,intro,Đó là ngày mà năng lượng tình yêu của bạn hoàn toàn cạn kiệt và mối quan hệ của bạn rơi vào khủng hoảng.,1
love_D_geum_ex_water,effect,Sự cạn kiệt cảm xúc khiến các mối quan hệ khó hàn gắn.,1
love_D_geum_ex_water,action,Đừng đưa ra bất kỳ quyết định lãng mạn nào ngày hôm nay.,1
love_D_geum_ex_water,state,"Độ sắc nét có thể đi quá xa và tạo ra những vết nứt sâu với môi trường xung quanh, đồng thời sức mạnh của mưa lớn và tuyết có thể làm rung chuyển cảm xúc của bạn một cách dữ dội, khiến bạn khó kiểm soát được chúng.",1
love_D_geum_ex_wood,intro,Đó là ngày mà năng lượng tình yêu của bạn hoàn toàn cạn kiệt và mối quan hệ của bạn rơi vào khủng hoảng.,1
love_D_geum_ex_wood,effect,Sự cạn kiệt cảm xúc khiến các mối quan hệ khó hàn gắn.,1
love_D_geum_ex_wood,action,Đừng đưa ra bất kỳ quyết định lãng mạn nào ngày hôm nay.,1
love_D_geum_ex_wood,state,"Sự sắc bén có thể đi quá xa và tạo ra những vết nứt sâu với môi trường xung quanh, đồng thời năng lượng thay đổi khốc liệt có thể khiến mọi dự đoán đi chệch hướng.",1
love_D_hwa_df_earth,intro,Đó là ngày mà cảm giác yêu thương hoàn toàn bị chặn lại và việc giao tiếp với đối phương là không thể.,1
love_D_hwa_df_earth,effect,Sự mất kết nối cảm xúc cực độ để lại những vết thương chí mạng trong các mối quan hệ.,1
love_D_hwa_df_earth,action,Hoàn toàn kiềm chế hành vi cảm xúc và tìm thấy sự thoải mái một mình.,1
love_D_hwa_df_earth,state,"Con đường truyền tải cảm xúc của một người hoàn toàn khép kín, điều này có thể làm sâu sắc thêm những hiểu lầm và mất kết nối, đồng thời năng lượng dày đặc, nhiều mây có thể làm mọi thứ chậm lại rất nhiều.",1
love_D_hwa_df_fire,intro,Đó là ngày mà cảm giác yêu thương hoàn toàn bị chặn lại và việc giao tiếp với đối phương là không thể.,1
love_D_hwa_df_fire,effect,Sự mất kết nối cảm xúc cực độ để lại những vết thương chí mạng trong các mối quan hệ.,1
love_D_hwa_df_fire,action,Hoàn toàn kiềm chế hành vi cảm xúc và tìm thấy sự thoải mái một mình.,1
love_D_hwa_df_fire,state,"Con đường truyền đạt cảm xúc của một người hoàn toàn khép kín, điều này có thể làm sâu sắc thêm những hiểu lầm và mất kết nối, đồng thời năng lượng tích cực mạnh mẽ có thể khuyến khích những xung động và dẫn đến những hành động liều lĩnh.",1
love_D_hwa_df_water,intro,Đó là ngày mà cảm giác yêu thương hoàn toàn bị chặn lại và việc giao tiếp với đối phương là không thể.,1
love_D_hwa_df_water,effect,Sự mất kết nối cảm xúc cực độ để lại những vết thương chí mạng trong các mối quan hệ.,1
love_D_hwa_df_water,action,Hoàn toàn kiềm chế hành vi cảm xúc và tìm thấy sự thoải mái một mình.,1
love_D_hwa_df_water,state,"Con đường truyền đạt tình cảm của một người hoàn toàn khép kín, điều này có thể làm sâu sắc thêm những hiểu lầm và mất kết nối, đồng thời sức mạnh của mưa lớn và tuyết có thể làm rung chuyển cảm xúc một cách dữ dội, khiến người ta khó kiểm soát được.",1
love_D_hwa_df_wood,intro,Đó là ngày mà cảm giác yêu thương hoàn toàn bị chặn lại và việc giao tiếp với đối phương là không thể.,1
love_D_hwa_df_wood,effect,Sự mất kết nối cảm xúc cực độ để lại những vết thương chí mạng trong các mối quan hệ.,1
love_D_hwa_df_wood,action,Hoàn toàn kiềm chế hành vi cảm xúc và tìm thấy sự thoải mái một mình.,1
love_D_hwa_df_wood,state,"Con đường truyền đạt tình cảm của một người hoàn toàn khép kín, những hiểu lầm và mất kết nối có thể ngày càng sâu sắc, năng lượng thay đổi khốc liệt có thể khiến mọi dự đoán đi chệch hướng.",1
love_D_hwa_ex_earth,intro,Đó là ngày mà cảm giác yêu thương hoàn toàn bị chặn lại và việc giao tiếp với đối phương là không thể.,1
love_D_hwa_ex_earth,effect,Sự mất kết nối cảm xúc cực độ để lại những vết thương chí mạng trong các mối quan hệ.,1
love_D_hwa_ex_earth,action,Hoàn toàn kiềm chế hành vi cảm xúc và tìm thấy sự thoải mái một mình.,1
love_D_hwa_ex_earth,state,"Cảm xúc quá nóng có thể lan rộng thành một cuộc xung đột không thể khắc phục, và năng lượng mây dày đặc có thể làm mọi thứ chậm lại rất nhiều.",1
love_D_hwa_ex_fire,intro,Đó là ngày mà cảm giác yêu thương hoàn toàn bị chặn lại và việc giao tiếp với đối phương là không thể.,1
love_D_hwa_ex_fire,effect,Sự mất kết nối cảm xúc cực độ để lại những vết thương chí mạng trong các mối quan hệ.,1
love_D_hwa_ex_fire,action,Hoàn toàn kiềm chế hành vi cảm xúc và tìm thấy sự thoải mái một mình.,1
love_D_hwa_ex_fire,state,"Cảm xúc quá nóng có thể dẫn đến xung đột không thể khắc phục, còn dương mạnh có thể khuyến khích những xung động và dẫn đến những hành động liều lĩnh.",1
love_D_hwa_ex_water,intro,Đó là ngày mà cảm giác yêu thương hoàn toàn bị chặn lại và việc giao tiếp với đối phương là không thể.,1
love_D_hwa_ex_water,effect,Sự mất kết nối cảm xúc cực độ để lại những vết thương chí mạng trong các mối quan hệ.,1
love_D_hwa_ex_water,action,Hoàn toàn kiềm chế hành vi cảm xúc và tìm thấy sự thoải mái một mình.,1
love_D_hwa_ex_water,state,"Cảm xúc quá nóng có thể lan rộng thành xung đột không thể hàn gắn, sức mạnh của mưa lớn và tuyết làm rung chuyển cảm xúc một cách dữ dội, khiến việc kiểm soát trở nên khó khăn.",1
love_D_hwa_ex_wood,intro,Đó là ngày mà cảm giác yêu thương hoàn toàn bị chặn lại và việc giao tiếp với đối phương là không thể.,1
love_D_hwa_ex_wood,effect,Sự mất kết nối cảm xúc cực độ để lại những vết thương chí mạng trong các mối quan hệ.,1
love_D_hwa_ex_wood,action,Hoàn toàn kiềm chế hành vi cảm xúc và tìm thấy sự thoải mái một mình.,1
love_D_hwa_ex_wood,state,"Những cảm xúc quá nóng có thể lan rộng thành một cuộc xung đột không thể hàn gắn, và năng lượng thay đổi khốc liệt có thể khiến mọi dự đoán đi chệch hướng.",1
love_D_mok_df_earth,intro,Đây là ngày mà năng lượng để mở rộng các mối quan hệ hoàn toàn cạn kiệt và mọi nỗ lực đều phản tác dụng.,1
love_D_mok_df_earth,effect,"Mọi hướng đi trong mối quan hệ đều bị chặn lại, và cuộc khủng hoảng chỉ ngày càng sâu sắc hơn.",1
love_D_mok_df_earth,action,"Hôm nay, hãy rút lui hoàn toàn khỏi mối quan hệ và chờ đợi sự phục hồi.",1
love_D_mok_df_earth,state,"Nỗi sợ hãi hoàn toàn có thể ngăn cản bạn hành động, thậm chí khiến bạn đánh mất cơ hội, và năng lượng mây mù dày đặc có thể làm mọi thứ chậm lại rất nhiều.",1
love_D_mok_df_fire,intro,Đây là ngày mà năng lượng để mở rộng các mối quan hệ hoàn toàn cạn kiệt và mọi nỗ lực đều phản tác dụng.,1
love_D_mok_df_fire,effect,"Mọi hướng đi trong mối quan hệ đều bị chặn lại, và cuộc khủng hoảng chỉ ngày càng sâu sắc hơn.",1
love_D_mok_df_fire,action,"Hôm nay, hãy rút lui hoàn toàn khỏi mối quan hệ và chờ đợi sự phục hồi.",1
love_D_mok_df_fire,state,"Sự sợ hãi có thể ngăn cản hoàn toàn một hành động, thậm chí dẫn đến mất đi cơ hội, còn năng lượng tích cực mạnh mẽ có thể khuyến khích những xung động và dẫn đến những hành động liều lĩnh.",1
love_D_mok_df_water,intro,Đây là ngày mà năng lượng để mở rộng các mối quan hệ hoàn toàn cạn kiệt và mọi nỗ lực đều phản tác dụng.,1
love_D_mok_df_water,effect,"Mọi hướng đi trong mối quan hệ đều bị chặn lại, và cuộc khủng hoảng chỉ ngày càng sâu sắc hơn.",1
love_D_mok_df_water,action,"Hôm nay, hãy rút lui hoàn toàn khỏi mối quan hệ và chờ đợi sự phục hồi.",1
love_D_mok_df_water,state,"Nỗi sợ hãi hoàn toàn có thể ngăn cản bạn hành động, thậm chí khiến bạn đánh mất cơ hội, đồng thời sức mạnh của mưa lớn và tuyết có thể khiến cảm xúc của bạn rung chuyển đến mức khó kiểm soát được.",1
love_D_mok_df_wood,intro,Đây là ngày mà năng lượng để mở rộng các mối quan hệ hoàn toàn cạn kiệt và mọi nỗ lực đều phản tác dụng.,1
love_D_mok_df_wood,effect,"Mọi hướng đi trong mối quan hệ đều bị chặn lại, và cuộc khủng hoảng chỉ ngày càng sâu sắc hơn.",1
love_D_mok_df_wood,action,"Hôm nay, hãy rút lui hoàn toàn khỏi mối quan hệ và chờ đợi sự phục hồi.",1
love_D_mok_df_wood,state,"Sự sợ hãi có thể khiến mọi hành động dừng lại, thậm chí dẫn đến đánh mất cơ hội, năng lượng thay đổi khốc liệt có thể khiến mọi dự đoán đi chệch hướng.",1
love_D_mok_ex_earth,intro,Đây là ngày mà năng lượng để mở rộng các mối quan hệ hoàn toàn cạn kiệt và mọi nỗ lực đều phản tác dụng.,1
love_D_mok_ex_earth,effect,"Mọi hướng đi trong mối quan hệ đều bị chặn lại, và cuộc khủng hoảng chỉ ngày càng sâu sắc hơn.",1
love_D_mok_ex_earth,action,"Hôm nay, hãy rút lui hoàn toàn khỏi mối quan hệ và chờ đợi sự phục hồi.",1
love_D_mok_ex_earth,state,"Động lực không thể kiểm soát có thể dẫn đến những tai nạn vô lý, và năng lượng mây mù dày đặc có thể làm mọi thứ chậm lại rất nhiều.",1
love_D_mok_ex_fire,intro,Đây là ngày mà năng lượng để mở rộng các mối quan hệ hoàn toàn cạn kiệt và mọi nỗ lực đều phản tác dụng.,1
love_D_mok_ex_fire,effect,"Mọi hướng đi trong mối quan hệ đều bị chặn lại, và cuộc khủng hoảng chỉ ngày càng sâu sắc hơn.",1
love_D_mok_ex_fire,action,"Hôm nay, hãy rút lui hoàn toàn khỏi mối quan hệ và chờ đợi sự phục hồi.",1
love_D_mok_ex_fire,state,"Động lực không thể kiểm soát có thể dẫn đến những tai nạn vô lý, còn năng lượng tích cực mạnh mẽ có thể khuyến khích sự bốc đồng và dẫn đến những hành động liều lĩnh.",1
love_D_mok_ex_water,intro,Đây là ngày mà năng lượng để mở rộng các mối quan hệ hoàn toàn cạn kiệt và mọi nỗ lực đều phản tác dụng.,1
love_D_mok_ex_water,effect,"Mọi hướng đi trong mối quan hệ đều bị chặn lại, và cuộc khủng hoảng chỉ ngày càng sâu sắc hơn.",1
love_D_mok_ex_water,action,"Hôm nay, hãy rút lui hoàn toàn khỏi mối quan hệ và chờ đợi sự phục hồi.",1
love_D_mok_ex_water,state,"Động lực không thể kiểm soát có thể dẫn đến những tai nạn vô lý, sức mạnh của mưa lớn và tuyết có thể làm rung chuyển cảm xúc một cách dữ dội, khiến việc kiểm soát trở nên khó khăn.",1
love_D_mok_ex_wood,intro,Đây là ngày mà năng lượng để mở rộng các mối quan hệ hoàn toàn cạn kiệt và mọi nỗ lực đều phản tác dụng.,1
love_D_mok_ex_wood,effect,"Mọi hướng đi trong mối quan hệ đều bị chặn lại, và cuộc khủng hoảng chỉ ngày càng sâu sắc hơn.",1
love_D_mok_ex_wood,action,"Hôm nay, hãy rút lui hoàn toàn khỏi mối quan hệ và chờ đợi sự phục hồi.",1
love_D_mok_ex_wood,state,"Động lực không thể kiểm soát có thể dẫn đến những suy nghĩ vô lý, và năng lượng thay đổi khốc liệt có thể khiến mọi dự đoán đi chệch hướng.",1
love_D_su_df_earth,intro,Đó là ngày mà sự giao tiếp tình cảm hoàn toàn bị cắt đứt và mọi cuộc trò chuyện đều biến thành xung đột.,1
love_D_su_df_earth,effect,Việc không thể giao tiếp đang đẩy mối quan hệ đến mức tồi tệ nhất.,1
love_D_su_df_earth,action,Hãy dừng mọi cuộc trò chuyện đầy cảm xúc ngày hôm nay và hướng tới ngày mai.,1
love_D_su_df_earth,state,"Một thái độ cứng nhắc sẽ cản trở mọi dòng chảy, khiến cho sự tiến bộ trở nên khó khăn và năng lượng dày đặc, u ám có thể làm mọi thứ chậm lại rất nhiều.",1
love_D_su_df_fire,intro,Đó là ngày mà sự giao tiếp tình cảm hoàn toàn bị cắt đứt và mọi cuộc trò chuyện đều biến thành xung đột.,1
love_D_su_df_fire,effect,Việc không thể giao tiếp đang đẩy mối quan hệ đến mức tồi tệ nhất.,1
love_D_su_df_fire,action,Hãy dừng mọi cuộc trò chuyện đầy cảm xúc ngày hôm nay và hướng tới ngày mai.,1
love_D_su_df_fire,state,"Một thái độ cứng nhắc sẽ cản trở mọi dòng chảy, khiến cho sự tiến bộ trở nên khó khăn và năng lượng tích cực mạnh mẽ có thể khuyến khích những xung động và dẫn đến những hành động liều lĩnh.",1
love_D_su_df_water,intro,Đó là ngày mà sự giao tiếp tình cảm hoàn toàn bị cắt đứt và mọi cuộc trò chuyện đều biến thành xung đột.,1
love_D_su_df_water,effect,Việc không thể giao tiếp đang đẩy mối quan hệ đến mức tồi tệ nhất.,1
love_D_su_df_water,action,Hãy dừng mọi cuộc trò chuyện đầy cảm xúc ngày hôm nay và hướng tới ngày mai.,1
love_D_su_df_water,state,"Một thái độ cứng nhắc chặn đứng mọi dòng chảy, khiến việc tiến bộ trở nên khó khăn, còn sức mạnh của mưa tuyết làm rung chuyển cảm xúc một cách dữ dội, khiến việc kiểm soát trở nên khó khăn.",1
love_D_su_df_wood,intro,Đó là ngày mà sự giao tiếp tình cảm hoàn toàn bị cắt đứt và mọi cuộc trò chuyện đều biến thành xung đột.,1
love_D_su_df_wood,effect,Việc không thể giao tiếp đang đẩy mối quan hệ đến mức tồi tệ nhất.,1
love_D_su_df_wood,action,Hãy dừng mọi cuộc trò chuyện đầy cảm xúc ngày hôm nay và hướng tới ngày mai.,1
love_D_su_df_wood,state,"Một thái độ cứng nhắc sẽ cản trở mọi dòng chảy, khiến cho sự tiến bộ trở nên khó khăn và năng lượng thay đổi khốc liệt có thể khiến mọi dự đoán đi chệch hướng.",1
love_D_su_ex_earth,intro,Đó là ngày mà sự giao tiếp tình cảm hoàn toàn bị cắt đứt và mọi cuộc trò chuyện đều biến thành xung đột.,1
love_D_su_ex_earth,effect,Việc không thể giao tiếp đang đẩy mối quan hệ đến mức tồi tệ nhất.,1
love_D_su_ex_earth,action,Hãy dừng mọi cuộc trò chuyện đầy cảm xúc ngày hôm nay và hướng tới ngày mai.,1
love_D_su_ex_earth,state,"Dòng cảm xúc có thể lấn át lý trí và dẫn đến những sai lầm lớn, còn năng lượng dày đặc, u ám có thể làm mọi thứ chậm lại rất nhiều.",1
love_D_su_ex_fire,intro,Đó là ngày mà sự giao tiếp tình cảm hoàn toàn bị cắt đứt và mọi cuộc trò chuyện đều biến thành xung đột.,1
love_D_su_ex_fire,effect,Việc không thể giao tiếp đang đẩy mối quan hệ đến mức tồi tệ nhất.,1
love_D_su_ex_fire,action,Hãy dừng mọi cuộc trò chuyện đầy cảm xúc ngày hôm nay và hướng tới ngày mai.,1
love_D_su_ex_fire,state,"Một dòng cảm xúc có thể lấn át lý trí và dẫn đến những sai lầm lớn, còn năng lượng tích cực mạnh mẽ có thể khuyến khích những xung động và dẫn đến những hành động liều lĩnh.",1
love_D_su_ex_water,intro,Đó là ngày mà sự giao tiếp tình cảm hoàn toàn bị cắt đứt và mọi cuộc trò chuyện đều biến thành xung đột.,1
love_D_su_ex_water,effect,Việc không thể giao tiếp đang đẩy mối quan hệ đến mức tồi tệ nhất.,1
love_D_su_ex_water,action,Hãy dừng mọi cuộc trò chuyện đầy cảm xúc ngày hôm nay và hướng tới ngày mai.,1
love_D_su_ex_water,state,"Một dòng cảm xúc có thể lấn át lý trí và dẫn đến những sai lầm lớn, đồng thời sức mạnh của mưa to và tuyết có thể làm rung chuyển cảm xúc một cách dữ dội, khiến bạn khó kiểm soát được chúng.",1
love_D_su_ex_wood,intro,Đó là ngày mà sự giao tiếp tình cảm hoàn toàn bị cắt đứt và mọi cuộc trò chuyện đều biến thành xung đột.,1
love_D_su_ex_wood,effect,Việc không thể giao tiếp đang đẩy mối quan hệ đến mức tồi tệ nhất.,1
love_D_su_ex_wood,action,Hãy dừng mọi cuộc trò chuyện đầy cảm xúc ngày hôm nay và hướng tới ngày mai.,1
love_D_su_ex_wood,state,"Một dòng cảm xúc có thể lấn át lý trí và dẫn đến sai lầm lớn, còn năng lượng thay đổi khốc liệt có thể khiến mọi dự đoán đi chệch hướng.",1
love_D_to_df_earth,intro,Đó là ngày mà mọi sự ổn định trong một mối quan hệ sụp đổ và mọi hành động lãng mạn đều nguy hiểm.,1
love_D_to_df_earth,effect,Sự bất ổn cực độ khiến việc xoay chuyển mối quan hệ trở nên khó khăn.,1
love_D_to_df_earth,action,Hãy từ bỏ hoàn toàn việc hẹn hò ngay hôm nay và tập trung vào việc phục hồi bản thân.,1
love_D_to_df_earth,state,"Bạn hoàn toàn có thể mất thăng bằng và mọi thứ có thể mất kiểm soát, năng lượng mây dày đặc có thể làm mọi thứ chậm lại rất nhiều.",1
love_D_to_df_fire,intro,Đó là ngày mà mọi sự ổn định trong một mối quan hệ sụp đổ và mọi hành động lãng mạn đều nguy hiểm.,1
love_D_to_df_fire,effect,Sự bất ổn cực độ khiến việc xoay chuyển mối quan hệ trở nên khó khăn.,1
love_D_to_df_fire,action,Hãy từ bỏ hoàn toàn việc hẹn hò ngay hôm nay và tập trung vào việc phục hồi bản thân.,1
love_D_to_df_fire,state,"Nếu bạn hoàn toàn mất thăng bằng, mọi thứ có thể mất kiểm soát và năng lượng dương mạnh có thể khuyến khích những xung động và dẫn bạn đến những hành động liều lĩnh.",1
love_D_to_df_water,intro,Đó là ngày mà mọi sự ổn định trong một mối quan hệ sụp đổ và mọi hành động lãng mạn đều nguy hiểm.,1
love_D_to_df_water,effect,Sự bất ổn cực độ khiến việc xoay chuyển mối quan hệ trở nên khó khăn.,1
love_D_to_df_water,action,Hãy từ bỏ hoàn toàn việc hẹn hò ngay hôm nay và tập trung vào việc phục hồi bản thân.,1
love_D_to_df_water,state,"Bạn hoàn toàn có thể mất thăng bằng và mọi thứ có thể mất kiểm soát, đồng thời sức mạnh của mưa lớn và tuyết có thể khiến cảm xúc của bạn rung chuyển đến mức khó kiểm soát được.",1
love_D_to_df_wood,intro,Đó là ngày mà mọi sự ổn định trong một mối quan hệ sụp đổ và mọi hành động lãng mạn đều nguy hiểm.,1
love_D_to_df_wood,effect,Sự bất ổn cực độ khiến việc xoay chuyển mối quan hệ trở nên khó khăn.,1
love_D_to_df_wood,action,Hãy từ bỏ hoàn toàn việc hẹn hò ngay hôm nay và tập trung vào việc phục hồi bản thân.,1
love_D_to_df_wood,state,"Nếu bạn hoàn toàn mất thăng bằng, mọi thứ có thể mất kiểm soát và năng lượng thay đổi dữ dội có thể khiến mọi dự đoán của bạn đi chệch hướng.",1
love_D_to_ex_earth,intro,Đó là ngày mà mọi sự ổn định trong một mối quan hệ sụp đổ và mọi hành động lãng mạn đều nguy hiểm.,1
love_D_to_ex_earth,effect,Sự bất ổn cực độ khiến việc xoay chuyển mối quan hệ trở nên khó khăn.,1
love_D_to_ex_earth,action,Hãy từ bỏ hoàn toàn việc hẹn hò ngay hôm nay và tập trung vào việc phục hồi bản thân.,1
love_D_to_ex_earth,state,"Việc từ chối thay đổi có thể khiến khủng hoảng leo thang và khiến việc phục hồi trở nên khó khăn, đồng thời bầu không khí dày đặc, nhiều mây có thể làm mọi thứ chậm lại rất nhiều.",1
love_D_to_ex_fire,intro,Đó là ngày mà mọi sự ổn định trong một mối quan hệ sụp đổ và mọi hành động lãng mạn đều nguy hiểm.,1
love_D_to_ex_fire,effect,Sự bất ổn cực độ khiến việc xoay chuyển mối quan hệ trở nên khó khăn.,1
love_D_to_ex_fire,action,Hãy từ bỏ hoàn toàn việc hẹn hò ngay hôm nay và tập trung vào việc phục hồi bản thân.,1
love_D_to_ex_fire,state,"Việc từ chối thay đổi có thể khiến khủng hoảng leo thang và khiến việc phục hồi trở nên khó khăn, đồng thời năng lượng tích cực mạnh mẽ có thể khuyến khích những xung động và dẫn đến những hành động liều lĩnh.",1
love_D_to_ex_water,intro,Đó là ngày mà mọi sự ổn định trong một mối quan hệ sụp đổ và mọi hành động lãng mạn đều nguy hiểm.,1
love_D_to_ex_water,effect,Sự bất ổn cực độ khiến việc xoay chuyển mối quan hệ trở nên khó khăn.,1
love_D_to_ex_water,action,Hãy từ bỏ hoàn toàn việc hẹn hò ngay hôm nay và tập trung vào việc phục hồi bản thân.,1
love_D_to_ex_water,state,"Việc từ chối thay đổi có thể khiến khủng hoảng leo thang và khó phục hồi, đồng thời sức mạnh của mưa lớn và tuyết có thể làm rung chuyển cảm xúc một cách dữ dội, khiến việc kiểm soát trở nên khó khăn.",1
love_D_to_ex_wood,intro,Đó là ngày mà mọi sự ổn định trong một mối quan hệ sụp đổ và mọi hành động lãng mạn đều nguy hiểm.,1
love_D_to_ex_wood,effect,Sự bất ổn cực độ khiến việc xoay chuyển mối quan hệ trở nên khó khăn.,1
love_D_to_ex_wood,action,Hãy từ bỏ hoàn toàn việc hẹn hò ngay hôm nay và tập trung vào việc phục hồi bản thân.,1
love_D_to_ex_wood,state,"Việc từ chối thay đổi có thể khiến khủng hoảng leo thang và khiến việc phục hồi trở nên khó khăn, đồng thời sức mạnh mãnh liệt của sự thay đổi có thể khiến mọi dự đoán đều sai lầm.",1
health_A,intro,"Hôm nay, cơ thể và tâm trí của bạn đều sôi động và bạn có thể dễ dàng xử lý mọi hoạt động.",1
health_A,intro,"Hôm nay, năng lượng sức khỏe của bạn sẽ đạt đến đỉnh điểm, khiến ngày làm việc của bạn nhẹ nhàng và sảng khoái hơn rất nhiều so với bình thường.",1
health_A,effect,Bạn tràn đầy năng lượng và có thể đón nhận những thử thách mới mà không gặp khó khăn gì.,1
health_A,effect,"Thể trạng được duy trì ở mức tốt nhất, thể hiện mức độ tập trung và sức chịu đựng cao.",1
health_A,action,Bắt đầu tập thể dục hoặc các kế hoạch liên quan đến sức khỏe mà bạn đã trì hoãn hôm nay.,1
health_A,action,Chỉ cần tin tưởng vào những tín hiệu tốt mà cơ thể gửi cho bạn và dành một ngày năng động là đủ.,1
health_A_geum_df_earth,intro,Đó là ngày mà năng lượng của cơ thể bạn ở mức cao nhất và bạn có thể giải quyết mọi việc ở trạng thái cao nhất.,1
health_A_geum_df_earth,effect,Phản ứng thể chất sắc nét tạo ra hiệu suất cao nhất trong mọi hoạt động.,1
health_A_geum_df_earth,action,Hãy thử tập thể dục cường độ cao hoặc hoạt động thể chất đầy thử thách.,1
health_A_geum_df_earth,state,"Bình tĩnh phán đoán làm tăng trí tuệ, dẫn đến tuệ giác sâu sắc, và năng lượng bình tĩnh làm tăng trí tuệ, dẫn đến kết quả tốt.",1
health_A_geum_df_fire,intro,Đó là ngày mà năng lượng của cơ thể bạn ở mức cao nhất và bạn có thể giải quyết mọi việc ở trạng thái cao nhất.,1
health_A_geum_df_fire,effect,Phản ứng thể chất sắc nét tạo ra hiệu suất cao nhất trong mọi hoạt động.,1
health_A_geum_df_fire,action,Hãy thử tập thể dục cường độ cao hoặc hoạt động thể chất đầy thử thách.,1
health_A_geum_df_fire,state,"Sự phán đoán bình tĩnh làm tăng sự khôn ngoan, dẫn đến cái nhìn sâu sắc, nguồn năng lượng sáng rõ làm tăng sức sống và tạo ra một dòng chảy tốt.",1
health_A_geum_df_water,intro,Đó là ngày mà năng lượng của cơ thể bạn ở mức cao nhất và bạn có thể giải quyết mọi việc ở trạng thái cao nhất.,1
health_A_geum_df_water,effect,Phản ứng thể chất sắc nét tạo ra hiệu suất cao nhất trong mọi hoạt động.,1
health_A_geum_df_water,action,Hãy thử tập thể dục cường độ cao hoặc hoạt động thể chất đầy thử thách.,1
health_A_geum_df_water,state,"Sự phán đoán bình tĩnh làm tăng sự thận trọng và dẫn đến cái nhìn sâu sắc, và nguồn năng lượng mềm mại sẽ thanh lọc tâm trí một cách sâu sắc và mở ra tầm nhìn rõ ràng.",1
health_A_geum_df_wood,intro,Đó là ngày mà năng lượng của cơ thể bạn ở mức cao nhất và bạn có thể giải quyết mọi việc ở trạng thái cao nhất.,1
health_A_geum_df_wood,effect,Phản ứng thể chất sắc nét tạo ra hiệu suất cao nhất trong mọi hoạt động.,1
health_A_geum_df_wood,action,Hãy thử tập thể dục cường độ cao hoặc hoạt động thể chất đầy thử thách.,1
health_A_geum_df_wood,state,"Sự phán đoán bình tĩnh làm tăng sự khôn ngoan, dẫn đến cái nhìn sâu sắc và năng lượng năng động mở ra những khả năng mới.",1
health_A_geum_ex_earth,intro,Đó là ngày mà năng lượng của cơ thể bạn ở mức cao nhất và bạn có thể giải quyết mọi việc ở trạng thái cao nhất.,1
health_A_geum_ex_earth,effect,Phản ứng thể chất sắc nét tạo ra hiệu suất cao nhất trong mọi hoạt động.,1
health_A_geum_ex_earth,action,Hãy thử tập thể dục cường độ cao hoặc hoạt động thể chất đầy thử thách.,1
health_A_geum_ex_earth,state,"Khả năng phán đoán sắc bén xuyên suốt những điểm mấu chốt và đưa ra kết luận rõ ràng, năng lượng bình tĩnh làm tăng thêm sự thận trọng, dẫn đến kết quả tốt.",1
health_A_geum_ex_fire,intro,Đó là ngày mà năng lượng của cơ thể bạn ở mức cao nhất và bạn có thể giải quyết mọi việc ở trạng thái cao nhất.,1
health_A_geum_ex_fire,effect,Phản ứng thể chất sắc nét tạo ra hiệu suất cao nhất trong mọi hoạt động.,1
health_A_geum_ex_fire,action,Hãy thử tập thể dục cường độ cao hoặc hoạt động thể chất đầy thử thách.,1
health_A_geum_ex_fire,state,"Khả năng phán đoán sắc bén xuyên suốt cốt lõi và rút ra kết luận rõ ràng, năng lượng rõ ràng tăng cường sinh lực và tạo ra dòng chảy tốt.",1
health_A_geum_ex_water,intro,Đó là ngày mà năng lượng của cơ thể bạn ở mức cao nhất và bạn có thể giải quyết mọi việc ở trạng thái cao nhất.,1
health_A_geum_ex_water,effect,Phản ứng thể chất sắc nét tạo ra hiệu suất cao nhất trong mọi hoạt động.,1
health_A_geum_ex_water,action,Hãy thử tập thể dục cường độ cao hoặc hoạt động thể chất đầy thử thách.,1
health_A_geum_ex_water,state,"Khả năng phán đoán sắc bén xuyên thấu cốt lõi và đưa ra kết luận rõ ràng, năng lượng ẩm giúp tinh lọc sâu sắc tâm trí và mở ra tầm nhìn rõ ràng.",1
health_A_geum_ex_wood,intro,Đó là ngày mà năng lượng của cơ thể bạn ở mức cao nhất và bạn có thể giải quyết mọi việc ở trạng thái cao nhất.,1
health_A_geum_ex_wood,effect,Phản ứng thể chất sắc nét tạo ra hiệu suất cao nhất trong mọi hoạt động.,1
health_A_geum_ex_wood,action,Hãy thử tập thể dục cường độ cao hoặc hoạt động thể chất đầy thử thách.,1
health_A_geum_ex_wood,state,"Khả năng phán đoán sắc bén đi sâu vào cốt lõi và đưa ra kết luận rõ ràng, năng lượng năng động mở ra những khả năng mới.",1
health_A_hwa_df_earth,intro,Đó là ngày mà sức sống của bạn bùng cháy rực rỡ và sức khỏe tổng thể của bạn ở trạng thái tốt nhất.,1
health_A_hwa_df_earth,effect,Sức sống tràn trề giúp tăng cường sức mạnh thể chất và khả năng miễn dịch cùng một lúc.,1
health_A_hwa_df_earth,action,"Khi bạn có nhiều năng lượng, hãy vui vẻ và di chuyển với các hoạt động yêu thích của bạn.",1
health_A_hwa_df_earth,state,"Nội tâm bình tĩnh mang lại cho bạn sức mạnh để thể hiện trọn vẹn sự chân thành của mình, và năng lượng bình tĩnh làm tăng sự thận trọng, dẫn đến kết quả tốt.",1
health_A_hwa_df_fire,intro,Đó là ngày mà sức sống của bạn bùng cháy rực rỡ và sức khỏe tổng thể của bạn ở trạng thái tốt nhất.,1
health_A_hwa_df_fire,effect,Sức sống tràn trề giúp tăng cường sức mạnh thể chất và khả năng miễn dịch cùng một lúc.,1
health_A_hwa_df_fire,action,"Khi bạn có nhiều năng lượng, hãy vui vẻ và di chuyển với các hoạt động yêu thích của bạn.",1
health_A_hwa_df_fire,state,"Nội tâm bình tĩnh mang lại cho bạn sức mạnh để thể hiện trọn vẹn sự chân thành của mình, đồng thời nguồn năng lượng sáng rõ sẽ nâng cao sức sống của bạn và tạo ra một dòng chảy tốt đẹp.",1
health_A_hwa_df_water,intro,Đó là ngày mà sức sống của bạn bùng cháy rực rỡ và sức khỏe tổng thể của bạn ở trạng thái tốt nhất.,1
health_A_hwa_df_water,effect,Sức sống tràn trề giúp tăng cường sức mạnh thể chất và khả năng miễn dịch cùng một lúc.,1
health_A_hwa_df_water,action,"Khi bạn có nhiều năng lượng, hãy vui vẻ và di chuyển với các hoạt động yêu thích của bạn.",1
health_A_hwa_df_water,state,Nội tâm bình tĩnh mang lại cho bạn sức mạnh để thể hiện trọn vẹn cảm xúc thật của mình và năng lượng ẩm sẽ thanh lọc tâm trí bạn một cách sâu sắc và mở ra tầm nhìn rõ ràng.,1
health_A_hwa_df_wood,intro,Đó là ngày mà sức sống của bạn bùng cháy rực rỡ và sức khỏe tổng thể của bạn ở trạng thái tốt nhất.,1
health_A_hwa_df_wood,effect,Sức sống tràn trề giúp tăng cường sức mạnh thể chất và khả năng miễn dịch cùng một lúc.,1
health_A_hwa_df_wood,action,"Khi bạn có nhiều năng lượng, hãy vui vẻ và di chuyển với các hoạt động yêu thích của bạn.",1
health_A_hwa_df_wood,state,Nội tâm bình tĩnh mang lại cho bạn sức mạnh để thể hiện trọn vẹn sự chân thành của mình và năng lượng năng động sẽ mở ra những khả năng mới.,1
health_A_hwa_ex_earth,intro,Đó là ngày mà sức sống của bạn bùng cháy rực rỡ và sức khỏe tổng thể của bạn ở trạng thái tốt nhất.,1
health_A_hwa_ex_earth,effect,Sức sống tràn trề giúp tăng cường sức mạnh thể chất và khả năng miễn dịch cùng một lúc.,1
health_A_hwa_ex_earth,action,"Khi bạn có nhiều năng lượng, hãy vui vẻ và di chuyển với các hoạt động yêu thích của bạn.",1
health_A_hwa_ex_earth,state,"Niềm đam mê dâng trào làm tăng đáng kể động lực và tạo ra một dòng chảy tốt, năng lượng bình tĩnh làm tăng sự thận trọng, dẫn đến kết quả tốt.",1
health_A_hwa_ex_fire,intro,Đó là ngày mà sức sống của bạn bùng cháy rực rỡ và sức khỏe tổng thể của bạn ở trạng thái tốt nhất.,1
health_A_hwa_ex_fire,effect,Sức sống tràn trề giúp tăng cường sức mạnh thể chất và khả năng miễn dịch cùng một lúc.,1
health_A_hwa_ex_fire,action,"Khi bạn có nhiều năng lượng, hãy vui vẻ và di chuyển với các hoạt động yêu thích của bạn.",1
health_A_hwa_ex_fire,state,"Niềm đam mê dâng trào làm tăng đáng kể động lực và tạo ra một dòng chảy tốt, nguồn năng lượng sáng rõ làm tăng sức sống và tạo ra một dòng chảy tốt.",1
health_A_hwa_ex_water,intro,Đó là ngày mà sức sống của bạn bùng cháy rực rỡ và sức khỏe tổng thể của bạn ở trạng thái tốt nhất.,1
health_A_hwa_ex_water,effect,Sức sống tràn trề giúp tăng cường sức mạnh thể chất và khả năng miễn dịch cùng một lúc.,1
health_A_hwa_ex_water,action,"Khi bạn có nhiều năng lượng, hãy vui vẻ và di chuyển với các hoạt động yêu thích của bạn.",1
health_A_hwa_ex_water,state,"Niềm đam mê dâng trào làm tăng đáng kể động lực và tạo ra một dòng chảy tốt, nguồn năng lượng mềm mại giúp thanh lọc tâm trí một cách sâu sắc và mở ra tầm nhìn rõ ràng.",1
health_A_hwa_ex_wood,intro,Đó là ngày mà sức sống của bạn bùng cháy rực rỡ và sức khỏe tổng thể của bạn ở trạng thái tốt nhất.,1
health_A_hwa_ex_wood,effect,Sức sống tràn trề giúp tăng cường sức mạnh thể chất và khả năng miễn dịch cùng một lúc.,1
health_A_hwa_ex_wood,action,"Khi bạn có nhiều năng lượng, hãy vui vẻ và di chuyển với các hoạt động yêu thích của bạn.",1
health_A_hwa_ex_wood,state,"Niềm đam mê dâng trào làm tăng động lực lên rất nhiều, tạo ra dòng chảy tốt, năng lượng năng động mở ra những khả năng mới.",1
health_A_mok_df_earth,intro,Đó là ngày mà năng lượng tăng trưởng thể chất trở nên tích cực và sức khỏe tổng thể được cải thiện.,1
health_A_mok_df_earth,effect,"Khi sức sống thể chất của bạn tăng lên, sức chịu đựng và khả năng phục hồi của bạn cũng tăng lên.",1
health_A_mok_df_earth,action,Hãy thử tập thể dục thường xuyên hoặc bắt đầu một thói quen sức khỏe mới.,1
health_A_mok_df_earth,state,"Một cách tiếp cận thận trọng thực sự tạo ra một khởi đầu vững chắc, và một năng lượng bình tĩnh làm tăng sự thận trọng, dẫn đến kết quả tốt.",1
health_A_mok_df_fire,intro,Đó là ngày mà năng lượng tăng trưởng thể chất trở nên tích cực và sức khỏe tổng thể được cải thiện.,1
health_A_mok_df_fire,effect,"Khi sức sống thể chất của bạn tăng lên, sức chịu đựng và khả năng phục hồi của bạn cũng tăng lên.",1
health_A_mok_df_fire,action,Hãy thử tập thể dục thường xuyên hoặc bắt đầu một thói quen sức khỏe mới.,1
health_A_mok_df_fire,state,"Một cách tiếp cận thận trọng thực sự tạo ra một khởi đầu vững chắc, và năng lượng rõ ràng sẽ tăng cường sức sống và tạo ra một dòng chảy tốt.",1
health_A_mok_df_water,intro,Đó là ngày mà năng lượng tăng trưởng thể chất trở nên tích cực và sức khỏe tổng thể được cải thiện.,1
health_A_mok_df_water,effect,"Khi sức sống thể chất của bạn tăng lên, sức chịu đựng và khả năng phục hồi của bạn cũng tăng lên.",1
health_A_mok_df_water,action,Hãy thử tập thể dục thường xuyên hoặc bắt đầu một thói quen sức khỏe mới.,1
health_A_mok_df_water,state,"Một cách tiếp cận thận trọng tạo ra một khởi đầu vững chắc, và năng lượng ẩm sẽ thanh lọc tâm trí một cách sâu sắc và mở ra tầm nhìn rõ ràng.",1
health_A_mok_df_wood,intro,Đó là ngày mà năng lượng tăng trưởng thể chất trở nên tích cực và sức khỏe tổng thể được cải thiện.,1
health_A_mok_df_wood,effect,"Khi sức sống thể chất của bạn tăng lên, sức chịu đựng và khả năng phục hồi của bạn cũng tăng lên.",1
health_A_mok_df_wood,action,Hãy thử tập thể dục thường xuyên hoặc bắt đầu một thói quen sức khỏe mới.,1
health_A_mok_df_wood,state,"Cách tiếp cận thận trọng tạo nên sự khởi đầu vững chắc, năng lượng năng động mở ra những khả năng mới.",1
health_A_mok_ex_earth,intro,Đó là ngày mà năng lượng tăng trưởng thể chất trở nên tích cực và sức khỏe tổng thể được cải thiện.,1
health_A_mok_ex_earth,effect,"Khi sức sống thể chất của bạn tăng lên, sức chịu đựng và khả năng phục hồi của bạn cũng tăng lên.",1
health_A_mok_ex_earth,action,Hãy thử tập thể dục thường xuyên hoặc bắt đầu một thói quen sức khỏe mới.,1
health_A_mok_ex_earth,state,"Một ý chí mạnh mẽ sẽ tích cực mở ra những cơ hội mới, và một năng lượng bình tĩnh làm tăng sự thận trọng, dẫn đến kết quả tốt.",1
health_A_mok_ex_fire,intro,Đó là ngày mà năng lượng tăng trưởng thể chất trở nên tích cực và sức khỏe tổng thể được cải thiện.,1
health_A_mok_ex_fire,effect,"Khi sức sống thể chất của bạn tăng lên, sức chịu đựng và khả năng phục hồi của bạn cũng tăng lên.",1
health_A_mok_ex_fire,action,Hãy thử tập thể dục thường xuyên hoặc bắt đầu một thói quen sức khỏe mới.,1
health_A_mok_ex_fire,state,"Ý chí mạnh mẽ sẽ tích cực mở ra những cơ hội mới, nguồn năng lượng sáng rõ làm tăng sinh lực và tạo nên dòng chảy tốt đẹp.",1
health_A_mok_ex_water,intro,Đó là ngày mà năng lượng tăng trưởng thể chất trở nên tích cực và sức khỏe tổng thể được cải thiện.,1
health_A_mok_ex_water,effect,"Khi sức sống thể chất của bạn tăng lên, sức chịu đựng và khả năng phục hồi của bạn cũng tăng lên.",1
health_A_mok_ex_water,action,Hãy thử tập thể dục thường xuyên hoặc bắt đầu một thói quen sức khỏe mới.,1
health_A_mok_ex_water,state,"Ý chí mạnh mẽ sẽ tích cực mở ra những cơ hội mới, năng lượng ẩm sẽ rèn luyện tâm trí một cách sâu sắc và mở ra tầm nhìn rõ ràng.",1
health_A_mok_ex_wood,intro,Đó là ngày mà năng lượng tăng trưởng thể chất trở nên tích cực và sức khỏe tổng thể được cải thiện.,1
health_A_mok_ex_wood,effect,"Khi sức sống thể chất của bạn tăng lên, sức chịu đựng và khả năng phục hồi của bạn cũng tăng lên.",1
health_A_mok_ex_wood,action,Hãy thử tập thể dục thường xuyên hoặc bắt đầu một thói quen sức khỏe mới.,1
health_A_mok_ex_wood,state,"Một ý chí mạnh mẽ sẽ tích cực mở ra những cơ hội mới, và một năng lượng năng động sẽ mở ra những khả năng mới.",1
health_A_su_df_earth,intro,Đó là ngày mà dòng chảy của cơ thể lưu thông không bị cản trở và sức khỏe được duy trì suôn sẻ.,1
health_A_su_df_earth,effect,Sự lưu thông trơn tru trong cơ thể giúp phục hồi sau mệt mỏi và duy trì khả năng miễn dịch.,1
health_A_su_df_earth,action,Giúp sức khỏe của bạn trôi chảy bằng cách uống đủ nước và giãn cơ.,1
health_A_su_df_earth,state,"Một trung tâm vững chắc giúp bạn duy trì phương hướng của mình mà không dao động, và một năng lượng bình tĩnh làm tăng sự thận trọng, dẫn đến kết quả tốt.",1
health_A_su_df_fire,intro,Đó là ngày mà dòng chảy của cơ thể lưu thông không bị cản trở và sức khỏe được duy trì suôn sẻ.,1
health_A_su_df_fire,effect,Sự lưu thông trơn tru trong cơ thể giúp phục hồi sau mệt mỏi và duy trì khả năng miễn dịch.,1
health_A_su_df_fire,action,Giúp sức khỏe của bạn trôi chảy bằng cách uống đủ nước và giãn cơ.,1
health_A_su_df_fire,state,"Một trung tâm vững chắc giúp bạn đi đúng hướng mà không dao động, và nguồn năng lượng sáng rõ sẽ tăng cường sinh lực và tạo ra một dòng chảy tốt.",1
health_A_su_df_water,intro,Đó là ngày mà dòng chảy của cơ thể lưu thông không bị cản trở và sức khỏe được duy trì suôn sẻ.,1
health_A_su_df_water,effect,Sự lưu thông trơn tru trong cơ thể giúp phục hồi sau mệt mỏi và duy trì khả năng miễn dịch.,1
health_A_su_df_water,action,Giúp sức khỏe của bạn trôi chảy bằng cách uống đủ nước và giãn cơ.,1
health_A_su_df_water,state,"Một trung tâm vững chắc giúp bạn giữ vững phương hướng mà không dao động, và năng lượng ẩm sẽ thanh lọc tâm trí bạn một cách sâu sắc và mở ra tầm nhìn rõ ràng.",1
health_A_su_df_wood,intro,Đó là ngày mà dòng chảy của cơ thể lưu thông không bị cản trở và sức khỏe được duy trì suôn sẻ.,1
health_A_su_df_wood,effect,Sự lưu thông trơn tru trong cơ thể giúp phục hồi sau mệt mỏi và duy trì khả năng miễn dịch.,1
health_A_su_df_wood,action,Giúp sức khỏe của bạn trôi chảy bằng cách uống đủ nước và giãn cơ.,1
health_A_su_df_wood,state,"Một trung tâm vững chắc duy trì phương hướng mà không dao động, và năng lượng động mở ra những khả năng mới.",1
health_A_su_ex_earth,intro,Đó là ngày mà dòng chảy của cơ thể lưu thông không bị cản trở và sức khỏe được duy trì suôn sẻ.,1
health_A_su_ex_earth,effect,Sự lưu thông trơn tru trong cơ thể giúp phục hồi sau mệt mỏi và duy trì khả năng miễn dịch.,1
health_A_su_ex_earth,action,Giúp sức khỏe của bạn trôi chảy bằng cách uống đủ nước và giãn cơ.,1
health_A_su_ex_earth,state,"Sự nhạy cảm phong phú dẫn đến cái nhìn sâu sắc và giúp phán đoán tốt, năng lượng bình tĩnh làm tăng sự thận trọng, dẫn đến kết quả tốt.",1
health_A_su_ex_fire,intro,Đó là ngày mà dòng chảy của cơ thể lưu thông không bị cản trở và sức khỏe được duy trì suôn sẻ.,1
health_A_su_ex_fire,effect,Sự lưu thông trơn tru trong cơ thể giúp phục hồi sau mệt mỏi và duy trì khả năng miễn dịch.,1
health_A_su_ex_fire,action,Giúp sức khỏe của bạn trôi chảy bằng cách uống đủ nước và giãn cơ.,1
health_A_su_ex_fire,state,"Sự nhạy cảm phong phú dẫn đến cái nhìn sâu sắc và giúp đưa ra những quyết định đúng đắn, đồng thời năng lượng rõ ràng làm tăng sức sống và tạo ra một dòng chảy tốt.",1
health_A_su_ex_water,intro,Đó là ngày mà dòng chảy của cơ thể lưu thông không bị cản trở và sức khỏe được duy trì suôn sẻ.,1
health_A_su_ex_water,effect,Sự lưu thông trơn tru trong cơ thể giúp phục hồi sau mệt mỏi và duy trì khả năng miễn dịch.,1
health_A_su_ex_water,action,Giúp sức khỏe của bạn trôi chảy bằng cách uống đủ nước và giãn cơ.,1
health_A_su_ex_water,state,"Sự nhạy cảm phong phú dẫn đến cái nhìn sâu sắc và giúp phán đoán tốt, đồng thời năng lượng ẩm giúp thanh lọc tâm trí một cách sâu sắc và mở ra tầm nhìn rõ ràng.",1
health_A_su_ex_wood,intro,Đó là ngày mà dòng chảy của cơ thể lưu thông không bị cản trở và sức khỏe được duy trì suôn sẻ.,1
health_A_su_ex_wood,effect,Sự lưu thông trơn tru trong cơ thể giúp phục hồi sau mệt mỏi và duy trì khả năng miễn dịch.,1
health_A_su_ex_wood,action,Giúp sức khỏe của bạn trôi chảy bằng cách uống đủ nước và giãn cơ.,1
health_A_su_ex_wood,state,"Sự nhạy cảm phong phú dẫn đến cái nhìn sâu sắc và giúp đưa ra những quyết định đúng đắn, đồng thời năng lượng năng động mở ra những khả năng mới.",1
health_A_to_df_earth,intro,Đó là ngày sức khỏe của bạn ổn định nhất khi nền tảng sức khỏe được duy trì.,1
health_A_to_df_earth,effect,Một nền tảng thể chất vững chắc sẽ ngăn ngừa mệt mỏi và bệnh tật một cách hiệu quả.,1
health_A_to_df_earth,action,Giữ sức khỏe bằng cách ăn uống đều đặn và ngủ đủ giấc.,1
health_A_to_df_earth,state,"Một thái độ linh hoạt cho phép bạn chấp nhận những xu hướng mới một cách tự nhiên, và năng lượng bình tĩnh sẽ làm tăng sự thận trọng, dẫn đến kết quả tốt.",1
health_A_to_df_fire,intro,Đó là ngày sức khỏe của bạn ổn định nhất khi nền tảng sức khỏe được duy trì.,1
health_A_to_df_fire,effect,Một nền tảng thể chất vững chắc sẽ ngăn ngừa mệt mỏi và bệnh tật một cách hiệu quả.,1
health_A_to_df_fire,action,Giữ sức khỏe bằng cách ăn uống đều đặn và ngủ đủ giấc.,1
health_A_to_df_fire,state,"Một thái độ linh hoạt cho phép bạn chấp nhận những xu hướng mới một cách tự nhiên, năng lượng rõ ràng làm tăng sức sống và tạo ra một dòng chảy tốt.",1
health_A_to_df_water,intro,Đó là ngày sức khỏe của bạn ổn định nhất khi nền tảng sức khỏe được duy trì.,1
health_A_to_df_water,effect,Một nền tảng thể chất vững chắc sẽ ngăn ngừa mệt mỏi và bệnh tật một cách hiệu quả.,1
health_A_to_df_water,action,Giữ sức khỏe bằng cách ăn uống đều đặn và ngủ đủ giấc.,1
health_A_to_df_water,state,"Một thái độ linh hoạt cho phép bạn chấp nhận các xu hướng mới một cách tự nhiên, và năng lượng ẩm sẽ thanh lọc tâm trí một cách sâu sắc và mở ra tầm nhìn rõ ràng.",1
health_A_to_df_wood,intro,Đó là ngày sức khỏe của bạn ổn định nhất khi nền tảng sức khỏe được duy trì.,1
health_A_to_df_wood,effect,Một nền tảng thể chất vững chắc sẽ ngăn ngừa mệt mỏi và bệnh tật một cách hiệu quả.,1
health_A_to_df_wood,action,Giữ sức khỏe bằng cách ăn uống đều đặn và ngủ đủ giấc.,1
health_A_to_df_wood,state,Một thái độ linh hoạt cho phép bạn chấp nhận những xu hướng mới một cách tự nhiên và năng lượng năng động sẽ mở ra những khả năng mới.,1
health_A_to_ex_earth,intro,Đó là ngày sức khỏe của bạn ổn định nhất khi nền tảng sức khỏe được duy trì.,1
health_A_to_ex_earth,effect,Một nền tảng thể chất vững chắc sẽ ngăn ngừa mệt mỏi và bệnh tật một cách hiệu quả.,1
health_A_to_ex_earth,action,Giữ sức khỏe bằng cách ăn uống đều đặn và ngủ đủ giấc.,1
health_A_to_ex_earth,state,"Một cảm giác ổn định mạnh mẽ trở thành nền tảng vững chắc cho mọi việc, và một năng lượng bình tĩnh làm tăng tính thận trọng, dẫn đến kết quả tốt.",1
health_A_to_ex_fire,intro,Đó là ngày sức khỏe của bạn ổn định nhất khi nền tảng sức khỏe được duy trì.,1
health_A_to_ex_fire,effect,Một nền tảng thể chất vững chắc sẽ ngăn ngừa mệt mỏi và bệnh tật một cách hiệu quả.,1
health_A_to_ex_fire,action,Giữ sức khỏe bằng cách ăn uống đều đặn và ngủ đủ giấc.,1
health_A_to_ex_fire,state,"Cảm giác ổn định mạnh mẽ trở thành nền tảng vững chắc cho mọi thứ, nguồn năng lượng sáng rõ tăng cường sức sống và tạo ra một dòng chảy tốt.",1
health_A_to_ex_water,intro,Đó là ngày sức khỏe của bạn ổn định nhất khi nền tảng sức khỏe được duy trì.,1
health_A_to_ex_water,effect,Một nền tảng thể chất vững chắc sẽ ngăn ngừa mệt mỏi và bệnh tật một cách hiệu quả.,1
health_A_to_ex_water,action,Giữ sức khỏe bằng cách ăn uống đều đặn và ngủ đủ giấc.,1
health_A_to_ex_water,state,"Cảm giác ổn định mạnh mẽ trở thành nền tảng vững chắc cho mọi thứ, và năng lượng ẩm sẽ thanh lọc tâm trí một cách sâu sắc và mở ra tầm nhìn rõ ràng.",1
health_A_to_ex_wood,intro,Đó là ngày sức khỏe của bạn ổn định nhất khi nền tảng sức khỏe được duy trì.,1
health_A_to_ex_wood,effect,Một nền tảng thể chất vững chắc sẽ ngăn ngừa mệt mỏi và bệnh tật một cách hiệu quả.,1
health_A_to_ex_wood,action,Giữ sức khỏe bằng cách ăn uống đều đặn và ngủ đủ giấc.,1
health_A_to_ex_wood,state,Cảm giác ổn định mạnh mẽ mang lại nền tảng vững chắc cho mọi thứ và năng lượng năng động mở ra những khả năng mới.,1
health_B,intro,"Hôm nay, năng lượng sức khỏe hỗ trợ bạn tốt, giúp cơ thể nhẹ nhàng hơn và nhịp sống hằng ngày trôi chảy hơn.",1
health_B,intro,Hôm nay là một ngày mà nhịp sinh học của cơ thể bạn vẫn ổn định và bạn có thể dễ dàng kiểm soát tình trạng của mình.,1
health_B,effect,Đó là ngày mà cơ thể bạn phản ứng tốt và bạn có thể dễ dàng xử lý lịch trình hàng ngày của mình.,1
health_B,effect,Sự cân bằng tốt giữa tiêu thụ năng lượng và phục hồi cho phép bạn duy trì năng lượng suốt cả ngày.,1
health_B,action,"Khi bạn cảm thấy khỏe, hãy thử thêm một số bài tập nhẹ hoặc giãn cơ.",1
health_B,action,"Để duy trì thể trạng tốt như hôm nay, điều quan trọng là uống đủ nước và ăn uống điều độ.",1
health_B_geum_df_earth,intro,Đây là ngày mà sức khỏe tổng thể của bạn tốt và không có hạn chế lớn nào trong các hoạt động của bạn.,1
health_B_geum_df_earth,effect,Thể lực ổn định hỗ trợ các hoạt động hàng ngày một cách dễ dàng.,1
health_B_geum_df_earth,action,Duy trì tình trạng của bạn bằng cách tập thể dục vừa phải và ăn uống đều đặn.,1
health_B_geum_df_earth,state,"Ngay cả khi quyết tâm của bạn trở nên mờ mịt, dòng chảy của cuộc sống hàng ngày vẫn tiếp tục suôn sẻ, và năng lượng mây mù làm tăng thêm bầu không khí tĩnh lặng, tạo cảm giác yên bình.",1
health_B_geum_df_fire,intro,Đây là ngày mà sức khỏe tổng thể của bạn tốt và không có hạn chế lớn nào trong các hoạt động của bạn.,1
health_B_geum_df_fire,effect,Thể lực ổn định hỗ trợ các hoạt động hàng ngày một cách dễ dàng.,1
health_B_geum_df_fire,action,Duy trì tình trạng của bạn bằng cách tập thể dục vừa phải và ăn uống đều đặn.,1
health_B_geum_df_fire,state,"Ngay cả khi quyết tâm của bạn trở nên mờ mịt, dòng chảy cuộc sống hàng ngày của bạn vẫn tiếp tục suôn sẻ, và nguồn năng lượng sáng rõ tiếp thêm sức sống nhẹ nhàng, tạo nên một dòng chảy trôi chảy.",1
health_B_geum_df_water,intro,Đây là ngày mà sức khỏe tổng thể của bạn tốt và không có hạn chế lớn nào trong các hoạt động của bạn.,1
health_B_geum_df_water,effect,Thể lực ổn định hỗ trợ các hoạt động hàng ngày một cách dễ dàng.,1
health_B_geum_df_water,action,Duy trì tình trạng của bạn bằng cách tập thể dục vừa phải và ăn uống đều đặn.,1
health_B_geum_df_water,state,"Ngay cả khi quyết tâm của bạn trở nên buồn tẻ, dòng chảy của cuộc sống hàng ngày vẫn tiếp tục suôn sẻ và nguồn năng lượng mềm mại mang lại cảm giác êm đềm kéo dài cho cảm xúc của bạn.",1
health_B_geum_df_wood,intro,Đây là ngày mà sức khỏe tổng thể của bạn tốt và không có hạn chế lớn nào trong các hoạt động của bạn.,1
health_B_geum_df_wood,effect,Thể lực ổn định hỗ trợ các hoạt động hàng ngày một cách dễ dàng.,1
health_B_geum_df_wood,action,Duy trì tình trạng của bạn bằng cách tập thể dục vừa phải và ăn uống đều đặn.,1
health_B_geum_df_wood,state,"Ngay cả khi quyết tâm của bạn trở nên mờ mịt, dòng chảy của cuộc sống hàng ngày vẫn tiếp tục suôn sẻ và năng lượng thay đổi nhỏ sẽ bổ sung thêm sự kích thích thích hợp.",1
health_B_geum_ex_earth,intro,Đây là ngày mà sức khỏe tổng thể của bạn tốt và không có hạn chế lớn nào trong các hoạt động của bạn.,1
health_B_geum_ex_earth,effect,Thể lực ổn định hỗ trợ các hoạt động hàng ngày một cách dễ dàng.,1
health_B_geum_ex_earth,action,Duy trì tình trạng của bạn bằng cách tập thể dục vừa phải và ăn uống đều đặn.,1
health_B_geum_ex_earth,state,"Khả năng phán đoán mang tính phân tích diễn ra một cách tự nhiên với tốc độ thông thường và nguồn năng lượng trầm góp phần tạo nên bầu không khí yên tĩnh, tạo cảm giác yên bình.",1
health_B_geum_ex_fire,intro,Đây là ngày mà sức khỏe tổng thể của bạn tốt và không có hạn chế lớn nào trong các hoạt động của bạn.,1
health_B_geum_ex_fire,effect,Thể lực ổn định hỗ trợ các hoạt động hàng ngày một cách dễ dàng.,1
health_B_geum_ex_fire,action,Duy trì tình trạng của bạn bằng cách tập thể dục vừa phải và ăn uống đều đặn.,1
health_B_geum_ex_fire,state,"Phán đoán phân tích diễn ra theo nhịp độ thông thường một cách tự nhiên và nguồn năng lượng sáng rõ tiếp thêm sức sống nhẹ nhàng, tạo nên một dòng chảy trôi chảy.",1
health_B_geum_ex_water,intro,Đây là ngày mà sức khỏe tổng thể của bạn tốt và không có hạn chế lớn nào trong các hoạt động của bạn.,1
health_B_geum_ex_water,effect,Thể lực ổn định hỗ trợ các hoạt động hàng ngày một cách dễ dàng.,1
health_B_geum_ex_water,action,Duy trì tình trạng của bạn bằng cách tập thể dục vừa phải và ăn uống đều đặn.,1
health_B_geum_ex_water,state,Khả năng phán đoán mang tính phân tích diễn ra một cách tự nhiên theo tốc độ thông thường của bạn và nguồn năng lượng mềm mại sẽ mang lại dư vị êm dịu cho cảm xúc của bạn.,1
health_B_geum_ex_wood,intro,Đây là ngày mà sức khỏe tổng thể của bạn tốt và không có hạn chế lớn nào trong các hoạt động của bạn.,1
health_B_geum_ex_wood,effect,Thể lực ổn định hỗ trợ các hoạt động hàng ngày một cách dễ dàng.,1
health_B_geum_ex_wood,action,Duy trì tình trạng của bạn bằng cách tập thể dục vừa phải và ăn uống đều đặn.,1
health_B_geum_ex_wood,state,Phán đoán mang tính phân tích diễn ra theo nhịp độ thông thường một cách tự nhiên và năng lượng thay đổi nhỏ sẽ tạo thêm sự kích thích thích hợp.,1
health_B_hwa_df_earth,intro,Đó là một ngày có đủ năng lượng vì sức sống của bạn luôn ở mức trên mức bình thường.,1
health_B_hwa_df_earth,effect,Năng lượng đầy đủ hỗ trợ các hoạt động hàng ngày của bạn.,1
health_B_hwa_df_earth,action,Tích cực vận động cơ thể và tiêu hao năng lượng một cách lành mạnh.,1
health_B_hwa_df_earth,state,"Mặc dù biểu hiện bị hạn chế nhưng sự ổn định của mối quan hệ vẫn dễ dàng được duy trì và nguồn năng lượng trầm làm tăng thêm bầu không khí yên tĩnh, dẫn đến cảm giác yên bình.",1
health_B_hwa_df_fire,intro,Đó là một ngày có đủ năng lượng vì sức sống của bạn luôn ở mức trên mức bình thường.,1
health_B_hwa_df_fire,effect,Năng lượng đầy đủ hỗ trợ các hoạt động hàng ngày của bạn.,1
health_B_hwa_df_fire,action,Tích cực vận động cơ thể và tiêu hao năng lượng một cách lành mạnh.,1
health_B_hwa_df_fire,state,"Ngay cả khi hạn chế biểu hiện, sự ổn định của mối quan hệ vẫn dễ dàng được duy trì, nguồn năng lượng sáng rõ tiếp thêm sức sống nhẹ nhàng, tạo nên dòng chảy trôi chảy.",1
health_B_hwa_df_water,intro,Đó là một ngày có đủ năng lượng vì sức sống của bạn luôn ở mức trên mức bình thường.,1
health_B_hwa_df_water,effect,Năng lượng đầy đủ hỗ trợ các hoạt động hàng ngày của bạn.,1
health_B_hwa_df_water,action,Tích cực vận động cơ thể và tiêu hao năng lượng một cách lành mạnh.,1
health_B_hwa_df_water,state,"Ngay cả khi những biểu hiện bị hạn chế, sự ổn định của mối quan hệ vẫn dễ dàng được duy trì và nguồn năng lượng mềm mại mang lại cảm giác êm đềm kéo dài cho cảm xúc.",1
health_B_hwa_df_wood,intro,Đó là một ngày có đủ năng lượng vì sức sống của bạn luôn ở mức trên mức bình thường.,1
health_B_hwa_df_wood,effect,Năng lượng đầy đủ hỗ trợ các hoạt động hàng ngày của bạn.,1
health_B_hwa_df_wood,action,Tích cực vận động cơ thể và tiêu hao năng lượng một cách lành mạnh.,1
health_B_hwa_df_wood,state,"Ngay cả khi những biểu hiện bị hạn chế, sự ổn định của mối quan hệ vẫn dễ dàng được duy trì và năng lượng thay đổi nhỏ sẽ tăng thêm sự kích thích thích hợp.",1
health_B_hwa_ex_earth,intro,Đó là một ngày có đủ năng lượng vì sức sống của bạn luôn ở mức trên mức bình thường.,1
health_B_hwa_ex_earth,effect,Năng lượng đầy đủ hỗ trợ các hoạt động hàng ngày của bạn.,1
health_B_hwa_ex_earth,action,Tích cực vận động cơ thể và tiêu hao năng lượng một cách lành mạnh.,1
health_B_hwa_ex_earth,state,"Niềm đam mê còn sống nhưng sự cân bằng cũng được duy trì, dẫn đến một ngày ổn định, năng lượng mây mù tạo thêm bầu không khí tĩnh lặng, dẫn đến sự thanh thản.",1
health_B_hwa_ex_fire,intro,Đó là một ngày có đủ năng lượng vì sức sống của bạn luôn ở mức trên mức bình thường.,1
health_B_hwa_ex_fire,effect,Năng lượng đầy đủ hỗ trợ các hoạt động hàng ngày của bạn.,1
health_B_hwa_ex_fire,action,Tích cực vận động cơ thể và tiêu hao năng lượng một cách lành mạnh.,1
health_B_hwa_ex_fire,state,"Niềm đam mê còn sống nhưng sự cân bằng cũng được duy trì, dẫn đến một ngày ổn định, nguồn năng lượng sáng rõ tiếp thêm sức sống nhẹ nhàng, tạo nên dòng chảy trôi chảy.",1
health_B_hwa_ex_water,intro,Đó là một ngày có đủ năng lượng vì sức sống của bạn luôn ở mức trên mức bình thường.,1
health_B_hwa_ex_water,effect,Năng lượng đầy đủ hỗ trợ các hoạt động hàng ngày của bạn.,1
health_B_hwa_ex_water,action,Tích cực vận động cơ thể và tiêu hao năng lượng một cách lành mạnh.,1
health_B_hwa_ex_water,state,"Niềm đam mê vẫn tồn tại và sự cân bằng được duy trì, dẫn đến một ngày ổn định và nguồn năng lượng mềm mại mang lại cảm giác êm đềm kéo dài cho cảm xúc.",1
health_B_hwa_ex_wood,intro,Đó là một ngày có đủ năng lượng vì sức sống của bạn luôn ở mức trên mức bình thường.,1
health_B_hwa_ex_wood,effect,Năng lượng đầy đủ hỗ trợ các hoạt động hàng ngày của bạn.,1
health_B_hwa_ex_wood,action,Tích cực vận động cơ thể và tiêu hao năng lượng một cách lành mạnh.,1
health_B_hwa_ex_wood,state,"Niềm đam mê sống động và cân bằng, dẫn đến một ngày ổn định, và một chút năng lượng thay đổi sẽ bổ sung thêm sự kích thích thích hợp.",1
health_B_mok_df_earth,intro,Đó là ngày cơ thể phục hồi tốt và cảm giác mệt mỏi hay khó chịu nhẹ sẽ nhanh chóng thuyên giảm.,1
health_B_mok_df_earth,effect,Năng lượng phục hồi đang hoạt động và thể lực được duy trì ổn định.,1
health_B_mok_df_earth,action,Hãy hoạt động liên tục trong phạm vi không quá mức.,1
health_B_mok_df_earth,state,"Ngay cả khi bạn thận trọng khi thử những điều mới, cuộc sống hàng ngày của bạn vẫn trôi chảy đều đặn và nguồn năng lượng trầm càng tạo thêm bầu không khí tĩnh lặng, dẫn đến cảm giác yên bình.",1
health_B_mok_df_fire,intro,Đó là ngày cơ thể phục hồi tốt và cảm giác mệt mỏi hay khó chịu nhẹ sẽ nhanh chóng thuyên giảm.,1
health_B_mok_df_fire,effect,Năng lượng phục hồi đang hoạt động và thể lực được duy trì ổn định.,1
health_B_mok_df_fire,action,Hãy hoạt động liên tục trong phạm vi không quá mức.,1
health_B_mok_df_fire,state,"Ngay cả khi bạn thận trọng khi thử những điều mới, cuộc sống hàng ngày của bạn vẫn trôi chảy đều đặn và nguồn năng lượng sáng rõ tiếp thêm sức sống nhẹ nhàng, tạo nên một dòng chảy trôi chảy.",1
health_B_mok_df_water,intro,Đó là ngày cơ thể phục hồi tốt và cảm giác mệt mỏi hay khó chịu nhẹ sẽ nhanh chóng thuyên giảm.,1
health_B_mok_df_water,effect,Năng lượng phục hồi đang hoạt động và thể lực được duy trì ổn định.,1
health_B_mok_df_water,action,Hãy hoạt động liên tục trong phạm vi không quá mức.,1
health_B_mok_df_water,state,"Ngay cả khi bạn thận trọng khi thử những điều mới, cuộc sống hàng ngày của bạn vẫn trôi chảy đều đặn và nguồn năng lượng mềm mại sẽ mang lại cảm giác êm đềm kéo dài cho cảm xúc của bạn.",1
health_B_mok_df_wood,intro,Đó là ngày cơ thể phục hồi tốt và cảm giác mệt mỏi hay khó chịu nhẹ sẽ nhanh chóng thuyên giảm.,1
health_B_mok_df_wood,effect,Năng lượng phục hồi đang hoạt động và thể lực được duy trì ổn định.,1
health_B_mok_df_wood,action,Hãy hoạt động liên tục trong phạm vi không quá mức.,1
health_B_mok_df_wood,state,"Ngay cả khi bạn thận trọng khi thử những điều mới, cuộc sống hàng ngày của bạn vẫn trôi chảy đều đặn và một chút năng lượng của sự thay đổi sẽ tạo thêm sự kích thích thích hợp.",1
health_B_mok_ex_earth,intro,Đó là ngày cơ thể phục hồi tốt và cảm giác mệt mỏi hay khó chịu nhẹ sẽ nhanh chóng thuyên giảm.,1
health_B_mok_ex_earth,effect,Năng lượng phục hồi đang hoạt động và thể lực được duy trì ổn định.,1
health_B_mok_ex_earth,action,Hãy hoạt động liên tục trong phạm vi không quá mức.,1
health_B_mok_ex_earth,state,"Động lực vững chắc sẽ tiến bộ từng bước một, năng lượng vẩn đục làm tăng thêm bầu không khí tĩnh lặng, dẫn đến sự tĩnh lặng.",1
health_B_mok_ex_fire,intro,Đó là ngày cơ thể phục hồi tốt và cảm giác mệt mỏi hay khó chịu nhẹ sẽ nhanh chóng thuyên giảm.,1
health_B_mok_ex_fire,effect,Năng lượng phục hồi đang hoạt động và thể lực được duy trì ổn định.,1
health_B_mok_ex_fire,action,Hãy hoạt động liên tục trong phạm vi không quá mức.,1
health_B_mok_ex_fire,state,"Động lực vững chắc giúp bạn tiến bộ từng bước, nguồn năng lượng sáng rõ tiếp thêm sức sống nhẹ nhàng, tạo nên một dòng chảy trôi chảy.",1
health_B_mok_ex_water,intro,Đó là ngày cơ thể phục hồi tốt và cảm giác mệt mỏi hay khó chịu nhẹ sẽ nhanh chóng thuyên giảm.,1
health_B_mok_ex_water,effect,Năng lượng phục hồi đang hoạt động và thể lực được duy trì ổn định.,1
health_B_mok_ex_water,action,Hãy hoạt động liên tục trong phạm vi không quá mức.,1
health_B_mok_ex_water,state,Động lực ổn định sẽ tiến bộ từng bước và nguồn năng lượng mềm mại tạo thêm cảm giác êm đềm kéo dài cho cảm xúc.,1
health_B_mok_ex_wood,intro,Đó là ngày cơ thể phục hồi tốt và cảm giác mệt mỏi hay khó chịu nhẹ sẽ nhanh chóng thuyên giảm.,1
health_B_mok_ex_wood,effect,Năng lượng phục hồi đang hoạt động và thể lực được duy trì ổn định.,1
health_B_mok_ex_wood,action,Hãy hoạt động liên tục trong phạm vi không quá mức.,1
health_B_mok_ex_wood,state,"Động lực ổn định làm cho sự tiến bộ bình thường từng bước một, và năng lượng thay đổi yếu sẽ bổ sung thêm sự kích thích thích hợp.",1
health_B_su_df_earth,intro,Đó là ngày mà quá trình tuần hoàn trong cơ thể diễn ra suôn sẻ và bạn có thể hoạt động cả ngày mà không thấy mệt mỏi.,1
health_B_su_df_earth,effect,"Tuần hoàn máu êm ái làm tăng lượng oxy cung cấp, tăng khả năng tập trung và sức chịu đựng.",1
health_B_su_df_earth,action,Duy trì tình trạng của bạn bằng cách uống đủ nước để cải thiện lưu thông.,1
health_B_su_df_earth,state,"Mặc dù có phần thiếu linh hoạt, nhưng nhịp điệu cơ bản vẫn được duy trì mà không gặp khó khăn gì, năng lượng mây mù tăng thêm bầu không khí tĩnh lặng, dẫn đến cảm giác yên bình.",1
health_B_su_df_fire,intro,Đó là ngày mà quá trình tuần hoàn trong cơ thể diễn ra suôn sẻ và bạn có thể hoạt động cả ngày mà không thấy mệt mỏi.,1
health_B_su_df_fire,effect,"Tuần hoàn máu êm ái làm tăng lượng oxy cung cấp, tăng khả năng tập trung và sức chịu đựng.",1
health_B_su_df_fire,action,Duy trì tình trạng của bạn bằng cách uống đủ nước để cải thiện lưu thông.,1
health_B_su_df_fire,state,"Mặc dù có phần thiếu linh hoạt nhưng nhịp điệu cơ bản vẫn được duy trì mà không gặp khó khăn gì, nguồn năng lượng sáng rõ tiếp thêm sức sống nhẹ nhàng, tạo nên một dòng chảy trôi chảy.",1
health_B_su_df_water,intro,Đó là ngày mà quá trình tuần hoàn trong cơ thể diễn ra suôn sẻ và bạn có thể hoạt động cả ngày mà không thấy mệt mỏi.,1
health_B_su_df_water,effect,"Tuần hoàn máu êm ái làm tăng lượng oxy cung cấp, tăng khả năng tập trung và sức chịu đựng.",1
health_B_su_df_water,action,Duy trì tình trạng của bạn bằng cách uống đủ nước để cải thiện lưu thông.,1
health_B_su_df_water,state,"Mặc dù thiếu linh hoạt, nhưng nhịp điệu cơ bản vẫn được duy trì mà không gặp khó khăn gì, và nguồn năng lượng mềm mại mang lại cảm giác êm dịu kéo dài cho cảm xúc.",1
health_B_su_df_wood,intro,Đó là ngày mà quá trình tuần hoàn trong cơ thể diễn ra suôn sẻ và bạn có thể hoạt động cả ngày mà không thấy mệt mỏi.,1
health_B_su_df_wood,effect,"Tuần hoàn máu êm ái làm tăng lượng oxy cung cấp, tăng khả năng tập trung và sức chịu đựng.",1
health_B_su_df_wood,action,Duy trì tình trạng của bạn bằng cách uống đủ nước để cải thiện lưu thông.,1
health_B_su_df_wood,state,"Mặc dù có phần thiếu linh hoạt, nhưng nhịp điệu cơ bản vẫn được duy trì mà không gặp khó khăn gì, và một chút năng lượng thay đổi sẽ tăng thêm sự kích thích thích hợp.",1
health_B_su_ex_earth,intro,Đó là ngày mà quá trình tuần hoàn trong cơ thể diễn ra suôn sẻ và bạn có thể hoạt động cả ngày mà không thấy mệt mỏi.,1
health_B_su_ex_earth,effect,"Tuần hoàn máu êm ái làm tăng lượng oxy cung cấp, tăng khả năng tập trung và sức chịu đựng.",1
health_B_su_ex_earth,action,Duy trì tình trạng của bạn bằng cách uống đủ nước để cải thiện lưu thông.,1
health_B_su_ex_earth,state,"Một ngày tràn ngập cảm xúc, khiến nó trở thành một ngày tập trung hơn bình thường, và nguồn năng lượng trầm tạo thêm bầu không khí tĩnh lặng, dẫn đến cảm giác yên bình.",1
health_B_su_ex_fire,intro,Đó là ngày mà quá trình tuần hoàn trong cơ thể diễn ra suôn sẻ và bạn có thể hoạt động cả ngày mà không thấy mệt mỏi.,1
health_B_su_ex_fire,effect,"Tuần hoàn máu êm ái làm tăng lượng oxy cung cấp, tăng khả năng tập trung và sức chịu đựng.",1
health_B_su_ex_fire,action,Duy trì tình trạng của bạn bằng cách uống đủ nước để cải thiện lưu thông.,1
health_B_su_ex_fire,state,"Một ngày giàu cảm xúc khiến nó trở thành một ngày tập trung hơn bình thường, nguồn năng lượng sáng rõ tiếp thêm sức sống nhẹ nhàng, tạo nên một dòng chảy trôi chảy.",1
health_B_su_ex_water,intro,Đó là ngày mà quá trình tuần hoàn trong cơ thể diễn ra suôn sẻ và bạn có thể hoạt động cả ngày mà không thấy mệt mỏi.,1
health_B_su_ex_water,effect,"Tuần hoàn máu êm ái làm tăng lượng oxy cung cấp, tăng khả năng tập trung và sức chịu đựng.",1
health_B_su_ex_water,action,Duy trì tình trạng của bạn bằng cách uống đủ nước để cải thiện lưu thông.,1
health_B_su_ex_water,state,"Một ngày tràn ngập cảm xúc, khiến bạn chú ý hơn bình thường và nguồn năng lượng mềm mại tạo thêm dư vị êm dịu cho cảm xúc của bạn.",1
health_B_su_ex_wood,intro,Đó là ngày mà quá trình tuần hoàn trong cơ thể diễn ra suôn sẻ và bạn có thể hoạt động cả ngày mà không thấy mệt mỏi.,1
health_B_su_ex_wood,effect,"Tuần hoàn máu êm ái làm tăng lượng oxy cung cấp, tăng khả năng tập trung và sức chịu đựng.",1
health_B_su_ex_wood,action,Duy trì tình trạng của bạn bằng cách uống đủ nước để cải thiện lưu thông.,1
health_B_su_ex_wood,state,"Một ngày tràn ngập cảm xúc, khiến nó trở thành một ngày tập trung hơn bình thường và một chút năng lượng thay đổi sẽ tạo thêm sự kích thích thích hợp.",1
health_B_to_df_earth,intro,Đó là ngày mà sức khỏe của bạn ổn định và bạn có thể vượt qua một ngày mà không gặp vấn đề gì lớn.,1
health_B_to_df_earth,effect,Một tình trạng thể chất ổn định sẽ ngăn ngừa sự lãng phí thể lực không cần thiết.,1
health_B_to_df_earth,action,Tiếp tục một cuộc sống bình thường để duy trì tình trạng của bạn.,1
health_B_to_df_earth,state,"Ngay cả khi trọng tâm có phần bị rung chuyển, sự cân bằng của cuộc sống hàng ngày vẫn được duy trì mà không gặp nhiều khó khăn, nguồn năng lượng trầm càng tăng thêm bầu không khí tĩnh lặng, dẫn đến sự yên tĩnh.",1
health_B_to_df_fire,intro,Đó là ngày mà sức khỏe của bạn ổn định và bạn có thể vượt qua một ngày mà không gặp vấn đề gì lớn.,1
health_B_to_df_fire,effect,Một tình trạng thể chất ổn định sẽ ngăn ngừa sự lãng phí thể lực không cần thiết.,1
health_B_to_df_fire,action,Tiếp tục một cuộc sống bình thường để duy trì tình trạng của bạn.,1
health_B_to_df_fire,state,"Ngay cả khi trọng tâm có phần bị rung chuyển, sự cân bằng của cuộc sống hàng ngày vẫn được duy trì mà không gặp nhiều khó khăn, nguồn năng lượng sáng rõ tiếp thêm sức sống nhẹ nhàng, tạo nên một dòng chảy trôi chảy.",1
health_B_to_df_water,intro,Đó là ngày mà sức khỏe của bạn ổn định và bạn có thể vượt qua một ngày mà không gặp vấn đề gì lớn.,1
health_B_to_df_water,effect,Một tình trạng thể chất ổn định sẽ ngăn ngừa sự lãng phí thể lực không cần thiết.,1
health_B_to_df_water,action,Tiếp tục một cuộc sống bình thường để duy trì tình trạng của bạn.,1
health_B_to_df_water,state,"Ngay cả khi trọng tâm của bạn hơi rung chuyển, sự cân bằng trong cuộc sống hàng ngày của bạn vẫn được duy trì mà không gặp nhiều khó khăn và năng lượng ẩm sẽ mang lại cảm giác êm đềm kéo dài cho cảm xúc của bạn.",1
health_B_to_df_wood,intro,Đó là ngày mà sức khỏe của bạn ổn định và bạn có thể vượt qua một ngày mà không gặp vấn đề gì lớn.,1
health_B_to_df_wood,effect,Một tình trạng thể chất ổn định sẽ ngăn ngừa sự lãng phí thể lực không cần thiết.,1
health_B_to_df_wood,action,Tiếp tục một cuộc sống bình thường để duy trì tình trạng của bạn.,1
health_B_to_df_wood,state,"Ngay cả khi trung tâm bị rung chuyển phần nào, sự cân bằng của cuộc sống hàng ngày vẫn được duy trì mà không gặp nhiều khó khăn, và một chút năng lượng của sự thay đổi sẽ bổ sung thêm sự kích thích thích hợp.",1
health_B_to_ex_earth,intro,Đó là ngày mà sức khỏe của bạn ổn định và bạn có thể vượt qua một ngày mà không gặp vấn đề gì lớn.,1
health_B_to_ex_earth,effect,Một tình trạng thể chất ổn định sẽ ngăn ngừa sự lãng phí thể lực không cần thiết.,1
health_B_to_ex_earth,action,Tiếp tục một cuộc sống bình thường để duy trì tình trạng của bạn.,1
health_B_to_ex_earth,state,"Nó có xu hướng ổn định mạnh mẽ, vì vậy nó tiếp tục diễn ra một ngày yên tĩnh mà không gặp vấn đề gì, và nguồn năng lượng trầm làm tăng thêm bầu không khí tĩnh lặng, dẫn đến sự thanh thản.",1
health_B_to_ex_fire,intro,Đó là ngày mà sức khỏe của bạn ổn định và bạn có thể vượt qua một ngày mà không gặp vấn đề gì lớn.,1
health_B_to_ex_fire,effect,Một tình trạng thể chất ổn định sẽ ngăn ngừa sự lãng phí thể lực không cần thiết.,1
health_B_to_ex_fire,action,Tiếp tục một cuộc sống bình thường để duy trì tình trạng của bạn.,1
health_B_to_ex_fire,state,"Bởi vì tính chất định hướng ổn định mạnh mẽ của nó, nó tiếp tục trôi chảy trong một ngày tĩnh lặng, và nguồn năng lượng sáng rõ tiếp thêm sức sống nhẹ nhàng, tạo nên một dòng chảy trôi chảy.",1
health_B_to_ex_water,intro,Đó là ngày mà sức khỏe của bạn ổn định và bạn có thể vượt qua một ngày mà không gặp vấn đề gì lớn.,1
health_B_to_ex_water,effect,Một tình trạng thể chất ổn định sẽ ngăn ngừa sự lãng phí thể lực không cần thiết.,1
health_B_to_ex_water,action,Tiếp tục một cuộc sống bình thường để duy trì tình trạng của bạn.,1
health_B_to_ex_water,state,"Nó có tính chất định hướng ổn định mạnh mẽ, vì vậy nó có thể dễ dàng dẫn đến một ngày bình tĩnh, và nguồn năng lượng mềm mại tạo thêm dư vị êm dịu cho cảm xúc.",1
health_B_to_ex_wood,intro,Đó là ngày mà sức khỏe của bạn ổn định và bạn có thể vượt qua một ngày mà không gặp vấn đề gì lớn.,1
health_B_to_ex_wood,effect,Một tình trạng thể chất ổn định sẽ ngăn ngừa sự lãng phí thể lực không cần thiết.,1
health_B_to_ex_wood,action,Tiếp tục một cuộc sống bình thường để duy trì tình trạng của bạn.,1
health_B_to_ex_wood,state,"Định hướng ổn định rất mạnh mẽ nên nó tiếp tục suôn sẻ trong một ngày bình lặng, và năng lượng thay đổi nhẹ sẽ bổ sung thêm sự kích thích thích hợp.",1
health_B1,intro,"Hôm nay, năng lượng sức khỏe của bạn bình tĩnh và bạn có thể duy trì tốt tình trạng của mình.",1
health_B1,intro,Tình trạng thể chất của bạn sẽ vẫn ổn định trong ngày hôm nay nên bạn có thể có một ngày tốt lành.,1
health_B1,effect,Nếu tình trạng của bạn được duy trì ở mức trung bình và không lạm dụng thì đó sẽ là một ngày không có vấn đề gì.,1
health_B1,effect,Cơ thể đang ở trạng thái có thể xử lý công việc trong ngày mà không gặp nhiều căng thẳng.,1
health_B1,action,"Hôm nay, tốt nhất là duy trì thói quen hiện có thay vì chăm sóc thể trạng đặc biệt.",1
health_B1,action,Nếu ăn ngủ đều đặn thì hôm nay bạn có thể duy trì được thể trạng tốt.,1
health_B1_geum_df_earth,intro,Đây là ngày sức khỏe của bạn ở mức trung bình và bạn có thể cảm thấy hơi mệt mỏi.,1
health_B1_geum_df_earth,effect,"Thể lực có phần thấp, mệt mỏi tích tụ nhanh chóng sau thời gian dài hoạt động.",1
health_B1_geum_df_earth,action,Tránh hoạt động quá mức và nghỉ ngơi nhiều trước khi di chuyển.,1
health_B1_geum_df_earth,state,Mặc dù bạn chậm đưa ra quyết định nhưng ngày vẫn tiếp tục không quá xáo trộn và nguồn năng lượng trầm giúp bạn duy trì nhịp độ ổn định.,1
health_B1_geum_df_fire,intro,Đây là ngày sức khỏe của bạn ở mức trung bình và bạn có thể cảm thấy hơi mệt mỏi.,1
health_B1_geum_df_fire,effect,"Thể lực có phần thấp, mệt mỏi tích tụ nhanh chóng sau thời gian dài hoạt động.",1
health_B1_geum_df_fire,action,Tránh hoạt động quá mức và nghỉ ngơi nhiều trước khi di chuyển.,1
health_B1_geum_df_fire,state,"Mặc dù bạn chậm đưa ra quyết định, nhưng ngày vẫn tiếp tục không quá xáo trộn, và nguồn nguồn năng lượng sáng rõ tiếp thêm sức sống bình yên và tiếp tục một ngày bình thường.",1
health_B1_geum_df_water,intro,Đây là ngày sức khỏe của bạn ở mức trung bình và bạn có thể cảm thấy hơi mệt mỏi.,1
health_B1_geum_df_water,effect,"Thể lực có phần thấp, mệt mỏi tích tụ nhanh chóng sau thời gian dài hoạt động.",1
health_B1_geum_df_water,action,Tránh hoạt động quá mức và nghỉ ngơi nhiều trước khi di chuyển.,1
health_B1_geum_df_water,state,"Dù bạn chậm đưa ra quyết định nhưng ngày vẫn trôi qua không quá xáo trộn, nguồn năng lượng mềm mại làm tăng suy nghĩ của bạn nhưng không gây ra nhiều kích động.",1
health_B1_geum_df_wood,intro,Đây là ngày sức khỏe của bạn ở mức trung bình và bạn có thể cảm thấy hơi mệt mỏi.,1
health_B1_geum_df_wood,effect,"Thể lực có phần thấp, mệt mỏi tích tụ nhanh chóng sau thời gian dài hoạt động.",1
health_B1_geum_df_wood,action,Tránh hoạt động quá mức và nghỉ ngơi nhiều trước khi di chuyển.,1
health_B1_geum_df_wood,state,"Quyết định có thể chậm chạp, nhưng ngày vẫn trôi qua mà không có bất kỳ biến động lớn nào, và năng lượng bình tĩnh của sự thay đổi chỉ làm rung chuyển dòng chảy bình thường một chút.",1
health_B1_geum_ex_earth,intro,Đây là ngày sức khỏe của bạn ở mức trung bình và bạn có thể cảm thấy hơi mệt mỏi.,1
health_B1_geum_ex_earth,effect,"Thể lực có phần thấp, mệt mỏi tích tụ nhanh chóng sau thời gian dài hoạt động.",1
health_B1_geum_ex_earth,action,Tránh hoạt động quá mức và nghỉ ngơi nhiều trước khi di chuyển.,1
health_B1_geum_ex_earth,state,"Phán quyết rất rõ ràng, nhưng nó kết thúc với một kết quả tầm thường, và năng lượng mây mù giúp duy trì một nhịp độ vừa phải.",1
health_B1_geum_ex_fire,intro,Đây là ngày sức khỏe của bạn ở mức trung bình và bạn có thể cảm thấy hơi mệt mỏi.,1
health_B1_geum_ex_fire,effect,"Thể lực có phần thấp, mệt mỏi tích tụ nhanh chóng sau thời gian dài hoạt động.",1
health_B1_geum_ex_fire,action,Tránh hoạt động quá mức và nghỉ ngơi nhiều trước khi di chuyển.,1
health_B1_geum_ex_fire,state,"Sự phán xét là rõ ràng, nhưng nó kết thúc bằng một kết quả bình thường, và nguồn năng lượng sáng rõ tiếp thêm sức sống bình yên và tiếp tục ngày thường.",1
health_B1_geum_ex_water,intro,Đây là ngày sức khỏe của bạn ở mức trung bình và bạn có thể cảm thấy hơi mệt mỏi.,1
health_B1_geum_ex_water,effect,"Thể lực có phần thấp, mệt mỏi tích tụ nhanh chóng sau thời gian dài hoạt động.",1
health_B1_geum_ex_water,action,Tránh hoạt động quá mức và nghỉ ngơi nhiều trước khi di chuyển.,1
health_B1_geum_ex_water,state,"Phán đoán rõ ràng nhưng kết thúc bằng một kết quả đơn giản, nguồn năng lượng mềm mại làm tăng suy nghĩ nhưng không gây ra nhiều kích động.",1
health_B1_geum_ex_wood,intro,Đây là ngày sức khỏe của bạn ở mức trung bình và bạn có thể cảm thấy hơi mệt mỏi.,1
health_B1_geum_ex_wood,effect,"Thể lực có phần thấp, mệt mỏi tích tụ nhanh chóng sau thời gian dài hoạt động.",1
health_B1_geum_ex_wood,action,Tránh hoạt động quá mức và nghỉ ngơi nhiều trước khi di chuyển.,1
health_B1_geum_ex_wood,state,"Sự phán xét là rõ ràng, nhưng nó kết thúc với một kết quả tầm thường, và năng lượng bình tĩnh của sự thay đổi chỉ làm rung chuyển dòng chảy bình thường một chút.",1
health_B1_hwa_df_earth,intro,Sức sống của bạn có thể hơi thấp và bạn có thể cảm thấy thiếu năng lượng.,1
health_B1_hwa_df_earth,effect,Rất dễ mất tập trung vào buổi chiều do năng lượng thấp.,1
health_B1_hwa_df_earth,action,Ăn các bữa ăn bổ dưỡng để bổ sung năng lượng.,1
health_B1_hwa_df_earth,state,Mặc dù có rất ít biểu hiện nhưng mối quan hệ không bị lung lay nhiều và nguồn năng lượng trầm giúp duy trì nhịp độ dễ dàng.,1
health_B1_hwa_df_fire,intro,Sức sống của bạn có thể hơi thấp và bạn có thể cảm thấy thiếu năng lượng.,1
health_B1_hwa_df_fire,effect,Rất dễ mất tập trung vào buổi chiều do năng lượng thấp.,1
health_B1_hwa_df_fire,action,Ăn các bữa ăn bổ dưỡng để bổ sung năng lượng.,1
health_B1_hwa_df_fire,state,"Tuy có ít biểu hiện nhưng mối quan hệ không bị lung lay nhiều, nguồn nguồn năng lượng sáng rõ tiếp thêm sức sống êm đềm và tiếp tục một ngày bình thường.",1
health_B1_hwa_df_water,intro,Sức sống của bạn có thể hơi thấp và bạn có thể cảm thấy thiếu năng lượng.,1
health_B1_hwa_df_water,effect,Rất dễ mất tập trung vào buổi chiều do năng lượng thấp.,1
health_B1_hwa_df_water,action,Ăn các bữa ăn bổ dưỡng để bổ sung năng lượng.,1
health_B1_hwa_df_water,state,"Tuy rằng biểu hiện ít, nhưng quan hệ cũng không có rung chuyển quá lớn, nguồn năng lượng mềm mại làm tăng thêm suy nghĩ, nhưng lại không gây ra bao nhiêu kích động.",1
health_B1_hwa_df_wood,intro,Sức sống của bạn có thể hơi thấp và bạn có thể cảm thấy thiếu năng lượng.,1
health_B1_hwa_df_wood,effect,Rất dễ mất tập trung vào buổi chiều do năng lượng thấp.,1
health_B1_hwa_df_wood,action,Ăn các bữa ăn bổ dưỡng để bổ sung năng lượng.,1
health_B1_hwa_df_wood,state,"Mặc dù có rất ít biểu hiện, nhưng mối quan hệ không bị lung lay nhiều, và năng lượng bình tĩnh của sự thay đổi chỉ đủ để rung chuyển nhẹ dòng chảy bình thường.",1
health_B1_hwa_ex_earth,intro,Sức sống của bạn có thể hơi thấp và bạn có thể cảm thấy thiếu năng lượng.,1
health_B1_hwa_ex_earth,effect,Rất dễ mất tập trung vào buổi chiều do năng lượng thấp.,1
health_B1_hwa_ex_earth,action,Ăn các bữa ăn bổ dưỡng để bổ sung năng lượng.,1
health_B1_hwa_ex_earth,state,Nhiệt độ vừa phải tạo nên một ngày suôn sẻ và nguồn năng lượng trầm giúp bạn duy trì nhịp độ ổn định.,1
health_B1_hwa_ex_fire,intro,Sức sống của bạn có thể hơi thấp và bạn có thể cảm thấy thiếu năng lượng.,1
health_B1_hwa_ex_fire,effect,Rất dễ mất tập trung vào buổi chiều do năng lượng thấp.,1
health_B1_hwa_ex_fire,action,Ăn các bữa ăn bổ dưỡng để bổ sung năng lượng.,1
health_B1_hwa_ex_fire,state,"Nhiệt độ vừa phải tạo ra một ngày êm dịu, và nguồn năng lượng sáng rõ tiếp thêm sức sống êm đềm và tiếp tục một ngày bình thường.",1
health_B1_hwa_ex_water,intro,Sức sống của bạn có thể hơi thấp và bạn có thể cảm thấy thiếu năng lượng.,1
health_B1_hwa_ex_water,effect,Rất dễ mất tập trung vào buổi chiều do năng lượng thấp.,1
health_B1_hwa_ex_water,action,Ăn các bữa ăn bổ dưỡng để bổ sung năng lượng.,1
health_B1_hwa_ex_water,state,"Nhiệt độ vừa phải tạo nên một ngày êm ả, nguồn năng lượng mềm mại làm tăng suy nghĩ của bạn nhưng không gây ra nhiều kích động.",1
health_B1_hwa_ex_wood,intro,Sức sống của bạn có thể hơi thấp và bạn có thể cảm thấy thiếu năng lượng.,1
health_B1_hwa_ex_wood,effect,Rất dễ mất tập trung vào buổi chiều do năng lượng thấp.,1
health_B1_hwa_ex_wood,action,Ăn các bữa ăn bổ dưỡng để bổ sung năng lượng.,1
health_B1_hwa_ex_wood,state,Nhiệt độ vừa phải khiến một ngày trở nên êm ả và năng lượng bình tĩnh của sự thay đổi chỉ làm xáo trộn dòng chảy bình thường một chút.,1
health_B1_mok_df_earth,intro,"Cơ thể bạn có thể phục hồi chậm hơn một chút, khiến bạn khó thoát khỏi mệt mỏi hơn.",1
health_B1_mok_df_earth,effect,Phục hồi chậm có thể dẫn đến mệt mỏi.,1
health_B1_mok_df_earth,action,Giúp bạn phục hồi bằng cách ngủ đủ giấc và dinh dưỡng.,1
health_B1_mok_df_earth,state,"Nó vẫn quen thuộc hơn mới, nhưng dòng chảy không bị gián đoạn và nguồn năng lượng trầm giúp bạn duy trì nhịp độ dễ dàng.",1
health_B1_mok_df_fire,intro,"Cơ thể bạn có thể phục hồi chậm hơn một chút, khiến bạn khó thoát khỏi mệt mỏi hơn.",1
health_B1_mok_df_fire,effect,Phục hồi chậm có thể dẫn đến mệt mỏi.,1
health_B1_mok_df_fire,action,Giúp bạn phục hồi bằng cách ngủ đủ giấc và dinh dưỡng.,1
health_B1_mok_df_fire,state,"Mặc dù vẫn quen thuộc chứ không phải mới mẻ, dòng chảy không bị gián đoạn và nguồn năng lượng sáng rõ tiếp thêm sức sống êm đềm và tiếp tục ngày thường.",1
health_B1_mok_df_water,intro,"Cơ thể bạn có thể phục hồi chậm hơn một chút, khiến bạn khó thoát khỏi mệt mỏi hơn.",1
health_B1_mok_df_water,effect,Phục hồi chậm có thể dẫn đến mệt mỏi.,1
health_B1_mok_df_water,action,Giúp bạn phục hồi bằng cách ngủ đủ giấc và dinh dưỡng.,1
health_B1_mok_df_water,state,"Tuy vẫn quen thuộc hơn là mới lạ, dòng chảy không gián đoạn và nguồn năng lượng mềm mại làm tăng suy nghĩ nhưng không gây nhiều kích động.",1
health_B1_mok_df_wood,intro,"Cơ thể bạn có thể phục hồi chậm hơn một chút, khiến bạn khó thoát khỏi mệt mỏi hơn.",1
health_B1_mok_df_wood,effect,Phục hồi chậm có thể dẫn đến mệt mỏi.,1
health_B1_mok_df_wood,action,Giúp bạn phục hồi bằng cách ngủ đủ giấc và dinh dưỡng.,1
health_B1_mok_df_wood,state,"Mặc dù vẫn quen thuộc hơn mới, dòng chảy không bị gián đoạn và năng lượng bình tĩnh của sự thay đổi chỉ làm rung chuyển dòng chảy bình thường một chút.",1
health_B1_mok_ex_earth,intro,"Cơ thể bạn có thể phục hồi chậm hơn một chút, khiến bạn khó thoát khỏi mệt mỏi hơn.",1
health_B1_mok_ex_earth,effect,Phục hồi chậm có thể dẫn đến mệt mỏi.,1
health_B1_mok_ex_earth,action,Giúp bạn phục hồi bằng cách ngủ đủ giấc và dinh dưỡng.,1
health_B1_mok_ex_earth,state,Bạn có động lực nhưng động lực của bạn vẫn ở mức tầm thường và nguồn năng lượng trầm giúp bạn duy trì nhịp độ vừa phải.,1
health_B1_mok_ex_fire,intro,"Cơ thể bạn có thể phục hồi chậm hơn một chút, khiến bạn khó thoát khỏi mệt mỏi hơn.",1
health_B1_mok_ex_fire,effect,Phục hồi chậm có thể dẫn đến mệt mỏi.,1
health_B1_mok_ex_fire,action,Giúp bạn phục hồi bằng cách ngủ đủ giấc và dinh dưỡng.,1
health_B1_mok_ex_fire,state,"Mặc dù bạn có động lực nhưng động lực của bạn vẫn ở mức trung bình, và nguồn năng lượng sáng rõ tiếp thêm sinh lực bình tĩnh và tiếp tục ngày thường nhật của bạn.",1
health_B1_mok_ex_water,intro,"Cơ thể bạn có thể phục hồi chậm hơn một chút, khiến bạn khó thoát khỏi mệt mỏi hơn.",1
health_B1_mok_ex_water,effect,Phục hồi chậm có thể dẫn đến mệt mỏi.,1
health_B1_mok_ex_water,action,Giúp bạn phục hồi bằng cách ngủ đủ giấc và dinh dưỡng.,1
health_B1_mok_ex_water,state,"Có động lực nhưng động lực vẫn ở mức bình thường, nguồn năng lượng mềm mại làm tăng suy nghĩ nhưng không gây ra nhiều kích động.",1
health_B1_mok_ex_wood,intro,"Cơ thể bạn có thể phục hồi chậm hơn một chút, khiến bạn khó thoát khỏi mệt mỏi hơn.",1
health_B1_mok_ex_wood,effect,Phục hồi chậm có thể dẫn đến mệt mỏi.,1
health_B1_mok_ex_wood,action,Giúp bạn phục hồi bằng cách ngủ đủ giấc và dinh dưỡng.,1
health_B1_mok_ex_wood,state,"Có động lực, nhưng động lực vẫn ở mức tầm thường, và năng lượng bình tĩnh của sự thay đổi chỉ đủ làm rung chuyển nhẹ dòng chảy bình thường.",1
health_B1_su_df_earth,intro,"Sự tuần hoàn trong cơ thể có thể chậm lại một chút, do đó tình trạng mệt mỏi có thể vẫn còn.",1
health_B1_su_df_earth,effect,Suy tuần hoàn biểu hiện bằng sự giảm khả năng tập trung và mệt mỏi nhẹ.,1
health_B1_su_df_earth,action,Tăng cường lưu thông bằng cách kéo dài nhẹ và hydrat hóa.,1
health_B1_su_df_earth,state,Mặc dù tính linh hoạt đã giảm đi nhưng dòng chảy không bị gián đoạn đáng kể và nguồn năng lượng trầm giúp duy trì nhịp độ vừa phải.,1
health_B1_su_df_fire,intro,"Sự tuần hoàn trong cơ thể có thể chậm lại một chút, do đó tình trạng mệt mỏi có thể vẫn còn.",1
health_B1_su_df_fire,effect,Suy tuần hoàn biểu hiện bằng sự giảm khả năng tập trung và mệt mỏi nhẹ.,1
health_B1_su_df_fire,action,Tăng cường lưu thông bằng cách kéo dài nhẹ và hydrat hóa.,1
health_B1_su_df_fire,state,"Mặc dù tính linh hoạt đã giảm đi nhưng dòng chảy không bị gián đoạn đáng kể, và nguồn năng lượng sáng rõ tiếp thêm sức sống êm đềm và tiếp tục một ngày bình thường.",1
health_B1_su_df_water,intro,"Sự tuần hoàn trong cơ thể có thể chậm lại một chút, do đó tình trạng mệt mỏi có thể vẫn còn.",1
health_B1_su_df_water,effect,Suy tuần hoàn biểu hiện bằng sự giảm khả năng tập trung và mệt mỏi nhẹ.,1
health_B1_su_df_water,action,Tăng cường lưu thông bằng cách kéo dài nhẹ và hydrat hóa.,1
health_B1_su_df_water,state,"Tính linh hoạt giảm đi, nhưng dòng chảy không bị gián đoạn nhiều, nguồn năng lượng mềm mại làm tăng suy nghĩ, nhưng không gây ra nhiều kích động.",1
health_B1_su_df_wood,intro,"Sự tuần hoàn trong cơ thể có thể chậm lại một chút, do đó tình trạng mệt mỏi có thể vẫn còn.",1
health_B1_su_df_wood,effect,Suy tuần hoàn biểu hiện bằng sự giảm khả năng tập trung và mệt mỏi nhẹ.,1
health_B1_su_df_wood,action,Tăng cường lưu thông bằng cách kéo dài nhẹ và hydrat hóa.,1
health_B1_su_df_wood,state,Mặc dù tính linh hoạt đã giảm đi nhưng dòng chảy không bị gián đoạn đáng kể và năng lượng tĩnh lặng của sự thay đổi chỉ làm rung chuyển dòng chảy bình thường một chút.,1
health_B1_su_ex_earth,intro,"Sự tuần hoàn trong cơ thể có thể chậm lại một chút, do đó tình trạng mệt mỏi có thể vẫn còn.",1
health_B1_su_ex_earth,effect,Suy tuần hoàn biểu hiện bằng sự giảm khả năng tập trung và mệt mỏi nhẹ.,1
health_B1_su_ex_earth,action,Tăng cường lưu thông bằng cách kéo dài nhẹ và hydrat hóa.,1
health_B1_su_ex_earth,state,"Mặc dù bạn có rất nhiều điều phải suy nghĩ nhưng ngày trôi qua không có nhiều xáo trộn, và nguồn năng lượng trầm giúp bạn duy trì nhịp độ ổn định.",1
health_B1_su_ex_fire,intro,"Sự tuần hoàn trong cơ thể có thể chậm lại một chút, do đó tình trạng mệt mỏi có thể vẫn còn.",1
health_B1_su_ex_fire,effect,Suy tuần hoàn biểu hiện bằng sự giảm khả năng tập trung và mệt mỏi nhẹ.,1
health_B1_su_ex_fire,action,Tăng cường lưu thông bằng cách kéo dài nhẹ và hydrat hóa.,1
health_B1_su_ex_fire,state,"Mặc dù bạn có rất nhiều suy nghĩ, nhưng một ngày trôi qua không có nhiều xáo trộn, và nguồn năng lượng sáng rõ tiếp thêm sức sống bình yên và tiếp tục một ngày bình thường.",1
health_B1_su_ex_water,intro,"Sự tuần hoàn trong cơ thể có thể chậm lại một chút, do đó tình trạng mệt mỏi có thể vẫn còn.",1
health_B1_su_ex_water,effect,Suy tuần hoàn biểu hiện bằng sự giảm khả năng tập trung và mệt mỏi nhẹ.,1
health_B1_su_ex_water,action,Tăng cường lưu thông bằng cách kéo dài nhẹ và hydrat hóa.,1
health_B1_su_ex_water,state,"Ngay cả khi bạn có nhiều tư tưởng, một ngày trôi qua không có nhiều trạo cử, và nguồn năng lượng mềm mại làm tăng trưởng tư tưởng của bạn nhưng không gây ra trạo cử nhiều.",1
health_B1_su_ex_wood,intro,"Sự tuần hoàn trong cơ thể có thể chậm lại một chút, do đó tình trạng mệt mỏi có thể vẫn còn.",1
health_B1_su_ex_wood,effect,Suy tuần hoàn biểu hiện bằng sự giảm khả năng tập trung và mệt mỏi nhẹ.,1
health_B1_su_ex_wood,action,Tăng cường lưu thông bằng cách kéo dài nhẹ và hydrat hóa.,1
health_B1_su_ex_wood,state,"Mặc dù bạn có rất nhiều suy nghĩ, nhưng một ngày trôi qua không có nhiều xáo trộn, và năng lượng tĩnh lặng của sự thay đổi chỉ làm rung chuyển dòng chảy bình thường một chút.",1
health_B1_to_df_earth,intro,"Nếu bạn có sức khỏe ổn định ở mức trung bình, những vấn đề nhỏ về sức khỏe có thể xảy ra.",1
health_B1_to_df_earth,effect,Sự suy yếu của nền tảng thể lực thường gây ra cảm giác khó chịu nhẹ.,1
health_B1_to_df_earth,action,Đừng bỏ qua các dấu hiệu của vấn đề sức khỏe và ứng phó ngay lập tức.,1
health_B1_to_df_earth,state,Mặc dù có đôi chút rung chuyển nhưng cuộc sống hàng ngày vẫn trôi qua êm đềm và nguồn năng lượng trầm giúp bạn duy trì nhịp độ ổn định.,1
health_B1_to_df_fire,intro,"Nếu bạn có sức khỏe ổn định ở mức trung bình, những vấn đề nhỏ về sức khỏe có thể xảy ra.",1
health_B1_to_df_fire,effect,Sự suy yếu của nền tảng thể lực thường gây ra cảm giác khó chịu nhẹ.,1
health_B1_to_df_fire,action,Đừng bỏ qua các dấu hiệu của vấn đề sức khỏe và ứng phó ngay lập tức.,1
health_B1_to_df_fire,state,"Mặc dù có đôi chút rung động, cuộc sống hàng ngày vẫn trôi chảy êm đềm, nguồn năng lượng sáng rõ tiếp thêm sức sống êm đềm và tiếp tục một ngày bình thường.",1
health_B1_to_df_water,intro,"Nếu bạn có sức khỏe ổn định ở mức trung bình, những vấn đề nhỏ về sức khỏe có thể xảy ra.",1
health_B1_to_df_water,effect,Sự suy yếu của nền tảng thể lực thường gây ra cảm giác khó chịu nhẹ.,1
health_B1_to_df_water,action,Đừng bỏ qua các dấu hiệu của vấn đề sức khỏe và ứng phó ngay lập tức.,1
health_B1_to_df_water,state,"Mặc dù có rung chuyển, cuộc sống hàng ngày trôi chảy, nguồn năng lượng mềm mại làm tăng suy nghĩ, nhưng không gây ra nhiều kích động.",1
health_B1_to_df_wood,intro,"Nếu bạn có sức khỏe ổn định ở mức trung bình, những vấn đề nhỏ về sức khỏe có thể xảy ra.",1
health_B1_to_df_wood,effect,Sự suy yếu của nền tảng thể lực thường gây ra cảm giác khó chịu nhẹ.,1
health_B1_to_df_wood,action,Đừng bỏ qua các dấu hiệu của vấn đề sức khỏe và ứng phó ngay lập tức.,1
health_B1_to_df_wood,state,"Dù có những biến động nhưng cuộc sống hàng ngày vẫn trôi chảy êm đềm, năng lượng tĩnh lặng của sự thay đổi chỉ làm rung chuyển dòng chảy bình thường một chút.",1
health_B1_to_ex_earth,intro,"Nếu bạn có sức khỏe ổn định ở mức trung bình, những vấn đề nhỏ về sức khỏe có thể xảy ra.",1
health_B1_to_ex_earth,effect,Sự suy yếu của nền tảng thể lực thường gây ra cảm giác khó chịu nhẹ.,1
health_B1_to_ex_earth,action,Đừng bỏ qua các dấu hiệu của vấn đề sức khỏe và ứng phó ngay lập tức.,1
health_B1_to_ex_earth,state,"Chọn sự quen thuộc thay vì thay đổi sẽ dẫn đến một ngày dễ dàng, và nguồn năng lượng trầm giúp bạn duy trì nhịp độ ổn định.",1
health_B1_to_ex_fire,intro,"Nếu bạn có sức khỏe ổn định ở mức trung bình, những vấn đề nhỏ về sức khỏe có thể xảy ra.",1
health_B1_to_ex_fire,effect,Sự suy yếu của nền tảng thể lực thường gây ra cảm giác khó chịu nhẹ.,1
health_B1_to_ex_fire,action,Đừng bỏ qua các dấu hiệu của vấn đề sức khỏe và ứng phó ngay lập tức.,1
health_B1_to_ex_fire,state,"Chọn sự quen thuộc thay vì thay đổi sẽ dẫn đến một ngày bình thường, và nguồn năng lượng sáng rõ sẽ tiếp thêm sức sống bình yên cho ngày bình thường.",1
health_B1_to_ex_water,intro,"Nếu bạn có sức khỏe ổn định ở mức trung bình, những vấn đề nhỏ về sức khỏe có thể xảy ra.",1
health_B1_to_ex_water,effect,Sự suy yếu của nền tảng thể lực thường gây ra cảm giác khó chịu nhẹ.,1
health_B1_to_ex_water,action,Đừng bỏ qua các dấu hiệu của vấn đề sức khỏe và ứng phó ngay lập tức.,1
health_B1_to_ex_water,state,"Lựa chọn sự quen thuộc thay vì thay đổi sẽ dẫn đến một ngày bình thường, nguồn năng lượng mềm mại làm tăng suy nghĩ nhưng không gây ra nhiều xao động.",1
health_B1_to_ex_wood,intro,"Nếu bạn có sức khỏe ổn định ở mức trung bình, những vấn đề nhỏ về sức khỏe có thể xảy ra.",1
health_B1_to_ex_wood,effect,Sự suy yếu của nền tảng thể lực thường gây ra cảm giác khó chịu nhẹ.,1
health_B1_to_ex_wood,action,Đừng bỏ qua các dấu hiệu của vấn đề sức khỏe và ứng phó ngay lập tức.,1
health_B1_to_ex_wood,state,Chọn sự quen thuộc thay vì thay đổi sẽ dẫn đến một ngày bình thường và năng lượng bình tĩnh của sự thay đổi chỉ làm rung chuyển dòng chảy bình thường một chút.,1
health_C,intro,"Năng lượng cơ thể của bạn hôm nay hơi thấp, vì vậy điều quan trọng là bạn phải giảm tiêu hao năng lượng.",1
health_C,intro,Hôm nay là ngày bạn nên tập trung vào việc phục hồi hơn là hoạt động quá mức vì năng lượng sức khỏe của bạn đang yếu.,1
health_C,effect,"Bạn có thể dễ mệt mỏi hơn bình thường và khó tập trung, vì vậy bạn cần nghỉ ngơi đầy đủ.",1
health_C,effect,Nếu bạn tập quá sức vào một ngày mà cơ thể đang cần phục hồi thì ngày hôm sau có thể sẽ trở nên khó khăn hơn.,1
health_C,action,"Hôm nay, hãy ưu tiên ngủ đủ giấc và bổ sung dinh dưỡng hơn là tập thể dục.",1
health_C,action,"Nếu bạn cảm thấy nặng nề dù chỉ một chút, lựa chọn sáng suốt nhất là rút ngắn thời gian biểu và nghỉ ngơi.",1
health_C_geum_df_earth,intro,Đó là một ngày mà năng lượng sức khỏe thấp và tình trạng mệt mỏi kéo dài suốt cả ngày.,1
health_C_geum_df_earth,effect,Thể lực suy giảm làm giảm hiệu quả của mọi hoạt động.,1
health_C_geum_df_earth,action,Tránh hoạt động gắng sức và nghỉ ngơi nhiều.,1
health_C_geum_df_earth,state,"Khi quyết tâm của bạn yếu đi, bạn rất dễ trì hoãn những lựa chọn quan trọng và nguồn năng lượng trầm có thể làm bạn chậm lại và khiến suy nghĩ của bạn trở nên nặng nề.",1
health_C_geum_df_fire,intro,Đó là một ngày mà năng lượng sức khỏe thấp và tình trạng mệt mỏi kéo dài suốt cả ngày.,1
health_C_geum_df_fire,effect,Thể lực suy giảm làm giảm hiệu quả của mọi hoạt động.,1
health_C_geum_df_fire,action,Tránh hoạt động gắng sức và nghỉ ngơi nhiều.,1
health_C_geum_df_fire,state,"Khi quyết tâm của bạn yếu đi, bạn rất dễ trì hoãn những lựa chọn quan trọng và năng lượng rõ ràng của bạn có thể chảy vào bầu không khí phấn khích, điều này có thể làm lu mờ sự thận trọng của bạn.",1
health_C_geum_df_water,intro,Đó là một ngày mà năng lượng sức khỏe thấp và tình trạng mệt mỏi kéo dài suốt cả ngày.,1
health_C_geum_df_water,effect,Thể lực suy giảm làm giảm hiệu quả của mọi hoạt động.,1
health_C_geum_df_water,action,Tránh hoạt động gắng sức và nghỉ ngơi nhiều.,1
health_C_geum_df_water,state,"Bạn rất dễ trì hoãn những lựa chọn quan trọng khi quyết tâm của bạn trở nên yếu kém và năng lượng của mưa tuyết có thể kích thích cảm xúc và nội tâm của bạn, điều này có thể có tác động lớn hơn.",1
health_C_geum_df_wood,intro,Đó là một ngày mà năng lượng sức khỏe thấp và tình trạng mệt mỏi kéo dài suốt cả ngày.,1
health_C_geum_df_wood,effect,Thể lực suy giảm làm giảm hiệu quả của mọi hoạt động.,1
health_C_geum_df_wood,action,Tránh hoạt động gắng sức và nghỉ ngơi nhiều.,1
health_C_geum_df_wood,state,"Khi quyết tâm của bạn yếu đi, bạn rất dễ trì hoãn những lựa chọn quan trọng và năng lượng mạnh mẽ của sự thay đổi có thể làm rung chuyển nhịp điệu của bạn và dẫn đến những biến động không mong muốn.",1
health_C_geum_ex_earth,intro,Đó là một ngày mà năng lượng sức khỏe thấp và tình trạng mệt mỏi kéo dài suốt cả ngày.,1
health_C_geum_ex_earth,effect,Thể lực suy giảm làm giảm hiệu quả của mọi hoạt động.,1
health_C_geum_ex_earth,action,Tránh hoạt động gắng sức và nghỉ ngơi nhiều.,1
health_C_geum_ex_earth,state,"Phán đoán quá sắc bén có thể khiến các mối quan hệ trở nên lạnh nhạt, và nguồn năng lượng trầm có thể làm chậm nhịp độ của bạn và khiến suy nghĩ của bạn trở nên nặng nề.",1
health_C_geum_ex_fire,intro,Đó là một ngày mà năng lượng sức khỏe thấp và tình trạng mệt mỏi kéo dài suốt cả ngày.,1
health_C_geum_ex_fire,effect,Thể lực suy giảm làm giảm hiệu quả của mọi hoạt động.,1
health_C_geum_ex_fire,action,Tránh hoạt động gắng sức và nghỉ ngơi nhiều.,1
health_C_geum_ex_fire,state,"Sự phán xét sắc bén quá mức có thể khiến các mối quan hệ trở nên lạnh nhạt và năng lượng rõ ràng có thể chảy vào bầu không khí phấn khích, điều này có thể che mờ sự thận trọng.",1
health_C_geum_ex_water,intro,Đó là một ngày mà năng lượng sức khỏe thấp và tình trạng mệt mỏi kéo dài suốt cả ngày.,1
health_C_geum_ex_water,effect,Thể lực suy giảm làm giảm hiệu quả của mọi hoạt động.,1
health_C_geum_ex_water,action,Tránh hoạt động gắng sức và nghỉ ngơi nhiều.,1
health_C_geum_ex_water,state,"Phán đoán quá sắc bén có thể khiến các mối quan hệ trở nên lạnh nhạt, năng lượng của mưa tuyết có thể kích thích cảm xúc và nội tâm, có thể gây tác động lớn hơn.",1
health_C_geum_ex_wood,intro,Đó là một ngày mà năng lượng sức khỏe thấp và tình trạng mệt mỏi kéo dài suốt cả ngày.,1
health_C_geum_ex_wood,effect,Thể lực suy giảm làm giảm hiệu quả của mọi hoạt động.,1
health_C_geum_ex_wood,action,Tránh hoạt động gắng sức và nghỉ ngơi nhiều.,1
health_C_geum_ex_wood,state,Sự phán xét quá sắc bén có thể khiến các mối quan hệ trở nên lạnh nhạt và năng lượng mạnh mẽ của sự thay đổi có thể làm xáo trộn nhịp điệu và dẫn đến những biến đổi không mong muốn.,1
health_C_hwa_df_earth,intro,Đó là một ngày mà sức sống của bạn giảm đi đáng kể và toàn bộ cơ thể bạn cảm thấy uể oải.,1
health_C_hwa_df_earth,effect,Kiệt sức năng lượng dẫn đến giảm khả năng miễn dịch và mệt mỏi ngày càng trầm trọng.,1
health_C_hwa_df_earth,action,Phục hồi sức sống bằng giấc ngủ đầy đủ và bổ sung dinh dưỡng.,1
health_C_hwa_df_earth,state,"Rất dễ xảy ra hiểu lầm do khó thể hiện bản thân, năng lượng vẩn đục có thể khiến bạn chậm lại và khiến suy nghĩ trở nên nặng nề.",1
health_C_hwa_df_fire,intro,Đó là một ngày mà sức sống của bạn giảm đi đáng kể và toàn bộ cơ thể bạn cảm thấy uể oải.,1
health_C_hwa_df_fire,effect,Kiệt sức năng lượng dẫn đến giảm khả năng miễn dịch và mệt mỏi ngày càng trầm trọng.,1
health_C_hwa_df_fire,action,Phục hồi sức sống bằng giấc ngủ đầy đủ và bổ sung dinh dưỡng.,1
health_C_hwa_df_fire,state,"Dễ xảy ra hiểu lầm vì cách diễn đạt khó hiểu, nguồn năng lượng sáng rõ có thể chảy vào bầu không khí phấn khích và khiến sự thận trọng trở nên lu mờ.",1
health_C_hwa_df_water,intro,Đó là một ngày mà sức sống của bạn giảm đi đáng kể và toàn bộ cơ thể bạn cảm thấy uể oải.,1
health_C_hwa_df_water,effect,Kiệt sức năng lượng dẫn đến giảm khả năng miễn dịch và mệt mỏi ngày càng trầm trọng.,1
health_C_hwa_df_water,action,Phục hồi sức sống bằng giấc ngủ đầy đủ và bổ sung dinh dưỡng.,1
health_C_hwa_df_water,state,"Dễ xảy ra hiểu lầm vì cách diễn đạt khó hiểu, năng lượng của mưa tuyết có thể kích thích cảm xúc, nội tâm, có thể gây tác động lớn hơn.",1
health_C_hwa_df_wood,intro,Đó là một ngày mà sức sống của bạn giảm đi đáng kể và toàn bộ cơ thể bạn cảm thấy uể oải.,1
health_C_hwa_df_wood,effect,Kiệt sức năng lượng dẫn đến giảm khả năng miễn dịch và mệt mỏi ngày càng trầm trọng.,1
health_C_hwa_df_wood,action,Phục hồi sức sống bằng giấc ngủ đầy đủ và bổ sung dinh dưỡng.,1
health_C_hwa_df_wood,state,"Những hiểu lầm dễ xảy ra do cách diễn đạt khó, năng lượng thay đổi mạnh mẽ có thể làm rung chuyển nhịp điệu và dẫn đến những biến chuyển không mong muốn.",1
health_C_hwa_ex_earth,intro,Đó là một ngày mà sức sống của bạn giảm đi đáng kể và toàn bộ cơ thể bạn cảm thấy uể oải.,1
health_C_hwa_ex_earth,effect,Kiệt sức năng lượng dẫn đến giảm khả năng miễn dịch và mệt mỏi ngày càng trầm trọng.,1
health_C_hwa_ex_earth,action,Phục hồi sức sống bằng giấc ngủ đầy đủ và bổ sung dinh dưỡng.,1
health_C_hwa_ex_earth,state,Cảm xúc rất dễ xung đột và nguồn năng lượng trầm có thể làm bạn chậm lại và khiến suy nghĩ của bạn trở nên nặng nề.,1
health_C_hwa_ex_fire,intro,Đó là một ngày mà sức sống của bạn giảm đi đáng kể và toàn bộ cơ thể bạn cảm thấy uể oải.,1
health_C_hwa_ex_fire,effect,Kiệt sức năng lượng dẫn đến giảm khả năng miễn dịch và mệt mỏi ngày càng trầm trọng.,1
health_C_hwa_ex_fire,action,Phục hồi sức sống bằng giấc ngủ đầy đủ và bổ sung dinh dưỡng.,1
health_C_hwa_ex_fire,state,"Cảm xúc rất dễ xung đột, nguồn năng lượng sáng rõ có thể chảy vào bầu không khí phấn khích, khiến sự thận trọng trở nên lu mờ.",1
health_C_hwa_ex_water,intro,Đó là một ngày mà sức sống của bạn giảm đi đáng kể và toàn bộ cơ thể bạn cảm thấy uể oải.,1
health_C_hwa_ex_water,effect,Kiệt sức năng lượng dẫn đến giảm khả năng miễn dịch và mệt mỏi ngày càng trầm trọng.,1
health_C_hwa_ex_water,action,Phục hồi sức sống bằng giấc ngủ đầy đủ và bổ sung dinh dưỡng.,1
health_C_hwa_ex_water,state,"Cảm xúc rất dễ xảy ra xung đột, năng lượng của mưa tuyết có thể kích thích cảm xúc và nội tâm, có thể làm tăng tác động.",1
health_C_hwa_ex_wood,intro,Đó là một ngày mà sức sống của bạn giảm đi đáng kể và toàn bộ cơ thể bạn cảm thấy uể oải.,1
health_C_hwa_ex_wood,effect,Kiệt sức năng lượng dẫn đến giảm khả năng miễn dịch và mệt mỏi ngày càng trầm trọng.,1
health_C_hwa_ex_wood,action,Phục hồi sức sống bằng giấc ngủ đầy đủ và bổ sung dinh dưỡng.,1
health_C_hwa_ex_wood,state,Cảm xúc rất dễ xung đột và năng lượng mạnh mẽ của sự thay đổi có thể làm xáo trộn nhịp điệu và dẫn đến những biến đổi bất ngờ.,1
health_C_mok_df_earth,intro,Đó là ngày cơ thể khó phục hồi và dễ dàng tích tụ mệt mỏi.,1
health_C_mok_df_earth,effect,Do khả năng hồi phục giảm nên thể lực giảm nhanh ngay cả sau khi hoạt động nhẹ.,1
health_C_mok_df_earth,action,Tránh tập thể dục vất vả và ưu tiên nghỉ ngơi.,1
health_C_mok_df_earth,state,Sự do dự trong việc thử những điều mới có thể làm chậm tiến độ và nguồn năng lượng trầm có thể làm chậm tốc độ của bạn và khiến suy nghĩ của bạn trở nên nặng nề.,1
health_C_mok_df_fire,intro,Đó là ngày cơ thể khó phục hồi và dễ dàng tích tụ mệt mỏi.,1
health_C_mok_df_fire,effect,Do khả năng hồi phục giảm nên thể lực giảm nhanh ngay cả sau khi hoạt động nhẹ.,1
health_C_mok_df_fire,action,Tránh tập thể dục vất vả và ưu tiên nghỉ ngơi.,1
health_C_mok_df_fire,state,"Sự do dự trong việc thử những điều mới có thể làm chậm tiến độ và năng lượng rõ ràng có thể dẫn đến bầu không khí phấn khích, có thể làm lu mờ sự thận trọng.",1
health_C_mok_df_water,intro,Đó là ngày cơ thể khó phục hồi và dễ dàng tích tụ mệt mỏi.,1
health_C_mok_df_water,effect,Do khả năng hồi phục giảm nên thể lực giảm nhanh ngay cả sau khi hoạt động nhẹ.,1
health_C_mok_df_water,action,Tránh tập thể dục vất vả và ưu tiên nghỉ ngơi.,1
health_C_mok_df_water,state,"Sự do dự trong việc thử những điều mới có thể làm chậm tiến độ và năng lượng của mưa và tuyết có thể kích thích cảm xúc và nội tâm của bạn, điều này có thể làm tăng tác động.",1
health_C_mok_df_wood,intro,Đó là ngày cơ thể khó phục hồi và dễ dàng tích tụ mệt mỏi.,1
health_C_mok_df_wood,effect,Do khả năng hồi phục giảm nên thể lực giảm nhanh ngay cả sau khi hoạt động nhẹ.,1
health_C_mok_df_wood,action,Tránh tập thể dục vất vả và ưu tiên nghỉ ngơi.,1
health_C_mok_df_wood,state,Sự do dự trong việc thử những điều mới có thể làm chậm tiến độ và năng lượng mạnh mẽ của sự thay đổi có thể làm xáo trộn nhịp độ và dẫn đến những biến đổi không mong muốn.,1
health_C_mok_ex_earth,intro,Đó là ngày cơ thể khó phục hồi và dễ dàng tích tụ mệt mỏi.,1
health_C_mok_ex_earth,effect,Do khả năng hồi phục giảm nên thể lực giảm nhanh ngay cả sau khi hoạt động nhẹ.,1
health_C_mok_ex_earth,action,Tránh tập thể dục vất vả và ưu tiên nghỉ ngơi.,1
health_C_mok_ex_earth,state,Động lực quá mức có thể khiến bạn làm việc quá sức và nguồn năng lượng trầm có thể làm bạn chậm lại và khiến suy nghĩ của bạn trở nên nặng nề.,1
health_C_mok_ex_fire,intro,Đó là ngày cơ thể khó phục hồi và dễ dàng tích tụ mệt mỏi.,1
health_C_mok_ex_fire,effect,Do khả năng hồi phục giảm nên thể lực giảm nhanh ngay cả sau khi hoạt động nhẹ.,1
health_C_mok_ex_fire,action,Tránh tập thể dục vất vả và ưu tiên nghỉ ngơi.,1
health_C_mok_ex_fire,state,"Nếu bạn quá có động lực, bạn có thể thúc đẩy bản thân làm mọi việc và nguồn năng lượng sáng rõ của bạn có thể chảy vào bầu không khí phấn khích, điều này có thể làm lu mờ sự thận trọng của bạn.",1
health_C_mok_ex_water,intro,Đó là ngày cơ thể khó phục hồi và dễ dàng tích tụ mệt mỏi.,1
health_C_mok_ex_water,effect,Do khả năng hồi phục giảm nên thể lực giảm nhanh ngay cả sau khi hoạt động nhẹ.,1
health_C_mok_ex_water,action,Tránh tập thể dục vất vả và ưu tiên nghỉ ngơi.,1
health_C_mok_ex_water,state,"Nếu có quá nhiều động lực, bạn có thể làm việc quá sức, năng lượng của mưa tuyết có thể kích thích cảm xúc và nội tâm của bạn, từ đó có thể làm tăng tác động.",1
health_C_mok_ex_wood,intro,Đó là ngày cơ thể khó phục hồi và dễ dàng tích tụ mệt mỏi.,1
health_C_mok_ex_wood,effect,Do khả năng hồi phục giảm nên thể lực giảm nhanh ngay cả sau khi hoạt động nhẹ.,1
health_C_mok_ex_wood,action,Tránh tập thể dục vất vả và ưu tiên nghỉ ngơi.,1
health_C_mok_ex_wood,state,"Động lực quá mức có thể dẫn đến làm việc quá sức, và năng lượng mạnh mẽ của sự thay đổi có thể làm xáo trộn nhịp điệu và dẫn đến những biến đổi không mong muốn.",1
health_C_su_df_earth,intro,"Đó là một ngày mà sự lưu thông trong cơ thể bị tắc nghẽn và cơ thể cảm thấy nặng nề, ngột ngạt.",1
health_C_su_df_earth,effect,Tuần hoàn máu giảm dẫn đến mệt mỏi mãn tính và khả năng tập trung kém.,1
health_C_su_df_earth,action,Khôi phục tuần hoàn của bạn từng chút một bằng cách đi bộ nhẹ nhàng hoặc giãn cơ.,1
health_C_su_df_earth,state,Bạn rất dễ mất dấu dòng chảy do thiếu linh hoạt và năng lượng vẩn đục có thể làm bạn chậm lại và khiến suy nghĩ của bạn trở nên nặng nề.,1
health_C_su_df_fire,intro,"Đó là một ngày mà sự lưu thông trong cơ thể bị tắc nghẽn và cơ thể cảm thấy nặng nề, ngột ngạt.",1
health_C_su_df_fire,effect,Tuần hoàn máu giảm dẫn đến mệt mỏi mãn tính và khả năng tập trung kém.,1
health_C_su_df_fire,action,Khôi phục tuần hoàn của bạn từng chút một bằng cách đi bộ nhẹ nhàng hoặc giãn cơ.,1
health_C_su_df_fire,state,"Do thiếu linh hoạt nên dễ bị lạc dòng, nguồn năng lượng sáng rõ có thể chảy vào bầu không khí phấn khích, có thể làm lu mờ sự thận trọng của bạn.",1
health_C_su_df_water,intro,"Đó là một ngày mà sự lưu thông trong cơ thể bị tắc nghẽn và cơ thể cảm thấy nặng nề, ngột ngạt.",1
health_C_su_df_water,effect,Tuần hoàn máu giảm dẫn đến mệt mỏi mãn tính và khả năng tập trung kém.,1
health_C_su_df_water,action,Khôi phục tuần hoàn của bạn từng chút một bằng cách đi bộ nhẹ nhàng hoặc giãn cơ.,1
health_C_su_df_water,state,"Do thiếu linh hoạt nên dễ bị lạc dòng, năng lượng của mưa tuyết có thể kích thích cảm xúc và nội tâm, có thể làm tăng tác động.",1
health_C_su_df_wood,intro,"Đó là một ngày mà sự lưu thông trong cơ thể bị tắc nghẽn và cơ thể cảm thấy nặng nề, ngột ngạt.",1
health_C_su_df_wood,effect,Tuần hoàn máu giảm dẫn đến mệt mỏi mãn tính và khả năng tập trung kém.,1
health_C_su_df_wood,action,Khôi phục tuần hoàn của bạn từng chút một bằng cách đi bộ nhẹ nhàng hoặc giãn cơ.,1
health_C_su_df_wood,state,"Do thiếu linh hoạt nên dễ bị lạc dòng, năng lượng thay đổi mạnh mẽ có thể làm rung chuyển nhịp điệu và dẫn đến những biến chuyển không mong muốn.",1
health_C_su_ex_earth,intro,"Đó là một ngày mà sự lưu thông trong cơ thể bị tắc nghẽn và cơ thể cảm thấy nặng nề, ngột ngạt.",1
health_C_su_ex_earth,effect,Tuần hoàn máu giảm dẫn đến mệt mỏi mãn tính và khả năng tập trung kém.,1
health_C_su_ex_earth,action,Khôi phục tuần hoàn của bạn từng chút một bằng cách đi bộ nhẹ nhàng hoặc giãn cơ.,1
health_C_su_ex_earth,state,"Khả năng phán đoán của bạn rất dễ bị che mờ bởi những cảm xúc dâng trào, năng lượng vẩn đục có thể làm bạn chậm lại và khiến suy nghĩ của bạn trở nên nặng nề.",1
health_C_su_ex_fire,intro,"Đó là một ngày mà sự lưu thông trong cơ thể bị tắc nghẽn và cơ thể cảm thấy nặng nề, ngột ngạt.",1
health_C_su_ex_fire,effect,Tuần hoàn máu giảm dẫn đến mệt mỏi mãn tính và khả năng tập trung kém.,1
health_C_su_ex_fire,action,Khôi phục tuần hoàn của bạn từng chút một bằng cách đi bộ nhẹ nhàng hoặc giãn cơ.,1
health_C_su_ex_fire,state,"Sự phán xét có thể dễ dàng bị che mờ bởi những cảm xúc dâng trào, và nguồn năng lượng sáng rõ có thể chảy vào một bầu không khí phấn khích, có thể che mờ sự thận trọng.",1
health_C_su_ex_water,intro,"Đó là một ngày mà sự lưu thông trong cơ thể bị tắc nghẽn và cơ thể cảm thấy nặng nề, ngột ngạt.",1
health_C_su_ex_water,effect,Tuần hoàn máu giảm dẫn đến mệt mỏi mãn tính và khả năng tập trung kém.,1
health_C_su_ex_water,action,Khôi phục tuần hoàn của bạn từng chút một bằng cách đi bộ nhẹ nhàng hoặc giãn cơ.,1
health_C_su_ex_water,state,"Khả năng phán đoán của bạn rất dễ bị lu mờ do cảm xúc dâng trào, năng lượng của mưa tuyết có thể kích thích cảm xúc và nội tâm của bạn, từ đó có thể làm tăng tác động.",1
health_C_su_ex_wood,intro,"Đó là một ngày mà sự lưu thông trong cơ thể bị tắc nghẽn và cơ thể cảm thấy nặng nề, ngột ngạt.",1
health_C_su_ex_wood,effect,Tuần hoàn máu giảm dẫn đến mệt mỏi mãn tính và khả năng tập trung kém.,1
health_C_su_ex_wood,action,Khôi phục tuần hoàn của bạn từng chút một bằng cách đi bộ nhẹ nhàng hoặc giãn cơ.,1
health_C_su_ex_wood,state,"Sự phán xét có thể dễ dàng bị che mờ bởi cảm xúc, và năng lượng mạnh mẽ của sự thay đổi có thể làm rung chuyển nhịp điệu và dẫn đến những biến đổi bất ngờ.",1
health_C_to_df_earth,intro,Đó là ngày mà nền tảng sức khỏe của bạn bị lung lay và tình trạng thể chất của bạn không ổn định.,1
health_C_to_df_earth,effect,"Nền tảng sức khỏe suy yếu biểu hiện ở việc thường xuyên mệt mỏi, thể trạng kém.",1
health_C_to_df_earth,action,"Đừng làm việc quá sức, hãy nghỉ ngơi đầy đủ và duy trì lối sống đều đặn.",1
health_C_to_df_earth,state,Bởi vì trung tâm của bạn bị rung chuyển nên bạn rất dễ bị ảnh hưởng bởi môi trường xung quanh và nguồn năng lượng trầm có thể làm bạn chậm lại và khiến suy nghĩ của bạn trở nên nặng nề.,1
health_C_to_df_fire,intro,Đó là ngày mà nền tảng sức khỏe của bạn bị lung lay và tình trạng thể chất của bạn không ổn định.,1
health_C_to_df_fire,effect,"Nền tảng sức khỏe suy yếu biểu hiện ở việc thường xuyên mệt mỏi, thể trạng kém.",1
health_C_to_df_fire,action,"Đừng làm việc quá sức, hãy nghỉ ngơi đầy đủ và duy trì lối sống đều đặn.",1
health_C_to_df_fire,state,"Bởi vì trung tâm của bạn bị rung chuyển nên rất dễ bị ảnh hưởng bởi những người xung quanh, và nguồn năng lượng sáng rõ của bạn có thể chảy vào một bầu không khí phấn khích, điều này có thể che mờ sự thận trọng của bạn.",1
health_C_to_df_water,intro,Đó là ngày mà nền tảng sức khỏe của bạn bị lung lay và tình trạng thể chất của bạn không ổn định.,1
health_C_to_df_water,effect,"Nền tảng sức khỏe suy yếu biểu hiện ở việc thường xuyên mệt mỏi, thể trạng kém.",1
health_C_to_df_water,action,"Đừng làm việc quá sức, hãy nghỉ ngơi đầy đủ và duy trì lối sống đều đặn.",1
health_C_to_df_water,state,"Vì trung tâm của bạn bị rung chuyển nên rất dễ bị ảnh hưởng bởi môi trường xung quanh, năng lượng của mưa tuyết có thể kích thích cảm xúc và nội tâm của bạn, từ đó có thể làm tăng tác động.",1
health_C_to_df_wood,intro,Đó là ngày mà nền tảng sức khỏe của bạn bị lung lay và tình trạng thể chất của bạn không ổn định.,1
health_C_to_df_wood,effect,"Nền tảng sức khỏe suy yếu biểu hiện ở việc thường xuyên mệt mỏi, thể trạng kém.",1
health_C_to_df_wood,action,"Đừng làm việc quá sức, hãy nghỉ ngơi đầy đủ và duy trì lối sống đều đặn.",1
health_C_to_df_wood,state,"Bởi vì trung tâm bị rung chuyển nên dễ bị ảnh hưởng bởi môi trường xung quanh, năng lượng thay đổi mạnh mẽ có thể làm rung chuyển nhịp điệu và dẫn đến những biến chuyển bất ngờ.",1
health_C_to_ex_earth,intro,Đó là ngày mà nền tảng sức khỏe của bạn bị lung lay và tình trạng thể chất của bạn không ổn định.,1
health_C_to_ex_earth,effect,"Nền tảng sức khỏe suy yếu biểu hiện ở việc thường xuyên mệt mỏi, thể trạng kém.",1
health_C_to_ex_earth,action,"Đừng làm việc quá sức, hãy nghỉ ngơi đầy đủ và duy trì lối sống đều đặn.",1
health_C_to_ex_earth,state,"Một tâm trí không chịu thay đổi có thể chặn đứng các cơ hội, và nguồn năng lượng trầm có thể làm chậm tốc độ của bạn và khiến suy nghĩ của bạn trở nên nặng nề.",1
health_C_to_ex_fire,intro,Đó là ngày mà nền tảng sức khỏe của bạn bị lung lay và tình trạng thể chất của bạn không ổn định.,1
health_C_to_ex_fire,effect,"Nền tảng sức khỏe suy yếu biểu hiện ở việc thường xuyên mệt mỏi, thể trạng kém.",1
health_C_to_ex_fire,action,"Đừng làm việc quá sức, hãy nghỉ ngơi đầy đủ và duy trì lối sống đều đặn.",1
health_C_to_ex_fire,state,"Một tâm trí không chịu thay đổi có thể chặn đứng các cơ hội, và năng lượng rõ ràng có thể chảy vào bầu không khí phấn khích, che mờ sự thận trọng.",1
health_C_to_ex_water,intro,Đó là ngày mà nền tảng sức khỏe của bạn bị lung lay và tình trạng thể chất của bạn không ổn định.,1
health_C_to_ex_water,effect,"Nền tảng sức khỏe suy yếu biểu hiện ở việc thường xuyên mệt mỏi, thể trạng kém.",1
health_C_to_ex_water,action,"Đừng làm việc quá sức, hãy nghỉ ngơi đầy đủ và duy trì lối sống đều đặn.",1
health_C_to_ex_water,state,"Một tâm trí không chịu thay đổi có thể chặn đứng các cơ hội, còn năng lượng của mưa tuyết có thể kích thích cảm xúc và nội tâm, có thể làm tăng tác động.",1
health_C_to_ex_wood,intro,Đó là ngày mà nền tảng sức khỏe của bạn bị lung lay và tình trạng thể chất của bạn không ổn định.,1
health_C_to_ex_wood,effect,"Nền tảng sức khỏe suy yếu biểu hiện ở việc thường xuyên mệt mỏi, thể trạng kém.",1
health_C_to_ex_wood,action,"Đừng làm việc quá sức, hãy nghỉ ngơi đầy đủ và duy trì lối sống đều đặn.",1
health_C_to_ex_wood,state,Việc từ chối thay đổi có thể cản trở các cơ hội và năng lượng mạnh mẽ của sự thay đổi có thể làm rung chuyển nhịp điệu và dẫn đến những biến đổi không mong muốn.,1
health_C1,intro,"Hôm nay, cơ thể bạn khá yếu nên việc nghỉ ngơi đầy đủ là điều rất cần thiết.",1
health_C1,intro,"Năng lượng sức khỏe của bạn ngày hôm nay thấp đáng kể, vì vậy bạn cần phải nhạy cảm với các tín hiệu mà cơ thể gửi đi.",1
health_C1,effect,"Khả năng miễn dịch và sức chịu đựng của bạn thấp hơn nhiều so với bình thường, vì vậy ngay cả một nhóm nhỏ cũng có thể là gánh nặng.",1
health_C1,effect,"Đó là ngày mà cơ thể bạn muốn được nghỉ ngơi, và việc nghỉ ngơi đủ quan trọng để giảm đáng kể lịch trình của bạn.",1
health_C1,action,Hãy thận trọng ngay hôm nay khi nói đến sức khỏe của bạn và giảm thiểu mọi hoạt động.,1
health_C1,action,Chỉ cần ăn ấm và ngủ đủ giấc có thể giúp cơ thể phục hồi rất nhiều.,1
health_C1_geum_df_earth,intro,Đó là ngày mà sức khỏe của bạn trở nên yếu ớt đến mức các hoạt động thể chất của bạn bị hạn chế nghiêm trọng.,1
health_C1_geum_df_earth,effect,Thể lực giảm sút đáng kể khiến ngay cả các hoạt động hàng ngày cũng trở nên khó khăn.,1
health_C1_geum_df_earth,action,Hãy thực hiện hoạt động tối thiểu ngay hôm nay và cho cơ thể nghỉ ngơi nhiều nhất có thể.,1
health_C1_geum_df_earth,state,"Do thiếu quyết tâm nên dễ tích tụ những lựa chọn thiếu quyết đoán, năng lượng vẩn đục có thể làm giảm động lực và khả năng phán đoán của đám mây.",1
health_C1_geum_df_fire,intro,Đó là ngày mà sức khỏe của bạn trở nên yếu ớt đến mức các hoạt động thể chất của bạn bị hạn chế nghiêm trọng.,1
health_C1_geum_df_fire,effect,Thể lực giảm sút đáng kể khiến ngay cả các hoạt động hàng ngày cũng trở nên khó khăn.,1
health_C1_geum_df_fire,action,Hãy thực hiện hoạt động tối thiểu ngay hôm nay và cho cơ thể nghỉ ngơi nhiều nhất có thể.,1
health_C1_geum_df_fire,state,"Vì thiếu quyết tâm nên dễ đưa ra những lựa chọn thiếu quyết đoán, Dương hưng phấn có thể làm mất bình tĩnh và dẫn đến những sai lầm nhỏ.",1
health_C1_geum_df_water,intro,Đó là ngày mà sức khỏe của bạn trở nên yếu ớt đến mức các hoạt động thể chất của bạn bị hạn chế nghiêm trọng.,1
health_C1_geum_df_water,effect,Thể lực giảm sút đáng kể khiến ngay cả các hoạt động hàng ngày cũng trở nên khó khăn.,1
health_C1_geum_df_water,action,Hãy thực hiện hoạt động tối thiểu ngay hôm nay và cho cơ thể nghỉ ngơi nhiều nhất có thể.,1
health_C1_geum_df_water,state,"Vì thiếu quyết tâm nên dễ nảy sinh những lựa chọn thiếu quyết đoán, năng lượng mưa tuyết không thể xoa dịu cảm xúc, khiến lòng bạn nặng trĩu.",1
health_C1_geum_df_wood,intro,Đó là ngày mà sức khỏe của bạn trở nên yếu ớt đến mức các hoạt động thể chất của bạn bị hạn chế nghiêm trọng.,1
health_C1_geum_df_wood,effect,Thể lực giảm sút đáng kể khiến ngay cả các hoạt động hàng ngày cũng trở nên khó khăn.,1
health_C1_geum_df_wood,action,Hãy thực hiện hoạt động tối thiểu ngay hôm nay và cho cơ thể nghỉ ngơi nhiều nhất có thể.,1
health_C1_geum_df_wood,state,"Vì thiếu quyết tâm nên dễ nảy sinh những lựa chọn thiếu quyết đoán, năng lượng của sự thay đổi có thể liên tục cản trở, phá vỡ các kế hoạch.",1
health_C1_geum_ex_earth,intro,Đó là ngày mà sức khỏe của bạn trở nên yếu ớt đến mức các hoạt động thể chất của bạn bị hạn chế nghiêm trọng.,1
health_C1_geum_ex_earth,effect,Thể lực giảm sút đáng kể khiến ngay cả các hoạt động hàng ngày cũng trở nên khó khăn.,1
health_C1_geum_ex_earth,action,Hãy thực hiện hoạt động tối thiểu ngay hôm nay và cho cơ thể nghỉ ngơi nhiều nhất có thể.,1
health_C1_geum_ex_earth,state,"Sự sắc bén có thể đi quá xa và gây gánh nặng cho những người xung quanh bạn, đồng thời nguồn năng lượng trầm có thể làm giảm động lực và che mờ khả năng phán đoán của bạn.",1
health_C1_geum_ex_fire,intro,Đó là ngày mà sức khỏe của bạn trở nên yếu ớt đến mức các hoạt động thể chất của bạn bị hạn chế nghiêm trọng.,1
health_C1_geum_ex_fire,effect,Thể lực giảm sút đáng kể khiến ngay cả các hoạt động hàng ngày cũng trở nên khó khăn.,1
health_C1_geum_ex_fire,action,Hãy thực hiện hoạt động tối thiểu ngay hôm nay và cho cơ thể nghỉ ngơi nhiều nhất có thể.,1
health_C1_geum_ex_fire,state,"Sự sắc bén của bạn có thể đi quá xa và gây gánh nặng cho những người xung quanh, đồng thời năng lượng phấn khích của bạn có thể làm tiêu tan sự bình tĩnh của bạn và dẫn đến những sai lầm nhỏ.",1
health_C1_geum_ex_water,intro,Đó là ngày mà sức khỏe của bạn trở nên yếu ớt đến mức các hoạt động thể chất của bạn bị hạn chế nghiêm trọng.,1
health_C1_geum_ex_water,effect,Thể lực giảm sút đáng kể khiến ngay cả các hoạt động hàng ngày cũng trở nên khó khăn.,1
health_C1_geum_ex_water,action,Hãy thực hiện hoạt động tối thiểu ngay hôm nay và cho cơ thể nghỉ ngơi nhiều nhất có thể.,1
health_C1_geum_ex_water,state,"Sự sắc bén của bạn có thể đi quá xa và gây gánh nặng cho những người xung quanh, còn năng lượng của mưa tuyết không thể xoa dịu được cảm xúc của bạn, khiến lòng bạn nặng trĩu.",1
health_C1_geum_ex_wood,intro,Đó là ngày mà sức khỏe của bạn trở nên yếu ớt đến mức các hoạt động thể chất của bạn bị hạn chế nghiêm trọng.,1
health_C1_geum_ex_wood,effect,Thể lực giảm sút đáng kể khiến ngay cả các hoạt động hàng ngày cũng trở nên khó khăn.,1
health_C1_geum_ex_wood,action,Hãy thực hiện hoạt động tối thiểu ngay hôm nay và cho cơ thể nghỉ ngơi nhiều nhất có thể.,1
health_C1_geum_ex_wood,state,"Sự sắc bén của bạn có thể đi quá xa và gây gánh nặng cho những người xung quanh, đồng thời năng lượng thay đổi có thể tiếp tục cản trở các kế hoạch của bạn.",1
health_C1_hwa_df_earth,intro,Đó là một ngày khó khăn khi sức sống của bạn giảm đi đáng kể và toàn bộ cơ thể bạn kiệt sức.,1
health_C1_hwa_df_earth,effect,Sự cạn kiệt năng lượng làm suy yếu khả năng miễn dịch và khiến việc phục hồi trở nên khó khăn.,1
health_C1_hwa_df_earth,action,Đừng bỏ qua các tín hiệu của cơ thể để nghỉ ngơi và nghỉ ngơi ngay lập tức.,1
health_C1_hwa_df_earth,state,Cảm xúc của bạn rất dễ không được truyền tải đúng cách do tắc nghẽn biểu hiện và năng lượng vẩn đục có thể làm giảm động lực và che mờ khả năng phán đoán của bạn.,1
health_C1_hwa_df_fire,intro,Đó là một ngày khó khăn khi sức sống của bạn giảm đi đáng kể và toàn bộ cơ thể bạn kiệt sức.,1
health_C1_hwa_df_fire,effect,Sự cạn kiệt năng lượng làm suy yếu khả năng miễn dịch và khiến việc phục hồi trở nên khó khăn.,1
health_C1_hwa_df_fire,action,Đừng bỏ qua các tín hiệu của cơ thể để nghỉ ngơi và nghỉ ngơi ngay lập tức.,1
health_C1_hwa_df_fire,state,"Cảm xúc của bạn rất dễ không được truyền tải đúng cách do tắc nghẽn biểu hiện, đồng thời năng lượng phấn khích có thể làm mất đi sự bình tĩnh của bạn và dẫn đến những sai sót nhỏ.",1
health_C1_hwa_df_water,intro,Đó là một ngày khó khăn khi sức sống của bạn giảm đi đáng kể và toàn bộ cơ thể bạn kiệt sức.,1
health_C1_hwa_df_water,effect,Sự cạn kiệt năng lượng làm suy yếu khả năng miễn dịch và khiến việc phục hồi trở nên khó khăn.,1
health_C1_hwa_df_water,action,Đừng bỏ qua các tín hiệu của cơ thể để nghỉ ngơi và nghỉ ngơi ngay lập tức.,1
health_C1_hwa_df_water,state,"Bởi vì biểu cảm bị chặn nên cảm xúc của bạn dễ không được truyền tải một cách đúng đắn, năng lượng của mưa tuyết không thể xoa dịu cảm xúc của bạn, điều này có thể khiến trái tim bạn cảm thấy nặng nề.",1
health_C1_hwa_df_wood,intro,Đó là một ngày khó khăn khi sức sống của bạn giảm đi đáng kể và toàn bộ cơ thể bạn kiệt sức.,1
health_C1_hwa_df_wood,effect,Sự cạn kiệt năng lượng làm suy yếu khả năng miễn dịch và khiến việc phục hồi trở nên khó khăn.,1
health_C1_hwa_df_wood,action,Đừng bỏ qua các tín hiệu của cơ thể để nghỉ ngơi và nghỉ ngơi ngay lập tức.,1
health_C1_hwa_df_wood,state,Cảm xúc của bạn rất dễ không được truyền tải đúng cách do tắc nghẽn biểu hiện và năng lượng của sự thay đổi có thể tiếp tục cản trở và làm gián đoạn kế hoạch của bạn.,1
health_C1_hwa_ex_earth,intro,Đó là một ngày khó khăn khi sức sống của bạn giảm đi đáng kể và toàn bộ cơ thể bạn kiệt sức.,1
health_C1_hwa_ex_earth,effect,Sự cạn kiệt năng lượng làm suy yếu khả năng miễn dịch và khiến việc phục hồi trở nên khó khăn.,1
health_C1_hwa_ex_earth,action,Đừng bỏ qua các tín hiệu của cơ thể để nghỉ ngơi và nghỉ ngơi ngay lập tức.,1
health_C1_hwa_ex_earth,state,"Cảm xúc rất dễ gây ra xích mích ngay cả với những điều nhỏ nhặt, và năng lượng vẩn đục có thể làm giảm động lực và khả năng phán đoán của đám mây.",1
health_C1_hwa_ex_fire,intro,Đó là một ngày khó khăn khi sức sống của bạn giảm đi đáng kể và toàn bộ cơ thể bạn kiệt sức.,1
health_C1_hwa_ex_fire,effect,Sự cạn kiệt năng lượng làm suy yếu khả năng miễn dịch và khiến việc phục hồi trở nên khó khăn.,1
health_C1_hwa_ex_fire,action,Đừng bỏ qua các tín hiệu của cơ thể để nghỉ ngơi và nghỉ ngơi ngay lập tức.,1
health_C1_hwa_ex_fire,state,"Cảm xúc rất dễ gây ra xích mích dù chỉ vì những điều nhỏ nhặt, còn năng lượng phấn khích có thể làm xáo trộn sự bình tĩnh của bạn và dẫn đến những sai lầm nhỏ.",1
health_C1_hwa_ex_water,intro,Đó là một ngày khó khăn khi sức sống của bạn giảm đi đáng kể và toàn bộ cơ thể bạn kiệt sức.,1
health_C1_hwa_ex_water,effect,Sự cạn kiệt năng lượng làm suy yếu khả năng miễn dịch và khiến việc phục hồi trở nên khó khăn.,1
health_C1_hwa_ex_water,action,Đừng bỏ qua các tín hiệu của cơ thể để nghỉ ngơi và nghỉ ngơi ngay lập tức.,1
health_C1_hwa_ex_water,state,"Cảm xúc rất dễ nảy sinh dù chỉ vì những điều nhỏ nhặt, năng lượng của mưa tuyết cũng không thể làm dịu đi cảm xúc của bạn, khiến lòng bạn nặng trĩu.",1
health_C1_hwa_ex_wood,intro,Đó là một ngày khó khăn khi sức sống của bạn giảm đi đáng kể và toàn bộ cơ thể bạn kiệt sức.,1
health_C1_hwa_ex_wood,effect,Sự cạn kiệt năng lượng làm suy yếu khả năng miễn dịch và khiến việc phục hồi trở nên khó khăn.,1
health_C1_hwa_ex_wood,action,Đừng bỏ qua các tín hiệu của cơ thể để nghỉ ngơi và nghỉ ngơi ngay lập tức.,1
health_C1_hwa_ex_wood,state,"Nếu bạn bị chi phối bởi cảm xúc, bạn rất dễ nảy sinh xích mích ngay cả vì những điều nhỏ nhặt và năng lượng của sự thay đổi có thể tiếp tục cản trở và làm gián đoạn các kế hoạch của bạn.",1
health_C1_mok_df_earth,intro,Đó là ngày mà khả năng phục hồi của cơ thể giảm đi rất nhiều và sự mệt mỏi hiếm khi biến mất.,1
health_C1_mok_df_earth,effect,Khả năng phục hồi suy yếu có thể gây ra mệt mỏi mãn tính và các vấn đề sức khỏe.,1
health_C1_mok_df_earth,action,Hãy tích cực hỗ trợ quá trình phục hồi của bạn thông qua việc bổ sung dinh dưỡng hoặc bữa ăn đầy đủ.,1
health_C1_mok_df_earth,state,"Nếu chần chừ trong thời gian dài, cơ hội sẽ dễ dàng vuột khỏi tầm tay bạn, nguồn năng lượng trầm có thể làm giảm động lực và che mờ khả năng phán đoán của bạn.",1
health_C1_mok_df_fire,intro,Đó là ngày mà khả năng phục hồi của cơ thể giảm đi rất nhiều và sự mệt mỏi hiếm khi biến mất.,1
health_C1_mok_df_fire,effect,Khả năng phục hồi suy yếu có thể gây ra mệt mỏi mãn tính và các vấn đề sức khỏe.,1
health_C1_mok_df_fire,action,Hãy tích cực hỗ trợ quá trình phục hồi của bạn thông qua việc bổ sung dinh dưỡng hoặc bữa ăn đầy đủ.,1
health_C1_mok_df_fire,state,"Nếu chần chừ lâu, rất dễ cơ hội tuột khỏi tay bạn, năng lượng hưng phấn có thể làm mất đi sự bình tĩnh của bạn và dẫn đến những sai sót nhỏ.",1
health_C1_mok_df_water,intro,Đó là ngày mà khả năng phục hồi của cơ thể giảm đi rất nhiều và sự mệt mỏi hiếm khi biến mất.,1
health_C1_mok_df_water,effect,Khả năng phục hồi suy yếu có thể gây ra mệt mỏi mãn tính và các vấn đề sức khỏe.,1
health_C1_mok_df_water,action,Hãy tích cực hỗ trợ quá trình phục hồi của bạn thông qua việc bổ sung dinh dưỡng hoặc bữa ăn đầy đủ.,1
health_C1_mok_df_water,state,"Nếu chần chừ lâu, rất dễ cơ hội tuột khỏi tay, năng lượng mưa tuyết không thể xoa dịu cảm xúc, khiến lòng bạn nặng trĩu.",1
health_C1_mok_df_wood,intro,Đó là ngày mà khả năng phục hồi của cơ thể giảm đi rất nhiều và sự mệt mỏi hiếm khi biến mất.,1
health_C1_mok_df_wood,effect,Khả năng phục hồi suy yếu có thể gây ra mệt mỏi mãn tính và các vấn đề sức khỏe.,1
health_C1_mok_df_wood,action,Hãy tích cực hỗ trợ quá trình phục hồi của bạn thông qua việc bổ sung dinh dưỡng hoặc bữa ăn đầy đủ.,1
health_C1_mok_df_wood,state,"Nếu bạn chần chừ trong thời gian dài, rất dễ để cơ hội tuột khỏi tay bạn, năng lượng của sự thay đổi có thể liên tục cản trở và làm gián đoạn các kế hoạch của bạn.",1
health_C1_mok_ex_earth,intro,Đó là ngày mà khả năng phục hồi của cơ thể giảm đi rất nhiều và sự mệt mỏi hiếm khi biến mất.,1
health_C1_mok_ex_earth,effect,Khả năng phục hồi suy yếu có thể gây ra mệt mỏi mãn tính và các vấn đề sức khỏe.,1
health_C1_mok_ex_earth,action,Hãy tích cực hỗ trợ quá trình phục hồi của bạn thông qua việc bổ sung dinh dưỡng hoặc bữa ăn đầy đủ.,1
health_C1_mok_ex_earth,state,"Lòng tham rất dễ dẫn đến những thứ không thể nắm bắt được, năng lượng vẩn đục có thể làm giảm động lực và khả năng phán đoán của mây mù.",1
health_C1_mok_ex_fire,intro,Đó là ngày mà khả năng phục hồi của cơ thể giảm đi rất nhiều và sự mệt mỏi hiếm khi biến mất.,1
health_C1_mok_ex_fire,effect,Khả năng phục hồi suy yếu có thể gây ra mệt mỏi mãn tính và các vấn đề sức khỏe.,1
health_C1_mok_ex_fire,action,Hãy tích cực hỗ trợ quá trình phục hồi của bạn thông qua việc bổ sung dinh dưỡng hoặc bữa ăn đầy đủ.,1
health_C1_mok_ex_fire,state,"Bạn rất dễ trở nên tham lam và làm những việc không thể kiểm soát, năng lượng phấn khích có thể làm xáo trộn sự bình tĩnh của bạn và dẫn đến những sai lầm nhỏ.",1
health_C1_mok_ex_water,intro,Đó là ngày mà khả năng phục hồi của cơ thể giảm đi rất nhiều và sự mệt mỏi hiếm khi biến mất.,1
health_C1_mok_ex_water,effect,Khả năng phục hồi suy yếu có thể gây ra mệt mỏi mãn tính và các vấn đề sức khỏe.,1
health_C1_mok_ex_water,action,Hãy tích cực hỗ trợ quá trình phục hồi của bạn thông qua việc bổ sung dinh dưỡng hoặc bữa ăn đầy đủ.,1
health_C1_mok_ex_water,state,"Bạn dễ trở nên tham lam và làm những việc mình không thể kiểm soát, năng lượng của mưa tuyết không thể xoa dịu cảm xúc khiến lòng bạn nặng trĩu.",1
health_C1_mok_ex_wood,intro,Đó là ngày mà khả năng phục hồi của cơ thể giảm đi rất nhiều và sự mệt mỏi hiếm khi biến mất.,1
health_C1_mok_ex_wood,effect,Khả năng phục hồi suy yếu có thể gây ra mệt mỏi mãn tính và các vấn đề sức khỏe.,1
health_C1_mok_ex_wood,action,Hãy tích cực hỗ trợ quá trình phục hồi của bạn thông qua việc bổ sung dinh dưỡng hoặc bữa ăn đầy đủ.,1
health_C1_mok_ex_wood,state,"Bạn rất dễ trở nên tham lam và làm những việc ngoài tầm kiểm soát, đồng thời năng lượng của sự thay đổi có thể tiếp tục cản trở các kế hoạch của bạn.",1
health_C1_su_df_earth,intro,Đó là một ngày mà sự lưu thông trong cơ thể bị tắc nghẽn nghiêm trọng và cơ thể cảm thấy nặng nề và đau đớn.,1
health_C1_su_df_earth,effect,"Các vấn đề về tuần hoàn có thể trở nên trầm trọng hơn, dẫn đến đau đầu hoặc khó chịu.",1
health_C1_su_df_earth,action,"Nếu có thể, hãy giúp lưu thông bằng cách tắm nước ấm nhẹ hoặc mát-xa.",1
health_C1_su_df_earth,state,"Bạn rất dễ trở nên bướng bỉnh và lạc lối, và nguồn năng lượng trầm có thể làm giảm động lực và che mờ khả năng phán đoán của bạn.",1
health_C1_su_df_fire,intro,Đó là một ngày mà sự lưu thông trong cơ thể bị tắc nghẽn nghiêm trọng và cơ thể cảm thấy nặng nề và đau đớn.,1
health_C1_su_df_fire,effect,"Các vấn đề về tuần hoàn có thể trở nên trầm trọng hơn, dẫn đến đau đầu hoặc khó chịu.",1
health_C1_su_df_fire,action,"Nếu có thể, hãy giúp lưu thông bằng cách tắm nước ấm nhẹ hoặc mát-xa.",1
health_C1_su_df_fire,state,"Bạn rất dễ trở nên bướng bỉnh và lạc lối, năng lượng phấn khích có thể làm xáo trộn sự bình tĩnh của bạn và dẫn đến những sai lầm nhỏ.",1
health_C1_su_df_water,intro,Đó là một ngày mà sự lưu thông trong cơ thể bị tắc nghẽn nghiêm trọng và cơ thể cảm thấy nặng nề và đau đớn.,1
health_C1_su_df_water,effect,"Các vấn đề về tuần hoàn có thể trở nên trầm trọng hơn, dẫn đến đau đầu hoặc khó chịu.",1
health_C1_su_df_water,action,"Nếu có thể, hãy giúp lưu thông bằng cách tắm nước ấm nhẹ hoặc mát-xa.",1
health_C1_su_df_water,state,"Bạn dễ trở nên bướng bỉnh, lạc lối, năng lượng của mưa tuyết không thể xoa dịu được cảm xúc, khiến lòng bạn trĩu nặng.",1
health_C1_su_df_wood,intro,Đó là một ngày mà sự lưu thông trong cơ thể bị tắc nghẽn nghiêm trọng và cơ thể cảm thấy nặng nề và đau đớn.,1
health_C1_su_df_wood,effect,"Các vấn đề về tuần hoàn có thể trở nên trầm trọng hơn, dẫn đến đau đầu hoặc khó chịu.",1
health_C1_su_df_wood,action,"Nếu có thể, hãy giúp lưu thông bằng cách tắm nước ấm nhẹ hoặc mát-xa.",1
health_C1_su_df_wood,state,"Bạn rất dễ trở nên bướng bỉnh và mất dấu mọi việc nhiều lần, đồng thời năng lượng của sự thay đổi có thể tiếp tục cản trở và làm gián đoạn các kế hoạch của bạn.",1
health_C1_su_ex_earth,intro,Đó là một ngày mà sự lưu thông trong cơ thể bị tắc nghẽn nghiêm trọng và cơ thể cảm thấy nặng nề và đau đớn.,1
health_C1_su_ex_earth,effect,"Các vấn đề về tuần hoàn có thể trở nên trầm trọng hơn, dẫn đến đau đầu hoặc khó chịu.",1
health_C1_su_ex_earth,action,"Nếu có thể, hãy giúp lưu thông bằng cách tắm nước ấm nhẹ hoặc mát-xa.",1
health_C1_su_ex_earth,state,"Cảm xúc trở nên sâu sắc hơn nên rất dễ bị rung chuyển bởi những kích thích dù nhỏ, năng lượng vẩn đục có thể làm giảm động lực và khả năng phán đoán của đám mây.",1
health_C1_su_ex_fire,intro,Đó là một ngày mà sự lưu thông trong cơ thể bị tắc nghẽn nghiêm trọng và cơ thể cảm thấy nặng nề và đau đớn.,1
health_C1_su_ex_fire,effect,"Các vấn đề về tuần hoàn có thể trở nên trầm trọng hơn, dẫn đến đau đầu hoặc khó chịu.",1
health_C1_su_ex_fire,action,"Nếu có thể, hãy giúp lưu thông bằng cách tắm nước ấm nhẹ hoặc mát-xa.",1
health_C1_su_ex_fire,state,"Cảm xúc trở nên sâu sắc nên rất dễ bị rung chuyển bởi những kích thích dù là nhỏ nhất, năng lượng phấn khích có thể làm xáo trộn sự bình tĩnh và dẫn đến những sai lầm nhỏ.",1
health_C1_su_ex_water,intro,Đó là một ngày mà sự lưu thông trong cơ thể bị tắc nghẽn nghiêm trọng và cơ thể cảm thấy nặng nề và đau đớn.,1
health_C1_su_ex_water,effect,"Các vấn đề về tuần hoàn có thể trở nên trầm trọng hơn, dẫn đến đau đầu hoặc khó chịu.",1
health_C1_su_ex_water,action,"Nếu có thể, hãy giúp lưu thông bằng cách tắm nước ấm nhẹ hoặc mát-xa.",1
health_C1_su_ex_water,state,"Khi cảm xúc trở nên sâu sắc hơn, rất dễ bị rung chuyển bởi những kích thích dù là nhỏ nhất, năng lượng của mưa tuyết có thể không xoa dịu được cảm xúc, khiến lòng nặng trĩu.",1
health_C1_su_ex_wood,intro,Đó là một ngày mà sự lưu thông trong cơ thể bị tắc nghẽn nghiêm trọng và cơ thể cảm thấy nặng nề và đau đớn.,1
health_C1_su_ex_wood,effect,"Các vấn đề về tuần hoàn có thể trở nên trầm trọng hơn, dẫn đến đau đầu hoặc khó chịu.",1
health_C1_su_ex_wood,action,"Nếu có thể, hãy giúp lưu thông bằng cách tắm nước ấm nhẹ hoặc mát-xa.",1
health_C1_su_ex_wood,state,"Khi cảm xúc của bạn trở nên sâu sắc hơn, bạn rất dễ bị lung lay bởi những kích thích dù là nhỏ nhất và năng lượng của sự thay đổi có thể tiếp tục cản trở và làm gián đoạn các kế hoạch của bạn.",1
health_C1_to_df_earth,intro,Đó là ngày mà nền tảng sức khỏe của bạn bị suy yếu nghiêm trọng và cơ thể phản ứng với những kích thích dù là nhỏ nhất.,1
health_C1_to_df_earth,effect,Nền tảng sức khỏe cực kỳ yếu sẽ tạo ra hàng loạt vấn đề về sức khỏe.,1
health_C1_to_df_earth,action,Nhận trợ giúp từ chuyên gia y tế hoặc nghỉ ngơi hoàn toàn ngay hôm nay.,1
health_C1_to_df_earth,state,Bởi vì bạn không tập trung nên các quyết định của bạn dễ dàng thay đổi và năng lượng vẩn đục có thể làm giảm động lực và che mờ khả năng phán đoán của bạn.,1
health_C1_to_df_fire,intro,Đó là ngày mà nền tảng sức khỏe của bạn bị suy yếu nghiêm trọng và cơ thể phản ứng với những kích thích dù là nhỏ nhất.,1
health_C1_to_df_fire,effect,Nền tảng sức khỏe cực kỳ yếu sẽ tạo ra hàng loạt vấn đề về sức khỏe.,1
health_C1_to_df_fire,action,Nhận trợ giúp từ chuyên gia y tế hoặc nghỉ ngơi hoàn toàn ngay hôm nay.,1
health_C1_to_df_fire,state,"Vì không tập trung nên các quyết định của bạn dễ bị thay đổi, năng lượng phấn khích có thể làm tiêu tan sự bình tĩnh của bạn và dẫn đến những sai lầm nhỏ.",1
health_C1_to_df_water,intro,Đó là ngày mà nền tảng sức khỏe của bạn bị suy yếu nghiêm trọng và cơ thể phản ứng với những kích thích dù là nhỏ nhất.,1
health_C1_to_df_water,effect,Nền tảng sức khỏe cực kỳ yếu sẽ tạo ra hàng loạt vấn đề về sức khỏe.,1
health_C1_to_df_water,action,Nhận trợ giúp từ chuyên gia y tế hoặc nghỉ ngơi hoàn toàn ngay hôm nay.,1
health_C1_to_df_water,state,"Vì không tập trung nên các quyết định của bạn dễ bị thay đổi, năng lượng của mưa tuyết không thể xoa dịu được cảm xúc khiến lòng bạn nặng trĩu.",1
health_C1_to_df_wood,intro,Đó là ngày mà nền tảng sức khỏe của bạn bị suy yếu nghiêm trọng và cơ thể phản ứng với những kích thích dù là nhỏ nhất.,1
health_C1_to_df_wood,effect,Nền tảng sức khỏe cực kỳ yếu sẽ tạo ra hàng loạt vấn đề về sức khỏe.,1
health_C1_to_df_wood,action,Nhận trợ giúp từ chuyên gia y tế hoặc nghỉ ngơi hoàn toàn ngay hôm nay.,1
health_C1_to_df_wood,state,Bởi vì bạn không tập trung nên các quyết định của bạn dễ dàng thay đổi và năng lượng của sự thay đổi có thể tiếp tục cản trở các kế hoạch của bạn.,1
health_C1_to_ex_earth,intro,Đó là ngày mà nền tảng sức khỏe của bạn bị suy yếu nghiêm trọng và cơ thể phản ứng với những kích thích dù là nhỏ nhất.,1
health_C1_to_ex_earth,effect,Nền tảng sức khỏe cực kỳ yếu sẽ tạo ra hàng loạt vấn đề về sức khỏe.,1
health_C1_to_ex_earth,action,Nhận trợ giúp từ chuyên gia y tế hoặc nghỉ ngơi hoàn toàn ngay hôm nay.,1
health_C1_to_ex_earth,state,"Thật dễ dàng để bỏ qua những thay đổi đòi hỏi sự định hướng ổn định cứng đầu, và năng lượng vẩn đục có thể làm giảm động lực và khả năng phán đoán của đám mây.",1
health_C1_to_ex_fire,intro,Đó là ngày mà nền tảng sức khỏe của bạn bị suy yếu nghiêm trọng và cơ thể phản ứng với những kích thích dù là nhỏ nhất.,1
health_C1_to_ex_fire,effect,Nền tảng sức khỏe cực kỳ yếu sẽ tạo ra hàng loạt vấn đề về sức khỏe.,1
health_C1_to_ex_fire,action,Nhận trợ giúp từ chuyên gia y tế hoặc nghỉ ngơi hoàn toàn ngay hôm nay.,1
health_C1_to_ex_fire,state,"Người ta dễ bỏ qua những thay đổi đòi hỏi sự ổn định bướng bỉnh, năng lượng phấn khích có thể làm xáo trộn sự bình tĩnh và dẫn đến những sai lầm nhỏ.",1
health_C1_to_ex_water,intro,Đó là ngày mà nền tảng sức khỏe của bạn bị suy yếu nghiêm trọng và cơ thể phản ứng với những kích thích dù là nhỏ nhất.,1
health_C1_to_ex_water,effect,Nền tảng sức khỏe cực kỳ yếu sẽ tạo ra hàng loạt vấn đề về sức khỏe.,1
health_C1_to_ex_water,action,Nhận trợ giúp từ chuyên gia y tế hoặc nghỉ ngơi hoàn toàn ngay hôm nay.,1
health_C1_to_ex_water,state,"Người ta dễ bỏ qua những thay đổi đòi hỏi sự ổn định bướng bỉnh, năng lượng của mưa tuyết có thể không xoa dịu được cảm xúc, khiến lòng bạn nặng trĩu.",1
health_C1_to_ex_wood,intro,Đó là ngày mà nền tảng sức khỏe của bạn bị suy yếu nghiêm trọng và cơ thể phản ứng với những kích thích dù là nhỏ nhất.,1
health_C1_to_ex_wood,effect,Nền tảng sức khỏe cực kỳ yếu sẽ tạo ra hàng loạt vấn đề về sức khỏe.,1
health_C1_to_ex_wood,action,Nhận trợ giúp từ chuyên gia y tế hoặc nghỉ ngơi hoàn toàn ngay hôm nay.,1
health_C1_to_ex_wood,state,Bạn rất dễ bỏ qua những thay đổi đòi hỏi một định hướng ổn định cứng đầu và năng lượng của sự thay đổi có thể tiếp tục cản trở và làm gián đoạn các kế hoạch của bạn.,1
health_D,intro,"Hôm nay năng lượng sức khỏe của bạn đang ở gần mức đáy, vì vậy bạn cần phản ứng ngay lập tức với mọi tín hiệu của cơ thể.",1
health_D,intro,"Hôm nay, thể trạng của bạn rất yếu nên không nên cố gắng quá sức dưới bất kỳ hình thức nào.",1
health_D,effect,"Cơ thể có thể phản ứng mạnh mẽ ngay cả với những đám đông nhỏ, vì vậy điều quan trọng là bạn phải giảm thiểu lịch trình hàng ngày của mình.",1
health_D,effect,"Đó là ngày mà khả năng miễn dịch của bạn bị suy giảm nghiêm trọng, điều này có thể dẫn đến tình trạng thể chất giảm sút nghiêm trọng vào ngày hôm sau.",1
health_D,action,Hôm nay là một ngày dành cho cơ thể bạn và bạn không có lựa chọn nào khác ngoài việc nghỉ ngơi hoàn toàn.,1
health_D,action,"Giảm thiểu mọi hoạt động, giữ ấm và chỉ tập trung vào việc cung cấp nước và dinh dưỡng.",1
health_D_geum_df_earth,intro,Đây là những ngày sức khỏe ở mức tồi tệ nhất và bất kỳ hoạt động thể chất nào cũng có thể nguy hiểm.,1
health_D_geum_df_earth,effect,Thể lực suy giảm trầm trọng khiến mọi hoạt động đều không thể thực hiện được.,1
health_D_geum_df_earth,action,Hãy nghỉ ngơi hoàn toàn ngay hôm nay và gặp bác sĩ nếu cần thiết.,1
health_D_geum_df_earth,state,"Quyết tâm của bạn có thể bị phá vỡ nghiêm trọng, và bất kỳ lựa chọn nào bạn đưa ra đều có thể dẫn đến sự hối tiếc, và năng lượng dày đặc, nhiều mây có thể làm mọi thứ chậm lại rất nhiều.",1
health_D_geum_df_fire,intro,Đây là những ngày sức khỏe ở mức tồi tệ nhất và bất kỳ hoạt động thể chất nào cũng có thể nguy hiểm.,1
health_D_geum_df_fire,effect,Thể lực suy giảm trầm trọng khiến mọi hoạt động đều không thể thực hiện được.,1
health_D_geum_df_fire,action,Hãy nghỉ ngơi hoàn toàn ngay hôm nay và gặp bác sĩ nếu cần thiết.,1
health_D_geum_df_fire,state,"Tính quyết đoán có thể bị suy yếu đi rất nhiều, và bất kỳ lựa chọn nào cũng có thể dẫn đến sự hối tiếc, còn dương mạnh có thể khuyến khích những xung động và dẫn đến những hành động liều lĩnh.",1
health_D_geum_df_water,intro,Đây là những ngày sức khỏe ở mức tồi tệ nhất và bất kỳ hoạt động thể chất nào cũng có thể nguy hiểm.,1
health_D_geum_df_water,effect,Thể lực suy giảm trầm trọng khiến mọi hoạt động đều không thể thực hiện được.,1
health_D_geum_df_water,action,Hãy nghỉ ngơi hoàn toàn ngay hôm nay và gặp bác sĩ nếu cần thiết.,1
health_D_geum_df_water,state,"Sự quyết tâm của bạn có thể bị phá vỡ rất nhiều, và bất kỳ lựa chọn nào bạn đưa ra đều có thể dẫn đến sự hối tiếc, đồng thời sức mạnh của mưa lớn và tuyết có thể khiến cảm xúc của bạn rung chuyển dữ dội, khiến bạn khó kiểm soát được chúng.",1
health_D_geum_df_wood,intro,Đây là những ngày sức khỏe ở mức tồi tệ nhất và bất kỳ hoạt động thể chất nào cũng có thể nguy hiểm.,1
health_D_geum_df_wood,effect,Thể lực suy giảm trầm trọng khiến mọi hoạt động đều không thể thực hiện được.,1
health_D_geum_df_wood,action,Hãy nghỉ ngơi hoàn toàn ngay hôm nay và gặp bác sĩ nếu cần thiết.,1
health_D_geum_df_wood,state,"Quyết tâm của bạn có thể bị phá vỡ nghiêm trọng, bất kỳ lựa chọn nào bạn đưa ra đều có thể kết thúc trong sự hối tiếc, và năng lượng thay đổi khốc liệt có thể khiến mọi dự đoán của bạn đi chệch hướng.",1
health_D_geum_ex_earth,intro,Đây là những ngày sức khỏe ở mức tồi tệ nhất và bất kỳ hoạt động thể chất nào cũng có thể nguy hiểm.,1
health_D_geum_ex_earth,effect,Thể lực suy giảm trầm trọng khiến mọi hoạt động đều không thể thực hiện được.,1
health_D_geum_ex_earth,action,Hãy nghỉ ngơi hoàn toàn ngay hôm nay và gặp bác sĩ nếu cần thiết.,1
health_D_geum_ex_earth,state,"Nếu độ sắc nét đi quá xa, nó có thể tạo ra một vết nứt sâu với môi trường xung quanh, và năng lượng mây mù dày đặc có thể làm mọi thứ chậm lại rất nhiều.",1
health_D_geum_ex_fire,intro,Đây là những ngày sức khỏe ở mức tồi tệ nhất và bất kỳ hoạt động thể chất nào cũng có thể nguy hiểm.,1
health_D_geum_ex_fire,effect,Thể lực suy giảm trầm trọng khiến mọi hoạt động đều không thể thực hiện được.,1
health_D_geum_ex_fire,action,Hãy nghỉ ngơi hoàn toàn ngay hôm nay và gặp bác sĩ nếu cần thiết.,1
health_D_geum_ex_fire,state,"Sự sắc bén có thể đi quá xa và tạo ra những rạn nứt sâu sắc với những người xung quanh, còn dương mạnh có thể khuyến khích những xung động và dẫn đến những hành động liều lĩnh.",1
health_D_geum_ex_water,intro,Đây là những ngày sức khỏe ở mức tồi tệ nhất và bất kỳ hoạt động thể chất nào cũng có thể nguy hiểm.,1
health_D_geum_ex_water,effect,Thể lực suy giảm trầm trọng khiến mọi hoạt động đều không thể thực hiện được.,1
health_D_geum_ex_water,action,Hãy nghỉ ngơi hoàn toàn ngay hôm nay và gặp bác sĩ nếu cần thiết.,1
health_D_geum_ex_water,state,"Độ sắc nét có thể đi quá xa và tạo ra những vết nứt sâu với môi trường xung quanh, đồng thời sức mạnh của mưa lớn và tuyết có thể làm rung chuyển cảm xúc của bạn một cách dữ dội, khiến bạn khó kiểm soát được chúng.",1
health_D_geum_ex_wood,intro,Đây là những ngày sức khỏe ở mức tồi tệ nhất và bất kỳ hoạt động thể chất nào cũng có thể nguy hiểm.,1
health_D_geum_ex_wood,effect,Thể lực suy giảm trầm trọng khiến mọi hoạt động đều không thể thực hiện được.,1
health_D_geum_ex_wood,action,Hãy nghỉ ngơi hoàn toàn ngay hôm nay và gặp bác sĩ nếu cần thiết.,1
health_D_geum_ex_wood,state,"Sự sắc bén có thể đi quá xa và tạo ra những vết nứt sâu với môi trường xung quanh, đồng thời năng lượng thay đổi khốc liệt có thể khiến mọi dự đoán đi chệch hướng.",1
health_D_hwa_df_earth,intro,Đó là một ngày mà sinh lực của bạn hoàn toàn cạn kiệt và toàn bộ cơ thể bạn vô cùng kiệt sức.,1
health_D_hwa_df_earth,effect,Sự cạn kiệt hoàn toàn năng lượng khiến khả năng miễn dịch giảm xuống sàn.,1
health_D_hwa_df_earth,action,Dừng mọi hoạt động và tập trung vào việc nghỉ ngơi và phục hồi ngay lập tức.,1
health_D_hwa_df_earth,state,"Con đường truyền tải cảm xúc của một người hoàn toàn khép kín, điều này có thể làm sâu sắc thêm những hiểu lầm và mất kết nối, đồng thời năng lượng dày đặc, nhiều mây có thể làm mọi thứ chậm lại rất nhiều.",1
health_D_hwa_df_fire,intro,Đó là một ngày mà sinh lực của bạn hoàn toàn cạn kiệt và toàn bộ cơ thể bạn vô cùng kiệt sức.,1
health_D_hwa_df_fire,effect,Sự cạn kiệt hoàn toàn năng lượng khiến khả năng miễn dịch giảm xuống sàn.,1
health_D_hwa_df_fire,action,Dừng mọi hoạt động và tập trung vào việc nghỉ ngơi và phục hồi ngay lập tức.,1
health_D_hwa_df_fire,state,"Con đường truyền đạt cảm xúc của một người hoàn toàn khép kín, điều này có thể làm sâu sắc thêm những hiểu lầm và mất kết nối, đồng thời năng lượng tích cực mạnh mẽ có thể khuyến khích những xung động và dẫn đến những hành động liều lĩnh.",1
health_D_hwa_df_water,intro,Đó là một ngày mà sinh lực của bạn hoàn toàn cạn kiệt và toàn bộ cơ thể bạn vô cùng kiệt sức.,1
health_D_hwa_df_water,effect,Sự cạn kiệt hoàn toàn năng lượng khiến khả năng miễn dịch giảm xuống sàn.,1
health_D_hwa_df_water,action,Dừng mọi hoạt động và tập trung vào việc nghỉ ngơi và phục hồi ngay lập tức.,1
health_D_hwa_df_water,state,"Con đường truyền đạt tình cảm của một người hoàn toàn khép kín, điều này có thể làm sâu sắc thêm những hiểu lầm và mất kết nối, đồng thời sức mạnh của mưa lớn và tuyết có thể làm rung chuyển cảm xúc một cách dữ dội, khiến người ta khó kiểm soát được.",1
health_D_hwa_df_wood,intro,Đó là một ngày mà sinh lực của bạn hoàn toàn cạn kiệt và toàn bộ cơ thể bạn vô cùng kiệt sức.,1
health_D_hwa_df_wood,effect,Sự cạn kiệt hoàn toàn năng lượng khiến khả năng miễn dịch giảm xuống sàn.,1
health_D_hwa_df_wood,action,Dừng mọi hoạt động và tập trung vào việc nghỉ ngơi và phục hồi ngay lập tức.,1
health_D_hwa_df_wood,state,"Con đường truyền đạt tình cảm của một người hoàn toàn khép kín, những hiểu lầm và mất kết nối có thể ngày càng sâu sắc, năng lượng thay đổi khốc liệt có thể khiến mọi dự đoán đi chệch hướng.",1
health_D_hwa_ex_earth,intro,Đó là một ngày mà sinh lực của bạn hoàn toàn cạn kiệt và toàn bộ cơ thể bạn vô cùng kiệt sức.,1
health_D_hwa_ex_earth,effect,Sự cạn kiệt hoàn toàn năng lượng khiến khả năng miễn dịch giảm xuống sàn.,1
health_D_hwa_ex_earth,action,Dừng mọi hoạt động và tập trung vào việc nghỉ ngơi và phục hồi ngay lập tức.,1
health_D_hwa_ex_earth,state,"Cảm xúc quá nóng có thể lan rộng thành một cuộc xung đột không thể khắc phục, và năng lượng mây dày đặc có thể làm mọi thứ chậm lại rất nhiều.",1
health_D_hwa_ex_fire,intro,Đó là một ngày mà sinh lực của bạn hoàn toàn cạn kiệt và toàn bộ cơ thể bạn vô cùng kiệt sức.,1
health_D_hwa_ex_fire,effect,Sự cạn kiệt hoàn toàn năng lượng khiến khả năng miễn dịch giảm xuống sàn.,1
health_D_hwa_ex_fire,action,Dừng mọi hoạt động và tập trung vào việc nghỉ ngơi và phục hồi ngay lập tức.,1
health_D_hwa_ex_fire,state,"Cảm xúc quá nóng có thể dẫn đến xung đột không thể khắc phục, còn dương mạnh có thể khuyến khích những xung động và dẫn đến những hành động liều lĩnh.",1
health_D_hwa_ex_water,intro,Đó là một ngày mà sinh lực của bạn hoàn toàn cạn kiệt và toàn bộ cơ thể bạn vô cùng kiệt sức.,1
health_D_hwa_ex_water,effect,Sự cạn kiệt hoàn toàn năng lượng khiến khả năng miễn dịch giảm xuống sàn.,1
health_D_hwa_ex_water,action,Dừng mọi hoạt động và tập trung vào việc nghỉ ngơi và phục hồi ngay lập tức.,1
health_D_hwa_ex_water,state,"Cảm xúc quá nóng có thể lan rộng thành xung đột không thể hàn gắn, sức mạnh của mưa lớn và tuyết làm rung chuyển cảm xúc một cách dữ dội, khiến việc kiểm soát trở nên khó khăn.",1
health_D_hwa_ex_wood,intro,Đó là một ngày mà sinh lực của bạn hoàn toàn cạn kiệt và toàn bộ cơ thể bạn vô cùng kiệt sức.,1
health_D_hwa_ex_wood,effect,Sự cạn kiệt hoàn toàn năng lượng khiến khả năng miễn dịch giảm xuống sàn.,1
health_D_hwa_ex_wood,action,Dừng mọi hoạt động và tập trung vào việc nghỉ ngơi và phục hồi ngay lập tức.,1
health_D_hwa_ex_wood,state,"Những cảm xúc quá nóng có thể lan rộng thành một cuộc xung đột không thể hàn gắn, và năng lượng thay đổi khốc liệt có thể khiến mọi dự đoán đi chệch hướng.",1
health_D_mok_df_earth,intro,Đây là ngày mà chức năng phục hồi của cơ thể bạn hoàn toàn dừng lại và sức khỏe của bạn sa sút nhanh chóng.,1
health_D_mok_df_earth,effect,Sự suy giảm hoàn toàn khả năng phục hồi khiến sức khỏe tổng thể của bạn gặp nguy hiểm.,1
health_D_mok_df_earth,action,Hãy dừng mọi hoạt động ngay hôm nay và chỉ tập trung vào việc lấy lại sức khỏe.,1
health_D_mok_df_earth,state,"Nỗi sợ hãi hoàn toàn có thể ngăn cản bạn hành động, thậm chí khiến bạn đánh mất cơ hội, và năng lượng mây mù dày đặc có thể làm mọi thứ chậm lại rất nhiều.",1
health_D_mok_df_fire,intro,Đây là ngày mà chức năng phục hồi của cơ thể bạn hoàn toàn dừng lại và sức khỏe của bạn sa sút nhanh chóng.,1
health_D_mok_df_fire,effect,Sự suy giảm hoàn toàn khả năng phục hồi khiến sức khỏe tổng thể của bạn gặp nguy hiểm.,1
health_D_mok_df_fire,action,Hãy dừng mọi hoạt động ngay hôm nay và chỉ tập trung vào việc lấy lại sức khỏe.,1
health_D_mok_df_fire,state,"Sự sợ hãi có thể ngăn cản hoàn toàn một hành động, thậm chí dẫn đến mất đi cơ hội, còn năng lượng tích cực mạnh mẽ có thể khuyến khích những xung động và dẫn đến những hành động liều lĩnh.",1
health_D_mok_df_water,intro,Đây là ngày mà chức năng phục hồi của cơ thể bạn hoàn toàn dừng lại và sức khỏe của bạn sa sút nhanh chóng.,1
health_D_mok_df_water,effect,Sự suy giảm hoàn toàn khả năng phục hồi khiến sức khỏe tổng thể của bạn gặp nguy hiểm.,1
health_D_mok_df_water,action,Hãy dừng mọi hoạt động ngay hôm nay và chỉ tập trung vào việc lấy lại sức khỏe.,1
health_D_mok_df_water,state,"Nỗi sợ hãi hoàn toàn có thể ngăn cản bạn hành động, thậm chí khiến bạn đánh mất cơ hội, đồng thời sức mạnh của mưa lớn và tuyết có thể khiến cảm xúc của bạn rung chuyển đến mức khó kiểm soát được.",1
health_D_mok_df_wood,intro,Đây là ngày mà chức năng phục hồi của cơ thể bạn hoàn toàn dừng lại và sức khỏe của bạn sa sút nhanh chóng.,1
health_D_mok_df_wood,effect,Sự suy giảm hoàn toàn khả năng phục hồi khiến sức khỏe tổng thể của bạn gặp nguy hiểm.,1
health_D_mok_df_wood,action,Hãy dừng mọi hoạt động ngay hôm nay và chỉ tập trung vào việc lấy lại sức khỏe.,1
health_D_mok_df_wood,state,"Sự sợ hãi có thể khiến mọi hành động dừng lại, thậm chí dẫn đến đánh mất cơ hội, năng lượng thay đổi khốc liệt có thể khiến mọi dự đoán đi chệch hướng.",1
health_D_mok_ex_earth,intro,Đây là ngày mà chức năng phục hồi của cơ thể bạn hoàn toàn dừng lại và sức khỏe của bạn sa sút nhanh chóng.,1
health_D_mok_ex_earth,effect,Sự suy giảm hoàn toàn khả năng phục hồi khiến sức khỏe tổng thể của bạn gặp nguy hiểm.,1
health_D_mok_ex_earth,action,Hãy dừng mọi hoạt động ngay hôm nay và chỉ tập trung vào việc lấy lại sức khỏe.,1
health_D_mok_ex_earth,state,"Động lực không thể kiểm soát có thể dẫn đến những tai nạn vô lý, và năng lượng mây mù dày đặc có thể làm mọi thứ chậm lại rất nhiều.",1
health_D_mok_ex_fire,intro,Đây là ngày mà chức năng phục hồi của cơ thể bạn hoàn toàn dừng lại và sức khỏe của bạn sa sút nhanh chóng.,1
health_D_mok_ex_fire,effect,Sự suy giảm hoàn toàn khả năng phục hồi khiến sức khỏe tổng thể của bạn gặp nguy hiểm.,1
health_D_mok_ex_fire,action,Hãy dừng mọi hoạt động ngay hôm nay và chỉ tập trung vào việc lấy lại sức khỏe.,1
health_D_mok_ex_fire,state,"Động lực không thể kiểm soát có thể dẫn đến những tai nạn vô lý, còn năng lượng tích cực mạnh mẽ có thể khuyến khích sự bốc đồng và dẫn đến những hành động liều lĩnh.",1
health_D_mok_ex_water,intro,Đây là ngày mà chức năng phục hồi của cơ thể bạn hoàn toàn dừng lại và sức khỏe của bạn sa sút nhanh chóng.,1
health_D_mok_ex_water,effect,Sự suy giảm hoàn toàn khả năng phục hồi khiến sức khỏe tổng thể của bạn gặp nguy hiểm.,1
health_D_mok_ex_water,action,Hãy dừng mọi hoạt động ngay hôm nay và chỉ tập trung vào việc lấy lại sức khỏe.,1
health_D_mok_ex_water,state,"Động lực không thể kiểm soát có thể dẫn đến những tai nạn vô lý, sức mạnh của mưa lớn và tuyết có thể làm rung chuyển cảm xúc một cách dữ dội, khiến việc kiểm soát trở nên khó khăn.",1
health_D_mok_ex_wood,intro,Đây là ngày mà chức năng phục hồi của cơ thể bạn hoàn toàn dừng lại và sức khỏe của bạn sa sút nhanh chóng.,1
health_D_mok_ex_wood,effect,Sự suy giảm hoàn toàn khả năng phục hồi khiến sức khỏe tổng thể của bạn gặp nguy hiểm.,1
health_D_mok_ex_wood,action,Hãy dừng mọi hoạt động ngay hôm nay và chỉ tập trung vào việc lấy lại sức khỏe.,1
health_D_mok_ex_wood,state,"Động lực không thể kiểm soát có thể dẫn đến những suy nghĩ vô lý, và năng lượng thay đổi khốc liệt có thể khiến mọi dự đoán đi chệch hướng.",1
health_D_su_df_earth,intro,Đó là một ngày mà sự lưu thông trong cơ thể bị tắc nghẽn hoàn toàn và toàn bộ cơ thể vô cùng khó chịu.,1
health_D_su_df_earth,effect,Sự tắc nghẽn hoàn toàn của tuần hoàn làm giảm tất cả các chức năng của cơ thể.,1
health_D_su_df_earth,action,Nhận trợ giúp y tế chuyên nghiệp hoặc nghỉ ngơi nhiều ngay lập tức.,1
health_D_su_df_earth,state,"Một thái độ cứng nhắc sẽ cản trở mọi dòng chảy, khiến cho sự tiến bộ trở nên khó khăn và năng lượng dày đặc, u ám có thể làm mọi thứ chậm lại rất nhiều.",1
health_D_su_df_fire,intro,Đó là một ngày mà sự lưu thông trong cơ thể bị tắc nghẽn hoàn toàn và toàn bộ cơ thể vô cùng khó chịu.,1
health_D_su_df_fire,effect,Sự tắc nghẽn hoàn toàn của tuần hoàn làm giảm tất cả các chức năng của cơ thể.,1
health_D_su_df_fire,action,Nhận trợ giúp y tế chuyên nghiệp hoặc nghỉ ngơi nhiều ngay lập tức.,1
health_D_su_df_fire,state,"Một thái độ cứng nhắc sẽ cản trở mọi dòng chảy, khiến cho sự tiến bộ trở nên khó khăn và năng lượng tích cực mạnh mẽ có thể khuyến khích những xung động và dẫn đến những hành động liều lĩnh.",1
health_D_su_df_water,intro,Đó là một ngày mà sự lưu thông trong cơ thể bị tắc nghẽn hoàn toàn và toàn bộ cơ thể vô cùng khó chịu.,1
health_D_su_df_water,effect,Sự tắc nghẽn hoàn toàn của tuần hoàn làm giảm tất cả các chức năng của cơ thể.,1
health_D_su_df_water,action,Nhận trợ giúp y tế chuyên nghiệp hoặc nghỉ ngơi nhiều ngay lập tức.,1
health_D_su_df_water,state,"Một thái độ cứng nhắc chặn đứng mọi dòng chảy, khiến việc tiến bộ trở nên khó khăn, còn sức mạnh của mưa tuyết làm rung chuyển cảm xúc một cách dữ dội, khiến việc kiểm soát trở nên khó khăn.",1
health_D_su_df_wood,intro,Đó là một ngày mà sự lưu thông trong cơ thể bị tắc nghẽn hoàn toàn và toàn bộ cơ thể vô cùng khó chịu.,1
health_D_su_df_wood,effect,Sự tắc nghẽn hoàn toàn của tuần hoàn làm giảm tất cả các chức năng của cơ thể.,1
health_D_su_df_wood,action,Nhận trợ giúp y tế chuyên nghiệp hoặc nghỉ ngơi nhiều ngay lập tức.,1
health_D_su_df_wood,state,"Một thái độ cứng nhắc sẽ cản trở mọi dòng chảy, khiến cho sự tiến bộ trở nên khó khăn và năng lượng thay đổi khốc liệt có thể khiến mọi dự đoán đi chệch hướng.",1
health_D_su_ex_earth,intro,Đó là một ngày mà sự lưu thông trong cơ thể bị tắc nghẽn hoàn toàn và toàn bộ cơ thể vô cùng khó chịu.,1
health_D_su_ex_earth,effect,Sự tắc nghẽn hoàn toàn của tuần hoàn làm giảm tất cả các chức năng của cơ thể.,1
health_D_su_ex_earth,action,Nhận trợ giúp y tế chuyên nghiệp hoặc nghỉ ngơi nhiều ngay lập tức.,1
health_D_su_ex_earth,state,"Dòng cảm xúc có thể lấn át lý trí và dẫn đến những sai lầm lớn, còn năng lượng dày đặc, u ám có thể làm mọi thứ chậm lại rất nhiều.",1
health_D_su_ex_fire,intro,Đó là một ngày mà sự lưu thông trong cơ thể bị tắc nghẽn hoàn toàn và toàn bộ cơ thể vô cùng khó chịu.,1
health_D_su_ex_fire,effect,Sự tắc nghẽn hoàn toàn của tuần hoàn làm giảm tất cả các chức năng của cơ thể.,1
health_D_su_ex_fire,action,Nhận trợ giúp y tế chuyên nghiệp hoặc nghỉ ngơi nhiều ngay lập tức.,1
health_D_su_ex_fire,state,"Một dòng cảm xúc có thể lấn át lý trí và dẫn đến những sai lầm lớn, còn năng lượng tích cực mạnh mẽ có thể khuyến khích những xung động và dẫn đến những hành động liều lĩnh.",1
health_D_su_ex_water,intro,Đó là một ngày mà sự lưu thông trong cơ thể bị tắc nghẽn hoàn toàn và toàn bộ cơ thể vô cùng khó chịu.,1
health_D_su_ex_water,effect,Sự tắc nghẽn hoàn toàn của tuần hoàn làm giảm tất cả các chức năng của cơ thể.,1
health_D_su_ex_water,action,Nhận trợ giúp y tế chuyên nghiệp hoặc nghỉ ngơi nhiều ngay lập tức.,1
health_D_su_ex_water,state,"Một dòng cảm xúc có thể lấn át lý trí và dẫn đến những sai lầm lớn, đồng thời sức mạnh của mưa to và tuyết có thể làm rung chuyển cảm xúc một cách dữ dội, khiến bạn khó kiểm soát được chúng.",1
health_D_su_ex_wood,intro,Đó là một ngày mà sự lưu thông trong cơ thể bị tắc nghẽn hoàn toàn và toàn bộ cơ thể vô cùng khó chịu.,1
health_D_su_ex_wood,effect,Sự tắc nghẽn hoàn toàn của tuần hoàn làm giảm tất cả các chức năng của cơ thể.,1
health_D_su_ex_wood,action,Nhận trợ giúp y tế chuyên nghiệp hoặc nghỉ ngơi nhiều ngay lập tức.,1
health_D_su_ex_wood,state,"Một dòng cảm xúc có thể lấn át lý trí và dẫn đến sai lầm lớn, còn năng lượng thay đổi khốc liệt có thể khiến mọi dự đoán đi chệch hướng.",1
health_D_to_df_earth,intro,Đó là ngày mà nền tảng sức khỏe bị phá vỡ hoàn toàn và mọi hoạt động đều nguy hiểm.,1
health_D_to_df_earth,effect,Sự bất ổn về sức khỏe cực độ có thể tạo ra một tình trạng không thể đảo ngược.,1
health_D_to_df_earth,action,Hãy nghỉ ngơi hoàn toàn ngay hôm nay và tìm kiếm sự trợ giúp y tế ngay lập tức nếu cần thiết.,1
health_D_to_df_earth,state,"Bạn hoàn toàn có thể mất thăng bằng và mọi thứ có thể mất kiểm soát, năng lượng mây dày đặc có thể làm mọi thứ chậm lại rất nhiều.",1
health_D_to_df_fire,intro,Đó là ngày mà nền tảng sức khỏe bị phá vỡ hoàn toàn và mọi hoạt động đều nguy hiểm.,1
health_D_to_df_fire,effect,Sự bất ổn về sức khỏe cực độ có thể tạo ra một tình trạng không thể đảo ngược.,1
health_D_to_df_fire,action,Hãy nghỉ ngơi hoàn toàn ngay hôm nay và tìm kiếm sự trợ giúp y tế ngay lập tức nếu cần thiết.,1
health_D_to_df_fire,state,"Nếu bạn hoàn toàn mất thăng bằng, mọi thứ có thể mất kiểm soát và năng lượng dương mạnh có thể khuyến khích những xung động và dẫn bạn đến những hành động liều lĩnh.",1
health_D_to_df_water,intro,Đó là ngày mà nền tảng sức khỏe bị phá vỡ hoàn toàn và mọi hoạt động đều nguy hiểm.,1
health_D_to_df_water,effect,Sự bất ổn về sức khỏe cực độ có thể tạo ra một tình trạng không thể đảo ngược.,1
health_D_to_df_water,action,Hãy nghỉ ngơi hoàn toàn ngay hôm nay và tìm kiếm sự trợ giúp y tế ngay lập tức nếu cần thiết.,1
health_D_to_df_water,state,"Bạn hoàn toàn có thể mất thăng bằng và mọi thứ có thể mất kiểm soát, đồng thời sức mạnh của mưa lớn và tuyết có thể khiến cảm xúc của bạn rung chuyển đến mức khó kiểm soát được.",1
health_D_to_df_wood,intro,Đó là ngày mà nền tảng sức khỏe bị phá vỡ hoàn toàn và mọi hoạt động đều nguy hiểm.,1
health_D_to_df_wood,effect,Sự bất ổn về sức khỏe cực độ có thể tạo ra một tình trạng không thể đảo ngược.,1
health_D_to_df_wood,action,Hãy nghỉ ngơi hoàn toàn ngay hôm nay và tìm kiếm sự trợ giúp y tế ngay lập tức nếu cần thiết.,1
health_D_to_df_wood,state,"Nếu bạn hoàn toàn mất thăng bằng, mọi thứ có thể mất kiểm soát và năng lượng thay đổi dữ dội có thể khiến mọi dự đoán của bạn đi chệch hướng.",1
health_D_to_ex_earth,intro,Đó là ngày mà nền tảng sức khỏe bị phá vỡ hoàn toàn và mọi hoạt động đều nguy hiểm.,1
health_D_to_ex_earth,effect,Sự bất ổn về sức khỏe cực độ có thể tạo ra một tình trạng không thể đảo ngược.,1
health_D_to_ex_earth,action,Hãy nghỉ ngơi hoàn toàn ngay hôm nay và tìm kiếm sự trợ giúp y tế ngay lập tức nếu cần thiết.,1
health_D_to_ex_earth,state,"Việc từ chối thay đổi có thể khiến khủng hoảng leo thang và khiến việc phục hồi trở nên khó khăn, đồng thời bầu không khí dày đặc, nhiều mây có thể làm mọi thứ chậm lại rất nhiều.",1
health_D_to_ex_fire,intro,Đó là ngày mà nền tảng sức khỏe bị phá vỡ hoàn toàn và mọi hoạt động đều nguy hiểm.,1
health_D_to_ex_fire,effect,Sự bất ổn về sức khỏe cực độ có thể tạo ra một tình trạng không thể đảo ngược.,1
health_D_to_ex_fire,action,Hãy nghỉ ngơi hoàn toàn ngay hôm nay và tìm kiếm sự trợ giúp y tế ngay lập tức nếu cần thiết.,1
health_D_to_ex_fire,state,"Việc từ chối thay đổi có thể khiến khủng hoảng leo thang và khiến việc phục hồi trở nên khó khăn, đồng thời năng lượng tích cực mạnh mẽ có thể khuyến khích những xung động và dẫn đến những hành động liều lĩnh.",1
health_D_to_ex_water,intro,Đó là ngày mà nền tảng sức khỏe bị phá vỡ hoàn toàn và mọi hoạt động đều nguy hiểm.,1
health_D_to_ex_water,effect,Sự bất ổn về sức khỏe cực độ có thể tạo ra một tình trạng không thể đảo ngược.,1
health_D_to_ex_water,action,Hãy nghỉ ngơi hoàn toàn ngay hôm nay và tìm kiếm sự trợ giúp y tế ngay lập tức nếu cần thiết.,1
health_D_to_ex_water,state,"Việc từ chối thay đổi có thể khiến khủng hoảng leo thang và khó phục hồi, đồng thời sức mạnh của mưa lớn và tuyết có thể làm rung chuyển cảm xúc một cách dữ dội, khiến việc kiểm soát trở nên khó khăn.",1
health_D_to_ex_wood,intro,Đó là ngày mà nền tảng sức khỏe bị phá vỡ hoàn toàn và mọi hoạt động đều nguy hiểm.,1
health_D_to_ex_wood,effect,Sự bất ổn về sức khỏe cực độ có thể tạo ra một tình trạng không thể đảo ngược.,1
health_D_to_ex_wood,action,Hãy nghỉ ngơi hoàn toàn ngay hôm nay và tìm kiếm sự trợ giúp y tế ngay lập tức nếu cần thiết.,1
health_D_to_ex_wood,state,"Việc từ chối thay đổi có thể khiến khủng hoảng leo thang và khiến việc phục hồi trở nên khó khăn, đồng thời sức mạnh mãnh liệt của sự thay đổi có thể khiến mọi dự đoán đều sai lầm.",1
