code,type,text,weight
overall_A,intro,Aujourd’hui est un jour où votre énergie s’ouvre et où vous pouvez tout essayer en toute confiance.,1
overall_A,intro,"Aujourd’hui, c’est la meilleure fortune avec de bons courants venant de toutes les directions.",1
overall_A,effect,"Plus vous serez proactif, plus les résultats seront importants et plus la coopération brillera.",1
overall_A,effect,Les choses que vous commencez aujourd’hui donneront probablement de bons résultats plus tard.,1
overall_A,action,"Si vous n'hésitez pas et faites le premier pas, la chance d'aujourd'hui vous soutiendra de toutes vos forces.",1
overall_A,action,Aujourd’hui est le meilleur jour pour commencer un défi important que vous avez reporté.,1
overall_A_geum_df_earth,intro,Aujourd’hui est un jour où toute votre fortune est claire et où vous êtes globalement dans la meilleure condition.,1
overall_A_geum_df_earth,effect,Une forte augmentation de la chance globale produit de bons résultats dans tous les domaines.,1
overall_A_geum_df_earth,action,"Si vous prenez des mesures audacieuses aujourd’hui, les résultats dépasseront vos attentes.",1
overall_A_geum_df_earth,state,"Un jugement calme augmente la prudence, conduisant à une vision profonde, et une énergie calme augmente la prudence, conduisant à de bons résultats.",1
overall_A_geum_df_fire,intro,Aujourd’hui est un jour où toute votre fortune est claire et où vous êtes globalement dans la meilleure condition.,1
overall_A_geum_df_fire,effect,Une forte augmentation de la chance globale produit de bons résultats dans tous les domaines.,1
overall_A_geum_df_fire,action,"Si vous prenez des mesures audacieuses aujourd’hui, les résultats dépasseront vos attentes.",1
overall_A_geum_df_fire,state,"Un jugement calme augmente la prudence, conduit à une vision profonde, et une énergie claire augmente la vitalité et crée un bon flux.",1
overall_A_geum_df_water,intro,Aujourd’hui est un jour où toute votre fortune est claire et où vous êtes globalement dans la meilleure condition.,1
overall_A_geum_df_water,effect,Une forte augmentation de la chance globale produit de bons résultats dans tous les domaines.,1
overall_A_geum_df_water,action,"Si vous prenez des mesures audacieuses aujourd’hui, les résultats dépasseront vos attentes.",1
overall_A_geum_df_water,state,"Un jugement calme augmente la prudence et conduit à une vision profonde, tandis qu'une énergie humide affine profondément l'esprit et ouvre une vision claire.",1
overall_A_geum_df_wood,intro,Aujourd’hui est un jour où toute votre fortune est claire et où vous êtes globalement dans la meilleure condition.,1
overall_A_geum_df_wood,effect,Une forte augmentation de la chance globale produit de bons résultats dans tous les domaines.,1
overall_A_geum_df_wood,action,"Si vous prenez des mesures audacieuses aujourd’hui, les résultats dépasseront vos attentes.",1
overall_A_geum_df_wood,state,"Un jugement calme augmente la prudence, conduit à une vision profonde et une énergie dynamique ouvre de nouvelles possibilités.",1
overall_A_geum_ex_earth,intro,Aujourd’hui est un jour où toute votre fortune est claire et où vous êtes globalement dans la meilleure condition.,1
overall_A_geum_ex_earth,effect,Une forte augmentation de la chance globale produit de bons résultats dans tous les domaines.,1
overall_A_geum_ex_earth,action,"Si vous prenez des mesures audacieuses aujourd’hui, les résultats dépasseront vos attentes.",1
overall_A_geum_ex_earth,state,"Un jugement pointu pénètre jusqu'au cœur et conduit à des conclusions claires, et une énergie calme augmente la prudence, conduisant à de bons résultats.",1
overall_A_geum_ex_fire,intro,Aujourd’hui est un jour où toute votre fortune est claire et où vous êtes globalement dans la meilleure condition.,1
overall_A_geum_ex_fire,effect,Une forte augmentation de la chance globale produit de bons résultats dans tous les domaines.,1
overall_A_geum_ex_fire,action,"Si vous prenez des mesures audacieuses aujourd’hui, les résultats dépasseront vos attentes.",1
overall_A_geum_ex_fire,state,"Un jugement pointu pénètre au cœur et tire des conclusions claires, et une énergie claire stimule la vitalité et crée un bon flux.",1
overall_A_geum_ex_water,intro,Aujourd’hui est un jour où toute votre fortune est claire et où vous êtes globalement dans la meilleure condition.,1
overall_A_geum_ex_water,effect,Une forte augmentation de la chance globale produit de bons résultats dans tous les domaines.,1
overall_A_geum_ex_water,action,"Si vous prenez des mesures audacieuses aujourd’hui, les résultats dépasseront vos attentes.",1
overall_A_geum_ex_water,state,"Un jugement pointu pénètre au cœur et tire des conclusions claires, et l'énergie humide affine profondément l'esprit et ouvre une vision claire.",1
overall_A_geum_ex_wood,intro,Aujourd’hui est un jour où toute votre fortune est claire et où vous êtes globalement dans la meilleure condition.,1
overall_A_geum_ex_wood,effect,Une forte augmentation de la chance globale produit de bons résultats dans tous les domaines.,1
overall_A_geum_ex_wood,action,"Si vous prenez des mesures audacieuses aujourd’hui, les résultats dépasseront vos attentes.",1
overall_A_geum_ex_wood,state,"Un jugement pointu pénètre jusqu'au cœur et tire des conclusions claires, et l'énergie dynamique ouvre de nouvelles possibilités.",1
overall_A_hwa_df_earth,intro,C'est une journée lumineuse avec une bonne énergie venant de toutes les directions.,1
overall_A_hwa_df_earth,effect,L'énergie dans toutes les directions est maximisée et tout se passe bien.,1
overall_A_hwa_df_earth,action,Essayez aujourd'hui ce que vous vouliez le plus faire.,1
overall_A_hwa_df_earth,state,"Un moi intérieur calme vous donne le pouvoir d’exprimer pleinement votre sincérité, et une énergie calme augmente la prudence, conduisant à de bons résultats.",1
overall_A_hwa_df_fire,intro,C'est une journée lumineuse avec une bonne énergie venant de toutes les directions.,1
overall_A_hwa_df_fire,effect,L'énergie dans toutes les directions est maximisée et tout se passe bien.,1
overall_A_hwa_df_fire,action,Essayez aujourd'hui ce que vous vouliez le plus faire.,1
overall_A_hwa_df_fire,state,"Un moi intérieur calme vous donne le pouvoir d’exprimer pleinement votre sincérité, et une énergie claire stimule votre vitalité et crée un bon flux.",1
overall_A_hwa_df_water,intro,C'est une journée lumineuse avec une bonne énergie venant de toutes les directions.,1
overall_A_hwa_df_water,effect,L'énergie dans toutes les directions est maximisée et tout se passe bien.,1
overall_A_hwa_df_water,action,Essayez aujourd'hui ce que vous vouliez le plus faire.,1
overall_A_hwa_df_water,state,"Un moi intérieur calme vous donne le pouvoir d’exprimer pleinement vos vrais sentiments, et une énergie humide affine profondément votre esprit et ouvre une vision claire.",1
overall_A_hwa_df_wood,intro,C'est une journée lumineuse avec une bonne énergie venant de toutes les directions.,1
overall_A_hwa_df_wood,effect,L'énergie dans toutes les directions est maximisée et tout se passe bien.,1
overall_A_hwa_df_wood,action,Essayez aujourd'hui ce que vous vouliez le plus faire.,1
overall_A_hwa_df_wood,state,Un moi intérieur calme vous donne le pouvoir d’exprimer pleinement votre sincérité et une énergie dynamique ouvre de nouvelles possibilités.,1
overall_A_hwa_ex_earth,intro,C'est une journée lumineuse avec une bonne énergie venant de toutes les directions.,1
overall_A_hwa_ex_earth,effect,L'énergie dans toutes les directions est maximisée et tout se passe bien.,1
overall_A_hwa_ex_earth,action,Essayez aujourd'hui ce que vous vouliez le plus faire.,1
overall_A_hwa_ex_earth,state,"Une passion débordante augmente considérablement l'élan et crée un bon flux, et une énergie calme augmente la prudence, conduisant à de bons résultats.",1
overall_A_hwa_ex_fire,intro,C'est une journée lumineuse avec une bonne énergie venant de toutes les directions.,1
overall_A_hwa_ex_fire,effect,L'énergie dans toutes les directions est maximisée et tout se passe bien.,1
overall_A_hwa_ex_fire,action,Essayez aujourd'hui ce que vous vouliez le plus faire.,1
overall_A_hwa_ex_fire,state,"Une passion débordante augmente considérablement la force motrice et crée un bon flux, et une énergie claire augmente la vitalité et crée un bon flux.",1
overall_A_hwa_ex_water,intro,C'est une journée lumineuse avec une bonne énergie venant de toutes les directions.,1
overall_A_hwa_ex_water,effect,L'énergie dans toutes les directions est maximisée et tout se passe bien.,1
overall_A_hwa_ex_water,action,Essayez aujourd'hui ce que vous vouliez le plus faire.,1
overall_A_hwa_ex_water,state,"La passion débordante augmente considérablement la force motrice et crée un bon flux, et l'énergie humide affine profondément l'esprit et ouvre une vision claire.",1
overall_A_hwa_ex_wood,intro,C'est une journée lumineuse avec une bonne énergie venant de toutes les directions.,1
overall_A_hwa_ex_wood,effect,L'énergie dans toutes les directions est maximisée et tout se passe bien.,1
overall_A_hwa_ex_wood,action,Essayez aujourd'hui ce que vous vouliez le plus faire.,1
overall_A_hwa_ex_wood,state,"Une passion débordante augmente considérablement la force motrice, créant un bon flux, et l'énergie dynamique ouvre de nouvelles possibilités.",1
overall_A_mok_df_earth,intro,C’est un jour où l’horoscope global est rempli d’énergie de croissance et d’opportunités de développement.,1
overall_A_mok_df_earth,effect,L’énergie de croissance globale crée des opportunités dans tous les domaines.,1
overall_A_mok_df_earth,action,"Si vous relevez activement de nouveaux défis, de bons résultats suivront.",1
overall_A_mok_df_earth,state,"Une approche prudente crée en fait un bon départ, et une énergie calme augmente la prudence, conduisant à de bons résultats.",1
overall_A_mok_df_fire,intro,C’est un jour où l’horoscope global est rempli d’énergie de croissance et d’opportunités de développement.,1
overall_A_mok_df_fire,effect,L’énergie de croissance globale crée des opportunités dans tous les domaines.,1
overall_A_mok_df_fire,action,"Si vous relevez activement de nouveaux défis, de bons résultats suivront.",1
overall_A_mok_df_fire,state,"Une approche prudente crée en fait un bon départ, et une énergie claire stimule la vitalité et crée un bon flux.",1
overall_A_mok_df_water,intro,C’est un jour où l’horoscope global est rempli d’énergie de croissance et d’opportunités de développement.,1
overall_A_mok_df_water,effect,L’énergie de croissance globale crée des opportunités dans tous les domaines.,1
overall_A_mok_df_water,action,"Si vous relevez activement de nouveaux défis, de bons résultats suivront.",1
overall_A_mok_df_water,state,"Une approche prudente crée en fait un bon départ, et l’énergie humide affine profondément l’esprit et ouvre une vision claire.",1
overall_A_mok_df_wood,intro,C’est un jour où l’horoscope global est rempli d’énergie de croissance et d’opportunités de développement.,1
overall_A_mok_df_wood,effect,L’énergie de croissance globale crée des opportunités dans tous les domaines.,1
overall_A_mok_df_wood,action,"Si vous relevez activement de nouveaux défis, de bons résultats suivront.",1
overall_A_mok_df_wood,state,Une approche prudente crée un bon départ et une énergie dynamique ouvre de nouvelles possibilités.,1
overall_A_mok_ex_earth,intro,C’est un jour où l’horoscope global est rempli d’énergie de croissance et d’opportunités de développement.,1
overall_A_mok_ex_earth,effect,L’énergie de croissance globale crée des opportunités dans tous les domaines.,1
overall_A_mok_ex_earth,action,"Si vous relevez activement de nouveaux défis, de bons résultats suivront.",1
overall_A_mok_ex_earth,state,"Une forte volonté ouvre activement de nouvelles opportunités et une énergie calme augmente la prudence, conduisant à de bons résultats.",1
overall_A_mok_ex_fire,intro,C’est un jour où l’horoscope global est rempli d’énergie de croissance et d’opportunités de développement.,1
overall_A_mok_ex_fire,effect,L’énergie de croissance globale crée des opportunités dans tous les domaines.,1
overall_A_mok_ex_fire,action,"Si vous relevez activement de nouveaux défis, de bons résultats suivront.",1
overall_A_mok_ex_fire,state,"Une forte volonté ouvre activement de nouvelles opportunités, et une énergie claire augmente la vitalité et crée une bonne circulation.",1
overall_A_mok_ex_water,intro,C’est un jour où l’horoscope global est rempli d’énergie de croissance et d’opportunités de développement.,1
overall_A_mok_ex_water,effect,L’énergie de croissance globale crée des opportunités dans tous les domaines.,1
overall_A_mok_ex_water,action,"Si vous relevez activement de nouveaux défis, de bons résultats suivront.",1
overall_A_mok_ex_water,state,"Une forte volonté ouvre activement de nouvelles opportunités, et l’énergie humide affine profondément l’esprit et ouvre une vision claire.",1
overall_A_mok_ex_wood,intro,C’est un jour où l’horoscope global est rempli d’énergie de croissance et d’opportunités de développement.,1
overall_A_mok_ex_wood,effect,L’énergie de croissance globale crée des opportunités dans tous les domaines.,1
overall_A_mok_ex_wood,action,"Si vous relevez activement de nouveaux défis, de bons résultats suivront.",1
overall_A_mok_ex_wood,state,Une forte volonté ouvre activement de nouvelles opportunités et une énergie dynamique ouvre de nouvelles possibilités.,1
overall_A_su_df_earth,intro,"Tout se déroule naturellement, rendant toute la journée fluide.",1
overall_A_su_df_earth,effect,Le flux ininterrompu de la fortune porte tous vos efforts à terme.,1
overall_A_su_df_earth,action,"Si vous suivez le courant et bougez naturellement, vous obtiendrez les résultats souhaités.",1
overall_A_su_df_earth,state,"Un centre solide vous aide à maintenir votre direction sans vaciller, et une énergie calme augmente la prudence, conduisant à de bons résultats.",1
overall_A_su_df_fire,intro,"Tout se déroule naturellement, rendant toute la journée fluide.",1
overall_A_su_df_fire,effect,Le flux ininterrompu de la fortune porte tous vos efforts à terme.,1
overall_A_su_df_fire,action,"Si vous suivez le courant et bougez naturellement, vous obtiendrez les résultats souhaités.",1
overall_A_su_df_fire,state,"Un centre solide vous maintient dans la bonne direction sans vaciller, et une énergie claire stimule votre vitalité et crée un bon flux.",1
overall_A_su_df_water,intro,"Tout se déroule naturellement, rendant toute la journée fluide.",1
overall_A_su_df_water,effect,Le flux ininterrompu de la fortune porte tous vos efforts à terme.,1
overall_A_su_df_water,action,"Si vous suivez le courant et bougez naturellement, vous obtiendrez les résultats souhaités.",1
overall_A_su_df_water,state,"Un centre solide vous aide à garder votre direction sans vaciller, et l’énergie humide affine profondément votre esprit et ouvre une vision claire.",1
overall_A_su_df_wood,intro,"Tout se déroule naturellement, rendant toute la journée fluide.",1
overall_A_su_df_wood,effect,Le flux ininterrompu de la fortune porte tous vos efforts à terme.,1
overall_A_su_df_wood,action,"Si vous suivez le courant et bougez naturellement, vous obtiendrez les résultats souhaités.",1
overall_A_su_df_wood,state,Un centre solide maintient la direction sans vaciller et l'énergie dynamique ouvre de nouvelles possibilités.,1
overall_A_su_ex_earth,intro,"Tout se déroule naturellement, rendant toute la journée fluide.",1
overall_A_su_ex_earth,effect,Le flux ininterrompu de la fortune porte tous vos efforts à terme.,1
overall_A_su_ex_earth,action,"Si vous suivez le courant et bougez naturellement, vous obtiendrez les résultats souhaités.",1
overall_A_su_ex_earth,state,"Une sensibilité riche conduit à une vision profonde et aide au bon jugement, et une énergie calme augmente la prudence, conduisant à de bons résultats.",1
overall_A_su_ex_fire,intro,"Tout se déroule naturellement, rendant toute la journée fluide.",1
overall_A_su_ex_fire,effect,Le flux ininterrompu de la fortune porte tous vos efforts à terme.,1
overall_A_su_ex_fire,action,"Si vous suivez le courant et bougez naturellement, vous obtiendrez les résultats souhaités.",1
overall_A_su_ex_fire,state,"Une sensibilité riche conduit à une vision profonde et aide à prendre de bonnes décisions, et une énergie claire augmente la vitalité et crée un bon flux.",1
overall_A_su_ex_water,intro,"Tout se déroule naturellement, rendant toute la journée fluide.",1
overall_A_su_ex_water,effect,Le flux ininterrompu de la fortune porte tous vos efforts à terme.,1
overall_A_su_ex_water,action,"Si vous suivez le courant et bougez naturellement, vous obtiendrez les résultats souhaités.",1
overall_A_su_ex_water,state,"Une sensibilité riche conduit à une vision profonde et aide au bon jugement, et l’énergie humide affine profondément l’esprit et ouvre une vision claire.",1
overall_A_su_ex_wood,intro,"Tout se déroule naturellement, rendant toute la journée fluide.",1
overall_A_su_ex_wood,effect,Le flux ininterrompu de la fortune porte tous vos efforts à terme.,1
overall_A_su_ex_wood,action,"Si vous suivez le courant et bougez naturellement, vous obtiendrez les résultats souhaités.",1
overall_A_su_ex_wood,state,"Une sensibilité riche conduit à une vision profonde et aide à prendre de bonnes décisions, et une énergie dynamique ouvre de nouvelles possibilités.",1
overall_A_to_df_earth,intro,C’est une journée paisible et stable avec une énergie globale apaisante débordant tout au long de la journée.,1
overall_A_to_df_earth,effect,Une base financière globale solide garantit des performances stables dans tous les domaines.,1
overall_A_to_df_earth,action,"Si vous avancez avec prudence et cohérence, vous obtiendrez des résultats tangibles.",1
overall_A_to_df_earth,state,"Une attitude flexible vous permet d'accepter naturellement les nouvelles tendances, et une énergie calme augmente la prudence, conduisant à de bons résultats.",1
overall_A_to_df_fire,intro,C’est une journée paisible et stable avec une énergie globale apaisante débordant tout au long de la journée.,1
overall_A_to_df_fire,effect,Une base financière globale solide garantit des performances stables dans tous les domaines.,1
overall_A_to_df_fire,action,"Si vous avancez avec prudence et cohérence, vous obtiendrez des résultats tangibles.",1
overall_A_to_df_fire,state,"Une attitude flexible vous permet d’accepter naturellement les nouvelles tendances, et une énergie claire augmente la vitalité et crée une bonne circulation.",1
overall_A_to_df_water,intro,C’est une journée paisible et stable avec une énergie globale apaisante débordant tout au long de la journée.,1
overall_A_to_df_water,effect,Une base financière globale solide garantit des performances stables dans tous les domaines.,1
overall_A_to_df_water,action,"Si vous avancez avec prudence et cohérence, vous obtiendrez des résultats tangibles.",1
overall_A_to_df_water,state,"Une attitude flexible vous permet d’accepter naturellement les nouvelles tendances, et l’énergie humide affine profondément votre esprit et ouvre une vision claire.",1
overall_A_to_df_wood,intro,C’est une journée paisible et stable avec une énergie globale apaisante débordant tout au long de la journée.,1
overall_A_to_df_wood,effect,Une base financière globale solide garantit des performances stables dans tous les domaines.,1
overall_A_to_df_wood,action,"Si vous avancez avec prudence et cohérence, vous obtiendrez des résultats tangibles.",1
overall_A_to_df_wood,state,"Une attitude flexible vous permet d'accepter naturellement les nouvelles tendances, et une énergie dynamique ouvre de nouvelles possibilités.",1
overall_A_to_ex_earth,intro,C’est une journée paisible et stable avec une énergie globale apaisante débordant tout au long de la journée.,1
overall_A_to_ex_earth,effect,Une base financière globale solide garantit des performances stables dans tous les domaines.,1
overall_A_to_ex_earth,action,"Si vous avancez avec prudence et cohérence, vous obtiendrez des résultats tangibles.",1
overall_A_to_ex_earth,state,"Un fort sentiment de stabilité devient une base solide pour tout, et une énergie calme augmente la prudence, conduisant à de bons résultats.",1
overall_A_to_ex_fire,intro,C’est une journée paisible et stable avec une énergie globale apaisante débordant tout au long de la journée.,1
overall_A_to_ex_fire,effect,Une base financière globale solide garantit des performances stables dans tous les domaines.,1
overall_A_to_ex_fire,action,"Si vous avancez avec prudence et cohérence, vous obtiendrez des résultats tangibles.",1
overall_A_to_ex_fire,state,"Un fort sentiment de stabilité devient une base solide pour tout, et une énergie claire stimule la vitalité et crée une bonne circulation.",1
overall_A_to_ex_water,intro,C’est une journée paisible et stable avec une énergie globale apaisante débordant tout au long de la journée.,1
overall_A_to_ex_water,effect,Une base financière globale solide garantit des performances stables dans tous les domaines.,1
overall_A_to_ex_water,action,"Si vous avancez avec prudence et cohérence, vous obtiendrez des résultats tangibles.",1
overall_A_to_ex_water,state,"Un fort sentiment de stabilité devient une base solide pour tout, et l’énergie humide affine profondément l’esprit et ouvre une vision claire.",1
overall_A_to_ex_wood,intro,C’est une journée paisible et stable avec une énergie globale apaisante débordant tout au long de la journée.,1
overall_A_to_ex_wood,effect,Une base financière globale solide garantit des performances stables dans tous les domaines.,1
overall_A_to_ex_wood,action,"Si vous avancez avec prudence et cohérence, vous obtiendrez des résultats tangibles.",1
overall_A_to_ex_wood,state,"Un fort sentiment de stabilité constitue une base solide pour tout, et une énergie dynamique ouvre de nouvelles possibilités.",1
overall_B,intro,"Aujourd’hui, la première moitié de la journée se passe bien et il y a un bon déroulement.",1
overall_B,intro,"Aujourd’hui, votre énergie restera stable, vous permettant de poursuivre sereinement les choses que vous souhaitez faire.",1
overall_B,effect,"Si vous y prêtez un peu plus attention, il est possible que vous obteniez des résultats dépassant vos attentes.",1
overall_B,effect,Les grandes et petites tendances jouent généralement en votre faveur.,1
overall_B,action,L’efficacité augmentera si vous vous attaquez d’abord aux tâches les plus importantes lorsque vous disposez d’une bonne énergie aujourd’hui.,1
overall_B,action,"Puisque vous êtes plus motivé que d’habitude, essayez de vous concentrer sur la résolution des tâches que vous avez reportées une par une.",1
overall_B_geum_df_earth,intro,L’horoscope global est bon et la majeure partie de la journée se déroule sans problème.,1
overall_B_geum_df_earth,effect,Une chance globale stable soutient de bons résultats dans les activités clés.,1
overall_B_geum_df_earth,action,Concentrez-vous sur les activités importantes et obtenez des résultats stables.,1
overall_B_geum_df_earth,state,"Même si votre détermination s'émousse quelque peu, le déroulement de la vie quotidienne se poursuit sans problème et l'énergie nuageuse s'ajoute à l'atmosphère calme, créant un sentiment de tranquillité.",1
overall_B_geum_df_fire,intro,L’horoscope global est bon et la majeure partie de la journée se déroule sans problème.,1
overall_B_geum_df_fire,effect,Une chance globale stable soutient de bons résultats dans les activités clés.,1
overall_B_geum_df_fire,action,Concentrez-vous sur les activités importantes et obtenez des résultats stables.,1
overall_B_geum_df_fire,state,"Même si votre détermination s'émousse quelque peu, le déroulement de votre vie quotidienne se poursuit sans problème et l'énergie claire ajoute une légère vitalité, créant un flux fluide.",1
overall_B_geum_df_water,intro,L’horoscope global est bon et la majeure partie de la journée se déroule sans problème.,1
overall_B_geum_df_water,effect,Une chance globale stable soutient de bons résultats dans les activités clés.,1
overall_B_geum_df_water,action,Concentrez-vous sur les activités importantes et obtenez des résultats stables.,1
overall_B_geum_df_water,state,"Même si votre détermination s'émousse quelque peu, le déroulement de votre vie quotidienne se poursuit sans problème et l'énergie humide ajoute un sentiment de calme persistant à vos émotions.",1
overall_B_geum_df_wood,intro,L’horoscope global est bon et la majeure partie de la journée se déroule sans problème.,1
overall_B_geum_df_wood,effect,Une chance globale stable soutient de bons résultats dans les activités clés.,1
overall_B_geum_df_wood,action,Concentrez-vous sur les activités importantes et obtenez des résultats stables.,1
overall_B_geum_df_wood,state,"Même si votre détermination s'émousse quelque peu, le déroulement de la vie quotidienne se poursuit sans problème et la légère énergie du changement ajoute une stimulation appropriée.",1
overall_B_geum_ex_earth,intro,L’horoscope global est bon et la majeure partie de la journée se déroule sans problème.,1
overall_B_geum_ex_earth,effect,Une chance globale stable soutient de bons résultats dans les activités clés.,1
overall_B_geum_ex_earth,action,Concentrez-vous sur les activités importantes et obtenez des résultats stables.,1
overall_B_geum_ex_earth,state,"Le jugement analytique s'écoule naturellement au rythme habituel, et l'énergie nuageuse s'ajoute à l'atmosphère calme, créant un sentiment de tranquillité.",1
overall_B_geum_ex_fire,intro,L’horoscope global est bon et la majeure partie de la journée se déroule sans problème.,1
overall_B_geum_ex_fire,effect,Une chance globale stable soutient de bons résultats dans les activités clés.,1
overall_B_geum_ex_fire,action,Concentrez-vous sur les activités importantes et obtenez des résultats stables.,1
overall_B_geum_ex_fire,state,"Le jugement analytique suit naturellement le rythme habituel, et l’énergie claire ajoute une légère vitalité, créant un flux fluide.",1
overall_B_geum_ex_water,intro,L’horoscope global est bon et la majeure partie de la journée se déroule sans problème.,1
overall_B_geum_ex_water,effect,Une chance globale stable soutient de bons résultats dans les activités clés.,1
overall_B_geum_ex_water,action,Concentrez-vous sur les activités importantes et obtenez des résultats stables.,1
overall_B_geum_ex_water,state,"Le jugement analytique coule naturellement à votre rythme habituel, et l’énergie humide ajoute un sentiment de calme persistant à vos émotions.",1
overall_B_geum_ex_wood,intro,L’horoscope global est bon et la majeure partie de la journée se déroule sans problème.,1
overall_B_geum_ex_wood,effect,Une chance globale stable soutient de bons résultats dans les activités clés.,1
overall_B_geum_ex_wood,action,Concentrez-vous sur les activités importantes et obtenez des résultats stables.,1
overall_B_geum_ex_wood,state,"Le jugement analytique suit naturellement le rythme habituel, et la légère énergie du changement ajoute une stimulation appropriée.",1
overall_B_hwa_df_earth,intro,C'est une bonne journée pour être motivé car votre énergie globale reste supérieure à la moyenne.,1
overall_B_hwa_df_earth,effect,Une énergie suffisante produit des résultats équilibrés dans divers domaines.,1
overall_B_hwa_df_earth,action,"Lorsque vous êtes plein d'énergie, attaquez-vous d'abord aux tâches les plus importantes.",1
overall_B_hwa_df_earth,state,"Même si les expressions sont retenues, la stabilité de la relation est facilement maintenue et l'énergie nuageuse ajoute à l'atmosphère calme, conduisant à un sentiment de tranquillité.",1
overall_B_hwa_df_fire,intro,C'est une bonne journée pour être motivé car votre énergie globale reste supérieure à la moyenne.,1
overall_B_hwa_df_fire,effect,Une énergie suffisante produit des résultats équilibrés dans divers domaines.,1
overall_B_hwa_df_fire,action,"Lorsque vous êtes plein d'énergie, attaquez-vous d'abord aux tâches les plus importantes.",1
overall_B_hwa_df_fire,state,"Même si les expressions sont retenues, la stabilité de la relation est facilement maintenue et l'énergie claire ajoute une légère vitalité, créant un flux fluide.",1
overall_B_hwa_df_water,intro,C'est une bonne journée pour être motivé car votre énergie globale reste supérieure à la moyenne.,1
overall_B_hwa_df_water,effect,Une énergie suffisante produit des résultats équilibrés dans divers domaines.,1
overall_B_hwa_df_water,action,"Lorsque vous êtes plein d'énergie, attaquez-vous d'abord aux tâches les plus importantes.",1
overall_B_hwa_df_water,state,"Même si les expressions sont retenues, la stabilité de la relation est facilement maintenue et l'énergie humide ajoute un sentiment de calme persistant aux émotions.",1
overall_B_hwa_df_wood,intro,C'est une bonne journée pour être motivé car votre énergie globale reste supérieure à la moyenne.,1
overall_B_hwa_df_wood,effect,Une énergie suffisante produit des résultats équilibrés dans divers domaines.,1
overall_B_hwa_df_wood,action,"Lorsque vous êtes plein d'énergie, attaquez-vous d'abord aux tâches les plus importantes.",1
overall_B_hwa_df_wood,state,"Même si les expressions sont retenues, la stabilité de la relation est facilement maintenue et la légère énergie du changement ajoute une stimulation appropriée.",1
overall_B_hwa_ex_earth,intro,C'est une bonne journée pour être motivé car votre énergie globale reste supérieure à la moyenne.,1
overall_B_hwa_ex_earth,effect,Une énergie suffisante produit des résultats équilibrés dans divers domaines.,1
overall_B_hwa_ex_earth,action,"Lorsque vous êtes plein d'énergie, attaquez-vous d'abord aux tâches les plus importantes.",1
overall_B_hwa_ex_earth,state,"La passion est vivante, mais l'équilibre est également maintenu, conduisant à une journée stable, et l'énergie nuageuse ajoute une atmosphère calme, menant à la sérénité.",1
overall_B_hwa_ex_fire,intro,C'est une bonne journée pour être motivé car votre énergie globale reste supérieure à la moyenne.,1
overall_B_hwa_ex_fire,effect,Une énergie suffisante produit des résultats équilibrés dans divers domaines.,1
overall_B_hwa_ex_fire,action,"Lorsque vous êtes plein d'énergie, attaquez-vous d'abord aux tâches les plus importantes.",1
overall_B_hwa_ex_fire,state,"La passion reste vivante et l'équilibre est maintenu, conduisant à une journée stable, et une énergie claire ajoute une vitalité légère, créant un flux fluide.",1
overall_B_hwa_ex_water,intro,C'est une bonne journée pour être motivé car votre énergie globale reste supérieure à la moyenne.,1
overall_B_hwa_ex_water,effect,Une énergie suffisante produit des résultats équilibrés dans divers domaines.,1
overall_B_hwa_ex_water,action,"Lorsque vous êtes plein d'énergie, attaquez-vous d'abord aux tâches les plus importantes.",1
overall_B_hwa_ex_water,state,"La passion reste vivante et l'équilibre est maintenu, conduisant à une journée stable, et l'énergie humide ajoute un sentiment de calme persistant aux émotions.",1
overall_B_hwa_ex_wood,intro,C'est une bonne journée pour être motivé car votre énergie globale reste supérieure à la moyenne.,1
overall_B_hwa_ex_wood,effect,Une énergie suffisante produit des résultats équilibrés dans divers domaines.,1
overall_B_hwa_ex_wood,action,"Lorsque vous êtes plein d'énergie, attaquez-vous d'abord aux tâches les plus importantes.",1
overall_B_hwa_ex_wood,state,"La passion est vivante et équilibrée, conduisant à une journée stable, et la légère énergie du changement ajoute une stimulation appropriée.",1
overall_B_mok_df_earth,intro,C’est un jour où l’énergie de croissance globale opère activement et où le développement global se produit.,1
overall_B_mok_df_earth,effect,"L’énergie de croissance opère dans divers domaines, conduisant à une tendance globale à la hausse.",1
overall_B_mok_df_earth,action,Poursuivez votre progression en saisissant activement les opportunités de croissance.,1
overall_B_mok_df_earth,state,"Même si vous êtes prudent lorsque vous essayez de nouvelles choses, votre vie quotidienne se déroule régulièrement et l'énergie nuageuse s'ajoute à l'atmosphère calme, conduisant à un sentiment de tranquillité.",1
overall_B_mok_df_fire,intro,C’est un jour où l’énergie de croissance globale opère activement et où le développement global se produit.,1
overall_B_mok_df_fire,effect,"L’énergie de croissance opère dans divers domaines, conduisant à une tendance globale à la hausse.",1
overall_B_mok_df_fire,action,Poursuivez votre progression en saisissant activement les opportunités de croissance.,1
overall_B_mok_df_fire,state,"Même si vous êtes prudent lorsque vous essayez de nouvelles choses, votre vie quotidienne se déroule de manière constante et l'énergie claire ajoute une vitalité légère, créant un flux fluide.",1
overall_B_mok_df_water,intro,C’est un jour où l’énergie de croissance globale opère activement et où le développement global se produit.,1
overall_B_mok_df_water,effect,"L’énergie de croissance opère dans divers domaines, conduisant à une tendance globale à la hausse.",1
overall_B_mok_df_water,action,Poursuivez votre progression en saisissant activement les opportunités de croissance.,1
overall_B_mok_df_water,state,"Même si vous êtes prudent lorsque vous essayez de nouvelles choses, votre vie quotidienne se déroule régulièrement et l'énergie humide ajoute un sentiment de calme persistant à vos émotions.",1
overall_B_mok_df_wood,intro,C’est un jour où l’énergie de croissance globale opère activement et où le développement global se produit.,1
overall_B_mok_df_wood,effect,"L’énergie de croissance opère dans divers domaines, conduisant à une tendance globale à la hausse.",1
overall_B_mok_df_wood,action,Poursuivez votre progression en saisissant activement les opportunités de croissance.,1
overall_B_mok_df_wood,state,"Même si vous êtes prudent lorsque vous essayez de nouvelles choses, votre vie quotidienne se déroule régulièrement et la légère énergie du changement ajoute une stimulation appropriée.",1
overall_B_mok_ex_earth,intro,C’est un jour où l’énergie de croissance globale opère activement et où le développement global se produit.,1
overall_B_mok_ex_earth,effect,"L’énergie de croissance opère dans divers domaines, conduisant à une tendance globale à la hausse.",1
overall_B_mok_ex_earth,action,Poursuivez votre progression en saisissant activement les opportunités de croissance.,1
overall_B_mok_ex_earth,state,"Une motivation constante progresse étape par étape, et l'énergie nuageuse s'ajoute à l'atmosphère calme, menant à la tranquillité.",1
overall_B_mok_ex_fire,intro,C’est un jour où l’énergie de croissance globale opère activement et où le développement global se produit.,1
overall_B_mok_ex_fire,effect,"L’énergie de croissance opère dans divers domaines, conduisant à une tendance globale à la hausse.",1
overall_B_mok_ex_fire,action,Poursuivez votre progression en saisissant activement les opportunités de croissance.,1
overall_B_mok_ex_fire,state,"Une motivation constante permet de progresser étape par étape, et une énergie claire ajoute une vitalité légère, créant un flux fluide.",1
overall_B_mok_ex_water,intro,C’est un jour où l’énergie de croissance globale opère activement et où le développement global se produit.,1
overall_B_mok_ex_water,effect,"L’énergie de croissance opère dans divers domaines, conduisant à une tendance globale à la hausse.",1
overall_B_mok_ex_water,action,Poursuivez votre progression en saisissant activement les opportunités de croissance.,1
overall_B_mok_ex_water,state,"Une motivation constante fait progresser étape par étape, et l'énergie humide ajoute un sentiment de calme persistant aux émotions.",1
overall_B_mok_ex_wood,intro,C’est un jour où l’énergie de croissance globale opère activement et où le développement global se produit.,1
overall_B_mok_ex_wood,effect,"L’énergie de croissance opère dans divers domaines, conduisant à une tendance globale à la hausse.",1
overall_B_mok_ex_wood,action,Poursuivez votre progression en saisissant activement les opportunités de croissance.,1
overall_B_mok_ex_wood,state,"Une motivation constante permet de progresser pas à pas, et la faible énergie du changement ajoute une stimulation appropriée.",1
overall_B_su_df_earth,intro,"Le flux global est constant, ce qui fait de la journée une bonne journée.",1
overall_B_su_df_earth,effect,Un flux fluide relie toutes les activités en douceur.,1
overall_B_su_df_earth,action,"Si vous suivez le courant et avancez selon le plan, vous pouvez obtenir les résultats souhaités.",1
overall_B_su_df_earth,state,"Bien que la flexibilité fasse quelque peu défaut, le rythme de base est maintenu sans difficulté et l'énergie nuageuse ajoute une atmosphère calme, conduisant à un sentiment de tranquillité.",1
overall_B_su_df_fire,intro,"Le flux global est constant, ce qui fait de la journée une bonne journée.",1
overall_B_su_df_fire,effect,Un flux fluide relie toutes les activités en douceur.,1
overall_B_su_df_fire,action,"Si vous suivez le courant et avancez selon le plan, vous pouvez obtenir les résultats souhaités.",1
overall_B_su_df_fire,state,"Bien que la flexibilité fasse quelque peu défaut, le rythme de base est maintenu sans difficulté et l'énergie claire ajoute une légère vitalité, créant un flux fluide.",1
overall_B_su_df_water,intro,"Le flux global est constant, ce qui fait de la journée une bonne journée.",1
overall_B_su_df_water,effect,Un flux fluide relie toutes les activités en douceur.,1
overall_B_su_df_water,action,"Si vous suivez le courant et avancez selon le plan, vous pouvez obtenir les résultats souhaités.",1
overall_B_su_df_water,state,"Bien qu'elle manque de souplesse, le rythme de base est maintenu sans difficulté, et l'énergie humide ajoute une sensation de calme persistante aux émotions.",1
overall_B_su_df_wood,intro,"Le flux global est constant, ce qui fait de la journée une bonne journée.",1
overall_B_su_df_wood,effect,Un flux fluide relie toutes les activités en douceur.,1
overall_B_su_df_wood,action,"Si vous suivez le courant et avancez selon le plan, vous pouvez obtenir les résultats souhaités.",1
overall_B_su_df_wood,state,"Même si la flexibilité fait quelque peu défaut, le rythme de base est maintenu sans difficulté et la légère énergie du changement ajoute une stimulation appropriée.",1
overall_B_su_ex_earth,intro,"Le flux global est constant, ce qui fait de la journée une bonne journée.",1
overall_B_su_ex_earth,effect,Un flux fluide relie toutes les activités en douceur.,1
overall_B_su_ex_earth,action,"Si vous suivez le courant et avancez selon le plan, vous pouvez obtenir les résultats souhaités.",1
overall_B_su_ex_earth,state,"La journée est pleine d'émotions, ce qui en fait une journée plus attentive que d'habitude, et l'énergie nuageuse ajoute une atmosphère calme, conduisant à un sentiment de tranquillité.",1
overall_B_su_ex_fire,intro,"Le flux global est constant, ce qui fait de la journée une bonne journée.",1
overall_B_su_ex_fire,effect,Un flux fluide relie toutes les activités en douceur.,1
overall_B_su_ex_fire,action,"Si vous suivez le courant et avancez selon le plan, vous pouvez obtenir les résultats souhaités.",1
overall_B_su_ex_fire,state,"La journée est riche en émotions, ce qui en fait une journée plus attentive que d'habitude, et l'énergie claire ajoute une légère vitalité, créant un flux fluide.",1
overall_B_su_ex_water,intro,"Le flux global est constant, ce qui fait de la journée une bonne journée.",1
overall_B_su_ex_water,effect,Un flux fluide relie toutes les activités en douceur.,1
overall_B_su_ex_water,action,"Si vous suivez le courant et avancez selon le plan, vous pouvez obtenir les résultats souhaités.",1
overall_B_su_ex_water,state,"La journée est pleine d'émotions, vous rendant plus attentif que d'habitude, et l'énergie humide ajoute un arrière-goût apaisant à vos émotions.",1
overall_B_su_ex_wood,intro,"Le flux global est constant, ce qui fait de la journée une bonne journée.",1
overall_B_su_ex_wood,effect,Un flux fluide relie toutes les activités en douceur.,1
overall_B_su_ex_wood,action,"Si vous suivez le courant et avancez selon le plan, vous pouvez obtenir les résultats souhaités.",1
overall_B_su_ex_wood,state,"La journée est pleine d'émotions, ce qui en fait une journée plus attentive que d'habitude, et la légère énergie du changement ajoute une stimulation appropriée.",1
overall_B_to_df_earth,intro,C’est une journée où la stabilité globale est maintenue et où vous pouvez passer la journée l’esprit tranquille.,1
overall_B_to_df_earth,effect,Une chance globale stable réduit les erreurs inutiles et augmente les performances.,1
overall_B_to_df_earth,action,Maintenez votre sentiment actuel de stabilité et avancez régulièrement.,1
overall_B_to_df_earth,state,"Même si le centre de gravité est quelque peu ébranlé, l'équilibre de la vie quotidienne est maintenu sans trop de problèmes, et l'énergie nuageuse s'ajoute à l'atmosphère calme, conduisant à un sentiment de tranquillité.",1
overall_B_to_df_fire,intro,C’est une journée où la stabilité globale est maintenue et où vous pouvez passer la journée l’esprit tranquille.,1
overall_B_to_df_fire,effect,Une chance globale stable réduit les erreurs inutiles et augmente les performances.,1
overall_B_to_df_fire,action,Maintenez votre sentiment actuel de stabilité et avancez régulièrement.,1
overall_B_to_df_fire,state,"Même si le centre de gravité est quelque peu ébranlé, l'équilibre de la vie quotidienne est maintenu sans trop de problèmes, et l'énergie claire ajoute une légère vitalité, créant un flux fluide.",1
overall_B_to_df_water,intro,C’est une journée où la stabilité globale est maintenue et où vous pouvez passer la journée l’esprit tranquille.,1
overall_B_to_df_water,effect,Une chance globale stable réduit les erreurs inutiles et augmente les performances.,1
overall_B_to_df_water,action,Maintenez votre sentiment actuel de stabilité et avancez régulièrement.,1
overall_B_to_df_water,state,"Même si votre centre de gravité est quelque peu ébranlé, l'équilibre de votre vie quotidienne est maintenu sans trop de difficultés, et l'énergie humide ajoute un sentiment de calme persistant à vos émotions.",1
overall_B_to_df_wood,intro,C’est une journée où la stabilité globale est maintenue et où vous pouvez passer la journée l’esprit tranquille.,1
overall_B_to_df_wood,effect,Une chance globale stable réduit les erreurs inutiles et augmente les performances.,1
overall_B_to_df_wood,action,Maintenez votre sentiment actuel de stabilité et avancez régulièrement.,1
overall_B_to_df_wood,state,"Même si le centre est quelque peu ébranlé, l'équilibre de la vie quotidienne est maintenu sans trop de difficultés, et la légère énergie du changement ajoute une stimulation appropriée.",1
overall_B_to_ex_earth,intro,C’est une journée où la stabilité globale est maintenue et où vous pouvez passer la journée l’esprit tranquille.,1
overall_B_to_ex_earth,effect,Une chance globale stable réduit les erreurs inutiles et augmente les performances.,1
overall_B_to_ex_earth,action,Maintenez votre sentiment actuel de stabilité et avancez régulièrement.,1
overall_B_to_ex_earth,state,"Il a une forte tendance à la stabilité, donc il se poursuit dans une journée calme sans aucun problème, et l'énergie nuageuse s'ajoute à l'atmosphère calme, conduisant à la sérénité.",1
overall_B_to_ex_fire,intro,C’est une journée où la stabilité globale est maintenue et où vous pouvez passer la journée l’esprit tranquille.,1
overall_B_to_ex_fire,effect,Une chance globale stable réduit les erreurs inutiles et augmente les performances.,1
overall_B_to_ex_fire,action,Maintenez votre sentiment actuel de stabilité et avancez régulièrement.,1
overall_B_to_ex_fire,state,"Elle a une forte tendance à la stabilité, elle se poursuit donc en douceur dans une journée calme, et l'énergie claire ajoute une légère vitalité, créant un flux fluide.",1
overall_B_to_ex_water,intro,C’est une journée où la stabilité globale est maintenue et où vous pouvez passer la journée l’esprit tranquille.,1
overall_B_to_ex_water,effect,Une chance globale stable réduit les erreurs inutiles et augmente les performances.,1
overall_B_to_ex_water,action,Maintenez votre sentiment actuel de stabilité et avancez régulièrement.,1
overall_B_to_ex_water,state,"Il a une nature fortement axée sur la stabilité, il peut donc facilement conduire à une journée calme, et l'énergie humide ajoute un arrière-goût apaisant aux émotions.",1
overall_B_to_ex_wood,intro,C’est une journée où la stabilité globale est maintenue et où vous pouvez passer la journée l’esprit tranquille.,1
overall_B_to_ex_wood,effect,Une chance globale stable réduit les erreurs inutiles et augmente les performances.,1
overall_B_to_ex_wood,action,Maintenez votre sentiment actuel de stabilité et avancez régulièrement.,1
overall_B_to_ex_wood,state,"L’orientation vers la stabilité est forte, elle se poursuit donc en douceur dans une journée calme, et la légère énergie du changement ajoute une stimulation appropriée.",1
overall_B1,intro,"Aujourd’hui, si vous avez plus d’énergie que la moyenne et que vous bougez régulièrement, ce sera enrichissant.",1
overall_B1,intro,"Aujourd’hui, le flux global se poursuit de manière fluide et stable.",1
overall_B1,effect,"C'est une journée où si vous vous concentrez et bougez, vous vous rapprocherez des résultats souhaités.",1
overall_B1,effect,"La journée se déroule régulièrement, sans variables majeures, et les travaux prévus se déroulent dans le calme.",1
overall_B1,action,"Ce n'est pas une mauvaise journée, alors faites le travail important aujourd'hui.",1
overall_B1,action,"Si vous réalisez vos projets un à un sans en faire trop, vous passerez une bonne journée.",1
overall_B1_geum_df_earth,intro,"C’est un jour où la fortune globale est moyenne, mais il y a quelques zones de déception.",1
overall_B1_geum_df_earth,effect,Le flux global de chance peut être quelque peu décalé et certains résultats peuvent ne pas répondre aux attentes.,1
overall_B1_geum_df_earth,action,Concentrez-vous sur les activités importantes et réduisez les tentatives inutiles.,1
overall_B1_geum_df_earth,state,"Même si vous suis lent à prendre des décisions, la journée continue sans trop d'hésitations, et l'énergie nuageuse aide à maintenir un rythme tranquille.",1
overall_B1_geum_df_fire,intro,"C’est un jour où la fortune globale est moyenne, mais il y a quelques zones de déception.",1
overall_B1_geum_df_fire,effect,Le flux global de chance peut être quelque peu décalé et certains résultats peuvent ne pas répondre aux attentes.,1
overall_B1_geum_df_fire,action,Concentrez-vous sur les activités importantes et réduisez les tentatives inutiles.,1
overall_B1_geum_df_fire,state,"Même si vous suis lent à prendre des décisions, la journée continue sans trop d'hésitation, et l'énergie claire ajoute une vitalité calme et continue la journée ordinaire.",1
overall_B1_geum_df_water,intro,"C’est un jour où la fortune globale est moyenne, mais il y a quelques zones de déception.",1
overall_B1_geum_df_water,effect,Le flux global de chance peut être quelque peu décalé et certains résultats peuvent ne pas répondre aux attentes.,1
overall_B1_geum_df_water,action,Concentrez-vous sur les activités importantes et réduisez les tentatives inutiles.,1
overall_B1_geum_df_water,state,"Même si vous suis lent à prendre des décisions, la journée se déroule sans trop d'hésitations, et l'énergie humide augmente vos pensées mais ne provoque pas beaucoup d'agitation.",1
overall_B1_geum_df_wood,intro,"C’est un jour où la fortune globale est moyenne, mais il y a quelques zones de déception.",1
overall_B1_geum_df_wood,effect,Le flux global de chance peut être quelque peu décalé et certains résultats peuvent ne pas répondre aux attentes.,1
overall_B1_geum_df_wood,action,Concentrez-vous sur les activités importantes et réduisez les tentatives inutiles.,1
overall_B1_geum_df_wood,state,"La décision peut être lente, mais la journée se déroule sans trop d’hésitations, et l’énergie calme du changement ne perturbe que légèrement le flux normal.",1
overall_B1_geum_ex_earth,intro,"C’est un jour où la fortune globale est moyenne, mais il y a quelques zones de déception.",1
overall_B1_geum_ex_earth,effect,Le flux global de chance peut être quelque peu décalé et certains résultats peuvent ne pas répondre aux attentes.,1
overall_B1_geum_ex_earth,action,Concentrez-vous sur les activités importantes et réduisez les tentatives inutiles.,1
overall_B1_geum_ex_earth,state,"Le jugement est clair, mais il se termine par un résultat médiocre, et l'énergie nuageuse permet de maintenir un rythme convenable.",1
overall_B1_geum_ex_fire,intro,"C’est un jour où la fortune globale est moyenne, mais il y a quelques zones de déception.",1
overall_B1_geum_ex_fire,effect,Le flux global de chance peut être quelque peu décalé et certains résultats peuvent ne pas répondre aux attentes.,1
overall_B1_geum_ex_fire,action,Concentrez-vous sur les activités importantes et réduisez les tentatives inutiles.,1
overall_B1_geum_ex_fire,state,"Le jugement est clair, mais il se termine par un résultat ordinaire, et l'énergie claire ajoute une vitalité calme et continue la journée ordinaire.",1
overall_B1_geum_ex_water,intro,"C’est un jour où la fortune globale est moyenne, mais il y a quelques zones de déception.",1
overall_B1_geum_ex_water,effect,Le flux global de chance peut être quelque peu décalé et certains résultats peuvent ne pas répondre aux attentes.,1
overall_B1_geum_ex_water,action,Concentrez-vous sur les activités importantes et réduisez les tentatives inutiles.,1
overall_B1_geum_ex_water,state,"Le jugement est clair mais se termine par un résultat simple, et l'énergie humide augmente les pensées mais ne provoque pas beaucoup d'agitation.",1
overall_B1_geum_ex_wood,intro,"C’est un jour où la fortune globale est moyenne, mais il y a quelques zones de déception.",1
overall_B1_geum_ex_wood,effect,Le flux global de chance peut être quelque peu décalé et certains résultats peuvent ne pas répondre aux attentes.,1
overall_B1_geum_ex_wood,action,Concentrez-vous sur les activités importantes et réduisez les tentatives inutiles.,1
overall_B1_geum_ex_wood,state,"Le jugement est clair, mais il se termine par un résultat médiocre, et la calme énergie du changement ne fait guère plus que bouleverser légèrement le flux normal.",1
overall_B1_hwa_df_earth,intro,Votre énergie globale peut être inférieure à la moyenne et votre journée peut sembler léthargique.,1
overall_B1_hwa_df_earth,effect,Le manque d’énergie réduit les performances dans plusieurs domaines simultanément.,1
overall_B1_hwa_df_earth,action,Définissez vos priorités et concentrez-vous sur ce qui compte le plus.,1
overall_B1_hwa_df_earth,state,"Bien qu'il y ait peu d'expression, la relation n'est pas grandement ébranlée et l'énergie nuageuse aide à maintenir un rythme facile.",1
overall_B1_hwa_df_fire,intro,Votre énergie globale peut être inférieure à la moyenne et votre journée peut sembler léthargique.,1
overall_B1_hwa_df_fire,effect,Le manque d’énergie réduit les performances dans plusieurs domaines simultanément.,1
overall_B1_hwa_df_fire,action,Définissez vos priorités et concentrez-vous sur ce qui compte le plus.,1
overall_B1_hwa_df_fire,state,"Bien qu'il y ait peu d'expressions, la relation n'est pas grandement ébranlée et l'énergie claire ajoute une vitalité calme et continue une journée ordinaire.",1
overall_B1_hwa_df_water,intro,Votre énergie globale peut être inférieure à la moyenne et votre journée peut sembler léthargique.,1
overall_B1_hwa_df_water,effect,Le manque d’énergie réduit les performances dans plusieurs domaines simultanément.,1
overall_B1_hwa_df_water,action,Définissez vos priorités et concentrez-vous sur ce qui compte le plus.,1
overall_B1_hwa_df_water,state,"Bien qu'il y ait peu d'expressions, la relation n'est pas grandement ébranlée et l'énergie humide augmente les pensées, mais ne provoque pas beaucoup d'agitation.",1
overall_B1_hwa_df_wood,intro,Votre énergie globale peut être inférieure à la moyenne et votre journée peut sembler léthargique.,1
overall_B1_hwa_df_wood,effect,Le manque d’énergie réduit les performances dans plusieurs domaines simultanément.,1
overall_B1_hwa_df_wood,action,Définissez vos priorités et concentrez-vous sur ce qui compte le plus.,1
overall_B1_hwa_df_wood,state,"Bien qu'il y ait peu d'expression, la relation n'est pas grandement ébranlée et l'énergie calme du changement suffit seulement à ébranler légèrement le flux normal.",1
overall_B1_hwa_ex_earth,intro,Votre énergie globale peut être inférieure à la moyenne et votre journée peut sembler léthargique.,1
overall_B1_hwa_ex_earth,effect,Le manque d’énergie réduit les performances dans plusieurs domaines simultanément.,1
overall_B1_hwa_ex_earth,action,Définissez vos priorités et concentrez-vous sur ce qui compte le plus.,1
overall_B1_hwa_ex_earth,state,La chaleur modérée permet une journée douce et l'énergie nuageuse vous aide à maintenir un rythme facile.,1
overall_B1_hwa_ex_fire,intro,Votre énergie globale peut être inférieure à la moyenne et votre journée peut sembler léthargique.,1
overall_B1_hwa_ex_fire,effect,Le manque d’énergie réduit les performances dans plusieurs domaines simultanément.,1
overall_B1_hwa_ex_fire,action,Définissez vos priorités et concentrez-vous sur ce qui compte le plus.,1
overall_B1_hwa_ex_fire,state,La chaleur modérée crée une journée douce et l'énergie claire ajoute une vitalité calme et poursuit la journée ordinaire.,1
overall_B1_hwa_ex_water,intro,Votre énergie globale peut être inférieure à la moyenne et votre journée peut sembler léthargique.,1
overall_B1_hwa_ex_water,effect,Le manque d’énergie réduit les performances dans plusieurs domaines simultanément.,1
overall_B1_hwa_ex_water,action,Définissez vos priorités et concentrez-vous sur ce qui compte le plus.,1
overall_B1_hwa_ex_water,state,La chaleur modérée permet une journée douce et l'énergie humide augmente vos pensées mais ne provoque pas beaucoup d'agitation.,1
overall_B1_hwa_ex_wood,intro,Votre énergie globale peut être inférieure à la moyenne et votre journée peut sembler léthargique.,1
overall_B1_hwa_ex_wood,effect,Le manque d’énergie réduit les performances dans plusieurs domaines simultanément.,1
overall_B1_hwa_ex_wood,action,Définissez vos priorités et concentrez-vous sur ce qui compte le plus.,1
overall_B1_hwa_ex_wood,state,La chaleur modérée rend la journée douce et l’énergie calme du changement ne fait que légèrement bouleverser le flux normal.,1
overall_B1_mok_df_earth,intro,C’est un jour où l’énergie globale de croissance est quelque peu affaiblie et où les progrès semblent lents.,1
overall_B1_mok_df_earth,effect,"La croissance globale a stagné, provoquant des frustrations dans de nombreux domaines.",1
overall_B1_mok_df_earth,action,Concentrez-vous sur les choses les plus pratiques que vous pouvez faire maintenant.,1
overall_B1_mok_df_earth,state,"Cela reste plus familier que nouveau, mais le flux est ininterrompu et l'énergie nuageuse vous aide à maintenir un rythme facile.",1
overall_B1_mok_df_fire,intro,C’est un jour où l’énergie globale de croissance est quelque peu affaiblie et où les progrès semblent lents.,1
overall_B1_mok_df_fire,effect,"La croissance globale a stagné, provoquant des frustrations dans de nombreux domaines.",1
overall_B1_mok_df_fire,action,Concentrez-vous sur les choses les plus pratiques que vous pouvez faire maintenant.,1
overall_B1_mok_df_fire,state,"Bien qu’elle reste familière plutôt que nouvelle, le flux est ininterrompu et l’énergie claire ajoute une vitalité calme et poursuit la journée ordinaire.",1
overall_B1_mok_df_water,intro,C’est un jour où l’énergie globale de croissance est quelque peu affaiblie et où les progrès semblent lents.,1
overall_B1_mok_df_water,effect,"La croissance globale a stagné, provoquant des frustrations dans de nombreux domaines.",1
overall_B1_mok_df_water,action,Concentrez-vous sur les choses les plus pratiques que vous pouvez faire maintenant.,1
overall_B1_mok_df_water,state,"Bien qu’elle reste familière plutôt que nouvelle, le flux est ininterrompu et l’énergie humide augmente les pensées mais ne provoque pas beaucoup d’agitation.",1
overall_B1_mok_df_wood,intro,C’est un jour où l’énergie globale de croissance est quelque peu affaiblie et où les progrès semblent lents.,1
overall_B1_mok_df_wood,effect,"La croissance globale a stagné, provoquant des frustrations dans de nombreux domaines.",1
overall_B1_mok_df_wood,action,Concentrez-vous sur les choses les plus pratiques que vous pouvez faire maintenant.,1
overall_B1_mok_df_wood,state,"Bien qu’il reste plus familier que nouveau, le flux est ininterrompu et l’énergie calme du changement ne secoue que légèrement le flux normal.",1
overall_B1_mok_ex_earth,intro,C’est un jour où l’énergie globale de croissance est quelque peu affaiblie et où les progrès semblent lents.,1
overall_B1_mok_ex_earth,effect,"La croissance globale a stagné, provoquant des frustrations dans de nombreux domaines.",1
overall_B1_mok_ex_earth,action,Concentrez-vous sur les choses les plus pratiques que vous pouvez faire maintenant.,1
overall_B1_mok_ex_earth,state,"Vous suis motivé, mais votre force motrice reste à un niveau médiocre, et l'énergie nuageuse aide à maintenir un rythme convenable.",1
overall_B1_mok_ex_fire,intro,C’est un jour où l’énergie globale de croissance est quelque peu affaiblie et où les progrès semblent lents.,1
overall_B1_mok_ex_fire,effect,"La croissance globale a stagné, provoquant des frustrations dans de nombreux domaines.",1
overall_B1_mok_ex_fire,action,Concentrez-vous sur les choses les plus pratiques que vous pouvez faire maintenant.,1
overall_B1_mok_ex_fire,state,"Bien que vous sois motivé, votre force motrice reste à un niveau moyen, et l'énergie claire ajoute une vitalité calme et poursuit votre journée ordinaire.",1
overall_B1_mok_ex_water,intro,C’est un jour où l’énergie globale de croissance est quelque peu affaiblie et où les progrès semblent lents.,1
overall_B1_mok_ex_water,effect,"La croissance globale a stagné, provoquant des frustrations dans de nombreux domaines.",1
overall_B1_mok_ex_water,action,Concentrez-vous sur les choses les plus pratiques que vous pouvez faire maintenant.,1
overall_B1_mok_ex_water,state,"Il y a de la motivation, mais la force motrice reste à un niveau normal, et l'énergie humide augmente les pensées, mais ne provoque pas beaucoup d'agitation.",1
overall_B1_mok_ex_wood,intro,C’est un jour où l’énergie globale de croissance est quelque peu affaiblie et où les progrès semblent lents.,1
overall_B1_mok_ex_wood,effect,"La croissance globale a stagné, provoquant des frustrations dans de nombreux domaines.",1
overall_B1_mok_ex_wood,action,Concentrez-vous sur les choses les plus pratiques que vous pouvez faire maintenant.,1
overall_B1_mok_ex_wood,state,"Il y a de la motivation, mais la force motrice reste à un niveau médiocre, et l'énergie calme du changement suffit à peine à bousculer légèrement le flux normal.",1
overall_B1_su_df_earth,intro,C'est un jour où le flux général est un peu décalé et où les choses ne se passent pas comme prévu.,1
overall_B1_su_df_earth,effect,Les écarts par rapport au débit se traduisent par de légères perturbations dans de nombreuses zones.,1
overall_B1_su_df_earth,action,Soyez flexible avec votre plan et suivez le courant.,1
overall_B1_su_df_earth,state,"Bien que la flexibilité ait diminué, le flux n'est pas interrompu de manière significative et l'énergie nuageuse aide à maintenir un rythme décent.",1
overall_B1_su_df_fire,intro,C'est un jour où le flux général est un peu décalé et où les choses ne se passent pas comme prévu.,1
overall_B1_su_df_fire,effect,Les écarts par rapport au débit se traduisent par de légères perturbations dans de nombreuses zones.,1
overall_B1_su_df_fire,action,Soyez flexible avec votre plan et suivez le courant.,1
overall_B1_su_df_fire,state,"Bien que la flexibilité ait diminué, le flux n'est pas significativement perturbé et l'énergie claire ajoute une vitalité calme et permet de poursuivre une journée ordinaire.",1
overall_B1_su_df_water,intro,C'est un jour où le flux général est un peu décalé et où les choses ne se passent pas comme prévu.,1
overall_B1_su_df_water,effect,Les écarts par rapport au débit se traduisent par de légères perturbations dans de nombreuses zones.,1
overall_B1_su_df_water,action,Soyez flexible avec votre plan et suivez le courant.,1
overall_B1_su_df_water,state,"La flexibilité est réduite, mais le flux n'est pas grandement interrompu, et l'énergie humide augmente les pensées, mais ne provoque pas beaucoup d'agitation.",1
overall_B1_su_df_wood,intro,C'est un jour où le flux général est un peu décalé et où les choses ne se passent pas comme prévu.,1
overall_B1_su_df_wood,effect,Les écarts par rapport au débit se traduisent par de légères perturbations dans de nombreuses zones.,1
overall_B1_su_df_wood,action,Soyez flexible avec votre plan et suivez le courant.,1
overall_B1_su_df_wood,state,"Bien que la flexibilité ait diminué, le flux n’est pas significativement perturbé et l’énergie calme du changement ne secoue que légèrement le flux normal.",1
overall_B1_su_ex_earth,intro,C'est un jour où le flux général est un peu décalé et où les choses ne se passent pas comme prévu.,1
overall_B1_su_ex_earth,effect,Les écarts par rapport au débit se traduisent par de légères perturbations dans de nombreuses zones.,1
overall_B1_su_ex_earth,action,Soyez flexible avec votre plan et suivez le courant.,1
overall_B1_su_ex_earth,state,"Même si il y a beaucoup de choses à penser, la journée se déroule sans trop de perturbations et l'énergie nuageuse aide à maintenir un rythme tranquille.",1
overall_B1_su_ex_fire,intro,C'est un jour où le flux général est un peu décalé et où les choses ne se passent pas comme prévu.,1
overall_B1_su_ex_fire,effect,Les écarts par rapport au débit se traduisent par de légères perturbations dans de nombreuses zones.,1
overall_B1_su_ex_fire,action,Soyez flexible avec votre plan et suivez le courant.,1
overall_B1_su_ex_fire,state,"Même si il y a beaucoup de pensées, la journée se déroule sans trop de perturbations, et l'énergie claire ajoute une vitalité calme et continue la journée ordinaire.",1
overall_B1_su_ex_water,intro,C'est un jour où le flux général est un peu décalé et où les choses ne se passent pas comme prévu.,1
overall_B1_su_ex_water,effect,Les écarts par rapport au débit se traduisent par de légères perturbations dans de nombreuses zones.,1
overall_B1_su_ex_water,action,Soyez flexible avec votre plan et suivez le courant.,1
overall_B1_su_ex_water,state,"Même si vous avez beaucoup de pensées, la journée se déroule sans grande agitation, et l'énergie humide augmente vos pensées mais ne provoque pas beaucoup d'agitation.",1
overall_B1_su_ex_wood,intro,C'est un jour où le flux général est un peu décalé et où les choses ne se passent pas comme prévu.,1
overall_B1_su_ex_wood,effect,Les écarts par rapport au débit se traduisent par de légères perturbations dans de nombreuses zones.,1
overall_B1_su_ex_wood,action,Soyez flexible avec votre plan et suivez le courant.,1
overall_B1_su_ex_wood,state,"Même si il y a beaucoup de pensées, la journée se déroule sans trop de perturbations et l'énergie calme du changement ne secoue que légèrement le flux normal.",1
overall_B1_to_df_earth,intro,C’est une journée où une légère anxiété persiste car le sentiment général de stabilité est inférieur à la moyenne.,1
overall_B1_to_df_earth,effect,L’affaiblissement de la base de stabilité globale crée de l’instabilité dans de nombreux domaines.,1
overall_B1_to_df_earth,action,Concentrez-vous sur ce que vous pouvez faire maintenant plutôt que sur des pensées anxieuses.,1
overall_B1_to_df_earth,state,"Même s'il y a quelques tremblements, la vie quotidienne se déroule sans problème et l'énergie trouble aide à maintenir un rythme tranquille.",1
overall_B1_to_df_fire,intro,C’est une journée où une légère anxiété persiste car le sentiment général de stabilité est inférieur à la moyenne.,1
overall_B1_to_df_fire,effect,L’affaiblissement de la base de stabilité globale crée de l’instabilité dans de nombreux domaines.,1
overall_B1_to_df_fire,action,Concentrez-vous sur ce que vous pouvez faire maintenant plutôt que sur des pensées anxieuses.,1
overall_B1_to_df_fire,state,"Bien qu'il y ait quelques tremblements, la vie quotidienne se déroule sans problème et l'énergie claire ajoute une vitalité calme et continue la journée normale.",1
overall_B1_to_df_water,intro,C’est une journée où une légère anxiété persiste car le sentiment général de stabilité est inférieur à la moyenne.,1
overall_B1_to_df_water,effect,L’affaiblissement de la base de stabilité globale crée de l’instabilité dans de nombreux domaines.,1
overall_B1_to_df_water,action,Concentrez-vous sur ce que vous pouvez faire maintenant plutôt que sur des pensées anxieuses.,1
overall_B1_to_df_water,state,"Même s'il y a des secousses, la vie quotidienne se déroule sans problème et l'énergie humide augmente les pensées, mais ne provoque pas beaucoup d'agitation.",1
overall_B1_to_df_wood,intro,C’est une journée où une légère anxiété persiste car le sentiment général de stabilité est inférieur à la moyenne.,1
overall_B1_to_df_wood,effect,L’affaiblissement de la base de stabilité globale crée de l’instabilité dans de nombreux domaines.,1
overall_B1_to_df_wood,action,Concentrez-vous sur ce que vous pouvez faire maintenant plutôt que sur des pensées anxieuses.,1
overall_B1_to_df_wood,state,"Bien qu'il y ait des fluctuations, la vie quotidienne se déroule sans heurts et l'énergie calme du changement ne secoue que légèrement le flux normal.",1
overall_B1_to_ex_earth,intro,C’est une journée où une légère anxiété persiste car le sentiment général de stabilité est inférieur à la moyenne.,1
overall_B1_to_ex_earth,effect,L’affaiblissement de la base de stabilité globale crée de l’instabilité dans de nombreux domaines.,1
overall_B1_to_ex_earth,action,Concentrez-vous sur ce que vous pouvez faire maintenant plutôt que sur des pensées anxieuses.,1
overall_B1_to_ex_earth,state,"Choisir la familiarité plutôt que le changement mène à une journée facile, et l'énergie nuageuse aide à maintenir un rythme facile.",1
overall_B1_to_ex_fire,intro,C’est une journée où une légère anxiété persiste car le sentiment général de stabilité est inférieur à la moyenne.,1
overall_B1_to_ex_fire,effect,L’affaiblissement de la base de stabilité globale crée de l’instabilité dans de nombreux domaines.,1
overall_B1_to_ex_fire,action,Concentrez-vous sur ce que vous pouvez faire maintenant plutôt que sur des pensées anxieuses.,1
overall_B1_to_ex_fire,state,"Choisir la familiarité plutôt que le changement mène à une journée ordinaire, et l’énergie claire ajoute une vitalité calme à la journée ordinaire.",1
overall_B1_to_ex_water,intro,C’est une journée où une légère anxiété persiste car le sentiment général de stabilité est inférieur à la moyenne.,1
overall_B1_to_ex_water,effect,L’affaiblissement de la base de stabilité globale crée de l’instabilité dans de nombreux domaines.,1
overall_B1_to_ex_water,action,Concentrez-vous sur ce que vous pouvez faire maintenant plutôt que sur des pensées anxieuses.,1
overall_B1_to_ex_water,state,"Choisir la familiarité plutôt que le changement conduit à une journée normale, et l’énergie humide augmente les pensées mais ne provoque pas beaucoup d’agitation.",1
overall_B1_to_ex_wood,intro,C’est une journée où une légère anxiété persiste car le sentiment général de stabilité est inférieur à la moyenne.,1
overall_B1_to_ex_wood,effect,L’affaiblissement de la base de stabilité globale crée de l’instabilité dans de nombreux domaines.,1
overall_B1_to_ex_wood,action,Concentrez-vous sur ce que vous pouvez faire maintenant plutôt que sur des pensées anxieuses.,1
overall_B1_to_ex_wood,state,"Choisir la familiarité plutôt que le changement conduit à une journée normale, et l’énergie calme du changement ne secoue que légèrement le flux normal.",1
overall_C,intro,"Aujourd'hui, c'est une petite accalmie énergétique, c'est donc une bonne idée de planifier soigneusement votre journée.",1
overall_C,intro,"L'énergie est plus faible que d'habitude aujourd'hui, il vaut donc mieux prendre son temps plutôt que de trop planifier.",1
overall_C,effect,C’est une journée qui demande de la patience car les résultats peuvent arriver plus lentement que prévu.,1
overall_C,effect,"Même dans les petites choses, des variables inattendues peuvent survenir, il est donc plus prudent de prendre du temps.",1
overall_C,action,"Aujourd’hui, concentrez-vous sur la bonne finition des choses existantes plutôt que de relever de nouveaux défis.",1
overall_C,action,Vous pouvez utiliser votre énergie de manière efficace si vous vous déplacez uniquement dans les limites de ce que vous pouvez faire maintenant.,1
overall_C_geum_df_earth,intro,"La fortune globale est mauvaise, donc la première moitié de la journée n'est pas facile.",1
overall_C_geum_df_earth,effect,Une baisse de la chance globale crée des difficultés dans plusieurs domaines simultanément.,1
overall_C_geum_df_earth,action,Abandonnez votre cupidité et ne manipulez soigneusement que l’essentiel.,1
overall_C_geum_df_earth,state,"À mesure que votre détermination faiblit, il est facile de remettre à plus tard des choix importants, et une énergie trouble peut vous ralentir et alourdir vos pensées.",1
overall_C_geum_df_fire,intro,"La fortune globale est mauvaise, donc la première moitié de la journée n'est pas facile.",1
overall_C_geum_df_fire,effect,Une baisse de la chance globale crée des difficultés dans plusieurs domaines simultanément.,1
overall_C_geum_df_fire,action,Abandonnez votre cupidité et ne manipulez soigneusement que l’essentiel.,1
overall_C_geum_df_fire,state,"À mesure que votre détermination faiblit, il est facile de remettre à plus tard des choix importants et votre énergie claire peut se répandre dans une atmosphère excitée, ce qui peut brouiller votre prudence.",1
overall_C_geum_df_water,intro,"La fortune globale est mauvaise, donc la première moitié de la journée n'est pas facile.",1
overall_C_geum_df_water,effect,Une baisse de la chance globale crée des difficultés dans plusieurs domaines simultanément.,1
overall_C_geum_df_water,action,Abandonnez votre cupidité et ne manipulez soigneusement que l’essentiel.,1
overall_C_geum_df_water,state,"Il est facile de reporter des choix importants à mesure que votre détermination s’affaiblit, et l’énergie de la pluie et de la neige peut stimuler vos émotions et votre moi intérieur, ce qui peut avoir un impact plus important.",1
overall_C_geum_df_wood,intro,"La fortune globale est mauvaise, donc la première moitié de la journée n'est pas facile.",1
overall_C_geum_df_wood,effect,Une baisse de la chance globale crée des difficultés dans plusieurs domaines simultanément.,1
overall_C_geum_df_wood,action,Abandonnez votre cupidité et ne manipulez soigneusement que l’essentiel.,1
overall_C_geum_df_wood,state,"Il est facile de reporter des choix importants en raison d’une détermination affaiblie, et la forte énergie du changement peut bouleverser le rythme et conduire à des variables inattendues.",1
overall_C_geum_ex_earth,intro,"La fortune globale est mauvaise, donc la première moitié de la journée n'est pas facile.",1
overall_C_geum_ex_earth,effect,Une baisse de la chance globale crée des difficultés dans plusieurs domaines simultanément.,1
overall_C_geum_ex_earth,action,Abandonnez votre cupidité et ne manipulez soigneusement que l’essentiel.,1
overall_C_geum_ex_earth,state,"Un jugement trop pointu peut rendre les relations froides, et une énergie trouble peut ralentir votre rythme et alourdir vos pensées.",1
overall_C_geum_ex_fire,intro,"La fortune globale est mauvaise, donc la première moitié de la journée n'est pas facile.",1
overall_C_geum_ex_fire,effect,Une baisse de la chance globale crée des difficultés dans plusieurs domaines simultanément.,1
overall_C_geum_ex_fire,action,Abandonnez votre cupidité et ne manipulez soigneusement que l’essentiel.,1
overall_C_geum_ex_fire,state,"Un jugement trop pointu peut rendre les relations froides, et une énergie claire peut couler dans une atmosphère excitée, ce qui peut brouiller la prudence.",1
overall_C_geum_ex_water,intro,"La fortune globale est mauvaise, donc la première moitié de la journée n'est pas facile.",1
overall_C_geum_ex_water,effect,Une baisse de la chance globale crée des difficultés dans plusieurs domaines simultanément.,1
overall_C_geum_ex_water,action,Abandonnez votre cupidité et ne manipulez soigneusement que l’essentiel.,1
overall_C_geum_ex_water,state,"Un jugement trop pointu peut rendre les relations froides, et l'énergie de la pluie et de la neige peut stimuler les émotions et les sentiments intérieurs, ce qui peut avoir un impact plus important.",1
overall_C_geum_ex_wood,intro,"La fortune globale est mauvaise, donc la première moitié de la journée n'est pas facile.",1
overall_C_geum_ex_wood,effect,Une baisse de la chance globale crée des difficultés dans plusieurs domaines simultanément.,1
overall_C_geum_ex_wood,action,Abandonnez votre cupidité et ne manipulez soigneusement que l’essentiel.,1
overall_C_geum_ex_wood,state,"Un jugement trop pointu peut rendre les relations froides, et la forte énergie du changement peut bouleverser le rythme et conduire à des variables inattendues.",1
overall_C_hwa_df_earth,intro,Toute la journée est difficile car vous manque beaucoup d’énergie globale.,1
overall_C_hwa_df_earth,effect,La diminution de l’énergie réduit simultanément l’efficacité de toutes les activités.,1
overall_C_hwa_df_earth,action,N'en faites rien et ne faites que ce qui est nécessaire.,1
overall_C_hwa_df_earth,state,"Il est facile que des malentendus surviennent en raison de difficultés à s'exprimer, et l'énergie trouble peut vous ralentir et alourdir vos pensées.",1
overall_C_hwa_df_fire,intro,Toute la journée est difficile car vous manque beaucoup d’énergie globale.,1
overall_C_hwa_df_fire,effect,La diminution de l’énergie réduit simultanément l’efficacité de toutes les activités.,1
overall_C_hwa_df_fire,action,N'en faites rien et ne faites que ce qui est nécessaire.,1
overall_C_hwa_df_fire,state,"Il est facile que des malentendus se produisent parce que les expressions sont difficiles à comprendre, et l'énergie claire peut couler dans une atmosphère excitée et troubler la prudence.",1
overall_C_hwa_df_water,intro,Toute la journée est difficile car vous manque beaucoup d’énergie globale.,1
overall_C_hwa_df_water,effect,La diminution de l’énergie réduit simultanément l’efficacité de toutes les activités.,1
overall_C_hwa_df_water,action,N'en faites rien et ne faites que ce qui est nécessaire.,1
overall_C_hwa_df_water,state,"Il est facile que des malentendus surviennent car les expressions sont difficiles à comprendre, et l'énergie de la pluie et de la neige peut stimuler les émotions et les sentiments intérieurs, ce qui peut avoir un impact plus important.",1
overall_C_hwa_df_wood,intro,Toute la journée est difficile car vous manque beaucoup d’énergie globale.,1
overall_C_hwa_df_wood,effect,La diminution de l’énergie réduit simultanément l’efficacité de toutes les activités.,1
overall_C_hwa_df_wood,action,N'en faites rien et ne faites que ce qui est nécessaire.,1
overall_C_hwa_df_wood,state,"Les malentendus sont faciles à survenir en raison d'expressions difficiles, et la forte énergie du changement peut bouleverser le rythme et conduire à des variables inattendues.",1
overall_C_hwa_ex_earth,intro,Toute la journée est difficile car vous manque beaucoup d’énergie globale.,1
overall_C_hwa_ex_earth,effect,La diminution de l’énergie réduit simultanément l’efficacité de toutes les activités.,1
overall_C_hwa_ex_earth,action,N'en faites rien et ne faites que ce qui est nécessaire.,1
overall_C_hwa_ex_earth,state,"Il est facile que les émotions s'entrechoquent, et une énergie trouble peut vous ralentir et alourdir vos pensées.",1
overall_C_hwa_ex_fire,intro,Toute la journée est difficile car vous manque beaucoup d’énergie globale.,1
overall_C_hwa_ex_fire,effect,La diminution de l’énergie réduit simultanément l’efficacité de toutes les activités.,1
overall_C_hwa_ex_fire,action,N'en faites rien et ne faites que ce qui est nécessaire.,1
overall_C_hwa_ex_fire,state,"Il est facile que les émotions s’entrechoquent, et l’énergie claire peut s’écouler dans une atmosphère excitée, ce qui trouble la prudence.",1
overall_C_hwa_ex_water,intro,Toute la journée est difficile car vous manque beaucoup d’énergie globale.,1
overall_C_hwa_ex_water,effect,La diminution de l’énergie réduit simultanément l’efficacité de toutes les activités.,1
overall_C_hwa_ex_water,action,N'en faites rien et ne faites que ce qui est nécessaire.,1
overall_C_hwa_ex_water,state,"Il est facile que les émotions entrent en conflit, et l'énergie de la pluie et de la neige peut stimuler les émotions et les sentiments intérieurs, ce qui peut augmenter l'impact.",1
overall_C_hwa_ex_wood,intro,Toute la journée est difficile car vous manque beaucoup d’énergie globale.,1
overall_C_hwa_ex_wood,effect,La diminution de l’énergie réduit simultanément l’efficacité de toutes les activités.,1
overall_C_hwa_ex_wood,action,N'en faites rien et ne faites que ce qui est nécessaire.,1
overall_C_hwa_ex_wood,state,"Il est facile que les émotions s’entrechoquent, et la forte énergie du changement peut bouleverser le rythme et conduire à des variables inattendues.",1
overall_C_mok_df_earth,intro,C’est un jour où l’énergie de croissance globale est bloquée et où il est difficile d’espérer un quelconque progrès.,1
overall_C_mok_df_earth,effect,Le blocage de l’énergie de croissance crée une stagnation et une régression dans tous les domaines.,1
overall_C_mok_df_earth,action,"Aujourd’hui, concentrez-vous sur le maintien du statu quo plutôt que sur le progrès.",1
overall_C_mok_df_earth,state,"L’hésitation à essayer de nouvelles choses peut ralentir les progrès, et une énergie trouble peut ralentir votre rythme et alourdir vos pensées.",1
overall_C_mok_df_fire,intro,C’est un jour où l’énergie de croissance globale est bloquée et où il est difficile d’espérer un quelconque progrès.,1
overall_C_mok_df_fire,effect,Le blocage de l’énergie de croissance crée une stagnation et une régression dans tous les domaines.,1
overall_C_mok_df_fire,action,"Aujourd’hui, concentrez-vous sur le maintien du statu quo plutôt que sur le progrès.",1
overall_C_mok_df_fire,state,"L’hésitation à essayer de nouvelles choses peut ralentir les progrès, et une énergie claire peut conduire à une atmosphère excitée, ce qui peut brouiller la prudence.",1
overall_C_mok_df_water,intro,C’est un jour où l’énergie de croissance globale est bloquée et où il est difficile d’espérer un quelconque progrès.,1
overall_C_mok_df_water,effect,Le blocage de l’énergie de croissance crée une stagnation et une régression dans tous les domaines.,1
overall_C_mok_df_water,action,"Aujourd’hui, concentrez-vous sur le maintien du statu quo plutôt que sur le progrès.",1
overall_C_mok_df_water,state,"L'hésitation à essayer de nouvelles choses peut ralentir les progrès, et l'énergie de la pluie et de la neige peut stimuler vos émotions et votre moi intérieur, ce qui peut augmenter l'impact.",1
overall_C_mok_df_wood,intro,C’est un jour où l’énergie de croissance globale est bloquée et où il est difficile d’espérer un quelconque progrès.,1
overall_C_mok_df_wood,effect,Le blocage de l’énergie de croissance crée une stagnation et une régression dans tous les domaines.,1
overall_C_mok_df_wood,action,"Aujourd’hui, concentrez-vous sur le maintien du statu quo plutôt que sur le progrès.",1
overall_C_mok_df_wood,state,"L’hésitation à essayer de nouvelles choses peut ralentir les progrès, et la forte énergie du changement peut bouleverser le rythme et conduire à des variables inattendues.",1
overall_C_mok_ex_earth,intro,C’est un jour où l’énergie de croissance globale est bloquée et où il est difficile d’espérer un quelconque progrès.,1
overall_C_mok_ex_earth,effect,Le blocage de l’énergie de croissance crée une stagnation et une régression dans tous les domaines.,1
overall_C_mok_ex_earth,action,"Aujourd’hui, concentrez-vous sur le maintien du statu quo plutôt que sur le progrès.",1
overall_C_mok_ex_earth,state,"Une motivation excessive peut vous amener à en faire trop, et une énergie trouble peut vous ralentir et alourdir vos pensées.",1
overall_C_mok_ex_fire,intro,C’est un jour où l’énergie de croissance globale est bloquée et où il est difficile d’espérer un quelconque progrès.,1
overall_C_mok_ex_fire,effect,Le blocage de l’énergie de croissance crée une stagnation et une régression dans tous les domaines.,1
overall_C_mok_ex_fire,action,"Aujourd’hui, concentrez-vous sur le maintien du statu quo plutôt que sur le progrès.",1
overall_C_mok_ex_fire,state,"Si vous êtes trop motivé, vous risquez de vous forcer à faire des choses et votre énergie claire peut se répandre dans une atmosphère excitée, ce qui peut brouiller votre prudence.",1
overall_C_mok_ex_water,intro,C’est un jour où l’énergie de croissance globale est bloquée et où il est difficile d’espérer un quelconque progrès.,1
overall_C_mok_ex_water,effect,Le blocage de l’énergie de croissance crée une stagnation et une régression dans tous les domaines.,1
overall_C_mok_ex_water,action,"Aujourd’hui, concentrez-vous sur le maintien du statu quo plutôt que sur le progrès.",1
overall_C_mok_ex_water,state,"Si vous êtes trop motivé, vous risquez d'en faire trop, et l'énergie de la pluie et de la neige peut stimuler vos émotions et votre moi intérieur, ce qui peut augmenter l'impact.",1
overall_C_mok_ex_wood,intro,C’est un jour où l’énergie de croissance globale est bloquée et où il est difficile d’espérer un quelconque progrès.,1
overall_C_mok_ex_wood,effect,Le blocage de l’énergie de croissance crée une stagnation et une régression dans tous les domaines.,1
overall_C_mok_ex_wood,action,"Aujourd’hui, concentrez-vous sur le maintien du statu quo plutôt que sur le progrès.",1
overall_C_mok_ex_wood,state,"Une motivation excessive peut conduire à en faire trop, et la forte énergie du changement peut bouleverser le rythme et conduire à des variables inattendues.",1
overall_C_su_df_earth,intro,C'est une journée où tout le flux va dans la direction opposée et où la journée ne se passe pas bien.,1
overall_C_su_df_earth,effect,Une inversion de flux crée des pertes et des échecs dans plusieurs domaines simultanément.,1
overall_C_su_df_earth,action,"Au lieu d’aller à contre-courant, arrêtez-vous un instant et observez la situation.",1
overall_C_su_df_earth,state,"Il est facile de perdre la trace du flux en raison d'un manque de flexibilité, et une énergie trouble peut vous ralentir et alourdir vos pensées.",1
overall_C_su_df_fire,intro,C'est une journée où tout le flux va dans la direction opposée et où la journée ne se passe pas bien.,1
overall_C_su_df_fire,effect,Une inversion de flux crée des pertes et des échecs dans plusieurs domaines simultanément.,1
overall_C_su_df_fire,action,"Au lieu d’aller à contre-courant, arrêtez-vous un instant et observez la situation.",1
overall_C_su_df_fire,state,"En raison du manque de flexibilité, il est facile de perdre la trace du flux et l’énergie claire peut s’écouler dans une atmosphère excitée, ce qui peut brouiller votre prudence.",1
overall_C_su_df_water,intro,C'est une journée où tout le flux va dans la direction opposée et où la journée ne se passe pas bien.,1
overall_C_su_df_water,effect,Une inversion de flux crée des pertes et des échecs dans plusieurs domaines simultanément.,1
overall_C_su_df_water,action,"Au lieu d’aller à contre-courant, arrêtez-vous un instant et observez la situation.",1
overall_C_su_df_water,state,"En raison du manque de flexibilité, il est facile de perdre la trace du flux, et l'énergie de la pluie et de la neige peut stimuler les émotions et le moi intérieur, ce qui peut augmenter l'impact.",1
overall_C_su_df_wood,intro,C'est une journée où tout le flux va dans la direction opposée et où la journée ne se passe pas bien.,1
overall_C_su_df_wood,effect,Une inversion de flux crée des pertes et des échecs dans plusieurs domaines simultanément.,1
overall_C_su_df_wood,action,"Au lieu d’aller à contre-courant, arrêtez-vous un instant et observez la situation.",1
overall_C_su_df_wood,state,"En raison du manque de flexibilité, il est facile de perdre le fil du flux, et la forte énergie du changement peut bouleverser le rythme et conduire à des variables inattendues.",1
overall_C_su_ex_earth,intro,C'est une journée où tout le flux va dans la direction opposée et où la journée ne se passe pas bien.,1
overall_C_su_ex_earth,effect,Une inversion de flux crée des pertes et des échecs dans plusieurs domaines simultanément.,1
overall_C_su_ex_earth,action,"Au lieu d’aller à contre-courant, arrêtez-vous un instant et observez la situation.",1
overall_C_su_ex_earth,state,"Il est facile que votre jugement soit obscurci par des émotions débordantes, et l’énergie trouble peut vous ralentir et alourdir vos pensées.",1
overall_C_su_ex_fire,intro,C'est une journée où tout le flux va dans la direction opposée et où la journée ne se passe pas bien.,1
overall_C_su_ex_fire,effect,Une inversion de flux crée des pertes et des échecs dans plusieurs domaines simultanément.,1
overall_C_su_ex_fire,action,"Au lieu d’aller à contre-courant, arrêtez-vous un instant et observez la situation.",1
overall_C_su_ex_fire,state,"Le jugement peut facilement être obscurci par des émotions débordantes, et l’énergie claire peut s’écouler dans une atmosphère excitée, ce qui peut obscurcir la prudence.",1
overall_C_su_ex_water,intro,C'est une journée où tout le flux va dans la direction opposée et où la journée ne se passe pas bien.,1
overall_C_su_ex_water,effect,Une inversion de flux crée des pertes et des échecs dans plusieurs domaines simultanément.,1
overall_C_su_ex_water,action,"Au lieu d’aller à contre-courant, arrêtez-vous un instant et observez la situation.",1
overall_C_su_ex_water,state,"Il est facile que votre jugement s'obscurcisse à cause d'émotions débordantes, et l'énergie de la pluie et de la neige peut stimuler vos émotions et votre moi intérieur, ce qui peut augmenter l'impact.",1
overall_C_su_ex_wood,intro,C'est une journée où tout le flux va dans la direction opposée et où la journée ne se passe pas bien.,1
overall_C_su_ex_wood,effect,Une inversion de flux crée des pertes et des échecs dans plusieurs domaines simultanément.,1
overall_C_su_ex_wood,action,"Au lieu d’aller à contre-courant, arrêtez-vous un instant et observez la situation.",1
overall_C_su_ex_wood,state,"Le jugement peut facilement être obscurci par les émotions, et la forte énergie du changement peut bouleverser le rythme et conduire à des variables inattendues.",1
overall_C_to_df_earth,intro,C’est une journée instable toute la journée car les fondations globalement stables sont ébranlées.,1
overall_C_to_df_earth,effect,Une chance globale instable crée des problèmes inattendus dans de nombreux domaines.,1
overall_C_to_df_earth,action,Ne vous précipitez pas dans des décisions et trouvez d’abord la stabilité.,1
overall_C_to_df_earth,state,"Parce que votre centre est ébranlé, il est facile de se laisser influencer par votre environnement, et une énergie trouble peut vous ralentir et alourdir vos pensées.",1
overall_C_to_df_fire,intro,C’est une journée instable toute la journée car les fondations globalement stables sont ébranlées.,1
overall_C_to_df_fire,effect,Une chance globale instable crée des problèmes inattendus dans de nombreux domaines.,1
overall_C_to_df_fire,action,Ne vous précipitez pas dans des décisions et trouvez d’abord la stabilité.,1
overall_C_to_df_fire,state,"Parce que votre centre est ébranlé, il est facile de se laisser influencer par ceux qui vous entourent et votre énergie claire peut couler dans une atmosphère excitée, ce qui peut brouiller votre prudence.",1
overall_C_to_df_water,intro,C’est une journée instable toute la journée car les fondations globalement stables sont ébranlées.,1
overall_C_to_df_water,effect,Une chance globale instable crée des problèmes inattendus dans de nombreux domaines.,1
overall_C_to_df_water,action,Ne vous précipitez pas dans des décisions et trouvez d’abord la stabilité.,1
overall_C_to_df_water,state,"Parce que votre centre est ébranlé, il est facile de se laisser influencer par votre environnement, et l’énergie de la pluie et de la neige peut stimuler vos émotions et votre moi intérieur, ce qui peut augmenter l’impact.",1
overall_C_to_df_wood,intro,C’est une journée instable toute la journée car les fondations globalement stables sont ébranlées.,1
overall_C_to_df_wood,effect,Une chance globale instable crée des problèmes inattendus dans de nombreux domaines.,1
overall_C_to_df_wood,action,Ne vous précipitez pas dans des décisions et trouvez d’abord la stabilité.,1
overall_C_to_df_wood,state,"Parce que le centre est ébranlé, il est facile de se laisser influencer par l'environnement, et la forte énergie du changement peut bouleverser le rythme et conduire à des variables inattendues.",1
overall_C_to_ex_earth,intro,C’est une journée instable toute la journée car les fondations globalement stables sont ébranlées.,1
overall_C_to_ex_earth,effect,Une chance globale instable crée des problèmes inattendus dans de nombreux domaines.,1
overall_C_to_ex_earth,action,Ne vous précipitez pas dans des décisions et trouvez d’abord la stabilité.,1
overall_C_to_ex_earth,state,"Un esprit qui refuse de changer peut bloquer des opportunités, et une énergie trouble peut ralentir votre rythme et alourdir vos pensées.",1
overall_C_to_ex_fire,intro,C’est une journée instable toute la journée car les fondations globalement stables sont ébranlées.,1
overall_C_to_ex_fire,effect,Une chance globale instable crée des problèmes inattendus dans de nombreux domaines.,1
overall_C_to_ex_fire,action,Ne vous précipitez pas dans des décisions et trouvez d’abord la stabilité.,1
overall_C_to_ex_fire,state,"Un esprit qui refuse de changer peut bloquer des opportunités, et une énergie claire peut couler dans une atmosphère excitée, obscurcissant la prudence.",1
overall_C_to_ex_water,intro,C’est une journée instable toute la journée car les fondations globalement stables sont ébranlées.,1
overall_C_to_ex_water,effect,Une chance globale instable crée des problèmes inattendus dans de nombreux domaines.,1
overall_C_to_ex_water,action,Ne vous précipitez pas dans des décisions et trouvez d’abord la stabilité.,1
overall_C_to_ex_water,state,"Un esprit qui refuse de changer peut bloquer des opportunités, et l’énergie de la pluie et de la neige peut stimuler les émotions et les sentiments intérieurs, ce qui peut accroître l’impact.",1
overall_C_to_ex_wood,intro,C’est une journée instable toute la journée car les fondations globalement stables sont ébranlées.,1
overall_C_to_ex_wood,effect,Une chance globale instable crée des problèmes inattendus dans de nombreux domaines.,1
overall_C_to_ex_wood,action,Ne vous précipitez pas dans des décisions et trouvez d’abord la stabilité.,1
overall_C_to_ex_wood,state,"Un refus de changement peut bloquer des opportunités, et la forte énergie du changement peut bouleverser le rythme et conduire à des variables inattendues.",1
overall_C1,intro,"Aujourd’hui, votre énergie est assez faible, c’est donc une journée pour développer votre force tranquillement plutôt que de faire de grands mouvements.",1
overall_C1,intro,"Les circonstances ne sont peut-être pas favorables aujourd’hui, vous devez donc agir avec prudence.",1
overall_C1,effect,"Il est important d’économiser l’énergie, car trop d’efforts peuvent se retourner contre vous.",1
overall_C1,effect,"Une petite erreur ou une négligence peut conduire à de gros résultats, il est donc préférable de tout vérifier une fois de plus.",1
overall_C1,action,C'est un jour où vous êtes assez bon juste pour conserver ce que vous avez.,1
overall_C1,action,"Aujourd’hui, concentrez-vous sur le tri des tâches existantes et sur la préparation de votre prochain déménagement plutôt que sur l’essai de nouvelles choses.",1
overall_C1_geum_df_earth,intro,"C’est une très mauvaise journée pour votre fortune globale, avec des difficultés dans de nombreux domaines.",1
overall_C1_geum_df_earth,effect,La forte baisse des fortunes globales crée des obstacles à toutes les tentatives.,1
overall_C1_geum_df_earth,action,Arrêtez d’essayer de nouvelles choses aujourd’hui et concentrez-vous sur le maintien du statu quo.,1
overall_C1_geum_df_earth,state,"En raison du manque de détermination, il est facile de faire des choix indécis, et une énergie trouble peut réduire la motivation et troubler le jugement.",1
overall_C1_geum_df_fire,intro,"C’est une très mauvaise journée pour votre fortune globale, avec des difficultés dans de nombreux domaines.",1
overall_C1_geum_df_fire,effect,La forte baisse des fortunes globales crée des obstacles à toutes les tentatives.,1
overall_C1_geum_df_fire,action,Arrêtez d’essayer de nouvelles choses aujourd’hui et concentrez-vous sur le maintien du statu quo.,1
overall_C1_geum_df_fire,state,"En raison du manque de détermination, il est facile de faire des choix indécis, et un Yang excité peut dissiper le calme et conduire à des erreurs mineures.",1
overall_C1_geum_df_water,intro,"C’est une très mauvaise journée pour votre fortune globale, avec des difficultés dans de nombreux domaines.",1
overall_C1_geum_df_water,effect,La forte baisse des fortunes globales crée des obstacles à toutes les tentatives.,1
overall_C1_geum_df_water,action,Arrêtez d’essayer de nouvelles choses aujourd’hui et concentrez-vous sur le maintien du statu quo.,1
overall_C1_geum_df_water,state,"En raison du manque de détermination, il est facile de faire des choix indécis, et l'énergie de la pluie et de la neige peut ne pas calmer vos émotions, ce qui rend votre cœur lourd.",1
overall_C1_geum_df_wood,intro,"C’est une très mauvaise journée pour votre fortune globale, avec des difficultés dans de nombreux domaines.",1
overall_C1_geum_df_wood,effect,La forte baisse des fortunes globales crée des obstacles à toutes les tentatives.,1
overall_C1_geum_df_wood,action,Arrêtez d’essayer de nouvelles choses aujourd’hui et concentrez-vous sur le maintien du statu quo.,1
overall_C1_geum_df_wood,state,"En raison du manque de détermination, il est facile de faire des choix indécis et l’énergie du changement peut continuer à interférer et à perturber les plans.",1
overall_C1_geum_ex_earth,intro,"C’est une très mauvaise journée pour votre fortune globale, avec des difficultés dans de nombreux domaines.",1
overall_C1_geum_ex_earth,effect,La forte baisse des fortunes globales crée des obstacles à toutes les tentatives.,1
overall_C1_geum_ex_earth,action,Arrêtez d’essayer de nouvelles choses aujourd’hui et concentrez-vous sur le maintien du statu quo.,1
overall_C1_geum_ex_earth,state,"La netteté peut aller trop loin et constituer un fardeau pour ceux qui vous entourent, et une énergie trouble peut réduire la motivation et brouiller votre jugement.",1
overall_C1_geum_ex_fire,intro,"C’est une très mauvaise journée pour votre fortune globale, avec des difficultés dans de nombreux domaines.",1
overall_C1_geum_ex_fire,effect,La forte baisse des fortunes globales crée des obstacles à toutes les tentatives.,1
overall_C1_geum_ex_fire,action,Arrêtez d’essayer de nouvelles choses aujourd’hui et concentrez-vous sur le maintien du statu quo.,1
overall_C1_geum_ex_fire,state,"Votre acuité peut aller trop loin et constituer un fardeau pour ceux qui vous entourent, et votre énergie excitée peut dissiper votre calme et conduire à des erreurs mineures.",1
overall_C1_geum_ex_water,intro,"C’est une très mauvaise journée pour votre fortune globale, avec des difficultés dans de nombreux domaines.",1
overall_C1_geum_ex_water,effect,La forte baisse des fortunes globales crée des obstacles à toutes les tentatives.,1
overall_C1_geum_ex_water,action,Arrêtez d’essayer de nouvelles choses aujourd’hui et concentrez-vous sur le maintien du statu quo.,1
overall_C1_geum_ex_water,state,"Votre acuité peut aller trop loin et faire peser un fardeau sur ceux qui vous entourent, et l'énergie de la pluie et de la neige ne peut pas calmer vos émotions, ce qui rend votre cœur lourd.",1
overall_C1_geum_ex_wood,intro,"C’est une très mauvaise journée pour votre fortune globale, avec des difficultés dans de nombreux domaines.",1
overall_C1_geum_ex_wood,effect,La forte baisse des fortunes globales crée des obstacles à toutes les tentatives.,1
overall_C1_geum_ex_wood,action,Arrêtez d’essayer de nouvelles choses aujourd’hui et concentrez-vous sur le maintien du statu quo.,1
overall_C1_geum_ex_wood,state,"Votre acuité peut aller trop loin et constituer un fardeau pour ceux qui vous entourent, et l'énergie du changement peut continuer à interférer avec vos projets.",1
overall_C1_hwa_df_earth,intro,"Votre énergie globale est extrêmement faible, ce qui fait de votre journée entière une journée léthargique.",1
overall_C1_hwa_df_earth,effect,L’épuisement complet de l’énergie bloque les performances dans tous les domaines.,1
overall_C1_hwa_df_earth,action,Faites une activité minimale et concentrez-vous sur la récupération d’énergie.,1
overall_C1_hwa_df_earth,state,"Il est facile que vos sentiments ne soient pas exprimés correctement en raison d’un blocage de l’expression, et une énergie trouble peut réduire la motivation et brouiller votre jugement.",1
overall_C1_hwa_df_fire,intro,"Votre énergie globale est extrêmement faible, ce qui fait de votre journée entière une journée léthargique.",1
overall_C1_hwa_df_fire,effect,L’épuisement complet de l’énergie bloque les performances dans tous les domaines.,1
overall_C1_hwa_df_fire,action,Faites une activité minimale et concentrez-vous sur la récupération d’énergie.,1
overall_C1_hwa_df_fire,state,"Il est facile que vos sentiments ne soient pas transmis correctement en raison d'un blocage de l'expression, et une énergie excitée peut disperser votre calme et conduire à des erreurs mineures.",1
overall_C1_hwa_df_water,intro,"Votre énergie globale est extrêmement faible, ce qui fait de votre journée entière une journée léthargique.",1
overall_C1_hwa_df_water,effect,L’épuisement complet de l’énergie bloque les performances dans tous les domaines.,1
overall_C1_hwa_df_water,action,Faites une activité minimale et concentrez-vous sur la récupération d’énergie.,1
overall_C1_hwa_df_water,state,"Parce que les expressions sont bloquées, il est facile que vos sentiments ne soient pas transmis correctement, et l'énergie de la pluie et de la neige ne peut pas calmer vos émotions, ce qui peut rendre votre cœur lourd.",1
overall_C1_hwa_df_wood,intro,"Votre énergie globale est extrêmement faible, ce qui fait de votre journée entière une journée léthargique.",1
overall_C1_hwa_df_wood,effect,L’épuisement complet de l’énergie bloque les performances dans tous les domaines.,1
overall_C1_hwa_df_wood,action,Faites une activité minimale et concentrez-vous sur la récupération d’énergie.,1
overall_C1_hwa_df_wood,state,"Il est facile que vos sentiments ne soient pas transmis correctement en raison d’un blocage de l’expression, et l’énergie du changement peut continuer à interférer et perturber vos plans.",1
overall_C1_hwa_ex_earth,intro,"Votre énergie globale est extrêmement faible, ce qui fait de votre journée entière une journée léthargique.",1
overall_C1_hwa_ex_earth,effect,L’épuisement complet de l’énergie bloque les performances dans tous les domaines.,1
overall_C1_hwa_ex_earth,action,Faites une activité minimale et concentrez-vous sur la récupération d’énergie.,1
overall_C1_hwa_ex_earth,state,"Il est facile pour les émotions de provoquer des frictions, même pour de petites choses, et une énergie trouble peut réduire la motivation et troubler le jugement.",1
overall_C1_hwa_ex_fire,intro,"Votre énergie globale est extrêmement faible, ce qui fait de votre journée entière une journée léthargique.",1
overall_C1_hwa_ex_fire,effect,L’épuisement complet de l’énergie bloque les performances dans tous les domaines.,1
overall_C1_hwa_ex_fire,action,Faites une activité minimale et concentrez-vous sur la récupération d’énergie.,1
overall_C1_hwa_ex_fire,state,"Il est facile pour les émotions de provoquer des frictions, même pour de petites choses, et une énergie excitée peut perturber votre calme et conduire à des erreurs mineures.",1
overall_C1_hwa_ex_water,intro,"Votre énergie globale est extrêmement faible, ce qui fait de votre journée entière une journée léthargique.",1
overall_C1_hwa_ex_water,effect,L’épuisement complet de l’énergie bloque les performances dans tous les domaines.,1
overall_C1_hwa_ex_water,action,Faites une activité minimale et concentrez-vous sur la récupération d’énergie.,1
overall_C1_hwa_ex_water,state,"Il est facile que des émotions surgissent, même pour de petites choses, et l'énergie de la pluie et de la neige ne peut pas calmer vos émotions, ce qui rend votre cœur lourd.",1
overall_C1_hwa_ex_wood,intro,"Votre énergie globale est extrêmement faible, ce qui fait de votre journée entière une journée léthargique.",1
overall_C1_hwa_ex_wood,effect,L’épuisement complet de l’énergie bloque les performances dans tous les domaines.,1
overall_C1_hwa_ex_wood,action,Faites une activité minimale et concentrez-vous sur la récupération d’énergie.,1
overall_C1_hwa_ex_wood,state,"Si vous êtes motivé par les émotions, il est facile que des frictions surviennent, même pour de petites choses, et l'énergie du changement peut continuer à interférer et à perturber vos projets.",1
overall_C1_mok_df_earth,intro,"C’est un jour où l’énergie de croissance globale est complètement bloquée, ce qui rend difficile toute tentative de porter ses fruits.",1
overall_C1_mok_df_earth,effect,Le blocage de l’énergie de croissance crée une régression et une frustration dans tous les domaines.,1
overall_C1_mok_df_earth,action,Ne commencez rien de nouveau aujourd'hui et préparez-vous pour demain.,1
overall_C1_mok_df_earth,state,"Si vous hésitez longtemps, il est facile qu’une opportunité vous échappe, et une énergie trouble peut réduire votre motivation et brouiller votre jugement.",1
overall_C1_mok_df_fire,intro,"C’est un jour où l’énergie de croissance globale est complètement bloquée, ce qui rend difficile toute tentative de porter ses fruits.",1
overall_C1_mok_df_fire,effect,Le blocage de l’énergie de croissance crée une régression et une frustration dans tous les domaines.,1
overall_C1_mok_df_fire,action,Ne commencez rien de nouveau aujourd'hui et préparez-vous pour demain.,1
overall_C1_mok_df_fire,state,"Si vous hésitez longtemps, il est facile qu'une opportunité vous échappe et une énergie excitée peut dissiper votre calme et conduire à des erreurs mineures.",1
overall_C1_mok_df_water,intro,"C’est un jour où l’énergie de croissance globale est complètement bloquée, ce qui rend difficile toute tentative de porter ses fruits.",1
overall_C1_mok_df_water,effect,Le blocage de l’énergie de croissance crée une régression et une frustration dans tous les domaines.,1
overall_C1_mok_df_water,action,Ne commencez rien de nouveau aujourd'hui et préparez-vous pour demain.,1
overall_C1_mok_df_water,state,"Si vous hésitez longtemps, il est facile qu'une opportunité vous échappe, et l'énergie de la pluie et de la neige ne peut pas calmer vos émotions, ce qui rend votre cœur lourd.",1
overall_C1_mok_df_wood,intro,"C’est un jour où l’énergie de croissance globale est complètement bloquée, ce qui rend difficile toute tentative de porter ses fruits.",1
overall_C1_mok_df_wood,effect,Le blocage de l’énergie de croissance crée une régression et une frustration dans tous les domaines.,1
overall_C1_mok_df_wood,action,Ne commencez rien de nouveau aujourd'hui et préparez-vous pour demain.,1
overall_C1_mok_df_wood,state,"Si vous hésitez longtemps, il est facile qu’une opportunité vous échappe et l’énergie du changement peut continuer à interférer et à perturber vos projets.",1
overall_C1_mok_ex_earth,intro,"C’est un jour où l’énergie de croissance globale est complètement bloquée, ce qui rend difficile toute tentative de porter ses fruits.",1
overall_C1_mok_ex_earth,effect,Le blocage de l’énergie de croissance crée une régression et une frustration dans tous les domaines.,1
overall_C1_mok_ex_earth,action,Ne commencez rien de nouveau aujourd'hui et préparez-vous pour demain.,1
overall_C1_mok_ex_earth,state,"Il est facile pour l’avidité de conduire à des choses qui ne peuvent être comprises, et une énergie trouble peut réduire la motivation et troubler le jugement.",1
overall_C1_mok_ex_fire,intro,"C’est un jour où l’énergie de croissance globale est complètement bloquée, ce qui rend difficile toute tentative de porter ses fruits.",1
overall_C1_mok_ex_fire,effect,Le blocage de l’énergie de croissance crée une régression et une frustration dans tous les domaines.,1
overall_C1_mok_ex_fire,action,Ne commencez rien de nouveau aujourd'hui et préparez-vous pour demain.,1
overall_C1_mok_ex_fire,state,"Il est facile de devenir gourmand et de faire des choses que vous ne pouvez pas contrôler, et une énergie excitée peut perturber votre calme et conduire à des erreurs mineures.",1
overall_C1_mok_ex_water,intro,"C’est un jour où l’énergie de croissance globale est complètement bloquée, ce qui rend difficile toute tentative de porter ses fruits.",1
overall_C1_mok_ex_water,effect,Le blocage de l’énergie de croissance crée une régression et une frustration dans tous les domaines.,1
overall_C1_mok_ex_water,action,Ne commencez rien de nouveau aujourd'hui et préparez-vous pour demain.,1
overall_C1_mok_ex_water,state,"Il est facile de devenir gourmand et de faire des choses que vous ne pouvez pas contrôler, et l'énergie de la pluie et de la neige ne peut pas calmer vos émotions, ce qui rend votre cœur lourd.",1
overall_C1_mok_ex_wood,intro,"C’est un jour où l’énergie de croissance globale est complètement bloquée, ce qui rend difficile toute tentative de porter ses fruits.",1
overall_C1_mok_ex_wood,effect,Le blocage de l’énergie de croissance crée une régression et une frustration dans tous les domaines.,1
overall_C1_mok_ex_wood,action,Ne commencez rien de nouveau aujourd'hui et préparez-vous pour demain.,1
overall_C1_mok_ex_wood,state,"Il est facile de devenir cupide et de finir par faire des choses que vous ne pouvez pas contrôler, et l'énergie du changement peut continuer à interférer et à perturber vos plans.",1
overall_C1_su_df_earth,intro,Tout le flux est complètement bloqué et la première moitié de la journée est difficile.,1
overall_C1_su_df_earth,effect,Le blocage du flux crée simultanément des défaillances et des pertes dans tous les domaines.,1
overall_C1_su_df_earth,action,N'allez pas à contre-courant et ne faites que les choix les plus sûrs.,1
overall_C1_su_df_earth,state,"Il est facile de s'entêter et de perdre le fil des choses à plusieurs reprises, et une énergie trouble peut réduire la motivation et brouiller votre jugement.",1
overall_C1_su_df_fire,intro,Tout le flux est complètement bloqué et la première moitié de la journée est difficile.,1
overall_C1_su_df_fire,effect,Le blocage du flux crée simultanément des défaillances et des pertes dans tous les domaines.,1
overall_C1_su_df_fire,action,N'allez pas à contre-courant et ne faites que les choix les plus sûrs.,1
overall_C1_su_df_fire,state,"Il est facile de s'entêter et de perdre la trace du flux, et une énergie excitée peut perturber votre calme et conduire à des erreurs mineures.",1
overall_C1_su_df_water,intro,Tout le flux est complètement bloqué et la première moitié de la journée est difficile.,1
overall_C1_su_df_water,effect,Le blocage du flux crée simultanément des défaillances et des pertes dans tous les domaines.,1
overall_C1_su_df_water,action,N'allez pas à contre-courant et ne faites que les choix les plus sûrs.,1
overall_C1_su_df_water,state,"Il est facile de devenir têtu et de perdre la trace du flux, et l'énergie de la pluie et de la neige ne peut pas calmer vos émotions, ce qui rend votre cœur lourd.",1
overall_C1_su_df_wood,intro,Tout le flux est complètement bloqué et la première moitié de la journée est difficile.,1
overall_C1_su_df_wood,effect,Le blocage du flux crée simultanément des défaillances et des pertes dans tous les domaines.,1
overall_C1_su_df_wood,action,N'allez pas à contre-courant et ne faites que les choix les plus sûrs.,1
overall_C1_su_df_wood,state,"Il est facile de s'entêter et de perdre le fil des choses à plusieurs reprises, et l'énergie du changement peut continuer à interférer et perturber vos plans.",1
overall_C1_su_ex_earth,intro,Tout le flux est complètement bloqué et la première moitié de la journée est difficile.,1
overall_C1_su_ex_earth,effect,Le blocage du flux crée simultanément des défaillances et des pertes dans tous les domaines.,1
overall_C1_su_ex_earth,action,N'allez pas à contre-courant et ne faites que les choix les plus sûrs.,1
overall_C1_su_ex_earth,state,"Les émotions deviennent plus profondes, il est donc facile d'être secoué par des stimuli, même minimes, et une énergie trouble peut réduire la motivation et le jugement trouble.",1
overall_C1_su_ex_fire,intro,Tout le flux est complètement bloqué et la première moitié de la journée est difficile.,1
overall_C1_su_ex_fire,effect,Le blocage du flux crée simultanément des défaillances et des pertes dans tous les domaines.,1
overall_C1_su_ex_fire,action,N'allez pas à contre-courant et ne faites que les choix les plus sûrs.,1
overall_C1_su_ex_fire,state,"Les émotions deviennent profondes, il est donc facile d'être secoué par le moindre stimulus, et une énergie excitée peut perturber le calme et conduire à des erreurs mineures.",1
overall_C1_su_ex_water,intro,Tout le flux est complètement bloqué et la première moitié de la journée est difficile.,1
overall_C1_su_ex_water,effect,Le blocage du flux crée simultanément des défaillances et des pertes dans tous les domaines.,1
overall_C1_su_ex_water,action,N'allez pas à contre-courant et ne faites que les choix les plus sûrs.,1
overall_C1_su_ex_water,state,"À mesure que les émotions deviennent plus profondes, il est facile d'être secoué par le moindre stimulus, et l'énergie de la pluie et de la neige peut ne pas calmer les émotions, rendant le cœur lourd.",1
overall_C1_su_ex_wood,intro,Tout le flux est complètement bloqué et la première moitié de la journée est difficile.,1
overall_C1_su_ex_wood,effect,Le blocage du flux crée simultanément des défaillances et des pertes dans tous les domaines.,1
overall_C1_su_ex_wood,action,N'allez pas à contre-courant et ne faites que les choix les plus sûrs.,1
overall_C1_su_ex_wood,state,"À mesure que vos émotions s’approfondissent, il est facile d’être ébranlé par le moindre stimulus, et l’énergie du changement peut continuer à interférer et à perturber vos plans.",1
overall_C1_to_df_earth,intro,C’est un jour où votre sentiment général de stabilité a été sérieusement perturbé et où il est difficile de croire en quoi que ce soit.,1
overall_C1_to_df_earth,effect,La base de chance globale instable provoque une série de problèmes.,1
overall_C1_to_df_earth,action,Reportez aujourd’hui toutes les décisions importantes et concentrez-vous uniquement sur le rétablissement de la stabilité.,1
overall_C1_to_df_earth,state,"Parce que vous n’êtes pas centré, vos décisions peuvent facilement changer, et une énergie trouble peut réduire votre motivation et brouiller votre jugement.",1
overall_C1_to_df_fire,intro,C’est un jour où votre sentiment général de stabilité a été sérieusement perturbé et où il est difficile de croire en quoi que ce soit.,1
overall_C1_to_df_fire,effect,La base de chance globale instable provoque une série de problèmes.,1
overall_C1_to_df_fire,action,Reportez aujourd’hui toutes les décisions importantes et concentrez-vous uniquement sur le rétablissement de la stabilité.,1
overall_C1_to_df_fire,state,"Parce que vous n’êtes pas centré, il est facile de changer vos décisions et votre énergie excitée peut dissiper votre calme et conduire à des erreurs mineures.",1
overall_C1_to_df_water,intro,C’est un jour où votre sentiment général de stabilité a été sérieusement perturbé et où il est difficile de croire en quoi que ce soit.,1
overall_C1_to_df_water,effect,La base de chance globale instable provoque une série de problèmes.,1
overall_C1_to_df_water,action,Reportez aujourd’hui toutes les décisions importantes et concentrez-vous uniquement sur le rétablissement de la stabilité.,1
overall_C1_to_df_water,state,"Parce que vous n’êtes pas centré, il est facile de changer vos décisions, et l’énergie de la pluie et de la neige ne peut pas calmer vos émotions, ce qui rend votre cœur lourd.",1
overall_C1_to_df_wood,intro,C’est un jour où votre sentiment général de stabilité a été sérieusement perturbé et où il est difficile de croire en quoi que ce soit.,1
overall_C1_to_df_wood,effect,La base de chance globale instable provoque une série de problèmes.,1
overall_C1_to_df_wood,action,Reportez aujourd’hui toutes les décisions importantes et concentrez-vous uniquement sur le rétablissement de la stabilité.,1
overall_C1_to_df_wood,state,"Parce que vous n’êtes pas centré, vos décisions peuvent facilement changer et l’énergie du changement peut continuer à interférer avec vos projets.",1
overall_C1_to_ex_earth,intro,C’est un jour où votre sentiment général de stabilité a été sérieusement perturbé et où il est difficile de croire en quoi que ce soit.,1
overall_C1_to_ex_earth,effect,La base de chance globale instable provoque une série de problèmes.,1
overall_C1_to_ex_earth,action,Reportez aujourd’hui toutes les décisions importantes et concentrez-vous uniquement sur le rétablissement de la stabilité.,1
overall_C1_to_ex_earth,state,"Il est facile d’ignorer les changements qui nécessitent une orientation obstinée vers la stabilité, et une énergie trouble peut réduire la motivation et le jugement.",1
overall_C1_to_ex_fire,intro,C’est un jour où votre sentiment général de stabilité a été sérieusement perturbé et où il est difficile de croire en quoi que ce soit.,1
overall_C1_to_ex_fire,effect,La base de chance globale instable provoque une série de problèmes.,1
overall_C1_to_ex_fire,action,Reportez aujourd’hui toutes les décisions importantes et concentrez-vous uniquement sur le rétablissement de la stabilité.,1
overall_C1_to_ex_fire,state,"Il est facile d'ignorer les changements qui nécessitent une stabilité obstinée, et une énergie excitée peut perturber le calme et conduire à des erreurs mineures.",1
overall_C1_to_ex_water,intro,C’est un jour où votre sentiment général de stabilité a été sérieusement perturbé et où il est difficile de croire en quoi que ce soit.,1
overall_C1_to_ex_water,effect,La base de chance globale instable provoque une série de problèmes.,1
overall_C1_to_ex_water,action,Reportez aujourd’hui toutes les décisions importantes et concentrez-vous uniquement sur le rétablissement de la stabilité.,1
overall_C1_to_ex_water,state,"Il est facile d'ignorer les changements qui nécessitent une stabilité obstinée, et l'énergie de la pluie et de la neige peut ne pas calmer vos émotions, ce qui rend votre cœur lourd.",1
overall_C1_to_ex_wood,intro,C’est un jour où votre sentiment général de stabilité a été sérieusement perturbé et où il est difficile de croire en quoi que ce soit.,1
overall_C1_to_ex_wood,effect,La base de chance globale instable provoque une série de problèmes.,1
overall_C1_to_ex_wood,action,Reportez aujourd’hui toutes les décisions importantes et concentrez-vous uniquement sur le rétablissement de la stabilité.,1
overall_C1_to_ex_wood,state,"Il est facile d’ignorer les changements qui nécessitent une orientation obstinée vers la stabilité, et l’énergie du changement peut continuer à interférer et à perturber vos plans.",1
overall_D,intro,"Aujourd’hui, votre énergie est au plus bas, il faut donc une journée pour abandonner complètement les excès.",1
overall_D,intro,"Le flux de chance est aujourd’hui largement fermé, il est donc préférable de tout garder au minimum.",1
overall_D,effect,"C'est une journée difficile à vivre comme prévu dans n'importe quel domaine, qui demande de la patience et de la retenue.",1
overall_D,effect,"L'énergie est proche du fond, donc même de petits efforts peuvent conduire à un épuisement majeur, il est donc important d'économiser l'énergie.",1
overall_D,action,"Aujourd’hui, l’existence elle-même suffit. C'est une bonne journée même si tu ne fais rien.",1
overall_D,action,Économiser l’énergie pour demain est la chose la plus intelligente que vous puissiez faire aujourd’hui.,1
overall_D_geum_df_earth,intro,Aujourd’hui est une journée très difficile car votre fortune globale est au plus bas.,1
overall_D_geum_df_earth,effect,Un déclin complet de toutes les fortunes rend tout effort infructueux.,1
overall_D_geum_df_earth,action,Passez une journée tranquille aujourd’hui et attendez avec impatience demain.,1
overall_D_geum_df_earth,state,"Votre détermination peut être grandement brisée, et tout choix que vous faites peut entraîner des regrets, et l’énergie épaisse et trouble peut tout ralentir considérablement.",1
overall_D_geum_df_fire,intro,Aujourd’hui est une journée très difficile car votre fortune globale est au plus bas.,1
overall_D_geum_df_fire,effect,Un déclin complet de toutes les fortunes rend tout effort infructueux.,1
overall_D_geum_df_fire,action,Passez une journée tranquille aujourd’hui et attendez avec impatience demain.,1
overall_D_geum_df_fire,state,"La capacité de décision peut être considérablement affaiblie et tout choix peut conduire à des regrets, et un yang fort peut encourager les impulsions et conduire à des actions imprudentes.",1
overall_D_geum_df_water,intro,Aujourd’hui est une journée très difficile car votre fortune globale est au plus bas.,1
overall_D_geum_df_water,effect,Un déclin complet de toutes les fortunes rend tout effort infructueux.,1
overall_D_geum_df_water,action,Passez une journée tranquille aujourd’hui et attendez avec impatience demain.,1
overall_D_geum_df_water,state,"Votre détermination peut être grandement brisée et tout choix que vous faites peut entraîner des regrets, et la force des fortes pluies et de la neige peut ébranler violemment vos émotions, rendant difficile leur contrôle.",1
overall_D_geum_df_wood,intro,Aujourd’hui est une journée très difficile car votre fortune globale est au plus bas.,1
overall_D_geum_df_wood,effect,Un déclin complet de toutes les fortunes rend tout effort infructueux.,1
overall_D_geum_df_wood,action,Passez une journée tranquille aujourd’hui et attendez avec impatience demain.,1
overall_D_geum_df_wood,state,"Votre détermination peut être grandement brisée, tout choix que vous faites peut se terminer par des regrets et la féroce énergie du changement peut égarer toutes vos prédictions.",1
overall_D_geum_ex_earth,intro,Aujourd’hui est une journée très difficile car votre fortune globale est au plus bas.,1
overall_D_geum_ex_earth,effect,Un déclin complet de toutes les fortunes rend tout effort infructueux.,1
overall_D_geum_ex_earth,action,Passez une journée tranquille aujourd’hui et attendez avec impatience demain.,1
overall_D_geum_ex_earth,state,"Si la netteté va trop loin, cela peut créer une profonde rupture avec l’environnement, et l’épaisse énergie nuageuse peut tout ralentir considérablement.",1
overall_D_geum_ex_fire,intro,Aujourd’hui est une journée très difficile car votre fortune globale est au plus bas.,1
overall_D_geum_ex_fire,effect,Un déclin complet de toutes les fortunes rend tout effort infructueux.,1
overall_D_geum_ex_fire,action,Passez une journée tranquille aujourd’hui et attendez avec impatience demain.,1
overall_D_geum_ex_fire,state,"La netteté peut aller trop loin et créer de profondes divisions avec ceux qui vous entourent, et un yang fort peut encourager les impulsions et conduire à des actions imprudentes.",1
overall_D_geum_ex_water,intro,Aujourd’hui est une journée très difficile car votre fortune globale est au plus bas.,1
overall_D_geum_ex_water,effect,Un déclin complet de toutes les fortunes rend tout effort infructueux.,1
overall_D_geum_ex_water,action,Passez une journée tranquille aujourd’hui et attendez avec impatience demain.,1
overall_D_geum_ex_water,state,"La netteté peut aller trop loin et créer de profondes fissures avec l'environnement, et la force de fortes pluies et de neige peut ébranler violemment vos émotions, rendant difficile leur contrôle.",1
overall_D_geum_ex_wood,intro,Aujourd’hui est une journée très difficile car votre fortune globale est au plus bas.,1
overall_D_geum_ex_wood,effect,Un déclin complet de toutes les fortunes rend tout effort infructueux.,1
overall_D_geum_ex_wood,action,Passez une journée tranquille aujourd’hui et attendez avec impatience demain.,1
overall_D_geum_ex_wood,state,"La netteté peut aller trop loin et créer de profondes fissures avec l’environnement, et l’énergie féroce du changement peut égarer toutes les prédictions.",1
overall_D_hwa_df_earth,intro,C’est un jour où votre énergie globale est complètement épuisée et où tout mouvement est difficile.,1
overall_D_hwa_df_earth,effect,L’épuisement complet de l’énergie provoque l’effondrement simultané de tous les champs.,1
overall_D_hwa_df_earth,action,Réduisez toute activité aujourd’hui et reposez-vous complètement.,1
overall_D_hwa_df_earth,state,"La manière de transmettre ses sentiments est complètement fermée, ce qui peut aggraver les malentendus et la déconnexion, et l'énergie épaisse et trouble peut tout ralentir considérablement.",1
overall_D_hwa_df_fire,intro,C’est un jour où votre énergie globale est complètement épuisée et où tout mouvement est difficile.,1
overall_D_hwa_df_fire,effect,L’épuisement complet de l’énergie provoque l’effondrement simultané de tous les champs.,1
overall_D_hwa_df_fire,action,Réduisez toute activité aujourd’hui et reposez-vous complètement.,1
overall_D_hwa_df_fire,state,"La manière de communiquer ses sentiments est complètement fermée, ce qui peut aggraver les malentendus et la déconnexion, et une forte énergie positive peut encourager les impulsions et conduire à des actions imprudentes.",1
overall_D_hwa_df_water,intro,C’est un jour où votre énergie globale est complètement épuisée et où tout mouvement est difficile.,1
overall_D_hwa_df_water,effect,L’épuisement complet de l’énergie provoque l’effondrement simultané de tous les champs.,1
overall_D_hwa_df_water,action,Réduisez toute activité aujourd’hui et reposez-vous complètement.,1
overall_D_hwa_df_water,state,"La manière de communiquer ses sentiments est complètement fermée, ce qui peut aggraver les malentendus et la déconnexion, et la force des fortes pluies et de la neige peut ébranler violemment les émotions, rendant difficile leur contrôle.",1
overall_D_hwa_df_wood,intro,C’est un jour où votre énergie globale est complètement épuisée et où tout mouvement est difficile.,1
overall_D_hwa_df_wood,effect,L’épuisement complet de l’énergie provoque l’effondrement simultané de tous les champs.,1
overall_D_hwa_df_wood,action,Réduisez toute activité aujourd’hui et reposez-vous complètement.,1
overall_D_hwa_df_wood,state,"La manière de communiquer ses sentiments est complètement fermée, les malentendus et la déconnexion peuvent s'approfondir, et l'énergie féroce du changement peut égarer toutes les prédictions.",1
overall_D_hwa_ex_earth,intro,C’est un jour où votre énergie globale est complètement épuisée et où tout mouvement est difficile.,1
overall_D_hwa_ex_earth,effect,L’épuisement complet de l’énergie provoque l’effondrement simultané de tous les champs.,1
overall_D_hwa_ex_earth,action,Réduisez toute activité aujourd’hui et reposez-vous complètement.,1
overall_D_hwa_ex_earth,state,"Les émotions surchauffées peuvent se transformer en un conflit irréparable, et l’épaisse énergie nuageuse peut tout ralentir considérablement.",1
overall_D_hwa_ex_fire,intro,C’est un jour où votre énergie globale est complètement épuisée et où tout mouvement est difficile.,1
overall_D_hwa_ex_fire,effect,L’épuisement complet de l’énergie provoque l’effondrement simultané de tous les champs.,1
overall_D_hwa_ex_fire,action,Réduisez toute activité aujourd’hui et reposez-vous complètement.,1
overall_D_hwa_ex_fire,state,"Des émotions surchauffées peuvent conduire à des conflits irréversibles, et un yang fort peut encourager les impulsions et conduire à des actions imprudentes.",1
overall_D_hwa_ex_water,intro,C’est un jour où votre énergie globale est complètement épuisée et où tout mouvement est difficile.,1
overall_D_hwa_ex_water,effect,L’épuisement complet de l’énergie provoque l’effondrement simultané de tous les champs.,1
overall_D_hwa_ex_water,action,Réduisez toute activité aujourd’hui et reposez-vous complètement.,1
overall_D_hwa_ex_water,state,"Les émotions surchauffées peuvent se transformer en un conflit irréparable, et la force des fortes pluies et de la neige secoue violemment les émotions, rendant le contrôle difficile.",1
overall_D_hwa_ex_wood,intro,C’est un jour où votre énergie globale est complètement épuisée et où tout mouvement est difficile.,1
overall_D_hwa_ex_wood,effect,L’épuisement complet de l’énergie provoque l’effondrement simultané de tous les champs.,1
overall_D_hwa_ex_wood,action,Réduisez toute activité aujourd’hui et reposez-vous complètement.,1
overall_D_hwa_ex_wood,state,"Des émotions surchauffées peuvent se transformer en un conflit irréparable, et l’énergie féroce du changement peut égarer toutes les prédictions.",1
overall_D_mok_df_earth,intro,Cela peut être le pire jour de votre vie car votre énergie globale de croissance est complètement perdue.,1
overall_D_mok_df_earth,effect,La perte totale de l’énergie de croissance aggrave la situation dans son ensemble.,1
overall_D_mok_df_earth,action,Ne faites rien de nouveau aujourd'hui et remettez cela à demain.,1
overall_D_mok_df_earth,state,"La peur peut complètement vous empêcher d’agir et même vous faire perdre des opportunités, et l’épaisse énergie nuageuse peut tout ralentir considérablement.",1
overall_D_mok_df_fire,intro,Cela peut être le pire jour de votre vie car votre énergie globale de croissance est complètement perdue.,1
overall_D_mok_df_fire,effect,La perte totale de l’énergie de croissance aggrave la situation dans son ensemble.,1
overall_D_mok_df_fire,action,Ne faites rien de nouveau aujourd'hui et remettez cela à demain.,1
overall_D_mok_df_fire,state,"La peur peut arrêter complètement une action et même entraîner une perte d’opportunités, et une forte énergie positive peut encourager les impulsions et conduire à des actions imprudentes.",1
overall_D_mok_df_water,intro,Cela peut être le pire jour de votre vie car votre énergie globale de croissance est complètement perdue.,1
overall_D_mok_df_water,effect,La perte totale de l’énergie de croissance aggrave la situation dans son ensemble.,1
overall_D_mok_df_water,action,Ne faites rien de nouveau aujourd'hui et remettez cela à demain.,1
overall_D_mok_df_water,state,"La peur peut vous empêcher complètement d’agir et même vous faire perdre des opportunités, et la force des fortes pluies et de la neige peut tellement ébranler vos émotions qu’il devient difficile de les contrôler.",1
overall_D_mok_df_wood,intro,Cela peut être le pire jour de votre vie car votre énergie globale de croissance est complètement perdue.,1
overall_D_mok_df_wood,effect,La perte totale de l’énergie de croissance aggrave la situation dans son ensemble.,1
overall_D_mok_df_wood,action,Ne faites rien de nouveau aujourd'hui et remettez cela à demain.,1
overall_D_mok_df_wood,state,"La peur peut arrêter complètement l’action et même conduire à la perte d’opportunités, et l’énergie féroce du changement peut égarer toutes les prédictions.",1
overall_D_mok_ex_earth,intro,Cela peut être le pire jour de votre vie car votre énergie globale de croissance est complètement perdue.,1
overall_D_mok_ex_earth,effect,La perte totale de l’énergie de croissance aggrave la situation dans son ensemble.,1
overall_D_mok_ex_earth,action,Ne faites rien de nouveau aujourd'hui et remettez cela à demain.,1
overall_D_mok_ex_earth,state,"Une motivation incontrôlable peut conduire à des accidents déraisonnables, et une énergie nuageuse et épaisse peut tout ralentir considérablement.",1
overall_D_mok_ex_fire,intro,Cela peut être le pire jour de votre vie car votre énergie globale de croissance est complètement perdue.,1
overall_D_mok_ex_fire,effect,La perte totale de l’énergie de croissance aggrave la situation dans son ensemble.,1
overall_D_mok_ex_fire,action,Ne faites rien de nouveau aujourd'hui et remettez cela à demain.,1
overall_D_mok_ex_fire,state,"Une motivation incontrôlable peut conduire à des accidents déraisonnables, et une forte énergie positive peut encourager les impulsions et conduire à des actions imprudentes.",1
overall_D_mok_ex_water,intro,Cela peut être le pire jour de votre vie car votre énergie globale de croissance est complètement perdue.,1
overall_D_mok_ex_water,effect,La perte totale de l’énergie de croissance aggrave la situation dans son ensemble.,1
overall_D_mok_ex_water,action,Ne faites rien de nouveau aujourd'hui et remettez cela à demain.,1
overall_D_mok_ex_water,state,"Une motivation incontrôlable peut conduire à des accidents déraisonnables, et la force des fortes pluies et de la neige peut ébranler violemment les émotions, rendant le contrôle difficile.",1
overall_D_mok_ex_wood,intro,Cela peut être le pire jour de votre vie car votre énergie globale de croissance est complètement perdue.,1
overall_D_mok_ex_wood,effect,La perte totale de l’énergie de croissance aggrave la situation dans son ensemble.,1
overall_D_mok_ex_wood,action,Ne faites rien de nouveau aujourd'hui et remettez cela à demain.,1
overall_D_mok_ex_wood,state,"Une motivation incontrôlable peut conduire à une réflexion déraisonnable, et l’énergie féroce du changement peut égarer toutes les prédictions.",1
overall_D_su_df_earth,intro,C’est un jour où toute la tendance est complètement inversée et où tout effort est contre-productif.,1
overall_D_su_df_earth,effect,Un renversement complet du flux fait échouer toutes les tentatives.,1
overall_D_su_df_earth,action,Arrêtez tous vos projets aujourd’hui et attendez que la situation s’inverse.,1
overall_D_su_df_earth,state,"Une attitude rigide bloque tout flux, rendant la progression difficile, et une énergie épaisse et trouble peut tout ralentir considérablement.",1
overall_D_su_df_fire,intro,C’est un jour où toute la tendance est complètement inversée et où tout effort est contre-productif.,1
overall_D_su_df_fire,effect,Un renversement complet du flux fait échouer toutes les tentatives.,1
overall_D_su_df_fire,action,Arrêtez tous vos projets aujourd’hui et attendez que la situation s’inverse.,1
overall_D_su_df_fire,state,"Une attitude rigide bloque tout flux, rendant les progrès difficiles, et une forte énergie positive peut encourager les impulsions et conduire à des actions imprudentes.",1
overall_D_su_df_water,intro,C’est un jour où toute la tendance est complètement inversée et où tout effort est contre-productif.,1
overall_D_su_df_water,effect,Un renversement complet du flux fait échouer toutes les tentatives.,1
overall_D_su_df_water,action,Arrêtez tous vos projets aujourd’hui et attendez que la situation s’inverse.,1
overall_D_su_df_water,state,"Une attitude rigide bloque tout flux, rendant la progression difficile, et la force des fortes pluies et de la neige secoue violemment les émotions, rendant le contrôle difficile.",1
overall_D_su_df_wood,intro,C’est un jour où toute la tendance est complètement inversée et où tout effort est contre-productif.,1
overall_D_su_df_wood,effect,Un renversement complet du flux fait échouer toutes les tentatives.,1
overall_D_su_df_wood,action,Arrêtez tous vos projets aujourd’hui et attendez que la situation s’inverse.,1
overall_D_su_df_wood,state,"Une attitude rigide bloque tout flux, rendant les progrès difficiles, et l’énergie féroce du changement peut égarer toutes les prédictions.",1
overall_D_su_ex_earth,intro,C’est un jour où toute la tendance est complètement inversée et où tout effort est contre-productif.,1
overall_D_su_ex_earth,effect,Un renversement complet du flux fait échouer toutes les tentatives.,1
overall_D_su_ex_earth,action,Arrêtez tous vos projets aujourd’hui et attendez que la situation s’inverse.,1
overall_D_su_ex_earth,state,"Le torrent d’émotions peut submerger la raison et conduire à de grosses erreurs, et l’énergie épaisse et trouble peut tout ralentir considérablement.",1
overall_D_su_ex_fire,intro,C’est un jour où toute la tendance est complètement inversée et où tout effort est contre-productif.,1
overall_D_su_ex_fire,effect,Un renversement complet du flux fait échouer toutes les tentatives.,1
overall_D_su_ex_fire,action,Arrêtez tous vos projets aujourd’hui et attendez que la situation s’inverse.,1
overall_D_su_ex_fire,state,"Un torrent d’émotions peut submerger la raison et conduire à de graves erreurs, et une forte énergie positive peut encourager les impulsions et conduire à des actions imprudentes.",1
overall_D_su_ex_water,intro,C’est un jour où toute la tendance est complètement inversée et où tout effort est contre-productif.,1
overall_D_su_ex_water,effect,Un renversement complet du flux fait échouer toutes les tentatives.,1
overall_D_su_ex_water,action,Arrêtez tous vos projets aujourd’hui et attendez que la situation s’inverse.,1
overall_D_su_ex_water,state,"Un torrent d’émotions peut submerger la raison et conduire à de graves erreurs, et la force de fortes pluies et de fortes chutes de neige peut ébranler violemment les émotions, rendant difficile leur contrôle.",1
overall_D_su_ex_wood,intro,C’est un jour où toute la tendance est complètement inversée et où tout effort est contre-productif.,1
overall_D_su_ex_wood,effect,Un renversement complet du flux fait échouer toutes les tentatives.,1
overall_D_su_ex_wood,action,Arrêtez tous vos projets aujourd’hui et attendez que la situation s’inverse.,1
overall_D_su_ex_wood,state,"Le torrent d’émotions peut submerger la raison et conduire à de graves erreurs, et l’énergie féroce du changement peut égarer toutes les prédictions.",1
overall_D_to_df_earth,intro,Aujourd’hui est un jour de crise car votre sentiment général de stabilité s’est complètement effondré.,1
overall_D_to_df_earth,effect,Une fondation stable complètement effondrée produit les pires résultats dans tous les domaines.,1
overall_D_to_df_earth,action,Faites une pause complète aujourd’hui et concentrez-vous uniquement sur la récupération.,1
overall_D_to_df_earth,state,"Vous pouvez complètement perdre l’équilibre et tout peut devenir incontrôlable, et l’épaisse énergie nuageuse peut tout ralentir considérablement.",1
overall_D_to_df_fire,intro,Aujourd’hui est un jour de crise car votre sentiment général de stabilité s’est complètement effondré.,1
overall_D_to_df_fire,effect,Une fondation stable complètement effondrée produit les pires résultats dans tous les domaines.,1
overall_D_to_df_fire,action,Faites une pause complète aujourd’hui et concentrez-vous uniquement sur la récupération.,1
overall_D_to_df_fire,state,"Si vous perdez complètement l’équilibre, tout peut devenir incontrôlable et une forte énergie yang peut encourager les impulsions et vous conduire à des actions imprudentes.",1
overall_D_to_df_water,intro,Aujourd’hui est un jour de crise car votre sentiment général de stabilité s’est complètement effondré.,1
overall_D_to_df_water,effect,Une fondation stable complètement effondrée produit les pires résultats dans tous les domaines.,1
overall_D_to_df_water,action,Faites une pause complète aujourd’hui et concentrez-vous uniquement sur la récupération.,1
overall_D_to_df_water,state,"Vous pouvez complètement perdre l’équilibre et tout peut devenir incontrôlable, et la force des fortes pluies et de la neige peut tellement ébranler vos émotions qu’il devient difficile de les contrôler.",1
overall_D_to_df_wood,intro,Aujourd’hui est un jour de crise car votre sentiment général de stabilité s’est complètement effondré.,1
overall_D_to_df_wood,effect,Une fondation stable complètement effondrée produit les pires résultats dans tous les domaines.,1
overall_D_to_df_wood,action,Faites une pause complète aujourd’hui et concentrez-vous uniquement sur la récupération.,1
overall_D_to_df_wood,state,"Si vous perdez complètement l’équilibre, tout peut devenir incontrôlable et la violente énergie du changement peut fausser toutes vos prédictions.",1
overall_D_to_ex_earth,intro,Aujourd’hui est un jour de crise car votre sentiment général de stabilité s’est complètement effondré.,1
overall_D_to_ex_earth,effect,Une fondation stable complètement effondrée produit les pires résultats dans tous les domaines.,1
overall_D_to_ex_earth,action,Faites une pause complète aujourd’hui et concentrez-vous uniquement sur la récupération.,1
overall_D_to_ex_earth,state,"Le refus du changement peut aggraver une crise et rendre la reprise difficile, et une atmosphère épaisse et trouble peut tout ralentir considérablement.",1
overall_D_to_ex_fire,intro,Aujourd’hui est un jour de crise car votre sentiment général de stabilité s’est complètement effondré.,1
overall_D_to_ex_fire,effect,Une fondation stable complètement effondrée produit les pires résultats dans tous les domaines.,1
overall_D_to_ex_fire,action,Faites une pause complète aujourd’hui et concentrez-vous uniquement sur la récupération.,1
overall_D_to_ex_fire,state,"Le refus du changement peut aggraver la crise et rendre la reprise difficile, et une forte énergie positive peut encourager les impulsions et conduire à des actions imprudentes.",1
overall_D_to_ex_water,intro,Aujourd’hui est un jour de crise car votre sentiment général de stabilité s’est complètement effondré.,1
overall_D_to_ex_water,effect,Une fondation stable complètement effondrée produit les pires résultats dans tous les domaines.,1
overall_D_to_ex_water,action,Faites une pause complète aujourd’hui et concentrez-vous uniquement sur la récupération.,1
overall_D_to_ex_water,state,"Le refus du changement peut aggraver la crise et rendre la reprise difficile, et la force des fortes pluies et de la neige peut ébranler violemment les émotions, rendant le contrôle difficile.",1
overall_D_to_ex_wood,intro,Aujourd’hui est un jour de crise car votre sentiment général de stabilité s’est complètement effondré.,1
overall_D_to_ex_wood,effect,Une fondation stable complètement effondrée produit les pires résultats dans tous les domaines.,1
overall_D_to_ex_wood,action,Faites une pause complète aujourd’hui et concentrez-vous uniquement sur la récupération.,1
overall_D_to_ex_wood,state,"Le refus du changement peut aggraver une crise et rendre la reprise difficile, et l’énergie féroce du changement peut fausser toutes les prédictions.",1
decision_A,intro,Aujourd’hui est le jour où votre jugement est à son paroxysme et où vous pouvez voir clairement les situations complexes.,1
decision_A,intro,Aujourd’hui est un jour où l’énergie décisionnelle est bonne et où les soucis de longue date sont clairement résolus.,1
decision_A,effect,"L'intuition et la logique fonctionnent simultanément, vous permettant de faire des choix importants sans regret.",1
decision_A,effect,"Votre jugement devient plus précis, vous pouvez ainsi saisir rapidement les points clés et parvenir à la bonne conclusion.",1
decision_A,action,"Les décisions que vous prenez aujourd’hui sont fiables, alors agissez avec confiance.",1
decision_A,action,"Si vous prenez aujourd’hui une décision importante que vous avez reportée depuis longtemps, les choses iront dans le bon sens.",1
decision_A_geum_df_earth,intro,C’est un jour où votre jugement est à son apogée et où toute décision devient claire.,1
decision_A_geum_df_earth,effect,Une analyse pointue pénètre au cœur et conduit au meilleur choix.,1
decision_A_geum_df_earth,action,"Même si vous faites confiance à votre intuition et prenez une décision, vous n’aurez aucun regret.",1
decision_A_geum_df_earth,state,"Un jugement calme augmente la prudence, conduisant à une vision profonde, et une énergie calme augmente la prudence, conduisant à de bons résultats.",1
decision_A_geum_df_fire,intro,C’est un jour où votre jugement est à son apogée et où toute décision devient claire.,1
decision_A_geum_df_fire,effect,Une analyse pointue pénètre au cœur et conduit au meilleur choix.,1
decision_A_geum_df_fire,action,"Même si vous faites confiance à votre intuition et prenez une décision, vous n’aurez aucun regret.",1
decision_A_geum_df_fire,state,"Un jugement calme augmente la prudence, conduit à une vision profonde, et une énergie claire augmente la vitalité et crée un bon flux.",1
decision_A_geum_df_water,intro,C’est un jour où votre jugement est à son apogée et où toute décision devient claire.,1
decision_A_geum_df_water,effect,Une analyse pointue pénètre au cœur et conduit au meilleur choix.,1
decision_A_geum_df_water,action,"Même si vous faites confiance à votre intuition et prenez une décision, vous n’aurez aucun regret.",1
decision_A_geum_df_water,state,"Un jugement calme augmente la prudence et conduit à une vision profonde, tandis qu'une énergie humide affine profondément l'esprit et ouvre une vision claire.",1
decision_A_geum_df_wood,intro,C’est un jour où votre jugement est à son apogée et où toute décision devient claire.,1
decision_A_geum_df_wood,effect,Une analyse pointue pénètre au cœur et conduit au meilleur choix.,1
decision_A_geum_df_wood,action,"Même si vous faites confiance à votre intuition et prenez une décision, vous n’aurez aucun regret.",1
decision_A_geum_df_wood,state,"Un jugement calme augmente la prudence, conduit à une vision profonde et une énergie dynamique ouvre de nouvelles possibilités.",1
decision_A_geum_ex_earth,intro,C’est un jour où votre jugement est à son apogée et où toute décision devient claire.,1
decision_A_geum_ex_earth,effect,Une analyse pointue pénètre au cœur et conduit au meilleur choix.,1
decision_A_geum_ex_earth,action,"Même si vous faites confiance à votre intuition et prenez une décision, vous n’aurez aucun regret.",1
decision_A_geum_ex_earth,state,"Un jugement pointu pénètre jusqu'au cœur et conduit à des conclusions claires, et une énergie calme augmente la prudence, conduisant à de bons résultats.",1
decision_A_geum_ex_fire,intro,C’est un jour où votre jugement est à son apogée et où toute décision devient claire.,1
decision_A_geum_ex_fire,effect,Une analyse pointue pénètre au cœur et conduit au meilleur choix.,1
decision_A_geum_ex_fire,action,"Même si vous faites confiance à votre intuition et prenez une décision, vous n’aurez aucun regret.",1
decision_A_geum_ex_fire,state,"Un jugement pointu pénètre au cœur et tire des conclusions claires, et une énergie claire stimule la vitalité et crée un bon flux.",1
decision_A_geum_ex_water,intro,C’est un jour où votre jugement est à son apogée et où toute décision devient claire.,1
decision_A_geum_ex_water,effect,Une analyse pointue pénètre au cœur et conduit au meilleur choix.,1
decision_A_geum_ex_water,action,"Même si vous faites confiance à votre intuition et prenez une décision, vous n’aurez aucun regret.",1
decision_A_geum_ex_water,state,"Un jugement pointu pénètre au cœur et tire des conclusions claires, et l'énergie humide affine profondément l'esprit et ouvre une vision claire.",1
decision_A_geum_ex_wood,intro,C’est un jour où votre jugement est à son apogée et où toute décision devient claire.,1
decision_A_geum_ex_wood,effect,Une analyse pointue pénètre au cœur et conduit au meilleur choix.,1
decision_A_geum_ex_wood,action,"Même si vous faites confiance à votre intuition et prenez une décision, vous n’aurez aucun regret.",1
decision_A_geum_ex_wood,state,"Un jugement pointu pénètre jusqu'au cœur et tire des conclusions claires, et l'énergie dynamique ouvre de nouvelles possibilités.",1
decision_A_hwa_df_earth,intro,C’est un jour où votre intuition brille et où vous pouvez prendre des décisions importantes en toute confiance.,1
decision_A_hwa_df_earth,effect,"Les jugements sensoriels s’assemblent rapidement, accélérant la prise de décision.",1
decision_A_hwa_df_earth,action,Il n’y a rien de mal à faire des choix audacieux guidés par vos sentiments.,1
decision_A_hwa_df_earth,state,"Un moi intérieur calme vous donne le pouvoir d’exprimer pleinement votre sincérité, et une énergie calme augmente la prudence, conduisant à de bons résultats.",1
decision_A_hwa_df_fire,intro,C’est un jour où votre intuition brille et où vous pouvez prendre des décisions importantes en toute confiance.,1
decision_A_hwa_df_fire,effect,"Les jugements sensoriels s’assemblent rapidement, accélérant la prise de décision.",1
decision_A_hwa_df_fire,action,Il n’y a rien de mal à faire des choix audacieux guidés par vos sentiments.,1
decision_A_hwa_df_fire,state,"Un moi intérieur calme vous donne le pouvoir d’exprimer pleinement votre sincérité, et une énergie claire stimule votre vitalité et crée un bon flux.",1
decision_A_hwa_df_water,intro,C’est un jour où votre intuition brille et où vous pouvez prendre des décisions importantes en toute confiance.,1
decision_A_hwa_df_water,effect,"Les jugements sensoriels s’assemblent rapidement, accélérant la prise de décision.",1
decision_A_hwa_df_water,action,Il n’y a rien de mal à faire des choix audacieux guidés par vos sentiments.,1
decision_A_hwa_df_water,state,"Un moi intérieur calme vous donne le pouvoir d’exprimer pleinement vos vrais sentiments, et une énergie humide affine profondément votre esprit et ouvre une vision claire.",1
decision_A_hwa_df_wood,intro,C’est un jour où votre intuition brille et où vous pouvez prendre des décisions importantes en toute confiance.,1
decision_A_hwa_df_wood,effect,"Les jugements sensoriels s’assemblent rapidement, accélérant la prise de décision.",1
decision_A_hwa_df_wood,action,Il n’y a rien de mal à faire des choix audacieux guidés par vos sentiments.,1
decision_A_hwa_df_wood,state,Un moi intérieur calme vous donne le pouvoir d’exprimer pleinement votre sincérité et une énergie dynamique ouvre de nouvelles possibilités.,1
decision_A_hwa_ex_earth,intro,C’est un jour où votre intuition brille et où vous pouvez prendre des décisions importantes en toute confiance.,1
decision_A_hwa_ex_earth,effect,"Les jugements sensoriels s’assemblent rapidement, accélérant la prise de décision.",1
decision_A_hwa_ex_earth,action,Il n’y a rien de mal à faire des choix audacieux guidés par vos sentiments.,1
decision_A_hwa_ex_earth,state,"Une passion débordante augmente considérablement l'élan et crée un bon flux, et une énergie calme augmente la prudence, conduisant à de bons résultats.",1
decision_A_hwa_ex_fire,intro,C’est un jour où votre intuition brille et où vous pouvez prendre des décisions importantes en toute confiance.,1
decision_A_hwa_ex_fire,effect,"Les jugements sensoriels s’assemblent rapidement, accélérant la prise de décision.",1
decision_A_hwa_ex_fire,action,Il n’y a rien de mal à faire des choix audacieux guidés par vos sentiments.,1
decision_A_hwa_ex_fire,state,"Une passion débordante augmente considérablement la force motrice et crée un bon flux, et une énergie claire augmente la vitalité et crée un bon flux.",1
decision_A_hwa_ex_water,intro,C’est un jour où votre intuition brille et où vous pouvez prendre des décisions importantes en toute confiance.,1
decision_A_hwa_ex_water,effect,"Les jugements sensoriels s’assemblent rapidement, accélérant la prise de décision.",1
decision_A_hwa_ex_water,action,Il n’y a rien de mal à faire des choix audacieux guidés par vos sentiments.,1
decision_A_hwa_ex_water,state,"La passion débordante augmente considérablement la force motrice et crée un bon flux, et l'énergie humide affine profondément l'esprit et ouvre une vision claire.",1
decision_A_hwa_ex_wood,intro,C’est un jour où votre intuition brille et où vous pouvez prendre des décisions importantes en toute confiance.,1
decision_A_hwa_ex_wood,effect,"Les jugements sensoriels s’assemblent rapidement, accélérant la prise de décision.",1
decision_A_hwa_ex_wood,action,Il n’y a rien de mal à faire des choix audacieux guidés par vos sentiments.,1
decision_A_hwa_ex_wood,state,"Une passion débordante augmente considérablement la force motrice, créant un bon flux, et l'énergie dynamique ouvre de nouvelles possibilités.",1
decision_A_mok_df_earth,intro,C’est un jour où une réflexion flexible peut être ouverte et où diverses options peuvent être clairement comparées.,1
decision_A_mok_df_earth,effect,"La portée du jugement est élargie, permettant de tirer des conclusions équilibrées même dans des situations complexes.",1
decision_A_mok_df_earth,action,Élargissez vos horizons et explorez activement de meilleures alternatives.,1
decision_A_mok_df_earth,state,"Une approche prudente crée en fait un bon départ, et une énergie calme augmente la prudence, conduisant à de bons résultats.",1
decision_A_mok_df_fire,intro,C’est un jour où une réflexion flexible peut être ouverte et où diverses options peuvent être clairement comparées.,1
decision_A_mok_df_fire,effect,"La portée du jugement est élargie, permettant de tirer des conclusions équilibrées même dans des situations complexes.",1
decision_A_mok_df_fire,action,Élargissez vos horizons et explorez activement de meilleures alternatives.,1
decision_A_mok_df_fire,state,"Une approche prudente crée en fait un bon départ, et une énergie claire stimule la vitalité et crée un bon flux.",1
decision_A_mok_df_water,intro,C’est un jour où une réflexion flexible peut être ouverte et où diverses options peuvent être clairement comparées.,1
decision_A_mok_df_water,effect,"La portée du jugement est élargie, permettant de tirer des conclusions équilibrées même dans des situations complexes.",1
decision_A_mok_df_water,action,Élargissez vos horizons et explorez activement de meilleures alternatives.,1
decision_A_mok_df_water,state,"Une approche prudente crée en fait un bon départ, et l’énergie humide affine profondément l’esprit et ouvre une vision claire.",1
decision_A_mok_df_wood,intro,C’est un jour où une réflexion flexible peut être ouverte et où diverses options peuvent être clairement comparées.,1
decision_A_mok_df_wood,effect,"La portée du jugement est élargie, permettant de tirer des conclusions équilibrées même dans des situations complexes.",1
decision_A_mok_df_wood,action,Élargissez vos horizons et explorez activement de meilleures alternatives.,1
decision_A_mok_df_wood,state,Une approche prudente crée un bon départ et une énergie dynamique ouvre de nouvelles possibilités.,1
decision_A_mok_ex_earth,intro,C’est un jour où une réflexion flexible peut être ouverte et où diverses options peuvent être clairement comparées.,1
decision_A_mok_ex_earth,effect,"La portée du jugement est élargie, permettant de tirer des conclusions équilibrées même dans des situations complexes.",1
decision_A_mok_ex_earth,action,Élargissez vos horizons et explorez activement de meilleures alternatives.,1
decision_A_mok_ex_earth,state,"Une forte volonté ouvre activement de nouvelles opportunités et une énergie calme augmente la prudence, conduisant à de bons résultats.",1
decision_A_mok_ex_fire,intro,C’est un jour où une réflexion flexible peut être ouverte et où diverses options peuvent être clairement comparées.,1
decision_A_mok_ex_fire,effect,"La portée du jugement est élargie, permettant de tirer des conclusions équilibrées même dans des situations complexes.",1
decision_A_mok_ex_fire,action,Élargissez vos horizons et explorez activement de meilleures alternatives.,1
decision_A_mok_ex_fire,state,"Une forte volonté ouvre activement de nouvelles opportunités, et une énergie claire augmente la vitalité et crée une bonne circulation.",1
decision_A_mok_ex_water,intro,C’est un jour où une réflexion flexible peut être ouverte et où diverses options peuvent être clairement comparées.,1
decision_A_mok_ex_water,effect,"La portée du jugement est élargie, permettant de tirer des conclusions équilibrées même dans des situations complexes.",1
decision_A_mok_ex_water,action,Élargissez vos horizons et explorez activement de meilleures alternatives.,1
decision_A_mok_ex_water,state,"Une forte volonté ouvre activement de nouvelles opportunités, et l’énergie humide affine profondément l’esprit et ouvre une vision claire.",1
decision_A_mok_ex_wood,intro,C’est un jour où une réflexion flexible peut être ouverte et où diverses options peuvent être clairement comparées.,1
decision_A_mok_ex_wood,effect,"La portée du jugement est élargie, permettant de tirer des conclusions équilibrées même dans des situations complexes.",1
decision_A_mok_ex_wood,action,Élargissez vos horizons et explorez activement de meilleures alternatives.,1
decision_A_mok_ex_wood,state,Une forte volonté ouvre activement de nouvelles opportunités et une énergie dynamique ouvre de nouvelles possibilités.,1
decision_A_su_df_earth,intro,C’est un jour où votre sens de lecture du flux devient plus aigu et votre timing de décision devient parfait.,1
decision_A_su_df_earth,effect,La décision de suivre le courant de la situation produit de bons résultats.,1
decision_A_su_df_earth,action,Ne forcez pas les conclusions ; utilisez votre timing naturel.,1
decision_A_su_df_earth,state,"Un centre solide vous aide à maintenir votre direction sans vaciller, et une énergie calme augmente la prudence, conduisant à de bons résultats.",1
decision_A_su_df_fire,intro,C’est un jour où votre sens de lecture du flux devient plus aigu et votre timing de décision devient parfait.,1
decision_A_su_df_fire,effect,La décision de suivre le courant de la situation produit de bons résultats.,1
decision_A_su_df_fire,action,Ne forcez pas les conclusions ; utilisez votre timing naturel.,1
decision_A_su_df_fire,state,"Un centre solide vous maintient dans la bonne direction sans vaciller, et une énergie claire stimule votre vitalité et crée un bon flux.",1
decision_A_su_df_water,intro,C’est un jour où votre sens de lecture du flux devient plus aigu et votre timing de décision devient parfait.,1
decision_A_su_df_water,effect,La décision de suivre le courant de la situation produit de bons résultats.,1
decision_A_su_df_water,action,Ne forcez pas les conclusions ; utilisez votre timing naturel.,1
decision_A_su_df_water,state,"Un centre solide vous aide à garder votre direction sans vaciller, et l’énergie humide affine profondément votre esprit et ouvre une vision claire.",1
decision_A_su_df_wood,intro,C’est un jour où votre sens de lecture du flux devient plus aigu et votre timing de décision devient parfait.,1
decision_A_su_df_wood,effect,La décision de suivre le courant de la situation produit de bons résultats.,1
decision_A_su_df_wood,action,Ne forcez pas les conclusions ; utilisez votre timing naturel.,1
decision_A_su_df_wood,state,Un centre solide maintient la direction sans vaciller et l'énergie dynamique ouvre de nouvelles possibilités.,1
decision_A_su_ex_earth,intro,C’est un jour où votre sens de lecture du flux devient plus aigu et votre timing de décision devient parfait.,1
decision_A_su_ex_earth,effect,La décision de suivre le courant de la situation produit de bons résultats.,1
decision_A_su_ex_earth,action,Ne forcez pas les conclusions ; utilisez votre timing naturel.,1
decision_A_su_ex_earth,state,"Une sensibilité riche conduit à une vision profonde et aide au bon jugement, et une énergie calme augmente la prudence, conduisant à de bons résultats.",1
decision_A_su_ex_fire,intro,C’est un jour où votre sens de lecture du flux devient plus aigu et votre timing de décision devient parfait.,1
decision_A_su_ex_fire,effect,La décision de suivre le courant de la situation produit de bons résultats.,1
decision_A_su_ex_fire,action,Ne forcez pas les conclusions ; utilisez votre timing naturel.,1
decision_A_su_ex_fire,state,"Une sensibilité riche conduit à une vision profonde et aide à prendre de bonnes décisions, et une énergie claire augmente la vitalité et crée un bon flux.",1
decision_A_su_ex_water,intro,C’est un jour où votre sens de lecture du flux devient plus aigu et votre timing de décision devient parfait.,1
decision_A_su_ex_water,effect,La décision de suivre le courant de la situation produit de bons résultats.,1
decision_A_su_ex_water,action,Ne forcez pas les conclusions ; utilisez votre timing naturel.,1
decision_A_su_ex_water,state,"Une sensibilité riche conduit à une vision profonde et aide au bon jugement, et l’énergie humide affine profondément l’esprit et ouvre une vision claire.",1
decision_A_su_ex_wood,intro,C’est un jour où votre sens de lecture du flux devient plus aigu et votre timing de décision devient parfait.,1
decision_A_su_ex_wood,effect,La décision de suivre le courant de la situation produit de bons résultats.,1
decision_A_su_ex_wood,action,Ne forcez pas les conclusions ; utilisez votre timing naturel.,1
decision_A_su_ex_wood,state,"Une sensibilité riche conduit à une vision profonde et aide à prendre de bonnes décisions, et une énergie dynamique ouvre de nouvelles possibilités.",1
decision_A_to_df_earth,intro,"C’est un jour où vous pouvez prendre des décisions sans hésiter, sur la base d’un jugement stable.",1
decision_A_to_df_earth,effect,Un jugement prudent et équilibré réduit les erreurs et produit des résultats sûrs.,1
decision_A_to_df_earth,action,"Si vous prenez des décisions basées sur vos convictions, de bons résultats suivront.",1
decision_A_to_df_earth,state,"Une attitude flexible vous permet d'accepter naturellement les nouvelles tendances, et une énergie calme augmente la prudence, conduisant à de bons résultats.",1
decision_A_to_df_fire,intro,"C’est un jour où vous pouvez prendre des décisions sans hésiter, sur la base d’un jugement stable.",1
decision_A_to_df_fire,effect,Un jugement prudent et équilibré réduit les erreurs et produit des résultats sûrs.,1
decision_A_to_df_fire,action,"Si vous prenez des décisions basées sur vos convictions, de bons résultats suivront.",1
decision_A_to_df_fire,state,"Une attitude flexible vous permet d’accepter naturellement les nouvelles tendances, et une énergie claire augmente la vitalité et crée une bonne circulation.",1
decision_A_to_df_water,intro,"C’est un jour où vous pouvez prendre des décisions sans hésiter, sur la base d’un jugement stable.",1
decision_A_to_df_water,effect,Un jugement prudent et équilibré réduit les erreurs et produit des résultats sûrs.,1
decision_A_to_df_water,action,"Si vous prenez des décisions basées sur vos convictions, de bons résultats suivront.",1
decision_A_to_df_water,state,"Une attitude flexible vous permet d’accepter naturellement les nouvelles tendances, et l’énergie humide affine profondément votre esprit et ouvre une vision claire.",1
decision_A_to_df_wood,intro,"C’est un jour où vous pouvez prendre des décisions sans hésiter, sur la base d’un jugement stable.",1
decision_A_to_df_wood,effect,Un jugement prudent et équilibré réduit les erreurs et produit des résultats sûrs.,1
decision_A_to_df_wood,action,"Si vous prenez des décisions basées sur vos convictions, de bons résultats suivront.",1
decision_A_to_df_wood,state,"Une attitude flexible vous permet d'accepter naturellement les nouvelles tendances, et une énergie dynamique ouvre de nouvelles possibilités.",1
decision_A_to_ex_earth,intro,"C’est un jour où vous pouvez prendre des décisions sans hésiter, sur la base d’un jugement stable.",1
decision_A_to_ex_earth,effect,Un jugement prudent et équilibré réduit les erreurs et produit des résultats sûrs.,1
decision_A_to_ex_earth,action,"Si vous prenez des décisions basées sur vos convictions, de bons résultats suivront.",1
decision_A_to_ex_earth,state,"Un fort sentiment de stabilité devient une base solide pour tout, et une énergie calme augmente la prudence, conduisant à de bons résultats.",1
decision_A_to_ex_fire,intro,"C’est un jour où vous pouvez prendre des décisions sans hésiter, sur la base d’un jugement stable.",1
decision_A_to_ex_fire,effect,Un jugement prudent et équilibré réduit les erreurs et produit des résultats sûrs.,1
decision_A_to_ex_fire,action,"Si vous prenez des décisions basées sur vos convictions, de bons résultats suivront.",1
decision_A_to_ex_fire,state,"Un fort sentiment de stabilité devient une base solide pour tout, et une énergie claire stimule la vitalité et crée une bonne circulation.",1
decision_A_to_ex_water,intro,"C’est un jour où vous pouvez prendre des décisions sans hésiter, sur la base d’un jugement stable.",1
decision_A_to_ex_water,effect,Un jugement prudent et équilibré réduit les erreurs et produit des résultats sûrs.,1
decision_A_to_ex_water,action,"Si vous prenez des décisions basées sur vos convictions, de bons résultats suivront.",1
decision_A_to_ex_water,state,"Un fort sentiment de stabilité devient une base solide pour tout, et l’énergie humide affine profondément l’esprit et ouvre une vision claire.",1
decision_A_to_ex_wood,intro,"C’est un jour où vous pouvez prendre des décisions sans hésiter, sur la base d’un jugement stable.",1
decision_A_to_ex_wood,effect,Un jugement prudent et équilibré réduit les erreurs et produit des résultats sûrs.,1
decision_A_to_ex_wood,action,"Si vous prenez des décisions basées sur vos convictions, de bons résultats suivront.",1
decision_A_to_ex_wood,state,"Un fort sentiment de stabilité constitue une base solide pour tout, et une énergie dynamique ouvre de nouvelles possibilités.",1
decision_B,intro,"Aujourd’hui, votre réflexion sera claire et vous pourrez prendre des décisions importantes avec une relative facilité.",1
decision_B,intro,"Aujourd’hui, vous ferez preuve d’un bon jugement et serez en mesure de trier rapidement vos options et de parvenir à la bonne conclusion.",1
decision_B,effect,La capacité de comprendre objectivement la situation est forte et peut réduire les erreurs de jugement.,1
decision_B,effect,Les informations nécessaires à la prise de décision sont naturellement recueillies et les points clés sont clairement visibles.,1
decision_B,action,"Plutôt que de réfléchir trop longtemps, faites confiance à votre jugement clair dès maintenant et faites votre choix.",1
decision_B,action,"Si vous prenez une décision aujourd’hui, vous aurez plus de chances d’être satisfait lorsque vous y repenserez plus tard.",1
decision_B_geum_df_earth,intro,C’est un jour où votre jugement sera généralement stable et où vous serez en mesure de gérer facilement des décisions difficiles.,1
decision_B_geum_df_earth,effect,Une analyse ciblée capture l’essence et réduit les mauvais choix.,1
decision_B_geum_df_earth,action,Prenez des décisions importantes après un examen attentif.,1
decision_B_geum_df_earth,state,"Même si votre détermination s'émousse quelque peu, le déroulement de la vie quotidienne se poursuit sans problème et l'énergie nuageuse s'ajoute à l'atmosphère calme, créant un sentiment de tranquillité.",1
decision_B_geum_df_fire,intro,C’est un jour où votre jugement sera généralement stable et où vous serez en mesure de gérer facilement des décisions difficiles.,1
decision_B_geum_df_fire,effect,Une analyse ciblée capture l’essence et réduit les mauvais choix.,1
decision_B_geum_df_fire,action,Prenez des décisions importantes après un examen attentif.,1
decision_B_geum_df_fire,state,"Même si votre détermination s'émousse quelque peu, le déroulement de votre vie quotidienne se poursuit sans problème et l'énergie claire ajoute une légère vitalité, créant un flux fluide.",1
decision_B_geum_df_water,intro,C’est un jour où votre jugement sera généralement stable et où vous serez en mesure de gérer facilement des décisions difficiles.,1
decision_B_geum_df_water,effect,Une analyse ciblée capture l’essence et réduit les mauvais choix.,1
decision_B_geum_df_water,action,Prenez des décisions importantes après un examen attentif.,1
decision_B_geum_df_water,state,"Même si votre détermination s'émousse quelque peu, le déroulement de votre vie quotidienne se poursuit sans problème et l'énergie humide ajoute un sentiment de calme persistant à vos émotions.",1
decision_B_geum_df_wood,intro,C’est un jour où votre jugement sera généralement stable et où vous serez en mesure de gérer facilement des décisions difficiles.,1
decision_B_geum_df_wood,effect,Une analyse ciblée capture l’essence et réduit les mauvais choix.,1
decision_B_geum_df_wood,action,Prenez des décisions importantes après un examen attentif.,1
decision_B_geum_df_wood,state,"Même si votre détermination s'émousse quelque peu, le déroulement de la vie quotidienne se poursuit sans problème et la légère énergie du changement ajoute une stimulation appropriée.",1
decision_B_geum_ex_earth,intro,C’est un jour où votre jugement sera généralement stable et où vous serez en mesure de gérer facilement des décisions difficiles.,1
decision_B_geum_ex_earth,effect,Une analyse ciblée capture l’essence et réduit les mauvais choix.,1
decision_B_geum_ex_earth,action,Prenez des décisions importantes après un examen attentif.,1
decision_B_geum_ex_earth,state,"Le jugement analytique s'écoule naturellement au rythme habituel, et l'énergie nuageuse s'ajoute à l'atmosphère calme, créant un sentiment de tranquillité.",1
decision_B_geum_ex_fire,intro,C’est un jour où votre jugement sera généralement stable et où vous serez en mesure de gérer facilement des décisions difficiles.,1
decision_B_geum_ex_fire,effect,Une analyse ciblée capture l’essence et réduit les mauvais choix.,1
decision_B_geum_ex_fire,action,Prenez des décisions importantes après un examen attentif.,1
decision_B_geum_ex_fire,state,"Le jugement analytique suit naturellement le rythme habituel, et l’énergie claire ajoute une légère vitalité, créant un flux fluide.",1
decision_B_geum_ex_water,intro,C’est un jour où votre jugement sera généralement stable et où vous serez en mesure de gérer facilement des décisions difficiles.,1
decision_B_geum_ex_water,effect,Une analyse ciblée capture l’essence et réduit les mauvais choix.,1
decision_B_geum_ex_water,action,Prenez des décisions importantes après un examen attentif.,1
decision_B_geum_ex_water,state,"Le jugement analytique coule naturellement à votre rythme habituel, et l’énergie humide ajoute un sentiment de calme persistant à vos émotions.",1
decision_B_geum_ex_wood,intro,C’est un jour où votre jugement sera généralement stable et où vous serez en mesure de gérer facilement des décisions difficiles.,1
decision_B_geum_ex_wood,effect,Une analyse ciblée capture l’essence et réduit les mauvais choix.,1
decision_B_geum_ex_wood,action,Prenez des décisions importantes après un examen attentif.,1
decision_B_geum_ex_wood,state,"Le jugement analytique suit naturellement le rythme habituel, et la légère énergie du changement ajoute une stimulation appropriée.",1
decision_B_hwa_df_earth,intro,C'est un jour où l'intuition est activée de manière égale et où il y a moins d'erreurs dans les décisions sensorielles.,1
decision_B_hwa_df_earth,effect,"Le sentiment et la raison sont équilibrés, améliorant la qualité des décisions.",1
decision_B_hwa_df_earth,action,"Faites confiance à votre intuition, mais vérifiez les points clés.",1
decision_B_hwa_df_earth,state,"Même si les expressions sont retenues, la stabilité de la relation est facilement maintenue et l'énergie nuageuse ajoute à l'atmosphère calme, conduisant à un sentiment de tranquillité.",1
decision_B_hwa_df_fire,intro,C'est un jour où l'intuition est activée de manière égale et où il y a moins d'erreurs dans les décisions sensorielles.,1
decision_B_hwa_df_fire,effect,"Le sentiment et la raison sont équilibrés, améliorant la qualité des décisions.",1
decision_B_hwa_df_fire,action,"Faites confiance à votre intuition, mais vérifiez les points clés.",1
decision_B_hwa_df_fire,state,"Même si les expressions sont retenues, la stabilité de la relation est facilement maintenue et l'énergie claire ajoute une légère vitalité, créant un flux fluide.",1
decision_B_hwa_df_water,intro,C'est un jour où l'intuition est activée de manière égale et où il y a moins d'erreurs dans les décisions sensorielles.,1
decision_B_hwa_df_water,effect,"Le sentiment et la raison sont équilibrés, améliorant la qualité des décisions.",1
decision_B_hwa_df_water,action,"Faites confiance à votre intuition, mais vérifiez les points clés.",1
decision_B_hwa_df_water,state,"Même si les expressions sont retenues, la stabilité de la relation est facilement maintenue et l'énergie humide ajoute un sentiment de calme persistant aux émotions.",1
decision_B_hwa_df_wood,intro,C'est un jour où l'intuition est activée de manière égale et où il y a moins d'erreurs dans les décisions sensorielles.,1
decision_B_hwa_df_wood,effect,"Le sentiment et la raison sont équilibrés, améliorant la qualité des décisions.",1
decision_B_hwa_df_wood,action,"Faites confiance à votre intuition, mais vérifiez les points clés.",1
decision_B_hwa_df_wood,state,"Même si les expressions sont retenues, la stabilité de la relation est facilement maintenue et la légère énergie du changement ajoute une stimulation appropriée.",1
decision_B_hwa_ex_earth,intro,C'est un jour où l'intuition est activée de manière égale et où il y a moins d'erreurs dans les décisions sensorielles.,1
decision_B_hwa_ex_earth,effect,"Le sentiment et la raison sont équilibrés, améliorant la qualité des décisions.",1
decision_B_hwa_ex_earth,action,"Faites confiance à votre intuition, mais vérifiez les points clés.",1
decision_B_hwa_ex_earth,state,"La passion est vivante, mais l'équilibre est également maintenu, conduisant à une journée stable, et l'énergie nuageuse ajoute une atmosphère calme, menant à la sérénité.",1
decision_B_hwa_ex_fire,intro,C'est un jour où l'intuition est activée de manière égale et où il y a moins d'erreurs dans les décisions sensorielles.,1
decision_B_hwa_ex_fire,effect,"Le sentiment et la raison sont équilibrés, améliorant la qualité des décisions.",1
decision_B_hwa_ex_fire,action,"Faites confiance à votre intuition, mais vérifiez les points clés.",1
decision_B_hwa_ex_fire,state,"La passion reste vivante et l'équilibre est maintenu, conduisant à une journée stable, et une énergie claire ajoute une vitalité légère, créant un flux fluide.",1
decision_B_hwa_ex_water,intro,C'est un jour où l'intuition est activée de manière égale et où il y a moins d'erreurs dans les décisions sensorielles.,1
decision_B_hwa_ex_water,effect,"Le sentiment et la raison sont équilibrés, améliorant la qualité des décisions.",1
decision_B_hwa_ex_water,action,"Faites confiance à votre intuition, mais vérifiez les points clés.",1
decision_B_hwa_ex_water,state,"La passion reste vivante et l'équilibre est maintenu, conduisant à une journée stable, et l'énergie humide ajoute un sentiment de calme persistant aux émotions.",1
decision_B_hwa_ex_wood,intro,C'est un jour où l'intuition est activée de manière égale et où il y a moins d'erreurs dans les décisions sensorielles.,1
decision_B_hwa_ex_wood,effect,"Le sentiment et la raison sont équilibrés, améliorant la qualité des décisions.",1
decision_B_hwa_ex_wood,action,"Faites confiance à votre intuition, mais vérifiez les points clés.",1
decision_B_hwa_ex_wood,state,"La passion est vivante et équilibrée, conduisant à une journée stable, et la légère énergie du changement ajoute une stimulation appropriée.",1
decision_B_mok_df_earth,intro,C’est un jour où la réflexion devient flexible et où il est facile de comparer plusieurs options.,1
decision_B_mok_df_earth,effect,Ouvrir différentes perspectives et découvrir de meilleures options pendant le processus de décision.,1
decision_B_mok_df_earth,action,Parcourez vos options et choisissez la plus réaliste.,1
decision_B_mok_df_earth,state,"Même si vous êtes prudent lorsque vous essayez de nouvelles choses, votre vie quotidienne se déroule régulièrement et l'énergie nuageuse s'ajoute à l'atmosphère calme, conduisant à un sentiment de tranquillité.",1
decision_B_mok_df_fire,intro,C’est un jour où la réflexion devient flexible et où il est facile de comparer plusieurs options.,1
decision_B_mok_df_fire,effect,Ouvrir différentes perspectives et découvrir de meilleures options pendant le processus de décision.,1
decision_B_mok_df_fire,action,Parcourez vos options et choisissez la plus réaliste.,1
decision_B_mok_df_fire,state,"Même si vous êtes prudent lorsque vous essayez de nouvelles choses, votre vie quotidienne se déroule de manière constante et l'énergie claire ajoute une vitalité légère, créant un flux fluide.",1
decision_B_mok_df_water,intro,C’est un jour où la réflexion devient flexible et où il est facile de comparer plusieurs options.,1
decision_B_mok_df_water,effect,Ouvrir différentes perspectives et découvrir de meilleures options pendant le processus de décision.,1
decision_B_mok_df_water,action,Parcourez vos options et choisissez la plus réaliste.,1
decision_B_mok_df_water,state,"Même si vous êtes prudent lorsque vous essayez de nouvelles choses, votre vie quotidienne se déroule régulièrement et l'énergie humide ajoute un sentiment de calme persistant à vos émotions.",1
decision_B_mok_df_wood,intro,C’est un jour où la réflexion devient flexible et où il est facile de comparer plusieurs options.,1
decision_B_mok_df_wood,effect,Ouvrir différentes perspectives et découvrir de meilleures options pendant le processus de décision.,1
decision_B_mok_df_wood,action,Parcourez vos options et choisissez la plus réaliste.,1
decision_B_mok_df_wood,state,"Même si vous êtes prudent lorsque vous essayez de nouvelles choses, votre vie quotidienne se déroule régulièrement et la légère énergie du changement ajoute une stimulation appropriée.",1
decision_B_mok_ex_earth,intro,C’est un jour où la réflexion devient flexible et où il est facile de comparer plusieurs options.,1
decision_B_mok_ex_earth,effect,Ouvrir différentes perspectives et découvrir de meilleures options pendant le processus de décision.,1
decision_B_mok_ex_earth,action,Parcourez vos options et choisissez la plus réaliste.,1
decision_B_mok_ex_earth,state,"Une motivation constante progresse étape par étape, et l'énergie nuageuse s'ajoute à l'atmosphère calme, menant à la tranquillité.",1
decision_B_mok_ex_fire,intro,C’est un jour où la réflexion devient flexible et où il est facile de comparer plusieurs options.,1
decision_B_mok_ex_fire,effect,Ouvrir différentes perspectives et découvrir de meilleures options pendant le processus de décision.,1
decision_B_mok_ex_fire,action,Parcourez vos options et choisissez la plus réaliste.,1
decision_B_mok_ex_fire,state,"Une motivation constante permet de progresser étape par étape, et une énergie claire ajoute une vitalité légère, créant un flux fluide.",1
decision_B_mok_ex_water,intro,C’est un jour où la réflexion devient flexible et où il est facile de comparer plusieurs options.,1
decision_B_mok_ex_water,effect,Ouvrir différentes perspectives et découvrir de meilleures options pendant le processus de décision.,1
decision_B_mok_ex_water,action,Parcourez vos options et choisissez la plus réaliste.,1
decision_B_mok_ex_water,state,"Une motivation constante fait progresser étape par étape, et l'énergie humide ajoute un sentiment de calme persistant aux émotions.",1
decision_B_mok_ex_wood,intro,C’est un jour où la réflexion devient flexible et où il est facile de comparer plusieurs options.,1
decision_B_mok_ex_wood,effect,Ouvrir différentes perspectives et découvrir de meilleures options pendant le processus de décision.,1
decision_B_mok_ex_wood,action,Parcourez vos options et choisissez la plus réaliste.,1
decision_B_mok_ex_wood,state,"Une motivation constante permet de progresser pas à pas, et la faible énergie du changement ajoute une stimulation appropriée.",1
decision_B_su_df_earth,intro,C’est un jour où vous pouvez juger la situation de manière fiable et bien comprendre le timing.,1
decision_B_su_df_earth,effect,Les décisions qui suivent le courant évitent la perte d’opportunités.,1
decision_B_su_df_earth,action,Ne soyez pas trop pressé et prenez une décision en regardant la situation évoluer.,1
decision_B_su_df_earth,state,"Bien que la flexibilité fasse quelque peu défaut, le rythme de base est maintenu sans difficulté et l'énergie nuageuse ajoute une atmosphère calme, conduisant à un sentiment de tranquillité.",1
decision_B_su_df_fire,intro,C’est un jour où vous pouvez juger la situation de manière fiable et bien comprendre le timing.,1
decision_B_su_df_fire,effect,Les décisions qui suivent le courant évitent la perte d’opportunités.,1
decision_B_su_df_fire,action,Ne soyez pas trop pressé et prenez une décision en regardant la situation évoluer.,1
decision_B_su_df_fire,state,"Bien que la flexibilité fasse quelque peu défaut, le rythme de base est maintenu sans difficulté et l'énergie claire ajoute une légère vitalité, créant un flux fluide.",1
decision_B_su_df_water,intro,C’est un jour où vous pouvez juger la situation de manière fiable et bien comprendre le timing.,1
decision_B_su_df_water,effect,Les décisions qui suivent le courant évitent la perte d’opportunités.,1
decision_B_su_df_water,action,Ne soyez pas trop pressé et prenez une décision en regardant la situation évoluer.,1
decision_B_su_df_water,state,"Bien qu'elle manque de souplesse, le rythme de base est maintenu sans difficulté, et l'énergie humide ajoute une sensation de calme persistante aux émotions.",1
decision_B_su_df_wood,intro,C’est un jour où vous pouvez juger la situation de manière fiable et bien comprendre le timing.,1
decision_B_su_df_wood,effect,Les décisions qui suivent le courant évitent la perte d’opportunités.,1
decision_B_su_df_wood,action,Ne soyez pas trop pressé et prenez une décision en regardant la situation évoluer.,1
decision_B_su_df_wood,state,"Même si la flexibilité fait quelque peu défaut, le rythme de base est maintenu sans difficulté et la légère énergie du changement ajoute une stimulation appropriée.",1
decision_B_su_ex_earth,intro,C’est un jour où vous pouvez juger la situation de manière fiable et bien comprendre le timing.,1
decision_B_su_ex_earth,effect,Les décisions qui suivent le courant évitent la perte d’opportunités.,1
decision_B_su_ex_earth,action,Ne soyez pas trop pressé et prenez une décision en regardant la situation évoluer.,1
decision_B_su_ex_earth,state,"La journée est pleine d'émotions, ce qui en fait une journée plus attentive que d'habitude, et l'énergie nuageuse ajoute une atmosphère calme, conduisant à un sentiment de tranquillité.",1
decision_B_su_ex_fire,intro,C’est un jour où vous pouvez juger la situation de manière fiable et bien comprendre le timing.,1
decision_B_su_ex_fire,effect,Les décisions qui suivent le courant évitent la perte d’opportunités.,1
decision_B_su_ex_fire,action,Ne soyez pas trop pressé et prenez une décision en regardant la situation évoluer.,1
decision_B_su_ex_fire,state,"La journée est riche en émotions, ce qui en fait une journée plus attentive que d'habitude, et l'énergie claire ajoute une légère vitalité, créant un flux fluide.",1
decision_B_su_ex_water,intro,C’est un jour où vous pouvez juger la situation de manière fiable et bien comprendre le timing.,1
decision_B_su_ex_water,effect,Les décisions qui suivent le courant évitent la perte d’opportunités.,1
decision_B_su_ex_water,action,Ne soyez pas trop pressé et prenez une décision en regardant la situation évoluer.,1
decision_B_su_ex_water,state,"La journée est pleine d'émotions, vous rendant plus attentif que d'habitude, et l'énergie humide ajoute un arrière-goût apaisant à vos émotions.",1
decision_B_su_ex_wood,intro,C’est un jour où vous pouvez juger la situation de manière fiable et bien comprendre le timing.,1
decision_B_su_ex_wood,effect,Les décisions qui suivent le courant évitent la perte d’opportunités.,1
decision_B_su_ex_wood,action,Ne soyez pas trop pressé et prenez une décision en regardant la situation évoluer.,1
decision_B_su_ex_wood,state,"La journée est pleine d'émotions, ce qui en fait une journée plus attentive que d'habitude, et la légère énergie du changement ajoute une stimulation appropriée.",1
decision_B_to_df_earth,intro,C’est un jour où vous pouvez maintenir un jugement calme et prendre des décisions prudentes.,1
decision_B_to_df_earth,effect,Les conclusions tirées sur des bases stables se maintiennent longtemps.,1
decision_B_to_df_earth,action,"Pour les questions non urgentes, réfléchissez lentement et prenez des décisions.",1
decision_B_to_df_earth,state,"Même si le centre de gravité est quelque peu ébranlé, l'équilibre de la vie quotidienne est maintenu sans trop de problèmes, et l'énergie nuageuse s'ajoute à l'atmosphère calme, conduisant à un sentiment de tranquillité.",1
decision_B_to_df_fire,intro,C’est un jour où vous pouvez maintenir un jugement calme et prendre des décisions prudentes.,1
decision_B_to_df_fire,effect,Les conclusions tirées sur des bases stables se maintiennent longtemps.,1
decision_B_to_df_fire,action,"Pour les questions non urgentes, réfléchissez lentement et prenez des décisions.",1
decision_B_to_df_fire,state,"Même si le centre de gravité est quelque peu ébranlé, l'équilibre de la vie quotidienne est maintenu sans trop de problèmes, et l'énergie claire ajoute une légère vitalité, créant un flux fluide.",1
decision_B_to_df_water,intro,C’est un jour où vous pouvez maintenir un jugement calme et prendre des décisions prudentes.,1
decision_B_to_df_water,effect,Les conclusions tirées sur des bases stables se maintiennent longtemps.,1
decision_B_to_df_water,action,"Pour les questions non urgentes, réfléchissez lentement et prenez des décisions.",1
decision_B_to_df_water,state,"Même si votre centre de gravité est quelque peu ébranlé, l'équilibre de votre vie quotidienne est maintenu sans trop de difficultés, et l'énergie humide ajoute un sentiment de calme persistant à vos émotions.",1
decision_B_to_df_wood,intro,C’est un jour où vous pouvez maintenir un jugement calme et prendre des décisions prudentes.,1
decision_B_to_df_wood,effect,Les conclusions tirées sur des bases stables se maintiennent longtemps.,1
decision_B_to_df_wood,action,"Pour les questions non urgentes, réfléchissez lentement et prenez des décisions.",1
decision_B_to_df_wood,state,"Même si le centre est quelque peu ébranlé, l'équilibre de la vie quotidienne est maintenu sans trop de difficultés, et la légère énergie du changement ajoute une stimulation appropriée.",1
decision_B_to_ex_earth,intro,C’est un jour où vous pouvez maintenir un jugement calme et prendre des décisions prudentes.,1
decision_B_to_ex_earth,effect,Les conclusions tirées sur des bases stables se maintiennent longtemps.,1
decision_B_to_ex_earth,action,"Pour les questions non urgentes, réfléchissez lentement et prenez des décisions.",1
decision_B_to_ex_earth,state,"Il a une forte tendance à la stabilité, donc il se poursuit dans une journée calme sans aucun problème, et l'énergie nuageuse s'ajoute à l'atmosphère calme, conduisant à la sérénité.",1
decision_B_to_ex_fire,intro,C’est un jour où vous pouvez maintenir un jugement calme et prendre des décisions prudentes.,1
decision_B_to_ex_fire,effect,Les conclusions tirées sur des bases stables se maintiennent longtemps.,1
decision_B_to_ex_fire,action,"Pour les questions non urgentes, réfléchissez lentement et prenez des décisions.",1
decision_B_to_ex_fire,state,"Elle a une forte tendance à la stabilité, elle se poursuit donc en douceur dans une journée calme, et l'énergie claire ajoute une légère vitalité, créant un flux fluide.",1
decision_B_to_ex_water,intro,C’est un jour où vous pouvez maintenir un jugement calme et prendre des décisions prudentes.,1
decision_B_to_ex_water,effect,Les conclusions tirées sur des bases stables se maintiennent longtemps.,1
decision_B_to_ex_water,action,"Pour les questions non urgentes, réfléchissez lentement et prenez des décisions.",1
decision_B_to_ex_water,state,"Il a une nature fortement axée sur la stabilité, il peut donc facilement conduire à une journée calme, et l'énergie humide ajoute un arrière-goût apaisant aux émotions.",1
decision_B_to_ex_wood,intro,C’est un jour où vous pouvez maintenir un jugement calme et prendre des décisions prudentes.,1
decision_B_to_ex_wood,effect,Les conclusions tirées sur des bases stables se maintiennent longtemps.,1
decision_B_to_ex_wood,action,"Pour les questions non urgentes, réfléchissez lentement et prenez des décisions.",1
decision_B_to_ex_wood,state,"L’orientation vers la stabilité est forte, elle se poursuit donc en douceur dans une journée calme, et la légère énergie du changement ajoute une stimulation appropriée.",1
decision_B1,intro,"Aujourd’hui, votre jugement fonctionnera de manière stable et vous pourrez prendre des décisions sans commettre d’erreurs majeures.",1
decision_B1,intro,"Les pensées d'aujourd'hui sont relativement claires, ce qui en fait le moment idéal pour établir des normes et faire des choix.",1
decision_B1,effect,Analyser calmement la situation est susceptible de conduire à la bonne décision.,1
decision_B1,effect,"Même si la décision semble compliquée, si vous précisez les critères, vous verrez le chemin.",1
decision_B1,action,"Pour les décisions importantes, écrire brièvement les avantages et les inconvénients vous aidera à organiser vos pensées.",1
decision_B1,action,Faites confiance à votre jugement stable aujourd’hui et commencez à mettre en pratique de petits choix.,1
decision_B1_geum_df_earth,intro,"Vous avez un jugement moyen, mais des décisions complexes peuvent nécessiter un réexamen.",1
decision_B1_geum_df_earth,effect,"L’analyse est correcte dans une certaine mesure, mais elle présente des lacunes dans les détails.",1
decision_B1_geum_df_earth,action,Vérifiez les décisions importantes une fois de plus avant de les prendre.,1
decision_B1_geum_df_earth,state,"Même si vous suis lent à prendre des décisions, la journée continue sans trop d'hésitations, et l'énergie nuageuse aide à maintenir un rythme tranquille.",1
decision_B1_geum_df_fire,intro,"Vous avez un jugement moyen, mais des décisions complexes peuvent nécessiter un réexamen.",1
decision_B1_geum_df_fire,effect,"L’analyse est correcte dans une certaine mesure, mais elle présente des lacunes dans les détails.",1
decision_B1_geum_df_fire,action,Vérifiez les décisions importantes une fois de plus avant de les prendre.,1
decision_B1_geum_df_fire,state,"Même si vous suis lent à prendre des décisions, la journée continue sans trop d'hésitation, et l'énergie claire ajoute une vitalité calme et continue la journée ordinaire.",1
decision_B1_geum_df_water,intro,"Vous avez un jugement moyen, mais des décisions complexes peuvent nécessiter un réexamen.",1
decision_B1_geum_df_water,effect,"L’analyse est correcte dans une certaine mesure, mais elle présente des lacunes dans les détails.",1
decision_B1_geum_df_water,action,Vérifiez les décisions importantes une fois de plus avant de les prendre.,1
decision_B1_geum_df_water,state,"Même si vous suis lent à prendre des décisions, la journée se déroule sans trop d'hésitations, et l'énergie humide augmente vos pensées mais ne provoque pas beaucoup d'agitation.",1
decision_B1_geum_df_wood,intro,"Vous avez un jugement moyen, mais des décisions complexes peuvent nécessiter un réexamen.",1
decision_B1_geum_df_wood,effect,"L’analyse est correcte dans une certaine mesure, mais elle présente des lacunes dans les détails.",1
decision_B1_geum_df_wood,action,Vérifiez les décisions importantes une fois de plus avant de les prendre.,1
decision_B1_geum_df_wood,state,"La décision peut être lente, mais la journée se déroule sans trop d’hésitations, et l’énergie calme du changement ne perturbe que légèrement le flux normal.",1
decision_B1_geum_ex_earth,intro,"Vous avez un jugement moyen, mais des décisions complexes peuvent nécessiter un réexamen.",1
decision_B1_geum_ex_earth,effect,"L’analyse est correcte dans une certaine mesure, mais elle présente des lacunes dans les détails.",1
decision_B1_geum_ex_earth,action,Vérifiez les décisions importantes une fois de plus avant de les prendre.,1
decision_B1_geum_ex_earth,state,"Le jugement est clair, mais il se termine par un résultat médiocre, et l'énergie nuageuse permet de maintenir un rythme convenable.",1
decision_B1_geum_ex_fire,intro,"Vous avez un jugement moyen, mais des décisions complexes peuvent nécessiter un réexamen.",1
decision_B1_geum_ex_fire,effect,"L’analyse est correcte dans une certaine mesure, mais elle présente des lacunes dans les détails.",1
decision_B1_geum_ex_fire,action,Vérifiez les décisions importantes une fois de plus avant de les prendre.,1
decision_B1_geum_ex_fire,state,"Le jugement est clair, mais il se termine par un résultat ordinaire, et l'énergie claire ajoute une vitalité calme et continue la journée ordinaire.",1
decision_B1_geum_ex_water,intro,"Vous avez un jugement moyen, mais des décisions complexes peuvent nécessiter un réexamen.",1
decision_B1_geum_ex_water,effect,"L’analyse est correcte dans une certaine mesure, mais elle présente des lacunes dans les détails.",1
decision_B1_geum_ex_water,action,Vérifiez les décisions importantes une fois de plus avant de les prendre.,1
decision_B1_geum_ex_water,state,"Le jugement est clair mais se termine par un résultat simple, et l'énergie humide augmente les pensées mais ne provoque pas beaucoup d'agitation.",1
decision_B1_geum_ex_wood,intro,"Vous avez un jugement moyen, mais des décisions complexes peuvent nécessiter un réexamen.",1
decision_B1_geum_ex_wood,effect,"L’analyse est correcte dans une certaine mesure, mais elle présente des lacunes dans les détails.",1
decision_B1_geum_ex_wood,action,Vérifiez les décisions importantes une fois de plus avant de les prendre.,1
decision_B1_geum_ex_wood,state,"Le jugement est clair, mais il se termine par un résultat médiocre, et la calme énergie du changement ne fait guère plus que bouleverser légèrement le flux normal.",1
decision_B1_hwa_df_earth,intro,"Puisque l’intuition n’est pas pleinement vivante, des erreurs peuvent survenir dans le jugement sensoriel.",1
decision_B1_hwa_df_earth,effect,"Les sentiments s’obscurcissent, laissant place à l’incertitude dans les décisions.",1
decision_B1_hwa_df_earth,action,"Ne vous contentez pas de votre intuition, vérifiez ensemble des informations concrètes.",1
decision_B1_hwa_df_earth,state,"Bien qu'il y ait peu d'expression, la relation n'est pas grandement ébranlée et l'énergie nuageuse aide à maintenir un rythme facile.",1
decision_B1_hwa_df_fire,intro,"Puisque l’intuition n’est pas pleinement vivante, des erreurs peuvent survenir dans le jugement sensoriel.",1
decision_B1_hwa_df_fire,effect,"Les sentiments s’obscurcissent, laissant place à l’incertitude dans les décisions.",1
decision_B1_hwa_df_fire,action,"Ne vous contentez pas de votre intuition, vérifiez ensemble des informations concrètes.",1
decision_B1_hwa_df_fire,state,"Bien qu'il y ait peu d'expressions, la relation n'est pas grandement ébranlée et l'énergie claire ajoute une vitalité calme et continue une journée ordinaire.",1
decision_B1_hwa_df_water,intro,"Puisque l’intuition n’est pas pleinement vivante, des erreurs peuvent survenir dans le jugement sensoriel.",1
decision_B1_hwa_df_water,effect,"Les sentiments s’obscurcissent, laissant place à l’incertitude dans les décisions.",1
decision_B1_hwa_df_water,action,"Ne vous contentez pas de votre intuition, vérifiez ensemble des informations concrètes.",1
decision_B1_hwa_df_water,state,"Bien qu'il y ait peu d'expressions, la relation n'est pas grandement ébranlée et l'énergie humide augmente les pensées, mais ne provoque pas beaucoup d'agitation.",1
decision_B1_hwa_df_wood,intro,"Puisque l’intuition n’est pas pleinement vivante, des erreurs peuvent survenir dans le jugement sensoriel.",1
decision_B1_hwa_df_wood,effect,"Les sentiments s’obscurcissent, laissant place à l’incertitude dans les décisions.",1
decision_B1_hwa_df_wood,action,"Ne vous contentez pas de votre intuition, vérifiez ensemble des informations concrètes.",1
decision_B1_hwa_df_wood,state,"Bien qu'il y ait peu d'expression, la relation n'est pas grandement ébranlée et l'énergie calme du changement suffit seulement à ébranler légèrement le flux normal.",1
decision_B1_hwa_ex_earth,intro,"Puisque l’intuition n’est pas pleinement vivante, des erreurs peuvent survenir dans le jugement sensoriel.",1
decision_B1_hwa_ex_earth,effect,"Les sentiments s’obscurcissent, laissant place à l’incertitude dans les décisions.",1
decision_B1_hwa_ex_earth,action,"Ne vous contentez pas de votre intuition, vérifiez ensemble des informations concrètes.",1
decision_B1_hwa_ex_earth,state,La chaleur modérée permet une journée douce et l'énergie nuageuse vous aide à maintenir un rythme facile.,1
decision_B1_hwa_ex_fire,intro,"Puisque l’intuition n’est pas pleinement vivante, des erreurs peuvent survenir dans le jugement sensoriel.",1
decision_B1_hwa_ex_fire,effect,"Les sentiments s’obscurcissent, laissant place à l’incertitude dans les décisions.",1
decision_B1_hwa_ex_fire,action,"Ne vous contentez pas de votre intuition, vérifiez ensemble des informations concrètes.",1
decision_B1_hwa_ex_fire,state,La chaleur modérée crée une journée douce et l'énergie claire ajoute une vitalité calme et poursuit la journée ordinaire.,1
decision_B1_hwa_ex_water,intro,"Puisque l’intuition n’est pas pleinement vivante, des erreurs peuvent survenir dans le jugement sensoriel.",1
decision_B1_hwa_ex_water,effect,"Les sentiments s’obscurcissent, laissant place à l’incertitude dans les décisions.",1
decision_B1_hwa_ex_water,action,"Ne vous contentez pas de votre intuition, vérifiez ensemble des informations concrètes.",1
decision_B1_hwa_ex_water,state,La chaleur modérée permet une journée douce et l'énergie humide augmente vos pensées mais ne provoque pas beaucoup d'agitation.,1
decision_B1_hwa_ex_wood,intro,"Puisque l’intuition n’est pas pleinement vivante, des erreurs peuvent survenir dans le jugement sensoriel.",1
decision_B1_hwa_ex_wood,effect,"Les sentiments s’obscurcissent, laissant place à l’incertitude dans les décisions.",1
decision_B1_hwa_ex_wood,action,"Ne vous contentez pas de votre intuition, vérifiez ensemble des informations concrètes.",1
decision_B1_hwa_ex_wood,state,La chaleur modérée rend la journée douce et l’énergie calme du changement ne fait que légèrement bouleverser le flux normal.,1
decision_B1_mok_df_earth,intro,"Votre jugement peut être quelque peu restreint, ce qui rend difficile l’examen complet de vos options.",1
decision_B1_mok_df_earth,effect,"Parce que votre champ de vision est limité, vous risquez de manquer de meilleurs choix.",1
decision_B1_mok_df_earth,action,Recueillez activement les opinions et les informations supplémentaires de votre entourage avant de porter un jugement.,1
decision_B1_mok_df_earth,state,"Cela reste plus familier que nouveau, mais le flux est ininterrompu et l'énergie nuageuse vous aide à maintenir un rythme facile.",1
decision_B1_mok_df_fire,intro,"Votre jugement peut être quelque peu restreint, ce qui rend difficile l’examen complet de vos options.",1
decision_B1_mok_df_fire,effect,"Parce que votre champ de vision est limité, vous risquez de manquer de meilleurs choix.",1
decision_B1_mok_df_fire,action,Recueillez activement les opinions et les informations supplémentaires de votre entourage avant de porter un jugement.,1
decision_B1_mok_df_fire,state,"Bien qu’elle reste familière plutôt que nouvelle, le flux est ininterrompu et l’énergie claire ajoute une vitalité calme et poursuit la journée ordinaire.",1
decision_B1_mok_df_water,intro,"Votre jugement peut être quelque peu restreint, ce qui rend difficile l’examen complet de vos options.",1
decision_B1_mok_df_water,effect,"Parce que votre champ de vision est limité, vous risquez de manquer de meilleurs choix.",1
decision_B1_mok_df_water,action,Recueillez activement les opinions et les informations supplémentaires de votre entourage avant de porter un jugement.,1
decision_B1_mok_df_water,state,"Bien qu’elle reste familière plutôt que nouvelle, le flux est ininterrompu et l’énergie humide augmente les pensées mais ne provoque pas beaucoup d’agitation.",1
decision_B1_mok_df_wood,intro,"Votre jugement peut être quelque peu restreint, ce qui rend difficile l’examen complet de vos options.",1
decision_B1_mok_df_wood,effect,"Parce que votre champ de vision est limité, vous risquez de manquer de meilleurs choix.",1
decision_B1_mok_df_wood,action,Recueillez activement les opinions et les informations supplémentaires de votre entourage avant de porter un jugement.,1
decision_B1_mok_df_wood,state,"Bien qu’il reste plus familier que nouveau, le flux est ininterrompu et l’énergie calme du changement ne secoue que légèrement le flux normal.",1
decision_B1_mok_ex_earth,intro,"Votre jugement peut être quelque peu restreint, ce qui rend difficile l’examen complet de vos options.",1
decision_B1_mok_ex_earth,effect,"Parce que votre champ de vision est limité, vous risquez de manquer de meilleurs choix.",1
decision_B1_mok_ex_earth,action,Recueillez activement les opinions et les informations supplémentaires de votre entourage avant de porter un jugement.,1
decision_B1_mok_ex_earth,state,"Vous suis motivé, mais votre force motrice reste à un niveau médiocre, et l'énergie nuageuse aide à maintenir un rythme convenable.",1
decision_B1_mok_ex_fire,intro,"Votre jugement peut être quelque peu restreint, ce qui rend difficile l’examen complet de vos options.",1
decision_B1_mok_ex_fire,effect,"Parce que votre champ de vision est limité, vous risquez de manquer de meilleurs choix.",1
decision_B1_mok_ex_fire,action,Recueillez activement les opinions et les informations supplémentaires de votre entourage avant de porter un jugement.,1
decision_B1_mok_ex_fire,state,"Bien que vous sois motivé, votre force motrice reste à un niveau moyen, et l'énergie claire ajoute une vitalité calme et poursuit votre journée ordinaire.",1
decision_B1_mok_ex_water,intro,"Votre jugement peut être quelque peu restreint, ce qui rend difficile l’examen complet de vos options.",1
decision_B1_mok_ex_water,effect,"Parce que votre champ de vision est limité, vous risquez de manquer de meilleurs choix.",1
decision_B1_mok_ex_water,action,Recueillez activement les opinions et les informations supplémentaires de votre entourage avant de porter un jugement.,1
decision_B1_mok_ex_water,state,"Il y a de la motivation, mais la force motrice reste à un niveau normal, et l'énergie humide augmente les pensées, mais ne provoque pas beaucoup d'agitation.",1
decision_B1_mok_ex_wood,intro,"Votre jugement peut être quelque peu restreint, ce qui rend difficile l’examen complet de vos options.",1
decision_B1_mok_ex_wood,effect,"Parce que votre champ de vision est limité, vous risquez de manquer de meilleurs choix.",1
decision_B1_mok_ex_wood,action,Recueillez activement les opinions et les informations supplémentaires de votre entourage avant de porter un jugement.,1
decision_B1_mok_ex_wood,state,"Il y a de la motivation, mais la force motrice reste à un niveau médiocre, et l'énergie calme du changement suffit à peine à bousculer légèrement le flux normal.",1
decision_B1_su_df_earth,intro,"Mon sens de lecture du flux est devenu un peu ennuyeux, il y a donc du mal à juger du timing.",1
decision_B1_su_df_earth,effect,Le moment de la décision pourrait être légèrement décalé et les résultats pourraient être inférieurs aux attentes.,1
decision_B1_su_df_earth,action,"Ne vous précipitez pas pour prendre une décision, attendez que la situation devienne claire.",1
decision_B1_su_df_earth,state,"Bien que la flexibilité ait diminué, le flux n'est pas interrompu de manière significative et l'énergie nuageuse aide à maintenir un rythme décent.",1
decision_B1_su_df_fire,intro,"Mon sens de lecture du flux est devenu un peu ennuyeux, il y a donc du mal à juger du timing.",1
decision_B1_su_df_fire,effect,Le moment de la décision pourrait être légèrement décalé et les résultats pourraient être inférieurs aux attentes.,1
decision_B1_su_df_fire,action,"Ne vous précipitez pas pour prendre une décision, attendez que la situation devienne claire.",1
decision_B1_su_df_fire,state,"Bien que la flexibilité ait diminué, le flux n'est pas significativement perturbé et l'énergie claire ajoute une vitalité calme et permet de poursuivre une journée ordinaire.",1
decision_B1_su_df_water,intro,"Mon sens de lecture du flux est devenu un peu ennuyeux, il y a donc du mal à juger du timing.",1
decision_B1_su_df_water,effect,Le moment de la décision pourrait être légèrement décalé et les résultats pourraient être inférieurs aux attentes.,1
decision_B1_su_df_water,action,"Ne vous précipitez pas pour prendre une décision, attendez que la situation devienne claire.",1
decision_B1_su_df_water,state,"La flexibilité est réduite, mais le flux n'est pas grandement interrompu, et l'énergie humide augmente les pensées, mais ne provoque pas beaucoup d'agitation.",1
decision_B1_su_df_wood,intro,"Mon sens de lecture du flux est devenu un peu ennuyeux, il y a donc du mal à juger du timing.",1
decision_B1_su_df_wood,effect,Le moment de la décision pourrait être légèrement décalé et les résultats pourraient être inférieurs aux attentes.,1
decision_B1_su_df_wood,action,"Ne vous précipitez pas pour prendre une décision, attendez que la situation devienne claire.",1
decision_B1_su_df_wood,state,"Bien que la flexibilité ait diminué, le flux n’est pas significativement perturbé et l’énergie calme du changement ne secoue que légèrement le flux normal.",1
decision_B1_su_ex_earth,intro,"Mon sens de lecture du flux est devenu un peu ennuyeux, il y a donc du mal à juger du timing.",1
decision_B1_su_ex_earth,effect,Le moment de la décision pourrait être légèrement décalé et les résultats pourraient être inférieurs aux attentes.,1
decision_B1_su_ex_earth,action,"Ne vous précipitez pas pour prendre une décision, attendez que la situation devienne claire.",1
decision_B1_su_ex_earth,state,"Même si il y a beaucoup de choses à penser, la journée se déroule sans trop de perturbations et l'énergie nuageuse aide à maintenir un rythme tranquille.",1
decision_B1_su_ex_fire,intro,"Mon sens de lecture du flux est devenu un peu ennuyeux, il y a donc du mal à juger du timing.",1
decision_B1_su_ex_fire,effect,Le moment de la décision pourrait être légèrement décalé et les résultats pourraient être inférieurs aux attentes.,1
decision_B1_su_ex_fire,action,"Ne vous précipitez pas pour prendre une décision, attendez que la situation devienne claire.",1
decision_B1_su_ex_fire,state,"Même si il y a beaucoup de pensées, la journée se déroule sans trop de perturbations, et l'énergie claire ajoute une vitalité calme et continue la journée ordinaire.",1
decision_B1_su_ex_water,intro,"Mon sens de lecture du flux est devenu un peu ennuyeux, il y a donc du mal à juger du timing.",1
decision_B1_su_ex_water,effect,Le moment de la décision pourrait être légèrement décalé et les résultats pourraient être inférieurs aux attentes.,1
decision_B1_su_ex_water,action,"Ne vous précipitez pas pour prendre une décision, attendez que la situation devienne claire.",1
decision_B1_su_ex_water,state,"Même si vous avez beaucoup de pensées, la journée se déroule sans grande agitation, et l'énergie humide augmente vos pensées mais ne provoque pas beaucoup d'agitation.",1
decision_B1_su_ex_wood,intro,"Mon sens de lecture du flux est devenu un peu ennuyeux, il y a donc du mal à juger du timing.",1
decision_B1_su_ex_wood,effect,Le moment de la décision pourrait être légèrement décalé et les résultats pourraient être inférieurs aux attentes.,1
decision_B1_su_ex_wood,action,"Ne vous précipitez pas pour prendre une décision, attendez que la situation devienne claire.",1
decision_B1_su_ex_wood,state,"Même si il y a beaucoup de pensées, la journée se déroule sans trop de perturbations et l'énergie calme du changement ne secoue que légèrement le flux normal.",1
decision_B1_to_df_earth,intro,"La stabilité du jugement est maintenue à un niveau moyen, mais il peut y avoir des fluctuations.",1
decision_B1_to_df_earth,effect,"L’équilibre peut être quelque peu déséquilibré, conduisant à des erreurs dans des décisions importantes.",1
decision_B1_to_df_earth,action,Réfléchissez aux choses plus attentivement que d’habitude et prenez des décisions sans hâte.,1
decision_B1_to_df_earth,state,"Même s'il y a quelques tremblements, la vie quotidienne se déroule sans problème et l'énergie trouble aide à maintenir un rythme tranquille.",1
decision_B1_to_df_fire,intro,"La stabilité du jugement est maintenue à un niveau moyen, mais il peut y avoir des fluctuations.",1
decision_B1_to_df_fire,effect,"L’équilibre peut être quelque peu déséquilibré, conduisant à des erreurs dans des décisions importantes.",1
decision_B1_to_df_fire,action,Réfléchissez aux choses plus attentivement que d’habitude et prenez des décisions sans hâte.,1
decision_B1_to_df_fire,state,"Bien qu'il y ait quelques tremblements, la vie quotidienne se déroule sans problème et l'énergie claire ajoute une vitalité calme et continue la journée normale.",1
decision_B1_to_df_water,intro,"La stabilité du jugement est maintenue à un niveau moyen, mais il peut y avoir des fluctuations.",1
decision_B1_to_df_water,effect,"L’équilibre peut être quelque peu déséquilibré, conduisant à des erreurs dans des décisions importantes.",1
decision_B1_to_df_water,action,Réfléchissez aux choses plus attentivement que d’habitude et prenez des décisions sans hâte.,1
decision_B1_to_df_water,state,"Même s'il y a des secousses, la vie quotidienne se déroule sans problème et l'énergie humide augmente les pensées, mais ne provoque pas beaucoup d'agitation.",1
decision_B1_to_df_wood,intro,"La stabilité du jugement est maintenue à un niveau moyen, mais il peut y avoir des fluctuations.",1
decision_B1_to_df_wood,effect,"L’équilibre peut être quelque peu déséquilibré, conduisant à des erreurs dans des décisions importantes.",1
decision_B1_to_df_wood,action,Réfléchissez aux choses plus attentivement que d’habitude et prenez des décisions sans hâte.,1
decision_B1_to_df_wood,state,"Bien qu'il y ait des fluctuations, la vie quotidienne se déroule sans heurts et l'énergie calme du changement ne secoue que légèrement le flux normal.",1
decision_B1_to_ex_earth,intro,"La stabilité du jugement est maintenue à un niveau moyen, mais il peut y avoir des fluctuations.",1
decision_B1_to_ex_earth,effect,"L’équilibre peut être quelque peu déséquilibré, conduisant à des erreurs dans des décisions importantes.",1
decision_B1_to_ex_earth,action,Réfléchissez aux choses plus attentivement que d’habitude et prenez des décisions sans hâte.,1
decision_B1_to_ex_earth,state,"Choisir la familiarité plutôt que le changement mène à une journée facile, et l'énergie nuageuse aide à maintenir un rythme facile.",1
decision_B1_to_ex_fire,intro,"La stabilité du jugement est maintenue à un niveau moyen, mais il peut y avoir des fluctuations.",1
decision_B1_to_ex_fire,effect,"L’équilibre peut être quelque peu déséquilibré, conduisant à des erreurs dans des décisions importantes.",1
decision_B1_to_ex_fire,action,Réfléchissez aux choses plus attentivement que d’habitude et prenez des décisions sans hâte.,1
decision_B1_to_ex_fire,state,"Choisir la familiarité plutôt que le changement mène à une journée ordinaire, et l’énergie claire ajoute une vitalité calme à la journée ordinaire.",1
decision_B1_to_ex_water,intro,"La stabilité du jugement est maintenue à un niveau moyen, mais il peut y avoir des fluctuations.",1
decision_B1_to_ex_water,effect,"L’équilibre peut être quelque peu déséquilibré, conduisant à des erreurs dans des décisions importantes.",1
decision_B1_to_ex_water,action,Réfléchissez aux choses plus attentivement que d’habitude et prenez des décisions sans hâte.,1
decision_B1_to_ex_water,state,"Choisir la familiarité plutôt que le changement conduit à une journée normale, et l’énergie humide augmente les pensées mais ne provoque pas beaucoup d’agitation.",1
decision_B1_to_ex_wood,intro,"La stabilité du jugement est maintenue à un niveau moyen, mais il peut y avoir des fluctuations.",1
decision_B1_to_ex_wood,effect,"L’équilibre peut être quelque peu déséquilibré, conduisant à des erreurs dans des décisions importantes.",1
decision_B1_to_ex_wood,action,Réfléchissez aux choses plus attentivement que d’habitude et prenez des décisions sans hâte.,1
decision_B1_to_ex_wood,state,"Choisir la familiarité plutôt que le changement conduit à une journée normale, et l’énergie calme du changement ne secoue que légèrement le flux normal.",1
decision_C,intro,"Votre jugement peut être quelque peu altéré aujourd’hui, vous pouvez donc reporter en toute sécurité des décisions importantes.",1
decision_C,intro,"Vous n'ai pas l'énergie nécessaire pour prendre des décisions aujourd'hui, il vaut donc mieux me référer à l'opinion de quelqu'un d'autre plutôt que de prendre des décisions par moi-même.",1
decision_C,effect,"Le choix que vous faites aujourd’hui peut s’avérer regrettable plus tard, vous devez donc l’aborder avec autant de prudence que possible.",1
decision_C,effect,"Le manque d’informations ou d’émotions peut obscurcir votre jugement, il est donc préférable de prendre votre temps et de réviser.",1
decision_C,action,"Si vous notez uniquement les points clés avant de prendre une décision, vous pouvez organiser votre esprit et réduire les erreurs.",1
decision_C,action,Il est plus sûr de revoir demain les conclusions tirées aujourd’hui et de les mettre ensuite en pratique.,1
decision_C_geum_df_earth,intro,C’est un jour où le jugement est altéré et où des erreurs sont susceptibles de se produire dans des décisions complexes.,1
decision_C_geum_df_earth,effect,La précision de l'analyse peut diminuer et conduire à des conclusions incorrectes.,1
decision_C_geum_df_earth,action,Évitez de prendre des décisions importantes aujourd’hui et discutez-en avec une personne de confiance.,1
decision_C_geum_df_earth,state,"À mesure que votre détermination faiblit, il est facile de remettre à plus tard des choix importants, et une énergie trouble peut vous ralentir et alourdir vos pensées.",1
decision_C_geum_df_fire,intro,C’est un jour où le jugement est altéré et où des erreurs sont susceptibles de se produire dans des décisions complexes.,1
decision_C_geum_df_fire,effect,La précision de l'analyse peut diminuer et conduire à des conclusions incorrectes.,1
decision_C_geum_df_fire,action,Évitez de prendre des décisions importantes aujourd’hui et discutez-en avec une personne de confiance.,1
decision_C_geum_df_fire,state,"À mesure que votre détermination faiblit, il est facile de remettre à plus tard des choix importants et votre énergie claire peut se répandre dans une atmosphère excitée, ce qui peut brouiller votre prudence.",1
decision_C_geum_df_water,intro,C’est un jour où le jugement est altéré et où des erreurs sont susceptibles de se produire dans des décisions complexes.,1
decision_C_geum_df_water,effect,La précision de l'analyse peut diminuer et conduire à des conclusions incorrectes.,1
decision_C_geum_df_water,action,Évitez de prendre des décisions importantes aujourd’hui et discutez-en avec une personne de confiance.,1
decision_C_geum_df_water,state,"Il est facile de reporter des choix importants à mesure que votre détermination s’affaiblit, et l’énergie de la pluie et de la neige peut stimuler vos émotions et votre moi intérieur, ce qui peut avoir un impact plus important.",1
decision_C_geum_df_wood,intro,C’est un jour où le jugement est altéré et où des erreurs sont susceptibles de se produire dans des décisions complexes.,1
decision_C_geum_df_wood,effect,La précision de l'analyse peut diminuer et conduire à des conclusions incorrectes.,1
decision_C_geum_df_wood,action,Évitez de prendre des décisions importantes aujourd’hui et discutez-en avec une personne de confiance.,1
decision_C_geum_df_wood,state,"Il est facile de reporter des choix importants en raison d’une détermination affaiblie, et la forte énergie du changement peut bouleverser le rythme et conduire à des variables inattendues.",1
decision_C_geum_ex_earth,intro,C’est un jour où le jugement est altéré et où des erreurs sont susceptibles de se produire dans des décisions complexes.,1
decision_C_geum_ex_earth,effect,La précision de l'analyse peut diminuer et conduire à des conclusions incorrectes.,1
decision_C_geum_ex_earth,action,Évitez de prendre des décisions importantes aujourd’hui et discutez-en avec une personne de confiance.,1
decision_C_geum_ex_earth,state,"Un jugement trop pointu peut rendre les relations froides, et une énergie trouble peut ralentir votre rythme et alourdir vos pensées.",1
decision_C_geum_ex_fire,intro,C’est un jour où le jugement est altéré et où des erreurs sont susceptibles de se produire dans des décisions complexes.,1
decision_C_geum_ex_fire,effect,La précision de l'analyse peut diminuer et conduire à des conclusions incorrectes.,1
decision_C_geum_ex_fire,action,Évitez de prendre des décisions importantes aujourd’hui et discutez-en avec une personne de confiance.,1
decision_C_geum_ex_fire,state,"Un jugement trop pointu peut rendre les relations froides, et une énergie claire peut couler dans une atmosphère excitée, ce qui peut brouiller la prudence.",1
decision_C_geum_ex_water,intro,C’est un jour où le jugement est altéré et où des erreurs sont susceptibles de se produire dans des décisions complexes.,1
decision_C_geum_ex_water,effect,La précision de l'analyse peut diminuer et conduire à des conclusions incorrectes.,1
decision_C_geum_ex_water,action,Évitez de prendre des décisions importantes aujourd’hui et discutez-en avec une personne de confiance.,1
decision_C_geum_ex_water,state,"Un jugement trop pointu peut rendre les relations froides, et l'énergie de la pluie et de la neige peut stimuler les émotions et les sentiments intérieurs, ce qui peut avoir un impact plus important.",1
decision_C_geum_ex_wood,intro,C’est un jour où le jugement est altéré et où des erreurs sont susceptibles de se produire dans des décisions complexes.,1
decision_C_geum_ex_wood,effect,La précision de l'analyse peut diminuer et conduire à des conclusions incorrectes.,1
decision_C_geum_ex_wood,action,Évitez de prendre des décisions importantes aujourd’hui et discutez-en avec une personne de confiance.,1
decision_C_geum_ex_wood,state,"Un jugement trop pointu peut rendre les relations froides, et la forte énergie du changement peut bouleverser le rythme et conduire à des variables inattendues.",1
decision_C_hwa_df_earth,intro,C’est un jour où l’intuition devient floue et où il est difficile de se fier au jugement sensoriel.,1
decision_C_hwa_df_earth,effect,"Si vos sentiments sont en contradiction avec la réalité, vos décisions peuvent conduire à des regrets.",1
decision_C_hwa_df_earth,action,Prenez des décisions soigneusement fondées sur des faits objectifs plutôt que sur des sentiments.,1
decision_C_hwa_df_earth,state,"Il est facile que des malentendus surviennent en raison de difficultés à s'exprimer, et l'énergie trouble peut vous ralentir et alourdir vos pensées.",1
decision_C_hwa_df_fire,intro,C’est un jour où l’intuition devient floue et où il est difficile de se fier au jugement sensoriel.,1
decision_C_hwa_df_fire,effect,"Si vos sentiments sont en contradiction avec la réalité, vos décisions peuvent conduire à des regrets.",1
decision_C_hwa_df_fire,action,Prenez des décisions soigneusement fondées sur des faits objectifs plutôt que sur des sentiments.,1
decision_C_hwa_df_fire,state,"Il est facile que des malentendus se produisent parce que les expressions sont difficiles à comprendre, et l'énergie claire peut couler dans une atmosphère excitée et troubler la prudence.",1
decision_C_hwa_df_water,intro,C’est un jour où l’intuition devient floue et où il est difficile de se fier au jugement sensoriel.,1
decision_C_hwa_df_water,effect,"Si vos sentiments sont en contradiction avec la réalité, vos décisions peuvent conduire à des regrets.",1
decision_C_hwa_df_water,action,Prenez des décisions soigneusement fondées sur des faits objectifs plutôt que sur des sentiments.,1
decision_C_hwa_df_water,state,"Il est facile que des malentendus surviennent car les expressions sont difficiles à comprendre, et l'énergie de la pluie et de la neige peut stimuler les émotions et les sentiments intérieurs, ce qui peut avoir un impact plus important.",1
decision_C_hwa_df_wood,intro,C’est un jour où l’intuition devient floue et où il est difficile de se fier au jugement sensoriel.,1
decision_C_hwa_df_wood,effect,"Si vos sentiments sont en contradiction avec la réalité, vos décisions peuvent conduire à des regrets.",1
decision_C_hwa_df_wood,action,Prenez des décisions soigneusement fondées sur des faits objectifs plutôt que sur des sentiments.,1
decision_C_hwa_df_wood,state,"Les malentendus sont faciles à survenir en raison d'expressions difficiles, et la forte énergie du changement peut bouleverser le rythme et conduire à des variables inattendues.",1
decision_C_hwa_ex_earth,intro,C’est un jour où l’intuition devient floue et où il est difficile de se fier au jugement sensoriel.,1
decision_C_hwa_ex_earth,effect,"Si vos sentiments sont en contradiction avec la réalité, vos décisions peuvent conduire à des regrets.",1
decision_C_hwa_ex_earth,action,Prenez des décisions soigneusement fondées sur des faits objectifs plutôt que sur des sentiments.,1
decision_C_hwa_ex_earth,state,"Il est facile que les émotions s'entrechoquent, et une énergie trouble peut vous ralentir et alourdir vos pensées.",1
decision_C_hwa_ex_fire,intro,C’est un jour où l’intuition devient floue et où il est difficile de se fier au jugement sensoriel.,1
decision_C_hwa_ex_fire,effect,"Si vos sentiments sont en contradiction avec la réalité, vos décisions peuvent conduire à des regrets.",1
decision_C_hwa_ex_fire,action,Prenez des décisions soigneusement fondées sur des faits objectifs plutôt que sur des sentiments.,1
decision_C_hwa_ex_fire,state,"Il est facile que les émotions s’entrechoquent, et l’énergie claire peut s’écouler dans une atmosphère excitée, ce qui trouble la prudence.",1
decision_C_hwa_ex_water,intro,C’est un jour où l’intuition devient floue et où il est difficile de se fier au jugement sensoriel.,1
decision_C_hwa_ex_water,effect,"Si vos sentiments sont en contradiction avec la réalité, vos décisions peuvent conduire à des regrets.",1
decision_C_hwa_ex_water,action,Prenez des décisions soigneusement fondées sur des faits objectifs plutôt que sur des sentiments.,1
decision_C_hwa_ex_water,state,"Il est facile que les émotions entrent en conflit, et l'énergie de la pluie et de la neige peut stimuler les émotions et les sentiments intérieurs, ce qui peut augmenter l'impact.",1
decision_C_hwa_ex_wood,intro,C’est un jour où l’intuition devient floue et où il est difficile de se fier au jugement sensoriel.,1
decision_C_hwa_ex_wood,effect,"Si vos sentiments sont en contradiction avec la réalité, vos décisions peuvent conduire à des regrets.",1
decision_C_hwa_ex_wood,action,Prenez des décisions soigneusement fondées sur des faits objectifs plutôt que sur des sentiments.,1
decision_C_hwa_ex_wood,state,"Il est facile que les émotions s’entrechoquent, et la forte énergie du changement peut bouleverser le rythme et conduire à des variables inattendues.",1
decision_C_mok_df_earth,intro,"C’est un jour où votre flexibilité de jugement diminue, ce qui rend difficile l’adaptation à de nouvelles situations.",1
decision_C_mok_df_earth,effect,Une perspective fixe obscurcit les meilleurs choix et vous fait manquer des opportunités.,1
decision_C_mok_df_earth,action,Des efforts sont nécessaires pour briser le moule et s’ouvrir à diverses perspectives.,1
decision_C_mok_df_earth,state,"L’hésitation à essayer de nouvelles choses peut ralentir les progrès, et une énergie trouble peut ralentir votre rythme et alourdir vos pensées.",1
decision_C_mok_df_fire,intro,"C’est un jour où votre flexibilité de jugement diminue, ce qui rend difficile l’adaptation à de nouvelles situations.",1
decision_C_mok_df_fire,effect,Une perspective fixe obscurcit les meilleurs choix et vous fait manquer des opportunités.,1
decision_C_mok_df_fire,action,Des efforts sont nécessaires pour briser le moule et s’ouvrir à diverses perspectives.,1
decision_C_mok_df_fire,state,"L’hésitation à essayer de nouvelles choses peut ralentir les progrès, et une énergie claire peut conduire à une atmosphère excitée, ce qui peut brouiller la prudence.",1
decision_C_mok_df_water,intro,"C’est un jour où votre flexibilité de jugement diminue, ce qui rend difficile l’adaptation à de nouvelles situations.",1
decision_C_mok_df_water,effect,Une perspective fixe obscurcit les meilleurs choix et vous fait manquer des opportunités.,1
decision_C_mok_df_water,action,Des efforts sont nécessaires pour briser le moule et s’ouvrir à diverses perspectives.,1
decision_C_mok_df_water,state,"L'hésitation à essayer de nouvelles choses peut ralentir les progrès, et l'énergie de la pluie et de la neige peut stimuler vos émotions et votre moi intérieur, ce qui peut augmenter l'impact.",1
decision_C_mok_df_wood,intro,"C’est un jour où votre flexibilité de jugement diminue, ce qui rend difficile l’adaptation à de nouvelles situations.",1
decision_C_mok_df_wood,effect,Une perspective fixe obscurcit les meilleurs choix et vous fait manquer des opportunités.,1
decision_C_mok_df_wood,action,Des efforts sont nécessaires pour briser le moule et s’ouvrir à diverses perspectives.,1
decision_C_mok_df_wood,state,"L’hésitation à essayer de nouvelles choses peut ralentir les progrès, et la forte énergie du changement peut bouleverser le rythme et conduire à des variables inattendues.",1
decision_C_mok_ex_earth,intro,"C’est un jour où votre flexibilité de jugement diminue, ce qui rend difficile l’adaptation à de nouvelles situations.",1
decision_C_mok_ex_earth,effect,Une perspective fixe obscurcit les meilleurs choix et vous fait manquer des opportunités.,1
decision_C_mok_ex_earth,action,Des efforts sont nécessaires pour briser le moule et s’ouvrir à diverses perspectives.,1
decision_C_mok_ex_earth,state,"Une motivation excessive peut vous amener à en faire trop, et une énergie trouble peut vous ralentir et alourdir vos pensées.",1
decision_C_mok_ex_fire,intro,"C’est un jour où votre flexibilité de jugement diminue, ce qui rend difficile l’adaptation à de nouvelles situations.",1
decision_C_mok_ex_fire,effect,Une perspective fixe obscurcit les meilleurs choix et vous fait manquer des opportunités.,1
decision_C_mok_ex_fire,action,Des efforts sont nécessaires pour briser le moule et s’ouvrir à diverses perspectives.,1
decision_C_mok_ex_fire,state,"Si vous êtes trop motivé, vous risquez de vous forcer à faire des choses et votre énergie claire peut se répandre dans une atmosphère excitée, ce qui peut brouiller votre prudence.",1
decision_C_mok_ex_water,intro,"C’est un jour où votre flexibilité de jugement diminue, ce qui rend difficile l’adaptation à de nouvelles situations.",1
decision_C_mok_ex_water,effect,Une perspective fixe obscurcit les meilleurs choix et vous fait manquer des opportunités.,1
decision_C_mok_ex_water,action,Des efforts sont nécessaires pour briser le moule et s’ouvrir à diverses perspectives.,1
decision_C_mok_ex_water,state,"Si vous êtes trop motivé, vous risquez d'en faire trop, et l'énergie de la pluie et de la neige peut stimuler vos émotions et votre moi intérieur, ce qui peut augmenter l'impact.",1
decision_C_mok_ex_wood,intro,"C’est un jour où votre flexibilité de jugement diminue, ce qui rend difficile l’adaptation à de nouvelles situations.",1
decision_C_mok_ex_wood,effect,Une perspective fixe obscurcit les meilleurs choix et vous fait manquer des opportunités.,1
decision_C_mok_ex_wood,action,Des efforts sont nécessaires pour briser le moule et s’ouvrir à diverses perspectives.,1
decision_C_mok_ex_wood,state,"Une motivation excessive peut conduire à en faire trop, et la forte énergie du changement peut bouleverser le rythme et conduire à des variables inattendues.",1
decision_C_su_df_earth,intro,C’est un jour où votre sens du flux s’émousse et il est facile de rater le timing des décisions.,1
decision_C_su_df_earth,effect,Une décision prise au mauvais moment produit des résultats pires que prévu.,1
decision_C_su_df_earth,action,Reporter une décision ou consulter un avis d'expert.,1
decision_C_su_df_earth,state,"Il est facile de perdre la trace du flux en raison d'un manque de flexibilité, et une énergie trouble peut vous ralentir et alourdir vos pensées.",1
decision_C_su_df_fire,intro,C’est un jour où votre sens du flux s’émousse et il est facile de rater le timing des décisions.,1
decision_C_su_df_fire,effect,Une décision prise au mauvais moment produit des résultats pires que prévu.,1
decision_C_su_df_fire,action,Reporter une décision ou consulter un avis d'expert.,1
decision_C_su_df_fire,state,"En raison du manque de flexibilité, il est facile de perdre la trace du flux et l’énergie claire peut s’écouler dans une atmosphère excitée, ce qui peut brouiller votre prudence.",1
decision_C_su_df_water,intro,C’est un jour où votre sens du flux s’émousse et il est facile de rater le timing des décisions.,1
decision_C_su_df_water,effect,Une décision prise au mauvais moment produit des résultats pires que prévu.,1
decision_C_su_df_water,action,Reporter une décision ou consulter un avis d'expert.,1
decision_C_su_df_water,state,"En raison du manque de flexibilité, il est facile de perdre la trace du flux, et l'énergie de la pluie et de la neige peut stimuler les émotions et le moi intérieur, ce qui peut augmenter l'impact.",1
decision_C_su_df_wood,intro,C’est un jour où votre sens du flux s’émousse et il est facile de rater le timing des décisions.,1
decision_C_su_df_wood,effect,Une décision prise au mauvais moment produit des résultats pires que prévu.,1
decision_C_su_df_wood,action,Reporter une décision ou consulter un avis d'expert.,1
decision_C_su_df_wood,state,"En raison du manque de flexibilité, il est facile de perdre le fil du flux, et la forte énergie du changement peut bouleverser le rythme et conduire à des variables inattendues.",1
decision_C_su_ex_earth,intro,C’est un jour où votre sens du flux s’émousse et il est facile de rater le timing des décisions.,1
decision_C_su_ex_earth,effect,Une décision prise au mauvais moment produit des résultats pires que prévu.,1
decision_C_su_ex_earth,action,Reporter une décision ou consulter un avis d'expert.,1
decision_C_su_ex_earth,state,"Il est facile que votre jugement soit obscurci par des émotions débordantes, et l’énergie trouble peut vous ralentir et alourdir vos pensées.",1
decision_C_su_ex_fire,intro,C’est un jour où votre sens du flux s’émousse et il est facile de rater le timing des décisions.,1
decision_C_su_ex_fire,effect,Une décision prise au mauvais moment produit des résultats pires que prévu.,1
decision_C_su_ex_fire,action,Reporter une décision ou consulter un avis d'expert.,1
decision_C_su_ex_fire,state,"Le jugement peut facilement être obscurci par des émotions débordantes, et l’énergie claire peut s’écouler dans une atmosphère excitée, ce qui peut obscurcir la prudence.",1
decision_C_su_ex_water,intro,C’est un jour où votre sens du flux s’émousse et il est facile de rater le timing des décisions.,1
decision_C_su_ex_water,effect,Une décision prise au mauvais moment produit des résultats pires que prévu.,1
decision_C_su_ex_water,action,Reporter une décision ou consulter un avis d'expert.,1
decision_C_su_ex_water,state,"Il est facile que votre jugement s'obscurcisse à cause d'émotions débordantes, et l'énergie de la pluie et de la neige peut stimuler vos émotions et votre moi intérieur, ce qui peut augmenter l'impact.",1
decision_C_su_ex_wood,intro,C’est un jour où votre sens du flux s’émousse et il est facile de rater le timing des décisions.,1
decision_C_su_ex_wood,effect,Une décision prise au mauvais moment produit des résultats pires que prévu.,1
decision_C_su_ex_wood,action,Reporter une décision ou consulter un avis d'expert.,1
decision_C_su_ex_wood,state,"Le jugement peut facilement être obscurci par les émotions, et la forte énergie du changement peut bouleverser le rythme et conduire à des variables inattendues.",1
decision_C_to_df_earth,intro,C’est un jour où votre sentiment de stabilité est ébranlé et où l’anxiété augmente pendant le processus de jugement.,1
decision_C_to_df_earth,effect,Les décisions prises dans l’anxiété sont susceptibles de conduire à des erreurs.,1
decision_C_to_df_earth,action,Calmez votre esprit et prenez une décision dans un état stable.,1
decision_C_to_df_earth,state,"Parce que votre centre est ébranlé, il est facile de se laisser influencer par votre environnement, et une énergie trouble peut vous ralentir et alourdir vos pensées.",1
decision_C_to_df_fire,intro,C’est un jour où votre sentiment de stabilité est ébranlé et où l’anxiété augmente pendant le processus de jugement.,1
decision_C_to_df_fire,effect,Les décisions prises dans l’anxiété sont susceptibles de conduire à des erreurs.,1
decision_C_to_df_fire,action,Calmez votre esprit et prenez une décision dans un état stable.,1
decision_C_to_df_fire,state,"Parce que votre centre est ébranlé, il est facile de se laisser influencer par ceux qui vous entourent et votre énergie claire peut couler dans une atmosphère excitée, ce qui peut brouiller votre prudence.",1
decision_C_to_df_water,intro,C’est un jour où votre sentiment de stabilité est ébranlé et où l’anxiété augmente pendant le processus de jugement.,1
decision_C_to_df_water,effect,Les décisions prises dans l’anxiété sont susceptibles de conduire à des erreurs.,1
decision_C_to_df_water,action,Calmez votre esprit et prenez une décision dans un état stable.,1
decision_C_to_df_water,state,"Parce que votre centre est ébranlé, il est facile de se laisser influencer par votre environnement, et l’énergie de la pluie et de la neige peut stimuler vos émotions et votre moi intérieur, ce qui peut augmenter l’impact.",1
decision_C_to_df_wood,intro,C’est un jour où votre sentiment de stabilité est ébranlé et où l’anxiété augmente pendant le processus de jugement.,1
decision_C_to_df_wood,effect,Les décisions prises dans l’anxiété sont susceptibles de conduire à des erreurs.,1
decision_C_to_df_wood,action,Calmez votre esprit et prenez une décision dans un état stable.,1
decision_C_to_df_wood,state,"Parce que le centre est ébranlé, il est facile de se laisser influencer par l'environnement, et la forte énergie du changement peut bouleverser le rythme et conduire à des variables inattendues.",1
decision_C_to_ex_earth,intro,C’est un jour où votre sentiment de stabilité est ébranlé et où l’anxiété augmente pendant le processus de jugement.,1
decision_C_to_ex_earth,effect,Les décisions prises dans l’anxiété sont susceptibles de conduire à des erreurs.,1
decision_C_to_ex_earth,action,Calmez votre esprit et prenez une décision dans un état stable.,1
decision_C_to_ex_earth,state,"Un esprit qui refuse de changer peut bloquer des opportunités, et une énergie trouble peut ralentir votre rythme et alourdir vos pensées.",1
decision_C_to_ex_fire,intro,C’est un jour où votre sentiment de stabilité est ébranlé et où l’anxiété augmente pendant le processus de jugement.,1
decision_C_to_ex_fire,effect,Les décisions prises dans l’anxiété sont susceptibles de conduire à des erreurs.,1
decision_C_to_ex_fire,action,Calmez votre esprit et prenez une décision dans un état stable.,1
decision_C_to_ex_fire,state,"Un esprit qui refuse de changer peut bloquer des opportunités, et une énergie claire peut couler dans une atmosphère excitée, obscurcissant la prudence.",1
decision_C_to_ex_water,intro,C’est un jour où votre sentiment de stabilité est ébranlé et où l’anxiété augmente pendant le processus de jugement.,1
decision_C_to_ex_water,effect,Les décisions prises dans l’anxiété sont susceptibles de conduire à des erreurs.,1
decision_C_to_ex_water,action,Calmez votre esprit et prenez une décision dans un état stable.,1
decision_C_to_ex_water,state,"Un esprit qui refuse de changer peut bloquer des opportunités, et l’énergie de la pluie et de la neige peut stimuler les émotions et les sentiments intérieurs, ce qui peut accroître l’impact.",1
decision_C_to_ex_wood,intro,C’est un jour où votre sentiment de stabilité est ébranlé et où l’anxiété augmente pendant le processus de jugement.,1
decision_C_to_ex_wood,effect,Les décisions prises dans l’anxiété sont susceptibles de conduire à des erreurs.,1
decision_C_to_ex_wood,action,Calmez votre esprit et prenez une décision dans un état stable.,1
decision_C_to_ex_wood,state,"Un refus de changement peut bloquer des opportunités, et la forte énergie du changement peut bouleverser le rythme et conduire à des variables inattendues.",1
decision_C1,intro,"Votre jugement sera considérablement altéré aujourd’hui, il est donc préférable de reporter autant que possible les décisions importantes.",1
decision_C1,intro,"L’énergie nécessaire pour prendre des décisions est très faible aujourd’hui, il est donc prudent de ne pas trop se fier à son propre jugement.",1
decision_C1,effect,"Il y a de fortes chances qu’une décision prise aujourd’hui conduise à des regrets, il est donc préférable d’envisager activement de la suspendre.",1
decision_C1,effect,"Parce que les émotions ou les stimuli externes peuvent fausser le jugement, il est préférable de collecter d’abord des informations.",1
decision_C1,action,"Aujourd’hui, passez du temps à rassembler et à organiser vos options plutôt que de prendre des décisions.",1
decision_C1,action,"Obtenez d’abord l’avis d’une personne de confiance, puis laissez la décision finale à demain.",1
decision_C1_geum_df_earth,intro,Votre jugement sera grandement altéré et vous devrez être très prudent dans vos décisions d’aujourd’hui.,1
decision_C1_geum_df_earth,effect,Une capacité analytique réduite peut conduire à des erreurs de jugement dans des décisions importantes.,1
decision_C1_geum_df_earth,action,Ne prenez pas de décisions importantes aujourd'hui ; repoussez-les le plus longtemps possible.,1
decision_C1_geum_df_earth,state,"En raison du manque de détermination, il est facile de faire des choix indécis, et une énergie trouble peut réduire la motivation et troubler le jugement.",1
decision_C1_geum_df_fire,intro,Votre jugement sera grandement altéré et vous devrez être très prudent dans vos décisions d’aujourd’hui.,1
decision_C1_geum_df_fire,effect,Une capacité analytique réduite peut conduire à des erreurs de jugement dans des décisions importantes.,1
decision_C1_geum_df_fire,action,Ne prenez pas de décisions importantes aujourd'hui ; repoussez-les le plus longtemps possible.,1
decision_C1_geum_df_fire,state,"En raison du manque de détermination, il est facile de faire des choix indécis, et un Yang excité peut dissiper le calme et conduire à des erreurs mineures.",1
decision_C1_geum_df_water,intro,Votre jugement sera grandement altéré et vous devrez être très prudent dans vos décisions d’aujourd’hui.,1
decision_C1_geum_df_water,effect,Une capacité analytique réduite peut conduire à des erreurs de jugement dans des décisions importantes.,1
decision_C1_geum_df_water,action,Ne prenez pas de décisions importantes aujourd'hui ; repoussez-les le plus longtemps possible.,1
decision_C1_geum_df_water,state,"En raison du manque de détermination, il est facile de faire des choix indécis, et l'énergie de la pluie et de la neige peut ne pas calmer vos émotions, ce qui rend votre cœur lourd.",1
decision_C1_geum_df_wood,intro,Votre jugement sera grandement altéré et vous devrez être très prudent dans vos décisions d’aujourd’hui.,1
decision_C1_geum_df_wood,effect,Une capacité analytique réduite peut conduire à des erreurs de jugement dans des décisions importantes.,1
decision_C1_geum_df_wood,action,Ne prenez pas de décisions importantes aujourd'hui ; repoussez-les le plus longtemps possible.,1
decision_C1_geum_df_wood,state,"En raison du manque de détermination, il est facile de faire des choix indécis et l’énergie du changement peut continuer à interférer et à perturber les plans.",1
decision_C1_geum_ex_earth,intro,Votre jugement sera grandement altéré et vous devrez être très prudent dans vos décisions d’aujourd’hui.,1
decision_C1_geum_ex_earth,effect,Une capacité analytique réduite peut conduire à des erreurs de jugement dans des décisions importantes.,1
decision_C1_geum_ex_earth,action,Ne prenez pas de décisions importantes aujourd'hui ; repoussez-les le plus longtemps possible.,1
decision_C1_geum_ex_earth,state,"La netteté peut aller trop loin et constituer un fardeau pour ceux qui vous entourent, et une énergie trouble peut réduire la motivation et brouiller votre jugement.",1
decision_C1_geum_ex_fire,intro,Votre jugement sera grandement altéré et vous devrez être très prudent dans vos décisions d’aujourd’hui.,1
decision_C1_geum_ex_fire,effect,Une capacité analytique réduite peut conduire à des erreurs de jugement dans des décisions importantes.,1
decision_C1_geum_ex_fire,action,Ne prenez pas de décisions importantes aujourd'hui ; repoussez-les le plus longtemps possible.,1
decision_C1_geum_ex_fire,state,"Votre acuité peut aller trop loin et constituer un fardeau pour ceux qui vous entourent, et votre énergie excitée peut dissiper votre calme et conduire à des erreurs mineures.",1
decision_C1_geum_ex_water,intro,Votre jugement sera grandement altéré et vous devrez être très prudent dans vos décisions d’aujourd’hui.,1
decision_C1_geum_ex_water,effect,Une capacité analytique réduite peut conduire à des erreurs de jugement dans des décisions importantes.,1
decision_C1_geum_ex_water,action,Ne prenez pas de décisions importantes aujourd'hui ; repoussez-les le plus longtemps possible.,1
decision_C1_geum_ex_water,state,"Votre acuité peut aller trop loin et faire peser un fardeau sur ceux qui vous entourent, et l'énergie de la pluie et de la neige ne peut pas calmer vos émotions, ce qui rend votre cœur lourd.",1
decision_C1_geum_ex_wood,intro,Votre jugement sera grandement altéré et vous devrez être très prudent dans vos décisions d’aujourd’hui.,1
decision_C1_geum_ex_wood,effect,Une capacité analytique réduite peut conduire à des erreurs de jugement dans des décisions importantes.,1
decision_C1_geum_ex_wood,action,Ne prenez pas de décisions importantes aujourd'hui ; repoussez-les le plus longtemps possible.,1
decision_C1_geum_ex_wood,state,"Votre acuité peut aller trop loin et constituer un fardeau pour ceux qui vous entourent, et l'énergie du changement peut continuer à interférer avec vos projets.",1
decision_C1_hwa_df_earth,intro,"L’intuition fonctionne rarement, c’est pourquoi les décisions fondées sur le sens sont risquées.",1
decision_C1_hwa_df_earth,effect,Le sentiment est complètement désynchronisé et finit par justifier un mauvais choix.,1
decision_C1_hwa_df_earth,action,"Peu importe à quel point vous en êtes certain, évitez tout jugement sensoriel aujourd’hui.",1
decision_C1_hwa_df_earth,state,"Il est facile que vos sentiments ne soient pas exprimés correctement en raison d’un blocage de l’expression, et une énergie trouble peut réduire la motivation et brouiller votre jugement.",1
decision_C1_hwa_df_fire,intro,"L’intuition fonctionne rarement, c’est pourquoi les décisions fondées sur le sens sont risquées.",1
decision_C1_hwa_df_fire,effect,Le sentiment est complètement désynchronisé et finit par justifier un mauvais choix.,1
decision_C1_hwa_df_fire,action,"Peu importe à quel point vous en êtes certain, évitez tout jugement sensoriel aujourd’hui.",1
decision_C1_hwa_df_fire,state,"Il est facile que vos sentiments ne soient pas transmis correctement en raison d'un blocage de l'expression, et une énergie excitée peut disperser votre calme et conduire à des erreurs mineures.",1
decision_C1_hwa_df_water,intro,"L’intuition fonctionne rarement, c’est pourquoi les décisions fondées sur le sens sont risquées.",1
decision_C1_hwa_df_water,effect,Le sentiment est complètement désynchronisé et finit par justifier un mauvais choix.,1
decision_C1_hwa_df_water,action,"Peu importe à quel point vous en êtes certain, évitez tout jugement sensoriel aujourd’hui.",1
decision_C1_hwa_df_water,state,"Parce que les expressions sont bloquées, il est facile que vos sentiments ne soient pas transmis correctement, et l'énergie de la pluie et de la neige ne peut pas calmer vos émotions, ce qui peut rendre votre cœur lourd.",1
decision_C1_hwa_df_wood,intro,"L’intuition fonctionne rarement, c’est pourquoi les décisions fondées sur le sens sont risquées.",1
decision_C1_hwa_df_wood,effect,Le sentiment est complètement désynchronisé et finit par justifier un mauvais choix.,1
decision_C1_hwa_df_wood,action,"Peu importe à quel point vous en êtes certain, évitez tout jugement sensoriel aujourd’hui.",1
decision_C1_hwa_df_wood,state,"Il est facile que vos sentiments ne soient pas transmis correctement en raison d’un blocage de l’expression, et l’énergie du changement peut continuer à interférer et perturber vos plans.",1
decision_C1_hwa_ex_earth,intro,"L’intuition fonctionne rarement, c’est pourquoi les décisions fondées sur le sens sont risquées.",1
decision_C1_hwa_ex_earth,effect,Le sentiment est complètement désynchronisé et finit par justifier un mauvais choix.,1
decision_C1_hwa_ex_earth,action,"Peu importe à quel point vous en êtes certain, évitez tout jugement sensoriel aujourd’hui.",1
decision_C1_hwa_ex_earth,state,"Il est facile pour les émotions de provoquer des frictions, même pour de petites choses, et une énergie trouble peut réduire la motivation et troubler le jugement.",1
decision_C1_hwa_ex_fire,intro,"L’intuition fonctionne rarement, c’est pourquoi les décisions fondées sur le sens sont risquées.",1
decision_C1_hwa_ex_fire,effect,Le sentiment est complètement désynchronisé et finit par justifier un mauvais choix.,1
decision_C1_hwa_ex_fire,action,"Peu importe à quel point vous en êtes certain, évitez tout jugement sensoriel aujourd’hui.",1
decision_C1_hwa_ex_fire,state,"Il est facile pour les émotions de provoquer des frictions, même pour de petites choses, et une énergie excitée peut perturber votre calme et conduire à des erreurs mineures.",1
decision_C1_hwa_ex_water,intro,"L’intuition fonctionne rarement, c’est pourquoi les décisions fondées sur le sens sont risquées.",1
decision_C1_hwa_ex_water,effect,Le sentiment est complètement désynchronisé et finit par justifier un mauvais choix.,1
decision_C1_hwa_ex_water,action,"Peu importe à quel point vous en êtes certain, évitez tout jugement sensoriel aujourd’hui.",1
decision_C1_hwa_ex_water,state,"Il est facile que des émotions surgissent, même pour de petites choses, et l'énergie de la pluie et de la neige ne peut pas calmer vos émotions, ce qui rend votre cœur lourd.",1
decision_C1_hwa_ex_wood,intro,"L’intuition fonctionne rarement, c’est pourquoi les décisions fondées sur le sens sont risquées.",1
decision_C1_hwa_ex_wood,effect,Le sentiment est complètement désynchronisé et finit par justifier un mauvais choix.,1
decision_C1_hwa_ex_wood,action,"Peu importe à quel point vous en êtes certain, évitez tout jugement sensoriel aujourd’hui.",1
decision_C1_hwa_ex_wood,state,"Si vous êtes motivé par les émotions, il est facile que des frictions surviennent, même pour de petites choses, et l'énergie du changement peut continuer à interférer et à perturber vos projets.",1
decision_C1_mok_df_earth,intro,Votre perspective sera considérablement réduite et vous risquez de manquer des options importantes.,1
decision_C1_mok_df_earth,effect,Des perspectives limitées conduisent régulièrement à des conclusions erronées.,1
decision_C1_mok_df_earth,action,Ne jugez pas par vous-même ; demandez de l’aide à quelqu’un en qui vous avez confiance.,1
decision_C1_mok_df_earth,state,"Si vous hésitez longtemps, il est facile qu’une opportunité vous échappe, et une énergie trouble peut réduire votre motivation et brouiller votre jugement.",1
decision_C1_mok_df_fire,intro,Votre perspective sera considérablement réduite et vous risquez de manquer des options importantes.,1
decision_C1_mok_df_fire,effect,Des perspectives limitées conduisent régulièrement à des conclusions erronées.,1
decision_C1_mok_df_fire,action,Ne jugez pas par vous-même ; demandez de l’aide à quelqu’un en qui vous avez confiance.,1
decision_C1_mok_df_fire,state,"Si vous hésitez longtemps, il est facile qu'une opportunité vous échappe et une énergie excitée peut dissiper votre calme et conduire à des erreurs mineures.",1
decision_C1_mok_df_water,intro,Votre perspective sera considérablement réduite et vous risquez de manquer des options importantes.,1
decision_C1_mok_df_water,effect,Des perspectives limitées conduisent régulièrement à des conclusions erronées.,1
decision_C1_mok_df_water,action,Ne jugez pas par vous-même ; demandez de l’aide à quelqu’un en qui vous avez confiance.,1
decision_C1_mok_df_water,state,"Si vous hésitez longtemps, il est facile qu'une opportunité vous échappe, et l'énergie de la pluie et de la neige ne peut pas calmer vos émotions, ce qui rend votre cœur lourd.",1
decision_C1_mok_df_wood,intro,Votre perspective sera considérablement réduite et vous risquez de manquer des options importantes.,1
decision_C1_mok_df_wood,effect,Des perspectives limitées conduisent régulièrement à des conclusions erronées.,1
decision_C1_mok_df_wood,action,Ne jugez pas par vous-même ; demandez de l’aide à quelqu’un en qui vous avez confiance.,1
decision_C1_mok_df_wood,state,"Si vous hésitez longtemps, il est facile qu’une opportunité vous échappe et l’énergie du changement peut continuer à interférer et à perturber vos projets.",1
decision_C1_mok_ex_earth,intro,Votre perspective sera considérablement réduite et vous risquez de manquer des options importantes.,1
decision_C1_mok_ex_earth,effect,Des perspectives limitées conduisent régulièrement à des conclusions erronées.,1
decision_C1_mok_ex_earth,action,Ne jugez pas par vous-même ; demandez de l’aide à quelqu’un en qui vous avez confiance.,1
decision_C1_mok_ex_earth,state,"Il est facile pour l’avidité de conduire à des choses qui ne peuvent être comprises, et une énergie trouble peut réduire la motivation et troubler le jugement.",1
decision_C1_mok_ex_fire,intro,Votre perspective sera considérablement réduite et vous risquez de manquer des options importantes.,1
decision_C1_mok_ex_fire,effect,Des perspectives limitées conduisent régulièrement à des conclusions erronées.,1
decision_C1_mok_ex_fire,action,Ne jugez pas par vous-même ; demandez de l’aide à quelqu’un en qui vous avez confiance.,1
decision_C1_mok_ex_fire,state,"Il est facile de devenir gourmand et de faire des choses que vous ne pouvez pas contrôler, et une énergie excitée peut perturber votre calme et conduire à des erreurs mineures.",1
decision_C1_mok_ex_water,intro,Votre perspective sera considérablement réduite et vous risquez de manquer des options importantes.,1
decision_C1_mok_ex_water,effect,Des perspectives limitées conduisent régulièrement à des conclusions erronées.,1
decision_C1_mok_ex_water,action,Ne jugez pas par vous-même ; demandez de l’aide à quelqu’un en qui vous avez confiance.,1
decision_C1_mok_ex_water,state,"Il est facile de devenir gourmand et de faire des choses que vous ne pouvez pas contrôler, et l'énergie de la pluie et de la neige ne peut pas calmer vos émotions, ce qui rend votre cœur lourd.",1
decision_C1_mok_ex_wood,intro,Votre perspective sera considérablement réduite et vous risquez de manquer des options importantes.,1
decision_C1_mok_ex_wood,effect,Des perspectives limitées conduisent régulièrement à des conclusions erronées.,1
decision_C1_mok_ex_wood,action,Ne jugez pas par vous-même ; demandez de l’aide à quelqu’un en qui vous avez confiance.,1
decision_C1_mok_ex_wood,state,"Il est facile de devenir cupide et de finir par faire des choses que vous ne pouvez pas contrôler, et l'énergie du changement peut continuer à interférer et à perturber vos plans.",1
decision_C1_su_df_earth,intro,"La sensation de flux peut être gravement perturbée, entraînant des erreurs répétées de jugement de timing.",1
decision_C1_su_df_earth,effect,De nombreuses décisions entraînent des pertes dues à une mauvaise interprétation de la situation.,1
decision_C1_su_df_earth,action,"Aujourd’hui, il est plus sûr de s’en tenir à son plan existant plutôt que de prendre une nouvelle décision.",1
decision_C1_su_df_earth,state,"Il est facile de s'entêter et de perdre le fil des choses à plusieurs reprises, et une énergie trouble peut réduire la motivation et brouiller votre jugement.",1
decision_C1_su_df_fire,intro,"La sensation de flux peut être gravement perturbée, entraînant des erreurs répétées de jugement de timing.",1
decision_C1_su_df_fire,effect,De nombreuses décisions entraînent des pertes dues à une mauvaise interprétation de la situation.,1
decision_C1_su_df_fire,action,"Aujourd’hui, il est plus sûr de s’en tenir à son plan existant plutôt que de prendre une nouvelle décision.",1
decision_C1_su_df_fire,state,"Il est facile de s'entêter et de perdre la trace du flux, et une énergie excitée peut perturber votre calme et conduire à des erreurs mineures.",1
decision_C1_su_df_water,intro,"La sensation de flux peut être gravement perturbée, entraînant des erreurs répétées de jugement de timing.",1
decision_C1_su_df_water,effect,De nombreuses décisions entraînent des pertes dues à une mauvaise interprétation de la situation.,1
decision_C1_su_df_water,action,"Aujourd’hui, il est plus sûr de s’en tenir à son plan existant plutôt que de prendre une nouvelle décision.",1
decision_C1_su_df_water,state,"Il est facile de devenir têtu et de perdre la trace du flux, et l'énergie de la pluie et de la neige ne peut pas calmer vos émotions, ce qui rend votre cœur lourd.",1
decision_C1_su_df_wood,intro,"La sensation de flux peut être gravement perturbée, entraînant des erreurs répétées de jugement de timing.",1
decision_C1_su_df_wood,effect,De nombreuses décisions entraînent des pertes dues à une mauvaise interprétation de la situation.,1
decision_C1_su_df_wood,action,"Aujourd’hui, il est plus sûr de s’en tenir à son plan existant plutôt que de prendre une nouvelle décision.",1
decision_C1_su_df_wood,state,"Il est facile de s'entêter et de perdre le fil des choses à plusieurs reprises, et l'énergie du changement peut continuer à interférer et perturber vos plans.",1
decision_C1_su_ex_earth,intro,"La sensation de flux peut être gravement perturbée, entraînant des erreurs répétées de jugement de timing.",1
decision_C1_su_ex_earth,effect,De nombreuses décisions entraînent des pertes dues à une mauvaise interprétation de la situation.,1
decision_C1_su_ex_earth,action,"Aujourd’hui, il est plus sûr de s’en tenir à son plan existant plutôt que de prendre une nouvelle décision.",1
decision_C1_su_ex_earth,state,"Les émotions deviennent plus profondes, il est donc facile d'être secoué par des stimuli, même minimes, et une énergie trouble peut réduire la motivation et le jugement trouble.",1
decision_C1_su_ex_fire,intro,"La sensation de flux peut être gravement perturbée, entraînant des erreurs répétées de jugement de timing.",1
decision_C1_su_ex_fire,effect,De nombreuses décisions entraînent des pertes dues à une mauvaise interprétation de la situation.,1
decision_C1_su_ex_fire,action,"Aujourd’hui, il est plus sûr de s’en tenir à son plan existant plutôt que de prendre une nouvelle décision.",1
decision_C1_su_ex_fire,state,"Les émotions deviennent profondes, il est donc facile d'être secoué par le moindre stimulus, et une énergie excitée peut perturber le calme et conduire à des erreurs mineures.",1
decision_C1_su_ex_water,intro,"La sensation de flux peut être gravement perturbée, entraînant des erreurs répétées de jugement de timing.",1
decision_C1_su_ex_water,effect,De nombreuses décisions entraînent des pertes dues à une mauvaise interprétation de la situation.,1
decision_C1_su_ex_water,action,"Aujourd’hui, il est plus sûr de s’en tenir à son plan existant plutôt que de prendre une nouvelle décision.",1
decision_C1_su_ex_water,state,"À mesure que les émotions deviennent plus profondes, il est facile d'être secoué par le moindre stimulus, et l'énergie de la pluie et de la neige peut ne pas calmer les émotions, rendant le cœur lourd.",1
decision_C1_su_ex_wood,intro,"La sensation de flux peut être gravement perturbée, entraînant des erreurs répétées de jugement de timing.",1
decision_C1_su_ex_wood,effect,De nombreuses décisions entraînent des pertes dues à une mauvaise interprétation de la situation.,1
decision_C1_su_ex_wood,action,"Aujourd’hui, il est plus sûr de s’en tenir à son plan existant plutôt que de prendre une nouvelle décision.",1
decision_C1_su_ex_wood,state,"À mesure que vos émotions s’approfondissent, il est facile d’être ébranlé par le moindre stimulus, et l’énergie du changement peut continuer à interférer et à perturber vos plans.",1
decision_C1_to_df_earth,intro,C’est un jour où la base du jugement devient instable et où il est difficile de faire confiance à une décision.,1
decision_C1_to_df_earth,effect,Les décisions prises sur des bases fragiles entraînent des regrets et des pertes.,1
decision_C1_to_df_earth,action,Évitez de prendre des décisions importantes aujourd’hui et donnez la priorité au maintien du statu quo.,1
decision_C1_to_df_earth,state,"Parce que vous n’êtes pas centré, vos décisions peuvent facilement changer, et une énergie trouble peut réduire votre motivation et brouiller votre jugement.",1
decision_C1_to_df_fire,intro,C’est un jour où la base du jugement devient instable et où il est difficile de faire confiance à une décision.,1
decision_C1_to_df_fire,effect,Les décisions prises sur des bases fragiles entraînent des regrets et des pertes.,1
decision_C1_to_df_fire,action,Évitez de prendre des décisions importantes aujourd’hui et donnez la priorité au maintien du statu quo.,1
decision_C1_to_df_fire,state,"Parce que vous n’êtes pas centré, il est facile de changer vos décisions et votre énergie excitée peut dissiper votre calme et conduire à des erreurs mineures.",1
decision_C1_to_df_water,intro,C’est un jour où la base du jugement devient instable et où il est difficile de faire confiance à une décision.,1
decision_C1_to_df_water,effect,Les décisions prises sur des bases fragiles entraînent des regrets et des pertes.,1
decision_C1_to_df_water,action,Évitez de prendre des décisions importantes aujourd’hui et donnez la priorité au maintien du statu quo.,1
decision_C1_to_df_water,state,"Parce que vous n’êtes pas centré, il est facile de changer vos décisions, et l’énergie de la pluie et de la neige ne peut pas calmer vos émotions, ce qui rend votre cœur lourd.",1
decision_C1_to_df_wood,intro,C’est un jour où la base du jugement devient instable et où il est difficile de faire confiance à une décision.,1
decision_C1_to_df_wood,effect,Les décisions prises sur des bases fragiles entraînent des regrets et des pertes.,1
decision_C1_to_df_wood,action,Évitez de prendre des décisions importantes aujourd’hui et donnez la priorité au maintien du statu quo.,1
decision_C1_to_df_wood,state,"Parce que vous n’êtes pas centré, vos décisions peuvent facilement changer et l’énergie du changement peut continuer à interférer avec vos projets.",1
decision_C1_to_ex_earth,intro,C’est un jour où la base du jugement devient instable et où il est difficile de faire confiance à une décision.,1
decision_C1_to_ex_earth,effect,Les décisions prises sur des bases fragiles entraînent des regrets et des pertes.,1
decision_C1_to_ex_earth,action,Évitez de prendre des décisions importantes aujourd’hui et donnez la priorité au maintien du statu quo.,1
decision_C1_to_ex_earth,state,"Il est facile d’ignorer les changements qui nécessitent une orientation obstinée vers la stabilité, et une énergie trouble peut réduire la motivation et le jugement.",1
decision_C1_to_ex_fire,intro,C’est un jour où la base du jugement devient instable et où il est difficile de faire confiance à une décision.,1
decision_C1_to_ex_fire,effect,Les décisions prises sur des bases fragiles entraînent des regrets et des pertes.,1
decision_C1_to_ex_fire,action,Évitez de prendre des décisions importantes aujourd’hui et donnez la priorité au maintien du statu quo.,1
decision_C1_to_ex_fire,state,"Il est facile d'ignorer les changements qui nécessitent une stabilité obstinée, et une énergie excitée peut perturber le calme et conduire à des erreurs mineures.",1
decision_C1_to_ex_water,intro,C’est un jour où la base du jugement devient instable et où il est difficile de faire confiance à une décision.,1
decision_C1_to_ex_water,effect,Les décisions prises sur des bases fragiles entraînent des regrets et des pertes.,1
decision_C1_to_ex_water,action,Évitez de prendre des décisions importantes aujourd’hui et donnez la priorité au maintien du statu quo.,1
decision_C1_to_ex_water,state,"Il est facile d'ignorer les changements qui nécessitent une stabilité obstinée, et l'énergie de la pluie et de la neige peut ne pas calmer vos émotions, ce qui rend votre cœur lourd.",1
decision_C1_to_ex_wood,intro,C’est un jour où la base du jugement devient instable et où il est difficile de faire confiance à une décision.,1
decision_C1_to_ex_wood,effect,Les décisions prises sur des bases fragiles entraînent des regrets et des pertes.,1
decision_C1_to_ex_wood,action,Évitez de prendre des décisions importantes aujourd’hui et donnez la priorité au maintien du statu quo.,1
decision_C1_to_ex_wood,state,"Il est facile d’ignorer les changements qui nécessitent une orientation obstinée vers la stabilité, et l’énergie du changement peut continuer à interférer et à perturber vos plans.",1
decision_D,intro,Votre jugement peut être gravement altéré aujourd’hui et il est préférable de ne prendre aucune décision.,1
decision_D,intro,"Aujourd’hui, l’énergie nécessaire pour prendre des décisions est complètement bloquée, il est donc juste de reporter tous les choix à après-demain.",1
decision_D,effect,"Les conclusions tirées aujourd’hui conduisent presque toujours à des regrets plus tard, il est donc plus prudent de suspendre complètement la décision.",1
decision_D,effect,"C’est un jour où votre jugement est à son plus bas niveau, et des décisions qui seraient normalement faciles peuvent conduire à des erreurs aujourd’hui.",1
decision_D,action,Prenez pour règle de ne prendre aucune décision aujourd’hui et de passer à la suivante.,1
decision_D,action,"Lorsqu’une situation nécessite un choix, il est plus sage d’être honnête et de dire que vous ne pouvez pas prendre de décision maintenant.",1
decision_D_geum_df_earth,intro,C’est un jour où votre jugement est au plus bas et où toutes les décisions doivent être suspendues.,1
decision_D_geum_df_earth,effect,"La capacité de jugement est extrêmement réduite, ce qui rend difficile de faire confiance à une quelconque analyse.",1
decision_D_geum_df_earth,action,Remettez autant que possible les décisions d’aujourd’hui et remettez-les à après-demain.,1
decision_D_geum_df_earth,state,"Votre détermination peut être grandement brisée, et tout choix que vous faites peut entraîner des regrets, et l’énergie épaisse et trouble peut tout ralentir considérablement.",1
decision_D_geum_df_fire,intro,C’est un jour où votre jugement est au plus bas et où toutes les décisions doivent être suspendues.,1
decision_D_geum_df_fire,effect,"La capacité de jugement est extrêmement réduite, ce qui rend difficile de faire confiance à une quelconque analyse.",1
decision_D_geum_df_fire,action,Remettez autant que possible les décisions d’aujourd’hui et remettez-les à après-demain.,1
decision_D_geum_df_fire,state,"La capacité de décision peut être considérablement affaiblie et tout choix peut conduire à des regrets, et un yang fort peut encourager les impulsions et conduire à des actions imprudentes.",1
decision_D_geum_df_water,intro,C’est un jour où votre jugement est au plus bas et où toutes les décisions doivent être suspendues.,1
decision_D_geum_df_water,effect,"La capacité de jugement est extrêmement réduite, ce qui rend difficile de faire confiance à une quelconque analyse.",1
decision_D_geum_df_water,action,Remettez autant que possible les décisions d’aujourd’hui et remettez-les à après-demain.,1
decision_D_geum_df_water,state,"Votre détermination peut être grandement brisée et tout choix que vous faites peut entraîner des regrets, et la force des fortes pluies et de la neige peut ébranler violemment vos émotions, rendant difficile leur contrôle.",1
decision_D_geum_df_wood,intro,C’est un jour où votre jugement est au plus bas et où toutes les décisions doivent être suspendues.,1
decision_D_geum_df_wood,effect,"La capacité de jugement est extrêmement réduite, ce qui rend difficile de faire confiance à une quelconque analyse.",1
decision_D_geum_df_wood,action,Remettez autant que possible les décisions d’aujourd’hui et remettez-les à après-demain.,1
decision_D_geum_df_wood,state,"Votre détermination peut être grandement brisée, tout choix que vous faites peut se terminer par des regrets et la féroce énergie du changement peut égarer toutes vos prédictions.",1
decision_D_geum_ex_earth,intro,C’est un jour où votre jugement est au plus bas et où toutes les décisions doivent être suspendues.,1
decision_D_geum_ex_earth,effect,"La capacité de jugement est extrêmement réduite, ce qui rend difficile de faire confiance à une quelconque analyse.",1
decision_D_geum_ex_earth,action,Remettez autant que possible les décisions d’aujourd’hui et remettez-les à après-demain.,1
decision_D_geum_ex_earth,state,"Si la netteté va trop loin, cela peut créer une profonde rupture avec l’environnement, et l’épaisse énergie nuageuse peut tout ralentir considérablement.",1
decision_D_geum_ex_fire,intro,C’est un jour où votre jugement est au plus bas et où toutes les décisions doivent être suspendues.,1
decision_D_geum_ex_fire,effect,"La capacité de jugement est extrêmement réduite, ce qui rend difficile de faire confiance à une quelconque analyse.",1
decision_D_geum_ex_fire,action,Remettez autant que possible les décisions d’aujourd’hui et remettez-les à après-demain.,1
decision_D_geum_ex_fire,state,"La netteté peut aller trop loin et créer de profondes divisions avec ceux qui vous entourent, et un yang fort peut encourager les impulsions et conduire à des actions imprudentes.",1
decision_D_geum_ex_water,intro,C’est un jour où votre jugement est au plus bas et où toutes les décisions doivent être suspendues.,1
decision_D_geum_ex_water,effect,"La capacité de jugement est extrêmement réduite, ce qui rend difficile de faire confiance à une quelconque analyse.",1
decision_D_geum_ex_water,action,Remettez autant que possible les décisions d’aujourd’hui et remettez-les à après-demain.,1
decision_D_geum_ex_water,state,"La netteté peut aller trop loin et créer de profondes fissures avec l'environnement, et la force de fortes pluies et de neige peut ébranler violemment vos émotions, rendant difficile leur contrôle.",1
decision_D_geum_ex_wood,intro,C’est un jour où votre jugement est au plus bas et où toutes les décisions doivent être suspendues.,1
decision_D_geum_ex_wood,effect,"La capacité de jugement est extrêmement réduite, ce qui rend difficile de faire confiance à une quelconque analyse.",1
decision_D_geum_ex_wood,action,Remettez autant que possible les décisions d’aujourd’hui et remettez-les à après-demain.,1
decision_D_geum_ex_wood,state,"La netteté peut aller trop loin et créer de profondes fissures avec l’environnement, et l’énergie féroce du changement peut égarer toutes les prédictions.",1
decision_D_hwa_df_earth,intro,C’est un jour où l’intuition est complètement bloquée et où le jugement sensoriel ne fonctionne plus du tout.,1
decision_D_hwa_df_earth,effect,De mauvais sentiments obscurcissent tout votre jugement et conduisent à une perte.,1
decision_D_hwa_df_earth,action,Abandonnez complètement votre jugement instinctif et ne décidez de rien aujourd’hui.,1
decision_D_hwa_df_earth,state,"La manière de transmettre ses sentiments est complètement fermée, ce qui peut aggraver les malentendus et la déconnexion, et l'énergie épaisse et trouble peut tout ralentir considérablement.",1
decision_D_hwa_df_fire,intro,C’est un jour où l’intuition est complètement bloquée et où le jugement sensoriel ne fonctionne plus du tout.,1
decision_D_hwa_df_fire,effect,De mauvais sentiments obscurcissent tout votre jugement et conduisent à une perte.,1
decision_D_hwa_df_fire,action,Abandonnez complètement votre jugement instinctif et ne décidez de rien aujourd’hui.,1
decision_D_hwa_df_fire,state,"La manière de communiquer ses sentiments est complètement fermée, ce qui peut aggraver les malentendus et la déconnexion, et une forte énergie positive peut encourager les impulsions et conduire à des actions imprudentes.",1
decision_D_hwa_df_water,intro,C’est un jour où l’intuition est complètement bloquée et où le jugement sensoriel ne fonctionne plus du tout.,1
decision_D_hwa_df_water,effect,De mauvais sentiments obscurcissent tout votre jugement et conduisent à une perte.,1
decision_D_hwa_df_water,action,Abandonnez complètement votre jugement instinctif et ne décidez de rien aujourd’hui.,1
decision_D_hwa_df_water,state,"La manière de communiquer ses sentiments est complètement fermée, ce qui peut aggraver les malentendus et la déconnexion, et la force des fortes pluies et de la neige peut ébranler violemment les émotions, rendant difficile leur contrôle.",1
decision_D_hwa_df_wood,intro,C’est un jour où l’intuition est complètement bloquée et où le jugement sensoriel ne fonctionne plus du tout.,1
decision_D_hwa_df_wood,effect,De mauvais sentiments obscurcissent tout votre jugement et conduisent à une perte.,1
decision_D_hwa_df_wood,action,Abandonnez complètement votre jugement instinctif et ne décidez de rien aujourd’hui.,1
decision_D_hwa_df_wood,state,"La manière de communiquer ses sentiments est complètement fermée, les malentendus et la déconnexion peuvent s'approfondir, et l'énergie féroce du changement peut égarer toutes les prédictions.",1
decision_D_hwa_ex_earth,intro,C’est un jour où l’intuition est complètement bloquée et où le jugement sensoriel ne fonctionne plus du tout.,1
decision_D_hwa_ex_earth,effect,De mauvais sentiments obscurcissent tout votre jugement et conduisent à une perte.,1
decision_D_hwa_ex_earth,action,Abandonnez complètement votre jugement instinctif et ne décidez de rien aujourd’hui.,1
decision_D_hwa_ex_earth,state,"Les émotions surchauffées peuvent se transformer en un conflit irréparable, et l’épaisse énergie nuageuse peut tout ralentir considérablement.",1
decision_D_hwa_ex_fire,intro,C’est un jour où l’intuition est complètement bloquée et où le jugement sensoriel ne fonctionne plus du tout.,1
decision_D_hwa_ex_fire,effect,De mauvais sentiments obscurcissent tout votre jugement et conduisent à une perte.,1
decision_D_hwa_ex_fire,action,Abandonnez complètement votre jugement instinctif et ne décidez de rien aujourd’hui.,1
decision_D_hwa_ex_fire,state,"Des émotions surchauffées peuvent conduire à des conflits irréversibles, et un yang fort peut encourager les impulsions et conduire à des actions imprudentes.",1
decision_D_hwa_ex_water,intro,C’est un jour où l’intuition est complètement bloquée et où le jugement sensoriel ne fonctionne plus du tout.,1
decision_D_hwa_ex_water,effect,De mauvais sentiments obscurcissent tout votre jugement et conduisent à une perte.,1
decision_D_hwa_ex_water,action,Abandonnez complètement votre jugement instinctif et ne décidez de rien aujourd’hui.,1
decision_D_hwa_ex_water,state,"Les émotions surchauffées peuvent se transformer en un conflit irréparable, et la force des fortes pluies et de la neige secoue violemment les émotions, rendant le contrôle difficile.",1
decision_D_hwa_ex_wood,intro,C’est un jour où l’intuition est complètement bloquée et où le jugement sensoriel ne fonctionne plus du tout.,1
decision_D_hwa_ex_wood,effect,De mauvais sentiments obscurcissent tout votre jugement et conduisent à une perte.,1
decision_D_hwa_ex_wood,action,Abandonnez complètement votre jugement instinctif et ne décidez de rien aujourd’hui.,1
decision_D_hwa_ex_wood,state,"Des émotions surchauffées peuvent se transformer en un conflit irréparable, et l’énergie féroce du changement peut égarer toutes les prédictions.",1
decision_D_mok_df_earth,intro,C’est un jour où la marge de jugement devient extrêmement étroite et où aucun choix n’est clair.,1
decision_D_mok_df_earth,effect,Une vision limitée obscurcit toutes les opportunités importantes et conduit à des erreurs de jugement répétées.,1
decision_D_mok_df_earth,action,Assurez-vous de reporter les décisions importantes jusqu'à ce que les circonstances changent.,1
decision_D_mok_df_earth,state,"La peur peut complètement vous empêcher d’agir et même vous faire perdre des opportunités, et l’épaisse énergie nuageuse peut tout ralentir considérablement.",1
decision_D_mok_df_fire,intro,C’est un jour où la marge de jugement devient extrêmement étroite et où aucun choix n’est clair.,1
decision_D_mok_df_fire,effect,Une vision limitée obscurcit toutes les opportunités importantes et conduit à des erreurs de jugement répétées.,1
decision_D_mok_df_fire,action,Assurez-vous de reporter les décisions importantes jusqu'à ce que les circonstances changent.,1
decision_D_mok_df_fire,state,"La peur peut arrêter complètement une action et même entraîner une perte d’opportunités, et une forte énergie positive peut encourager les impulsions et conduire à des actions imprudentes.",1
decision_D_mok_df_water,intro,C’est un jour où la marge de jugement devient extrêmement étroite et où aucun choix n’est clair.,1
decision_D_mok_df_water,effect,Une vision limitée obscurcit toutes les opportunités importantes et conduit à des erreurs de jugement répétées.,1
decision_D_mok_df_water,action,Assurez-vous de reporter les décisions importantes jusqu'à ce que les circonstances changent.,1
decision_D_mok_df_water,state,"La peur peut vous empêcher complètement d’agir et même vous faire perdre des opportunités, et la force des fortes pluies et de la neige peut tellement ébranler vos émotions qu’il devient difficile de les contrôler.",1
decision_D_mok_df_wood,intro,C’est un jour où la marge de jugement devient extrêmement étroite et où aucun choix n’est clair.,1
decision_D_mok_df_wood,effect,Une vision limitée obscurcit toutes les opportunités importantes et conduit à des erreurs de jugement répétées.,1
decision_D_mok_df_wood,action,Assurez-vous de reporter les décisions importantes jusqu'à ce que les circonstances changent.,1
decision_D_mok_df_wood,state,"La peur peut arrêter complètement l’action et même conduire à la perte d’opportunités, et l’énergie féroce du changement peut égarer toutes les prédictions.",1
decision_D_mok_ex_earth,intro,C’est un jour où la marge de jugement devient extrêmement étroite et où aucun choix n’est clair.,1
decision_D_mok_ex_earth,effect,Une vision limitée obscurcit toutes les opportunités importantes et conduit à des erreurs de jugement répétées.,1
decision_D_mok_ex_earth,action,Assurez-vous de reporter les décisions importantes jusqu'à ce que les circonstances changent.,1
decision_D_mok_ex_earth,state,"Une motivation incontrôlable peut conduire à des accidents déraisonnables, et une énergie nuageuse et épaisse peut tout ralentir considérablement.",1
decision_D_mok_ex_fire,intro,C’est un jour où la marge de jugement devient extrêmement étroite et où aucun choix n’est clair.,1
decision_D_mok_ex_fire,effect,Une vision limitée obscurcit toutes les opportunités importantes et conduit à des erreurs de jugement répétées.,1
decision_D_mok_ex_fire,action,Assurez-vous de reporter les décisions importantes jusqu'à ce que les circonstances changent.,1
decision_D_mok_ex_fire,state,"Une motivation incontrôlable peut conduire à des accidents déraisonnables, et une forte énergie positive peut encourager les impulsions et conduire à des actions imprudentes.",1
decision_D_mok_ex_water,intro,C’est un jour où la marge de jugement devient extrêmement étroite et où aucun choix n’est clair.,1
decision_D_mok_ex_water,effect,Une vision limitée obscurcit toutes les opportunités importantes et conduit à des erreurs de jugement répétées.,1
decision_D_mok_ex_water,action,Assurez-vous de reporter les décisions importantes jusqu'à ce que les circonstances changent.,1
decision_D_mok_ex_water,state,"Une motivation incontrôlable peut conduire à des accidents déraisonnables, et la force des fortes pluies et de la neige peut ébranler violemment les émotions, rendant le contrôle difficile.",1
decision_D_mok_ex_wood,intro,C’est un jour où la marge de jugement devient extrêmement étroite et où aucun choix n’est clair.,1
decision_D_mok_ex_wood,effect,Une vision limitée obscurcit toutes les opportunités importantes et conduit à des erreurs de jugement répétées.,1
decision_D_mok_ex_wood,action,Assurez-vous de reporter les décisions importantes jusqu'à ce que les circonstances changent.,1
decision_D_mok_ex_wood,state,"Une motivation incontrôlable peut conduire à une réflexion déraisonnable, et l’énergie féroce du changement peut égarer toutes les prédictions.",1
decision_D_su_df_earth,intro,C'est un jour où vous perdez complètement le rythme et où vous avez du mal à trouver le timing.,1
decision_D_su_df_earth,effect,"Les erreurs de timing se produisent les unes après les autres, ce qui entraîne le pire résultat possible de la décision.",1
decision_D_su_df_earth,action,"Aujourd’hui, concentrez-vous sur la protection de ce que vous possédez déjà au lieu de prendre de nouvelles décisions.",1
decision_D_su_df_earth,state,"Une attitude rigide bloque tout flux, rendant la progression difficile, et une énergie épaisse et trouble peut tout ralentir considérablement.",1
decision_D_su_df_fire,intro,C'est un jour où vous perdez complètement le rythme et où vous avez du mal à trouver le timing.,1
decision_D_su_df_fire,effect,"Les erreurs de timing se produisent les unes après les autres, ce qui entraîne le pire résultat possible de la décision.",1
decision_D_su_df_fire,action,"Aujourd’hui, concentrez-vous sur la protection de ce que vous possédez déjà au lieu de prendre de nouvelles décisions.",1
decision_D_su_df_fire,state,"Une attitude rigide bloque tout flux, rendant les progrès difficiles, et une forte énergie positive peut encourager les impulsions et conduire à des actions imprudentes.",1
decision_D_su_df_water,intro,C'est un jour où vous perdez complètement le rythme et où vous avez du mal à trouver le timing.,1
decision_D_su_df_water,effect,"Les erreurs de timing se produisent les unes après les autres, ce qui entraîne le pire résultat possible de la décision.",1
decision_D_su_df_water,action,"Aujourd’hui, concentrez-vous sur la protection de ce que vous possédez déjà au lieu de prendre de nouvelles décisions.",1
decision_D_su_df_water,state,"Une attitude rigide bloque tout flux, rendant la progression difficile, et la force des fortes pluies et de la neige secoue violemment les émotions, rendant le contrôle difficile.",1
decision_D_su_df_wood,intro,C'est un jour où vous perdez complètement le rythme et où vous avez du mal à trouver le timing.,1
decision_D_su_df_wood,effect,"Les erreurs de timing se produisent les unes après les autres, ce qui entraîne le pire résultat possible de la décision.",1
decision_D_su_df_wood,action,"Aujourd’hui, concentrez-vous sur la protection de ce que vous possédez déjà au lieu de prendre de nouvelles décisions.",1
decision_D_su_df_wood,state,"Une attitude rigide bloque tout flux, rendant les progrès difficiles, et l’énergie féroce du changement peut égarer toutes les prédictions.",1
decision_D_su_ex_earth,intro,C'est un jour où vous perdez complètement le rythme et où vous avez du mal à trouver le timing.,1
decision_D_su_ex_earth,effect,"Les erreurs de timing se produisent les unes après les autres, ce qui entraîne le pire résultat possible de la décision.",1
decision_D_su_ex_earth,action,"Aujourd’hui, concentrez-vous sur la protection de ce que vous possédez déjà au lieu de prendre de nouvelles décisions.",1
decision_D_su_ex_earth,state,"Le torrent d’émotions peut submerger la raison et conduire à de grosses erreurs, et l’énergie épaisse et trouble peut tout ralentir considérablement.",1
decision_D_su_ex_fire,intro,C'est un jour où vous perdez complètement le rythme et où vous avez du mal à trouver le timing.,1
decision_D_su_ex_fire,effect,"Les erreurs de timing se produisent les unes après les autres, ce qui entraîne le pire résultat possible de la décision.",1
decision_D_su_ex_fire,action,"Aujourd’hui, concentrez-vous sur la protection de ce que vous possédez déjà au lieu de prendre de nouvelles décisions.",1
decision_D_su_ex_fire,state,"Un torrent d’émotions peut submerger la raison et conduire à de graves erreurs, et une forte énergie positive peut encourager les impulsions et conduire à des actions imprudentes.",1
decision_D_su_ex_water,intro,C'est un jour où vous perdez complètement le rythme et où vous avez du mal à trouver le timing.,1
decision_D_su_ex_water,effect,"Les erreurs de timing se produisent les unes après les autres, ce qui entraîne le pire résultat possible de la décision.",1
decision_D_su_ex_water,action,"Aujourd’hui, concentrez-vous sur la protection de ce que vous possédez déjà au lieu de prendre de nouvelles décisions.",1
decision_D_su_ex_water,state,"Un torrent d’émotions peut submerger la raison et conduire à de graves erreurs, et la force de fortes pluies et de fortes chutes de neige peut ébranler violemment les émotions, rendant difficile leur contrôle.",1
decision_D_su_ex_wood,intro,C'est un jour où vous perdez complètement le rythme et où vous avez du mal à trouver le timing.,1
decision_D_su_ex_wood,effect,"Les erreurs de timing se produisent les unes après les autres, ce qui entraîne le pire résultat possible de la décision.",1
decision_D_su_ex_wood,action,"Aujourd’hui, concentrez-vous sur la protection de ce que vous possédez déjà au lieu de prendre de nouvelles décisions.",1
decision_D_su_ex_wood,state,"Le torrent d’émotions peut submerger la raison et conduire à de graves erreurs, et l’énergie féroce du changement peut égarer toutes les prédictions.",1
decision_D_to_df_earth,intro,"C’est un jour où le jugement et la stabilité s’effondrent, rendant toute décision dangereuse.",1
decision_D_to_df_earth,effect,Des décisions instables conduisent à une série de mauvais résultats.,1
decision_D_to_df_earth,action,Arrêtez de juger aujourd’hui et concentrez-vous sur la guérison.,1
decision_D_to_df_earth,state,"Vous pouvez complètement perdre l’équilibre et tout peut devenir incontrôlable, et l’épaisse énergie nuageuse peut tout ralentir considérablement.",1
decision_D_to_df_fire,intro,"C’est un jour où le jugement et la stabilité s’effondrent, rendant toute décision dangereuse.",1
decision_D_to_df_fire,effect,Des décisions instables conduisent à une série de mauvais résultats.,1
decision_D_to_df_fire,action,Arrêtez de juger aujourd’hui et concentrez-vous sur la guérison.,1
decision_D_to_df_fire,state,"Si vous perdez complètement l’équilibre, tout peut devenir incontrôlable et une forte énergie yang peut encourager les impulsions et vous conduire à des actions imprudentes.",1
decision_D_to_df_water,intro,"C’est un jour où le jugement et la stabilité s’effondrent, rendant toute décision dangereuse.",1
decision_D_to_df_water,effect,Des décisions instables conduisent à une série de mauvais résultats.,1
decision_D_to_df_water,action,Arrêtez de juger aujourd’hui et concentrez-vous sur la guérison.,1
decision_D_to_df_water,state,"Vous pouvez complètement perdre l’équilibre et tout peut devenir incontrôlable, et la force des fortes pluies et de la neige peut tellement ébranler vos émotions qu’il devient difficile de les contrôler.",1
decision_D_to_df_wood,intro,"C’est un jour où le jugement et la stabilité s’effondrent, rendant toute décision dangereuse.",1
decision_D_to_df_wood,effect,Des décisions instables conduisent à une série de mauvais résultats.,1
decision_D_to_df_wood,action,Arrêtez de juger aujourd’hui et concentrez-vous sur la guérison.,1
decision_D_to_df_wood,state,"Si vous perdez complètement l’équilibre, tout peut devenir incontrôlable et la violente énergie du changement peut fausser toutes vos prédictions.",1
decision_D_to_ex_earth,intro,"C’est un jour où le jugement et la stabilité s’effondrent, rendant toute décision dangereuse.",1
decision_D_to_ex_earth,effect,Des décisions instables conduisent à une série de mauvais résultats.,1
decision_D_to_ex_earth,action,Arrêtez de juger aujourd’hui et concentrez-vous sur la guérison.,1
decision_D_to_ex_earth,state,"Le refus du changement peut aggraver une crise et rendre la reprise difficile, et une atmosphère épaisse et trouble peut tout ralentir considérablement.",1
decision_D_to_ex_fire,intro,"C’est un jour où le jugement et la stabilité s’effondrent, rendant toute décision dangereuse.",1
decision_D_to_ex_fire,effect,Des décisions instables conduisent à une série de mauvais résultats.,1
decision_D_to_ex_fire,action,Arrêtez de juger aujourd’hui et concentrez-vous sur la guérison.,1
decision_D_to_ex_fire,state,"Le refus du changement peut aggraver la crise et rendre la reprise difficile, et une forte énergie positive peut encourager les impulsions et conduire à des actions imprudentes.",1
decision_D_to_ex_water,intro,"C’est un jour où le jugement et la stabilité s’effondrent, rendant toute décision dangereuse.",1
decision_D_to_ex_water,effect,Des décisions instables conduisent à une série de mauvais résultats.,1
decision_D_to_ex_water,action,Arrêtez de juger aujourd’hui et concentrez-vous sur la guérison.,1
decision_D_to_ex_water,state,"Le refus du changement peut aggraver la crise et rendre la reprise difficile, et la force des fortes pluies et de la neige peut ébranler violemment les émotions, rendant le contrôle difficile.",1
decision_D_to_ex_wood,intro,"C’est un jour où le jugement et la stabilité s’effondrent, rendant toute décision dangereuse.",1
decision_D_to_ex_wood,effect,Des décisions instables conduisent à une série de mauvais résultats.,1
decision_D_to_ex_wood,action,Arrêtez de juger aujourd’hui et concentrez-vous sur la guérison.,1
decision_D_to_ex_wood,state,"Le refus du changement peut aggraver une crise et rendre la reprise difficile, et l’énergie féroce du changement peut fausser toutes les prédictions.",1
money_A,intro,"Votre flux financier peut s’ouvrir considérablement aujourd’hui, entraînant des gains inattendus.",1
money_A,intro,"Aujourd’hui, vous serez rempli de l’énergie de la richesse et vos bénéfices prévus deviendront réalité.",1
money_A,effect,"Des situations favorables peuvent être créées lors d’investissements ou de transactions, et les résultats peuvent être meilleurs que prévu.",1
money_A,effect,Il y a une tendance à la liberté financière et les flux financiers tant attendus ont tendance à être libérés.,1
money_A,action,"Aujourd’hui, les décisions financières actives sont plus bénéfiques que les choix conservateurs.",1
money_A,action,La clé aujourd’hui est de ne pas hésiter et d’agir si une opportunité se présente.,1
money_A_geum_df_earth,intro,"C’est un jour où le flux des richesses s’ouvre sans accroc, générant des profits plus importants que prévu.",1
money_A_geum_df_earth,effect,Ils ont un sens financier aiguisé et repèrent avec précision les opportunités de profit.,1
money_A_geum_df_earth,action,Vous pouvez saisir avec audace l’opportunité de richesse que vous voyez actuellement.,1
money_A_geum_df_earth,state,"Un jugement calme augmente la prudence, conduisant à une vision profonde, et une énergie calme augmente la prudence, conduisant à de bons résultats.",1
money_A_geum_df_fire,intro,"C’est un jour où le flux des richesses s’ouvre sans accroc, générant des profits plus importants que prévu.",1
money_A_geum_df_fire,effect,Ils ont un sens financier aiguisé et repèrent avec précision les opportunités de profit.,1
money_A_geum_df_fire,action,Vous pouvez saisir avec audace l’opportunité de richesse que vous voyez actuellement.,1
money_A_geum_df_fire,state,"Un jugement calme augmente la prudence, conduit à une vision profonde, et une énergie claire augmente la vitalité et crée un bon flux.",1
money_A_geum_df_water,intro,"C’est un jour où le flux des richesses s’ouvre sans accroc, générant des profits plus importants que prévu.",1
money_A_geum_df_water,effect,Ils ont un sens financier aiguisé et repèrent avec précision les opportunités de profit.,1
money_A_geum_df_water,action,Vous pouvez saisir avec audace l’opportunité de richesse que vous voyez actuellement.,1
money_A_geum_df_water,state,"Un jugement calme augmente la prudence et conduit à une vision profonde, tandis qu'une énergie humide affine profondément l'esprit et ouvre une vision claire.",1
money_A_geum_df_wood,intro,"C’est un jour où le flux des richesses s’ouvre sans accroc, générant des profits plus importants que prévu.",1
money_A_geum_df_wood,effect,Ils ont un sens financier aiguisé et repèrent avec précision les opportunités de profit.,1
money_A_geum_df_wood,action,Vous pouvez saisir avec audace l’opportunité de richesse que vous voyez actuellement.,1
money_A_geum_df_wood,state,"Un jugement calme augmente la prudence, conduit à une vision profonde et une énergie dynamique ouvre de nouvelles possibilités.",1
money_A_geum_ex_earth,intro,"C’est un jour où le flux des richesses s’ouvre sans accroc, générant des profits plus importants que prévu.",1
money_A_geum_ex_earth,effect,Ils ont un sens financier aiguisé et repèrent avec précision les opportunités de profit.,1
money_A_geum_ex_earth,action,Vous pouvez saisir avec audace l’opportunité de richesse que vous voyez actuellement.,1
money_A_geum_ex_earth,state,"Un jugement pointu pénètre jusqu'au cœur et conduit à des conclusions claires, et une énergie calme augmente la prudence, conduisant à de bons résultats.",1
money_A_geum_ex_fire,intro,"C’est un jour où le flux des richesses s’ouvre sans accroc, générant des profits plus importants que prévu.",1
money_A_geum_ex_fire,effect,Ils ont un sens financier aiguisé et repèrent avec précision les opportunités de profit.,1
money_A_geum_ex_fire,action,Vous pouvez saisir avec audace l’opportunité de richesse que vous voyez actuellement.,1
money_A_geum_ex_fire,state,"Un jugement pointu pénètre au cœur et tire des conclusions claires, et une énergie claire stimule la vitalité et crée un bon flux.",1
money_A_geum_ex_water,intro,"C’est un jour où le flux des richesses s’ouvre sans accroc, générant des profits plus importants que prévu.",1
money_A_geum_ex_water,effect,Ils ont un sens financier aiguisé et repèrent avec précision les opportunités de profit.,1
money_A_geum_ex_water,action,Vous pouvez saisir avec audace l’opportunité de richesse que vous voyez actuellement.,1
money_A_geum_ex_water,state,"Un jugement pointu pénètre au cœur et tire des conclusions claires, et l'énergie humide affine profondément l'esprit et ouvre une vision claire.",1
money_A_geum_ex_wood,intro,"C’est un jour où le flux des richesses s’ouvre sans accroc, générant des profits plus importants que prévu.",1
money_A_geum_ex_wood,effect,Ils ont un sens financier aiguisé et repèrent avec précision les opportunités de profit.,1
money_A_geum_ex_wood,action,Vous pouvez saisir avec audace l’opportunité de richesse que vous voyez actuellement.,1
money_A_geum_ex_wood,state,"Un jugement pointu pénètre jusqu'au cœur et tire des conclusions claires, et l'énergie dynamique ouvre de nouvelles possibilités.",1
money_A_hwa_df_earth,intro,C’est un jour où votre instinct de richesse devient exceptionnel et où vous reconnaissez rapidement les opportunités de gagner de l’argent.,1
money_A_hwa_df_earth,effect,Le jugement intuitif correspond avec précision au flux de richesse et conduit au profit.,1
money_A_hwa_df_earth,action,N'hésitez pas à faire des choix en fonction de vos ressentis.,1
money_A_hwa_df_earth,state,"Un moi intérieur calme vous donne le pouvoir d’exprimer pleinement votre sincérité, et une énergie calme augmente la prudence, conduisant à de bons résultats.",1
money_A_hwa_df_fire,intro,C’est un jour où votre instinct de richesse devient exceptionnel et où vous reconnaissez rapidement les opportunités de gagner de l’argent.,1
money_A_hwa_df_fire,effect,Le jugement intuitif correspond avec précision au flux de richesse et conduit au profit.,1
money_A_hwa_df_fire,action,N'hésitez pas à faire des choix en fonction de vos ressentis.,1
money_A_hwa_df_fire,state,"Un moi intérieur calme vous donne le pouvoir d’exprimer pleinement votre sincérité, et une énergie claire stimule votre vitalité et crée un bon flux.",1
money_A_hwa_df_water,intro,C’est un jour où votre instinct de richesse devient exceptionnel et où vous reconnaissez rapidement les opportunités de gagner de l’argent.,1
money_A_hwa_df_water,effect,Le jugement intuitif correspond avec précision au flux de richesse et conduit au profit.,1
money_A_hwa_df_water,action,N'hésitez pas à faire des choix en fonction de vos ressentis.,1
money_A_hwa_df_water,state,"Un moi intérieur calme vous donne le pouvoir d’exprimer pleinement vos vrais sentiments, et une énergie humide affine profondément votre esprit et ouvre une vision claire.",1
money_A_hwa_df_wood,intro,C’est un jour où votre instinct de richesse devient exceptionnel et où vous reconnaissez rapidement les opportunités de gagner de l’argent.,1
money_A_hwa_df_wood,effect,Le jugement intuitif correspond avec précision au flux de richesse et conduit au profit.,1
money_A_hwa_df_wood,action,N'hésitez pas à faire des choix en fonction de vos ressentis.,1
money_A_hwa_df_wood,state,Un moi intérieur calme vous donne le pouvoir d’exprimer pleinement votre sincérité et une énergie dynamique ouvre de nouvelles possibilités.,1
money_A_hwa_ex_earth,intro,C’est un jour où votre instinct de richesse devient exceptionnel et où vous reconnaissez rapidement les opportunités de gagner de l’argent.,1
money_A_hwa_ex_earth,effect,Le jugement intuitif correspond avec précision au flux de richesse et conduit au profit.,1
money_A_hwa_ex_earth,action,N'hésitez pas à faire des choix en fonction de vos ressentis.,1
money_A_hwa_ex_earth,state,"Une passion débordante augmente considérablement l'élan et crée un bon flux, et une énergie calme augmente la prudence, conduisant à de bons résultats.",1
money_A_hwa_ex_fire,intro,C’est un jour où votre instinct de richesse devient exceptionnel et où vous reconnaissez rapidement les opportunités de gagner de l’argent.,1
money_A_hwa_ex_fire,effect,Le jugement intuitif correspond avec précision au flux de richesse et conduit au profit.,1
money_A_hwa_ex_fire,action,N'hésitez pas à faire des choix en fonction de vos ressentis.,1
money_A_hwa_ex_fire,state,"Une passion débordante augmente considérablement la force motrice et crée un bon flux, et une énergie claire augmente la vitalité et crée un bon flux.",1
money_A_hwa_ex_water,intro,C’est un jour où votre instinct de richesse devient exceptionnel et où vous reconnaissez rapidement les opportunités de gagner de l’argent.,1
money_A_hwa_ex_water,effect,Le jugement intuitif correspond avec précision au flux de richesse et conduit au profit.,1
money_A_hwa_ex_water,action,N'hésitez pas à faire des choix en fonction de vos ressentis.,1
money_A_hwa_ex_water,state,"La passion débordante augmente considérablement la force motrice et crée un bon flux, et l'énergie humide affine profondément l'esprit et ouvre une vision claire.",1
money_A_hwa_ex_wood,intro,C’est un jour où votre instinct de richesse devient exceptionnel et où vous reconnaissez rapidement les opportunités de gagner de l’argent.,1
money_A_hwa_ex_wood,effect,Le jugement intuitif correspond avec précision au flux de richesse et conduit au profit.,1
money_A_hwa_ex_wood,action,N'hésitez pas à faire des choix en fonction de vos ressentis.,1
money_A_hwa_ex_wood,state,"Une passion débordante augmente considérablement la force motrice, créant un bon flux, et l'énergie dynamique ouvre de nouvelles possibilités.",1
money_A_mok_df_earth,intro,C’est un jour où l’énergie nécessaire à l’expansion de la richesse est à son apogée et où les revenus arrivent de nombreuses directions.,1
money_A_mok_df_earth,effect,"À mesure que différents canaux de richesse s’ouvrent simultanément, les bénéfices totaux augmentent considérablement.",1
money_A_mok_df_earth,action,Explorez activement de nouvelles sources de revenus.,1
money_A_mok_df_earth,state,"Une approche prudente crée en fait un bon départ, et une énergie calme augmente la prudence, conduisant à de bons résultats.",1
money_A_mok_df_fire,intro,C’est un jour où l’énergie nécessaire à l’expansion de la richesse est à son apogée et où les revenus arrivent de nombreuses directions.,1
money_A_mok_df_fire,effect,"À mesure que différents canaux de richesse s’ouvrent simultanément, les bénéfices totaux augmentent considérablement.",1
money_A_mok_df_fire,action,Explorez activement de nouvelles sources de revenus.,1
money_A_mok_df_fire,state,"Une approche prudente crée en fait un bon départ, et une énergie claire stimule la vitalité et crée un bon flux.",1
money_A_mok_df_water,intro,C’est un jour où l’énergie nécessaire à l’expansion de la richesse est à son apogée et où les revenus arrivent de nombreuses directions.,1
money_A_mok_df_water,effect,"À mesure que différents canaux de richesse s’ouvrent simultanément, les bénéfices totaux augmentent considérablement.",1
money_A_mok_df_water,action,Explorez activement de nouvelles sources de revenus.,1
money_A_mok_df_water,state,"Une approche prudente crée en fait un bon départ, et l’énergie humide affine profondément l’esprit et ouvre une vision claire.",1
money_A_mok_df_wood,intro,C’est un jour où l’énergie nécessaire à l’expansion de la richesse est à son apogée et où les revenus arrivent de nombreuses directions.,1
money_A_mok_df_wood,effect,"À mesure que différents canaux de richesse s’ouvrent simultanément, les bénéfices totaux augmentent considérablement.",1
money_A_mok_df_wood,action,Explorez activement de nouvelles sources de revenus.,1
money_A_mok_df_wood,state,Une approche prudente crée un bon départ et une énergie dynamique ouvre de nouvelles possibilités.,1
money_A_mok_ex_earth,intro,C’est un jour où l’énergie nécessaire à l’expansion de la richesse est à son apogée et où les revenus arrivent de nombreuses directions.,1
money_A_mok_ex_earth,effect,"À mesure que différents canaux de richesse s’ouvrent simultanément, les bénéfices totaux augmentent considérablement.",1
money_A_mok_ex_earth,action,Explorez activement de nouvelles sources de revenus.,1
money_A_mok_ex_earth,state,"Une forte volonté ouvre activement de nouvelles opportunités et une énergie calme augmente la prudence, conduisant à de bons résultats.",1
money_A_mok_ex_fire,intro,C’est un jour où l’énergie nécessaire à l’expansion de la richesse est à son apogée et où les revenus arrivent de nombreuses directions.,1
money_A_mok_ex_fire,effect,"À mesure que différents canaux de richesse s’ouvrent simultanément, les bénéfices totaux augmentent considérablement.",1
money_A_mok_ex_fire,action,Explorez activement de nouvelles sources de revenus.,1
money_A_mok_ex_fire,state,"Une forte volonté ouvre activement de nouvelles opportunités, et une énergie claire augmente la vitalité et crée une bonne circulation.",1
money_A_mok_ex_water,intro,C’est un jour où l’énergie nécessaire à l’expansion de la richesse est à son apogée et où les revenus arrivent de nombreuses directions.,1
money_A_mok_ex_water,effect,"À mesure que différents canaux de richesse s’ouvrent simultanément, les bénéfices totaux augmentent considérablement.",1
money_A_mok_ex_water,action,Explorez activement de nouvelles sources de revenus.,1
money_A_mok_ex_water,state,"Une forte volonté ouvre activement de nouvelles opportunités, et l’énergie humide affine profondément l’esprit et ouvre une vision claire.",1
money_A_mok_ex_wood,intro,C’est un jour où l’énergie nécessaire à l’expansion de la richesse est à son apogée et où les revenus arrivent de nombreuses directions.,1
money_A_mok_ex_wood,effect,"À mesure que différents canaux de richesse s’ouvrent simultanément, les bénéfices totaux augmentent considérablement.",1
money_A_mok_ex_wood,action,Explorez activement de nouvelles sources de revenus.,1
money_A_mok_ex_wood,state,Une forte volonté ouvre activement de nouvelles opportunités et une énergie dynamique ouvre de nouvelles possibilités.,1
money_A_su_df_earth,intro,C’est un jour où l’argent arrive au bon moment car vous avez un excellent sentiment de suivre le flux de la richesse.,1
money_A_su_df_earth,effect,La décision de suivre le courant produit des résultats qui dépassent les attentes.,1
money_A_su_df_earth,action,Ne manquez pas le timing et agissez de manière proactive.,1
money_A_su_df_earth,state,"Un centre solide vous aide à maintenir votre direction sans vaciller, et une énergie calme augmente la prudence, conduisant à de bons résultats.",1
money_A_su_df_fire,intro,C’est un jour où l’argent arrive au bon moment car vous avez un excellent sentiment de suivre le flux de la richesse.,1
money_A_su_df_fire,effect,La décision de suivre le courant produit des résultats qui dépassent les attentes.,1
money_A_su_df_fire,action,Ne manquez pas le timing et agissez de manière proactive.,1
money_A_su_df_fire,state,"Un centre solide vous maintient dans la bonne direction sans vaciller, et une énergie claire stimule votre vitalité et crée un bon flux.",1
money_A_su_df_water,intro,C’est un jour où l’argent arrive au bon moment car vous avez un excellent sentiment de suivre le flux de la richesse.,1
money_A_su_df_water,effect,La décision de suivre le courant produit des résultats qui dépassent les attentes.,1
money_A_su_df_water,action,Ne manquez pas le timing et agissez de manière proactive.,1
money_A_su_df_water,state,"Un centre solide vous aide à garder votre direction sans vaciller, et l’énergie humide affine profondément votre esprit et ouvre une vision claire.",1
money_A_su_df_wood,intro,C’est un jour où l’argent arrive au bon moment car vous avez un excellent sentiment de suivre le flux de la richesse.,1
money_A_su_df_wood,effect,La décision de suivre le courant produit des résultats qui dépassent les attentes.,1
money_A_su_df_wood,action,Ne manquez pas le timing et agissez de manière proactive.,1
money_A_su_df_wood,state,Un centre solide maintient la direction sans vaciller et l'énergie dynamique ouvre de nouvelles possibilités.,1
money_A_su_ex_earth,intro,C’est un jour où l’argent arrive au bon moment car vous avez un excellent sentiment de suivre le flux de la richesse.,1
money_A_su_ex_earth,effect,La décision de suivre le courant produit des résultats qui dépassent les attentes.,1
money_A_su_ex_earth,action,Ne manquez pas le timing et agissez de manière proactive.,1
money_A_su_ex_earth,state,"Une sensibilité riche conduit à une vision profonde et aide au bon jugement, et une énergie calme augmente la prudence, conduisant à de bons résultats.",1
money_A_su_ex_fire,intro,C’est un jour où l’argent arrive au bon moment car vous avez un excellent sentiment de suivre le flux de la richesse.,1
money_A_su_ex_fire,effect,La décision de suivre le courant produit des résultats qui dépassent les attentes.,1
money_A_su_ex_fire,action,Ne manquez pas le timing et agissez de manière proactive.,1
money_A_su_ex_fire,state,"Une sensibilité riche conduit à une vision profonde et aide à prendre de bonnes décisions, et une énergie claire augmente la vitalité et crée un bon flux.",1
money_A_su_ex_water,intro,C’est un jour où l’argent arrive au bon moment car vous avez un excellent sentiment de suivre le flux de la richesse.,1
money_A_su_ex_water,effect,La décision de suivre le courant produit des résultats qui dépassent les attentes.,1
money_A_su_ex_water,action,Ne manquez pas le timing et agissez de manière proactive.,1
money_A_su_ex_water,state,"Une sensibilité riche conduit à une vision profonde et aide au bon jugement, et l’énergie humide affine profondément l’esprit et ouvre une vision claire.",1
money_A_su_ex_wood,intro,C’est un jour où l’argent arrive au bon moment car vous avez un excellent sentiment de suivre le flux de la richesse.,1
money_A_su_ex_wood,effect,La décision de suivre le courant produit des résultats qui dépassent les attentes.,1
money_A_su_ex_wood,action,Ne manquez pas le timing et agissez de manière proactive.,1
money_A_su_ex_wood,state,"Une sensibilité riche conduit à une vision profonde et aide à prendre de bonnes décisions, et une énergie dynamique ouvre de nouvelles possibilités.",1
money_A_to_df_earth,intro,C’est un jour où une base financière stable est solidement formée et où les revenus sont maintenus régulièrement.,1
money_A_to_df_earth,effect,Le flux inébranlable de richesse garantit un revenu attendu stable.,1
money_A_to_df_earth,action,Augmentez votre base de patrimoine en vous concentrant sur des investissements ou une épargne stables.,1
money_A_to_df_earth,state,"Une attitude flexible vous permet d'accepter naturellement les nouvelles tendances, et une énergie calme augmente la prudence, conduisant à de bons résultats.",1
money_A_to_df_fire,intro,C’est un jour où une base financière stable est solidement formée et où les revenus sont maintenus régulièrement.,1
money_A_to_df_fire,effect,Le flux inébranlable de richesse garantit un revenu attendu stable.,1
money_A_to_df_fire,action,Augmentez votre base de patrimoine en vous concentrant sur des investissements ou une épargne stables.,1
money_A_to_df_fire,state,"Une attitude flexible vous permet d’accepter naturellement les nouvelles tendances, et une énergie claire augmente la vitalité et crée une bonne circulation.",1
money_A_to_df_water,intro,C’est un jour où une base financière stable est solidement formée et où les revenus sont maintenus régulièrement.,1
money_A_to_df_water,effect,Le flux inébranlable de richesse garantit un revenu attendu stable.,1
money_A_to_df_water,action,Augmentez votre base de patrimoine en vous concentrant sur des investissements ou une épargne stables.,1
money_A_to_df_water,state,"Une attitude flexible vous permet d’accepter naturellement les nouvelles tendances, et l’énergie humide affine profondément votre esprit et ouvre une vision claire.",1
money_A_to_df_wood,intro,C’est un jour où une base financière stable est solidement formée et où les revenus sont maintenus régulièrement.,1
money_A_to_df_wood,effect,Le flux inébranlable de richesse garantit un revenu attendu stable.,1
money_A_to_df_wood,action,Augmentez votre base de patrimoine en vous concentrant sur des investissements ou une épargne stables.,1
money_A_to_df_wood,state,"Une attitude flexible vous permet d'accepter naturellement les nouvelles tendances, et une énergie dynamique ouvre de nouvelles possibilités.",1
money_A_to_ex_earth,intro,C’est un jour où une base financière stable est solidement formée et où les revenus sont maintenus régulièrement.,1
money_A_to_ex_earth,effect,Le flux inébranlable de richesse garantit un revenu attendu stable.,1
money_A_to_ex_earth,action,Augmentez votre base de patrimoine en vous concentrant sur des investissements ou une épargne stables.,1
money_A_to_ex_earth,state,"Un fort sentiment de stabilité devient une base solide pour tout, et une énergie calme augmente la prudence, conduisant à de bons résultats.",1
money_A_to_ex_fire,intro,C’est un jour où une base financière stable est solidement formée et où les revenus sont maintenus régulièrement.,1
money_A_to_ex_fire,effect,Le flux inébranlable de richesse garantit un revenu attendu stable.,1
money_A_to_ex_fire,action,Augmentez votre base de patrimoine en vous concentrant sur des investissements ou une épargne stables.,1
money_A_to_ex_fire,state,"Un fort sentiment de stabilité devient une base solide pour tout, et une énergie claire stimule la vitalité et crée une bonne circulation.",1
money_A_to_ex_water,intro,C’est un jour où une base financière stable est solidement formée et où les revenus sont maintenus régulièrement.,1
money_A_to_ex_water,effect,Le flux inébranlable de richesse garantit un revenu attendu stable.,1
money_A_to_ex_water,action,Augmentez votre base de patrimoine en vous concentrant sur des investissements ou une épargne stables.,1
money_A_to_ex_water,state,"Un fort sentiment de stabilité devient une base solide pour tout, et l’énergie humide affine profondément l’esprit et ouvre une vision claire.",1
money_A_to_ex_wood,intro,C’est un jour où une base financière stable est solidement formée et où les revenus sont maintenus régulièrement.,1
money_A_to_ex_wood,effect,Le flux inébranlable de richesse garantit un revenu attendu stable.,1
money_A_to_ex_wood,action,Augmentez votre base de patrimoine en vous concentrant sur des investissements ou une épargne stables.,1
money_A_to_ex_wood,state,"Un fort sentiment de stabilité constitue une base solide pour tout, et une énergie dynamique ouvre de nouvelles possibilités.",1
money_B,intro,Aujourd’hui est un jour où l’argent circule bien et où vous pouvez bien équilibrer vos finances.,1
money_B,intro,"Aujourd’hui, votre énergie financière est stable et vos revenus et dépenses sont en équilibre.",1
money_B,effect,Une tendance positive se poursuit à mesure que les revenus attendus arrivent ou que les dépenses diminuent.,1
money_B,effect,"Le flux de richesse est vif, donc si vous profitez de petites opportunités, vous pouvez gagner beaucoup d'argent.",1
money_B,action,Vous pouvez maximiser votre fortune financière aujourd’hui en organisant bien votre argent gagné et en réduisant les dépenses inutiles.,1
money_B,action,"Si vous avez une nouvelle idée financière, aujourd’hui est le bon jour pour la revoir.",1
money_B_geum_df_earth,intro,C’est un jour où la richesse circule sans à-coups et où les revenus stables sont maintenus.,1
money_B_geum_df_earth,effect,Les flux financiers sont équilibrés et les bénéfices sont générés dans la fourchette attendue.,1
money_B_geum_df_earth,action,Concentrez-vous sur une gestion financière stable plutôt que sur des investissements excessifs.,1
money_B_geum_df_earth,state,"Même si votre détermination s'émousse quelque peu, le déroulement de la vie quotidienne se poursuit sans problème et l'énergie nuageuse s'ajoute à l'atmosphère calme, créant un sentiment de tranquillité.",1
money_B_geum_df_fire,intro,C’est un jour où la richesse circule sans à-coups et où les revenus stables sont maintenus.,1
money_B_geum_df_fire,effect,Les flux financiers sont équilibrés et les bénéfices sont générés dans la fourchette attendue.,1
money_B_geum_df_fire,action,Concentrez-vous sur une gestion financière stable plutôt que sur des investissements excessifs.,1
money_B_geum_df_fire,state,"Même si votre détermination s'émousse quelque peu, le déroulement de votre vie quotidienne se poursuit sans problème et l'énergie claire ajoute une légère vitalité, créant un flux fluide.",1
money_B_geum_df_water,intro,C’est un jour où la richesse circule sans à-coups et où les revenus stables sont maintenus.,1
money_B_geum_df_water,effect,Les flux financiers sont équilibrés et les bénéfices sont générés dans la fourchette attendue.,1
money_B_geum_df_water,action,Concentrez-vous sur une gestion financière stable plutôt que sur des investissements excessifs.,1
money_B_geum_df_water,state,"Même si votre détermination s'émousse quelque peu, le déroulement de votre vie quotidienne se poursuit sans problème et l'énergie humide ajoute un sentiment de calme persistant à vos émotions.",1
money_B_geum_df_wood,intro,C’est un jour où la richesse circule sans à-coups et où les revenus stables sont maintenus.,1
money_B_geum_df_wood,effect,Les flux financiers sont équilibrés et les bénéfices sont générés dans la fourchette attendue.,1
money_B_geum_df_wood,action,Concentrez-vous sur une gestion financière stable plutôt que sur des investissements excessifs.,1
money_B_geum_df_wood,state,"Même si votre détermination s'émousse quelque peu, le déroulement de la vie quotidienne se poursuit sans problème et la légère énergie du changement ajoute une stimulation appropriée.",1
money_B_geum_ex_earth,intro,C’est un jour où la richesse circule sans à-coups et où les revenus stables sont maintenus.,1
money_B_geum_ex_earth,effect,Les flux financiers sont équilibrés et les bénéfices sont générés dans la fourchette attendue.,1
money_B_geum_ex_earth,action,Concentrez-vous sur une gestion financière stable plutôt que sur des investissements excessifs.,1
money_B_geum_ex_earth,state,"Le jugement analytique s'écoule naturellement au rythme habituel, et l'énergie nuageuse s'ajoute à l'atmosphère calme, créant un sentiment de tranquillité.",1
money_B_geum_ex_fire,intro,C’est un jour où la richesse circule sans à-coups et où les revenus stables sont maintenus.,1
money_B_geum_ex_fire,effect,Les flux financiers sont équilibrés et les bénéfices sont générés dans la fourchette attendue.,1
money_B_geum_ex_fire,action,Concentrez-vous sur une gestion financière stable plutôt que sur des investissements excessifs.,1
money_B_geum_ex_fire,state,"Le jugement analytique suit naturellement le rythme habituel, et l’énergie claire ajoute une légère vitalité, créant un flux fluide.",1
money_B_geum_ex_water,intro,C’est un jour où la richesse circule sans à-coups et où les revenus stables sont maintenus.,1
money_B_geum_ex_water,effect,Les flux financiers sont équilibrés et les bénéfices sont générés dans la fourchette attendue.,1
money_B_geum_ex_water,action,Concentrez-vous sur une gestion financière stable plutôt que sur des investissements excessifs.,1
money_B_geum_ex_water,state,"Le jugement analytique coule naturellement à votre rythme habituel, et l’énergie humide ajoute un sentiment de calme persistant à vos émotions.",1
money_B_geum_ex_wood,intro,C’est un jour où la richesse circule sans à-coups et où les revenus stables sont maintenus.,1
money_B_geum_ex_wood,effect,Les flux financiers sont équilibrés et les bénéfices sont générés dans la fourchette attendue.,1
money_B_geum_ex_wood,action,Concentrez-vous sur une gestion financière stable plutôt que sur des investissements excessifs.,1
money_B_geum_ex_wood,state,"Le jugement analytique suit naturellement le rythme habituel, et la légère énergie du changement ajoute une stimulation appropriée.",1
money_B_hwa_df_earth,intro,C’est un jour où vous avez un bon sentiment de richesse et où vous faites moins d’erreurs dans les décisions liées à l’argent.,1
money_B_hwa_df_earth,effect,Un jugement intuitif sur la richesse produit des résultats supérieurs à la moyenne.,1
money_B_hwa_df_earth,action,Utilisez votre sentiment de richesse pour saisir activement les bonnes opportunités.,1
money_B_hwa_df_earth,state,"Même si les expressions sont retenues, la stabilité de la relation est facilement maintenue et l'énergie nuageuse ajoute à l'atmosphère calme, conduisant à un sentiment de tranquillité.",1
money_B_hwa_df_fire,intro,C’est un jour où vous avez un bon sentiment de richesse et où vous faites moins d’erreurs dans les décisions liées à l’argent.,1
money_B_hwa_df_fire,effect,Un jugement intuitif sur la richesse produit des résultats supérieurs à la moyenne.,1
money_B_hwa_df_fire,action,Utilisez votre sentiment de richesse pour saisir activement les bonnes opportunités.,1
money_B_hwa_df_fire,state,"Même si les expressions sont retenues, la stabilité de la relation est facilement maintenue et l'énergie claire ajoute une légère vitalité, créant un flux fluide.",1
money_B_hwa_df_water,intro,C’est un jour où vous avez un bon sentiment de richesse et où vous faites moins d’erreurs dans les décisions liées à l’argent.,1
money_B_hwa_df_water,effect,Un jugement intuitif sur la richesse produit des résultats supérieurs à la moyenne.,1
money_B_hwa_df_water,action,Utilisez votre sentiment de richesse pour saisir activement les bonnes opportunités.,1
money_B_hwa_df_water,state,"Même si les expressions sont retenues, la stabilité de la relation est facilement maintenue et l'énergie humide ajoute un sentiment de calme persistant aux émotions.",1
money_B_hwa_df_wood,intro,C’est un jour où vous avez un bon sentiment de richesse et où vous faites moins d’erreurs dans les décisions liées à l’argent.,1
money_B_hwa_df_wood,effect,Un jugement intuitif sur la richesse produit des résultats supérieurs à la moyenne.,1
money_B_hwa_df_wood,action,Utilisez votre sentiment de richesse pour saisir activement les bonnes opportunités.,1
money_B_hwa_df_wood,state,"Même si les expressions sont retenues, la stabilité de la relation est facilement maintenue et la légère énergie du changement ajoute une stimulation appropriée.",1
money_B_hwa_ex_earth,intro,C’est un jour où vous avez un bon sentiment de richesse et où vous faites moins d’erreurs dans les décisions liées à l’argent.,1
money_B_hwa_ex_earth,effect,Un jugement intuitif sur la richesse produit des résultats supérieurs à la moyenne.,1
money_B_hwa_ex_earth,action,Utilisez votre sentiment de richesse pour saisir activement les bonnes opportunités.,1
money_B_hwa_ex_earth,state,"La passion est vivante, mais l'équilibre est également maintenu, conduisant à une journée stable, et l'énergie nuageuse ajoute une atmosphère calme, menant à la sérénité.",1
money_B_hwa_ex_fire,intro,C’est un jour où vous avez un bon sentiment de richesse et où vous faites moins d’erreurs dans les décisions liées à l’argent.,1
money_B_hwa_ex_fire,effect,Un jugement intuitif sur la richesse produit des résultats supérieurs à la moyenne.,1
money_B_hwa_ex_fire,action,Utilisez votre sentiment de richesse pour saisir activement les bonnes opportunités.,1
money_B_hwa_ex_fire,state,"La passion reste vivante et l'équilibre est maintenu, conduisant à une journée stable, et une énergie claire ajoute une vitalité légère, créant un flux fluide.",1
money_B_hwa_ex_water,intro,C’est un jour où vous avez un bon sentiment de richesse et où vous faites moins d’erreurs dans les décisions liées à l’argent.,1
money_B_hwa_ex_water,effect,Un jugement intuitif sur la richesse produit des résultats supérieurs à la moyenne.,1
money_B_hwa_ex_water,action,Utilisez votre sentiment de richesse pour saisir activement les bonnes opportunités.,1
money_B_hwa_ex_water,state,"La passion reste vivante et l'équilibre est maintenu, conduisant à une journée stable, et l'énergie humide ajoute un sentiment de calme persistant aux émotions.",1
money_B_hwa_ex_wood,intro,C’est un jour où vous avez un bon sentiment de richesse et où vous faites moins d’erreurs dans les décisions liées à l’argent.,1
money_B_hwa_ex_wood,effect,Un jugement intuitif sur la richesse produit des résultats supérieurs à la moyenne.,1
money_B_hwa_ex_wood,action,Utilisez votre sentiment de richesse pour saisir activement les bonnes opportunités.,1
money_B_hwa_ex_wood,state,"La passion est vivante et équilibrée, conduisant à une journée stable, et la légère énergie du changement ajoute une stimulation appropriée.",1
money_B_mok_df_earth,intro,C'est un jour où la richesse augmente progressivement.,1
money_B_mok_df_earth,effect,L’expansion constante de la richesse entraîne une augmentation du revenu global.,1
money_B_mok_df_earth,action,Commencez à investir ou à épargner pour une croissance de votre patrimoine à long terme.,1
money_B_mok_df_earth,state,"Même si vous êtes prudent lorsque vous essayez de nouvelles choses, votre vie quotidienne se déroule régulièrement et l'énergie nuageuse s'ajoute à l'atmosphère calme, conduisant à un sentiment de tranquillité.",1
money_B_mok_df_fire,intro,C'est un jour où la richesse augmente progressivement.,1
money_B_mok_df_fire,effect,L’expansion constante de la richesse entraîne une augmentation du revenu global.,1
money_B_mok_df_fire,action,Commencez à investir ou à épargner pour une croissance de votre patrimoine à long terme.,1
money_B_mok_df_fire,state,"Même si vous êtes prudent lorsque vous essayez de nouvelles choses, votre vie quotidienne se déroule de manière constante et l'énergie claire ajoute une vitalité légère, créant un flux fluide.",1
money_B_mok_df_water,intro,C'est un jour où la richesse augmente progressivement.,1
money_B_mok_df_water,effect,L’expansion constante de la richesse entraîne une augmentation du revenu global.,1
money_B_mok_df_water,action,Commencez à investir ou à épargner pour une croissance de votre patrimoine à long terme.,1
money_B_mok_df_water,state,"Même si vous êtes prudent lorsque vous essayez de nouvelles choses, votre vie quotidienne se déroule régulièrement et l'énergie humide ajoute un sentiment de calme persistant à vos émotions.",1
money_B_mok_df_wood,intro,C'est un jour où la richesse augmente progressivement.,1
money_B_mok_df_wood,effect,L’expansion constante de la richesse entraîne une augmentation du revenu global.,1
money_B_mok_df_wood,action,Commencez à investir ou à épargner pour une croissance de votre patrimoine à long terme.,1
money_B_mok_df_wood,state,"Même si vous êtes prudent lorsque vous essayez de nouvelles choses, votre vie quotidienne se déroule régulièrement et la légère énergie du changement ajoute une stimulation appropriée.",1
money_B_mok_ex_earth,intro,C'est un jour où la richesse augmente progressivement.,1
money_B_mok_ex_earth,effect,L’expansion constante de la richesse entraîne une augmentation du revenu global.,1
money_B_mok_ex_earth,action,Commencez à investir ou à épargner pour une croissance de votre patrimoine à long terme.,1
money_B_mok_ex_earth,state,"Une motivation constante progresse étape par étape, et l'énergie nuageuse s'ajoute à l'atmosphère calme, menant à la tranquillité.",1
money_B_mok_ex_fire,intro,C'est un jour où la richesse augmente progressivement.,1
money_B_mok_ex_fire,effect,L’expansion constante de la richesse entraîne une augmentation du revenu global.,1
money_B_mok_ex_fire,action,Commencez à investir ou à épargner pour une croissance de votre patrimoine à long terme.,1
money_B_mok_ex_fire,state,"Une motivation constante permet de progresser étape par étape, et une énergie claire ajoute une vitalité légère, créant un flux fluide.",1
money_B_mok_ex_water,intro,C'est un jour où la richesse augmente progressivement.,1
money_B_mok_ex_water,effect,L’expansion constante de la richesse entraîne une augmentation du revenu global.,1
money_B_mok_ex_water,action,Commencez à investir ou à épargner pour une croissance de votre patrimoine à long terme.,1
money_B_mok_ex_water,state,"Une motivation constante fait progresser étape par étape, et l'énergie humide ajoute un sentiment de calme persistant aux émotions.",1
money_B_mok_ex_wood,intro,C'est un jour où la richesse augmente progressivement.,1
money_B_mok_ex_wood,effect,L’expansion constante de la richesse entraîne une augmentation du revenu global.,1
money_B_mok_ex_wood,action,Commencez à investir ou à épargner pour une croissance de votre patrimoine à long terme.,1
money_B_mok_ex_wood,state,"Une motivation constante permet de progresser pas à pas, et la faible énergie du changement ajoute une stimulation appropriée.",1
money_B_su_df_earth,intro,C’est un jour où la richesse coule naturellement et où l’argent dont vous avez besoin arrive.,1
money_B_su_df_earth,effect,Prendre des décisions financières adaptées au flux crée des bénéfices stables sans perte.,1
money_B_su_df_earth,action,Maintenez le flux actuel et gérez votre patrimoine sans en faire trop.,1
money_B_su_df_earth,state,"Bien que la flexibilité fasse quelque peu défaut, le rythme de base est maintenu sans difficulté et l'énergie nuageuse ajoute une atmosphère calme, conduisant à un sentiment de tranquillité.",1
money_B_su_df_fire,intro,C’est un jour où la richesse coule naturellement et où l’argent dont vous avez besoin arrive.,1
money_B_su_df_fire,effect,Prendre des décisions financières adaptées au flux crée des bénéfices stables sans perte.,1
money_B_su_df_fire,action,Maintenez le flux actuel et gérez votre patrimoine sans en faire trop.,1
money_B_su_df_fire,state,"Bien que la flexibilité fasse quelque peu défaut, le rythme de base est maintenu sans difficulté et l'énergie claire ajoute une légère vitalité, créant un flux fluide.",1
money_B_su_df_water,intro,C’est un jour où la richesse coule naturellement et où l’argent dont vous avez besoin arrive.,1
money_B_su_df_water,effect,Prendre des décisions financières adaptées au flux crée des bénéfices stables sans perte.,1
money_B_su_df_water,action,Maintenez le flux actuel et gérez votre patrimoine sans en faire trop.,1
money_B_su_df_water,state,"Bien qu'elle manque de souplesse, le rythme de base est maintenu sans difficulté, et l'énergie humide ajoute une sensation de calme persistante aux émotions.",1
money_B_su_df_wood,intro,C’est un jour où la richesse coule naturellement et où l’argent dont vous avez besoin arrive.,1
money_B_su_df_wood,effect,Prendre des décisions financières adaptées au flux crée des bénéfices stables sans perte.,1
money_B_su_df_wood,action,Maintenez le flux actuel et gérez votre patrimoine sans en faire trop.,1
money_B_su_df_wood,state,"Même si la flexibilité fait quelque peu défaut, le rythme de base est maintenu sans difficulté et la légère énergie du changement ajoute une stimulation appropriée.",1
money_B_su_ex_earth,intro,C’est un jour où la richesse coule naturellement et où l’argent dont vous avez besoin arrive.,1
money_B_su_ex_earth,effect,Prendre des décisions financières adaptées au flux crée des bénéfices stables sans perte.,1
money_B_su_ex_earth,action,Maintenez le flux actuel et gérez votre patrimoine sans en faire trop.,1
money_B_su_ex_earth,state,"La journée est pleine d'émotions, ce qui en fait une journée plus attentive que d'habitude, et l'énergie nuageuse ajoute une atmosphère calme, conduisant à un sentiment de tranquillité.",1
money_B_su_ex_fire,intro,C’est un jour où la richesse coule naturellement et où l’argent dont vous avez besoin arrive.,1
money_B_su_ex_fire,effect,Prendre des décisions financières adaptées au flux crée des bénéfices stables sans perte.,1
money_B_su_ex_fire,action,Maintenez le flux actuel et gérez votre patrimoine sans en faire trop.,1
money_B_su_ex_fire,state,"La journée est riche en émotions, ce qui en fait une journée plus attentive que d'habitude, et l'énergie claire ajoute une légère vitalité, créant un flux fluide.",1
money_B_su_ex_water,intro,C’est un jour où la richesse coule naturellement et où l’argent dont vous avez besoin arrive.,1
money_B_su_ex_water,effect,Prendre des décisions financières adaptées au flux crée des bénéfices stables sans perte.,1
money_B_su_ex_water,action,Maintenez le flux actuel et gérez votre patrimoine sans en faire trop.,1
money_B_su_ex_water,state,"La journée est pleine d'émotions, vous rendant plus attentif que d'habitude, et l'énergie humide ajoute un arrière-goût apaisant à vos émotions.",1
money_B_su_ex_wood,intro,C’est un jour où la richesse coule naturellement et où l’argent dont vous avez besoin arrive.,1
money_B_su_ex_wood,effect,Prendre des décisions financières adaptées au flux crée des bénéfices stables sans perte.,1
money_B_su_ex_wood,action,Maintenez le flux actuel et gérez votre patrimoine sans en faire trop.,1
money_B_su_ex_wood,state,"La journée est pleine d'émotions, ce qui en fait une journée plus attentive que d'habitude, et la légère énergie du changement ajoute une stimulation appropriée.",1
money_B_to_df_earth,intro,C’est un jour où la stabilité financière est maintenue et où les dépenses et les revenus sont équilibrés.,1
money_B_to_df_earth,effect,Une base financière stable peut résister à des dépenses imprévues.,1
money_B_to_df_earth,action,Minimisez vos dépenses et maintenez une base financière stable.,1
money_B_to_df_earth,state,"Même si le centre de gravité est quelque peu ébranlé, l'équilibre de la vie quotidienne est maintenu sans trop de problèmes, et l'énergie nuageuse s'ajoute à l'atmosphère calme, conduisant à un sentiment de tranquillité.",1
money_B_to_df_fire,intro,C’est un jour où la stabilité financière est maintenue et où les dépenses et les revenus sont équilibrés.,1
money_B_to_df_fire,effect,Une base financière stable peut résister à des dépenses imprévues.,1
money_B_to_df_fire,action,Minimisez vos dépenses et maintenez une base financière stable.,1
money_B_to_df_fire,state,"Même si le centre de gravité est quelque peu ébranlé, l'équilibre de la vie quotidienne est maintenu sans trop de problèmes, et l'énergie claire ajoute une légère vitalité, créant un flux fluide.",1
money_B_to_df_water,intro,C’est un jour où la stabilité financière est maintenue et où les dépenses et les revenus sont équilibrés.,1
money_B_to_df_water,effect,Une base financière stable peut résister à des dépenses imprévues.,1
money_B_to_df_water,action,Minimisez vos dépenses et maintenez une base financière stable.,1
money_B_to_df_water,state,"Même si votre centre de gravité est quelque peu ébranlé, l'équilibre de votre vie quotidienne est maintenu sans trop de difficultés, et l'énergie humide ajoute un sentiment de calme persistant à vos émotions.",1
money_B_to_df_wood,intro,C’est un jour où la stabilité financière est maintenue et où les dépenses et les revenus sont équilibrés.,1
money_B_to_df_wood,effect,Une base financière stable peut résister à des dépenses imprévues.,1
money_B_to_df_wood,action,Minimisez vos dépenses et maintenez une base financière stable.,1
money_B_to_df_wood,state,"Même si le centre est quelque peu ébranlé, l'équilibre de la vie quotidienne est maintenu sans trop de difficultés, et la légère énergie du changement ajoute une stimulation appropriée.",1
money_B_to_ex_earth,intro,C’est un jour où la stabilité financière est maintenue et où les dépenses et les revenus sont équilibrés.,1
money_B_to_ex_earth,effect,Une base financière stable peut résister à des dépenses imprévues.,1
money_B_to_ex_earth,action,Minimisez vos dépenses et maintenez une base financière stable.,1
money_B_to_ex_earth,state,"Il a une forte tendance à la stabilité, donc il se poursuit dans une journée calme sans aucun problème, et l'énergie nuageuse s'ajoute à l'atmosphère calme, conduisant à la sérénité.",1
money_B_to_ex_fire,intro,C’est un jour où la stabilité financière est maintenue et où les dépenses et les revenus sont équilibrés.,1
money_B_to_ex_fire,effect,Une base financière stable peut résister à des dépenses imprévues.,1
money_B_to_ex_fire,action,Minimisez vos dépenses et maintenez une base financière stable.,1
money_B_to_ex_fire,state,"Elle a une forte tendance à la stabilité, elle se poursuit donc en douceur dans une journée calme, et l'énergie claire ajoute une légère vitalité, créant un flux fluide.",1
money_B_to_ex_water,intro,C’est un jour où la stabilité financière est maintenue et où les dépenses et les revenus sont équilibrés.,1
money_B_to_ex_water,effect,Une base financière stable peut résister à des dépenses imprévues.,1
money_B_to_ex_water,action,Minimisez vos dépenses et maintenez une base financière stable.,1
money_B_to_ex_water,state,"Il a une nature fortement axée sur la stabilité, il peut donc facilement conduire à une journée calme, et l'énergie humide ajoute un arrière-goût apaisant aux émotions.",1
money_B_to_ex_wood,intro,C’est un jour où la stabilité financière est maintenue et où les dépenses et les revenus sont équilibrés.,1
money_B_to_ex_wood,effect,Une base financière stable peut résister à des dépenses imprévues.,1
money_B_to_ex_wood,action,Minimisez vos dépenses et maintenez une base financière stable.,1
money_B_to_ex_wood,state,"L’orientation vers la stabilité est forte, elle se poursuit donc en douceur dans une journée calme, et la légère énergie du changement ajoute une stimulation appropriée.",1
money_B1,intro,"Aujourd’hui, l’énergie de la richesse circulera régulièrement et vous pourrez maintenir l’équilibre sans pertes majeures.",1
money_B1,intro,"Le flux d’argent est normal aujourd’hui, il existe donc une opportunité de réaliser de petits bénéfices.",1
money_B1,effect,La stabilité financière peut être maintenue en maintenant des revenus et des dépenses relativement équilibrés.,1
money_B1,effect,Les opportunités de petits profits ou d’économies viennent naturellement.,1
money_B1,action,Gardez vos finances sous contrôle et adoptez de petites habitudes d’épargne.,1
money_B1,action,Il suffit de surveiller attentivement ses dépenses pour profiter de la richesse d’aujourd’hui.,1
money_B1_geum_df_earth,intro,"Le flux d’argent sera normal, mais des dépenses imprévues pourraient survenir.",1
money_B1_geum_df_earth,effect,Une partie du flux monétaire pourrait être bloquée et les bénéfices pourraient être inférieurs aux attentes.,1
money_B1_geum_df_earth,action,Réduisez les dépenses inutiles et gérez soigneusement vos finances.,1
money_B1_geum_df_earth,state,"Même si vous suis lent à prendre des décisions, la journée continue sans trop d'hésitations, et l'énergie nuageuse aide à maintenir un rythme tranquille.",1
money_B1_geum_df_fire,intro,"Le flux d’argent sera normal, mais des dépenses imprévues pourraient survenir.",1
money_B1_geum_df_fire,effect,Une partie du flux monétaire pourrait être bloquée et les bénéfices pourraient être inférieurs aux attentes.,1
money_B1_geum_df_fire,action,Réduisez les dépenses inutiles et gérez soigneusement vos finances.,1
money_B1_geum_df_fire,state,"Même si vous suis lent à prendre des décisions, la journée continue sans trop d'hésitation, et l'énergie claire ajoute une vitalité calme et continue la journée ordinaire.",1
money_B1_geum_df_water,intro,"Le flux d’argent sera normal, mais des dépenses imprévues pourraient survenir.",1
money_B1_geum_df_water,effect,Une partie du flux monétaire pourrait être bloquée et les bénéfices pourraient être inférieurs aux attentes.,1
money_B1_geum_df_water,action,Réduisez les dépenses inutiles et gérez soigneusement vos finances.,1
money_B1_geum_df_water,state,"Même si vous suis lent à prendre des décisions, la journée se déroule sans trop d'hésitations, et l'énergie humide augmente vos pensées mais ne provoque pas beaucoup d'agitation.",1
money_B1_geum_df_wood,intro,"Le flux d’argent sera normal, mais des dépenses imprévues pourraient survenir.",1
money_B1_geum_df_wood,effect,Une partie du flux monétaire pourrait être bloquée et les bénéfices pourraient être inférieurs aux attentes.,1
money_B1_geum_df_wood,action,Réduisez les dépenses inutiles et gérez soigneusement vos finances.,1
money_B1_geum_df_wood,state,"La décision peut être lente, mais la journée se déroule sans trop d’hésitations, et l’énergie calme du changement ne perturbe que légèrement le flux normal.",1
money_B1_geum_ex_earth,intro,"Le flux d’argent sera normal, mais des dépenses imprévues pourraient survenir.",1
money_B1_geum_ex_earth,effect,Une partie du flux monétaire pourrait être bloquée et les bénéfices pourraient être inférieurs aux attentes.,1
money_B1_geum_ex_earth,action,Réduisez les dépenses inutiles et gérez soigneusement vos finances.,1
money_B1_geum_ex_earth,state,"Le jugement est clair, mais il se termine par un résultat médiocre, et l'énergie nuageuse permet de maintenir un rythme convenable.",1
money_B1_geum_ex_fire,intro,"Le flux d’argent sera normal, mais des dépenses imprévues pourraient survenir.",1
money_B1_geum_ex_fire,effect,Une partie du flux monétaire pourrait être bloquée et les bénéfices pourraient être inférieurs aux attentes.,1
money_B1_geum_ex_fire,action,Réduisez les dépenses inutiles et gérez soigneusement vos finances.,1
money_B1_geum_ex_fire,state,"Le jugement est clair, mais il se termine par un résultat ordinaire, et l'énergie claire ajoute une vitalité calme et continue la journée ordinaire.",1
money_B1_geum_ex_water,intro,"Le flux d’argent sera normal, mais des dépenses imprévues pourraient survenir.",1
money_B1_geum_ex_water,effect,Une partie du flux monétaire pourrait être bloquée et les bénéfices pourraient être inférieurs aux attentes.,1
money_B1_geum_ex_water,action,Réduisez les dépenses inutiles et gérez soigneusement vos finances.,1
money_B1_geum_ex_water,state,"Le jugement est clair mais se termine par un résultat simple, et l'énergie humide augmente les pensées mais ne provoque pas beaucoup d'agitation.",1
money_B1_geum_ex_wood,intro,"Le flux d’argent sera normal, mais des dépenses imprévues pourraient survenir.",1
money_B1_geum_ex_wood,effect,Une partie du flux monétaire pourrait être bloquée et les bénéfices pourraient être inférieurs aux attentes.,1
money_B1_geum_ex_wood,action,Réduisez les dépenses inutiles et gérez soigneusement vos finances.,1
money_B1_geum_ex_wood,state,"Le jugement est clair, mais il se termine par un résultat médiocre, et la calme énergie du changement ne fait guère plus que bouleverser légèrement le flux normal.",1
money_B1_hwa_df_earth,intro,"Votre intuition financière n’est pas parfaite, vous devez donc faire attention aux décisions financières impulsives.",1
money_B1_hwa_df_earth,effect,Les décisions financières sensorielles peuvent produire des résultats différents de ceux auxquels vous vous attendez.,1
money_B1_hwa_df_earth,action,Prenez des décisions financières basées sur une planification plutôt que sur une impulsion.,1
money_B1_hwa_df_earth,state,"Bien qu'il y ait peu d'expression, la relation n'est pas grandement ébranlée et l'énergie nuageuse aide à maintenir un rythme facile.",1
money_B1_hwa_df_fire,intro,"Votre intuition financière n’est pas parfaite, vous devez donc faire attention aux décisions financières impulsives.",1
money_B1_hwa_df_fire,effect,Les décisions financières sensorielles peuvent produire des résultats différents de ceux auxquels vous vous attendez.,1
money_B1_hwa_df_fire,action,Prenez des décisions financières basées sur une planification plutôt que sur une impulsion.,1
money_B1_hwa_df_fire,state,"Bien qu'il y ait peu d'expressions, la relation n'est pas grandement ébranlée et l'énergie claire ajoute une vitalité calme et continue une journée ordinaire.",1
money_B1_hwa_df_water,intro,"Votre intuition financière n’est pas parfaite, vous devez donc faire attention aux décisions financières impulsives.",1
money_B1_hwa_df_water,effect,Les décisions financières sensorielles peuvent produire des résultats différents de ceux auxquels vous vous attendez.,1
money_B1_hwa_df_water,action,Prenez des décisions financières basées sur une planification plutôt que sur une impulsion.,1
money_B1_hwa_df_water,state,"Bien qu'il y ait peu d'expressions, la relation n'est pas grandement ébranlée et l'énergie humide augmente les pensées, mais ne provoque pas beaucoup d'agitation.",1
money_B1_hwa_df_wood,intro,"Votre intuition financière n’est pas parfaite, vous devez donc faire attention aux décisions financières impulsives.",1
money_B1_hwa_df_wood,effect,Les décisions financières sensorielles peuvent produire des résultats différents de ceux auxquels vous vous attendez.,1
money_B1_hwa_df_wood,action,Prenez des décisions financières basées sur une planification plutôt que sur une impulsion.,1
money_B1_hwa_df_wood,state,"Bien qu'il y ait peu d'expression, la relation n'est pas grandement ébranlée et l'énergie calme du changement suffit seulement à ébranler légèrement le flux normal.",1
money_B1_hwa_ex_earth,intro,"Votre intuition financière n’est pas parfaite, vous devez donc faire attention aux décisions financières impulsives.",1
money_B1_hwa_ex_earth,effect,Les décisions financières sensorielles peuvent produire des résultats différents de ceux auxquels vous vous attendez.,1
money_B1_hwa_ex_earth,action,Prenez des décisions financières basées sur une planification plutôt que sur une impulsion.,1
money_B1_hwa_ex_earth,state,La chaleur modérée permet une journée douce et l'énergie nuageuse vous aide à maintenir un rythme facile.,1
money_B1_hwa_ex_fire,intro,"Votre intuition financière n’est pas parfaite, vous devez donc faire attention aux décisions financières impulsives.",1
money_B1_hwa_ex_fire,effect,Les décisions financières sensorielles peuvent produire des résultats différents de ceux auxquels vous vous attendez.,1
money_B1_hwa_ex_fire,action,Prenez des décisions financières basées sur une planification plutôt que sur une impulsion.,1
money_B1_hwa_ex_fire,state,La chaleur modérée crée une journée douce et l'énergie claire ajoute une vitalité calme et poursuit la journée ordinaire.,1
money_B1_hwa_ex_water,intro,"Votre intuition financière n’est pas parfaite, vous devez donc faire attention aux décisions financières impulsives.",1
money_B1_hwa_ex_water,effect,Les décisions financières sensorielles peuvent produire des résultats différents de ceux auxquels vous vous attendez.,1
money_B1_hwa_ex_water,action,Prenez des décisions financières basées sur une planification plutôt que sur une impulsion.,1
money_B1_hwa_ex_water,state,La chaleur modérée permet une journée douce et l'énergie humide augmente vos pensées mais ne provoque pas beaucoup d'agitation.,1
money_B1_hwa_ex_wood,intro,"Votre intuition financière n’est pas parfaite, vous devez donc faire attention aux décisions financières impulsives.",1
money_B1_hwa_ex_wood,effect,Les décisions financières sensorielles peuvent produire des résultats différents de ceux auxquels vous vous attendez.,1
money_B1_hwa_ex_wood,action,Prenez des décisions financières basées sur une planification plutôt que sur une impulsion.,1
money_B1_hwa_ex_wood,state,La chaleur modérée rend la journée douce et l’énergie calme du changement ne fait que légèrement bouleverser le flux normal.,1
money_B1_mok_df_earth,intro,"À mesure que votre croissance financière ralentit, il peut être difficile de trouver de nouvelles sources de revenus.",1
money_B1_mok_df_earth,effect,L’expansion de la richesse est limitée et la croissance des revenus est plus lente que prévu.,1
money_B1_mok_df_earth,action,Concentrez-vous sur le maintien de vos revenus existants.,1
money_B1_mok_df_earth,state,"Cela reste plus familier que nouveau, mais le flux est ininterrompu et l'énergie nuageuse vous aide à maintenir un rythme facile.",1
money_B1_mok_df_fire,intro,"À mesure que votre croissance financière ralentit, il peut être difficile de trouver de nouvelles sources de revenus.",1
money_B1_mok_df_fire,effect,L’expansion de la richesse est limitée et la croissance des revenus est plus lente que prévu.,1
money_B1_mok_df_fire,action,Concentrez-vous sur le maintien de vos revenus existants.,1
money_B1_mok_df_fire,state,"Bien qu’elle reste familière plutôt que nouvelle, le flux est ininterrompu et l’énergie claire ajoute une vitalité calme et poursuit la journée ordinaire.",1
money_B1_mok_df_water,intro,"À mesure que votre croissance financière ralentit, il peut être difficile de trouver de nouvelles sources de revenus.",1
money_B1_mok_df_water,effect,L’expansion de la richesse est limitée et la croissance des revenus est plus lente que prévu.,1
money_B1_mok_df_water,action,Concentrez-vous sur le maintien de vos revenus existants.,1
money_B1_mok_df_water,state,"Bien qu’elle reste familière plutôt que nouvelle, le flux est ininterrompu et l’énergie humide augmente les pensées mais ne provoque pas beaucoup d’agitation.",1
money_B1_mok_df_wood,intro,"À mesure que votre croissance financière ralentit, il peut être difficile de trouver de nouvelles sources de revenus.",1
money_B1_mok_df_wood,effect,L’expansion de la richesse est limitée et la croissance des revenus est plus lente que prévu.,1
money_B1_mok_df_wood,action,Concentrez-vous sur le maintien de vos revenus existants.,1
money_B1_mok_df_wood,state,"Bien qu’il reste plus familier que nouveau, le flux est ininterrompu et l’énergie calme du changement ne secoue que légèrement le flux normal.",1
money_B1_mok_ex_earth,intro,"À mesure que votre croissance financière ralentit, il peut être difficile de trouver de nouvelles sources de revenus.",1
money_B1_mok_ex_earth,effect,L’expansion de la richesse est limitée et la croissance des revenus est plus lente que prévu.,1
money_B1_mok_ex_earth,action,Concentrez-vous sur le maintien de vos revenus existants.,1
money_B1_mok_ex_earth,state,"Vous suis motivé, mais votre force motrice reste à un niveau médiocre, et l'énergie nuageuse aide à maintenir un rythme convenable.",1
money_B1_mok_ex_fire,intro,"À mesure que votre croissance financière ralentit, il peut être difficile de trouver de nouvelles sources de revenus.",1
money_B1_mok_ex_fire,effect,L’expansion de la richesse est limitée et la croissance des revenus est plus lente que prévu.,1
money_B1_mok_ex_fire,action,Concentrez-vous sur le maintien de vos revenus existants.,1
money_B1_mok_ex_fire,state,"Bien que vous sois motivé, votre force motrice reste à un niveau moyen, et l'énergie claire ajoute une vitalité calme et poursuit votre journée ordinaire.",1
money_B1_mok_ex_water,intro,"À mesure que votre croissance financière ralentit, il peut être difficile de trouver de nouvelles sources de revenus.",1
money_B1_mok_ex_water,effect,L’expansion de la richesse est limitée et la croissance des revenus est plus lente que prévu.,1
money_B1_mok_ex_water,action,Concentrez-vous sur le maintien de vos revenus existants.,1
money_B1_mok_ex_water,state,"Il y a de la motivation, mais la force motrice reste à un niveau normal, et l'énergie humide augmente les pensées, mais ne provoque pas beaucoup d'agitation.",1
money_B1_mok_ex_wood,intro,"À mesure que votre croissance financière ralentit, il peut être difficile de trouver de nouvelles sources de revenus.",1
money_B1_mok_ex_wood,effect,L’expansion de la richesse est limitée et la croissance des revenus est plus lente que prévu.,1
money_B1_mok_ex_wood,action,Concentrez-vous sur le maintien de vos revenus existants.,1
money_B1_mok_ex_wood,state,"Il y a de la motivation, mais la force motrice reste à un niveau médiocre, et l'énergie calme du changement suffit à peine à bousculer légèrement le flux normal.",1
money_B1_su_df_earth,intro,"Si votre timing est légèrement décalé, vous risquez de rater une bonne opportunité.",1
money_B1_su_df_earth,effect,Les décisions financières qui s'écartent du flux peuvent entraîner des pertes mineures.,1
money_B1_su_df_earth,action,"Ne vous précipitez pas pour prendre des décisions financières, mais faites très attention au timing.",1
money_B1_su_df_earth,state,"Bien que la flexibilité ait diminué, le flux n'est pas interrompu de manière significative et l'énergie nuageuse aide à maintenir un rythme décent.",1
money_B1_su_df_fire,intro,"Si votre timing est légèrement décalé, vous risquez de rater une bonne opportunité.",1
money_B1_su_df_fire,effect,Les décisions financières qui s'écartent du flux peuvent entraîner des pertes mineures.,1
money_B1_su_df_fire,action,"Ne vous précipitez pas pour prendre des décisions financières, mais faites très attention au timing.",1
money_B1_su_df_fire,state,"Bien que la flexibilité ait diminué, le flux n'est pas significativement perturbé et l'énergie claire ajoute une vitalité calme et permet de poursuivre une journée ordinaire.",1
money_B1_su_df_water,intro,"Si votre timing est légèrement décalé, vous risquez de rater une bonne opportunité.",1
money_B1_su_df_water,effect,Les décisions financières qui s'écartent du flux peuvent entraîner des pertes mineures.,1
money_B1_su_df_water,action,"Ne vous précipitez pas pour prendre des décisions financières, mais faites très attention au timing.",1
money_B1_su_df_water,state,"La flexibilité est réduite, mais le flux n'est pas grandement interrompu, et l'énergie humide augmente les pensées, mais ne provoque pas beaucoup d'agitation.",1
money_B1_su_df_wood,intro,"Si votre timing est légèrement décalé, vous risquez de rater une bonne opportunité.",1
money_B1_su_df_wood,effect,Les décisions financières qui s'écartent du flux peuvent entraîner des pertes mineures.,1
money_B1_su_df_wood,action,"Ne vous précipitez pas pour prendre des décisions financières, mais faites très attention au timing.",1
money_B1_su_df_wood,state,"Bien que la flexibilité ait diminué, le flux n’est pas significativement perturbé et l’énergie calme du changement ne secoue que légèrement le flux normal.",1
money_B1_su_ex_earth,intro,"Si votre timing est légèrement décalé, vous risquez de rater une bonne opportunité.",1
money_B1_su_ex_earth,effect,Les décisions financières qui s'écartent du flux peuvent entraîner des pertes mineures.,1
money_B1_su_ex_earth,action,"Ne vous précipitez pas pour prendre des décisions financières, mais faites très attention au timing.",1
money_B1_su_ex_earth,state,"Même si il y a beaucoup de choses à penser, la journée se déroule sans trop de perturbations et l'énergie nuageuse aide à maintenir un rythme tranquille.",1
money_B1_su_ex_fire,intro,"Si votre timing est légèrement décalé, vous risquez de rater une bonne opportunité.",1
money_B1_su_ex_fire,effect,Les décisions financières qui s'écartent du flux peuvent entraîner des pertes mineures.,1
money_B1_su_ex_fire,action,"Ne vous précipitez pas pour prendre des décisions financières, mais faites très attention au timing.",1
money_B1_su_ex_fire,state,"Même si il y a beaucoup de pensées, la journée se déroule sans trop de perturbations, et l'énergie claire ajoute une vitalité calme et continue la journée ordinaire.",1
money_B1_su_ex_water,intro,"Si votre timing est légèrement décalé, vous risquez de rater une bonne opportunité.",1
money_B1_su_ex_water,effect,Les décisions financières qui s'écartent du flux peuvent entraîner des pertes mineures.,1
money_B1_su_ex_water,action,"Ne vous précipitez pas pour prendre des décisions financières, mais faites très attention au timing.",1
money_B1_su_ex_water,state,"Même si vous avez beaucoup de pensées, la journée se déroule sans grande agitation, et l'énergie humide augmente vos pensées mais ne provoque pas beaucoup d'agitation.",1
money_B1_su_ex_wood,intro,"Si votre timing est légèrement décalé, vous risquez de rater une bonne opportunité.",1
money_B1_su_ex_wood,effect,Les décisions financières qui s'écartent du flux peuvent entraîner des pertes mineures.,1
money_B1_su_ex_wood,action,"Ne vous précipitez pas pour prendre des décisions financières, mais faites très attention au timing.",1
money_B1_su_ex_wood,state,"Même si il y a beaucoup de pensées, la journée se déroule sans trop de perturbations et l'énergie calme du changement ne secoue que légèrement le flux normal.",1
money_B1_to_df_earth,intro,L’équilibre des richesses peut être quelque peu ébranlé et les dépenses peuvent légèrement dépasser les revenus.,1
money_B1_to_df_earth,effect,"À mesure que votre sentiment de sécurité financière s’affaiblit, les dépenses imprévues deviennent un fardeau.",1
money_B1_to_df_earth,action,Vérifiez votre situation financière et réduisez les dépenses inutiles.,1
money_B1_to_df_earth,state,"Même s'il y a quelques tremblements, la vie quotidienne se déroule sans problème et l'énergie trouble aide à maintenir un rythme tranquille.",1
money_B1_to_df_fire,intro,L’équilibre des richesses peut être quelque peu ébranlé et les dépenses peuvent légèrement dépasser les revenus.,1
money_B1_to_df_fire,effect,"À mesure que votre sentiment de sécurité financière s’affaiblit, les dépenses imprévues deviennent un fardeau.",1
money_B1_to_df_fire,action,Vérifiez votre situation financière et réduisez les dépenses inutiles.,1
money_B1_to_df_fire,state,"Bien qu'il y ait quelques tremblements, la vie quotidienne se déroule sans problème et l'énergie claire ajoute une vitalité calme et continue la journée normale.",1
money_B1_to_df_water,intro,L’équilibre des richesses peut être quelque peu ébranlé et les dépenses peuvent légèrement dépasser les revenus.,1
money_B1_to_df_water,effect,"À mesure que votre sentiment de sécurité financière s’affaiblit, les dépenses imprévues deviennent un fardeau.",1
money_B1_to_df_water,action,Vérifiez votre situation financière et réduisez les dépenses inutiles.,1
money_B1_to_df_water,state,"Même s'il y a des secousses, la vie quotidienne se déroule sans problème et l'énergie humide augmente les pensées, mais ne provoque pas beaucoup d'agitation.",1
money_B1_to_df_wood,intro,L’équilibre des richesses peut être quelque peu ébranlé et les dépenses peuvent légèrement dépasser les revenus.,1
money_B1_to_df_wood,effect,"À mesure que votre sentiment de sécurité financière s’affaiblit, les dépenses imprévues deviennent un fardeau.",1
money_B1_to_df_wood,action,Vérifiez votre situation financière et réduisez les dépenses inutiles.,1
money_B1_to_df_wood,state,"Bien qu'il y ait des fluctuations, la vie quotidienne se déroule sans heurts et l'énergie calme du changement ne secoue que légèrement le flux normal.",1
money_B1_to_ex_earth,intro,L’équilibre des richesses peut être quelque peu ébranlé et les dépenses peuvent légèrement dépasser les revenus.,1
money_B1_to_ex_earth,effect,"À mesure que votre sentiment de sécurité financière s’affaiblit, les dépenses imprévues deviennent un fardeau.",1
money_B1_to_ex_earth,action,Vérifiez votre situation financière et réduisez les dépenses inutiles.,1
money_B1_to_ex_earth,state,"Choisir la familiarité plutôt que le changement mène à une journée facile, et l'énergie nuageuse aide à maintenir un rythme facile.",1
money_B1_to_ex_fire,intro,L’équilibre des richesses peut être quelque peu ébranlé et les dépenses peuvent légèrement dépasser les revenus.,1
money_B1_to_ex_fire,effect,"À mesure que votre sentiment de sécurité financière s’affaiblit, les dépenses imprévues deviennent un fardeau.",1
money_B1_to_ex_fire,action,Vérifiez votre situation financière et réduisez les dépenses inutiles.,1
money_B1_to_ex_fire,state,"Choisir la familiarité plutôt que le changement mène à une journée ordinaire, et l’énergie claire ajoute une vitalité calme à la journée ordinaire.",1
money_B1_to_ex_water,intro,L’équilibre des richesses peut être quelque peu ébranlé et les dépenses peuvent légèrement dépasser les revenus.,1
money_B1_to_ex_water,effect,"À mesure que votre sentiment de sécurité financière s’affaiblit, les dépenses imprévues deviennent un fardeau.",1
money_B1_to_ex_water,action,Vérifiez votre situation financière et réduisez les dépenses inutiles.,1
money_B1_to_ex_water,state,"Choisir la familiarité plutôt que le changement conduit à une journée normale, et l’énergie humide augmente les pensées mais ne provoque pas beaucoup d’agitation.",1
money_B1_to_ex_wood,intro,L’équilibre des richesses peut être quelque peu ébranlé et les dépenses peuvent légèrement dépasser les revenus.,1
money_B1_to_ex_wood,effect,"À mesure que votre sentiment de sécurité financière s’affaiblit, les dépenses imprévues deviennent un fardeau.",1
money_B1_to_ex_wood,action,Vérifiez votre situation financière et réduisez les dépenses inutiles.,1
money_B1_to_ex_wood,state,"Choisir la familiarité plutôt que le changement conduit à une journée normale, et l’énergie calme du changement ne secoue que légèrement le flux normal.",1
money_C,intro,"L’énergie de la richesse est faible aujourd’hui, vous devez donc prêter une attention particulière à vos flux financiers.",1
money_C,intro,"L’énergie financière est faible aujourd’hui, il serait donc sage de réduire les dépenses inutiles.",1
money_C,effect,Il est possible que des dépenses imprévues surviennent ou que les revenus attendus soient retardés.,1
money_C,effect,"Nous vivons une époque où le flux des richesses est quelque peu bloqué, il est donc plus avantageux de maintenir le statu quo que de réaliser de nouveaux investissements.",1
money_C,action,Tenez des registres détaillés de vos dépenses et reportez les dépenses impulsives d’une journée.,1
money_C,action,"Aujourd’hui, se concentrer sur l’épargne et l’épargne est la manière la plus judicieuse de gérer son patrimoine.",1
money_C_geum_df_earth,intro,C’est un jour où le flux des richesses est bloqué et où des pertes financières risquent de se produire.,1
money_C_geum_df_earth,effect,Un manque de sens de l’argent peut conduire à de mauvaises décisions financières.,1
money_C_geum_df_earth,action,Évitez les nouveaux investissements ou les grosses dépenses aujourd’hui.,1
money_C_geum_df_earth,state,"À mesure que votre détermination faiblit, il est facile de remettre à plus tard des choix importants, et une énergie trouble peut vous ralentir et alourdir vos pensées.",1
money_C_geum_df_fire,intro,C’est un jour où le flux des richesses est bloqué et où des pertes financières risquent de se produire.,1
money_C_geum_df_fire,effect,Un manque de sens de l’argent peut conduire à de mauvaises décisions financières.,1
money_C_geum_df_fire,action,Évitez les nouveaux investissements ou les grosses dépenses aujourd’hui.,1
money_C_geum_df_fire,state,"À mesure que votre détermination faiblit, il est facile de remettre à plus tard des choix importants et votre énergie claire peut se répandre dans une atmosphère excitée, ce qui peut brouiller votre prudence.",1
money_C_geum_df_water,intro,C’est un jour où le flux des richesses est bloqué et où des pertes financières risquent de se produire.,1
money_C_geum_df_water,effect,Un manque de sens de l’argent peut conduire à de mauvaises décisions financières.,1
money_C_geum_df_water,action,Évitez les nouveaux investissements ou les grosses dépenses aujourd’hui.,1
money_C_geum_df_water,state,"Il est facile de reporter des choix importants à mesure que votre détermination s’affaiblit, et l’énergie de la pluie et de la neige peut stimuler vos émotions et votre moi intérieur, ce qui peut avoir un impact plus important.",1
money_C_geum_df_wood,intro,C’est un jour où le flux des richesses est bloqué et où des pertes financières risquent de se produire.,1
money_C_geum_df_wood,effect,Un manque de sens de l’argent peut conduire à de mauvaises décisions financières.,1
money_C_geum_df_wood,action,Évitez les nouveaux investissements ou les grosses dépenses aujourd’hui.,1
money_C_geum_df_wood,state,"Il est facile de reporter des choix importants en raison d’une détermination affaiblie, et la forte énergie du changement peut bouleverser le rythme et conduire à des variables inattendues.",1
money_C_geum_ex_earth,intro,C’est un jour où le flux des richesses est bloqué et où des pertes financières risquent de se produire.,1
money_C_geum_ex_earth,effect,Un manque de sens de l’argent peut conduire à de mauvaises décisions financières.,1
money_C_geum_ex_earth,action,Évitez les nouveaux investissements ou les grosses dépenses aujourd’hui.,1
money_C_geum_ex_earth,state,"Un jugement trop pointu peut rendre les relations froides, et une énergie trouble peut ralentir votre rythme et alourdir vos pensées.",1
money_C_geum_ex_fire,intro,C’est un jour où le flux des richesses est bloqué et où des pertes financières risquent de se produire.,1
money_C_geum_ex_fire,effect,Un manque de sens de l’argent peut conduire à de mauvaises décisions financières.,1
money_C_geum_ex_fire,action,Évitez les nouveaux investissements ou les grosses dépenses aujourd’hui.,1
money_C_geum_ex_fire,state,"Un jugement trop pointu peut rendre les relations froides, et une énergie claire peut couler dans une atmosphère excitée, ce qui peut brouiller la prudence.",1
money_C_geum_ex_water,intro,C’est un jour où le flux des richesses est bloqué et où des pertes financières risquent de se produire.,1
money_C_geum_ex_water,effect,Un manque de sens de l’argent peut conduire à de mauvaises décisions financières.,1
money_C_geum_ex_water,action,Évitez les nouveaux investissements ou les grosses dépenses aujourd’hui.,1
money_C_geum_ex_water,state,"Un jugement trop pointu peut rendre les relations froides, et l'énergie de la pluie et de la neige peut stimuler les émotions et les sentiments intérieurs, ce qui peut avoir un impact plus important.",1
money_C_geum_ex_wood,intro,C’est un jour où le flux des richesses est bloqué et où des pertes financières risquent de se produire.,1
money_C_geum_ex_wood,effect,Un manque de sens de l’argent peut conduire à de mauvaises décisions financières.,1
money_C_geum_ex_wood,action,Évitez les nouveaux investissements ou les grosses dépenses aujourd’hui.,1
money_C_geum_ex_wood,state,"Un jugement trop pointu peut rendre les relations froides, et la forte énergie du changement peut bouleverser le rythme et conduire à des variables inattendues.",1
money_C_hwa_df_earth,intro,C’est un jour où votre intuition en matière de richesse s’obscurcit et où vous faites de nombreuses erreurs dans les décisions liées à l’argent.,1
money_C_hwa_df_earth,effect,Les décisions financières impulsives conduisent à des dépenses regrettables.,1
money_C_hwa_df_earth,action,Assurez-vous de réexaminer et de mettre en œuvre tout jugement judicieux concernant la richesse.,1
money_C_hwa_df_earth,state,"Il est facile que des malentendus surviennent en raison de difficultés à s'exprimer, et l'énergie trouble peut vous ralentir et alourdir vos pensées.",1
money_C_hwa_df_fire,intro,C’est un jour où votre intuition en matière de richesse s’obscurcit et où vous faites de nombreuses erreurs dans les décisions liées à l’argent.,1
money_C_hwa_df_fire,effect,Les décisions financières impulsives conduisent à des dépenses regrettables.,1
money_C_hwa_df_fire,action,Assurez-vous de réexaminer et de mettre en œuvre tout jugement judicieux concernant la richesse.,1
money_C_hwa_df_fire,state,"Il est facile que des malentendus se produisent parce que les expressions sont difficiles à comprendre, et l'énergie claire peut couler dans une atmosphère excitée et troubler la prudence.",1
money_C_hwa_df_water,intro,C’est un jour où votre intuition en matière de richesse s’obscurcit et où vous faites de nombreuses erreurs dans les décisions liées à l’argent.,1
money_C_hwa_df_water,effect,Les décisions financières impulsives conduisent à des dépenses regrettables.,1
money_C_hwa_df_water,action,Assurez-vous de réexaminer et de mettre en œuvre tout jugement judicieux concernant la richesse.,1
money_C_hwa_df_water,state,"Il est facile que des malentendus surviennent car les expressions sont difficiles à comprendre, et l'énergie de la pluie et de la neige peut stimuler les émotions et les sentiments intérieurs, ce qui peut avoir un impact plus important.",1
money_C_hwa_df_wood,intro,C’est un jour où votre intuition en matière de richesse s’obscurcit et où vous faites de nombreuses erreurs dans les décisions liées à l’argent.,1
money_C_hwa_df_wood,effect,Les décisions financières impulsives conduisent à des dépenses regrettables.,1
money_C_hwa_df_wood,action,Assurez-vous de réexaminer et de mettre en œuvre tout jugement judicieux concernant la richesse.,1
money_C_hwa_df_wood,state,"Les malentendus sont faciles à survenir en raison d'expressions difficiles, et la forte énergie du changement peut bouleverser le rythme et conduire à des variables inattendues.",1
money_C_hwa_ex_earth,intro,C’est un jour où votre intuition en matière de richesse s’obscurcit et où vous faites de nombreuses erreurs dans les décisions liées à l’argent.,1
money_C_hwa_ex_earth,effect,Les décisions financières impulsives conduisent à des dépenses regrettables.,1
money_C_hwa_ex_earth,action,Assurez-vous de réexaminer et de mettre en œuvre tout jugement judicieux concernant la richesse.,1
money_C_hwa_ex_earth,state,"Il est facile que les émotions s'entrechoquent, et une énergie trouble peut vous ralentir et alourdir vos pensées.",1
money_C_hwa_ex_fire,intro,C’est un jour où votre intuition en matière de richesse s’obscurcit et où vous faites de nombreuses erreurs dans les décisions liées à l’argent.,1
money_C_hwa_ex_fire,effect,Les décisions financières impulsives conduisent à des dépenses regrettables.,1
money_C_hwa_ex_fire,action,Assurez-vous de réexaminer et de mettre en œuvre tout jugement judicieux concernant la richesse.,1
money_C_hwa_ex_fire,state,"Il est facile que les émotions s’entrechoquent, et l’énergie claire peut s’écouler dans une atmosphère excitée, ce qui trouble la prudence.",1
money_C_hwa_ex_water,intro,C’est un jour où votre intuition en matière de richesse s’obscurcit et où vous faites de nombreuses erreurs dans les décisions liées à l’argent.,1
money_C_hwa_ex_water,effect,Les décisions financières impulsives conduisent à des dépenses regrettables.,1
money_C_hwa_ex_water,action,Assurez-vous de réexaminer et de mettre en œuvre tout jugement judicieux concernant la richesse.,1
money_C_hwa_ex_water,state,"Il est facile que les émotions entrent en conflit, et l'énergie de la pluie et de la neige peut stimuler les émotions et les sentiments intérieurs, ce qui peut augmenter l'impact.",1
money_C_hwa_ex_wood,intro,C’est un jour où votre intuition en matière de richesse s’obscurcit et où vous faites de nombreuses erreurs dans les décisions liées à l’argent.,1
money_C_hwa_ex_wood,effect,Les décisions financières impulsives conduisent à des dépenses regrettables.,1
money_C_hwa_ex_wood,action,Assurez-vous de réexaminer et de mettre en œuvre tout jugement judicieux concernant la richesse.,1
money_C_hwa_ex_wood,state,"Il est facile que les émotions s’entrechoquent, et la forte énergie du changement peut bouleverser le rythme et conduire à des variables inattendues.",1
money_C_mok_df_earth,intro,C’est un jour où votre expansion de richesse peut être bloquée et vos tentatives d’obtenir de nouveaux revenus peuvent être contrecarrées.,1
money_C_mok_df_earth,effect,"À mesure que les canaux de richesse se rétrécissent, les revenus peuvent en fait diminuer.",1
money_C_mok_df_earth,action,Concentrez-vous sur le maintien de vos revenus existants plutôt que de relever de nouveaux défis financiers.,1
money_C_mok_df_earth,state,"L’hésitation à essayer de nouvelles choses peut ralentir les progrès, et une énergie trouble peut ralentir votre rythme et alourdir vos pensées.",1
money_C_mok_df_fire,intro,C’est un jour où votre expansion de richesse peut être bloquée et vos tentatives d’obtenir de nouveaux revenus peuvent être contrecarrées.,1
money_C_mok_df_fire,effect,"À mesure que les canaux de richesse se rétrécissent, les revenus peuvent en fait diminuer.",1
money_C_mok_df_fire,action,Concentrez-vous sur le maintien de vos revenus existants plutôt que de relever de nouveaux défis financiers.,1
money_C_mok_df_fire,state,"L’hésitation à essayer de nouvelles choses peut ralentir les progrès, et une énergie claire peut conduire à une atmosphère excitée, ce qui peut brouiller la prudence.",1
money_C_mok_df_water,intro,C’est un jour où votre expansion de richesse peut être bloquée et vos tentatives d’obtenir de nouveaux revenus peuvent être contrecarrées.,1
money_C_mok_df_water,effect,"À mesure que les canaux de richesse se rétrécissent, les revenus peuvent en fait diminuer.",1
money_C_mok_df_water,action,Concentrez-vous sur le maintien de vos revenus existants plutôt que de relever de nouveaux défis financiers.,1
money_C_mok_df_water,state,"L'hésitation à essayer de nouvelles choses peut ralentir les progrès, et l'énergie de la pluie et de la neige peut stimuler vos émotions et votre moi intérieur, ce qui peut augmenter l'impact.",1
money_C_mok_df_wood,intro,C’est un jour où votre expansion de richesse peut être bloquée et vos tentatives d’obtenir de nouveaux revenus peuvent être contrecarrées.,1
money_C_mok_df_wood,effect,"À mesure que les canaux de richesse se rétrécissent, les revenus peuvent en fait diminuer.",1
money_C_mok_df_wood,action,Concentrez-vous sur le maintien de vos revenus existants plutôt que de relever de nouveaux défis financiers.,1
money_C_mok_df_wood,state,"L’hésitation à essayer de nouvelles choses peut ralentir les progrès, et la forte énergie du changement peut bouleverser le rythme et conduire à des variables inattendues.",1
money_C_mok_ex_earth,intro,C’est un jour où votre expansion de richesse peut être bloquée et vos tentatives d’obtenir de nouveaux revenus peuvent être contrecarrées.,1
money_C_mok_ex_earth,effect,"À mesure que les canaux de richesse se rétrécissent, les revenus peuvent en fait diminuer.",1
money_C_mok_ex_earth,action,Concentrez-vous sur le maintien de vos revenus existants plutôt que de relever de nouveaux défis financiers.,1
money_C_mok_ex_earth,state,"Une motivation excessive peut vous amener à en faire trop, et une énergie trouble peut vous ralentir et alourdir vos pensées.",1
money_C_mok_ex_fire,intro,C’est un jour où votre expansion de richesse peut être bloquée et vos tentatives d’obtenir de nouveaux revenus peuvent être contrecarrées.,1
money_C_mok_ex_fire,effect,"À mesure que les canaux de richesse se rétrécissent, les revenus peuvent en fait diminuer.",1
money_C_mok_ex_fire,action,Concentrez-vous sur le maintien de vos revenus existants plutôt que de relever de nouveaux défis financiers.,1
money_C_mok_ex_fire,state,"Si vous êtes trop motivé, vous risquez de vous forcer à faire des choses et votre énergie claire peut se répandre dans une atmosphère excitée, ce qui peut brouiller votre prudence.",1
money_C_mok_ex_water,intro,C’est un jour où votre expansion de richesse peut être bloquée et vos tentatives d’obtenir de nouveaux revenus peuvent être contrecarrées.,1
money_C_mok_ex_water,effect,"À mesure que les canaux de richesse se rétrécissent, les revenus peuvent en fait diminuer.",1
money_C_mok_ex_water,action,Concentrez-vous sur le maintien de vos revenus existants plutôt que de relever de nouveaux défis financiers.,1
money_C_mok_ex_water,state,"Si vous êtes trop motivé, vous risquez d'en faire trop, et l'énergie de la pluie et de la neige peut stimuler vos émotions et votre moi intérieur, ce qui peut augmenter l'impact.",1
money_C_mok_ex_wood,intro,C’est un jour où votre expansion de richesse peut être bloquée et vos tentatives d’obtenir de nouveaux revenus peuvent être contrecarrées.,1
money_C_mok_ex_wood,effect,"À mesure que les canaux de richesse se rétrécissent, les revenus peuvent en fait diminuer.",1
money_C_mok_ex_wood,action,Concentrez-vous sur le maintien de vos revenus existants plutôt que de relever de nouveaux défis financiers.,1
money_C_mok_ex_wood,state,"Une motivation excessive peut conduire à en faire trop, et la forte énergie du changement peut bouleverser le rythme et conduire à des variables inattendues.",1
money_C_su_df_earth,intro,C’est un jour où le flux des richesses s’inverse et où les revenus attendus ne sont pas perçus.,1
money_C_su_df_earth,effect,"Si le moment est très éloigné, la perte de propriété peut se répéter.",1
money_C_su_df_earth,action,Remettez à plus tard les décisions financières et concentrez-vous sur une gestion de trésorerie stable.,1
money_C_su_df_earth,state,"Il est facile de perdre la trace du flux en raison d'un manque de flexibilité, et une énergie trouble peut vous ralentir et alourdir vos pensées.",1
money_C_su_df_fire,intro,C’est un jour où le flux des richesses s’inverse et où les revenus attendus ne sont pas perçus.,1
money_C_su_df_fire,effect,"Si le moment est très éloigné, la perte de propriété peut se répéter.",1
money_C_su_df_fire,action,Remettez à plus tard les décisions financières et concentrez-vous sur une gestion de trésorerie stable.,1
money_C_su_df_fire,state,"En raison du manque de flexibilité, il est facile de perdre la trace du flux et l’énergie claire peut s’écouler dans une atmosphère excitée, ce qui peut brouiller votre prudence.",1
money_C_su_df_water,intro,C’est un jour où le flux des richesses s’inverse et où les revenus attendus ne sont pas perçus.,1
money_C_su_df_water,effect,"Si le moment est très éloigné, la perte de propriété peut se répéter.",1
money_C_su_df_water,action,Remettez à plus tard les décisions financières et concentrez-vous sur une gestion de trésorerie stable.,1
money_C_su_df_water,state,"En raison du manque de flexibilité, il est facile de perdre la trace du flux, et l'énergie de la pluie et de la neige peut stimuler les émotions et le moi intérieur, ce qui peut augmenter l'impact.",1
money_C_su_df_wood,intro,C’est un jour où le flux des richesses s’inverse et où les revenus attendus ne sont pas perçus.,1
money_C_su_df_wood,effect,"Si le moment est très éloigné, la perte de propriété peut se répéter.",1
money_C_su_df_wood,action,Remettez à plus tard les décisions financières et concentrez-vous sur une gestion de trésorerie stable.,1
money_C_su_df_wood,state,"En raison du manque de flexibilité, il est facile de perdre le fil du flux, et la forte énergie du changement peut bouleverser le rythme et conduire à des variables inattendues.",1
money_C_su_ex_earth,intro,C’est un jour où le flux des richesses s’inverse et où les revenus attendus ne sont pas perçus.,1
money_C_su_ex_earth,effect,"Si le moment est très éloigné, la perte de propriété peut se répéter.",1
money_C_su_ex_earth,action,Remettez à plus tard les décisions financières et concentrez-vous sur une gestion de trésorerie stable.,1
money_C_su_ex_earth,state,"Il est facile que votre jugement soit obscurci par des émotions débordantes, et l’énergie trouble peut vous ralentir et alourdir vos pensées.",1
money_C_su_ex_fire,intro,C’est un jour où le flux des richesses s’inverse et où les revenus attendus ne sont pas perçus.,1
money_C_su_ex_fire,effect,"Si le moment est très éloigné, la perte de propriété peut se répéter.",1
money_C_su_ex_fire,action,Remettez à plus tard les décisions financières et concentrez-vous sur une gestion de trésorerie stable.,1
money_C_su_ex_fire,state,"Le jugement peut facilement être obscurci par des émotions débordantes, et l’énergie claire peut s’écouler dans une atmosphère excitée, ce qui peut obscurcir la prudence.",1
money_C_su_ex_water,intro,C’est un jour où le flux des richesses s’inverse et où les revenus attendus ne sont pas perçus.,1
money_C_su_ex_water,effect,"Si le moment est très éloigné, la perte de propriété peut se répéter.",1
money_C_su_ex_water,action,Remettez à plus tard les décisions financières et concentrez-vous sur une gestion de trésorerie stable.,1
money_C_su_ex_water,state,"Il est facile que votre jugement s'obscurcisse à cause d'émotions débordantes, et l'énergie de la pluie et de la neige peut stimuler vos émotions et votre moi intérieur, ce qui peut augmenter l'impact.",1
money_C_su_ex_wood,intro,C’est un jour où le flux des richesses s’inverse et où les revenus attendus ne sont pas perçus.,1
money_C_su_ex_wood,effect,"Si le moment est très éloigné, la perte de propriété peut se répéter.",1
money_C_su_ex_wood,action,Remettez à plus tard les décisions financières et concentrez-vous sur une gestion de trésorerie stable.,1
money_C_su_ex_wood,state,"Le jugement peut facilement être obscurci par les émotions, et la forte énergie du changement peut bouleverser le rythme et conduire à des variables inattendues.",1
money_C_to_df_earth,intro,C’est un jour où les fondements de la richesse sont ébranlés et où les dépenses et les pertes dépassent les revenus.,1
money_C_to_df_earth,effect,Une situation financière instable peut entraîner des pertes en chaîne.,1
money_C_to_df_earth,action,Réduisez vos dépenses dès maintenant et concentrez-vous sur la protection de votre base financière.,1
money_C_to_df_earth,state,"Parce que votre centre est ébranlé, il est facile de se laisser influencer par votre environnement, et une énergie trouble peut vous ralentir et alourdir vos pensées.",1
money_C_to_df_fire,intro,C’est un jour où les fondements de la richesse sont ébranlés et où les dépenses et les pertes dépassent les revenus.,1
money_C_to_df_fire,effect,Une situation financière instable peut entraîner des pertes en chaîne.,1
money_C_to_df_fire,action,Réduisez vos dépenses dès maintenant et concentrez-vous sur la protection de votre base financière.,1
money_C_to_df_fire,state,"Parce que votre centre est ébranlé, il est facile de se laisser influencer par ceux qui vous entourent et votre énergie claire peut couler dans une atmosphère excitée, ce qui peut brouiller votre prudence.",1
money_C_to_df_water,intro,C’est un jour où les fondements de la richesse sont ébranlés et où les dépenses et les pertes dépassent les revenus.,1
money_C_to_df_water,effect,Une situation financière instable peut entraîner des pertes en chaîne.,1
money_C_to_df_water,action,Réduisez vos dépenses dès maintenant et concentrez-vous sur la protection de votre base financière.,1
money_C_to_df_water,state,"Parce que votre centre est ébranlé, il est facile de se laisser influencer par votre environnement, et l’énergie de la pluie et de la neige peut stimuler vos émotions et votre moi intérieur, ce qui peut augmenter l’impact.",1
money_C_to_df_wood,intro,C’est un jour où les fondements de la richesse sont ébranlés et où les dépenses et les pertes dépassent les revenus.,1
money_C_to_df_wood,effect,Une situation financière instable peut entraîner des pertes en chaîne.,1
money_C_to_df_wood,action,Réduisez vos dépenses dès maintenant et concentrez-vous sur la protection de votre base financière.,1
money_C_to_df_wood,state,"Parce que le centre est ébranlé, il est facile de se laisser influencer par l'environnement, et la forte énergie du changement peut bouleverser le rythme et conduire à des variables inattendues.",1
money_C_to_ex_earth,intro,C’est un jour où les fondements de la richesse sont ébranlés et où les dépenses et les pertes dépassent les revenus.,1
money_C_to_ex_earth,effect,Une situation financière instable peut entraîner des pertes en chaîne.,1
money_C_to_ex_earth,action,Réduisez vos dépenses dès maintenant et concentrez-vous sur la protection de votre base financière.,1
money_C_to_ex_earth,state,"Un esprit qui refuse de changer peut bloquer des opportunités, et une énergie trouble peut ralentir votre rythme et alourdir vos pensées.",1
money_C_to_ex_fire,intro,C’est un jour où les fondements de la richesse sont ébranlés et où les dépenses et les pertes dépassent les revenus.,1
money_C_to_ex_fire,effect,Une situation financière instable peut entraîner des pertes en chaîne.,1
money_C_to_ex_fire,action,Réduisez vos dépenses dès maintenant et concentrez-vous sur la protection de votre base financière.,1
money_C_to_ex_fire,state,"Un esprit qui refuse de changer peut bloquer des opportunités, et une énergie claire peut couler dans une atmosphère excitée, obscurcissant la prudence.",1
money_C_to_ex_water,intro,C’est un jour où les fondements de la richesse sont ébranlés et où les dépenses et les pertes dépassent les revenus.,1
money_C_to_ex_water,effect,Une situation financière instable peut entraîner des pertes en chaîne.,1
money_C_to_ex_water,action,Réduisez vos dépenses dès maintenant et concentrez-vous sur la protection de votre base financière.,1
money_C_to_ex_water,state,"Un esprit qui refuse de changer peut bloquer des opportunités, et l’énergie de la pluie et de la neige peut stimuler les émotions et les sentiments intérieurs, ce qui peut accroître l’impact.",1
money_C_to_ex_wood,intro,C’est un jour où les fondements de la richesse sont ébranlés et où les dépenses et les pertes dépassent les revenus.,1
money_C_to_ex_wood,effect,Une situation financière instable peut entraîner des pertes en chaîne.,1
money_C_to_ex_wood,action,Réduisez vos dépenses dès maintenant et concentrez-vous sur la protection de votre base financière.,1
money_C_to_ex_wood,state,"Un refus de changement peut bloquer des opportunités, et la forte énergie du changement peut bouleverser le rythme et conduire à des variables inattendues.",1
money_C1,intro,"L’énergie de la richesse est assez faible aujourd’hui, vous devez donc être particulièrement prudent dans la gestion de vos dépenses.",1
money_C1,intro,"Aujourd’hui, le flux d’argent est bloqué, la prévention des pertes passe donc avant les profits.",1
money_C1,effect,"C’est un jour où il est facile de commettre des erreurs financières ou des dépenses imprévues, il est donc préférable d’éviter les grandes décisions.",1
money_C1,effect,"C’est un jour où vous devez vérifier et gérer vos finances, car les dépenses peuvent dépasser les bénéfices.",1
money_C1,action,Il est prudent de reporter à demain tous les paiements ou décisions liées au contrat.,1
money_C1,action,Vérifiez votre trésorerie et réduisez au maximum les dépenses non urgentes.,1
money_C1_geum_df_earth,intro,C’est un jour où votre fortune financière est considérablement réduite et le risque de perte financière est élevé.,1
money_C1_geum_df_earth,effect,"À mesure que votre capacité à juger de la richesse diminue, vous risquez de subir des pertes répétées.",1
money_C1_geum_df_earth,action,Arrêtez complètement d’essayer de nouvelles choses et concentrez-vous sur la prévention des pertes.,1
money_C1_geum_df_earth,state,"En raison du manque de détermination, il est facile de faire des choix indécis, et une énergie trouble peut réduire la motivation et troubler le jugement.",1
money_C1_geum_df_fire,intro,C’est un jour où votre fortune financière est considérablement réduite et le risque de perte financière est élevé.,1
money_C1_geum_df_fire,effect,"À mesure que votre capacité à juger de la richesse diminue, vous risquez de subir des pertes répétées.",1
money_C1_geum_df_fire,action,Arrêtez complètement d’essayer de nouvelles choses et concentrez-vous sur la prévention des pertes.,1
money_C1_geum_df_fire,state,"En raison du manque de détermination, il est facile de faire des choix indécis, et un Yang excité peut dissiper le calme et conduire à des erreurs mineures.",1
money_C1_geum_df_water,intro,C’est un jour où votre fortune financière est considérablement réduite et le risque de perte financière est élevé.,1
money_C1_geum_df_water,effect,"À mesure que votre capacité à juger de la richesse diminue, vous risquez de subir des pertes répétées.",1
money_C1_geum_df_water,action,Arrêtez complètement d’essayer de nouvelles choses et concentrez-vous sur la prévention des pertes.,1
money_C1_geum_df_water,state,"En raison du manque de détermination, il est facile de faire des choix indécis, et l'énergie de la pluie et de la neige peut ne pas calmer vos émotions, ce qui rend votre cœur lourd.",1
money_C1_geum_df_wood,intro,C’est un jour où votre fortune financière est considérablement réduite et le risque de perte financière est élevé.,1
money_C1_geum_df_wood,effect,"À mesure que votre capacité à juger de la richesse diminue, vous risquez de subir des pertes répétées.",1
money_C1_geum_df_wood,action,Arrêtez complètement d’essayer de nouvelles choses et concentrez-vous sur la prévention des pertes.,1
money_C1_geum_df_wood,state,"En raison du manque de détermination, il est facile de faire des choix indécis et l’énergie du changement peut continuer à interférer et à perturber les plans.",1
money_C1_geum_ex_earth,intro,C’est un jour où votre fortune financière est considérablement réduite et le risque de perte financière est élevé.,1
money_C1_geum_ex_earth,effect,"À mesure que votre capacité à juger de la richesse diminue, vous risquez de subir des pertes répétées.",1
money_C1_geum_ex_earth,action,Arrêtez complètement d’essayer de nouvelles choses et concentrez-vous sur la prévention des pertes.,1
money_C1_geum_ex_earth,state,"La netteté peut aller trop loin et constituer un fardeau pour ceux qui vous entourent, et une énergie trouble peut réduire la motivation et brouiller votre jugement.",1
money_C1_geum_ex_fire,intro,C’est un jour où votre fortune financière est considérablement réduite et le risque de perte financière est élevé.,1
money_C1_geum_ex_fire,effect,"À mesure que votre capacité à juger de la richesse diminue, vous risquez de subir des pertes répétées.",1
money_C1_geum_ex_fire,action,Arrêtez complètement d’essayer de nouvelles choses et concentrez-vous sur la prévention des pertes.,1
money_C1_geum_ex_fire,state,"Votre acuité peut aller trop loin et constituer un fardeau pour ceux qui vous entourent, et votre énergie excitée peut dissiper votre calme et conduire à des erreurs mineures.",1
money_C1_geum_ex_water,intro,C’est un jour où votre fortune financière est considérablement réduite et le risque de perte financière est élevé.,1
money_C1_geum_ex_water,effect,"À mesure que votre capacité à juger de la richesse diminue, vous risquez de subir des pertes répétées.",1
money_C1_geum_ex_water,action,Arrêtez complètement d’essayer de nouvelles choses et concentrez-vous sur la prévention des pertes.,1
money_C1_geum_ex_water,state,"Votre acuité peut aller trop loin et faire peser un fardeau sur ceux qui vous entourent, et l'énergie de la pluie et de la neige ne peut pas calmer vos émotions, ce qui rend votre cœur lourd.",1
money_C1_geum_ex_wood,intro,C’est un jour où votre fortune financière est considérablement réduite et le risque de perte financière est élevé.,1
money_C1_geum_ex_wood,effect,"À mesure que votre capacité à juger de la richesse diminue, vous risquez de subir des pertes répétées.",1
money_C1_geum_ex_wood,action,Arrêtez complètement d’essayer de nouvelles choses et concentrez-vous sur la prévention des pertes.,1
money_C1_geum_ex_wood,state,"Votre acuité peut aller trop loin et constituer un fardeau pour ceux qui vous entourent, et l'énergie du changement peut continuer à interférer avec vos projets.",1
money_C1_hwa_df_earth,intro,C’est un jour où votre sentiment de richesse a presque disparu et où le risque de dépenses impulsives est extrêmement élevé.,1
money_C1_hwa_df_earth,effect,Un faux sentiment de richesse peut entraîner de lourdes pertes.,1
money_C1_hwa_df_earth,action,Attendez strictement de prendre des décisions concernant vos finances aujourd’hui.,1
money_C1_hwa_df_earth,state,"Il est facile que vos sentiments ne soient pas exprimés correctement en raison d’un blocage de l’expression, et une énergie trouble peut réduire la motivation et brouiller votre jugement.",1
money_C1_hwa_df_fire,intro,C’est un jour où votre sentiment de richesse a presque disparu et où le risque de dépenses impulsives est extrêmement élevé.,1
money_C1_hwa_df_fire,effect,Un faux sentiment de richesse peut entraîner de lourdes pertes.,1
money_C1_hwa_df_fire,action,Attendez strictement de prendre des décisions concernant vos finances aujourd’hui.,1
money_C1_hwa_df_fire,state,"Il est facile que vos sentiments ne soient pas transmis correctement en raison d'un blocage de l'expression, et une énergie excitée peut disperser votre calme et conduire à des erreurs mineures.",1
money_C1_hwa_df_water,intro,C’est un jour où votre sentiment de richesse a presque disparu et où le risque de dépenses impulsives est extrêmement élevé.,1
money_C1_hwa_df_water,effect,Un faux sentiment de richesse peut entraîner de lourdes pertes.,1
money_C1_hwa_df_water,action,Attendez strictement de prendre des décisions concernant vos finances aujourd’hui.,1
money_C1_hwa_df_water,state,"Parce que les expressions sont bloquées, il est facile que vos sentiments ne soient pas transmis correctement, et l'énergie de la pluie et de la neige ne peut pas calmer vos émotions, ce qui peut rendre votre cœur lourd.",1
money_C1_hwa_df_wood,intro,C’est un jour où votre sentiment de richesse a presque disparu et où le risque de dépenses impulsives est extrêmement élevé.,1
money_C1_hwa_df_wood,effect,Un faux sentiment de richesse peut entraîner de lourdes pertes.,1
money_C1_hwa_df_wood,action,Attendez strictement de prendre des décisions concernant vos finances aujourd’hui.,1
money_C1_hwa_df_wood,state,"Il est facile que vos sentiments ne soient pas transmis correctement en raison d’un blocage de l’expression, et l’énergie du changement peut continuer à interférer et perturber vos plans.",1
money_C1_hwa_ex_earth,intro,C’est un jour où votre sentiment de richesse a presque disparu et où le risque de dépenses impulsives est extrêmement élevé.,1
money_C1_hwa_ex_earth,effect,Un faux sentiment de richesse peut entraîner de lourdes pertes.,1
money_C1_hwa_ex_earth,action,Attendez strictement de prendre des décisions concernant vos finances aujourd’hui.,1
money_C1_hwa_ex_earth,state,"Il est facile pour les émotions de provoquer des frictions, même pour de petites choses, et une énergie trouble peut réduire la motivation et troubler le jugement.",1
money_C1_hwa_ex_fire,intro,C’est un jour où votre sentiment de richesse a presque disparu et où le risque de dépenses impulsives est extrêmement élevé.,1
money_C1_hwa_ex_fire,effect,Un faux sentiment de richesse peut entraîner de lourdes pertes.,1
money_C1_hwa_ex_fire,action,Attendez strictement de prendre des décisions concernant vos finances aujourd’hui.,1
money_C1_hwa_ex_fire,state,"Il est facile pour les émotions de provoquer des frictions, même pour de petites choses, et une énergie excitée peut perturber votre calme et conduire à des erreurs mineures.",1
money_C1_hwa_ex_water,intro,C’est un jour où votre sentiment de richesse a presque disparu et où le risque de dépenses impulsives est extrêmement élevé.,1
money_C1_hwa_ex_water,effect,Un faux sentiment de richesse peut entraîner de lourdes pertes.,1
money_C1_hwa_ex_water,action,Attendez strictement de prendre des décisions concernant vos finances aujourd’hui.,1
money_C1_hwa_ex_water,state,"Il est facile que des émotions surgissent, même pour de petites choses, et l'énergie de la pluie et de la neige ne peut pas calmer vos émotions, ce qui rend votre cœur lourd.",1
money_C1_hwa_ex_wood,intro,C’est un jour où votre sentiment de richesse a presque disparu et où le risque de dépenses impulsives est extrêmement élevé.,1
money_C1_hwa_ex_wood,effect,Un faux sentiment de richesse peut entraîner de lourdes pertes.,1
money_C1_hwa_ex_wood,action,Attendez strictement de prendre des décisions concernant vos finances aujourd’hui.,1
money_C1_hwa_ex_wood,state,"Si vous êtes motivé par les émotions, il est facile que des frictions surviennent, même pour de petites choses, et l'énergie du changement peut continuer à interférer et à perturber vos projets.",1
money_C1_mok_df_earth,intro,C’est le jour où la croissance des richesses s’arrête complètement et où les sources de revenus sont bloquées.,1
money_C1_mok_df_earth,effect,"Les canaux de revenus peuvent être bloqués, entraînant une forte baisse des revenus.",1
money_C1_mok_df_earth,action,Limitez autant que possible vos dépenses et protégez votre patrimoine existant.,1
money_C1_mok_df_earth,state,"Si vous hésitez longtemps, il est facile qu’une opportunité vous échappe, et une énergie trouble peut réduire votre motivation et brouiller votre jugement.",1
money_C1_mok_df_fire,intro,C’est le jour où la croissance des richesses s’arrête complètement et où les sources de revenus sont bloquées.,1
money_C1_mok_df_fire,effect,"Les canaux de revenus peuvent être bloqués, entraînant une forte baisse des revenus.",1
money_C1_mok_df_fire,action,Limitez autant que possible vos dépenses et protégez votre patrimoine existant.,1
money_C1_mok_df_fire,state,"Si vous hésitez longtemps, il est facile qu'une opportunité vous échappe et une énergie excitée peut dissiper votre calme et conduire à des erreurs mineures.",1
money_C1_mok_df_water,intro,C’est le jour où la croissance des richesses s’arrête complètement et où les sources de revenus sont bloquées.,1
money_C1_mok_df_water,effect,"Les canaux de revenus peuvent être bloqués, entraînant une forte baisse des revenus.",1
money_C1_mok_df_water,action,Limitez autant que possible vos dépenses et protégez votre patrimoine existant.,1
money_C1_mok_df_water,state,"Si vous hésitez longtemps, il est facile qu'une opportunité vous échappe, et l'énergie de la pluie et de la neige ne peut pas calmer vos émotions, ce qui rend votre cœur lourd.",1
money_C1_mok_df_wood,intro,C’est le jour où la croissance des richesses s’arrête complètement et où les sources de revenus sont bloquées.,1
money_C1_mok_df_wood,effect,"Les canaux de revenus peuvent être bloqués, entraînant une forte baisse des revenus.",1
money_C1_mok_df_wood,action,Limitez autant que possible vos dépenses et protégez votre patrimoine existant.,1
money_C1_mok_df_wood,state,"Si vous hésitez longtemps, il est facile qu’une opportunité vous échappe et l’énergie du changement peut continuer à interférer et à perturber vos projets.",1
money_C1_mok_ex_earth,intro,C’est le jour où la croissance des richesses s’arrête complètement et où les sources de revenus sont bloquées.,1
money_C1_mok_ex_earth,effect,"Les canaux de revenus peuvent être bloqués, entraînant une forte baisse des revenus.",1
money_C1_mok_ex_earth,action,Limitez autant que possible vos dépenses et protégez votre patrimoine existant.,1
money_C1_mok_ex_earth,state,"Il est facile pour l’avidité de conduire à des choses qui ne peuvent être comprises, et une énergie trouble peut réduire la motivation et troubler le jugement.",1
money_C1_mok_ex_fire,intro,C’est le jour où la croissance des richesses s’arrête complètement et où les sources de revenus sont bloquées.,1
money_C1_mok_ex_fire,effect,"Les canaux de revenus peuvent être bloqués, entraînant une forte baisse des revenus.",1
money_C1_mok_ex_fire,action,Limitez autant que possible vos dépenses et protégez votre patrimoine existant.,1
money_C1_mok_ex_fire,state,"Il est facile de devenir gourmand et de faire des choses que vous ne pouvez pas contrôler, et une énergie excitée peut perturber votre calme et conduire à des erreurs mineures.",1
money_C1_mok_ex_water,intro,C’est le jour où la croissance des richesses s’arrête complètement et où les sources de revenus sont bloquées.,1
money_C1_mok_ex_water,effect,"Les canaux de revenus peuvent être bloqués, entraînant une forte baisse des revenus.",1
money_C1_mok_ex_water,action,Limitez autant que possible vos dépenses et protégez votre patrimoine existant.,1
money_C1_mok_ex_water,state,"Il est facile de devenir gourmand et de faire des choses que vous ne pouvez pas contrôler, et l'énergie de la pluie et de la neige ne peut pas calmer vos émotions, ce qui rend votre cœur lourd.",1
money_C1_mok_ex_wood,intro,C’est le jour où la croissance des richesses s’arrête complètement et où les sources de revenus sont bloquées.,1
money_C1_mok_ex_wood,effect,"Les canaux de revenus peuvent être bloqués, entraînant une forte baisse des revenus.",1
money_C1_mok_ex_wood,action,Limitez autant que possible vos dépenses et protégez votre patrimoine existant.,1
money_C1_mok_ex_wood,state,"Il est facile de devenir cupide et de finir par faire des choses que vous ne pouvez pas contrôler, et l'énergie du changement peut continuer à interférer et à perturber vos plans.",1
money_C1_su_df_earth,intro,C’est un jour où le flux des richesses s’inverse complètement et où les pertes se poursuivent.,1
money_C1_su_df_earth,effect,Une décision financière inopportune accélère la perte.,1
money_C1_su_df_earth,action,Remettez à demain toutes les décisions financières d’aujourd’hui.,1
money_C1_su_df_earth,state,"Il est facile de s'entêter et de perdre le fil des choses à plusieurs reprises, et une énergie trouble peut réduire la motivation et brouiller votre jugement.",1
money_C1_su_df_fire,intro,C’est un jour où le flux des richesses s’inverse complètement et où les pertes se poursuivent.,1
money_C1_su_df_fire,effect,Une décision financière inopportune accélère la perte.,1
money_C1_su_df_fire,action,Remettez à demain toutes les décisions financières d’aujourd’hui.,1
money_C1_su_df_fire,state,"Il est facile de s'entêter et de perdre la trace du flux, et une énergie excitée peut perturber votre calme et conduire à des erreurs mineures.",1
money_C1_su_df_water,intro,C’est un jour où le flux des richesses s’inverse complètement et où les pertes se poursuivent.,1
money_C1_su_df_water,effect,Une décision financière inopportune accélère la perte.,1
money_C1_su_df_water,action,Remettez à demain toutes les décisions financières d’aujourd’hui.,1
money_C1_su_df_water,state,"Il est facile de devenir têtu et de perdre la trace du flux, et l'énergie de la pluie et de la neige ne peut pas calmer vos émotions, ce qui rend votre cœur lourd.",1
money_C1_su_df_wood,intro,C’est un jour où le flux des richesses s’inverse complètement et où les pertes se poursuivent.,1
money_C1_su_df_wood,effect,Une décision financière inopportune accélère la perte.,1
money_C1_su_df_wood,action,Remettez à demain toutes les décisions financières d’aujourd’hui.,1
money_C1_su_df_wood,state,"Il est facile de s'entêter et de perdre le fil des choses à plusieurs reprises, et l'énergie du changement peut continuer à interférer et perturber vos plans.",1
money_C1_su_ex_earth,intro,C’est un jour où le flux des richesses s’inverse complètement et où les pertes se poursuivent.,1
money_C1_su_ex_earth,effect,Une décision financière inopportune accélère la perte.,1
money_C1_su_ex_earth,action,Remettez à demain toutes les décisions financières d’aujourd’hui.,1
money_C1_su_ex_earth,state,"Les émotions deviennent plus profondes, il est donc facile d'être secoué par des stimuli, même minimes, et une énergie trouble peut réduire la motivation et le jugement trouble.",1
money_C1_su_ex_fire,intro,C’est un jour où le flux des richesses s’inverse complètement et où les pertes se poursuivent.,1
money_C1_su_ex_fire,effect,Une décision financière inopportune accélère la perte.,1
money_C1_su_ex_fire,action,Remettez à demain toutes les décisions financières d’aujourd’hui.,1
money_C1_su_ex_fire,state,"Les émotions deviennent profondes, il est donc facile d'être secoué par le moindre stimulus, et une énergie excitée peut perturber le calme et conduire à des erreurs mineures.",1
money_C1_su_ex_water,intro,C’est un jour où le flux des richesses s’inverse complètement et où les pertes se poursuivent.,1
money_C1_su_ex_water,effect,Une décision financière inopportune accélère la perte.,1
money_C1_su_ex_water,action,Remettez à demain toutes les décisions financières d’aujourd’hui.,1
money_C1_su_ex_water,state,"À mesure que les émotions deviennent plus profondes, il est facile d'être secoué par le moindre stimulus, et l'énergie de la pluie et de la neige peut ne pas calmer les émotions, rendant le cœur lourd.",1
money_C1_su_ex_wood,intro,C’est un jour où le flux des richesses s’inverse complètement et où les pertes se poursuivent.,1
money_C1_su_ex_wood,effect,Une décision financière inopportune accélère la perte.,1
money_C1_su_ex_wood,action,Remettez à demain toutes les décisions financières d’aujourd’hui.,1
money_C1_su_ex_wood,state,"À mesure que vos émotions s’approfondissent, il est facile d’être ébranlé par le moindre stimulus, et l’énergie du changement peut continuer à interférer et à perturber vos plans.",1
money_C1_to_df_earth,intro,C’est un jour où votre base financière est sérieusement affaiblie et où toute dépense est risquée.,1
money_C1_to_df_earth,effect,Une base financière instable peut entraîner des pertes continues.,1
money_C1_to_df_earth,action,Dépensez simplement le minimum nécessaire et mettez tout le reste de côté.,1
money_C1_to_df_earth,state,"Parce que vous n’êtes pas centré, vos décisions peuvent facilement changer, et une énergie trouble peut réduire votre motivation et brouiller votre jugement.",1
money_C1_to_df_fire,intro,C’est un jour où votre base financière est sérieusement affaiblie et où toute dépense est risquée.,1
money_C1_to_df_fire,effect,Une base financière instable peut entraîner des pertes continues.,1
money_C1_to_df_fire,action,Dépensez simplement le minimum nécessaire et mettez tout le reste de côté.,1
money_C1_to_df_fire,state,"Parce que vous n’êtes pas centré, il est facile de changer vos décisions et votre énergie excitée peut dissiper votre calme et conduire à des erreurs mineures.",1
money_C1_to_df_water,intro,C’est un jour où votre base financière est sérieusement affaiblie et où toute dépense est risquée.,1
money_C1_to_df_water,effect,Une base financière instable peut entraîner des pertes continues.,1
money_C1_to_df_water,action,Dépensez simplement le minimum nécessaire et mettez tout le reste de côté.,1
money_C1_to_df_water,state,"Parce que vous n’êtes pas centré, il est facile de changer vos décisions, et l’énergie de la pluie et de la neige ne peut pas calmer vos émotions, ce qui rend votre cœur lourd.",1
money_C1_to_df_wood,intro,C’est un jour où votre base financière est sérieusement affaiblie et où toute dépense est risquée.,1
money_C1_to_df_wood,effect,Une base financière instable peut entraîner des pertes continues.,1
money_C1_to_df_wood,action,Dépensez simplement le minimum nécessaire et mettez tout le reste de côté.,1
money_C1_to_df_wood,state,"Parce que vous n’êtes pas centré, vos décisions peuvent facilement changer et l’énergie du changement peut continuer à interférer avec vos projets.",1
money_C1_to_ex_earth,intro,C’est un jour où votre base financière est sérieusement affaiblie et où toute dépense est risquée.,1
money_C1_to_ex_earth,effect,Une base financière instable peut entraîner des pertes continues.,1
money_C1_to_ex_earth,action,Dépensez simplement le minimum nécessaire et mettez tout le reste de côté.,1
money_C1_to_ex_earth,state,"Il est facile d’ignorer les changements qui nécessitent une orientation obstinée vers la stabilité, et une énergie trouble peut réduire la motivation et le jugement.",1
money_C1_to_ex_fire,intro,C’est un jour où votre base financière est sérieusement affaiblie et où toute dépense est risquée.,1
money_C1_to_ex_fire,effect,Une base financière instable peut entraîner des pertes continues.,1
money_C1_to_ex_fire,action,Dépensez simplement le minimum nécessaire et mettez tout le reste de côté.,1
money_C1_to_ex_fire,state,"Il est facile d'ignorer les changements qui nécessitent une stabilité obstinée, et une énergie excitée peut perturber le calme et conduire à des erreurs mineures.",1
money_C1_to_ex_water,intro,C’est un jour où votre base financière est sérieusement affaiblie et où toute dépense est risquée.,1
money_C1_to_ex_water,effect,Une base financière instable peut entraîner des pertes continues.,1
money_C1_to_ex_water,action,Dépensez simplement le minimum nécessaire et mettez tout le reste de côté.,1
money_C1_to_ex_water,state,"Il est facile d'ignorer les changements qui nécessitent une stabilité obstinée, et l'énergie de la pluie et de la neige peut ne pas calmer vos émotions, ce qui rend votre cœur lourd.",1
money_C1_to_ex_wood,intro,C’est un jour où votre base financière est sérieusement affaiblie et où toute dépense est risquée.,1
money_C1_to_ex_wood,effect,Une base financière instable peut entraîner des pertes continues.,1
money_C1_to_ex_wood,action,Dépensez simplement le minimum nécessaire et mettez tout le reste de côté.,1
money_C1_to_ex_wood,state,"Il est facile d’ignorer les changements qui nécessitent une orientation obstinée vers la stabilité, et l’énergie du changement peut continuer à interférer et à perturber vos plans.",1
money_D,intro,"L’énergie de la richesse est aujourd’hui complètement fermée, donc toute action financière doit être réduite au minimum.",1
money_D,intro,"Aujourd’hui, c’est une époque où les flux monétaires sont inversés, donc éviter autant que possible de dépenser est la priorité absolue.",1
money_D,effect,Vous devez rester vigilant car des dépenses importantes inattendues ou des pertes financières peuvent survenir.,1
money_D,effect,C’est un jour où le risque d’erreurs est élevé dans toutes les activités financières. Il est donc prudent de reporter autant que possible les transactions ou les paiements.,1
money_D,action,Il est préférable de fermer complètement votre portefeuille aujourd'hui et de reporter toutes les décisions financières à demain.,1
money_D,action,Ne dépensez jamais d’argent de manière imprévue et vérifiez simplement le solde de votre compte bancaire.,1
money_D_geum_df_earth,intro,C’est un jour où votre fortune financière est au plus bas et où toutes les décisions financières sont risquées.,1
money_D_geum_df_earth,effect,Votre jugement sur la richesse devient extrêmement obscur et tout choix que vous ferez entraînera une perte.,1
money_D_geum_df_earth,action,"Aujourd’hui, arrêtez complètement de faire quoi que ce soit qui touche à l’argent.",1
money_D_geum_df_earth,state,"Votre détermination peut être grandement brisée, et tout choix que vous faites peut entraîner des regrets, et l’énergie épaisse et trouble peut tout ralentir considérablement.",1
money_D_geum_df_fire,intro,C’est un jour où votre fortune financière est au plus bas et où toutes les décisions financières sont risquées.,1
money_D_geum_df_fire,effect,Votre jugement sur la richesse devient extrêmement obscur et tout choix que vous ferez entraînera une perte.,1
money_D_geum_df_fire,action,"Aujourd’hui, arrêtez complètement de faire quoi que ce soit qui touche à l’argent.",1
money_D_geum_df_fire,state,"La capacité de décision peut être considérablement affaiblie et tout choix peut conduire à des regrets, et un yang fort peut encourager les impulsions et conduire à des actions imprudentes.",1
money_D_geum_df_water,intro,C’est un jour où votre fortune financière est au plus bas et où toutes les décisions financières sont risquées.,1
money_D_geum_df_water,effect,Votre jugement sur la richesse devient extrêmement obscur et tout choix que vous ferez entraînera une perte.,1
money_D_geum_df_water,action,"Aujourd’hui, arrêtez complètement de faire quoi que ce soit qui touche à l’argent.",1
money_D_geum_df_water,state,"Votre détermination peut être grandement brisée et tout choix que vous faites peut entraîner des regrets, et la force des fortes pluies et de la neige peut ébranler violemment vos émotions, rendant difficile leur contrôle.",1
money_D_geum_df_wood,intro,C’est un jour où votre fortune financière est au plus bas et où toutes les décisions financières sont risquées.,1
money_D_geum_df_wood,effect,Votre jugement sur la richesse devient extrêmement obscur et tout choix que vous ferez entraînera une perte.,1
money_D_geum_df_wood,action,"Aujourd’hui, arrêtez complètement de faire quoi que ce soit qui touche à l’argent.",1
money_D_geum_df_wood,state,"Votre détermination peut être grandement brisée, tout choix que vous faites peut se terminer par des regrets et la féroce énergie du changement peut égarer toutes vos prédictions.",1
money_D_geum_ex_earth,intro,C’est un jour où votre fortune financière est au plus bas et où toutes les décisions financières sont risquées.,1
money_D_geum_ex_earth,effect,Votre jugement sur la richesse devient extrêmement obscur et tout choix que vous ferez entraînera une perte.,1
money_D_geum_ex_earth,action,"Aujourd’hui, arrêtez complètement de faire quoi que ce soit qui touche à l’argent.",1
money_D_geum_ex_earth,state,"Si la netteté va trop loin, cela peut créer une profonde rupture avec l’environnement, et l’épaisse énergie nuageuse peut tout ralentir considérablement.",1
money_D_geum_ex_fire,intro,C’est un jour où votre fortune financière est au plus bas et où toutes les décisions financières sont risquées.,1
money_D_geum_ex_fire,effect,Votre jugement sur la richesse devient extrêmement obscur et tout choix que vous ferez entraînera une perte.,1
money_D_geum_ex_fire,action,"Aujourd’hui, arrêtez complètement de faire quoi que ce soit qui touche à l’argent.",1
money_D_geum_ex_fire,state,"La netteté peut aller trop loin et créer de profondes divisions avec ceux qui vous entourent, et un yang fort peut encourager les impulsions et conduire à des actions imprudentes.",1
money_D_geum_ex_water,intro,C’est un jour où votre fortune financière est au plus bas et où toutes les décisions financières sont risquées.,1
money_D_geum_ex_water,effect,Votre jugement sur la richesse devient extrêmement obscur et tout choix que vous ferez entraînera une perte.,1
money_D_geum_ex_water,action,"Aujourd’hui, arrêtez complètement de faire quoi que ce soit qui touche à l’argent.",1
money_D_geum_ex_water,state,"La netteté peut aller trop loin et créer de profondes fissures avec l'environnement, et la force de fortes pluies et de neige peut ébranler violemment vos émotions, rendant difficile leur contrôle.",1
money_D_geum_ex_wood,intro,C’est un jour où votre fortune financière est au plus bas et où toutes les décisions financières sont risquées.,1
money_D_geum_ex_wood,effect,Votre jugement sur la richesse devient extrêmement obscur et tout choix que vous ferez entraînera une perte.,1
money_D_geum_ex_wood,action,"Aujourd’hui, arrêtez complètement de faire quoi que ce soit qui touche à l’argent.",1
money_D_geum_ex_wood,state,"La netteté peut aller trop loin et créer de profondes fissures avec l’environnement, et l’énergie féroce du changement peut égarer toutes les prédictions.",1
money_D_hwa_df_earth,intro,"C’est un jour où votre intuition financière peut être complètement bloquée, conduisant aux pires décisions.",1
money_D_hwa_df_earth,effect,Un mauvais sentiment de richesse crée des pertes irréversibles.,1
money_D_hwa_df_earth,action,Supprimez strictement vos impulsions liées au matériel et passez la journée.,1
money_D_hwa_df_earth,state,"La manière de transmettre ses sentiments est complètement fermée, ce qui peut aggraver les malentendus et la déconnexion, et l'énergie épaisse et trouble peut tout ralentir considérablement.",1
money_D_hwa_df_fire,intro,"C’est un jour où votre intuition financière peut être complètement bloquée, conduisant aux pires décisions.",1
money_D_hwa_df_fire,effect,Un mauvais sentiment de richesse crée des pertes irréversibles.,1
money_D_hwa_df_fire,action,Supprimez strictement vos impulsions liées au matériel et passez la journée.,1
money_D_hwa_df_fire,state,"La manière de communiquer ses sentiments est complètement fermée, ce qui peut aggraver les malentendus et la déconnexion, et une forte énergie positive peut encourager les impulsions et conduire à des actions imprudentes.",1
money_D_hwa_df_water,intro,"C’est un jour où votre intuition financière peut être complètement bloquée, conduisant aux pires décisions.",1
money_D_hwa_df_water,effect,Un mauvais sentiment de richesse crée des pertes irréversibles.,1
money_D_hwa_df_water,action,Supprimez strictement vos impulsions liées au matériel et passez la journée.,1
money_D_hwa_df_water,state,"La manière de communiquer ses sentiments est complètement fermée, ce qui peut aggraver les malentendus et la déconnexion, et la force des fortes pluies et de la neige peut ébranler violemment les émotions, rendant difficile leur contrôle.",1
money_D_hwa_df_wood,intro,"C’est un jour où votre intuition financière peut être complètement bloquée, conduisant aux pires décisions.",1
money_D_hwa_df_wood,effect,Un mauvais sentiment de richesse crée des pertes irréversibles.,1
money_D_hwa_df_wood,action,Supprimez strictement vos impulsions liées au matériel et passez la journée.,1
money_D_hwa_df_wood,state,"La manière de communiquer ses sentiments est complètement fermée, les malentendus et la déconnexion peuvent s'approfondir, et l'énergie féroce du changement peut égarer toutes les prédictions.",1
money_D_hwa_ex_earth,intro,"C’est un jour où votre intuition financière peut être complètement bloquée, conduisant aux pires décisions.",1
money_D_hwa_ex_earth,effect,Un mauvais sentiment de richesse crée des pertes irréversibles.,1
money_D_hwa_ex_earth,action,Supprimez strictement vos impulsions liées au matériel et passez la journée.,1
money_D_hwa_ex_earth,state,"Les émotions surchauffées peuvent se transformer en un conflit irréparable, et l’épaisse énergie nuageuse peut tout ralentir considérablement.",1
money_D_hwa_ex_fire,intro,"C’est un jour où votre intuition financière peut être complètement bloquée, conduisant aux pires décisions.",1
money_D_hwa_ex_fire,effect,Un mauvais sentiment de richesse crée des pertes irréversibles.,1
money_D_hwa_ex_fire,action,Supprimez strictement vos impulsions liées au matériel et passez la journée.,1
money_D_hwa_ex_fire,state,"Des émotions surchauffées peuvent conduire à des conflits irréversibles, et un yang fort peut encourager les impulsions et conduire à des actions imprudentes.",1
money_D_hwa_ex_water,intro,"C’est un jour où votre intuition financière peut être complètement bloquée, conduisant aux pires décisions.",1
money_D_hwa_ex_water,effect,Un mauvais sentiment de richesse crée des pertes irréversibles.,1
money_D_hwa_ex_water,action,Supprimez strictement vos impulsions liées au matériel et passez la journée.,1
money_D_hwa_ex_water,state,"Les émotions surchauffées peuvent se transformer en un conflit irréparable, et la force des fortes pluies et de la neige secoue violemment les émotions, rendant le contrôle difficile.",1
money_D_hwa_ex_wood,intro,"C’est un jour où votre intuition financière peut être complètement bloquée, conduisant aux pires décisions.",1
money_D_hwa_ex_wood,effect,Un mauvais sentiment de richesse crée des pertes irréversibles.,1
money_D_hwa_ex_wood,action,Supprimez strictement vos impulsions liées au matériel et passez la journée.,1
money_D_hwa_ex_wood,state,"Des émotions surchauffées peuvent se transformer en un conflit irréparable, et l’énergie féroce du changement peut égarer toutes les prédictions.",1
money_D_mok_df_earth,intro,C’est un jour où l’expansion de la richesse est complètement bloquée et où seules les pertes augmentent.,1
money_D_mok_df_earth,effect,Toute tentative de s’enrichir se retourne contre nous et aggrave la situation.,1
money_D_mok_df_earth,action,Arrêtez toutes les activités matérielles aujourd’hui et faites des plans pour demain.,1
money_D_mok_df_earth,state,"La peur peut complètement vous empêcher d’agir et même vous faire perdre des opportunités, et l’épaisse énergie nuageuse peut tout ralentir considérablement.",1
money_D_mok_df_fire,intro,C’est un jour où l’expansion de la richesse est complètement bloquée et où seules les pertes augmentent.,1
money_D_mok_df_fire,effect,Toute tentative de s’enrichir se retourne contre nous et aggrave la situation.,1
money_D_mok_df_fire,action,Arrêtez toutes les activités matérielles aujourd’hui et faites des plans pour demain.,1
money_D_mok_df_fire,state,"La peur peut arrêter complètement une action et même entraîner une perte d’opportunités, et une forte énergie positive peut encourager les impulsions et conduire à des actions imprudentes.",1
money_D_mok_df_water,intro,C’est un jour où l’expansion de la richesse est complètement bloquée et où seules les pertes augmentent.,1
money_D_mok_df_water,effect,Toute tentative de s’enrichir se retourne contre nous et aggrave la situation.,1
money_D_mok_df_water,action,Arrêtez toutes les activités matérielles aujourd’hui et faites des plans pour demain.,1
money_D_mok_df_water,state,"La peur peut vous empêcher complètement d’agir et même vous faire perdre des opportunités, et la force des fortes pluies et de la neige peut tellement ébranler vos émotions qu’il devient difficile de les contrôler.",1
money_D_mok_df_wood,intro,C’est un jour où l’expansion de la richesse est complètement bloquée et où seules les pertes augmentent.,1
money_D_mok_df_wood,effect,Toute tentative de s’enrichir se retourne contre nous et aggrave la situation.,1
money_D_mok_df_wood,action,Arrêtez toutes les activités matérielles aujourd’hui et faites des plans pour demain.,1
money_D_mok_df_wood,state,"La peur peut arrêter complètement l’action et même conduire à la perte d’opportunités, et l’énergie féroce du changement peut égarer toutes les prédictions.",1
money_D_mok_ex_earth,intro,C’est un jour où l’expansion de la richesse est complètement bloquée et où seules les pertes augmentent.,1
money_D_mok_ex_earth,effect,Toute tentative de s’enrichir se retourne contre nous et aggrave la situation.,1
money_D_mok_ex_earth,action,Arrêtez toutes les activités matérielles aujourd’hui et faites des plans pour demain.,1
money_D_mok_ex_earth,state,"Une motivation incontrôlable peut conduire à des accidents déraisonnables, et une énergie nuageuse et épaisse peut tout ralentir considérablement.",1
money_D_mok_ex_fire,intro,C’est un jour où l’expansion de la richesse est complètement bloquée et où seules les pertes augmentent.,1
money_D_mok_ex_fire,effect,Toute tentative de s’enrichir se retourne contre nous et aggrave la situation.,1
money_D_mok_ex_fire,action,Arrêtez toutes les activités matérielles aujourd’hui et faites des plans pour demain.,1
money_D_mok_ex_fire,state,"Une motivation incontrôlable peut conduire à des accidents déraisonnables, et une forte énergie positive peut encourager les impulsions et conduire à des actions imprudentes.",1
money_D_mok_ex_water,intro,C’est un jour où l’expansion de la richesse est complètement bloquée et où seules les pertes augmentent.,1
money_D_mok_ex_water,effect,Toute tentative de s’enrichir se retourne contre nous et aggrave la situation.,1
money_D_mok_ex_water,action,Arrêtez toutes les activités matérielles aujourd’hui et faites des plans pour demain.,1
money_D_mok_ex_water,state,"Une motivation incontrôlable peut conduire à des accidents déraisonnables, et la force des fortes pluies et de la neige peut ébranler violemment les émotions, rendant le contrôle difficile.",1
money_D_mok_ex_wood,intro,C’est un jour où l’expansion de la richesse est complètement bloquée et où seules les pertes augmentent.,1
money_D_mok_ex_wood,effect,Toute tentative de s’enrichir se retourne contre nous et aggrave la situation.,1
money_D_mok_ex_wood,action,Arrêtez toutes les activités matérielles aujourd’hui et faites des plans pour demain.,1
money_D_mok_ex_wood,state,"Une motivation incontrôlable peut conduire à une réflexion déraisonnable, et l’énergie féroce du changement peut égarer toutes les prédictions.",1
money_D_su_df_earth,intro,C’est un jour où le flux des richesses est complètement bloqué et où il n’y a ni timing ni opportunité.,1
money_D_su_df_earth,effect,"Le timing de toutes les décisions financières est erroné, produisant les pires résultats.",1
money_D_su_df_earth,action,Arrêtez tous vos projets financiers et attendez la reprise.,1
money_D_su_df_earth,state,"Une attitude rigide bloque tout flux, rendant la progression difficile, et une énergie épaisse et trouble peut tout ralentir considérablement.",1
money_D_su_df_fire,intro,C’est un jour où le flux des richesses est complètement bloqué et où il n’y a ni timing ni opportunité.,1
money_D_su_df_fire,effect,"Le timing de toutes les décisions financières est erroné, produisant les pires résultats.",1
money_D_su_df_fire,action,Arrêtez tous vos projets financiers et attendez la reprise.,1
money_D_su_df_fire,state,"Une attitude rigide bloque tout flux, rendant les progrès difficiles, et une forte énergie positive peut encourager les impulsions et conduire à des actions imprudentes.",1
money_D_su_df_water,intro,C’est un jour où le flux des richesses est complètement bloqué et où il n’y a ni timing ni opportunité.,1
money_D_su_df_water,effect,"Le timing de toutes les décisions financières est erroné, produisant les pires résultats.",1
money_D_su_df_water,action,Arrêtez tous vos projets financiers et attendez la reprise.,1
money_D_su_df_water,state,"Une attitude rigide bloque tout flux, rendant la progression difficile, et la force des fortes pluies et de la neige secoue violemment les émotions, rendant le contrôle difficile.",1
money_D_su_df_wood,intro,C’est un jour où le flux des richesses est complètement bloqué et où il n’y a ni timing ni opportunité.,1
money_D_su_df_wood,effect,"Le timing de toutes les décisions financières est erroné, produisant les pires résultats.",1
money_D_su_df_wood,action,Arrêtez tous vos projets financiers et attendez la reprise.,1
money_D_su_df_wood,state,"Une attitude rigide bloque tout flux, rendant les progrès difficiles, et l’énergie féroce du changement peut égarer toutes les prédictions.",1
money_D_su_ex_earth,intro,C’est un jour où le flux des richesses est complètement bloqué et où il n’y a ni timing ni opportunité.,1
money_D_su_ex_earth,effect,"Le timing de toutes les décisions financières est erroné, produisant les pires résultats.",1
money_D_su_ex_earth,action,Arrêtez tous vos projets financiers et attendez la reprise.,1
money_D_su_ex_earth,state,"Le torrent d’émotions peut submerger la raison et conduire à de grosses erreurs, et l’énergie épaisse et trouble peut tout ralentir considérablement.",1
money_D_su_ex_fire,intro,C’est un jour où le flux des richesses est complètement bloqué et où il n’y a ni timing ni opportunité.,1
money_D_su_ex_fire,effect,"Le timing de toutes les décisions financières est erroné, produisant les pires résultats.",1
money_D_su_ex_fire,action,Arrêtez tous vos projets financiers et attendez la reprise.,1
money_D_su_ex_fire,state,"Un torrent d’émotions peut submerger la raison et conduire à de graves erreurs, et une forte énergie positive peut encourager les impulsions et conduire à des actions imprudentes.",1
money_D_su_ex_water,intro,C’est un jour où le flux des richesses est complètement bloqué et où il n’y a ni timing ni opportunité.,1
money_D_su_ex_water,effect,"Le timing de toutes les décisions financières est erroné, produisant les pires résultats.",1
money_D_su_ex_water,action,Arrêtez tous vos projets financiers et attendez la reprise.,1
money_D_su_ex_water,state,"Un torrent d’émotions peut submerger la raison et conduire à de graves erreurs, et la force de fortes pluies et de fortes chutes de neige peut ébranler violemment les émotions, rendant difficile leur contrôle.",1
money_D_su_ex_wood,intro,C’est un jour où le flux des richesses est complètement bloqué et où il n’y a ni timing ni opportunité.,1
money_D_su_ex_wood,effect,"Le timing de toutes les décisions financières est erroné, produisant les pires résultats.",1
money_D_su_ex_wood,action,Arrêtez tous vos projets financiers et attendez la reprise.,1
money_D_su_ex_wood,state,"Le torrent d’émotions peut submerger la raison et conduire à de graves erreurs, et l’énergie féroce du changement peut égarer toutes les prédictions.",1
money_D_to_df_earth,intro,"Votre fondation financière s’est complètement effondrée, donc toute action financière aujourd’hui est risquée.",1
money_D_to_df_earth,effect,Une situation financière instable entraîne des pertes extrêmes.,1
money_D_to_df_earth,action,"Aujourd’hui, arrêtez complètement de prendre des décisions financières et concentrez-vous sur la recherche de la stabilité.",1
money_D_to_df_earth,state,"Vous pouvez complètement perdre l’équilibre et tout peut devenir incontrôlable, et l’épaisse énergie nuageuse peut tout ralentir considérablement.",1
money_D_to_df_fire,intro,"Votre fondation financière s’est complètement effondrée, donc toute action financière aujourd’hui est risquée.",1
money_D_to_df_fire,effect,Une situation financière instable entraîne des pertes extrêmes.,1
money_D_to_df_fire,action,"Aujourd’hui, arrêtez complètement de prendre des décisions financières et concentrez-vous sur la recherche de la stabilité.",1
money_D_to_df_fire,state,"Si vous perdez complètement l’équilibre, tout peut devenir incontrôlable et une forte énergie yang peut encourager les impulsions et vous conduire à des actions imprudentes.",1
money_D_to_df_water,intro,"Votre fondation financière s’est complètement effondrée, donc toute action financière aujourd’hui est risquée.",1
money_D_to_df_water,effect,Une situation financière instable entraîne des pertes extrêmes.,1
money_D_to_df_water,action,"Aujourd’hui, arrêtez complètement de prendre des décisions financières et concentrez-vous sur la recherche de la stabilité.",1
money_D_to_df_water,state,"Vous pouvez complètement perdre l’équilibre et tout peut devenir incontrôlable, et la force des fortes pluies et de la neige peut tellement ébranler vos émotions qu’il devient difficile de les contrôler.",1
money_D_to_df_wood,intro,"Votre fondation financière s’est complètement effondrée, donc toute action financière aujourd’hui est risquée.",1
money_D_to_df_wood,effect,Une situation financière instable entraîne des pertes extrêmes.,1
money_D_to_df_wood,action,"Aujourd’hui, arrêtez complètement de prendre des décisions financières et concentrez-vous sur la recherche de la stabilité.",1
money_D_to_df_wood,state,"Si vous perdez complètement l’équilibre, tout peut devenir incontrôlable et la violente énergie du changement peut fausser toutes vos prédictions.",1
money_D_to_ex_earth,intro,"Votre fondation financière s’est complètement effondrée, donc toute action financière aujourd’hui est risquée.",1
money_D_to_ex_earth,effect,Une situation financière instable entraîne des pertes extrêmes.,1
money_D_to_ex_earth,action,"Aujourd’hui, arrêtez complètement de prendre des décisions financières et concentrez-vous sur la recherche de la stabilité.",1
money_D_to_ex_earth,state,"Le refus du changement peut aggraver une crise et rendre la reprise difficile, et une atmosphère épaisse et trouble peut tout ralentir considérablement.",1
money_D_to_ex_fire,intro,"Votre fondation financière s’est complètement effondrée, donc toute action financière aujourd’hui est risquée.",1
money_D_to_ex_fire,effect,Une situation financière instable entraîne des pertes extrêmes.,1
money_D_to_ex_fire,action,"Aujourd’hui, arrêtez complètement de prendre des décisions financières et concentrez-vous sur la recherche de la stabilité.",1
money_D_to_ex_fire,state,"Le refus du changement peut aggraver la crise et rendre la reprise difficile, et une forte énergie positive peut encourager les impulsions et conduire à des actions imprudentes.",1
money_D_to_ex_water,intro,"Votre fondation financière s’est complètement effondrée, donc toute action financière aujourd’hui est risquée.",1
money_D_to_ex_water,effect,Une situation financière instable entraîne des pertes extrêmes.,1
money_D_to_ex_water,action,"Aujourd’hui, arrêtez complètement de prendre des décisions financières et concentrez-vous sur la recherche de la stabilité.",1
money_D_to_ex_water,state,"Le refus du changement peut aggraver la crise et rendre la reprise difficile, et la force des fortes pluies et de la neige peut ébranler violemment les émotions, rendant le contrôle difficile.",1
money_D_to_ex_wood,intro,"Votre fondation financière s’est complètement effondrée, donc toute action financière aujourd’hui est risquée.",1
money_D_to_ex_wood,effect,Une situation financière instable entraîne des pertes extrêmes.,1
money_D_to_ex_wood,action,"Aujourd’hui, arrêtez complètement de prendre des décisions financières et concentrez-vous sur la recherche de la stabilité.",1
money_D_to_ex_wood,state,"Le refus du changement peut aggraver une crise et rendre la reprise difficile, et l’énergie féroce du changement peut fausser toutes les prédictions.",1
work_A,intro,"Aujourd'hui est le jour où votre chance professionnelle s'ouvre, vos efforts sont reconnus et des opportunités se présentent à vous.",1
work_A,intro,Aujourd’hui est le jour où votre énergie de travail sera à son meilleur et où vous pourrez tout accomplir.,1
work_A,effect,"Vous pouvez obtenir des résultats avec une concentration élevée, et le soutien de votre entourage s’ensuit naturellement.",1
work_A,effect,Vous obtiendrez des résultats exceptionnels grâce à votre travail aujourd’hui et votre confiance et votre évaluation augmenteront.,1
work_A,action,Fixez-vous des objectifs plus élevés que d’habitude et poursuivez-les avec audace.,1
work_A,action,"Si vous gérez les tâches clés tôt, la fortune d'aujourd'hui doublera vos performances.",1
work_A_geum_df_earth,intro,C’est un jour où votre capacité de travail est à son apogée et où vous pouvez gérer n’importe quelle tâche avec clarté.,1
work_A_geum_df_earth,effect,Une forte concentration au travail maximise les performances.,1
work_A_geum_df_earth,action,Agissez dès maintenant sur les tâches importantes.,1
work_A_geum_df_earth,state,"Un jugement calme augmente la prudence, conduisant à une vision profonde, et une énergie calme augmente la prudence, conduisant à de bons résultats.",1
work_A_geum_df_fire,intro,C’est un jour où votre capacité de travail est à son apogée et où vous pouvez gérer n’importe quelle tâche avec clarté.,1
work_A_geum_df_fire,effect,Une forte concentration au travail maximise les performances.,1
work_A_geum_df_fire,action,Agissez dès maintenant sur les tâches importantes.,1
work_A_geum_df_fire,state,"Un jugement calme augmente la prudence, conduit à une vision profonde, et une énergie claire augmente la vitalité et crée un bon flux.",1
work_A_geum_df_water,intro,C’est un jour où votre capacité de travail est à son apogée et où vous pouvez gérer n’importe quelle tâche avec clarté.,1
work_A_geum_df_water,effect,Une forte concentration au travail maximise les performances.,1
work_A_geum_df_water,action,Agissez dès maintenant sur les tâches importantes.,1
work_A_geum_df_water,state,"Un jugement calme augmente la prudence et conduit à une vision profonde, tandis qu'une énergie humide affine profondément l'esprit et ouvre une vision claire.",1
work_A_geum_df_wood,intro,C’est un jour où votre capacité de travail est à son apogée et où vous pouvez gérer n’importe quelle tâche avec clarté.,1
work_A_geum_df_wood,effect,Une forte concentration au travail maximise les performances.,1
work_A_geum_df_wood,action,Agissez dès maintenant sur les tâches importantes.,1
work_A_geum_df_wood,state,"Un jugement calme augmente la prudence, conduit à une vision profonde et une énergie dynamique ouvre de nouvelles possibilités.",1
work_A_geum_ex_earth,intro,C’est un jour où votre capacité de travail est à son apogée et où vous pouvez gérer n’importe quelle tâche avec clarté.,1
work_A_geum_ex_earth,effect,Une forte concentration au travail maximise les performances.,1
work_A_geum_ex_earth,action,Agissez dès maintenant sur les tâches importantes.,1
work_A_geum_ex_earth,state,"Un jugement pointu pénètre jusqu'au cœur et conduit à des conclusions claires, et une énergie calme augmente la prudence, conduisant à de bons résultats.",1
work_A_geum_ex_fire,intro,C’est un jour où votre capacité de travail est à son apogée et où vous pouvez gérer n’importe quelle tâche avec clarté.,1
work_A_geum_ex_fire,effect,Une forte concentration au travail maximise les performances.,1
work_A_geum_ex_fire,action,Agissez dès maintenant sur les tâches importantes.,1
work_A_geum_ex_fire,state,"Un jugement pointu pénètre au cœur et tire des conclusions claires, et une énergie claire stimule la vitalité et crée un bon flux.",1
work_A_geum_ex_water,intro,C’est un jour où votre capacité de travail est à son apogée et où vous pouvez gérer n’importe quelle tâche avec clarté.,1
work_A_geum_ex_water,effect,Une forte concentration au travail maximise les performances.,1
work_A_geum_ex_water,action,Agissez dès maintenant sur les tâches importantes.,1
work_A_geum_ex_water,state,"Un jugement pointu pénètre au cœur et tire des conclusions claires, et l'énergie humide affine profondément l'esprit et ouvre une vision claire.",1
work_A_geum_ex_wood,intro,C’est un jour où votre capacité de travail est à son apogée et où vous pouvez gérer n’importe quelle tâche avec clarté.,1
work_A_geum_ex_wood,effect,Une forte concentration au travail maximise les performances.,1
work_A_geum_ex_wood,action,Agissez dès maintenant sur les tâches importantes.,1
work_A_geum_ex_wood,state,"Un jugement pointu pénètre jusqu'au cœur et tire des conclusions claires, et l'énergie dynamique ouvre de nouvelles possibilités.",1
work_A_hwa_df_earth,intro,C’est un jour où vous débordez de passion et où votre motivation au travail est à son apogée.,1
work_A_hwa_df_earth,effect,"Parce que vous êtes plein d’énergie, même les tâches difficiles sont résolues rapidement.",1
work_A_hwa_df_earth,action,Commencez par les tâches les plus difficiles et créez une dynamique.,1
work_A_hwa_df_earth,state,"Un moi intérieur calme vous donne le pouvoir d’exprimer pleinement votre sincérité, et une énergie calme augmente la prudence, conduisant à de bons résultats.",1
work_A_hwa_df_fire,intro,C’est un jour où vous débordez de passion et où votre motivation au travail est à son apogée.,1
work_A_hwa_df_fire,effect,"Parce que vous êtes plein d’énergie, même les tâches difficiles sont résolues rapidement.",1
work_A_hwa_df_fire,action,Commencez par les tâches les plus difficiles et créez une dynamique.,1
work_A_hwa_df_fire,state,"Un moi intérieur calme vous donne le pouvoir d’exprimer pleinement votre sincérité, et une énergie claire stimule votre vitalité et crée un bon flux.",1
work_A_hwa_df_water,intro,C’est un jour où vous débordez de passion et où votre motivation au travail est à son apogée.,1
work_A_hwa_df_water,effect,"Parce que vous êtes plein d’énergie, même les tâches difficiles sont résolues rapidement.",1
work_A_hwa_df_water,action,Commencez par les tâches les plus difficiles et créez une dynamique.,1
work_A_hwa_df_water,state,"Un moi intérieur calme vous donne le pouvoir d’exprimer pleinement vos vrais sentiments, et une énergie humide affine profondément votre esprit et ouvre une vision claire.",1
work_A_hwa_df_wood,intro,C’est un jour où vous débordez de passion et où votre motivation au travail est à son apogée.,1
work_A_hwa_df_wood,effect,"Parce que vous êtes plein d’énergie, même les tâches difficiles sont résolues rapidement.",1
work_A_hwa_df_wood,action,Commencez par les tâches les plus difficiles et créez une dynamique.,1
work_A_hwa_df_wood,state,Un moi intérieur calme vous donne le pouvoir d’exprimer pleinement votre sincérité et une énergie dynamique ouvre de nouvelles possibilités.,1
work_A_hwa_ex_earth,intro,C’est un jour où vous débordez de passion et où votre motivation au travail est à son apogée.,1
work_A_hwa_ex_earth,effect,"Parce que vous êtes plein d’énergie, même les tâches difficiles sont résolues rapidement.",1
work_A_hwa_ex_earth,action,Commencez par les tâches les plus difficiles et créez une dynamique.,1
work_A_hwa_ex_earth,state,"Une passion débordante augmente considérablement l'élan et crée un bon flux, et une énergie calme augmente la prudence, conduisant à de bons résultats.",1
work_A_hwa_ex_fire,intro,C’est un jour où vous débordez de passion et où votre motivation au travail est à son apogée.,1
work_A_hwa_ex_fire,effect,"Parce que vous êtes plein d’énergie, même les tâches difficiles sont résolues rapidement.",1
work_A_hwa_ex_fire,action,Commencez par les tâches les plus difficiles et créez une dynamique.,1
work_A_hwa_ex_fire,state,"Une passion débordante augmente considérablement la force motrice et crée un bon flux, et une énergie claire augmente la vitalité et crée un bon flux.",1
work_A_hwa_ex_water,intro,C’est un jour où vous débordez de passion et où votre motivation au travail est à son apogée.,1
work_A_hwa_ex_water,effect,"Parce que vous êtes plein d’énergie, même les tâches difficiles sont résolues rapidement.",1
work_A_hwa_ex_water,action,Commencez par les tâches les plus difficiles et créez une dynamique.,1
work_A_hwa_ex_water,state,"La passion débordante augmente considérablement la force motrice et crée un bon flux, et l'énergie humide affine profondément l'esprit et ouvre une vision claire.",1
work_A_hwa_ex_wood,intro,C’est un jour où vous débordez de passion et où votre motivation au travail est à son apogée.,1
work_A_hwa_ex_wood,effect,"Parce que vous êtes plein d’énergie, même les tâches difficiles sont résolues rapidement.",1
work_A_hwa_ex_wood,action,Commencez par les tâches les plus difficiles et créez une dynamique.,1
work_A_hwa_ex_wood,state,"Une passion débordante augmente considérablement la force motrice, créant un bon flux, et l'énergie dynamique ouvre de nouvelles possibilités.",1
work_A_mok_df_earth,intro,C’est un jour où votre énergie de croissance au travail devient active et où vous vous démarquez dans un nouveau rôle.,1
work_A_mok_df_earth,effect,Les capacités étendues élargissent la portée du travail et augmentent les performances.,1
work_A_mok_df_earth,action,Acceptez de nouveaux projets ou rôles en toute confiance.,1
work_A_mok_df_earth,state,"Une approche prudente crée en fait un bon départ, et une énergie calme augmente la prudence, conduisant à de bons résultats.",1
work_A_mok_df_fire,intro,C’est un jour où votre énergie de croissance au travail devient active et où vous vous démarquez dans un nouveau rôle.,1
work_A_mok_df_fire,effect,Les capacités étendues élargissent la portée du travail et augmentent les performances.,1
work_A_mok_df_fire,action,Acceptez de nouveaux projets ou rôles en toute confiance.,1
work_A_mok_df_fire,state,"Une approche prudente crée en fait un bon départ, et une énergie claire stimule la vitalité et crée un bon flux.",1
work_A_mok_df_water,intro,C’est un jour où votre énergie de croissance au travail devient active et où vous vous démarquez dans un nouveau rôle.,1
work_A_mok_df_water,effect,Les capacités étendues élargissent la portée du travail et augmentent les performances.,1
work_A_mok_df_water,action,Acceptez de nouveaux projets ou rôles en toute confiance.,1
work_A_mok_df_water,state,"Une approche prudente crée en fait un bon départ, et l’énergie humide affine profondément l’esprit et ouvre une vision claire.",1
work_A_mok_df_wood,intro,C’est un jour où votre énergie de croissance au travail devient active et où vous vous démarquez dans un nouveau rôle.,1
work_A_mok_df_wood,effect,Les capacités étendues élargissent la portée du travail et augmentent les performances.,1
work_A_mok_df_wood,action,Acceptez de nouveaux projets ou rôles en toute confiance.,1
work_A_mok_df_wood,state,Une approche prudente crée un bon départ et une énergie dynamique ouvre de nouvelles possibilités.,1
work_A_mok_ex_earth,intro,C’est un jour où votre énergie de croissance au travail devient active et où vous vous démarquez dans un nouveau rôle.,1
work_A_mok_ex_earth,effect,Les capacités étendues élargissent la portée du travail et augmentent les performances.,1
work_A_mok_ex_earth,action,Acceptez de nouveaux projets ou rôles en toute confiance.,1
work_A_mok_ex_earth,state,"Une forte volonté ouvre activement de nouvelles opportunités et une énergie calme augmente la prudence, conduisant à de bons résultats.",1
work_A_mok_ex_fire,intro,C’est un jour où votre énergie de croissance au travail devient active et où vous vous démarquez dans un nouveau rôle.,1
work_A_mok_ex_fire,effect,Les capacités étendues élargissent la portée du travail et augmentent les performances.,1
work_A_mok_ex_fire,action,Acceptez de nouveaux projets ou rôles en toute confiance.,1
work_A_mok_ex_fire,state,"Une forte volonté ouvre activement de nouvelles opportunités, et une énergie claire augmente la vitalité et crée une bonne circulation.",1
work_A_mok_ex_water,intro,C’est un jour où votre énergie de croissance au travail devient active et où vous vous démarquez dans un nouveau rôle.,1
work_A_mok_ex_water,effect,Les capacités étendues élargissent la portée du travail et augmentent les performances.,1
work_A_mok_ex_water,action,Acceptez de nouveaux projets ou rôles en toute confiance.,1
work_A_mok_ex_water,state,"Une forte volonté ouvre activement de nouvelles opportunités, et l’énergie humide affine profondément l’esprit et ouvre une vision claire.",1
work_A_mok_ex_wood,intro,C’est un jour où votre énergie de croissance au travail devient active et où vous vous démarquez dans un nouveau rôle.,1
work_A_mok_ex_wood,effect,Les capacités étendues élargissent la portée du travail et augmentent les performances.,1
work_A_mok_ex_wood,action,Acceptez de nouveaux projets ou rôles en toute confiance.,1
work_A_mok_ex_wood,state,Une forte volonté ouvre activement de nouvelles opportunités et une énergie dynamique ouvre de nouvelles possibilités.,1
work_A_su_df_earth,intro,C'est un jour où les flux de travail sont naturellement connectés et où la collaboration se déroule sans interruption.,1
work_A_su_df_earth,effect,Une communication fluide augmente l’efficacité du travail et accélère les résultats.,1
work_A_su_df_earth,action,Accélérez votre travail en tirant parti de la collaboration avec votre équipe.,1
work_A_su_df_earth,state,"Un centre solide vous aide à maintenir votre direction sans vaciller, et une énergie calme augmente la prudence, conduisant à de bons résultats.",1
work_A_su_df_fire,intro,C'est un jour où les flux de travail sont naturellement connectés et où la collaboration se déroule sans interruption.,1
work_A_su_df_fire,effect,Une communication fluide augmente l’efficacité du travail et accélère les résultats.,1
work_A_su_df_fire,action,Accélérez votre travail en tirant parti de la collaboration avec votre équipe.,1
work_A_su_df_fire,state,"Un centre solide vous maintient dans la bonne direction sans vaciller, et une énergie claire stimule votre vitalité et crée un bon flux.",1
work_A_su_df_water,intro,C'est un jour où les flux de travail sont naturellement connectés et où la collaboration se déroule sans interruption.,1
work_A_su_df_water,effect,Une communication fluide augmente l’efficacité du travail et accélère les résultats.,1
work_A_su_df_water,action,Accélérez votre travail en tirant parti de la collaboration avec votre équipe.,1
work_A_su_df_water,state,"Un centre solide vous aide à garder votre direction sans vaciller, et l’énergie humide affine profondément votre esprit et ouvre une vision claire.",1
work_A_su_df_wood,intro,C'est un jour où les flux de travail sont naturellement connectés et où la collaboration se déroule sans interruption.,1
work_A_su_df_wood,effect,Une communication fluide augmente l’efficacité du travail et accélère les résultats.,1
work_A_su_df_wood,action,Accélérez votre travail en tirant parti de la collaboration avec votre équipe.,1
work_A_su_df_wood,state,Un centre solide maintient la direction sans vaciller et l'énergie dynamique ouvre de nouvelles possibilités.,1
work_A_su_ex_earth,intro,C'est un jour où les flux de travail sont naturellement connectés et où la collaboration se déroule sans interruption.,1
work_A_su_ex_earth,effect,Une communication fluide augmente l’efficacité du travail et accélère les résultats.,1
work_A_su_ex_earth,action,Accélérez votre travail en tirant parti de la collaboration avec votre équipe.,1
work_A_su_ex_earth,state,"Une sensibilité riche conduit à une vision profonde et aide au bon jugement, et une énergie calme augmente la prudence, conduisant à de bons résultats.",1
work_A_su_ex_fire,intro,C'est un jour où les flux de travail sont naturellement connectés et où la collaboration se déroule sans interruption.,1
work_A_su_ex_fire,effect,Une communication fluide augmente l’efficacité du travail et accélère les résultats.,1
work_A_su_ex_fire,action,Accélérez votre travail en tirant parti de la collaboration avec votre équipe.,1
work_A_su_ex_fire,state,"Une sensibilité riche conduit à une vision profonde et aide à prendre de bonnes décisions, et une énergie claire augmente la vitalité et crée un bon flux.",1
work_A_su_ex_water,intro,C'est un jour où les flux de travail sont naturellement connectés et où la collaboration se déroule sans interruption.,1
work_A_su_ex_water,effect,Une communication fluide augmente l’efficacité du travail et accélère les résultats.,1
work_A_su_ex_water,action,Accélérez votre travail en tirant parti de la collaboration avec votre équipe.,1
work_A_su_ex_water,state,"Une sensibilité riche conduit à une vision profonde et aide au bon jugement, et l’énergie humide affine profondément l’esprit et ouvre une vision claire.",1
work_A_su_ex_wood,intro,C'est un jour où les flux de travail sont naturellement connectés et où la collaboration se déroule sans interruption.,1
work_A_su_ex_wood,effect,Une communication fluide augmente l’efficacité du travail et accélère les résultats.,1
work_A_su_ex_wood,action,Accélérez votre travail en tirant parti de la collaboration avec votre équipe.,1
work_A_su_ex_wood,state,"Une sensibilité riche conduit à une vision profonde et aide à prendre de bonnes décisions, et une énergie dynamique ouvre de nouvelles possibilités.",1
work_A_to_df_earth,intro,C’est un jour où la stabilité du travail est à son plus haut niveau et où vous n’êtes ébranlé dans aucun environnement.,1
work_A_to_df_earth,effect,Une base de travail stable réduit les erreurs et améliore la qualité.,1
work_A_to_df_earth,action,Augmentez le niveau de réalisation en misant sur un travail de finition minutieux.,1
work_A_to_df_earth,state,"Une attitude flexible vous permet d'accepter naturellement les nouvelles tendances, et une énergie calme augmente la prudence, conduisant à de bons résultats.",1
work_A_to_df_fire,intro,C’est un jour où la stabilité du travail est à son plus haut niveau et où vous n’êtes ébranlé dans aucun environnement.,1
work_A_to_df_fire,effect,Une base de travail stable réduit les erreurs et améliore la qualité.,1
work_A_to_df_fire,action,Augmentez le niveau de réalisation en misant sur un travail de finition minutieux.,1
work_A_to_df_fire,state,"Une attitude flexible vous permet d’accepter naturellement les nouvelles tendances, et une énergie claire augmente la vitalité et crée une bonne circulation.",1
work_A_to_df_water,intro,C’est un jour où la stabilité du travail est à son plus haut niveau et où vous n’êtes ébranlé dans aucun environnement.,1
work_A_to_df_water,effect,Une base de travail stable réduit les erreurs et améliore la qualité.,1
work_A_to_df_water,action,Augmentez le niveau de réalisation en misant sur un travail de finition minutieux.,1
work_A_to_df_water,state,"Une attitude flexible vous permet d’accepter naturellement les nouvelles tendances, et l’énergie humide affine profondément votre esprit et ouvre une vision claire.",1
work_A_to_df_wood,intro,C’est un jour où la stabilité du travail est à son plus haut niveau et où vous n’êtes ébranlé dans aucun environnement.,1
work_A_to_df_wood,effect,Une base de travail stable réduit les erreurs et améliore la qualité.,1
work_A_to_df_wood,action,Augmentez le niveau de réalisation en misant sur un travail de finition minutieux.,1
work_A_to_df_wood,state,"Une attitude flexible vous permet d'accepter naturellement les nouvelles tendances, et une énergie dynamique ouvre de nouvelles possibilités.",1
work_A_to_ex_earth,intro,C’est un jour où la stabilité du travail est à son plus haut niveau et où vous n’êtes ébranlé dans aucun environnement.,1
work_A_to_ex_earth,effect,Une base de travail stable réduit les erreurs et améliore la qualité.,1
work_A_to_ex_earth,action,Augmentez le niveau de réalisation en misant sur un travail de finition minutieux.,1
work_A_to_ex_earth,state,"Un fort sentiment de stabilité devient une base solide pour tout, et une énergie calme augmente la prudence, conduisant à de bons résultats.",1
work_A_to_ex_fire,intro,C’est un jour où la stabilité du travail est à son plus haut niveau et où vous n’êtes ébranlé dans aucun environnement.,1
work_A_to_ex_fire,effect,Une base de travail stable réduit les erreurs et améliore la qualité.,1
work_A_to_ex_fire,action,Augmentez le niveau de réalisation en misant sur un travail de finition minutieux.,1
work_A_to_ex_fire,state,"Un fort sentiment de stabilité devient une base solide pour tout, et une énergie claire stimule la vitalité et crée une bonne circulation.",1
work_A_to_ex_water,intro,C’est un jour où la stabilité du travail est à son plus haut niveau et où vous n’êtes ébranlé dans aucun environnement.,1
work_A_to_ex_water,effect,Une base de travail stable réduit les erreurs et améliore la qualité.,1
work_A_to_ex_water,action,Augmentez le niveau de réalisation en misant sur un travail de finition minutieux.,1
work_A_to_ex_water,state,"Un fort sentiment de stabilité devient une base solide pour tout, et l’énergie humide affine profondément l’esprit et ouvre une vision claire.",1
work_A_to_ex_wood,intro,C’est un jour où la stabilité du travail est à son plus haut niveau et où vous n’êtes ébranlé dans aucun environnement.,1
work_A_to_ex_wood,effect,Une base de travail stable réduit les erreurs et améliore la qualité.,1
work_A_to_ex_wood,action,Augmentez le niveau de réalisation en misant sur un travail de finition minutieux.,1
work_A_to_ex_wood,state,"Un fort sentiment de stabilité constitue une base solide pour tout, et une énergie dynamique ouvre de nouvelles possibilités.",1
work_B,intro,La fluidité au travail aujourd'hui est bonne et le travail avance à un rythme.,1
work_B,intro,"Il y a une bonne énergie de travail aujourd'hui, donc votre concentration et votre dynamisme sont plus élevés que d'habitude.",1
work_B,effect,Vous aurez l'occasion de démontrer vos capacités au travail et vos efforts seront remarqués.,1
work_B,effect,La collaboration se déroule bien et les choses se déroulent comme prévu.,1
work_B,action,"Si vous proposez des idées plus activement que d’habitude, vous aurez plus de chances de recevoir une bonne réponse.",1
work_B,action,Profitez de la bonne énergie d’aujourd’hui et utilisez-la pour accomplir des tâches clés.,1
work_B_geum_df_earth,intro,C’est un jour où votre capacité de traitement du travail reste stable et où vous pouvez effectuer vos tâches avec facilité.,1
work_B_geum_df_earth,effect,"La concentration est maintenue, les erreurs de travail sont réduites et les performances sont uniformes.",1
work_B_geum_df_earth,action,Réalisez vos travaux étape par étape comme prévu.,1
work_B_geum_df_earth,state,"Même si votre détermination s'émousse quelque peu, le déroulement de la vie quotidienne se poursuit sans problème et l'énergie nuageuse s'ajoute à l'atmosphère calme, créant un sentiment de tranquillité.",1
work_B_geum_df_fire,intro,C’est un jour où votre capacité de traitement du travail reste stable et où vous pouvez effectuer vos tâches avec facilité.,1
work_B_geum_df_fire,effect,"La concentration est maintenue, les erreurs de travail sont réduites et les performances sont uniformes.",1
work_B_geum_df_fire,action,Réalisez vos travaux étape par étape comme prévu.,1
work_B_geum_df_fire,state,"Même si votre détermination s'émousse quelque peu, le déroulement de votre vie quotidienne se poursuit sans problème et l'énergie claire ajoute une légère vitalité, créant un flux fluide.",1
work_B_geum_df_water,intro,C’est un jour où votre capacité de traitement du travail reste stable et où vous pouvez effectuer vos tâches avec facilité.,1
work_B_geum_df_water,effect,"La concentration est maintenue, les erreurs de travail sont réduites et les performances sont uniformes.",1
work_B_geum_df_water,action,Réalisez vos travaux étape par étape comme prévu.,1
work_B_geum_df_water,state,"Même si votre détermination s'émousse quelque peu, le déroulement de votre vie quotidienne se poursuit sans problème et l'énergie humide ajoute un sentiment de calme persistant à vos émotions.",1
work_B_geum_df_wood,intro,C’est un jour où votre capacité de traitement du travail reste stable et où vous pouvez effectuer vos tâches avec facilité.,1
work_B_geum_df_wood,effect,"La concentration est maintenue, les erreurs de travail sont réduites et les performances sont uniformes.",1
work_B_geum_df_wood,action,Réalisez vos travaux étape par étape comme prévu.,1
work_B_geum_df_wood,state,"Même si votre détermination s'émousse quelque peu, le déroulement de la vie quotidienne se poursuit sans problème et la légère énergie du changement ajoute une stimulation appropriée.",1
work_B_geum_ex_earth,intro,C’est un jour où votre capacité de traitement du travail reste stable et où vous pouvez effectuer vos tâches avec facilité.,1
work_B_geum_ex_earth,effect,"La concentration est maintenue, les erreurs de travail sont réduites et les performances sont uniformes.",1
work_B_geum_ex_earth,action,Réalisez vos travaux étape par étape comme prévu.,1
work_B_geum_ex_earth,state,"Le jugement analytique s'écoule naturellement au rythme habituel, et l'énergie nuageuse s'ajoute à l'atmosphère calme, créant un sentiment de tranquillité.",1
work_B_geum_ex_fire,intro,C’est un jour où votre capacité de traitement du travail reste stable et où vous pouvez effectuer vos tâches avec facilité.,1
work_B_geum_ex_fire,effect,"La concentration est maintenue, les erreurs de travail sont réduites et les performances sont uniformes.",1
work_B_geum_ex_fire,action,Réalisez vos travaux étape par étape comme prévu.,1
work_B_geum_ex_fire,state,"Le jugement analytique suit naturellement le rythme habituel, et l’énergie claire ajoute une légère vitalité, créant un flux fluide.",1
work_B_geum_ex_water,intro,C’est un jour où votre capacité de traitement du travail reste stable et où vous pouvez effectuer vos tâches avec facilité.,1
work_B_geum_ex_water,effect,"La concentration est maintenue, les erreurs de travail sont réduites et les performances sont uniformes.",1
work_B_geum_ex_water,action,Réalisez vos travaux étape par étape comme prévu.,1
work_B_geum_ex_water,state,"Le jugement analytique coule naturellement à votre rythme habituel, et l’énergie humide ajoute un sentiment de calme persistant à vos émotions.",1
work_B_geum_ex_wood,intro,C’est un jour où votre capacité de traitement du travail reste stable et où vous pouvez effectuer vos tâches avec facilité.,1
work_B_geum_ex_wood,effect,"La concentration est maintenue, les erreurs de travail sont réduites et les performances sont uniformes.",1
work_B_geum_ex_wood,action,Réalisez vos travaux étape par étape comme prévu.,1
work_B_geum_ex_wood,state,"Le jugement analytique suit naturellement le rythme habituel, et la légère énergie du changement ajoute une stimulation appropriée.",1
work_B_hwa_df_earth,intro,C'est un jour où la motivation au travail reste supérieure à la moyenne et où la vitesse de travail est bonne.,1
work_B_hwa_df_earth,effect,Une énergie suffisante favorise la concentration au travail.,1
work_B_hwa_df_earth,action,Attaquez-vous d’abord aux tâches clés lorsque l’énergie est élevée.,1
work_B_hwa_df_earth,state,"Même si les expressions sont retenues, la stabilité de la relation est facilement maintenue et l'énergie nuageuse ajoute à l'atmosphère calme, conduisant à un sentiment de tranquillité.",1
work_B_hwa_df_fire,intro,C'est un jour où la motivation au travail reste supérieure à la moyenne et où la vitesse de travail est bonne.,1
work_B_hwa_df_fire,effect,Une énergie suffisante favorise la concentration au travail.,1
work_B_hwa_df_fire,action,Attaquez-vous d’abord aux tâches clés lorsque l’énergie est élevée.,1
work_B_hwa_df_fire,state,"Même si les expressions sont retenues, la stabilité de la relation est facilement maintenue et l'énergie claire ajoute une légère vitalité, créant un flux fluide.",1
work_B_hwa_df_water,intro,C'est un jour où la motivation au travail reste supérieure à la moyenne et où la vitesse de travail est bonne.,1
work_B_hwa_df_water,effect,Une énergie suffisante favorise la concentration au travail.,1
work_B_hwa_df_water,action,Attaquez-vous d’abord aux tâches clés lorsque l’énergie est élevée.,1
work_B_hwa_df_water,state,"Même si les expressions sont retenues, la stabilité de la relation est facilement maintenue et l'énergie humide ajoute un sentiment de calme persistant aux émotions.",1
work_B_hwa_df_wood,intro,C'est un jour où la motivation au travail reste supérieure à la moyenne et où la vitesse de travail est bonne.,1
work_B_hwa_df_wood,effect,Une énergie suffisante favorise la concentration au travail.,1
work_B_hwa_df_wood,action,Attaquez-vous d’abord aux tâches clés lorsque l’énergie est élevée.,1
work_B_hwa_df_wood,state,"Même si les expressions sont retenues, la stabilité de la relation est facilement maintenue et la légère énergie du changement ajoute une stimulation appropriée.",1
work_B_hwa_ex_earth,intro,C'est un jour où la motivation au travail reste supérieure à la moyenne et où la vitesse de travail est bonne.,1
work_B_hwa_ex_earth,effect,Une énergie suffisante favorise la concentration au travail.,1
work_B_hwa_ex_earth,action,Attaquez-vous d’abord aux tâches clés lorsque l’énergie est élevée.,1
work_B_hwa_ex_earth,state,"La passion est vivante, mais l'équilibre est également maintenu, conduisant à une journée stable, et l'énergie nuageuse ajoute une atmosphère calme, menant à la sérénité.",1
work_B_hwa_ex_fire,intro,C'est un jour où la motivation au travail reste supérieure à la moyenne et où la vitesse de travail est bonne.,1
work_B_hwa_ex_fire,effect,Une énergie suffisante favorise la concentration au travail.,1
work_B_hwa_ex_fire,action,Attaquez-vous d’abord aux tâches clés lorsque l’énergie est élevée.,1
work_B_hwa_ex_fire,state,"La passion reste vivante et l'équilibre est maintenu, conduisant à une journée stable, et une énergie claire ajoute une vitalité légère, créant un flux fluide.",1
work_B_hwa_ex_water,intro,C'est un jour où la motivation au travail reste supérieure à la moyenne et où la vitesse de travail est bonne.,1
work_B_hwa_ex_water,effect,Une énergie suffisante favorise la concentration au travail.,1
work_B_hwa_ex_water,action,Attaquez-vous d’abord aux tâches clés lorsque l’énergie est élevée.,1
work_B_hwa_ex_water,state,"La passion reste vivante et l'équilibre est maintenu, conduisant à une journée stable, et l'énergie humide ajoute un sentiment de calme persistant aux émotions.",1
work_B_hwa_ex_wood,intro,C'est un jour où la motivation au travail reste supérieure à la moyenne et où la vitesse de travail est bonne.,1
work_B_hwa_ex_wood,effect,Une énergie suffisante favorise la concentration au travail.,1
work_B_hwa_ex_wood,action,Attaquez-vous d’abord aux tâches clés lorsque l’énergie est élevée.,1
work_B_hwa_ex_wood,state,"La passion est vivante et équilibrée, conduisant à une journée stable, et la légère énergie du changement ajoute une stimulation appropriée.",1
work_B_mok_df_earth,intro,C'est un jour où vos capacités de travail augmentent régulièrement et où vous pouvez relever de nouveaux défis.,1
work_B_mok_df_earth,effect,L’énergie de croissance conduit à l’expansion des entreprises et au développement des compétences.,1
work_B_mok_df_earth,action,Essayez d'acquérir de nouvelles compétences professionnelles ou d'élargir votre rôle.,1
work_B_mok_df_earth,state,"Même si vous êtes prudent lorsque vous essayez de nouvelles choses, votre vie quotidienne se déroule régulièrement et l'énergie nuageuse s'ajoute à l'atmosphère calme, conduisant à un sentiment de tranquillité.",1
work_B_mok_df_fire,intro,C'est un jour où vos capacités de travail augmentent régulièrement et où vous pouvez relever de nouveaux défis.,1
work_B_mok_df_fire,effect,L’énergie de croissance conduit à l’expansion des entreprises et au développement des compétences.,1
work_B_mok_df_fire,action,Essayez d'acquérir de nouvelles compétences professionnelles ou d'élargir votre rôle.,1
work_B_mok_df_fire,state,"Même si vous êtes prudent lorsque vous essayez de nouvelles choses, votre vie quotidienne se déroule de manière constante et l'énergie claire ajoute une vitalité légère, créant un flux fluide.",1
work_B_mok_df_water,intro,C'est un jour où vos capacités de travail augmentent régulièrement et où vous pouvez relever de nouveaux défis.,1
work_B_mok_df_water,effect,L’énergie de croissance conduit à l’expansion des entreprises et au développement des compétences.,1
work_B_mok_df_water,action,Essayez d'acquérir de nouvelles compétences professionnelles ou d'élargir votre rôle.,1
work_B_mok_df_water,state,"Même si vous êtes prudent lorsque vous essayez de nouvelles choses, votre vie quotidienne se déroule régulièrement et l'énergie humide ajoute un sentiment de calme persistant à vos émotions.",1
work_B_mok_df_wood,intro,C'est un jour où vos capacités de travail augmentent régulièrement et où vous pouvez relever de nouveaux défis.,1
work_B_mok_df_wood,effect,L’énergie de croissance conduit à l’expansion des entreprises et au développement des compétences.,1
work_B_mok_df_wood,action,Essayez d'acquérir de nouvelles compétences professionnelles ou d'élargir votre rôle.,1
work_B_mok_df_wood,state,"Même si vous êtes prudent lorsque vous essayez de nouvelles choses, votre vie quotidienne se déroule régulièrement et la légère énergie du changement ajoute une stimulation appropriée.",1
work_B_mok_ex_earth,intro,C'est un jour où vos capacités de travail augmentent régulièrement et où vous pouvez relever de nouveaux défis.,1
work_B_mok_ex_earth,effect,L’énergie de croissance conduit à l’expansion des entreprises et au développement des compétences.,1
work_B_mok_ex_earth,action,Essayez d'acquérir de nouvelles compétences professionnelles ou d'élargir votre rôle.,1
work_B_mok_ex_earth,state,"Une motivation constante progresse étape par étape, et l'énergie nuageuse s'ajoute à l'atmosphère calme, menant à la tranquillité.",1
work_B_mok_ex_fire,intro,C'est un jour où vos capacités de travail augmentent régulièrement et où vous pouvez relever de nouveaux défis.,1
work_B_mok_ex_fire,effect,L’énergie de croissance conduit à l’expansion des entreprises et au développement des compétences.,1
work_B_mok_ex_fire,action,Essayez d'acquérir de nouvelles compétences professionnelles ou d'élargir votre rôle.,1
work_B_mok_ex_fire,state,"Une motivation constante permet de progresser étape par étape, et une énergie claire ajoute une vitalité légère, créant un flux fluide.",1
work_B_mok_ex_water,intro,C'est un jour où vos capacités de travail augmentent régulièrement et où vous pouvez relever de nouveaux défis.,1
work_B_mok_ex_water,effect,L’énergie de croissance conduit à l’expansion des entreprises et au développement des compétences.,1
work_B_mok_ex_water,action,Essayez d'acquérir de nouvelles compétences professionnelles ou d'élargir votre rôle.,1
work_B_mok_ex_water,state,"Une motivation constante fait progresser étape par étape, et l'énergie humide ajoute un sentiment de calme persistant aux émotions.",1
work_B_mok_ex_wood,intro,C'est un jour où vos capacités de travail augmentent régulièrement et où vous pouvez relever de nouveaux défis.,1
work_B_mok_ex_wood,effect,L’énergie de croissance conduit à l’expansion des entreprises et au développement des compétences.,1
work_B_mok_ex_wood,action,Essayez d'acquérir de nouvelles compétences professionnelles ou d'élargir votre rôle.,1
work_B_mok_ex_wood,state,"Une motivation constante permet de progresser pas à pas, et la faible énergie du changement ajoute une stimulation appropriée.",1
work_B_su_df_earth,intro,C'est un jour où la communication au travail se passe bien et la collaboration se passe bien.,1
work_B_su_df_earth,effect,Le travail d'équipe est renforcé et la vitesse et la qualité du travail augmentent ensemble.,1
work_B_su_df_earth,action,Communiquer activement avec les collègues et créer une synergie.,1
work_B_su_df_earth,state,"Bien que la flexibilité fasse quelque peu défaut, le rythme de base est maintenu sans difficulté et l'énergie nuageuse ajoute une atmosphère calme, conduisant à un sentiment de tranquillité.",1
work_B_su_df_fire,intro,C'est un jour où la communication au travail se passe bien et la collaboration se passe bien.,1
work_B_su_df_fire,effect,Le travail d'équipe est renforcé et la vitesse et la qualité du travail augmentent ensemble.,1
work_B_su_df_fire,action,Communiquer activement avec les collègues et créer une synergie.,1
work_B_su_df_fire,state,"Bien que la flexibilité fasse quelque peu défaut, le rythme de base est maintenu sans difficulté et l'énergie claire ajoute une légère vitalité, créant un flux fluide.",1
work_B_su_df_water,intro,C'est un jour où la communication au travail se passe bien et la collaboration se passe bien.,1
work_B_su_df_water,effect,Le travail d'équipe est renforcé et la vitesse et la qualité du travail augmentent ensemble.,1
work_B_su_df_water,action,Communiquer activement avec les collègues et créer une synergie.,1
work_B_su_df_water,state,"Bien qu'elle manque de souplesse, le rythme de base est maintenu sans difficulté, et l'énergie humide ajoute une sensation de calme persistante aux émotions.",1
work_B_su_df_wood,intro,C'est un jour où la communication au travail se passe bien et la collaboration se passe bien.,1
work_B_su_df_wood,effect,Le travail d'équipe est renforcé et la vitesse et la qualité du travail augmentent ensemble.,1
work_B_su_df_wood,action,Communiquer activement avec les collègues et créer une synergie.,1
work_B_su_df_wood,state,"Même si la flexibilité fait quelque peu défaut, le rythme de base est maintenu sans difficulté et la légère énergie du changement ajoute une stimulation appropriée.",1
work_B_su_ex_earth,intro,C'est un jour où la communication au travail se passe bien et la collaboration se passe bien.,1
work_B_su_ex_earth,effect,Le travail d'équipe est renforcé et la vitesse et la qualité du travail augmentent ensemble.,1
work_B_su_ex_earth,action,Communiquer activement avec les collègues et créer une synergie.,1
work_B_su_ex_earth,state,"La journée est pleine d'émotions, ce qui en fait une journée plus attentive que d'habitude, et l'énergie nuageuse ajoute une atmosphère calme, conduisant à un sentiment de tranquillité.",1
work_B_su_ex_fire,intro,C'est un jour où la communication au travail se passe bien et la collaboration se passe bien.,1
work_B_su_ex_fire,effect,Le travail d'équipe est renforcé et la vitesse et la qualité du travail augmentent ensemble.,1
work_B_su_ex_fire,action,Communiquer activement avec les collègues et créer une synergie.,1
work_B_su_ex_fire,state,"La journée est riche en émotions, ce qui en fait une journée plus attentive que d'habitude, et l'énergie claire ajoute une légère vitalité, créant un flux fluide.",1
work_B_su_ex_water,intro,C'est un jour où la communication au travail se passe bien et la collaboration se passe bien.,1
work_B_su_ex_water,effect,Le travail d'équipe est renforcé et la vitesse et la qualité du travail augmentent ensemble.,1
work_B_su_ex_water,action,Communiquer activement avec les collègues et créer une synergie.,1
work_B_su_ex_water,state,"La journée est pleine d'émotions, vous rendant plus attentif que d'habitude, et l'énergie humide ajoute un arrière-goût apaisant à vos émotions.",1
work_B_su_ex_wood,intro,C'est un jour où la communication au travail se passe bien et la collaboration se passe bien.,1
work_B_su_ex_wood,effect,Le travail d'équipe est renforcé et la vitesse et la qualité du travail augmentent ensemble.,1
work_B_su_ex_wood,action,Communiquer activement avec les collègues et créer une synergie.,1
work_B_su_ex_wood,state,"La journée est pleine d'émotions, ce qui en fait une journée plus attentive que d'habitude, et la légère énergie du changement ajoute une stimulation appropriée.",1
work_B_to_df_earth,intro,C'est un jour où la stabilité du travail est maintenue et où les tâches peuvent être accomplies sans erreur.,1
work_B_to_df_earth,effect,Un traitement de travail stable renforce la confiance et améliore la qualité des résultats.,1
work_B_to_df_earth,action,Concentrez-vous sur l’accomplissement minutieux de vos tâches aujourd’hui.,1
work_B_to_df_earth,state,"Même si le centre de gravité est quelque peu ébranlé, l'équilibre de la vie quotidienne est maintenu sans trop de problèmes, et l'énergie nuageuse s'ajoute à l'atmosphère calme, conduisant à un sentiment de tranquillité.",1
work_B_to_df_fire,intro,C'est un jour où la stabilité du travail est maintenue et où les tâches peuvent être accomplies sans erreur.,1
work_B_to_df_fire,effect,Un traitement de travail stable renforce la confiance et améliore la qualité des résultats.,1
work_B_to_df_fire,action,Concentrez-vous sur l’accomplissement minutieux de vos tâches aujourd’hui.,1
work_B_to_df_fire,state,"Même si le centre de gravité est quelque peu ébranlé, l'équilibre de la vie quotidienne est maintenu sans trop de problèmes, et l'énergie claire ajoute une légère vitalité, créant un flux fluide.",1
work_B_to_df_water,intro,C'est un jour où la stabilité du travail est maintenue et où les tâches peuvent être accomplies sans erreur.,1
work_B_to_df_water,effect,Un traitement de travail stable renforce la confiance et améliore la qualité des résultats.,1
work_B_to_df_water,action,Concentrez-vous sur l’accomplissement minutieux de vos tâches aujourd’hui.,1
work_B_to_df_water,state,"Même si votre centre de gravité est quelque peu ébranlé, l'équilibre de votre vie quotidienne est maintenu sans trop de difficultés, et l'énergie humide ajoute un sentiment de calme persistant à vos émotions.",1
work_B_to_df_wood,intro,C'est un jour où la stabilité du travail est maintenue et où les tâches peuvent être accomplies sans erreur.,1
work_B_to_df_wood,effect,Un traitement de travail stable renforce la confiance et améliore la qualité des résultats.,1
work_B_to_df_wood,action,Concentrez-vous sur l’accomplissement minutieux de vos tâches aujourd’hui.,1
work_B_to_df_wood,state,"Même si le centre est quelque peu ébranlé, l'équilibre de la vie quotidienne est maintenu sans trop de difficultés, et la légère énergie du changement ajoute une stimulation appropriée.",1
work_B_to_ex_earth,intro,C'est un jour où la stabilité du travail est maintenue et où les tâches peuvent être accomplies sans erreur.,1
work_B_to_ex_earth,effect,Un traitement de travail stable renforce la confiance et améliore la qualité des résultats.,1
work_B_to_ex_earth,action,Concentrez-vous sur l’accomplissement minutieux de vos tâches aujourd’hui.,1
work_B_to_ex_earth,state,"Il a une forte tendance à la stabilité, donc il se poursuit dans une journée calme sans aucun problème, et l'énergie nuageuse s'ajoute à l'atmosphère calme, conduisant à la sérénité.",1
work_B_to_ex_fire,intro,C'est un jour où la stabilité du travail est maintenue et où les tâches peuvent être accomplies sans erreur.,1
work_B_to_ex_fire,effect,Un traitement de travail stable renforce la confiance et améliore la qualité des résultats.,1
work_B_to_ex_fire,action,Concentrez-vous sur l’accomplissement minutieux de vos tâches aujourd’hui.,1
work_B_to_ex_fire,state,"Elle a une forte tendance à la stabilité, elle se poursuit donc en douceur dans une journée calme, et l'énergie claire ajoute une légère vitalité, créant un flux fluide.",1
work_B_to_ex_water,intro,C'est un jour où la stabilité du travail est maintenue et où les tâches peuvent être accomplies sans erreur.,1
work_B_to_ex_water,effect,Un traitement de travail stable renforce la confiance et améliore la qualité des résultats.,1
work_B_to_ex_water,action,Concentrez-vous sur l’accomplissement minutieux de vos tâches aujourd’hui.,1
work_B_to_ex_water,state,"Il a une nature fortement axée sur la stabilité, il peut donc facilement conduire à une journée calme, et l'énergie humide ajoute un arrière-goût apaisant aux émotions.",1
work_B_to_ex_wood,intro,C'est un jour où la stabilité du travail est maintenue et où les tâches peuvent être accomplies sans erreur.,1
work_B_to_ex_wood,effect,Un traitement de travail stable renforce la confiance et améliore la qualité des résultats.,1
work_B_to_ex_wood,action,Concentrez-vous sur l’accomplissement minutieux de vos tâches aujourd’hui.,1
work_B_to_ex_wood,state,"L’orientation vers la stabilité est forte, elle se poursuit donc en douceur dans une journée calme, et la légère énergie du changement ajoute une stimulation appropriée.",1
work_B1,intro,"Le flux de travail d'aujourd'hui est stable, vous permettant de rester calme et concentré.",1
work_B1,intro,"L'énergie au travail aujourd'hui est bonne, vous peux donc effectuer votre travail de manière régulière.",1
work_B1,effect,Le travail se déroule comme prévu et il n’y a pas de frictions majeures dans la collaboration.,1
work_B1,effect,Les travaux en cours se poursuivent de manière stable et la coopération avec votre entourage se déroule sans heurts.,1
work_B1,action,"Si vous vous concentrez sur ce que vous faites maintenant, vous pouvez obtenir des résultats suffisants.",1
work_B1,action,La cohérence est la clé aujourd’hui. Il suffit de s’en tenir à l’essentiel sans hésiter.,1
work_B1_geum_df_earth,intro,"Si votre capacité de travail est moyenne, vous risquez de vous retrouver bloqué sur des tâches complexes.",1
work_B1_geum_df_earth,effect,La concentration peut être quelque peu réduite et l'achèvement du travail peut ne pas répondre aux attentes.,1
work_B1_geum_df_earth,action,Divisez les tâches difficiles à concentrer en petits morceaux et gérez-les étape par étape.,1
work_B1_geum_df_earth,state,"Même si vous suis lent à prendre des décisions, la journée continue sans trop d'hésitations, et l'énergie nuageuse aide à maintenir un rythme tranquille.",1
work_B1_geum_df_fire,intro,"Si votre capacité de travail est moyenne, vous risquez de vous retrouver bloqué sur des tâches complexes.",1
work_B1_geum_df_fire,effect,La concentration peut être quelque peu réduite et l'achèvement du travail peut ne pas répondre aux attentes.,1
work_B1_geum_df_fire,action,Divisez les tâches difficiles à concentrer en petits morceaux et gérez-les étape par étape.,1
work_B1_geum_df_fire,state,"Même si vous suis lent à prendre des décisions, la journée continue sans trop d'hésitation, et l'énergie claire ajoute une vitalité calme et continue la journée ordinaire.",1
work_B1_geum_df_water,intro,"Si votre capacité de travail est moyenne, vous risquez de vous retrouver bloqué sur des tâches complexes.",1
work_B1_geum_df_water,effect,La concentration peut être quelque peu réduite et l'achèvement du travail peut ne pas répondre aux attentes.,1
work_B1_geum_df_water,action,Divisez les tâches difficiles à concentrer en petits morceaux et gérez-les étape par étape.,1
work_B1_geum_df_water,state,"Même si vous suis lent à prendre des décisions, la journée se déroule sans trop d'hésitations, et l'énergie humide augmente vos pensées mais ne provoque pas beaucoup d'agitation.",1
work_B1_geum_df_wood,intro,"Si votre capacité de travail est moyenne, vous risquez de vous retrouver bloqué sur des tâches complexes.",1
work_B1_geum_df_wood,effect,La concentration peut être quelque peu réduite et l'achèvement du travail peut ne pas répondre aux attentes.,1
work_B1_geum_df_wood,action,Divisez les tâches difficiles à concentrer en petits morceaux et gérez-les étape par étape.,1
work_B1_geum_df_wood,state,"La décision peut être lente, mais la journée se déroule sans trop d’hésitations, et l’énergie calme du changement ne perturbe que légèrement le flux normal.",1
work_B1_geum_ex_earth,intro,"Si votre capacité de travail est moyenne, vous risquez de vous retrouver bloqué sur des tâches complexes.",1
work_B1_geum_ex_earth,effect,La concentration peut être quelque peu réduite et l'achèvement du travail peut ne pas répondre aux attentes.,1
work_B1_geum_ex_earth,action,Divisez les tâches difficiles à concentrer en petits morceaux et gérez-les étape par étape.,1
work_B1_geum_ex_earth,state,"Le jugement est clair, mais il se termine par un résultat médiocre, et l'énergie nuageuse permet de maintenir un rythme convenable.",1
work_B1_geum_ex_fire,intro,"Si votre capacité de travail est moyenne, vous risquez de vous retrouver bloqué sur des tâches complexes.",1
work_B1_geum_ex_fire,effect,La concentration peut être quelque peu réduite et l'achèvement du travail peut ne pas répondre aux attentes.,1
work_B1_geum_ex_fire,action,Divisez les tâches difficiles à concentrer en petits morceaux et gérez-les étape par étape.,1
work_B1_geum_ex_fire,state,"Le jugement est clair, mais il se termine par un résultat ordinaire, et l'énergie claire ajoute une vitalité calme et continue la journée ordinaire.",1
work_B1_geum_ex_water,intro,"Si votre capacité de travail est moyenne, vous risquez de vous retrouver bloqué sur des tâches complexes.",1
work_B1_geum_ex_water,effect,La concentration peut être quelque peu réduite et l'achèvement du travail peut ne pas répondre aux attentes.,1
work_B1_geum_ex_water,action,Divisez les tâches difficiles à concentrer en petits morceaux et gérez-les étape par étape.,1
work_B1_geum_ex_water,state,"Le jugement est clair mais se termine par un résultat simple, et l'énergie humide augmente les pensées mais ne provoque pas beaucoup d'agitation.",1
work_B1_geum_ex_wood,intro,"Si votre capacité de travail est moyenne, vous risquez de vous retrouver bloqué sur des tâches complexes.",1
work_B1_geum_ex_wood,effect,La concentration peut être quelque peu réduite et l'achèvement du travail peut ne pas répondre aux attentes.,1
work_B1_geum_ex_wood,action,Divisez les tâches difficiles à concentrer en petits morceaux et gérez-les étape par étape.,1
work_B1_geum_ex_wood,state,"Le jugement est clair, mais il se termine par un résultat médiocre, et la calme énergie du changement ne fait guère plus que bouleverser légèrement le flux normal.",1
work_B1_hwa_df_earth,intro,C’est un jour où votre motivation au travail est quelque peu faible et où vous avez besoin d’un peu de motivation.,1
work_B1_hwa_df_earth,effect,La vitesse de travail est lente en raison du manque d'énergie.,1
work_B1_hwa_df_earth,action,Retrouvez votre motivation en vous fixant et en atteignant de petits objectifs.,1
work_B1_hwa_df_earth,state,"Bien qu'il y ait peu d'expression, la relation n'est pas grandement ébranlée et l'énergie nuageuse aide à maintenir un rythme facile.",1
work_B1_hwa_df_fire,intro,C’est un jour où votre motivation au travail est quelque peu faible et où vous avez besoin d’un peu de motivation.,1
work_B1_hwa_df_fire,effect,La vitesse de travail est lente en raison du manque d'énergie.,1
work_B1_hwa_df_fire,action,Retrouvez votre motivation en vous fixant et en atteignant de petits objectifs.,1
work_B1_hwa_df_fire,state,"Bien qu'il y ait peu d'expressions, la relation n'est pas grandement ébranlée et l'énergie claire ajoute une vitalité calme et continue une journée ordinaire.",1
work_B1_hwa_df_water,intro,C’est un jour où votre motivation au travail est quelque peu faible et où vous avez besoin d’un peu de motivation.,1
work_B1_hwa_df_water,effect,La vitesse de travail est lente en raison du manque d'énergie.,1
work_B1_hwa_df_water,action,Retrouvez votre motivation en vous fixant et en atteignant de petits objectifs.,1
work_B1_hwa_df_water,state,"Bien qu'il y ait peu d'expressions, la relation n'est pas grandement ébranlée et l'énergie humide augmente les pensées, mais ne provoque pas beaucoup d'agitation.",1
work_B1_hwa_df_wood,intro,C’est un jour où votre motivation au travail est quelque peu faible et où vous avez besoin d’un peu de motivation.,1
work_B1_hwa_df_wood,effect,La vitesse de travail est lente en raison du manque d'énergie.,1
work_B1_hwa_df_wood,action,Retrouvez votre motivation en vous fixant et en atteignant de petits objectifs.,1
work_B1_hwa_df_wood,state,"Bien qu'il y ait peu d'expression, la relation n'est pas grandement ébranlée et l'énergie calme du changement suffit seulement à ébranler légèrement le flux normal.",1
work_B1_hwa_ex_earth,intro,C’est un jour où votre motivation au travail est quelque peu faible et où vous avez besoin d’un peu de motivation.,1
work_B1_hwa_ex_earth,effect,La vitesse de travail est lente en raison du manque d'énergie.,1
work_B1_hwa_ex_earth,action,Retrouvez votre motivation en vous fixant et en atteignant de petits objectifs.,1
work_B1_hwa_ex_earth,state,La chaleur modérée permet une journée douce et l'énergie nuageuse vous aide à maintenir un rythme facile.,1
work_B1_hwa_ex_fire,intro,C’est un jour où votre motivation au travail est quelque peu faible et où vous avez besoin d’un peu de motivation.,1
work_B1_hwa_ex_fire,effect,La vitesse de travail est lente en raison du manque d'énergie.,1
work_B1_hwa_ex_fire,action,Retrouvez votre motivation en vous fixant et en atteignant de petits objectifs.,1
work_B1_hwa_ex_fire,state,La chaleur modérée crée une journée douce et l'énergie claire ajoute une vitalité calme et poursuit la journée ordinaire.,1
work_B1_hwa_ex_water,intro,C’est un jour où votre motivation au travail est quelque peu faible et où vous avez besoin d’un peu de motivation.,1
work_B1_hwa_ex_water,effect,La vitesse de travail est lente en raison du manque d'énergie.,1
work_B1_hwa_ex_water,action,Retrouvez votre motivation en vous fixant et en atteignant de petits objectifs.,1
work_B1_hwa_ex_water,state,La chaleur modérée permet une journée douce et l'énergie humide augmente vos pensées mais ne provoque pas beaucoup d'agitation.,1
work_B1_hwa_ex_wood,intro,C’est un jour où votre motivation au travail est quelque peu faible et où vous avez besoin d’un peu de motivation.,1
work_B1_hwa_ex_wood,effect,La vitesse de travail est lente en raison du manque d'énergie.,1
work_B1_hwa_ex_wood,action,Retrouvez votre motivation en vous fixant et en atteignant de petits objectifs.,1
work_B1_hwa_ex_wood,state,La chaleur modérée rend la journée douce et l’énergie calme du changement ne fait que légèrement bouleverser le flux normal.,1
work_B1_mok_df_earth,intro,"La croissance des entreprises peut être lente, ce qui rend difficile l’obtention de résultats suite à de nouvelles tentatives.",1
work_B1_mok_df_earth,effect,"En raison de l'expansion limitée des capacités, les résultats des travaux sont inférieurs aux attentes.",1
work_B1_mok_df_earth,action,Effectuez fidèlement les tâches de base et préparez-vous aux opportunités de croissance.,1
work_B1_mok_df_earth,state,"Cela reste plus familier que nouveau, mais le flux est ininterrompu et l'énergie nuageuse vous aide à maintenir un rythme facile.",1
work_B1_mok_df_fire,intro,"La croissance des entreprises peut être lente, ce qui rend difficile l’obtention de résultats suite à de nouvelles tentatives.",1
work_B1_mok_df_fire,effect,"En raison de l'expansion limitée des capacités, les résultats des travaux sont inférieurs aux attentes.",1
work_B1_mok_df_fire,action,Effectuez fidèlement les tâches de base et préparez-vous aux opportunités de croissance.,1
work_B1_mok_df_fire,state,"Bien qu’elle reste familière plutôt que nouvelle, le flux est ininterrompu et l’énergie claire ajoute une vitalité calme et poursuit la journée ordinaire.",1
work_B1_mok_df_water,intro,"La croissance des entreprises peut être lente, ce qui rend difficile l’obtention de résultats suite à de nouvelles tentatives.",1
work_B1_mok_df_water,effect,"En raison de l'expansion limitée des capacités, les résultats des travaux sont inférieurs aux attentes.",1
work_B1_mok_df_water,action,Effectuez fidèlement les tâches de base et préparez-vous aux opportunités de croissance.,1
work_B1_mok_df_water,state,"Bien qu’elle reste familière plutôt que nouvelle, le flux est ininterrompu et l’énergie humide augmente les pensées mais ne provoque pas beaucoup d’agitation.",1
work_B1_mok_df_wood,intro,"La croissance des entreprises peut être lente, ce qui rend difficile l’obtention de résultats suite à de nouvelles tentatives.",1
work_B1_mok_df_wood,effect,"En raison de l'expansion limitée des capacités, les résultats des travaux sont inférieurs aux attentes.",1
work_B1_mok_df_wood,action,Effectuez fidèlement les tâches de base et préparez-vous aux opportunités de croissance.,1
work_B1_mok_df_wood,state,"Bien qu’il reste plus familier que nouveau, le flux est ininterrompu et l’énergie calme du changement ne secoue que légèrement le flux normal.",1
work_B1_mok_ex_earth,intro,"La croissance des entreprises peut être lente, ce qui rend difficile l’obtention de résultats suite à de nouvelles tentatives.",1
work_B1_mok_ex_earth,effect,"En raison de l'expansion limitée des capacités, les résultats des travaux sont inférieurs aux attentes.",1
work_B1_mok_ex_earth,action,Effectuez fidèlement les tâches de base et préparez-vous aux opportunités de croissance.,1
work_B1_mok_ex_earth,state,"Vous suis motivé, mais votre force motrice reste à un niveau médiocre, et l'énergie nuageuse aide à maintenir un rythme convenable.",1
work_B1_mok_ex_fire,intro,"La croissance des entreprises peut être lente, ce qui rend difficile l’obtention de résultats suite à de nouvelles tentatives.",1
work_B1_mok_ex_fire,effect,"En raison de l'expansion limitée des capacités, les résultats des travaux sont inférieurs aux attentes.",1
work_B1_mok_ex_fire,action,Effectuez fidèlement les tâches de base et préparez-vous aux opportunités de croissance.,1
work_B1_mok_ex_fire,state,"Bien que vous sois motivé, votre force motrice reste à un niveau moyen, et l'énergie claire ajoute une vitalité calme et poursuit votre journée ordinaire.",1
work_B1_mok_ex_water,intro,"La croissance des entreprises peut être lente, ce qui rend difficile l’obtention de résultats suite à de nouvelles tentatives.",1
work_B1_mok_ex_water,effect,"En raison de l'expansion limitée des capacités, les résultats des travaux sont inférieurs aux attentes.",1
work_B1_mok_ex_water,action,Effectuez fidèlement les tâches de base et préparez-vous aux opportunités de croissance.,1
work_B1_mok_ex_water,state,"Il y a de la motivation, mais la force motrice reste à un niveau normal, et l'énergie humide augmente les pensées, mais ne provoque pas beaucoup d'agitation.",1
work_B1_mok_ex_wood,intro,"La croissance des entreprises peut être lente, ce qui rend difficile l’obtention de résultats suite à de nouvelles tentatives.",1
work_B1_mok_ex_wood,effect,"En raison de l'expansion limitée des capacités, les résultats des travaux sont inférieurs aux attentes.",1
work_B1_mok_ex_wood,action,Effectuez fidèlement les tâches de base et préparez-vous aux opportunités de croissance.,1
work_B1_mok_ex_wood,state,"Il y a de la motivation, mais la force motrice reste à un niveau médiocre, et l'énergie calme du changement suffit à peine à bousculer légèrement le flux normal.",1
work_B1_su_df_earth,intro,"Il peut y avoir des problèmes de communication dans le travail, entraînant des malentendus lors de la collaboration.",1
work_B1_su_df_earth,effect,Une mauvaise communication ralentit le travail et affaiblit le travail d’équipe.,1
work_B1_su_df_earth,action,Assurez-vous de vérifier les détails importants et d’augmenter la clarté de la communication.,1
work_B1_su_df_earth,state,"Bien que la flexibilité ait diminué, le flux n'est pas interrompu de manière significative et l'énergie nuageuse aide à maintenir un rythme décent.",1
work_B1_su_df_fire,intro,"Il peut y avoir des problèmes de communication dans le travail, entraînant des malentendus lors de la collaboration.",1
work_B1_su_df_fire,effect,Une mauvaise communication ralentit le travail et affaiblit le travail d’équipe.,1
work_B1_su_df_fire,action,Assurez-vous de vérifier les détails importants et d’augmenter la clarté de la communication.,1
work_B1_su_df_fire,state,"Bien que la flexibilité ait diminué, le flux n'est pas significativement perturbé et l'énergie claire ajoute une vitalité calme et permet de poursuivre une journée ordinaire.",1
work_B1_su_df_water,intro,"Il peut y avoir des problèmes de communication dans le travail, entraînant des malentendus lors de la collaboration.",1
work_B1_su_df_water,effect,Une mauvaise communication ralentit le travail et affaiblit le travail d’équipe.,1
work_B1_su_df_water,action,Assurez-vous de vérifier les détails importants et d’augmenter la clarté de la communication.,1
work_B1_su_df_water,state,"La flexibilité est réduite, mais le flux n'est pas grandement interrompu, et l'énergie humide augmente les pensées, mais ne provoque pas beaucoup d'agitation.",1
work_B1_su_df_wood,intro,"Il peut y avoir des problèmes de communication dans le travail, entraînant des malentendus lors de la collaboration.",1
work_B1_su_df_wood,effect,Une mauvaise communication ralentit le travail et affaiblit le travail d’équipe.,1
work_B1_su_df_wood,action,Assurez-vous de vérifier les détails importants et d’augmenter la clarté de la communication.,1
work_B1_su_df_wood,state,"Bien que la flexibilité ait diminué, le flux n’est pas significativement perturbé et l’énergie calme du changement ne secoue que légèrement le flux normal.",1
work_B1_su_ex_earth,intro,"Il peut y avoir des problèmes de communication dans le travail, entraînant des malentendus lors de la collaboration.",1
work_B1_su_ex_earth,effect,Une mauvaise communication ralentit le travail et affaiblit le travail d’équipe.,1
work_B1_su_ex_earth,action,Assurez-vous de vérifier les détails importants et d’augmenter la clarté de la communication.,1
work_B1_su_ex_earth,state,"Même si il y a beaucoup de choses à penser, la journée se déroule sans trop de perturbations et l'énergie nuageuse aide à maintenir un rythme tranquille.",1
work_B1_su_ex_fire,intro,"Il peut y avoir des problèmes de communication dans le travail, entraînant des malentendus lors de la collaboration.",1
work_B1_su_ex_fire,effect,Une mauvaise communication ralentit le travail et affaiblit le travail d’équipe.,1
work_B1_su_ex_fire,action,Assurez-vous de vérifier les détails importants et d’augmenter la clarté de la communication.,1
work_B1_su_ex_fire,state,"Même si il y a beaucoup de pensées, la journée se déroule sans trop de perturbations, et l'énergie claire ajoute une vitalité calme et continue la journée ordinaire.",1
work_B1_su_ex_water,intro,"Il peut y avoir des problèmes de communication dans le travail, entraînant des malentendus lors de la collaboration.",1
work_B1_su_ex_water,effect,Une mauvaise communication ralentit le travail et affaiblit le travail d’équipe.,1
work_B1_su_ex_water,action,Assurez-vous de vérifier les détails importants et d’augmenter la clarté de la communication.,1
work_B1_su_ex_water,state,"Même si vous avez beaucoup de pensées, la journée se déroule sans grande agitation, et l'énergie humide augmente vos pensées mais ne provoque pas beaucoup d'agitation.",1
work_B1_su_ex_wood,intro,"Il peut y avoir des problèmes de communication dans le travail, entraînant des malentendus lors de la collaboration.",1
work_B1_su_ex_wood,effect,Une mauvaise communication ralentit le travail et affaiblit le travail d’équipe.,1
work_B1_su_ex_wood,action,Assurez-vous de vérifier les détails importants et d’augmenter la clarté de la communication.,1
work_B1_su_ex_wood,state,"Même si il y a beaucoup de pensées, la journée se déroule sans trop de perturbations et l'énergie calme du changement ne secoue que légèrement le flux normal.",1
work_B1_to_df_earth,intro,C'est un jour où la sécurité du travail tombe en dessous de la moyenne et où le risque d'erreurs augmente.,1
work_B1_to_df_earth,effect,Une concentration défaillante diminue la qualité du travail.,1
work_B1_to_df_earth,action,Révisez et soumettez les tâches importantes plus d’une fois.,1
work_B1_to_df_earth,state,"Même s'il y a quelques tremblements, la vie quotidienne se déroule sans problème et l'énergie trouble aide à maintenir un rythme tranquille.",1
work_B1_to_df_fire,intro,C'est un jour où la sécurité du travail tombe en dessous de la moyenne et où le risque d'erreurs augmente.,1
work_B1_to_df_fire,effect,Une concentration défaillante diminue la qualité du travail.,1
work_B1_to_df_fire,action,Révisez et soumettez les tâches importantes plus d’une fois.,1
work_B1_to_df_fire,state,"Bien qu'il y ait quelques tremblements, la vie quotidienne se déroule sans problème et l'énergie claire ajoute une vitalité calme et continue la journée normale.",1
work_B1_to_df_water,intro,C'est un jour où la sécurité du travail tombe en dessous de la moyenne et où le risque d'erreurs augmente.,1
work_B1_to_df_water,effect,Une concentration défaillante diminue la qualité du travail.,1
work_B1_to_df_water,action,Révisez et soumettez les tâches importantes plus d’une fois.,1
work_B1_to_df_water,state,"Même s'il y a des secousses, la vie quotidienne se déroule sans problème et l'énergie humide augmente les pensées, mais ne provoque pas beaucoup d'agitation.",1
work_B1_to_df_wood,intro,C'est un jour où la sécurité du travail tombe en dessous de la moyenne et où le risque d'erreurs augmente.,1
work_B1_to_df_wood,effect,Une concentration défaillante diminue la qualité du travail.,1
work_B1_to_df_wood,action,Révisez et soumettez les tâches importantes plus d’une fois.,1
work_B1_to_df_wood,state,"Bien qu'il y ait des fluctuations, la vie quotidienne se déroule sans heurts et l'énergie calme du changement ne secoue que légèrement le flux normal.",1
work_B1_to_ex_earth,intro,C'est un jour où la sécurité du travail tombe en dessous de la moyenne et où le risque d'erreurs augmente.,1
work_B1_to_ex_earth,effect,Une concentration défaillante diminue la qualité du travail.,1
work_B1_to_ex_earth,action,Révisez et soumettez les tâches importantes plus d’une fois.,1
work_B1_to_ex_earth,state,"Choisir la familiarité plutôt que le changement mène à une journée facile, et l'énergie nuageuse aide à maintenir un rythme facile.",1
work_B1_to_ex_fire,intro,C'est un jour où la sécurité du travail tombe en dessous de la moyenne et où le risque d'erreurs augmente.,1
work_B1_to_ex_fire,effect,Une concentration défaillante diminue la qualité du travail.,1
work_B1_to_ex_fire,action,Révisez et soumettez les tâches importantes plus d’une fois.,1
work_B1_to_ex_fire,state,"Choisir la familiarité plutôt que le changement mène à une journée ordinaire, et l’énergie claire ajoute une vitalité calme à la journée ordinaire.",1
work_B1_to_ex_water,intro,C'est un jour où la sécurité du travail tombe en dessous de la moyenne et où le risque d'erreurs augmente.,1
work_B1_to_ex_water,effect,Une concentration défaillante diminue la qualité du travail.,1
work_B1_to_ex_water,action,Révisez et soumettez les tâches importantes plus d’une fois.,1
work_B1_to_ex_water,state,"Choisir la familiarité plutôt que le changement conduit à une journée normale, et l’énergie humide augmente les pensées mais ne provoque pas beaucoup d’agitation.",1
work_B1_to_ex_wood,intro,C'est un jour où la sécurité du travail tombe en dessous de la moyenne et où le risque d'erreurs augmente.,1
work_B1_to_ex_wood,effect,Une concentration défaillante diminue la qualité du travail.,1
work_B1_to_ex_wood,action,Révisez et soumettez les tâches importantes plus d’une fois.,1
work_B1_to_ex_wood,state,"Choisir la familiarité plutôt que le changement conduit à une journée normale, et l’énergie calme du changement ne secoue que légèrement le flux normal.",1
work_C,intro,"Aujourd'hui, il est avantageux d'avancer le plus régulièrement possible avec une accalmie d'énergie de travail.",1
work_C,intro,"L’énergie au travail est faible aujourd’hui, donc des plans réalistes valent mieux que des objectifs déraisonnables.",1
work_C,effect,"La vitesse de travail peut être plus lente que d'habitude ou les erreurs peuvent augmenter, une inspection minutieuse est donc nécessaire.",1
work_C,effect,"Les choses peuvent devenir plus compliquées ou prendre plus de temps que prévu, c'est donc une bonne idée de prévoir un peu plus de temps.",1
work_C,action,Les erreurs sont réduites si vous divisez les tâches en courtes périodes plutôt que de les effectuer toutes en même temps.,1
work_C,action,Concentrez-vous sur ce dans quoi vous excellez aujourd’hui et remettez à plus tard l’essai de nouveaux domaines.,1
work_C_geum_df_earth,intro,C'est un jour où votre capacité de travail diminue et il devient difficile d'accomplir vos tâches.,1
work_C_geum_df_earth,effect,Une diminution de la concentration entraîne des erreurs et des retards dans le travail.,1
work_C_geum_df_earth,action,"Aujourd’hui, concentrez-vous sur la finition du travail existant plutôt que sur de nouvelles tâches.",1
work_C_geum_df_earth,state,"À mesure que votre détermination faiblit, il est facile de remettre à plus tard des choix importants, et une énergie trouble peut vous ralentir et alourdir vos pensées.",1
work_C_geum_df_fire,intro,C'est un jour où votre capacité de travail diminue et il devient difficile d'accomplir vos tâches.,1
work_C_geum_df_fire,effect,Une diminution de la concentration entraîne des erreurs et des retards dans le travail.,1
work_C_geum_df_fire,action,"Aujourd’hui, concentrez-vous sur la finition du travail existant plutôt que sur de nouvelles tâches.",1
work_C_geum_df_fire,state,"À mesure que votre détermination faiblit, il est facile de remettre à plus tard des choix importants et votre énergie claire peut se répandre dans une atmosphère excitée, ce qui peut brouiller votre prudence.",1
work_C_geum_df_water,intro,C'est un jour où votre capacité de travail diminue et il devient difficile d'accomplir vos tâches.,1
work_C_geum_df_water,effect,Une diminution de la concentration entraîne des erreurs et des retards dans le travail.,1
work_C_geum_df_water,action,"Aujourd’hui, concentrez-vous sur la finition du travail existant plutôt que sur de nouvelles tâches.",1
work_C_geum_df_water,state,"Il est facile de reporter des choix importants à mesure que votre détermination s’affaiblit, et l’énergie de la pluie et de la neige peut stimuler vos émotions et votre moi intérieur, ce qui peut avoir un impact plus important.",1
work_C_geum_df_wood,intro,C'est un jour où votre capacité de travail diminue et il devient difficile d'accomplir vos tâches.,1
work_C_geum_df_wood,effect,Une diminution de la concentration entraîne des erreurs et des retards dans le travail.,1
work_C_geum_df_wood,action,"Aujourd’hui, concentrez-vous sur la finition du travail existant plutôt que sur de nouvelles tâches.",1
work_C_geum_df_wood,state,"Il est facile de reporter des choix importants en raison d’une détermination affaiblie, et la forte énergie du changement peut bouleverser le rythme et conduire à des variables inattendues.",1
work_C_geum_ex_earth,intro,C'est un jour où votre capacité de travail diminue et il devient difficile d'accomplir vos tâches.,1
work_C_geum_ex_earth,effect,Une diminution de la concentration entraîne des erreurs et des retards dans le travail.,1
work_C_geum_ex_earth,action,"Aujourd’hui, concentrez-vous sur la finition du travail existant plutôt que sur de nouvelles tâches.",1
work_C_geum_ex_earth,state,"Un jugement trop pointu peut rendre les relations froides, et une énergie trouble peut ralentir votre rythme et alourdir vos pensées.",1
work_C_geum_ex_fire,intro,C'est un jour où votre capacité de travail diminue et il devient difficile d'accomplir vos tâches.,1
work_C_geum_ex_fire,effect,Une diminution de la concentration entraîne des erreurs et des retards dans le travail.,1
work_C_geum_ex_fire,action,"Aujourd’hui, concentrez-vous sur la finition du travail existant plutôt que sur de nouvelles tâches.",1
work_C_geum_ex_fire,state,"Un jugement trop pointu peut rendre les relations froides, et une énergie claire peut couler dans une atmosphère excitée, ce qui peut brouiller la prudence.",1
work_C_geum_ex_water,intro,C'est un jour où votre capacité de travail diminue et il devient difficile d'accomplir vos tâches.,1
work_C_geum_ex_water,effect,Une diminution de la concentration entraîne des erreurs et des retards dans le travail.,1
work_C_geum_ex_water,action,"Aujourd’hui, concentrez-vous sur la finition du travail existant plutôt que sur de nouvelles tâches.",1
work_C_geum_ex_water,state,"Un jugement trop pointu peut rendre les relations froides, et l'énergie de la pluie et de la neige peut stimuler les émotions et les sentiments intérieurs, ce qui peut avoir un impact plus important.",1
work_C_geum_ex_wood,intro,C'est un jour où votre capacité de travail diminue et il devient difficile d'accomplir vos tâches.,1
work_C_geum_ex_wood,effect,Une diminution de la concentration entraîne des erreurs et des retards dans le travail.,1
work_C_geum_ex_wood,action,"Aujourd’hui, concentrez-vous sur la finition du travail existant plutôt que sur de nouvelles tâches.",1
work_C_geum_ex_wood,state,"Un jugement trop pointu peut rendre les relations froides, et la forte énergie du changement peut bouleverser le rythme et conduire à des variables inattendues.",1
work_C_hwa_df_earth,intro,C'est un jour où vous ne vous sentez pas motivé pour travailler et où vous avez du mal à vous concentrer.,1
work_C_hwa_df_earth,effect,Le manque d’énergie réduit la vitesse globale et la qualité du travail.,1
work_C_hwa_df_earth,action,Faites simplement le strict minimum de tâches essentielles et n’en faites pas trop.,1
work_C_hwa_df_earth,state,"Il est facile que des malentendus surviennent en raison de difficultés à s'exprimer, et l'énergie trouble peut vous ralentir et alourdir vos pensées.",1
work_C_hwa_df_fire,intro,C'est un jour où vous ne vous sentez pas motivé pour travailler et où vous avez du mal à vous concentrer.,1
work_C_hwa_df_fire,effect,Le manque d’énergie réduit la vitesse globale et la qualité du travail.,1
work_C_hwa_df_fire,action,Faites simplement le strict minimum de tâches essentielles et n’en faites pas trop.,1
work_C_hwa_df_fire,state,"Il est facile que des malentendus se produisent parce que les expressions sont difficiles à comprendre, et l'énergie claire peut couler dans une atmosphère excitée et troubler la prudence.",1
work_C_hwa_df_water,intro,C'est un jour où vous ne vous sentez pas motivé pour travailler et où vous avez du mal à vous concentrer.,1
work_C_hwa_df_water,effect,Le manque d’énergie réduit la vitesse globale et la qualité du travail.,1
work_C_hwa_df_water,action,Faites simplement le strict minimum de tâches essentielles et n’en faites pas trop.,1
work_C_hwa_df_water,state,"Il est facile que des malentendus surviennent car les expressions sont difficiles à comprendre, et l'énergie de la pluie et de la neige peut stimuler les émotions et les sentiments intérieurs, ce qui peut avoir un impact plus important.",1
work_C_hwa_df_wood,intro,C'est un jour où vous ne vous sentez pas motivé pour travailler et où vous avez du mal à vous concentrer.,1
work_C_hwa_df_wood,effect,Le manque d’énergie réduit la vitesse globale et la qualité du travail.,1
work_C_hwa_df_wood,action,Faites simplement le strict minimum de tâches essentielles et n’en faites pas trop.,1
work_C_hwa_df_wood,state,"Les malentendus sont faciles à survenir en raison d'expressions difficiles, et la forte énergie du changement peut bouleverser le rythme et conduire à des variables inattendues.",1
work_C_hwa_ex_earth,intro,C'est un jour où vous ne vous sentez pas motivé pour travailler et où vous avez du mal à vous concentrer.,1
work_C_hwa_ex_earth,effect,Le manque d’énergie réduit la vitesse globale et la qualité du travail.,1
work_C_hwa_ex_earth,action,Faites simplement le strict minimum de tâches essentielles et n’en faites pas trop.,1
work_C_hwa_ex_earth,state,"Il est facile que les émotions s'entrechoquent, et une énergie trouble peut vous ralentir et alourdir vos pensées.",1
work_C_hwa_ex_fire,intro,C'est un jour où vous ne vous sentez pas motivé pour travailler et où vous avez du mal à vous concentrer.,1
work_C_hwa_ex_fire,effect,Le manque d’énergie réduit la vitesse globale et la qualité du travail.,1
work_C_hwa_ex_fire,action,Faites simplement le strict minimum de tâches essentielles et n’en faites pas trop.,1
work_C_hwa_ex_fire,state,"Il est facile que les émotions s’entrechoquent, et l’énergie claire peut s’écouler dans une atmosphère excitée, ce qui trouble la prudence.",1
work_C_hwa_ex_water,intro,C'est un jour où vous ne vous sentez pas motivé pour travailler et où vous avez du mal à vous concentrer.,1
work_C_hwa_ex_water,effect,Le manque d’énergie réduit la vitesse globale et la qualité du travail.,1
work_C_hwa_ex_water,action,Faites simplement le strict minimum de tâches essentielles et n’en faites pas trop.,1
work_C_hwa_ex_water,state,"Il est facile que les émotions entrent en conflit, et l'énergie de la pluie et de la neige peut stimuler les émotions et les sentiments intérieurs, ce qui peut augmenter l'impact.",1
work_C_hwa_ex_wood,intro,C'est un jour où vous ne vous sentez pas motivé pour travailler et où vous avez du mal à vous concentrer.,1
work_C_hwa_ex_wood,effect,Le manque d’énergie réduit la vitesse globale et la qualité du travail.,1
work_C_hwa_ex_wood,action,Faites simplement le strict minimum de tâches essentielles et n’en faites pas trop.,1
work_C_hwa_ex_wood,state,"Il est facile que les émotions s’entrechoquent, et la forte énergie du changement peut bouleverser le rythme et conduire à des variables inattendues.",1
work_C_mok_df_earth,intro,C’est un jour où la capacité de travail est temporairement bloquée et les progrès ralentis.,1
work_C_mok_df_earth,effect,Les capacités stagnantes diminuent les performances au travail et réduisent les opportunités.,1
work_C_mok_df_earth,action,Restez stable dans votre rôle actuel plutôt que d'essayer quelque chose de nouveau.,1
work_C_mok_df_earth,state,"L’hésitation à essayer de nouvelles choses peut ralentir les progrès, et une énergie trouble peut ralentir votre rythme et alourdir vos pensées.",1
work_C_mok_df_fire,intro,C’est un jour où la capacité de travail est temporairement bloquée et les progrès ralentis.,1
work_C_mok_df_fire,effect,Les capacités stagnantes diminuent les performances au travail et réduisent les opportunités.,1
work_C_mok_df_fire,action,Restez stable dans votre rôle actuel plutôt que d'essayer quelque chose de nouveau.,1
work_C_mok_df_fire,state,"L’hésitation à essayer de nouvelles choses peut ralentir les progrès, et une énergie claire peut conduire à une atmosphère excitée, ce qui peut brouiller la prudence.",1
work_C_mok_df_water,intro,C’est un jour où la capacité de travail est temporairement bloquée et les progrès ralentis.,1
work_C_mok_df_water,effect,Les capacités stagnantes diminuent les performances au travail et réduisent les opportunités.,1
work_C_mok_df_water,action,Restez stable dans votre rôle actuel plutôt que d'essayer quelque chose de nouveau.,1
work_C_mok_df_water,state,"L'hésitation à essayer de nouvelles choses peut ralentir les progrès, et l'énergie de la pluie et de la neige peut stimuler vos émotions et votre moi intérieur, ce qui peut augmenter l'impact.",1
work_C_mok_df_wood,intro,C’est un jour où la capacité de travail est temporairement bloquée et les progrès ralentis.,1
work_C_mok_df_wood,effect,Les capacités stagnantes diminuent les performances au travail et réduisent les opportunités.,1
work_C_mok_df_wood,action,Restez stable dans votre rôle actuel plutôt que d'essayer quelque chose de nouveau.,1
work_C_mok_df_wood,state,"L’hésitation à essayer de nouvelles choses peut ralentir les progrès, et la forte énergie du changement peut bouleverser le rythme et conduire à des variables inattendues.",1
work_C_mok_ex_earth,intro,C’est un jour où la capacité de travail est temporairement bloquée et les progrès ralentis.,1
work_C_mok_ex_earth,effect,Les capacités stagnantes diminuent les performances au travail et réduisent les opportunités.,1
work_C_mok_ex_earth,action,Restez stable dans votre rôle actuel plutôt que d'essayer quelque chose de nouveau.,1
work_C_mok_ex_earth,state,"Une motivation excessive peut vous amener à en faire trop, et une énergie trouble peut vous ralentir et alourdir vos pensées.",1
work_C_mok_ex_fire,intro,C’est un jour où la capacité de travail est temporairement bloquée et les progrès ralentis.,1
work_C_mok_ex_fire,effect,Les capacités stagnantes diminuent les performances au travail et réduisent les opportunités.,1
work_C_mok_ex_fire,action,Restez stable dans votre rôle actuel plutôt que d'essayer quelque chose de nouveau.,1
work_C_mok_ex_fire,state,"Si vous êtes trop motivé, vous risquez de vous forcer à faire des choses et votre énergie claire peut se répandre dans une atmosphère excitée, ce qui peut brouiller votre prudence.",1
work_C_mok_ex_water,intro,C’est un jour où la capacité de travail est temporairement bloquée et les progrès ralentis.,1
work_C_mok_ex_water,effect,Les capacités stagnantes diminuent les performances au travail et réduisent les opportunités.,1
work_C_mok_ex_water,action,Restez stable dans votre rôle actuel plutôt que d'essayer quelque chose de nouveau.,1
work_C_mok_ex_water,state,"Si vous êtes trop motivé, vous risquez d'en faire trop, et l'énergie de la pluie et de la neige peut stimuler vos émotions et votre moi intérieur, ce qui peut augmenter l'impact.",1
work_C_mok_ex_wood,intro,C’est un jour où la capacité de travail est temporairement bloquée et les progrès ralentis.,1
work_C_mok_ex_wood,effect,Les capacités stagnantes diminuent les performances au travail et réduisent les opportunités.,1
work_C_mok_ex_wood,action,Restez stable dans votre rôle actuel plutôt que d'essayer quelque chose de nouveau.,1
work_C_mok_ex_wood,state,"Une motivation excessive peut conduire à en faire trop, et la forte énergie du changement peut bouleverser le rythme et conduire à des variables inattendues.",1
work_C_su_df_earth,intro,C'est un jour où la communication au travail est bloquée et où des conflits sont susceptibles de surgir en matière de collaboration.,1
work_C_su_df_earth,effect,"Les erreurs de communication se répètent, retardant le travail de toute l’équipe.",1
work_C_su_df_earth,action,Communiquez et confirmez clairement avant que des malentendus ne surviennent.,1
work_C_su_df_earth,state,"Il est facile de perdre la trace du flux en raison d'un manque de flexibilité, et une énergie trouble peut vous ralentir et alourdir vos pensées.",1
work_C_su_df_fire,intro,C'est un jour où la communication au travail est bloquée et où des conflits sont susceptibles de surgir en matière de collaboration.,1
work_C_su_df_fire,effect,"Les erreurs de communication se répètent, retardant le travail de toute l’équipe.",1
work_C_su_df_fire,action,Communiquez et confirmez clairement avant que des malentendus ne surviennent.,1
work_C_su_df_fire,state,"En raison du manque de flexibilité, il est facile de perdre la trace du flux et l’énergie claire peut s’écouler dans une atmosphère excitée, ce qui peut brouiller votre prudence.",1
work_C_su_df_water,intro,C'est un jour où la communication au travail est bloquée et où des conflits sont susceptibles de surgir en matière de collaboration.,1
work_C_su_df_water,effect,"Les erreurs de communication se répètent, retardant le travail de toute l’équipe.",1
work_C_su_df_water,action,Communiquez et confirmez clairement avant que des malentendus ne surviennent.,1
work_C_su_df_water,state,"En raison du manque de flexibilité, il est facile de perdre la trace du flux, et l'énergie de la pluie et de la neige peut stimuler les émotions et le moi intérieur, ce qui peut augmenter l'impact.",1
work_C_su_df_wood,intro,C'est un jour où la communication au travail est bloquée et où des conflits sont susceptibles de surgir en matière de collaboration.,1
work_C_su_df_wood,effect,"Les erreurs de communication se répètent, retardant le travail de toute l’équipe.",1
work_C_su_df_wood,action,Communiquez et confirmez clairement avant que des malentendus ne surviennent.,1
work_C_su_df_wood,state,"En raison du manque de flexibilité, il est facile de perdre le fil du flux, et la forte énergie du changement peut bouleverser le rythme et conduire à des variables inattendues.",1
work_C_su_ex_earth,intro,C'est un jour où la communication au travail est bloquée et où des conflits sont susceptibles de surgir en matière de collaboration.,1
work_C_su_ex_earth,effect,"Les erreurs de communication se répètent, retardant le travail de toute l’équipe.",1
work_C_su_ex_earth,action,Communiquez et confirmez clairement avant que des malentendus ne surviennent.,1
work_C_su_ex_earth,state,"Il est facile que votre jugement soit obscurci par des émotions débordantes, et l’énergie trouble peut vous ralentir et alourdir vos pensées.",1
work_C_su_ex_fire,intro,C'est un jour où la communication au travail est bloquée et où des conflits sont susceptibles de surgir en matière de collaboration.,1
work_C_su_ex_fire,effect,"Les erreurs de communication se répètent, retardant le travail de toute l’équipe.",1
work_C_su_ex_fire,action,Communiquez et confirmez clairement avant que des malentendus ne surviennent.,1
work_C_su_ex_fire,state,"Le jugement peut facilement être obscurci par des émotions débordantes, et l’énergie claire peut s’écouler dans une atmosphère excitée, ce qui peut obscurcir la prudence.",1
work_C_su_ex_water,intro,C'est un jour où la communication au travail est bloquée et où des conflits sont susceptibles de surgir en matière de collaboration.,1
work_C_su_ex_water,effect,"Les erreurs de communication se répètent, retardant le travail de toute l’équipe.",1
work_C_su_ex_water,action,Communiquez et confirmez clairement avant que des malentendus ne surviennent.,1
work_C_su_ex_water,state,"Il est facile que votre jugement s'obscurcisse à cause d'émotions débordantes, et l'énergie de la pluie et de la neige peut stimuler vos émotions et votre moi intérieur, ce qui peut augmenter l'impact.",1
work_C_su_ex_wood,intro,C'est un jour où la communication au travail est bloquée et où des conflits sont susceptibles de surgir en matière de collaboration.,1
work_C_su_ex_wood,effect,"Les erreurs de communication se répètent, retardant le travail de toute l’équipe.",1
work_C_su_ex_wood,action,Communiquez et confirmez clairement avant que des malentendus ne surviennent.,1
work_C_su_ex_wood,state,"Le jugement peut facilement être obscurci par les émotions, et la forte énergie du changement peut bouleverser le rythme et conduire à des variables inattendues.",1
work_C_to_df_earth,intro,C’est un jour où la stabilité du travail est faible et où les erreurs et les retards se répètent.,1
work_C_to_df_earth,effect,Un état instable ébranle l’ensemble du travail et dégrade les résultats.,1
work_C_to_df_earth,action,Demandez de l’aide à vos collègues pour les tâches fastidieuses.,1
work_C_to_df_earth,state,"Parce que votre centre est ébranlé, il est facile de se laisser influencer par votre environnement, et une énergie trouble peut vous ralentir et alourdir vos pensées.",1
work_C_to_df_fire,intro,C’est un jour où la stabilité du travail est faible et où les erreurs et les retards se répètent.,1
work_C_to_df_fire,effect,Un état instable ébranle l’ensemble du travail et dégrade les résultats.,1
work_C_to_df_fire,action,Demandez de l’aide à vos collègues pour les tâches fastidieuses.,1
work_C_to_df_fire,state,"Parce que votre centre est ébranlé, il est facile de se laisser influencer par ceux qui vous entourent et votre énergie claire peut couler dans une atmosphère excitée, ce qui peut brouiller votre prudence.",1
work_C_to_df_water,intro,C’est un jour où la stabilité du travail est faible et où les erreurs et les retards se répètent.,1
work_C_to_df_water,effect,Un état instable ébranle l’ensemble du travail et dégrade les résultats.,1
work_C_to_df_water,action,Demandez de l’aide à vos collègues pour les tâches fastidieuses.,1
work_C_to_df_water,state,"Parce que votre centre est ébranlé, il est facile de se laisser influencer par votre environnement, et l’énergie de la pluie et de la neige peut stimuler vos émotions et votre moi intérieur, ce qui peut augmenter l’impact.",1
work_C_to_df_wood,intro,C’est un jour où la stabilité du travail est faible et où les erreurs et les retards se répètent.,1
work_C_to_df_wood,effect,Un état instable ébranle l’ensemble du travail et dégrade les résultats.,1
work_C_to_df_wood,action,Demandez de l’aide à vos collègues pour les tâches fastidieuses.,1
work_C_to_df_wood,state,"Parce que le centre est ébranlé, il est facile de se laisser influencer par l'environnement, et la forte énergie du changement peut bouleverser le rythme et conduire à des variables inattendues.",1
work_C_to_ex_earth,intro,C’est un jour où la stabilité du travail est faible et où les erreurs et les retards se répètent.,1
work_C_to_ex_earth,effect,Un état instable ébranle l’ensemble du travail et dégrade les résultats.,1
work_C_to_ex_earth,action,Demandez de l’aide à vos collègues pour les tâches fastidieuses.,1
work_C_to_ex_earth,state,"Un esprit qui refuse de changer peut bloquer des opportunités, et une énergie trouble peut ralentir votre rythme et alourdir vos pensées.",1
work_C_to_ex_fire,intro,C’est un jour où la stabilité du travail est faible et où les erreurs et les retards se répètent.,1
work_C_to_ex_fire,effect,Un état instable ébranle l’ensemble du travail et dégrade les résultats.,1
work_C_to_ex_fire,action,Demandez de l’aide à vos collègues pour les tâches fastidieuses.,1
work_C_to_ex_fire,state,"Un esprit qui refuse de changer peut bloquer des opportunités, et une énergie claire peut couler dans une atmosphère excitée, obscurcissant la prudence.",1
work_C_to_ex_water,intro,C’est un jour où la stabilité du travail est faible et où les erreurs et les retards se répètent.,1
work_C_to_ex_water,effect,Un état instable ébranle l’ensemble du travail et dégrade les résultats.,1
work_C_to_ex_water,action,Demandez de l’aide à vos collègues pour les tâches fastidieuses.,1
work_C_to_ex_water,state,"Un esprit qui refuse de changer peut bloquer des opportunités, et l’énergie de la pluie et de la neige peut stimuler les émotions et les sentiments intérieurs, ce qui peut accroître l’impact.",1
work_C_to_ex_wood,intro,C’est un jour où la stabilité du travail est faible et où les erreurs et les retards se répètent.,1
work_C_to_ex_wood,effect,Un état instable ébranle l’ensemble du travail et dégrade les résultats.,1
work_C_to_ex_wood,action,Demandez de l’aide à vos collègues pour les tâches fastidieuses.,1
work_C_to_ex_wood,state,"Un refus de changement peut bloquer des opportunités, et la forte énergie du changement peut bouleverser le rythme et conduire à des variables inattendues.",1
work_C1,intro,"L'énergie au travail est assez faible aujourd'hui, il est donc préférable de se concentrer tranquillement sur ses tâches.",1
work_C1,intro,"Aujourd’hui, vous aurez beaucoup d’énergie de travail, vous devriez donc vous concentrer sur la réduction des erreurs plutôt que sur la gourmandise.",1
work_C1,effect,Une double vérification est importante car des erreurs ou des conflits involontaires peuvent survenir au travail.,1
work_C1,effect,C'est une journée sûre pour se concentrer uniquement sur votre rôle donné plutôt que d'essayer de nouvelles choses ou de suggérer de nouvelles choses.,1
work_C1,action,"Pour aujourd’hui, il vaut mieux effectuer tranquillement des tâches basiques plutôt que de chercher à se démarquer.",1
work_C1,action,Il est préférable de suspendre les décisions ou suggestions non urgentes jusqu’à ce que la situation s’améliore.,1
work_C1_geum_df_earth,intro,C’est un jour où la capacité de travail est considérablement réduite et où même les tâches les plus élémentaires deviennent difficiles.,1
work_C1_geum_df_earth,effect,La concentration devient extrêmement faible et les erreurs se répètent dans les tâches importantes.,1
work_C1_geum_df_earth,action,Ne faites que le minimum de travail aujourd’hui et reportez toute tâche déraisonnable.,1
work_C1_geum_df_earth,state,"En raison du manque de détermination, il est facile de faire des choix indécis, et une énergie trouble peut réduire la motivation et troubler le jugement.",1
work_C1_geum_df_fire,intro,C’est un jour où la capacité de travail est considérablement réduite et où même les tâches les plus élémentaires deviennent difficiles.,1
work_C1_geum_df_fire,effect,La concentration devient extrêmement faible et les erreurs se répètent dans les tâches importantes.,1
work_C1_geum_df_fire,action,Ne faites que le minimum de travail aujourd’hui et reportez toute tâche déraisonnable.,1
work_C1_geum_df_fire,state,"En raison du manque de détermination, il est facile de faire des choix indécis, et un Yang excité peut dissiper le calme et conduire à des erreurs mineures.",1
work_C1_geum_df_water,intro,C’est un jour où la capacité de travail est considérablement réduite et où même les tâches les plus élémentaires deviennent difficiles.,1
work_C1_geum_df_water,effect,La concentration devient extrêmement faible et les erreurs se répètent dans les tâches importantes.,1
work_C1_geum_df_water,action,Ne faites que le minimum de travail aujourd’hui et reportez toute tâche déraisonnable.,1
work_C1_geum_df_water,state,"En raison du manque de détermination, il est facile de faire des choix indécis, et l'énergie de la pluie et de la neige peut ne pas calmer vos émotions, ce qui rend votre cœur lourd.",1
work_C1_geum_df_wood,intro,C’est un jour où la capacité de travail est considérablement réduite et où même les tâches les plus élémentaires deviennent difficiles.,1
work_C1_geum_df_wood,effect,La concentration devient extrêmement faible et les erreurs se répètent dans les tâches importantes.,1
work_C1_geum_df_wood,action,Ne faites que le minimum de travail aujourd’hui et reportez toute tâche déraisonnable.,1
work_C1_geum_df_wood,state,"En raison du manque de détermination, il est facile de faire des choix indécis et l’énergie du changement peut continuer à interférer et à perturber les plans.",1
work_C1_geum_ex_earth,intro,C’est un jour où la capacité de travail est considérablement réduite et où même les tâches les plus élémentaires deviennent difficiles.,1
work_C1_geum_ex_earth,effect,La concentration devient extrêmement faible et les erreurs se répètent dans les tâches importantes.,1
work_C1_geum_ex_earth,action,Ne faites que le minimum de travail aujourd’hui et reportez toute tâche déraisonnable.,1
work_C1_geum_ex_earth,state,"La netteté peut aller trop loin et constituer un fardeau pour ceux qui vous entourent, et une énergie trouble peut réduire la motivation et brouiller votre jugement.",1
work_C1_geum_ex_fire,intro,C’est un jour où la capacité de travail est considérablement réduite et où même les tâches les plus élémentaires deviennent difficiles.,1
work_C1_geum_ex_fire,effect,La concentration devient extrêmement faible et les erreurs se répètent dans les tâches importantes.,1
work_C1_geum_ex_fire,action,Ne faites que le minimum de travail aujourd’hui et reportez toute tâche déraisonnable.,1
work_C1_geum_ex_fire,state,"Votre acuité peut aller trop loin et constituer un fardeau pour ceux qui vous entourent, et votre énergie excitée peut dissiper votre calme et conduire à des erreurs mineures.",1
work_C1_geum_ex_water,intro,C’est un jour où la capacité de travail est considérablement réduite et où même les tâches les plus élémentaires deviennent difficiles.,1
work_C1_geum_ex_water,effect,La concentration devient extrêmement faible et les erreurs se répètent dans les tâches importantes.,1
work_C1_geum_ex_water,action,Ne faites que le minimum de travail aujourd’hui et reportez toute tâche déraisonnable.,1
work_C1_geum_ex_water,state,"Votre acuité peut aller trop loin et faire peser un fardeau sur ceux qui vous entourent, et l'énergie de la pluie et de la neige ne peut pas calmer vos émotions, ce qui rend votre cœur lourd.",1
work_C1_geum_ex_wood,intro,C’est un jour où la capacité de travail est considérablement réduite et où même les tâches les plus élémentaires deviennent difficiles.,1
work_C1_geum_ex_wood,effect,La concentration devient extrêmement faible et les erreurs se répètent dans les tâches importantes.,1
work_C1_geum_ex_wood,action,Ne faites que le minimum de travail aujourd’hui et reportez toute tâche déraisonnable.,1
work_C1_geum_ex_wood,state,"Votre acuité peut aller trop loin et constituer un fardeau pour ceux qui vous entourent, et l'énergie du changement peut continuer à interférer avec vos projets.",1
work_C1_hwa_df_earth,intro,C'est un jour où vous n'ai presque aucune motivation pour travailler et où il est difficile d'accomplir même des tâches élémentaires.,1
work_C1_hwa_df_earth,effect,L’épuisement de l’énergie arrête tout le flux de travail.,1
work_C1_hwa_df_earth,action,Minimisez vos objectifs de travail pour la journée et donnez la priorité à la récupération.,1
work_C1_hwa_df_earth,state,"Il est facile que vos sentiments ne soient pas exprimés correctement en raison d’un blocage de l’expression, et une énergie trouble peut réduire la motivation et brouiller votre jugement.",1
work_C1_hwa_df_fire,intro,C'est un jour où vous n'ai presque aucune motivation pour travailler et où il est difficile d'accomplir même des tâches élémentaires.,1
work_C1_hwa_df_fire,effect,L’épuisement de l’énergie arrête tout le flux de travail.,1
work_C1_hwa_df_fire,action,Minimisez vos objectifs de travail pour la journée et donnez la priorité à la récupération.,1
work_C1_hwa_df_fire,state,"Il est facile que vos sentiments ne soient pas transmis correctement en raison d'un blocage de l'expression, et une énergie excitée peut disperser votre calme et conduire à des erreurs mineures.",1
work_C1_hwa_df_water,intro,C'est un jour où vous n'ai presque aucune motivation pour travailler et où il est difficile d'accomplir même des tâches élémentaires.,1
work_C1_hwa_df_water,effect,L’épuisement de l’énergie arrête tout le flux de travail.,1
work_C1_hwa_df_water,action,Minimisez vos objectifs de travail pour la journée et donnez la priorité à la récupération.,1
work_C1_hwa_df_water,state,"Parce que les expressions sont bloquées, il est facile que vos sentiments ne soient pas transmis correctement, et l'énergie de la pluie et de la neige ne peut pas calmer vos émotions, ce qui peut rendre votre cœur lourd.",1
work_C1_hwa_df_wood,intro,C'est un jour où vous n'ai presque aucune motivation pour travailler et où il est difficile d'accomplir même des tâches élémentaires.,1
work_C1_hwa_df_wood,effect,L’épuisement de l’énergie arrête tout le flux de travail.,1
work_C1_hwa_df_wood,action,Minimisez vos objectifs de travail pour la journée et donnez la priorité à la récupération.,1
work_C1_hwa_df_wood,state,"Il est facile que vos sentiments ne soient pas transmis correctement en raison d’un blocage de l’expression, et l’énergie du changement peut continuer à interférer et perturber vos plans.",1
work_C1_hwa_ex_earth,intro,C'est un jour où vous n'ai presque aucune motivation pour travailler et où il est difficile d'accomplir même des tâches élémentaires.,1
work_C1_hwa_ex_earth,effect,L’épuisement de l’énergie arrête tout le flux de travail.,1
work_C1_hwa_ex_earth,action,Minimisez vos objectifs de travail pour la journée et donnez la priorité à la récupération.,1
work_C1_hwa_ex_earth,state,"Il est facile pour les émotions de provoquer des frictions, même pour de petites choses, et une énergie trouble peut réduire la motivation et troubler le jugement.",1
work_C1_hwa_ex_fire,intro,C'est un jour où vous n'ai presque aucune motivation pour travailler et où il est difficile d'accomplir même des tâches élémentaires.,1
work_C1_hwa_ex_fire,effect,L’épuisement de l’énergie arrête tout le flux de travail.,1
work_C1_hwa_ex_fire,action,Minimisez vos objectifs de travail pour la journée et donnez la priorité à la récupération.,1
work_C1_hwa_ex_fire,state,"Il est facile pour les émotions de provoquer des frictions, même pour de petites choses, et une énergie excitée peut perturber votre calme et conduire à des erreurs mineures.",1
work_C1_hwa_ex_water,intro,C'est un jour où vous n'ai presque aucune motivation pour travailler et où il est difficile d'accomplir même des tâches élémentaires.,1
work_C1_hwa_ex_water,effect,L’épuisement de l’énergie arrête tout le flux de travail.,1
work_C1_hwa_ex_water,action,Minimisez vos objectifs de travail pour la journée et donnez la priorité à la récupération.,1
work_C1_hwa_ex_water,state,"Il est facile que des émotions surgissent, même pour de petites choses, et l'énergie de la pluie et de la neige ne peut pas calmer vos émotions, ce qui rend votre cœur lourd.",1
work_C1_hwa_ex_wood,intro,C'est un jour où vous n'ai presque aucune motivation pour travailler et où il est difficile d'accomplir même des tâches élémentaires.,1
work_C1_hwa_ex_wood,effect,L’épuisement de l’énergie arrête tout le flux de travail.,1
work_C1_hwa_ex_wood,action,Minimisez vos objectifs de travail pour la journée et donnez la priorité à la récupération.,1
work_C1_hwa_ex_wood,state,"Si vous êtes motivé par les émotions, il est facile que des frictions surviennent, même pour de petites choses, et l'énergie du changement peut continuer à interférer et à perturber vos projets.",1
work_C1_mok_df_earth,intro,C’est un jour où la croissance des entreprises s’arrête complètement et où les capacités diminuent.,1
work_C1_mok_df_earth,effect,Le déclin des capacités bouleverse les travaux existants.,1
work_C1_mok_df_earth,action,Arrêtez complètement d’essayer de nouvelles choses et tenez-vous-en à l’essentiel.,1
work_C1_mok_df_earth,state,"Si vous hésitez longtemps, il est facile qu’une opportunité vous échappe, et une énergie trouble peut réduire votre motivation et brouiller votre jugement.",1
work_C1_mok_df_fire,intro,C’est un jour où la croissance des entreprises s’arrête complètement et où les capacités diminuent.,1
work_C1_mok_df_fire,effect,Le déclin des capacités bouleverse les travaux existants.,1
work_C1_mok_df_fire,action,Arrêtez complètement d’essayer de nouvelles choses et tenez-vous-en à l’essentiel.,1
work_C1_mok_df_fire,state,"Si vous hésitez longtemps, il est facile qu'une opportunité vous échappe et une énergie excitée peut dissiper votre calme et conduire à des erreurs mineures.",1
work_C1_mok_df_water,intro,C’est un jour où la croissance des entreprises s’arrête complètement et où les capacités diminuent.,1
work_C1_mok_df_water,effect,Le déclin des capacités bouleverse les travaux existants.,1
work_C1_mok_df_water,action,Arrêtez complètement d’essayer de nouvelles choses et tenez-vous-en à l’essentiel.,1
work_C1_mok_df_water,state,"Si vous hésitez longtemps, il est facile qu'une opportunité vous échappe, et l'énergie de la pluie et de la neige ne peut pas calmer vos émotions, ce qui rend votre cœur lourd.",1
work_C1_mok_df_wood,intro,C’est un jour où la croissance des entreprises s’arrête complètement et où les capacités diminuent.,1
work_C1_mok_df_wood,effect,Le déclin des capacités bouleverse les travaux existants.,1
work_C1_mok_df_wood,action,Arrêtez complètement d’essayer de nouvelles choses et tenez-vous-en à l’essentiel.,1
work_C1_mok_df_wood,state,"Si vous hésitez longtemps, il est facile qu’une opportunité vous échappe et l’énergie du changement peut continuer à interférer et à perturber vos projets.",1
work_C1_mok_ex_earth,intro,C’est un jour où la croissance des entreprises s’arrête complètement et où les capacités diminuent.,1
work_C1_mok_ex_earth,effect,Le déclin des capacités bouleverse les travaux existants.,1
work_C1_mok_ex_earth,action,Arrêtez complètement d’essayer de nouvelles choses et tenez-vous-en à l’essentiel.,1
work_C1_mok_ex_earth,state,"Il est facile pour l’avidité de conduire à des choses qui ne peuvent être comprises, et une énergie trouble peut réduire la motivation et troubler le jugement.",1
work_C1_mok_ex_fire,intro,C’est un jour où la croissance des entreprises s’arrête complètement et où les capacités diminuent.,1
work_C1_mok_ex_fire,effect,Le déclin des capacités bouleverse les travaux existants.,1
work_C1_mok_ex_fire,action,Arrêtez complètement d’essayer de nouvelles choses et tenez-vous-en à l’essentiel.,1
work_C1_mok_ex_fire,state,"Il est facile de devenir gourmand et de faire des choses que vous ne pouvez pas contrôler, et une énergie excitée peut perturber votre calme et conduire à des erreurs mineures.",1
work_C1_mok_ex_water,intro,C’est un jour où la croissance des entreprises s’arrête complètement et où les capacités diminuent.,1
work_C1_mok_ex_water,effect,Le déclin des capacités bouleverse les travaux existants.,1
work_C1_mok_ex_water,action,Arrêtez complètement d’essayer de nouvelles choses et tenez-vous-en à l’essentiel.,1
work_C1_mok_ex_water,state,"Il est facile de devenir gourmand et de faire des choses que vous ne pouvez pas contrôler, et l'énergie de la pluie et de la neige ne peut pas calmer vos émotions, ce qui rend votre cœur lourd.",1
work_C1_mok_ex_wood,intro,C’est un jour où la croissance des entreprises s’arrête complètement et où les capacités diminuent.,1
work_C1_mok_ex_wood,effect,Le déclin des capacités bouleverse les travaux existants.,1
work_C1_mok_ex_wood,action,Arrêtez complètement d’essayer de nouvelles choses et tenez-vous-en à l’essentiel.,1
work_C1_mok_ex_wood,state,"Il est facile de devenir cupide et de finir par faire des choses que vous ne pouvez pas contrôler, et l'énergie du changement peut continuer à interférer et à perturber vos plans.",1
work_C1_su_df_earth,intro,C’est un jour où la communication au travail est sérieusement perturbée et toute la collaboration est ébranlée.,1
work_C1_su_df_earth,effect,Le manque de communication paralyse le travail d’équipe et accroît les conflits.,1
work_C1_su_df_earth,action,Ne décidez pas aujourd’hui de questions de collaboration importantes et ne les remettez pas à plus tard.,1
work_C1_su_df_earth,state,"Il est facile de s'entêter et de perdre le fil des choses à plusieurs reprises, et une énergie trouble peut réduire la motivation et brouiller votre jugement.",1
work_C1_su_df_fire,intro,C’est un jour où la communication au travail est sérieusement perturbée et toute la collaboration est ébranlée.,1
work_C1_su_df_fire,effect,Le manque de communication paralyse le travail d’équipe et accroît les conflits.,1
work_C1_su_df_fire,action,Ne décidez pas aujourd’hui de questions de collaboration importantes et ne les remettez pas à plus tard.,1
work_C1_su_df_fire,state,"Il est facile de s'entêter et de perdre la trace du flux, et une énergie excitée peut perturber votre calme et conduire à des erreurs mineures.",1
work_C1_su_df_water,intro,C’est un jour où la communication au travail est sérieusement perturbée et toute la collaboration est ébranlée.,1
work_C1_su_df_water,effect,Le manque de communication paralyse le travail d’équipe et accroît les conflits.,1
work_C1_su_df_water,action,Ne décidez pas aujourd’hui de questions de collaboration importantes et ne les remettez pas à plus tard.,1
work_C1_su_df_water,state,"Il est facile de devenir têtu et de perdre la trace du flux, et l'énergie de la pluie et de la neige ne peut pas calmer vos émotions, ce qui rend votre cœur lourd.",1
work_C1_su_df_wood,intro,C’est un jour où la communication au travail est sérieusement perturbée et toute la collaboration est ébranlée.,1
work_C1_su_df_wood,effect,Le manque de communication paralyse le travail d’équipe et accroît les conflits.,1
work_C1_su_df_wood,action,Ne décidez pas aujourd’hui de questions de collaboration importantes et ne les remettez pas à plus tard.,1
work_C1_su_df_wood,state,"Il est facile de s'entêter et de perdre le fil des choses à plusieurs reprises, et l'énergie du changement peut continuer à interférer et perturber vos plans.",1
work_C1_su_ex_earth,intro,C’est un jour où la communication au travail est sérieusement perturbée et toute la collaboration est ébranlée.,1
work_C1_su_ex_earth,effect,Le manque de communication paralyse le travail d’équipe et accroît les conflits.,1
work_C1_su_ex_earth,action,Ne décidez pas aujourd’hui de questions de collaboration importantes et ne les remettez pas à plus tard.,1
work_C1_su_ex_earth,state,"Les émotions deviennent plus profondes, il est donc facile d'être secoué par des stimuli, même minimes, et une énergie trouble peut réduire la motivation et le jugement trouble.",1
work_C1_su_ex_fire,intro,C’est un jour où la communication au travail est sérieusement perturbée et toute la collaboration est ébranlée.,1
work_C1_su_ex_fire,effect,Le manque de communication paralyse le travail d’équipe et accroît les conflits.,1
work_C1_su_ex_fire,action,Ne décidez pas aujourd’hui de questions de collaboration importantes et ne les remettez pas à plus tard.,1
work_C1_su_ex_fire,state,"Les émotions deviennent profondes, il est donc facile d'être secoué par le moindre stimulus, et une énergie excitée peut perturber le calme et conduire à des erreurs mineures.",1
work_C1_su_ex_water,intro,C’est un jour où la communication au travail est sérieusement perturbée et toute la collaboration est ébranlée.,1
work_C1_su_ex_water,effect,Le manque de communication paralyse le travail d’équipe et accroît les conflits.,1
work_C1_su_ex_water,action,Ne décidez pas aujourd’hui de questions de collaboration importantes et ne les remettez pas à plus tard.,1
work_C1_su_ex_water,state,"À mesure que les émotions deviennent plus profondes, il est facile d'être secoué par le moindre stimulus, et l'énergie de la pluie et de la neige peut ne pas calmer les émotions, rendant le cœur lourd.",1
work_C1_su_ex_wood,intro,C’est un jour où la communication au travail est sérieusement perturbée et toute la collaboration est ébranlée.,1
work_C1_su_ex_wood,effect,Le manque de communication paralyse le travail d’équipe et accroît les conflits.,1
work_C1_su_ex_wood,action,Ne décidez pas aujourd’hui de questions de collaboration importantes et ne les remettez pas à plus tard.,1
work_C1_su_ex_wood,state,"À mesure que vos émotions s’approfondissent, il est facile d’être ébranlé par le moindre stimulus, et l’énergie du changement peut continuer à interférer et à perturber vos plans.",1
work_C1_to_df_earth,intro,C'est un jour où votre base de travail devient instable et tout votre emploi est en danger.,1
work_C1_to_df_earth,effect,L'état instable crée une série d'erreurs de travail.,1
work_C1_to_df_earth,action,Concentrez-vous sur la tâche la plus importante et laissez le reste à demain.,1
work_C1_to_df_earth,state,"Parce que vous n’êtes pas centré, vos décisions peuvent facilement changer, et une énergie trouble peut réduire votre motivation et brouiller votre jugement.",1
work_C1_to_df_fire,intro,C'est un jour où votre base de travail devient instable et tout votre emploi est en danger.,1
work_C1_to_df_fire,effect,L'état instable crée une série d'erreurs de travail.,1
work_C1_to_df_fire,action,Concentrez-vous sur la tâche la plus importante et laissez le reste à demain.,1
work_C1_to_df_fire,state,"Parce que vous n’êtes pas centré, il est facile de changer vos décisions et votre énergie excitée peut dissiper votre calme et conduire à des erreurs mineures.",1
work_C1_to_df_water,intro,C'est un jour où votre base de travail devient instable et tout votre emploi est en danger.,1
work_C1_to_df_water,effect,L'état instable crée une série d'erreurs de travail.,1
work_C1_to_df_water,action,Concentrez-vous sur la tâche la plus importante et laissez le reste à demain.,1
work_C1_to_df_water,state,"Parce que vous n’êtes pas centré, il est facile de changer vos décisions, et l’énergie de la pluie et de la neige ne peut pas calmer vos émotions, ce qui rend votre cœur lourd.",1
work_C1_to_df_wood,intro,C'est un jour où votre base de travail devient instable et tout votre emploi est en danger.,1
work_C1_to_df_wood,effect,L'état instable crée une série d'erreurs de travail.,1
work_C1_to_df_wood,action,Concentrez-vous sur la tâche la plus importante et laissez le reste à demain.,1
work_C1_to_df_wood,state,"Parce que vous n’êtes pas centré, vos décisions peuvent facilement changer et l’énergie du changement peut continuer à interférer avec vos projets.",1
work_C1_to_ex_earth,intro,C'est un jour où votre base de travail devient instable et tout votre emploi est en danger.,1
work_C1_to_ex_earth,effect,L'état instable crée une série d'erreurs de travail.,1
work_C1_to_ex_earth,action,Concentrez-vous sur la tâche la plus importante et laissez le reste à demain.,1
work_C1_to_ex_earth,state,"Il est facile d’ignorer les changements qui nécessitent une orientation obstinée vers la stabilité, et une énergie trouble peut réduire la motivation et le jugement.",1
work_C1_to_ex_fire,intro,C'est un jour où votre base de travail devient instable et tout votre emploi est en danger.,1
work_C1_to_ex_fire,effect,L'état instable crée une série d'erreurs de travail.,1
work_C1_to_ex_fire,action,Concentrez-vous sur la tâche la plus importante et laissez le reste à demain.,1
work_C1_to_ex_fire,state,"Il est facile d'ignorer les changements qui nécessitent une stabilité obstinée, et une énergie excitée peut perturber le calme et conduire à des erreurs mineures.",1
work_C1_to_ex_water,intro,C'est un jour où votre base de travail devient instable et tout votre emploi est en danger.,1
work_C1_to_ex_water,effect,L'état instable crée une série d'erreurs de travail.,1
work_C1_to_ex_water,action,Concentrez-vous sur la tâche la plus importante et laissez le reste à demain.,1
work_C1_to_ex_water,state,"Il est facile d'ignorer les changements qui nécessitent une stabilité obstinée, et l'énergie de la pluie et de la neige peut ne pas calmer vos émotions, ce qui rend votre cœur lourd.",1
work_C1_to_ex_wood,intro,C'est un jour où votre base de travail devient instable et tout votre emploi est en danger.,1
work_C1_to_ex_wood,effect,L'état instable crée une série d'erreurs de travail.,1
work_C1_to_ex_wood,action,Concentrez-vous sur la tâche la plus importante et laissez le reste à demain.,1
work_C1_to_ex_wood,state,"Il est facile d’ignorer les changements qui nécessitent une orientation obstinée vers la stabilité, et l’énergie du changement peut continuer à interférer et à perturber vos plans.",1
work_D,intro,"L’énergie de travail est au plus bas aujourd’hui, il est donc prudent de ne jouer que le strict minimum.",1
work_D,intro,"L’énergie de travail est très faible aujourd’hui, vous devez donc faire attention lorsque vous essayez de nouvelles choses ainsi que des tâches existantes.",1
work_D,effect,"C'est un jour où les erreurs de travail et les conflits sont plusieurs fois plus susceptibles de se produire que d'habitude, et chaque action doit être revérifiée.",1
work_D,effect,"Une nouvelle tâche que vous commencez aujourd’hui peut devenir un gros fardeau plus tard, il est donc préférable d’attendre avant de la démarrer.",1
work_D,action,"Au travail aujourd’hui, restez silencieux et évitez de faire des actions ou des remarques accrocheuses.",1
work_D,action,Déléguez ce qui peut être délégué et révisez deux fois avant de procéder à ce qui doit être fait seul.,1
work_D_geum_df_earth,intro,C'est un jour où la capacité de travail est au plus bas et où il est difficile de gérer correctement une tâche.,1
work_D_geum_df_earth,effect,Un déclin complet de la capacité de travail aggrave tous les résultats.,1
work_D_geum_df_earth,action,Réduisez votre charge de travail au minimum aujourd’hui et concentrez-vous sur votre rétablissement.,1
work_D_geum_df_earth,state,"Votre détermination peut être grandement brisée, et tout choix que vous faites peut entraîner des regrets, et l’énergie épaisse et trouble peut tout ralentir considérablement.",1
work_D_geum_df_fire,intro,C'est un jour où la capacité de travail est au plus bas et où il est difficile de gérer correctement une tâche.,1
work_D_geum_df_fire,effect,Un déclin complet de la capacité de travail aggrave tous les résultats.,1
work_D_geum_df_fire,action,Réduisez votre charge de travail au minimum aujourd’hui et concentrez-vous sur votre rétablissement.,1
work_D_geum_df_fire,state,"La capacité de décision peut être considérablement affaiblie et tout choix peut conduire à des regrets, et un yang fort peut encourager les impulsions et conduire à des actions imprudentes.",1
work_D_geum_df_water,intro,C'est un jour où la capacité de travail est au plus bas et où il est difficile de gérer correctement une tâche.,1
work_D_geum_df_water,effect,Un déclin complet de la capacité de travail aggrave tous les résultats.,1
work_D_geum_df_water,action,Réduisez votre charge de travail au minimum aujourd’hui et concentrez-vous sur votre rétablissement.,1
work_D_geum_df_water,state,"Votre détermination peut être grandement brisée et tout choix que vous faites peut entraîner des regrets, et la force des fortes pluies et de la neige peut ébranler violemment vos émotions, rendant difficile leur contrôle.",1
work_D_geum_df_wood,intro,C'est un jour où la capacité de travail est au plus bas et où il est difficile de gérer correctement une tâche.,1
work_D_geum_df_wood,effect,Un déclin complet de la capacité de travail aggrave tous les résultats.,1
work_D_geum_df_wood,action,Réduisez votre charge de travail au minimum aujourd’hui et concentrez-vous sur votre rétablissement.,1
work_D_geum_df_wood,state,"Votre détermination peut être grandement brisée, tout choix que vous faites peut se terminer par des regrets et la féroce énergie du changement peut égarer toutes vos prédictions.",1
work_D_geum_ex_earth,intro,C'est un jour où la capacité de travail est au plus bas et où il est difficile de gérer correctement une tâche.,1
work_D_geum_ex_earth,effect,Un déclin complet de la capacité de travail aggrave tous les résultats.,1
work_D_geum_ex_earth,action,Réduisez votre charge de travail au minimum aujourd’hui et concentrez-vous sur votre rétablissement.,1
work_D_geum_ex_earth,state,"Si la netteté va trop loin, cela peut créer une profonde rupture avec l’environnement, et l’épaisse énergie nuageuse peut tout ralentir considérablement.",1
work_D_geum_ex_fire,intro,C'est un jour où la capacité de travail est au plus bas et où il est difficile de gérer correctement une tâche.,1
work_D_geum_ex_fire,effect,Un déclin complet de la capacité de travail aggrave tous les résultats.,1
work_D_geum_ex_fire,action,Réduisez votre charge de travail au minimum aujourd’hui et concentrez-vous sur votre rétablissement.,1
work_D_geum_ex_fire,state,"La netteté peut aller trop loin et créer de profondes divisions avec ceux qui vous entourent, et un yang fort peut encourager les impulsions et conduire à des actions imprudentes.",1
work_D_geum_ex_water,intro,C'est un jour où la capacité de travail est au plus bas et où il est difficile de gérer correctement une tâche.,1
work_D_geum_ex_water,effect,Un déclin complet de la capacité de travail aggrave tous les résultats.,1
work_D_geum_ex_water,action,Réduisez votre charge de travail au minimum aujourd’hui et concentrez-vous sur votre rétablissement.,1
work_D_geum_ex_water,state,"La netteté peut aller trop loin et créer de profondes fissures avec l'environnement, et la force de fortes pluies et de neige peut ébranler violemment vos émotions, rendant difficile leur contrôle.",1
work_D_geum_ex_wood,intro,C'est un jour où la capacité de travail est au plus bas et où il est difficile de gérer correctement une tâche.,1
work_D_geum_ex_wood,effect,Un déclin complet de la capacité de travail aggrave tous les résultats.,1
work_D_geum_ex_wood,action,Réduisez votre charge de travail au minimum aujourd’hui et concentrez-vous sur votre rétablissement.,1
work_D_geum_ex_wood,state,"La netteté peut aller trop loin et créer de profondes fissures avec l’environnement, et l’énergie féroce du changement peut égarer toutes les prédictions.",1
work_D_hwa_df_earth,intro,Ce sont des jours où la motivation au travail est complètement épuisée et où aucune motivation ne fonctionne.,1
work_D_hwa_df_earth,effect,La faible énergie paralyse l’ensemble du travail.,1
work_D_hwa_df_earth,action,Minimisez votre travail aujourd’hui et rechargez-vous avant de commencer demain.,1
work_D_hwa_df_earth,state,"La manière de transmettre ses sentiments est complètement fermée, ce qui peut aggraver les malentendus et la déconnexion, et l'énergie épaisse et trouble peut tout ralentir considérablement.",1
work_D_hwa_df_fire,intro,Ce sont des jours où la motivation au travail est complètement épuisée et où aucune motivation ne fonctionne.,1
work_D_hwa_df_fire,effect,La faible énergie paralyse l’ensemble du travail.,1
work_D_hwa_df_fire,action,Minimisez votre travail aujourd’hui et rechargez-vous avant de commencer demain.,1
work_D_hwa_df_fire,state,"La manière de communiquer ses sentiments est complètement fermée, ce qui peut aggraver les malentendus et la déconnexion, et une forte énergie positive peut encourager les impulsions et conduire à des actions imprudentes.",1
work_D_hwa_df_water,intro,Ce sont des jours où la motivation au travail est complètement épuisée et où aucune motivation ne fonctionne.,1
work_D_hwa_df_water,effect,La faible énergie paralyse l’ensemble du travail.,1
work_D_hwa_df_water,action,Minimisez votre travail aujourd’hui et rechargez-vous avant de commencer demain.,1
work_D_hwa_df_water,state,"La manière de communiquer ses sentiments est complètement fermée, ce qui peut aggraver les malentendus et la déconnexion, et la force des fortes pluies et de la neige peut ébranler violemment les émotions, rendant difficile leur contrôle.",1
work_D_hwa_df_wood,intro,Ce sont des jours où la motivation au travail est complètement épuisée et où aucune motivation ne fonctionne.,1
work_D_hwa_df_wood,effect,La faible énergie paralyse l’ensemble du travail.,1
work_D_hwa_df_wood,action,Minimisez votre travail aujourd’hui et rechargez-vous avant de commencer demain.,1
work_D_hwa_df_wood,state,"La manière de communiquer ses sentiments est complètement fermée, les malentendus et la déconnexion peuvent s'approfondir, et l'énergie féroce du changement peut égarer toutes les prédictions.",1
work_D_hwa_ex_earth,intro,Ce sont des jours où la motivation au travail est complètement épuisée et où aucune motivation ne fonctionne.,1
work_D_hwa_ex_earth,effect,La faible énergie paralyse l’ensemble du travail.,1
work_D_hwa_ex_earth,action,Minimisez votre travail aujourd’hui et rechargez-vous avant de commencer demain.,1
work_D_hwa_ex_earth,state,"Les émotions surchauffées peuvent se transformer en un conflit irréparable, et l’épaisse énergie nuageuse peut tout ralentir considérablement.",1
work_D_hwa_ex_fire,intro,Ce sont des jours où la motivation au travail est complètement épuisée et où aucune motivation ne fonctionne.,1
work_D_hwa_ex_fire,effect,La faible énergie paralyse l’ensemble du travail.,1
work_D_hwa_ex_fire,action,Minimisez votre travail aujourd’hui et rechargez-vous avant de commencer demain.,1
work_D_hwa_ex_fire,state,"Des émotions surchauffées peuvent conduire à des conflits irréversibles, et un yang fort peut encourager les impulsions et conduire à des actions imprudentes.",1
work_D_hwa_ex_water,intro,Ce sont des jours où la motivation au travail est complètement épuisée et où aucune motivation ne fonctionne.,1
work_D_hwa_ex_water,effect,La faible énergie paralyse l’ensemble du travail.,1
work_D_hwa_ex_water,action,Minimisez votre travail aujourd’hui et rechargez-vous avant de commencer demain.,1
work_D_hwa_ex_water,state,"Les émotions surchauffées peuvent se transformer en un conflit irréparable, et la force des fortes pluies et de la neige secoue violemment les émotions, rendant le contrôle difficile.",1
work_D_hwa_ex_wood,intro,Ce sont des jours où la motivation au travail est complètement épuisée et où aucune motivation ne fonctionne.,1
work_D_hwa_ex_wood,effect,La faible énergie paralyse l’ensemble du travail.,1
work_D_hwa_ex_wood,action,Minimisez votre travail aujourd’hui et rechargez-vous avant de commencer demain.,1
work_D_hwa_ex_wood,state,"Des émotions surchauffées peuvent se transformer en un conflit irréparable, et l’énergie féroce du changement peut égarer toutes les prédictions.",1
work_D_mok_df_earth,intro,C’est un jour où votre capacité de travail est au plus bas et toute tentative que vous faites devient contre-productive.,1
work_D_mok_df_earth,effect,L’épuisement des compétences entraîne l’effondrement du travail global.,1
work_D_mok_df_earth,action,Arrêtez de travailler aujourd'hui et reposez-vous complètement.,1
work_D_mok_df_earth,state,"La peur peut complètement vous empêcher d’agir et même vous faire perdre des opportunités, et l’épaisse énergie nuageuse peut tout ralentir considérablement.",1
work_D_mok_df_fire,intro,C’est un jour où votre capacité de travail est au plus bas et toute tentative que vous faites devient contre-productive.,1
work_D_mok_df_fire,effect,L’épuisement des compétences entraîne l’effondrement du travail global.,1
work_D_mok_df_fire,action,Arrêtez de travailler aujourd'hui et reposez-vous complètement.,1
work_D_mok_df_fire,state,"La peur peut arrêter complètement une action et même entraîner une perte d’opportunités, et une forte énergie positive peut encourager les impulsions et conduire à des actions imprudentes.",1
work_D_mok_df_water,intro,C’est un jour où votre capacité de travail est au plus bas et toute tentative que vous faites devient contre-productive.,1
work_D_mok_df_water,effect,L’épuisement des compétences entraîne l’effondrement du travail global.,1
work_D_mok_df_water,action,Arrêtez de travailler aujourd'hui et reposez-vous complètement.,1
work_D_mok_df_water,state,"La peur peut vous empêcher complètement d’agir et même vous faire perdre des opportunités, et la force des fortes pluies et de la neige peut tellement ébranler vos émotions qu’il devient difficile de les contrôler.",1
work_D_mok_df_wood,intro,C’est un jour où votre capacité de travail est au plus bas et toute tentative que vous faites devient contre-productive.,1
work_D_mok_df_wood,effect,L’épuisement des compétences entraîne l’effondrement du travail global.,1
work_D_mok_df_wood,action,Arrêtez de travailler aujourd'hui et reposez-vous complètement.,1
work_D_mok_df_wood,state,"La peur peut arrêter complètement l’action et même conduire à la perte d’opportunités, et l’énergie féroce du changement peut égarer toutes les prédictions.",1
work_D_mok_ex_earth,intro,C’est un jour où votre capacité de travail est au plus bas et toute tentative que vous faites devient contre-productive.,1
work_D_mok_ex_earth,effect,L’épuisement des compétences entraîne l’effondrement du travail global.,1
work_D_mok_ex_earth,action,Arrêtez de travailler aujourd'hui et reposez-vous complètement.,1
work_D_mok_ex_earth,state,"Une motivation incontrôlable peut conduire à des accidents déraisonnables, et une énergie nuageuse et épaisse peut tout ralentir considérablement.",1
work_D_mok_ex_fire,intro,C’est un jour où votre capacité de travail est au plus bas et toute tentative que vous faites devient contre-productive.,1
work_D_mok_ex_fire,effect,L’épuisement des compétences entraîne l’effondrement du travail global.,1
work_D_mok_ex_fire,action,Arrêtez de travailler aujourd'hui et reposez-vous complètement.,1
work_D_mok_ex_fire,state,"Une motivation incontrôlable peut conduire à des accidents déraisonnables, et une forte énergie positive peut encourager les impulsions et conduire à des actions imprudentes.",1
work_D_mok_ex_water,intro,C’est un jour où votre capacité de travail est au plus bas et toute tentative que vous faites devient contre-productive.,1
work_D_mok_ex_water,effect,L’épuisement des compétences entraîne l’effondrement du travail global.,1
work_D_mok_ex_water,action,Arrêtez de travailler aujourd'hui et reposez-vous complètement.,1
work_D_mok_ex_water,state,"Une motivation incontrôlable peut conduire à des accidents déraisonnables, et la force des fortes pluies et de la neige peut ébranler violemment les émotions, rendant le contrôle difficile.",1
work_D_mok_ex_wood,intro,C’est un jour où votre capacité de travail est au plus bas et toute tentative que vous faites devient contre-productive.,1
work_D_mok_ex_wood,effect,L’épuisement des compétences entraîne l’effondrement du travail global.,1
work_D_mok_ex_wood,action,Arrêtez de travailler aujourd'hui et reposez-vous complètement.,1
work_D_mok_ex_wood,state,"Une motivation incontrôlable peut conduire à une réflexion déraisonnable, et l’énergie féroce du changement peut égarer toutes les prédictions.",1
work_D_su_df_earth,intro,C’est un jour où la communication au travail est complètement coupée et la collaboration impossible.,1
work_D_su_df_earth,effect,Une rupture de communication a le pire impact sur le travail de toute l’équipe.,1
work_D_su_df_earth,action,Transférez toutes les tâches de collaboration d’aujourd’hui vers demain.,1
work_D_su_df_earth,state,"Une attitude rigide bloque tout flux, rendant la progression difficile, et une énergie épaisse et trouble peut tout ralentir considérablement.",1
work_D_su_df_fire,intro,C’est un jour où la communication au travail est complètement coupée et la collaboration impossible.,1
work_D_su_df_fire,effect,Une rupture de communication a le pire impact sur le travail de toute l’équipe.,1
work_D_su_df_fire,action,Transférez toutes les tâches de collaboration d’aujourd’hui vers demain.,1
work_D_su_df_fire,state,"Une attitude rigide bloque tout flux, rendant les progrès difficiles, et une forte énergie positive peut encourager les impulsions et conduire à des actions imprudentes.",1
work_D_su_df_water,intro,C’est un jour où la communication au travail est complètement coupée et la collaboration impossible.,1
work_D_su_df_water,effect,Une rupture de communication a le pire impact sur le travail de toute l’équipe.,1
work_D_su_df_water,action,Transférez toutes les tâches de collaboration d’aujourd’hui vers demain.,1
work_D_su_df_water,state,"Une attitude rigide bloque tout flux, rendant la progression difficile, et la force des fortes pluies et de la neige secoue violemment les émotions, rendant le contrôle difficile.",1
work_D_su_df_wood,intro,C’est un jour où la communication au travail est complètement coupée et la collaboration impossible.,1
work_D_su_df_wood,effect,Une rupture de communication a le pire impact sur le travail de toute l’équipe.,1
work_D_su_df_wood,action,Transférez toutes les tâches de collaboration d’aujourd’hui vers demain.,1
work_D_su_df_wood,state,"Une attitude rigide bloque tout flux, rendant les progrès difficiles, et l’énergie féroce du changement peut égarer toutes les prédictions.",1
work_D_su_ex_earth,intro,C’est un jour où la communication au travail est complètement coupée et la collaboration impossible.,1
work_D_su_ex_earth,effect,Une rupture de communication a le pire impact sur le travail de toute l’équipe.,1
work_D_su_ex_earth,action,Transférez toutes les tâches de collaboration d’aujourd’hui vers demain.,1
work_D_su_ex_earth,state,"Le torrent d’émotions peut submerger la raison et conduire à de grosses erreurs, et l’énergie épaisse et trouble peut tout ralentir considérablement.",1
work_D_su_ex_fire,intro,C’est un jour où la communication au travail est complètement coupée et la collaboration impossible.,1
work_D_su_ex_fire,effect,Une rupture de communication a le pire impact sur le travail de toute l’équipe.,1
work_D_su_ex_fire,action,Transférez toutes les tâches de collaboration d’aujourd’hui vers demain.,1
work_D_su_ex_fire,state,"Un torrent d’émotions peut submerger la raison et conduire à de graves erreurs, et une forte énergie positive peut encourager les impulsions et conduire à des actions imprudentes.",1
work_D_su_ex_water,intro,C’est un jour où la communication au travail est complètement coupée et la collaboration impossible.,1
work_D_su_ex_water,effect,Une rupture de communication a le pire impact sur le travail de toute l’équipe.,1
work_D_su_ex_water,action,Transférez toutes les tâches de collaboration d’aujourd’hui vers demain.,1
work_D_su_ex_water,state,"Un torrent d’émotions peut submerger la raison et conduire à de graves erreurs, et la force de fortes pluies et de fortes chutes de neige peut ébranler violemment les émotions, rendant difficile leur contrôle.",1
work_D_su_ex_wood,intro,C’est un jour où la communication au travail est complètement coupée et la collaboration impossible.,1
work_D_su_ex_wood,effect,Une rupture de communication a le pire impact sur le travail de toute l’équipe.,1
work_D_su_ex_wood,action,Transférez toutes les tâches de collaboration d’aujourd’hui vers demain.,1
work_D_su_ex_wood,state,"Le torrent d’émotions peut submerger la raison et conduire à de graves erreurs, et l’énergie féroce du changement peut égarer toutes les prédictions.",1
work_D_to_df_earth,intro,C’est un jour où la stabilité du travail est complètement perdue et où aucun travail ne peut être effectué normalement.,1
work_D_to_df_earth,effect,Une instabilité extrême interrompt l’ensemble des travaux.,1
work_D_to_df_earth,action,Abandonnez complètement le travail aujourd’hui et concentrez-vous uniquement sur la récupération.,1
work_D_to_df_earth,state,"Vous pouvez complètement perdre l’équilibre et tout peut devenir incontrôlable, et l’épaisse énergie nuageuse peut tout ralentir considérablement.",1
work_D_to_df_fire,intro,C’est un jour où la stabilité du travail est complètement perdue et où aucun travail ne peut être effectué normalement.,1
work_D_to_df_fire,effect,Une instabilité extrême interrompt l’ensemble des travaux.,1
work_D_to_df_fire,action,Abandonnez complètement le travail aujourd’hui et concentrez-vous uniquement sur la récupération.,1
work_D_to_df_fire,state,"Si vous perdez complètement l’équilibre, tout peut devenir incontrôlable et une forte énergie yang peut encourager les impulsions et vous conduire à des actions imprudentes.",1
work_D_to_df_water,intro,C’est un jour où la stabilité du travail est complètement perdue et où aucun travail ne peut être effectué normalement.,1
work_D_to_df_water,effect,Une instabilité extrême interrompt l’ensemble des travaux.,1
work_D_to_df_water,action,Abandonnez complètement le travail aujourd’hui et concentrez-vous uniquement sur la récupération.,1
work_D_to_df_water,state,"Vous pouvez complètement perdre l’équilibre et tout peut devenir incontrôlable, et la force des fortes pluies et de la neige peut tellement ébranler vos émotions qu’il devient difficile de les contrôler.",1
work_D_to_df_wood,intro,C’est un jour où la stabilité du travail est complètement perdue et où aucun travail ne peut être effectué normalement.,1
work_D_to_df_wood,effect,Une instabilité extrême interrompt l’ensemble des travaux.,1
work_D_to_df_wood,action,Abandonnez complètement le travail aujourd’hui et concentrez-vous uniquement sur la récupération.,1
work_D_to_df_wood,state,"Si vous perdez complètement l’équilibre, tout peut devenir incontrôlable et la violente énergie du changement peut fausser toutes vos prédictions.",1
work_D_to_ex_earth,intro,C’est un jour où la stabilité du travail est complètement perdue et où aucun travail ne peut être effectué normalement.,1
work_D_to_ex_earth,effect,Une instabilité extrême interrompt l’ensemble des travaux.,1
work_D_to_ex_earth,action,Abandonnez complètement le travail aujourd’hui et concentrez-vous uniquement sur la récupération.,1
work_D_to_ex_earth,state,"Le refus du changement peut aggraver une crise et rendre la reprise difficile, et une atmosphère épaisse et trouble peut tout ralentir considérablement.",1
work_D_to_ex_fire,intro,C’est un jour où la stabilité du travail est complètement perdue et où aucun travail ne peut être effectué normalement.,1
work_D_to_ex_fire,effect,Une instabilité extrême interrompt l’ensemble des travaux.,1
work_D_to_ex_fire,action,Abandonnez complètement le travail aujourd’hui et concentrez-vous uniquement sur la récupération.,1
work_D_to_ex_fire,state,"Le refus du changement peut aggraver la crise et rendre la reprise difficile, et une forte énergie positive peut encourager les impulsions et conduire à des actions imprudentes.",1
work_D_to_ex_water,intro,C’est un jour où la stabilité du travail est complètement perdue et où aucun travail ne peut être effectué normalement.,1
work_D_to_ex_water,effect,Une instabilité extrême interrompt l’ensemble des travaux.,1
work_D_to_ex_water,action,Abandonnez complètement le travail aujourd’hui et concentrez-vous uniquement sur la récupération.,1
work_D_to_ex_water,state,"Le refus du changement peut aggraver la crise et rendre la reprise difficile, et la force des fortes pluies et de la neige peut ébranler violemment les émotions, rendant le contrôle difficile.",1
work_D_to_ex_wood,intro,C’est un jour où la stabilité du travail est complètement perdue et où aucun travail ne peut être effectué normalement.,1
work_D_to_ex_wood,effect,Une instabilité extrême interrompt l’ensemble des travaux.,1
work_D_to_ex_wood,action,Abandonnez complètement le travail aujourd’hui et concentrez-vous uniquement sur la récupération.,1
work_D_to_ex_wood,state,"Le refus du changement peut aggraver une crise et rendre la reprise difficile, et l’énergie féroce du changement peut fausser toutes les prédictions.",1
love_A,intro,Aujourd'hui est un jour où votre chance dans vos relations brillera et vous recevrez une réponse positive si vous exprimez vos sentiments.,1
love_A,intro,"L’énergie de l’amour est abondante aujourd’hui, j’attends donc avec impatience des rencontres passionnantes et des relations approfondies.",1
love_A,effect,C'est un bon jour pour que l'autre personne ouvre son cœur et qu'une communication naturelle s'établisse.,1
love_A,effect,Les expressions d’affection brillent et les moments chaleureux se succèdent dans votre relation.,1
love_A,action,Exprimer vos sentiments honnêtes aujourd’hui peut grandement émouvoir le cœur de quelqu’un d’autre.,1
love_A,action,"Si vous ouvrez la conversation en premier, la bonne énergie d’aujourd’hui approfondira votre relation.",1
love_A_geum_df_earth,intro,C'est un jour où votre charme romantique est à son apogée et où vous laissez une forte impression à votre partenaire.,1
love_A_geum_df_earth,effect,L’expression claire des émotions développe rapidement les relations avec les autres.,1
love_A_geum_df_earth,action,"Si vous avez toujours eu envie d'exprimer vos sentiments, c'est aujourd'hui le moment idéal.",1
love_A_geum_df_earth,state,"Un jugement calme augmente la prudence, conduisant à une vision profonde, et une énergie calme augmente la prudence, conduisant à de bons résultats.",1
love_A_geum_df_fire,intro,C'est un jour où votre charme romantique est à son apogée et où vous laissez une forte impression à votre partenaire.,1
love_A_geum_df_fire,effect,L’expression claire des émotions développe rapidement les relations avec les autres.,1
love_A_geum_df_fire,action,"Si vous avez toujours eu envie d'exprimer vos sentiments, c'est aujourd'hui le moment idéal.",1
love_A_geum_df_fire,state,"Un jugement calme augmente la prudence, conduit à une vision profonde, et une énergie claire augmente la vitalité et crée un bon flux.",1
love_A_geum_df_water,intro,C'est un jour où votre charme romantique est à son apogée et où vous laissez une forte impression à votre partenaire.,1
love_A_geum_df_water,effect,L’expression claire des émotions développe rapidement les relations avec les autres.,1
love_A_geum_df_water,action,"Si vous avez toujours eu envie d'exprimer vos sentiments, c'est aujourd'hui le moment idéal.",1
love_A_geum_df_water,state,"Un jugement calme augmente la prudence et conduit à une vision profonde, tandis qu'une énergie humide affine profondément l'esprit et ouvre une vision claire.",1
love_A_geum_df_wood,intro,C'est un jour où votre charme romantique est à son apogée et où vous laissez une forte impression à votre partenaire.,1
love_A_geum_df_wood,effect,L’expression claire des émotions développe rapidement les relations avec les autres.,1
love_A_geum_df_wood,action,"Si vous avez toujours eu envie d'exprimer vos sentiments, c'est aujourd'hui le moment idéal.",1
love_A_geum_df_wood,state,"Un jugement calme augmente la prudence, conduit à une vision profonde et une énergie dynamique ouvre de nouvelles possibilités.",1
love_A_geum_ex_earth,intro,C'est un jour où votre charme romantique est à son apogée et où vous laissez une forte impression à votre partenaire.,1
love_A_geum_ex_earth,effect,L’expression claire des émotions développe rapidement les relations avec les autres.,1
love_A_geum_ex_earth,action,"Si vous avez toujours eu envie d'exprimer vos sentiments, c'est aujourd'hui le moment idéal.",1
love_A_geum_ex_earth,state,"Un jugement pointu pénètre jusqu'au cœur et conduit à des conclusions claires, et une énergie calme augmente la prudence, conduisant à de bons résultats.",1
love_A_geum_ex_fire,intro,C'est un jour où votre charme romantique est à son apogée et où vous laissez une forte impression à votre partenaire.,1
love_A_geum_ex_fire,effect,L’expression claire des émotions développe rapidement les relations avec les autres.,1
love_A_geum_ex_fire,action,"Si vous avez toujours eu envie d'exprimer vos sentiments, c'est aujourd'hui le moment idéal.",1
love_A_geum_ex_fire,state,"Un jugement pointu pénètre au cœur et tire des conclusions claires, et une énergie claire stimule la vitalité et crée un bon flux.",1
love_A_geum_ex_water,intro,C'est un jour où votre charme romantique est à son apogée et où vous laissez une forte impression à votre partenaire.,1
love_A_geum_ex_water,effect,L’expression claire des émotions développe rapidement les relations avec les autres.,1
love_A_geum_ex_water,action,"Si vous avez toujours eu envie d'exprimer vos sentiments, c'est aujourd'hui le moment idéal.",1
love_A_geum_ex_water,state,"Un jugement pointu pénètre au cœur et tire des conclusions claires, et l'énergie humide affine profondément l'esprit et ouvre une vision claire.",1
love_A_geum_ex_wood,intro,C'est un jour où votre charme romantique est à son apogée et où vous laissez une forte impression à votre partenaire.,1
love_A_geum_ex_wood,effect,L’expression claire des émotions développe rapidement les relations avec les autres.,1
love_A_geum_ex_wood,action,"Si vous avez toujours eu envie d'exprimer vos sentiments, c'est aujourd'hui le moment idéal.",1
love_A_geum_ex_wood,state,"Un jugement pointu pénètre jusqu'au cœur et tire des conclusions claires, et l'énergie dynamique ouvre de nouvelles possibilités.",1
love_A_hwa_df_earth,intro,C'est un jour où la passion de l'amour déborde et où vous tirez profondément sur votre partenaire.,1
love_A_hwa_df_earth,effect,Les émotions chaudes suscitent une relation et renforcent le lien.,1
love_A_hwa_df_earth,action,"Si vous exprimez vos sentiments avec sincérité, l’autre personne répondra pleinement.",1
love_A_hwa_df_earth,state,"Un moi intérieur calme vous donne le pouvoir d’exprimer pleinement votre sincérité, et une énergie calme augmente la prudence, conduisant à de bons résultats.",1
love_A_hwa_df_fire,intro,C'est un jour où la passion de l'amour déborde et où vous tirez profondément sur votre partenaire.,1
love_A_hwa_df_fire,effect,Les émotions chaudes suscitent une relation et renforcent le lien.,1
love_A_hwa_df_fire,action,"Si vous exprimez vos sentiments avec sincérité, l’autre personne répondra pleinement.",1
love_A_hwa_df_fire,state,"Un moi intérieur calme vous donne le pouvoir d’exprimer pleinement votre sincérité, et une énergie claire stimule votre vitalité et crée un bon flux.",1
love_A_hwa_df_water,intro,C'est un jour où la passion de l'amour déborde et où vous tirez profondément sur votre partenaire.,1
love_A_hwa_df_water,effect,Les émotions chaudes suscitent une relation et renforcent le lien.,1
love_A_hwa_df_water,action,"Si vous exprimez vos sentiments avec sincérité, l’autre personne répondra pleinement.",1
love_A_hwa_df_water,state,"Un moi intérieur calme vous donne le pouvoir d’exprimer pleinement vos vrais sentiments, et une énergie humide affine profondément votre esprit et ouvre une vision claire.",1
love_A_hwa_df_wood,intro,C'est un jour où la passion de l'amour déborde et où vous tirez profondément sur votre partenaire.,1
love_A_hwa_df_wood,effect,Les émotions chaudes suscitent une relation et renforcent le lien.,1
love_A_hwa_df_wood,action,"Si vous exprimez vos sentiments avec sincérité, l’autre personne répondra pleinement.",1
love_A_hwa_df_wood,state,Un moi intérieur calme vous donne le pouvoir d’exprimer pleinement votre sincérité et une énergie dynamique ouvre de nouvelles possibilités.,1
love_A_hwa_ex_earth,intro,C'est un jour où la passion de l'amour déborde et où vous tirez profondément sur votre partenaire.,1
love_A_hwa_ex_earth,effect,Les émotions chaudes suscitent une relation et renforcent le lien.,1
love_A_hwa_ex_earth,action,"Si vous exprimez vos sentiments avec sincérité, l’autre personne répondra pleinement.",1
love_A_hwa_ex_earth,state,"Une passion débordante augmente considérablement l'élan et crée un bon flux, et une énergie calme augmente la prudence, conduisant à de bons résultats.",1
love_A_hwa_ex_fire,intro,C'est un jour où la passion de l'amour déborde et où vous tirez profondément sur votre partenaire.,1
love_A_hwa_ex_fire,effect,Les émotions chaudes suscitent une relation et renforcent le lien.,1
love_A_hwa_ex_fire,action,"Si vous exprimez vos sentiments avec sincérité, l’autre personne répondra pleinement.",1
love_A_hwa_ex_fire,state,"Une passion débordante augmente considérablement la force motrice et crée un bon flux, et une énergie claire augmente la vitalité et crée un bon flux.",1
love_A_hwa_ex_water,intro,C'est un jour où la passion de l'amour déborde et où vous tirez profondément sur votre partenaire.,1
love_A_hwa_ex_water,effect,Les émotions chaudes suscitent une relation et renforcent le lien.,1
love_A_hwa_ex_water,action,"Si vous exprimez vos sentiments avec sincérité, l’autre personne répondra pleinement.",1
love_A_hwa_ex_water,state,"La passion débordante augmente considérablement la force motrice et crée un bon flux, et l'énergie humide affine profondément l'esprit et ouvre une vision claire.",1
love_A_hwa_ex_wood,intro,C'est un jour où la passion de l'amour déborde et où vous tirez profondément sur votre partenaire.,1
love_A_hwa_ex_wood,effect,Les émotions chaudes suscitent une relation et renforcent le lien.,1
love_A_hwa_ex_wood,action,"Si vous exprimez vos sentiments avec sincérité, l’autre personne répondra pleinement.",1
love_A_hwa_ex_wood,state,"Une passion débordante augmente considérablement la force motrice, créant un bon flux, et l'énergie dynamique ouvre de nouvelles possibilités.",1
love_A_mok_df_earth,intro,"C'est une journée pour rencontrer de nouvelles personnes ou approfondir ses relations, car il y a beaucoup d'énergie pour la croissance des relations.",1
love_A_mok_df_earth,effect,L’énergie d’amour en expansion crée de nouvelles rencontres et des liens profonds.,1
love_A_mok_df_earth,action,Soyez proactif et sortez pour rencontrer de nouvelles personnes.,1
love_A_mok_df_earth,state,"Une approche prudente crée en fait un bon départ, et une énergie calme augmente la prudence, conduisant à de bons résultats.",1
love_A_mok_df_fire,intro,"C'est une journée pour rencontrer de nouvelles personnes ou approfondir ses relations, car il y a beaucoup d'énergie pour la croissance des relations.",1
love_A_mok_df_fire,effect,L’énergie d’amour en expansion crée de nouvelles rencontres et des liens profonds.,1
love_A_mok_df_fire,action,Soyez proactif et sortez pour rencontrer de nouvelles personnes.,1
love_A_mok_df_fire,state,"Une approche prudente crée en fait un bon départ, et une énergie claire stimule la vitalité et crée un bon flux.",1
love_A_mok_df_water,intro,"C'est une journée pour rencontrer de nouvelles personnes ou approfondir ses relations, car il y a beaucoup d'énergie pour la croissance des relations.",1
love_A_mok_df_water,effect,L’énergie d’amour en expansion crée de nouvelles rencontres et des liens profonds.,1
love_A_mok_df_water,action,Soyez proactif et sortez pour rencontrer de nouvelles personnes.,1
love_A_mok_df_water,state,"Une approche prudente crée en fait un bon départ, et l’énergie humide affine profondément l’esprit et ouvre une vision claire.",1
love_A_mok_df_wood,intro,"C'est une journée pour rencontrer de nouvelles personnes ou approfondir ses relations, car il y a beaucoup d'énergie pour la croissance des relations.",1
love_A_mok_df_wood,effect,L’énergie d’amour en expansion crée de nouvelles rencontres et des liens profonds.,1
love_A_mok_df_wood,action,Soyez proactif et sortez pour rencontrer de nouvelles personnes.,1
love_A_mok_df_wood,state,Une approche prudente crée un bon départ et une énergie dynamique ouvre de nouvelles possibilités.,1
love_A_mok_ex_earth,intro,"C'est une journée pour rencontrer de nouvelles personnes ou approfondir ses relations, car il y a beaucoup d'énergie pour la croissance des relations.",1
love_A_mok_ex_earth,effect,L’énergie d’amour en expansion crée de nouvelles rencontres et des liens profonds.,1
love_A_mok_ex_earth,action,Soyez proactif et sortez pour rencontrer de nouvelles personnes.,1
love_A_mok_ex_earth,state,"Une forte volonté ouvre activement de nouvelles opportunités et une énergie calme augmente la prudence, conduisant à de bons résultats.",1
love_A_mok_ex_fire,intro,"C'est une journée pour rencontrer de nouvelles personnes ou approfondir ses relations, car il y a beaucoup d'énergie pour la croissance des relations.",1
love_A_mok_ex_fire,effect,L’énergie d’amour en expansion crée de nouvelles rencontres et des liens profonds.,1
love_A_mok_ex_fire,action,Soyez proactif et sortez pour rencontrer de nouvelles personnes.,1
love_A_mok_ex_fire,state,"Une forte volonté ouvre activement de nouvelles opportunités, et une énergie claire augmente la vitalité et crée une bonne circulation.",1
love_A_mok_ex_water,intro,"C'est une journée pour rencontrer de nouvelles personnes ou approfondir ses relations, car il y a beaucoup d'énergie pour la croissance des relations.",1
love_A_mok_ex_water,effect,L’énergie d’amour en expansion crée de nouvelles rencontres et des liens profonds.,1
love_A_mok_ex_water,action,Soyez proactif et sortez pour rencontrer de nouvelles personnes.,1
love_A_mok_ex_water,state,"Une forte volonté ouvre activement de nouvelles opportunités, et l’énergie humide affine profondément l’esprit et ouvre une vision claire.",1
love_A_mok_ex_wood,intro,"C'est une journée pour rencontrer de nouvelles personnes ou approfondir ses relations, car il y a beaucoup d'énergie pour la croissance des relations.",1
love_A_mok_ex_wood,effect,L’énergie d’amour en expansion crée de nouvelles rencontres et des liens profonds.,1
love_A_mok_ex_wood,action,Soyez proactif et sortez pour rencontrer de nouvelles personnes.,1
love_A_mok_ex_wood,state,Une forte volonté ouvre activement de nouvelles opportunités et une énergie dynamique ouvre de nouvelles possibilités.,1
love_A_su_df_earth,intro,C’est un jour où les émotions coulent naturellement et où la communication avec les autres est fluide.,1
love_A_su_df_earth,effect,Une conversation fluide réduit la distance entre vous et l’autre personne.,1
love_A_su_df_earth,action,Une communication ouverte et honnête approfondira votre relation.,1
love_A_su_df_earth,state,"Un centre solide vous aide à maintenir votre direction sans vaciller, et une énergie calme augmente la prudence, conduisant à de bons résultats.",1
love_A_su_df_fire,intro,C’est un jour où les émotions coulent naturellement et où la communication avec les autres est fluide.,1
love_A_su_df_fire,effect,Une conversation fluide réduit la distance entre vous et l’autre personne.,1
love_A_su_df_fire,action,Une communication ouverte et honnête approfondira votre relation.,1
love_A_su_df_fire,state,"Un centre solide vous maintient dans la bonne direction sans vaciller, et une énergie claire stimule votre vitalité et crée un bon flux.",1
love_A_su_df_water,intro,C’est un jour où les émotions coulent naturellement et où la communication avec les autres est fluide.,1
love_A_su_df_water,effect,Une conversation fluide réduit la distance entre vous et l’autre personne.,1
love_A_su_df_water,action,Une communication ouverte et honnête approfondira votre relation.,1
love_A_su_df_water,state,"Un centre solide vous aide à garder votre direction sans vaciller, et l’énergie humide affine profondément votre esprit et ouvre une vision claire.",1
love_A_su_df_wood,intro,C’est un jour où les émotions coulent naturellement et où la communication avec les autres est fluide.,1
love_A_su_df_wood,effect,Une conversation fluide réduit la distance entre vous et l’autre personne.,1
love_A_su_df_wood,action,Une communication ouverte et honnête approfondira votre relation.,1
love_A_su_df_wood,state,Un centre solide maintient la direction sans vaciller et l'énergie dynamique ouvre de nouvelles possibilités.,1
love_A_su_ex_earth,intro,C’est un jour où les émotions coulent naturellement et où la communication avec les autres est fluide.,1
love_A_su_ex_earth,effect,Une conversation fluide réduit la distance entre vous et l’autre personne.,1
love_A_su_ex_earth,action,Une communication ouverte et honnête approfondira votre relation.,1
love_A_su_ex_earth,state,"Une sensibilité riche conduit à une vision profonde et aide au bon jugement, et une énergie calme augmente la prudence, conduisant à de bons résultats.",1
love_A_su_ex_fire,intro,C’est un jour où les émotions coulent naturellement et où la communication avec les autres est fluide.,1
love_A_su_ex_fire,effect,Une conversation fluide réduit la distance entre vous et l’autre personne.,1
love_A_su_ex_fire,action,Une communication ouverte et honnête approfondira votre relation.,1
love_A_su_ex_fire,state,"Une sensibilité riche conduit à une vision profonde et aide à prendre de bonnes décisions, et une énergie claire augmente la vitalité et crée un bon flux.",1
love_A_su_ex_water,intro,C’est un jour où les émotions coulent naturellement et où la communication avec les autres est fluide.,1
love_A_su_ex_water,effect,Une conversation fluide réduit la distance entre vous et l’autre personne.,1
love_A_su_ex_water,action,Une communication ouverte et honnête approfondira votre relation.,1
love_A_su_ex_water,state,"Une sensibilité riche conduit à une vision profonde et aide au bon jugement, et l’énergie humide affine profondément l’esprit et ouvre une vision claire.",1
love_A_su_ex_wood,intro,C’est un jour où les émotions coulent naturellement et où la communication avec les autres est fluide.,1
love_A_su_ex_wood,effect,Une conversation fluide réduit la distance entre vous et l’autre personne.,1
love_A_su_ex_wood,action,Une communication ouverte et honnête approfondira votre relation.,1
love_A_su_ex_wood,state,"Une sensibilité riche conduit à une vision profonde et aide à prendre de bonnes décisions, et une énergie dynamique ouvre de nouvelles possibilités.",1
love_A_to_df_earth,intro,C'est un jour où l'énergie stable de l'amour ajoute de la paix et de la confiance aux relations.,1
love_A_to_df_earth,effect,Un lien fort rend la relation plus forte.,1
love_A_to_df_earth,action,Établissez la confiance en exprimant votre considération quotidienne envers les autres.,1
love_A_to_df_earth,state,"Une attitude flexible vous permet d'accepter naturellement les nouvelles tendances, et une énergie calme augmente la prudence, conduisant à de bons résultats.",1
love_A_to_df_fire,intro,C'est un jour où l'énergie stable de l'amour ajoute de la paix et de la confiance aux relations.,1
love_A_to_df_fire,effect,Un lien fort rend la relation plus forte.,1
love_A_to_df_fire,action,Établissez la confiance en exprimant votre considération quotidienne envers les autres.,1
love_A_to_df_fire,state,"Une attitude flexible vous permet d’accepter naturellement les nouvelles tendances, et une énergie claire augmente la vitalité et crée une bonne circulation.",1
love_A_to_df_water,intro,C'est un jour où l'énergie stable de l'amour ajoute de la paix et de la confiance aux relations.,1
love_A_to_df_water,effect,Un lien fort rend la relation plus forte.,1
love_A_to_df_water,action,Établissez la confiance en exprimant votre considération quotidienne envers les autres.,1
love_A_to_df_water,state,"Une attitude flexible vous permet d’accepter naturellement les nouvelles tendances, et l’énergie humide affine profondément votre esprit et ouvre une vision claire.",1
love_A_to_df_wood,intro,C'est un jour où l'énergie stable de l'amour ajoute de la paix et de la confiance aux relations.,1
love_A_to_df_wood,effect,Un lien fort rend la relation plus forte.,1
love_A_to_df_wood,action,Établissez la confiance en exprimant votre considération quotidienne envers les autres.,1
love_A_to_df_wood,state,"Une attitude flexible vous permet d'accepter naturellement les nouvelles tendances, et une énergie dynamique ouvre de nouvelles possibilités.",1
love_A_to_ex_earth,intro,C'est un jour où l'énergie stable de l'amour ajoute de la paix et de la confiance aux relations.,1
love_A_to_ex_earth,effect,Un lien fort rend la relation plus forte.,1
love_A_to_ex_earth,action,Établissez la confiance en exprimant votre considération quotidienne envers les autres.,1
love_A_to_ex_earth,state,"Un fort sentiment de stabilité devient une base solide pour tout, et une énergie calme augmente la prudence, conduisant à de bons résultats.",1
love_A_to_ex_fire,intro,C'est un jour où l'énergie stable de l'amour ajoute de la paix et de la confiance aux relations.,1
love_A_to_ex_fire,effect,Un lien fort rend la relation plus forte.,1
love_A_to_ex_fire,action,Établissez la confiance en exprimant votre considération quotidienne envers les autres.,1
love_A_to_ex_fire,state,"Un fort sentiment de stabilité devient une base solide pour tout, et une énergie claire stimule la vitalité et crée une bonne circulation.",1
love_A_to_ex_water,intro,C'est un jour où l'énergie stable de l'amour ajoute de la paix et de la confiance aux relations.,1
love_A_to_ex_water,effect,Un lien fort rend la relation plus forte.,1
love_A_to_ex_water,action,Établissez la confiance en exprimant votre considération quotidienne envers les autres.,1
love_A_to_ex_water,state,"Un fort sentiment de stabilité devient une base solide pour tout, et l’énergie humide affine profondément l’esprit et ouvre une vision claire.",1
love_A_to_ex_wood,intro,C'est un jour où l'énergie stable de l'amour ajoute de la paix et de la confiance aux relations.,1
love_A_to_ex_wood,effect,Un lien fort rend la relation plus forte.,1
love_A_to_ex_wood,action,Établissez la confiance en exprimant votre considération quotidienne envers les autres.,1
love_A_to_ex_wood,state,"Un fort sentiment de stabilité constitue une base solide pour tout, et une énergie dynamique ouvre de nouvelles possibilités.",1
love_B,intro,L’énergie relationnelle d’aujourd’hui est chaleureuse et vous pouvez naturellement vous rapprocher de votre partenaire.,1
love_B,intro,Aujourd’hui est un jour où l’expression émotionnelle coule naturellement et où la chaleur s’ajoute aux relations.,1
love_B,effect,De petites considérations et intérêts contribuent à renforcer les relations.,1
love_B,effect,Le lien avec votre partenaire ou les personnes qui vous entourent s’approfondit et une bonne ambiance se crée.,1
love_B,action,"Aujourd’hui, une petite action sera plus éloquente que des mots pour l’autre personne.",1
love_B,action,C’est un jour où votre relation se rapproche davantage lorsque vous exprimez vos émotions naturellement.,1
love_B_geum_df_earth,intro,C’est un jour où le flux d’amour se poursuit de manière stable et où la relation se maintient en douceur.,1
love_B_geum_df_earth,effect,"Les émotions s’expriment de manière équilibrée, donc la relation avec l’autre est fluide.",1
love_B_geum_df_earth,action,"S’il manque quelque chose dans votre relation aujourd’hui, soyez honnête à ce sujet.",1
love_B_geum_df_earth,state,"Même si votre détermination s'émousse quelque peu, le déroulement de la vie quotidienne se poursuit sans problème et l'énergie nuageuse s'ajoute à l'atmosphère calme, créant un sentiment de tranquillité.",1
love_B_geum_df_fire,intro,C’est un jour où le flux d’amour se poursuit de manière stable et où la relation se maintient en douceur.,1
love_B_geum_df_fire,effect,"Les émotions s’expriment de manière équilibrée, donc la relation avec l’autre est fluide.",1
love_B_geum_df_fire,action,"S’il manque quelque chose dans votre relation aujourd’hui, soyez honnête à ce sujet.",1
love_B_geum_df_fire,state,"Même si votre détermination s'émousse quelque peu, le déroulement de votre vie quotidienne se poursuit sans problème et l'énergie claire ajoute une légère vitalité, créant un flux fluide.",1
love_B_geum_df_water,intro,C’est un jour où le flux d’amour se poursuit de manière stable et où la relation se maintient en douceur.,1
love_B_geum_df_water,effect,"Les émotions s’expriment de manière équilibrée, donc la relation avec l’autre est fluide.",1
love_B_geum_df_water,action,"S’il manque quelque chose dans votre relation aujourd’hui, soyez honnête à ce sujet.",1
love_B_geum_df_water,state,"Même si votre détermination s'émousse quelque peu, le déroulement de votre vie quotidienne se poursuit sans problème et l'énergie humide ajoute un sentiment de calme persistant à vos émotions.",1
love_B_geum_df_wood,intro,C’est un jour où le flux d’amour se poursuit de manière stable et où la relation se maintient en douceur.,1
love_B_geum_df_wood,effect,"Les émotions s’expriment de manière équilibrée, donc la relation avec l’autre est fluide.",1
love_B_geum_df_wood,action,"S’il manque quelque chose dans votre relation aujourd’hui, soyez honnête à ce sujet.",1
love_B_geum_df_wood,state,"Même si votre détermination s'émousse quelque peu, le déroulement de la vie quotidienne se poursuit sans problème et la légère énergie du changement ajoute une stimulation appropriée.",1
love_B_geum_ex_earth,intro,C’est un jour où le flux d’amour se poursuit de manière stable et où la relation se maintient en douceur.,1
love_B_geum_ex_earth,effect,"Les émotions s’expriment de manière équilibrée, donc la relation avec l’autre est fluide.",1
love_B_geum_ex_earth,action,"S’il manque quelque chose dans votre relation aujourd’hui, soyez honnête à ce sujet.",1
love_B_geum_ex_earth,state,"Le jugement analytique s'écoule naturellement au rythme habituel, et l'énergie nuageuse s'ajoute à l'atmosphère calme, créant un sentiment de tranquillité.",1
love_B_geum_ex_fire,intro,C’est un jour où le flux d’amour se poursuit de manière stable et où la relation se maintient en douceur.,1
love_B_geum_ex_fire,effect,"Les émotions s’expriment de manière équilibrée, donc la relation avec l’autre est fluide.",1
love_B_geum_ex_fire,action,"S’il manque quelque chose dans votre relation aujourd’hui, soyez honnête à ce sujet.",1
love_B_geum_ex_fire,state,"Le jugement analytique suit naturellement le rythme habituel, et l’énergie claire ajoute une légère vitalité, créant un flux fluide.",1
love_B_geum_ex_water,intro,C’est un jour où le flux d’amour se poursuit de manière stable et où la relation se maintient en douceur.,1
love_B_geum_ex_water,effect,"Les émotions s’expriment de manière équilibrée, donc la relation avec l’autre est fluide.",1
love_B_geum_ex_water,action,"S’il manque quelque chose dans votre relation aujourd’hui, soyez honnête à ce sujet.",1
love_B_geum_ex_water,state,"Le jugement analytique coule naturellement à votre rythme habituel, et l’énergie humide ajoute un sentiment de calme persistant à vos émotions.",1
love_B_geum_ex_wood,intro,C’est un jour où le flux d’amour se poursuit de manière stable et où la relation se maintient en douceur.,1
love_B_geum_ex_wood,effect,"Les émotions s’expriment de manière équilibrée, donc la relation avec l’autre est fluide.",1
love_B_geum_ex_wood,action,"S’il manque quelque chose dans votre relation aujourd’hui, soyez honnête à ce sujet.",1
love_B_geum_ex_wood,state,"Le jugement analytique suit naturellement le rythme habituel, et la légère énergie du changement ajoute une stimulation appropriée.",1
love_B_hwa_df_earth,intro,C’est un jour où la passion amoureuse est maintenue de manière égale et où la communication avec l’autre personne est bonne.,1
love_B_hwa_df_earth,effect,Exprimer des émotions chaleureuses laisse une bonne impression à l’autre personne.,1
love_B_hwa_df_earth,action,Exprimez vos émotions de manière naturelle et poursuivez votre relation en douceur.,1
love_B_hwa_df_earth,state,"Même si les expressions sont retenues, la stabilité de la relation est facilement maintenue et l'énergie nuageuse ajoute à l'atmosphère calme, conduisant à un sentiment de tranquillité.",1
love_B_hwa_df_fire,intro,C’est un jour où la passion amoureuse est maintenue de manière égale et où la communication avec l’autre personne est bonne.,1
love_B_hwa_df_fire,effect,Exprimer des émotions chaleureuses laisse une bonne impression à l’autre personne.,1
love_B_hwa_df_fire,action,Exprimez vos émotions de manière naturelle et poursuivez votre relation en douceur.,1
love_B_hwa_df_fire,state,"Même si les expressions sont retenues, la stabilité de la relation est facilement maintenue et l'énergie claire ajoute une légère vitalité, créant un flux fluide.",1
love_B_hwa_df_water,intro,C’est un jour où la passion amoureuse est maintenue de manière égale et où la communication avec l’autre personne est bonne.,1
love_B_hwa_df_water,effect,Exprimer des émotions chaleureuses laisse une bonne impression à l’autre personne.,1
love_B_hwa_df_water,action,Exprimez vos émotions de manière naturelle et poursuivez votre relation en douceur.,1
love_B_hwa_df_water,state,"Même si les expressions sont retenues, la stabilité de la relation est facilement maintenue et l'énergie humide ajoute un sentiment de calme persistant aux émotions.",1
love_B_hwa_df_wood,intro,C’est un jour où la passion amoureuse est maintenue de manière égale et où la communication avec l’autre personne est bonne.,1
love_B_hwa_df_wood,effect,Exprimer des émotions chaleureuses laisse une bonne impression à l’autre personne.,1
love_B_hwa_df_wood,action,Exprimez vos émotions de manière naturelle et poursuivez votre relation en douceur.,1
love_B_hwa_df_wood,state,"Même si les expressions sont retenues, la stabilité de la relation est facilement maintenue et la légère énergie du changement ajoute une stimulation appropriée.",1
love_B_hwa_ex_earth,intro,C’est un jour où la passion amoureuse est maintenue de manière égale et où la communication avec l’autre personne est bonne.,1
love_B_hwa_ex_earth,effect,Exprimer des émotions chaleureuses laisse une bonne impression à l’autre personne.,1
love_B_hwa_ex_earth,action,Exprimez vos émotions de manière naturelle et poursuivez votre relation en douceur.,1
love_B_hwa_ex_earth,state,"La passion est vivante, mais l'équilibre est également maintenu, conduisant à une journée stable, et l'énergie nuageuse ajoute une atmosphère calme, menant à la sérénité.",1
love_B_hwa_ex_fire,intro,C’est un jour où la passion amoureuse est maintenue de manière égale et où la communication avec l’autre personne est bonne.,1
love_B_hwa_ex_fire,effect,Exprimer des émotions chaleureuses laisse une bonne impression à l’autre personne.,1
love_B_hwa_ex_fire,action,Exprimez vos émotions de manière naturelle et poursuivez votre relation en douceur.,1
love_B_hwa_ex_fire,state,"La passion reste vivante et l'équilibre est maintenu, conduisant à une journée stable, et une énergie claire ajoute une vitalité légère, créant un flux fluide.",1
love_B_hwa_ex_water,intro,C’est un jour où la passion amoureuse est maintenue de manière égale et où la communication avec l’autre personne est bonne.,1
love_B_hwa_ex_water,effect,Exprimer des émotions chaleureuses laisse une bonne impression à l’autre personne.,1
love_B_hwa_ex_water,action,Exprimez vos émotions de manière naturelle et poursuivez votre relation en douceur.,1
love_B_hwa_ex_water,state,"La passion reste vivante et l'équilibre est maintenu, conduisant à une journée stable, et l'énergie humide ajoute un sentiment de calme persistant aux émotions.",1
love_B_hwa_ex_wood,intro,C’est un jour où la passion amoureuse est maintenue de manière égale et où la communication avec l’autre personne est bonne.,1
love_B_hwa_ex_wood,effect,Exprimer des émotions chaleureuses laisse une bonne impression à l’autre personne.,1
love_B_hwa_ex_wood,action,Exprimez vos émotions de manière naturelle et poursuivez votre relation en douceur.,1
love_B_hwa_ex_wood,state,"La passion est vivante et équilibrée, conduisant à une journée stable, et la légère énergie du changement ajoute une stimulation appropriée.",1
love_B_mok_df_earth,intro,C’est un jour où les relations se développent petit à petit et où des liens plus profonds se nouent.,1
love_B_mok_df_earth,effect,Le développement progressif des relations augmente la confiance et l’intimité.,1
love_B_mok_df_earth,action,Profitez d'une nouvelle expérience avec votre partenaire dès aujourd'hui.,1
love_B_mok_df_earth,state,"Même si vous êtes prudent lorsque vous essayez de nouvelles choses, votre vie quotidienne se déroule régulièrement et l'énergie nuageuse s'ajoute à l'atmosphère calme, conduisant à un sentiment de tranquillité.",1
love_B_mok_df_fire,intro,C’est un jour où les relations se développent petit à petit et où des liens plus profonds se nouent.,1
love_B_mok_df_fire,effect,Le développement progressif des relations augmente la confiance et l’intimité.,1
love_B_mok_df_fire,action,Profitez d'une nouvelle expérience avec votre partenaire dès aujourd'hui.,1
love_B_mok_df_fire,state,"Même si vous êtes prudent lorsque vous essayez de nouvelles choses, votre vie quotidienne se déroule de manière constante et l'énergie claire ajoute une vitalité légère, créant un flux fluide.",1
love_B_mok_df_water,intro,C’est un jour où les relations se développent petit à petit et où des liens plus profonds se nouent.,1
love_B_mok_df_water,effect,Le développement progressif des relations augmente la confiance et l’intimité.,1
love_B_mok_df_water,action,Profitez d'une nouvelle expérience avec votre partenaire dès aujourd'hui.,1
love_B_mok_df_water,state,"Même si vous êtes prudent lorsque vous essayez de nouvelles choses, votre vie quotidienne se déroule régulièrement et l'énergie humide ajoute un sentiment de calme persistant à vos émotions.",1
love_B_mok_df_wood,intro,C’est un jour où les relations se développent petit à petit et où des liens plus profonds se nouent.,1
love_B_mok_df_wood,effect,Le développement progressif des relations augmente la confiance et l’intimité.,1
love_B_mok_df_wood,action,Profitez d'une nouvelle expérience avec votre partenaire dès aujourd'hui.,1
love_B_mok_df_wood,state,"Même si vous êtes prudent lorsque vous essayez de nouvelles choses, votre vie quotidienne se déroule régulièrement et la légère énergie du changement ajoute une stimulation appropriée.",1
love_B_mok_ex_earth,intro,C’est un jour où les relations se développent petit à petit et où des liens plus profonds se nouent.,1
love_B_mok_ex_earth,effect,Le développement progressif des relations augmente la confiance et l’intimité.,1
love_B_mok_ex_earth,action,Profitez d'une nouvelle expérience avec votre partenaire dès aujourd'hui.,1
love_B_mok_ex_earth,state,"Une motivation constante progresse étape par étape, et l'énergie nuageuse s'ajoute à l'atmosphère calme, menant à la tranquillité.",1
love_B_mok_ex_fire,intro,C’est un jour où les relations se développent petit à petit et où des liens plus profonds se nouent.,1
love_B_mok_ex_fire,effect,Le développement progressif des relations augmente la confiance et l’intimité.,1
love_B_mok_ex_fire,action,Profitez d'une nouvelle expérience avec votre partenaire dès aujourd'hui.,1
love_B_mok_ex_fire,state,"Une motivation constante permet de progresser étape par étape, et une énergie claire ajoute une vitalité légère, créant un flux fluide.",1
love_B_mok_ex_water,intro,C’est un jour où les relations se développent petit à petit et où des liens plus profonds se nouent.,1
love_B_mok_ex_water,effect,Le développement progressif des relations augmente la confiance et l’intimité.,1
love_B_mok_ex_water,action,Profitez d'une nouvelle expérience avec votre partenaire dès aujourd'hui.,1
love_B_mok_ex_water,state,"Une motivation constante fait progresser étape par étape, et l'énergie humide ajoute un sentiment de calme persistant aux émotions.",1
love_B_mok_ex_wood,intro,C’est un jour où les relations se développent petit à petit et où des liens plus profonds se nouent.,1
love_B_mok_ex_wood,effect,Le développement progressif des relations augmente la confiance et l’intimité.,1
love_B_mok_ex_wood,action,Profitez d'une nouvelle expérience avec votre partenaire dès aujourd'hui.,1
love_B_mok_ex_wood,state,"Une motivation constante permet de progresser pas à pas, et la faible énergie du changement ajoute une stimulation appropriée.",1
love_B_su_df_earth,intro,C’est un jour où la communication émotionnelle est fluide et où les relations se poursuivent sans malentendus.,1
love_B_su_df_earth,effect,L’échange émotionnel naturel facilite le flux des relations.,1
love_B_su_df_earth,action,Partagez vos sentiments plus ouvertement que d'habitude.,1
love_B_su_df_earth,state,"Bien que la flexibilité fasse quelque peu défaut, le rythme de base est maintenu sans difficulté et l'énergie nuageuse ajoute une atmosphère calme, conduisant à un sentiment de tranquillité.",1
love_B_su_df_fire,intro,C’est un jour où la communication émotionnelle est fluide et où les relations se poursuivent sans malentendus.,1
love_B_su_df_fire,effect,L’échange émotionnel naturel facilite le flux des relations.,1
love_B_su_df_fire,action,Partagez vos sentiments plus ouvertement que d'habitude.,1
love_B_su_df_fire,state,"Bien que la flexibilité fasse quelque peu défaut, le rythme de base est maintenu sans difficulté et l'énergie claire ajoute une légère vitalité, créant un flux fluide.",1
love_B_su_df_water,intro,C’est un jour où la communication émotionnelle est fluide et où les relations se poursuivent sans malentendus.,1
love_B_su_df_water,effect,L’échange émotionnel naturel facilite le flux des relations.,1
love_B_su_df_water,action,Partagez vos sentiments plus ouvertement que d'habitude.,1
love_B_su_df_water,state,"Bien qu'elle manque de souplesse, le rythme de base est maintenu sans difficulté, et l'énergie humide ajoute une sensation de calme persistante aux émotions.",1
love_B_su_df_wood,intro,C’est un jour où la communication émotionnelle est fluide et où les relations se poursuivent sans malentendus.,1
love_B_su_df_wood,effect,L’échange émotionnel naturel facilite le flux des relations.,1
love_B_su_df_wood,action,Partagez vos sentiments plus ouvertement que d'habitude.,1
love_B_su_df_wood,state,"Même si la flexibilité fait quelque peu défaut, le rythme de base est maintenu sans difficulté et la légère énergie du changement ajoute une stimulation appropriée.",1
love_B_su_ex_earth,intro,C’est un jour où la communication émotionnelle est fluide et où les relations se poursuivent sans malentendus.,1
love_B_su_ex_earth,effect,L’échange émotionnel naturel facilite le flux des relations.,1
love_B_su_ex_earth,action,Partagez vos sentiments plus ouvertement que d'habitude.,1
love_B_su_ex_earth,state,"La journée est pleine d'émotions, ce qui en fait une journée plus attentive que d'habitude, et l'énergie nuageuse ajoute une atmosphère calme, conduisant à un sentiment de tranquillité.",1
love_B_su_ex_fire,intro,C’est un jour où la communication émotionnelle est fluide et où les relations se poursuivent sans malentendus.,1
love_B_su_ex_fire,effect,L’échange émotionnel naturel facilite le flux des relations.,1
love_B_su_ex_fire,action,Partagez vos sentiments plus ouvertement que d'habitude.,1
love_B_su_ex_fire,state,"La journée est riche en émotions, ce qui en fait une journée plus attentive que d'habitude, et l'énergie claire ajoute une légère vitalité, créant un flux fluide.",1
love_B_su_ex_water,intro,C’est un jour où la communication émotionnelle est fluide et où les relations se poursuivent sans malentendus.,1
love_B_su_ex_water,effect,L’échange émotionnel naturel facilite le flux des relations.,1
love_B_su_ex_water,action,Partagez vos sentiments plus ouvertement que d'habitude.,1
love_B_su_ex_water,state,"La journée est pleine d'émotions, vous rendant plus attentif que d'habitude, et l'énergie humide ajoute un arrière-goût apaisant à vos émotions.",1
love_B_su_ex_wood,intro,C’est un jour où la communication émotionnelle est fluide et où les relations se poursuivent sans malentendus.,1
love_B_su_ex_wood,effect,L’échange émotionnel naturel facilite le flux des relations.,1
love_B_su_ex_wood,action,Partagez vos sentiments plus ouvertement que d'habitude.,1
love_B_su_ex_wood,state,"La journée est pleine d'émotions, ce qui en fait une journée plus attentive que d'habitude, et la légère énergie du changement ajoute une stimulation appropriée.",1
love_B_to_df_earth,intro,C’est un jour où la stabilité des relations est maintenue et où les liens confortables et dignes de confiance perdurent.,1
love_B_to_df_earth,effect,Une base émotionnelle stable rend les relations plus fortes.,1
love_B_to_df_earth,action,Prenez soin de votre relation en vous concentrant sur votre quotidien avec votre partenaire.,1
love_B_to_df_earth,state,"Même si le centre de gravité est quelque peu ébranlé, l'équilibre de la vie quotidienne est maintenu sans trop de problèmes, et l'énergie nuageuse s'ajoute à l'atmosphère calme, conduisant à un sentiment de tranquillité.",1
love_B_to_df_fire,intro,C’est un jour où la stabilité des relations est maintenue et où les liens confortables et dignes de confiance perdurent.,1
love_B_to_df_fire,effect,Une base émotionnelle stable rend les relations plus fortes.,1
love_B_to_df_fire,action,Prenez soin de votre relation en vous concentrant sur votre quotidien avec votre partenaire.,1
love_B_to_df_fire,state,"Même si le centre de gravité est quelque peu ébranlé, l'équilibre de la vie quotidienne est maintenu sans trop de problèmes, et l'énergie claire ajoute une légère vitalité, créant un flux fluide.",1
love_B_to_df_water,intro,C’est un jour où la stabilité des relations est maintenue et où les liens confortables et dignes de confiance perdurent.,1
love_B_to_df_water,effect,Une base émotionnelle stable rend les relations plus fortes.,1
love_B_to_df_water,action,Prenez soin de votre relation en vous concentrant sur votre quotidien avec votre partenaire.,1
love_B_to_df_water,state,"Même si votre centre de gravité est quelque peu ébranlé, l'équilibre de votre vie quotidienne est maintenu sans trop de difficultés, et l'énergie humide ajoute un sentiment de calme persistant à vos émotions.",1
love_B_to_df_wood,intro,C’est un jour où la stabilité des relations est maintenue et où les liens confortables et dignes de confiance perdurent.,1
love_B_to_df_wood,effect,Une base émotionnelle stable rend les relations plus fortes.,1
love_B_to_df_wood,action,Prenez soin de votre relation en vous concentrant sur votre quotidien avec votre partenaire.,1
love_B_to_df_wood,state,"Même si le centre est quelque peu ébranlé, l'équilibre de la vie quotidienne est maintenu sans trop de difficultés, et la légère énergie du changement ajoute une stimulation appropriée.",1
love_B_to_ex_earth,intro,C’est un jour où la stabilité des relations est maintenue et où les liens confortables et dignes de confiance perdurent.,1
love_B_to_ex_earth,effect,Une base émotionnelle stable rend les relations plus fortes.,1
love_B_to_ex_earth,action,Prenez soin de votre relation en vous concentrant sur votre quotidien avec votre partenaire.,1
love_B_to_ex_earth,state,"Il a une forte tendance à la stabilité, donc il se poursuit dans une journée calme sans aucun problème, et l'énergie nuageuse s'ajoute à l'atmosphère calme, conduisant à la sérénité.",1
love_B_to_ex_fire,intro,C’est un jour où la stabilité des relations est maintenue et où les liens confortables et dignes de confiance perdurent.,1
love_B_to_ex_fire,effect,Une base émotionnelle stable rend les relations plus fortes.,1
love_B_to_ex_fire,action,Prenez soin de votre relation en vous concentrant sur votre quotidien avec votre partenaire.,1
love_B_to_ex_fire,state,"Elle a une forte tendance à la stabilité, elle se poursuit donc en douceur dans une journée calme, et l'énergie claire ajoute une légère vitalité, créant un flux fluide.",1
love_B_to_ex_water,intro,C’est un jour où la stabilité des relations est maintenue et où les liens confortables et dignes de confiance perdurent.,1
love_B_to_ex_water,effect,Une base émotionnelle stable rend les relations plus fortes.,1
love_B_to_ex_water,action,Prenez soin de votre relation en vous concentrant sur votre quotidien avec votre partenaire.,1
love_B_to_ex_water,state,"Il a une nature fortement axée sur la stabilité, il peut donc facilement conduire à une journée calme, et l'énergie humide ajoute un arrière-goût apaisant aux émotions.",1
love_B_to_ex_wood,intro,C’est un jour où la stabilité des relations est maintenue et où les liens confortables et dignes de confiance perdurent.,1
love_B_to_ex_wood,effect,Une base émotionnelle stable rend les relations plus fortes.,1
love_B_to_ex_wood,action,Prenez soin de votre relation en vous concentrant sur votre quotidien avec votre partenaire.,1
love_B_to_ex_wood,state,"L’orientation vers la stabilité est forte, elle se poursuit donc en douceur dans une journée calme, et la légère énergie du changement ajoute une stimulation appropriée.",1
love_B1,intro,L’énergie relationnelle est aujourd’hui calme et se poursuivra naturellement sans conflits majeurs.,1
love_B1,intro,"Aujourd’hui, vos émotions seront stables et vos relations avec votre entourage se dérouleront confortablement.",1
love_B1,effect,De petites expressions ou considérations aident à maintenir une bonne ambiance.,1
love_B1,effect,La relation reste pacifique et la compréhension mutuelle s’accumule.,1
love_B1,action,Les relations peuvent être entretenues dans une atmosphère naturelle sans trop d'effort.,1
love_B1,action,Veuillez chérir le flux actuel de votre relation et continuer à utiliser des expressions quotidiennes.,1
love_B1_geum_df_earth,intro,Le flux d'amour est à un niveau normal et de petits conflits peuvent survenir dans la relation.,1
love_B1_geum_df_earth,effect,Exprimer ses émotions peut devenir quelque peu gênant et provoquer des incompréhensions chez l'autre personne.,1
love_B1_geum_df_earth,action,Parlez honnêtement avant que des malentendus ne surviennent.,1
love_B1_geum_df_earth,state,"Même si vous suis lent à prendre des décisions, la journée continue sans trop d'hésitations, et l'énergie nuageuse aide à maintenir un rythme tranquille.",1
love_B1_geum_df_fire,intro,Le flux d'amour est à un niveau normal et de petits conflits peuvent survenir dans la relation.,1
love_B1_geum_df_fire,effect,Exprimer ses émotions peut devenir quelque peu gênant et provoquer des incompréhensions chez l'autre personne.,1
love_B1_geum_df_fire,action,Parlez honnêtement avant que des malentendus ne surviennent.,1
love_B1_geum_df_fire,state,"Même si vous suis lent à prendre des décisions, la journée continue sans trop d'hésitation, et l'énergie claire ajoute une vitalité calme et continue la journée ordinaire.",1
love_B1_geum_df_water,intro,Le flux d'amour est à un niveau normal et de petits conflits peuvent survenir dans la relation.,1
love_B1_geum_df_water,effect,Exprimer ses émotions peut devenir quelque peu gênant et provoquer des incompréhensions chez l'autre personne.,1
love_B1_geum_df_water,action,Parlez honnêtement avant que des malentendus ne surviennent.,1
love_B1_geum_df_water,state,"Même si vous suis lent à prendre des décisions, la journée se déroule sans trop d'hésitations, et l'énergie humide augmente vos pensées mais ne provoque pas beaucoup d'agitation.",1
love_B1_geum_df_wood,intro,Le flux d'amour est à un niveau normal et de petits conflits peuvent survenir dans la relation.,1
love_B1_geum_df_wood,effect,Exprimer ses émotions peut devenir quelque peu gênant et provoquer des incompréhensions chez l'autre personne.,1
love_B1_geum_df_wood,action,Parlez honnêtement avant que des malentendus ne surviennent.,1
love_B1_geum_df_wood,state,"La décision peut être lente, mais la journée se déroule sans trop d’hésitations, et l’énergie calme du changement ne perturbe que légèrement le flux normal.",1
love_B1_geum_ex_earth,intro,Le flux d'amour est à un niveau normal et de petits conflits peuvent survenir dans la relation.,1
love_B1_geum_ex_earth,effect,Exprimer ses émotions peut devenir quelque peu gênant et provoquer des incompréhensions chez l'autre personne.,1
love_B1_geum_ex_earth,action,Parlez honnêtement avant que des malentendus ne surviennent.,1
love_B1_geum_ex_earth,state,"Le jugement est clair, mais il se termine par un résultat médiocre, et l'énergie nuageuse permet de maintenir un rythme convenable.",1
love_B1_geum_ex_fire,intro,Le flux d'amour est à un niveau normal et de petits conflits peuvent survenir dans la relation.,1
love_B1_geum_ex_fire,effect,Exprimer ses émotions peut devenir quelque peu gênant et provoquer des incompréhensions chez l'autre personne.,1
love_B1_geum_ex_fire,action,Parlez honnêtement avant que des malentendus ne surviennent.,1
love_B1_geum_ex_fire,state,"Le jugement est clair, mais il se termine par un résultat ordinaire, et l'énergie claire ajoute une vitalité calme et continue la journée ordinaire.",1
love_B1_geum_ex_water,intro,Le flux d'amour est à un niveau normal et de petits conflits peuvent survenir dans la relation.,1
love_B1_geum_ex_water,effect,Exprimer ses émotions peut devenir quelque peu gênant et provoquer des incompréhensions chez l'autre personne.,1
love_B1_geum_ex_water,action,Parlez honnêtement avant que des malentendus ne surviennent.,1
love_B1_geum_ex_water,state,"Le jugement est clair mais se termine par un résultat simple, et l'énergie humide augmente les pensées mais ne provoque pas beaucoup d'agitation.",1
love_B1_geum_ex_wood,intro,Le flux d'amour est à un niveau normal et de petits conflits peuvent survenir dans la relation.,1
love_B1_geum_ex_wood,effect,Exprimer ses émotions peut devenir quelque peu gênant et provoquer des incompréhensions chez l'autre personne.,1
love_B1_geum_ex_wood,action,Parlez honnêtement avant que des malentendus ne surviennent.,1
love_B1_geum_ex_wood,state,"Le jugement est clair, mais il se termine par un résultat médiocre, et la calme énergie du changement ne fait guère plus que bouleverser légèrement le flux normal.",1
love_B1_hwa_df_earth,intro,La passion amoureuse peut se calmer un peu et vous ressentirez peut-être un sentiment de distance dans votre relation.,1
love_B1_hwa_df_earth,effect,"À mesure que la température émotionnelle baisse, il devient difficile de communiquer avec les autres.",1
love_B1_hwa_df_earth,action,Exprimez votre chaleur envers l’autre personne avec de petites expressions d’intérêt.,1
love_B1_hwa_df_earth,state,"Bien qu'il y ait peu d'expression, la relation n'est pas grandement ébranlée et l'énergie nuageuse aide à maintenir un rythme facile.",1
love_B1_hwa_df_fire,intro,La passion amoureuse peut se calmer un peu et vous ressentirez peut-être un sentiment de distance dans votre relation.,1
love_B1_hwa_df_fire,effect,"À mesure que la température émotionnelle baisse, il devient difficile de communiquer avec les autres.",1
love_B1_hwa_df_fire,action,Exprimez votre chaleur envers l’autre personne avec de petites expressions d’intérêt.,1
love_B1_hwa_df_fire,state,"Bien qu'il y ait peu d'expressions, la relation n'est pas grandement ébranlée et l'énergie claire ajoute une vitalité calme et continue une journée ordinaire.",1
love_B1_hwa_df_water,intro,La passion amoureuse peut se calmer un peu et vous ressentirez peut-être un sentiment de distance dans votre relation.,1
love_B1_hwa_df_water,effect,"À mesure que la température émotionnelle baisse, il devient difficile de communiquer avec les autres.",1
love_B1_hwa_df_water,action,Exprimez votre chaleur envers l’autre personne avec de petites expressions d’intérêt.,1
love_B1_hwa_df_water,state,"Bien qu'il y ait peu d'expressions, la relation n'est pas grandement ébranlée et l'énergie humide augmente les pensées, mais ne provoque pas beaucoup d'agitation.",1
love_B1_hwa_df_wood,intro,La passion amoureuse peut se calmer un peu et vous ressentirez peut-être un sentiment de distance dans votre relation.,1
love_B1_hwa_df_wood,effect,"À mesure que la température émotionnelle baisse, il devient difficile de communiquer avec les autres.",1
love_B1_hwa_df_wood,action,Exprimez votre chaleur envers l’autre personne avec de petites expressions d’intérêt.,1
love_B1_hwa_df_wood,state,"Bien qu'il y ait peu d'expression, la relation n'est pas grandement ébranlée et l'énergie calme du changement suffit seulement à ébranler légèrement le flux normal.",1
love_B1_hwa_ex_earth,intro,La passion amoureuse peut se calmer un peu et vous ressentirez peut-être un sentiment de distance dans votre relation.,1
love_B1_hwa_ex_earth,effect,"À mesure que la température émotionnelle baisse, il devient difficile de communiquer avec les autres.",1
love_B1_hwa_ex_earth,action,Exprimez votre chaleur envers l’autre personne avec de petites expressions d’intérêt.,1
love_B1_hwa_ex_earth,state,La chaleur modérée permet une journée douce et l'énergie nuageuse vous aide à maintenir un rythme facile.,1
love_B1_hwa_ex_fire,intro,La passion amoureuse peut se calmer un peu et vous ressentirez peut-être un sentiment de distance dans votre relation.,1
love_B1_hwa_ex_fire,effect,"À mesure que la température émotionnelle baisse, il devient difficile de communiquer avec les autres.",1
love_B1_hwa_ex_fire,action,Exprimez votre chaleur envers l’autre personne avec de petites expressions d’intérêt.,1
love_B1_hwa_ex_fire,state,La chaleur modérée crée une journée douce et l'énergie claire ajoute une vitalité calme et poursuit la journée ordinaire.,1
love_B1_hwa_ex_water,intro,La passion amoureuse peut se calmer un peu et vous ressentirez peut-être un sentiment de distance dans votre relation.,1
love_B1_hwa_ex_water,effect,"À mesure que la température émotionnelle baisse, il devient difficile de communiquer avec les autres.",1
love_B1_hwa_ex_water,action,Exprimez votre chaleur envers l’autre personne avec de petites expressions d’intérêt.,1
love_B1_hwa_ex_water,state,La chaleur modérée permet une journée douce et l'énergie humide augmente vos pensées mais ne provoque pas beaucoup d'agitation.,1
love_B1_hwa_ex_wood,intro,La passion amoureuse peut se calmer un peu et vous ressentirez peut-être un sentiment de distance dans votre relation.,1
love_B1_hwa_ex_wood,effect,"À mesure que la température émotionnelle baisse, il devient difficile de communiquer avec les autres.",1
love_B1_hwa_ex_wood,action,Exprimez votre chaleur envers l’autre personne avec de petites expressions d’intérêt.,1
love_B1_hwa_ex_wood,state,La chaleur modérée rend la journée douce et l’énergie calme du changement ne fait que légèrement bouleverser le flux normal.,1
love_B1_mok_df_earth,intro,C’est un jour où la croissance des relations est lente et où il n’est pas facile d’essayer de nouvelles choses.,1
love_B1_mok_df_earth,effect,La stagnation des progrès peut conduire à l'ennui dans les relations.,1
love_B1_mok_df_earth,action,Essayez de nouvelles activités ou sujets de conversation avec votre partenaire.,1
love_B1_mok_df_earth,state,"Cela reste plus familier que nouveau, mais le flux est ininterrompu et l'énergie nuageuse vous aide à maintenir un rythme facile.",1
love_B1_mok_df_fire,intro,C’est un jour où la croissance des relations est lente et où il n’est pas facile d’essayer de nouvelles choses.,1
love_B1_mok_df_fire,effect,La stagnation des progrès peut conduire à l'ennui dans les relations.,1
love_B1_mok_df_fire,action,Essayez de nouvelles activités ou sujets de conversation avec votre partenaire.,1
love_B1_mok_df_fire,state,"Bien qu’elle reste familière plutôt que nouvelle, le flux est ininterrompu et l’énergie claire ajoute une vitalité calme et poursuit la journée ordinaire.",1
love_B1_mok_df_water,intro,C’est un jour où la croissance des relations est lente et où il n’est pas facile d’essayer de nouvelles choses.,1
love_B1_mok_df_water,effect,La stagnation des progrès peut conduire à l'ennui dans les relations.,1
love_B1_mok_df_water,action,Essayez de nouvelles activités ou sujets de conversation avec votre partenaire.,1
love_B1_mok_df_water,state,"Bien qu’elle reste familière plutôt que nouvelle, le flux est ininterrompu et l’énergie humide augmente les pensées mais ne provoque pas beaucoup d’agitation.",1
love_B1_mok_df_wood,intro,C’est un jour où la croissance des relations est lente et où il n’est pas facile d’essayer de nouvelles choses.,1
love_B1_mok_df_wood,effect,La stagnation des progrès peut conduire à l'ennui dans les relations.,1
love_B1_mok_df_wood,action,Essayez de nouvelles activités ou sujets de conversation avec votre partenaire.,1
love_B1_mok_df_wood,state,"Bien qu’il reste plus familier que nouveau, le flux est ininterrompu et l’énergie calme du changement ne secoue que légèrement le flux normal.",1
love_B1_mok_ex_earth,intro,C’est un jour où la croissance des relations est lente et où il n’est pas facile d’essayer de nouvelles choses.,1
love_B1_mok_ex_earth,effect,La stagnation des progrès peut conduire à l'ennui dans les relations.,1
love_B1_mok_ex_earth,action,Essayez de nouvelles activités ou sujets de conversation avec votre partenaire.,1
love_B1_mok_ex_earth,state,"Vous suis motivé, mais votre force motrice reste à un niveau médiocre, et l'énergie nuageuse aide à maintenir un rythme convenable.",1
love_B1_mok_ex_fire,intro,C’est un jour où la croissance des relations est lente et où il n’est pas facile d’essayer de nouvelles choses.,1
love_B1_mok_ex_fire,effect,La stagnation des progrès peut conduire à l'ennui dans les relations.,1
love_B1_mok_ex_fire,action,Essayez de nouvelles activités ou sujets de conversation avec votre partenaire.,1
love_B1_mok_ex_fire,state,"Bien que vous sois motivé, votre force motrice reste à un niveau moyen, et l'énergie claire ajoute une vitalité calme et poursuit votre journée ordinaire.",1
love_B1_mok_ex_water,intro,C’est un jour où la croissance des relations est lente et où il n’est pas facile d’essayer de nouvelles choses.,1
love_B1_mok_ex_water,effect,La stagnation des progrès peut conduire à l'ennui dans les relations.,1
love_B1_mok_ex_water,action,Essayez de nouvelles activités ou sujets de conversation avec votre partenaire.,1
love_B1_mok_ex_water,state,"Il y a de la motivation, mais la force motrice reste à un niveau normal, et l'énergie humide augmente les pensées, mais ne provoque pas beaucoup d'agitation.",1
love_B1_mok_ex_wood,intro,C’est un jour où la croissance des relations est lente et où il n’est pas facile d’essayer de nouvelles choses.,1
love_B1_mok_ex_wood,effect,La stagnation des progrès peut conduire à l'ennui dans les relations.,1
love_B1_mok_ex_wood,action,Essayez de nouvelles activités ou sujets de conversation avec votre partenaire.,1
love_B1_mok_ex_wood,state,"Il y a de la motivation, mais la force motrice reste à un niveau médiocre, et l'énergie calme du changement suffit à peine à bousculer légèrement le flux normal.",1
love_B1_su_df_earth,intro,C’est un jour où la communication émotionnelle est légèrement interrompue et où des malentendus sont susceptibles de survenir.,1
love_B1_su_df_earth,effect,Une mauvaise communication crée un peu de tension dans la relation.,1
love_B1_su_df_earth,action,Choisissez soigneusement vos expressions lorsque vous exprimez vos émotions.,1
love_B1_su_df_earth,state,"Bien que la flexibilité ait diminué, le flux n'est pas interrompu de manière significative et l'énergie nuageuse aide à maintenir un rythme décent.",1
love_B1_su_df_fire,intro,C’est un jour où la communication émotionnelle est légèrement interrompue et où des malentendus sont susceptibles de survenir.,1
love_B1_su_df_fire,effect,Une mauvaise communication crée un peu de tension dans la relation.,1
love_B1_su_df_fire,action,Choisissez soigneusement vos expressions lorsque vous exprimez vos émotions.,1
love_B1_su_df_fire,state,"Bien que la flexibilité ait diminué, le flux n'est pas significativement perturbé et l'énergie claire ajoute une vitalité calme et permet de poursuivre une journée ordinaire.",1
love_B1_su_df_water,intro,C’est un jour où la communication émotionnelle est légèrement interrompue et où des malentendus sont susceptibles de survenir.,1
love_B1_su_df_water,effect,Une mauvaise communication crée un peu de tension dans la relation.,1
love_B1_su_df_water,action,Choisissez soigneusement vos expressions lorsque vous exprimez vos émotions.,1
love_B1_su_df_water,state,"La flexibilité est réduite, mais le flux n'est pas grandement interrompu, et l'énergie humide augmente les pensées, mais ne provoque pas beaucoup d'agitation.",1
love_B1_su_df_wood,intro,C’est un jour où la communication émotionnelle est légèrement interrompue et où des malentendus sont susceptibles de survenir.,1
love_B1_su_df_wood,effect,Une mauvaise communication crée un peu de tension dans la relation.,1
love_B1_su_df_wood,action,Choisissez soigneusement vos expressions lorsque vous exprimez vos émotions.,1
love_B1_su_df_wood,state,"Bien que la flexibilité ait diminué, le flux n’est pas significativement perturbé et l’énergie calme du changement ne secoue que légèrement le flux normal.",1
love_B1_su_ex_earth,intro,C’est un jour où la communication émotionnelle est légèrement interrompue et où des malentendus sont susceptibles de survenir.,1
love_B1_su_ex_earth,effect,Une mauvaise communication crée un peu de tension dans la relation.,1
love_B1_su_ex_earth,action,Choisissez soigneusement vos expressions lorsque vous exprimez vos émotions.,1
love_B1_su_ex_earth,state,"Même si il y a beaucoup de choses à penser, la journée se déroule sans trop de perturbations et l'énergie nuageuse aide à maintenir un rythme tranquille.",1
love_B1_su_ex_fire,intro,C’est un jour où la communication émotionnelle est légèrement interrompue et où des malentendus sont susceptibles de survenir.,1
love_B1_su_ex_fire,effect,Une mauvaise communication crée un peu de tension dans la relation.,1
love_B1_su_ex_fire,action,Choisissez soigneusement vos expressions lorsque vous exprimez vos émotions.,1
love_B1_su_ex_fire,state,"Même si il y a beaucoup de pensées, la journée se déroule sans trop de perturbations, et l'énergie claire ajoute une vitalité calme et continue la journée ordinaire.",1
love_B1_su_ex_water,intro,C’est un jour où la communication émotionnelle est légèrement interrompue et où des malentendus sont susceptibles de survenir.,1
love_B1_su_ex_water,effect,Une mauvaise communication crée un peu de tension dans la relation.,1
love_B1_su_ex_water,action,Choisissez soigneusement vos expressions lorsque vous exprimez vos émotions.,1
love_B1_su_ex_water,state,"Même si vous avez beaucoup de pensées, la journée se déroule sans grande agitation, et l'énergie humide augmente vos pensées mais ne provoque pas beaucoup d'agitation.",1
love_B1_su_ex_wood,intro,C’est un jour où la communication émotionnelle est légèrement interrompue et où des malentendus sont susceptibles de survenir.,1
love_B1_su_ex_wood,effect,Une mauvaise communication crée un peu de tension dans la relation.,1
love_B1_su_ex_wood,action,Choisissez soigneusement vos expressions lorsque vous exprimez vos émotions.,1
love_B1_su_ex_wood,state,"Même si il y a beaucoup de pensées, la journée se déroule sans trop de perturbations et l'énergie calme du changement ne secoue que légèrement le flux normal.",1
love_B1_to_df_earth,intro,C’est un jour où la stabilité des relations peut s’affaiblir et où des conflits mineurs peuvent dégénérer.,1
love_B1_to_df_earth,effect,Un fondement émotionnel instable provoque des frictions dans les relations.,1
love_B1_to_df_earth,action,Résolvez les petits conflits le même jour et passez à autre chose.,1
love_B1_to_df_earth,state,"Même s'il y a quelques tremblements, la vie quotidienne se déroule sans problème et l'énergie trouble aide à maintenir un rythme tranquille.",1
love_B1_to_df_fire,intro,C’est un jour où la stabilité des relations peut s’affaiblir et où des conflits mineurs peuvent dégénérer.,1
love_B1_to_df_fire,effect,Un fondement émotionnel instable provoque des frictions dans les relations.,1
love_B1_to_df_fire,action,Résolvez les petits conflits le même jour et passez à autre chose.,1
love_B1_to_df_fire,state,"Bien qu'il y ait quelques tremblements, la vie quotidienne se déroule sans problème et l'énergie claire ajoute une vitalité calme et continue la journée normale.",1
love_B1_to_df_water,intro,C’est un jour où la stabilité des relations peut s’affaiblir et où des conflits mineurs peuvent dégénérer.,1
love_B1_to_df_water,effect,Un fondement émotionnel instable provoque des frictions dans les relations.,1
love_B1_to_df_water,action,Résolvez les petits conflits le même jour et passez à autre chose.,1
love_B1_to_df_water,state,"Même s'il y a des secousses, la vie quotidienne se déroule sans problème et l'énergie humide augmente les pensées, mais ne provoque pas beaucoup d'agitation.",1
love_B1_to_df_wood,intro,C’est un jour où la stabilité des relations peut s’affaiblir et où des conflits mineurs peuvent dégénérer.,1
love_B1_to_df_wood,effect,Un fondement émotionnel instable provoque des frictions dans les relations.,1
love_B1_to_df_wood,action,Résolvez les petits conflits le même jour et passez à autre chose.,1
love_B1_to_df_wood,state,"Bien qu'il y ait des fluctuations, la vie quotidienne se déroule sans heurts et l'énergie calme du changement ne secoue que légèrement le flux normal.",1
love_B1_to_ex_earth,intro,C’est un jour où la stabilité des relations peut s’affaiblir et où des conflits mineurs peuvent dégénérer.,1
love_B1_to_ex_earth,effect,Un fondement émotionnel instable provoque des frictions dans les relations.,1
love_B1_to_ex_earth,action,Résolvez les petits conflits le même jour et passez à autre chose.,1
love_B1_to_ex_earth,state,"Choisir la familiarité plutôt que le changement mène à une journée facile, et l'énergie nuageuse aide à maintenir un rythme facile.",1
love_B1_to_ex_fire,intro,C’est un jour où la stabilité des relations peut s’affaiblir et où des conflits mineurs peuvent dégénérer.,1
love_B1_to_ex_fire,effect,Un fondement émotionnel instable provoque des frictions dans les relations.,1
love_B1_to_ex_fire,action,Résolvez les petits conflits le même jour et passez à autre chose.,1
love_B1_to_ex_fire,state,"Choisir la familiarité plutôt que le changement mène à une journée ordinaire, et l’énergie claire ajoute une vitalité calme à la journée ordinaire.",1
love_B1_to_ex_water,intro,C’est un jour où la stabilité des relations peut s’affaiblir et où des conflits mineurs peuvent dégénérer.,1
love_B1_to_ex_water,effect,Un fondement émotionnel instable provoque des frictions dans les relations.,1
love_B1_to_ex_water,action,Résolvez les petits conflits le même jour et passez à autre chose.,1
love_B1_to_ex_water,state,"Choisir la familiarité plutôt que le changement conduit à une journée normale, et l’énergie humide augmente les pensées mais ne provoque pas beaucoup d’agitation.",1
love_B1_to_ex_wood,intro,C’est un jour où la stabilité des relations peut s’affaiblir et où des conflits mineurs peuvent dégénérer.,1
love_B1_to_ex_wood,effect,Un fondement émotionnel instable provoque des frictions dans les relations.,1
love_B1_to_ex_wood,action,Résolvez les petits conflits le même jour et passez à autre chose.,1
love_B1_to_ex_wood,state,"Choisir la familiarité plutôt que le changement conduit à une journée normale, et l’énergie calme du changement ne secoue que légèrement le flux normal.",1
love_C,intro,"Vos émotions peuvent être un peu plus sensibles aujourd’hui, donc les petites choses dans vos relations peuvent sembler importantes.",1
love_C,intro,"L’énergie de l’amour est faible aujourd’hui, il vaut donc mieux la laisser couler naturellement plutôt que de la forcer.",1
love_C,effect,"Les petits mots ou les actions de l'autre personne peuvent avoir un impact important, il est donc préférable de garder vos émotions neutres.",1
love_C,effect,"La communication peut être quelque peu difficile dans une relation, il est donc préférable d'observer l'atmosphère plutôt que d'avoir une conversation directe.",1
love_C,action,"Aujourd’hui, plutôt que d’essayer de changer l’autre personne, entraînez-vous à accepter qui vous êtes maintenant.",1
love_C,action,"Même si un petit malentendu survient, il vaut mieux faire une pause plutôt que de réagir immédiatement.",1
love_C_geum_df_earth,intro,C’est un jour où l’énergie de l’amour est faible et où la distance dans les relations augmente.,1
love_C_geum_df_earth,effect,Le manque d’expression émotionnelle provoque des incompréhensions et des déceptions chez l’autre personne.,1
love_C_geum_df_earth,action,Vérifiez d’abord les sentiments de l’autre personne et exprimez votre considération.,1
love_C_geum_df_earth,state,"À mesure que votre détermination faiblit, il est facile de remettre à plus tard des choix importants, et une énergie trouble peut vous ralentir et alourdir vos pensées.",1
love_C_geum_df_fire,intro,C’est un jour où l’énergie de l’amour est faible et où la distance dans les relations augmente.,1
love_C_geum_df_fire,effect,Le manque d’expression émotionnelle provoque des incompréhensions et des déceptions chez l’autre personne.,1
love_C_geum_df_fire,action,Vérifiez d’abord les sentiments de l’autre personne et exprimez votre considération.,1
love_C_geum_df_fire,state,"À mesure que votre détermination faiblit, il est facile de remettre à plus tard des choix importants et votre énergie claire peut se répandre dans une atmosphère excitée, ce qui peut brouiller votre prudence.",1
love_C_geum_df_water,intro,C’est un jour où l’énergie de l’amour est faible et où la distance dans les relations augmente.,1
love_C_geum_df_water,effect,Le manque d’expression émotionnelle provoque des incompréhensions et des déceptions chez l’autre personne.,1
love_C_geum_df_water,action,Vérifiez d’abord les sentiments de l’autre personne et exprimez votre considération.,1
love_C_geum_df_water,state,"Il est facile de reporter des choix importants à mesure que votre détermination s’affaiblit, et l’énergie de la pluie et de la neige peut stimuler vos émotions et votre moi intérieur, ce qui peut avoir un impact plus important.",1
love_C_geum_df_wood,intro,C’est un jour où l’énergie de l’amour est faible et où la distance dans les relations augmente.,1
love_C_geum_df_wood,effect,Le manque d’expression émotionnelle provoque des incompréhensions et des déceptions chez l’autre personne.,1
love_C_geum_df_wood,action,Vérifiez d’abord les sentiments de l’autre personne et exprimez votre considération.,1
love_C_geum_df_wood,state,"Il est facile de reporter des choix importants en raison d’une détermination affaiblie, et la forte énergie du changement peut bouleverser le rythme et conduire à des variables inattendues.",1
love_C_geum_ex_earth,intro,C’est un jour où l’énergie de l’amour est faible et où la distance dans les relations augmente.,1
love_C_geum_ex_earth,effect,Le manque d’expression émotionnelle provoque des incompréhensions et des déceptions chez l’autre personne.,1
love_C_geum_ex_earth,action,Vérifiez d’abord les sentiments de l’autre personne et exprimez votre considération.,1
love_C_geum_ex_earth,state,"Un jugement trop pointu peut rendre les relations froides, et une énergie trouble peut ralentir votre rythme et alourdir vos pensées.",1
love_C_geum_ex_fire,intro,C’est un jour où l’énergie de l’amour est faible et où la distance dans les relations augmente.,1
love_C_geum_ex_fire,effect,Le manque d’expression émotionnelle provoque des incompréhensions et des déceptions chez l’autre personne.,1
love_C_geum_ex_fire,action,Vérifiez d’abord les sentiments de l’autre personne et exprimez votre considération.,1
love_C_geum_ex_fire,state,"Un jugement trop pointu peut rendre les relations froides, et une énergie claire peut couler dans une atmosphère excitée, ce qui peut brouiller la prudence.",1
love_C_geum_ex_water,intro,C’est un jour où l’énergie de l’amour est faible et où la distance dans les relations augmente.,1
love_C_geum_ex_water,effect,Le manque d’expression émotionnelle provoque des incompréhensions et des déceptions chez l’autre personne.,1
love_C_geum_ex_water,action,Vérifiez d’abord les sentiments de l’autre personne et exprimez votre considération.,1
love_C_geum_ex_water,state,"Un jugement trop pointu peut rendre les relations froides, et l'énergie de la pluie et de la neige peut stimuler les émotions et les sentiments intérieurs, ce qui peut avoir un impact plus important.",1
love_C_geum_ex_wood,intro,C’est un jour où l’énergie de l’amour est faible et où la distance dans les relations augmente.,1
love_C_geum_ex_wood,effect,Le manque d’expression émotionnelle provoque des incompréhensions et des déceptions chez l’autre personne.,1
love_C_geum_ex_wood,action,Vérifiez d’abord les sentiments de l’autre personne et exprimez votre considération.,1
love_C_geum_ex_wood,state,"Un jugement trop pointu peut rendre les relations froides, et la forte énergie du changement peut bouleverser le rythme et conduire à des variables inattendues.",1
love_C_hwa_df_earth,intro,C’est un jour où la passion amoureuse se refroidit et où vous vous sentez impuissant dans votre relation.,1
love_C_hwa_df_earth,effect,Une baisse de la température émotionnelle crée une atmosphère froide dans les relations.,1
love_C_hwa_df_earth,action,"Ne forcez pas, laissez de l'espace à l'autre personne et attendez.",1
love_C_hwa_df_earth,state,"Il est facile que des malentendus surviennent en raison de difficultés à s'exprimer, et l'énergie trouble peut vous ralentir et alourdir vos pensées.",1
love_C_hwa_df_fire,intro,C’est un jour où la passion amoureuse se refroidit et où vous vous sentez impuissant dans votre relation.,1
love_C_hwa_df_fire,effect,Une baisse de la température émotionnelle crée une atmosphère froide dans les relations.,1
love_C_hwa_df_fire,action,"Ne forcez pas, laissez de l'espace à l'autre personne et attendez.",1
love_C_hwa_df_fire,state,"Il est facile que des malentendus se produisent parce que les expressions sont difficiles à comprendre, et l'énergie claire peut couler dans une atmosphère excitée et troubler la prudence.",1
love_C_hwa_df_water,intro,C’est un jour où la passion amoureuse se refroidit et où vous vous sentez impuissant dans votre relation.,1
love_C_hwa_df_water,effect,Une baisse de la température émotionnelle crée une atmosphère froide dans les relations.,1
love_C_hwa_df_water,action,"Ne forcez pas, laissez de l'espace à l'autre personne et attendez.",1
love_C_hwa_df_water,state,"Il est facile que des malentendus surviennent car les expressions sont difficiles à comprendre, et l'énergie de la pluie et de la neige peut stimuler les émotions et les sentiments intérieurs, ce qui peut avoir un impact plus important.",1
love_C_hwa_df_wood,intro,C’est un jour où la passion amoureuse se refroidit et où vous vous sentez impuissant dans votre relation.,1
love_C_hwa_df_wood,effect,Une baisse de la température émotionnelle crée une atmosphère froide dans les relations.,1
love_C_hwa_df_wood,action,"Ne forcez pas, laissez de l'espace à l'autre personne et attendez.",1
love_C_hwa_df_wood,state,"Les malentendus sont faciles à survenir en raison d'expressions difficiles, et la forte énergie du changement peut bouleverser le rythme et conduire à des variables inattendues.",1
love_C_hwa_ex_earth,intro,C’est un jour où la passion amoureuse se refroidit et où vous vous sentez impuissant dans votre relation.,1
love_C_hwa_ex_earth,effect,Une baisse de la température émotionnelle crée une atmosphère froide dans les relations.,1
love_C_hwa_ex_earth,action,"Ne forcez pas, laissez de l'espace à l'autre personne et attendez.",1
love_C_hwa_ex_earth,state,"Il est facile que les émotions s'entrechoquent, et une énergie trouble peut vous ralentir et alourdir vos pensées.",1
love_C_hwa_ex_fire,intro,C’est un jour où la passion amoureuse se refroidit et où vous vous sentez impuissant dans votre relation.,1
love_C_hwa_ex_fire,effect,Une baisse de la température émotionnelle crée une atmosphère froide dans les relations.,1
love_C_hwa_ex_fire,action,"Ne forcez pas, laissez de l'espace à l'autre personne et attendez.",1
love_C_hwa_ex_fire,state,"Il est facile que les émotions s’entrechoquent, et l’énergie claire peut s’écouler dans une atmosphère excitée, ce qui trouble la prudence.",1
love_C_hwa_ex_water,intro,C’est un jour où la passion amoureuse se refroidit et où vous vous sentez impuissant dans votre relation.,1
love_C_hwa_ex_water,effect,Une baisse de la température émotionnelle crée une atmosphère froide dans les relations.,1
love_C_hwa_ex_water,action,"Ne forcez pas, laissez de l'espace à l'autre personne et attendez.",1
love_C_hwa_ex_water,state,"Il est facile que les émotions entrent en conflit, et l'énergie de la pluie et de la neige peut stimuler les émotions et les sentiments intérieurs, ce qui peut augmenter l'impact.",1
love_C_hwa_ex_wood,intro,C’est un jour où la passion amoureuse se refroidit et où vous vous sentez impuissant dans votre relation.,1
love_C_hwa_ex_wood,effect,Une baisse de la température émotionnelle crée une atmosphère froide dans les relations.,1
love_C_hwa_ex_wood,action,"Ne forcez pas, laissez de l'espace à l'autre personne et attendez.",1
love_C_hwa_ex_wood,state,"Il est facile que les émotions s’entrechoquent, et la forte énergie du changement peut bouleverser le rythme et conduire à des variables inattendues.",1
love_C_mok_df_earth,intro,C'est un jour où l'expansion des relations est bloquée et où il est difficile de développer de nouvelles relations ou relations.,1
love_C_mok_df_earth,effect,Le manque d’énergie de croissance stagne les relations et diminue l’intérêt.,1
love_C_mok_df_earth,action,Concentrez-vous sur le maintien de votre relation actuelle et évitez de faire trop d’avancées.,1
love_C_mok_df_earth,state,"L’hésitation à essayer de nouvelles choses peut ralentir les progrès, et une énergie trouble peut ralentir votre rythme et alourdir vos pensées.",1
love_C_mok_df_fire,intro,C'est un jour où l'expansion des relations est bloquée et où il est difficile de développer de nouvelles relations ou relations.,1
love_C_mok_df_fire,effect,Le manque d’énergie de croissance stagne les relations et diminue l’intérêt.,1
love_C_mok_df_fire,action,Concentrez-vous sur le maintien de votre relation actuelle et évitez de faire trop d’avancées.,1
love_C_mok_df_fire,state,"L’hésitation à essayer de nouvelles choses peut ralentir les progrès, et une énergie claire peut conduire à une atmosphère excitée, ce qui peut brouiller la prudence.",1
love_C_mok_df_water,intro,C'est un jour où l'expansion des relations est bloquée et où il est difficile de développer de nouvelles relations ou relations.,1
love_C_mok_df_water,effect,Le manque d’énergie de croissance stagne les relations et diminue l’intérêt.,1
love_C_mok_df_water,action,Concentrez-vous sur le maintien de votre relation actuelle et évitez de faire trop d’avancées.,1
love_C_mok_df_water,state,"L'hésitation à essayer de nouvelles choses peut ralentir les progrès, et l'énergie de la pluie et de la neige peut stimuler vos émotions et votre moi intérieur, ce qui peut augmenter l'impact.",1
love_C_mok_df_wood,intro,C'est un jour où l'expansion des relations est bloquée et où il est difficile de développer de nouvelles relations ou relations.,1
love_C_mok_df_wood,effect,Le manque d’énergie de croissance stagne les relations et diminue l’intérêt.,1
love_C_mok_df_wood,action,Concentrez-vous sur le maintien de votre relation actuelle et évitez de faire trop d’avancées.,1
love_C_mok_df_wood,state,"L’hésitation à essayer de nouvelles choses peut ralentir les progrès, et la forte énergie du changement peut bouleverser le rythme et conduire à des variables inattendues.",1
love_C_mok_ex_earth,intro,C'est un jour où l'expansion des relations est bloquée et où il est difficile de développer de nouvelles relations ou relations.,1
love_C_mok_ex_earth,effect,Le manque d’énergie de croissance stagne les relations et diminue l’intérêt.,1
love_C_mok_ex_earth,action,Concentrez-vous sur le maintien de votre relation actuelle et évitez de faire trop d’avancées.,1
love_C_mok_ex_earth,state,"Une motivation excessive peut vous amener à en faire trop, et une énergie trouble peut vous ralentir et alourdir vos pensées.",1
love_C_mok_ex_fire,intro,C'est un jour où l'expansion des relations est bloquée et où il est difficile de développer de nouvelles relations ou relations.,1
love_C_mok_ex_fire,effect,Le manque d’énergie de croissance stagne les relations et diminue l’intérêt.,1
love_C_mok_ex_fire,action,Concentrez-vous sur le maintien de votre relation actuelle et évitez de faire trop d’avancées.,1
love_C_mok_ex_fire,state,"Si vous êtes trop motivé, vous risquez de vous forcer à faire des choses et votre énergie claire peut se répandre dans une atmosphère excitée, ce qui peut brouiller votre prudence.",1
love_C_mok_ex_water,intro,C'est un jour où l'expansion des relations est bloquée et où il est difficile de développer de nouvelles relations ou relations.,1
love_C_mok_ex_water,effect,Le manque d’énergie de croissance stagne les relations et diminue l’intérêt.,1
love_C_mok_ex_water,action,Concentrez-vous sur le maintien de votre relation actuelle et évitez de faire trop d’avancées.,1
love_C_mok_ex_water,state,"Si vous êtes trop motivé, vous risquez d'en faire trop, et l'énergie de la pluie et de la neige peut stimuler vos émotions et votre moi intérieur, ce qui peut augmenter l'impact.",1
love_C_mok_ex_wood,intro,C'est un jour où l'expansion des relations est bloquée et où il est difficile de développer de nouvelles relations ou relations.,1
love_C_mok_ex_wood,effect,Le manque d’énergie de croissance stagne les relations et diminue l’intérêt.,1
love_C_mok_ex_wood,action,Concentrez-vous sur le maintien de votre relation actuelle et évitez de faire trop d’avancées.,1
love_C_mok_ex_wood,state,"Une motivation excessive peut conduire à en faire trop, et la forte énergie du changement peut bouleverser le rythme et conduire à des variables inattendues.",1
love_C_su_df_earth,intro,C’est un jour où la communication émotionnelle est bloquée et où les conflits se répètent dans les relations.,1
love_C_su_df_earth,effect,Une rupture de communication crée des malentendus et détériore les relations.,1
love_C_su_df_earth,action,"Plutôt que de réagir émotionnellement, écoutez d’abord ce que l’autre personne a à dire.",1
love_C_su_df_earth,state,"Il est facile de perdre la trace du flux en raison d'un manque de flexibilité, et une énergie trouble peut vous ralentir et alourdir vos pensées.",1
love_C_su_df_fire,intro,C’est un jour où la communication émotionnelle est bloquée et où les conflits se répètent dans les relations.,1
love_C_su_df_fire,effect,Une rupture de communication crée des malentendus et détériore les relations.,1
love_C_su_df_fire,action,"Plutôt que de réagir émotionnellement, écoutez d’abord ce que l’autre personne a à dire.",1
love_C_su_df_fire,state,"En raison du manque de flexibilité, il est facile de perdre la trace du flux et l’énergie claire peut s’écouler dans une atmosphère excitée, ce qui peut brouiller votre prudence.",1
love_C_su_df_water,intro,C’est un jour où la communication émotionnelle est bloquée et où les conflits se répètent dans les relations.,1
love_C_su_df_water,effect,Une rupture de communication crée des malentendus et détériore les relations.,1
love_C_su_df_water,action,"Plutôt que de réagir émotionnellement, écoutez d’abord ce que l’autre personne a à dire.",1
love_C_su_df_water,state,"En raison du manque de flexibilité, il est facile de perdre la trace du flux, et l'énergie de la pluie et de la neige peut stimuler les émotions et le moi intérieur, ce qui peut augmenter l'impact.",1
love_C_su_df_wood,intro,C’est un jour où la communication émotionnelle est bloquée et où les conflits se répètent dans les relations.,1
love_C_su_df_wood,effect,Une rupture de communication crée des malentendus et détériore les relations.,1
love_C_su_df_wood,action,"Plutôt que de réagir émotionnellement, écoutez d’abord ce que l’autre personne a à dire.",1
love_C_su_df_wood,state,"En raison du manque de flexibilité, il est facile de perdre le fil du flux, et la forte énergie du changement peut bouleverser le rythme et conduire à des variables inattendues.",1
love_C_su_ex_earth,intro,C’est un jour où la communication émotionnelle est bloquée et où les conflits se répètent dans les relations.,1
love_C_su_ex_earth,effect,Une rupture de communication crée des malentendus et détériore les relations.,1
love_C_su_ex_earth,action,"Plutôt que de réagir émotionnellement, écoutez d’abord ce que l’autre personne a à dire.",1
love_C_su_ex_earth,state,"Il est facile que votre jugement soit obscurci par des émotions débordantes, et l’énergie trouble peut vous ralentir et alourdir vos pensées.",1
love_C_su_ex_fire,intro,C’est un jour où la communication émotionnelle est bloquée et où les conflits se répètent dans les relations.,1
love_C_su_ex_fire,effect,Une rupture de communication crée des malentendus et détériore les relations.,1
love_C_su_ex_fire,action,"Plutôt que de réagir émotionnellement, écoutez d’abord ce que l’autre personne a à dire.",1
love_C_su_ex_fire,state,"Le jugement peut facilement être obscurci par des émotions débordantes, et l’énergie claire peut s’écouler dans une atmosphère excitée, ce qui peut obscurcir la prudence.",1
love_C_su_ex_water,intro,C’est un jour où la communication émotionnelle est bloquée et où les conflits se répètent dans les relations.,1
love_C_su_ex_water,effect,Une rupture de communication crée des malentendus et détériore les relations.,1
love_C_su_ex_water,action,"Plutôt que de réagir émotionnellement, écoutez d’abord ce que l’autre personne a à dire.",1
love_C_su_ex_water,state,"Il est facile que votre jugement s'obscurcisse à cause d'émotions débordantes, et l'énergie de la pluie et de la neige peut stimuler vos émotions et votre moi intérieur, ce qui peut augmenter l'impact.",1
love_C_su_ex_wood,intro,C’est un jour où la communication émotionnelle est bloquée et où les conflits se répètent dans les relations.,1
love_C_su_ex_wood,effect,Une rupture de communication crée des malentendus et détériore les relations.,1
love_C_su_ex_wood,action,"Plutôt que de réagir émotionnellement, écoutez d’abord ce que l’autre personne a à dire.",1
love_C_su_ex_wood,state,"Le jugement peut facilement être obscurci par les émotions, et la forte énergie du changement peut bouleverser le rythme et conduire à des variables inattendues.",1
love_C_to_df_earth,intro,C’est un jour où la stabilité des relations est ébranlée et où les conflits et l’anxiété augmentent.,1
love_C_to_df_earth,effect,Une relation instable peut détruire la confiance.,1
love_C_to_df_earth,action,Partagez honnêtement vos sentiments avec votre partenaire et soulagez votre anxiété.,1
love_C_to_df_earth,state,"Parce que votre centre est ébranlé, il est facile de se laisser influencer par votre environnement, et une énergie trouble peut vous ralentir et alourdir vos pensées.",1
love_C_to_df_fire,intro,C’est un jour où la stabilité des relations est ébranlée et où les conflits et l’anxiété augmentent.,1
love_C_to_df_fire,effect,Une relation instable peut détruire la confiance.,1
love_C_to_df_fire,action,Partagez honnêtement vos sentiments avec votre partenaire et soulagez votre anxiété.,1
love_C_to_df_fire,state,"Parce que votre centre est ébranlé, il est facile de se laisser influencer par ceux qui vous entourent et votre énergie claire peut couler dans une atmosphère excitée, ce qui peut brouiller votre prudence.",1
love_C_to_df_water,intro,C’est un jour où la stabilité des relations est ébranlée et où les conflits et l’anxiété augmentent.,1
love_C_to_df_water,effect,Une relation instable peut détruire la confiance.,1
love_C_to_df_water,action,Partagez honnêtement vos sentiments avec votre partenaire et soulagez votre anxiété.,1
love_C_to_df_water,state,"Parce que votre centre est ébranlé, il est facile de se laisser influencer par votre environnement, et l’énergie de la pluie et de la neige peut stimuler vos émotions et votre moi intérieur, ce qui peut augmenter l’impact.",1
love_C_to_df_wood,intro,C’est un jour où la stabilité des relations est ébranlée et où les conflits et l’anxiété augmentent.,1
love_C_to_df_wood,effect,Une relation instable peut détruire la confiance.,1
love_C_to_df_wood,action,Partagez honnêtement vos sentiments avec votre partenaire et soulagez votre anxiété.,1
love_C_to_df_wood,state,"Parce que le centre est ébranlé, il est facile de se laisser influencer par l'environnement, et la forte énergie du changement peut bouleverser le rythme et conduire à des variables inattendues.",1
love_C_to_ex_earth,intro,C’est un jour où la stabilité des relations est ébranlée et où les conflits et l’anxiété augmentent.,1
love_C_to_ex_earth,effect,Une relation instable peut détruire la confiance.,1
love_C_to_ex_earth,action,Partagez honnêtement vos sentiments avec votre partenaire et soulagez votre anxiété.,1
love_C_to_ex_earth,state,"Un esprit qui refuse de changer peut bloquer des opportunités, et une énergie trouble peut ralentir votre rythme et alourdir vos pensées.",1
love_C_to_ex_fire,intro,C’est un jour où la stabilité des relations est ébranlée et où les conflits et l’anxiété augmentent.,1
love_C_to_ex_fire,effect,Une relation instable peut détruire la confiance.,1
love_C_to_ex_fire,action,Partagez honnêtement vos sentiments avec votre partenaire et soulagez votre anxiété.,1
love_C_to_ex_fire,state,"Un esprit qui refuse de changer peut bloquer des opportunités, et une énergie claire peut couler dans une atmosphère excitée, obscurcissant la prudence.",1
love_C_to_ex_water,intro,C’est un jour où la stabilité des relations est ébranlée et où les conflits et l’anxiété augmentent.,1
love_C_to_ex_water,effect,Une relation instable peut détruire la confiance.,1
love_C_to_ex_water,action,Partagez honnêtement vos sentiments avec votre partenaire et soulagez votre anxiété.,1
love_C_to_ex_water,state,"Un esprit qui refuse de changer peut bloquer des opportunités, et l’énergie de la pluie et de la neige peut stimuler les émotions et les sentiments intérieurs, ce qui peut accroître l’impact.",1
love_C_to_ex_wood,intro,C’est un jour où la stabilité des relations est ébranlée et où les conflits et l’anxiété augmentent.,1
love_C_to_ex_wood,effect,Une relation instable peut détruire la confiance.,1
love_C_to_ex_wood,action,Partagez honnêtement vos sentiments avec votre partenaire et soulagez votre anxiété.,1
love_C_to_ex_wood,state,"Un refus de changement peut bloquer des opportunités, et la forte énergie du changement peut bouleverser le rythme et conduire à des variables inattendues.",1
love_C1,intro,"Aujourd’hui est un jour où votre énergie émotionnelle est très faible, ce qui facilite les malentendus dans les relations.",1
love_C1,intro,"L’énergie de l’amour est faible aujourd’hui, il serait donc sage de minimiser l’expression émotionnelle.",1
love_C1,effect,"Il est préférable de réduire le nombre de mots que vous prononcez, car les petits mots et les actions peuvent être sensibles pour l'autre personne.",1
love_C1,effect,Les conversations fondées sur des faits sont plus efficaces pour réduire les malentendus que les conversations émotionnelles.,1
love_C1,action,"Aujourd’hui, donnez la priorité à la raison plutôt qu’aux émotions et traitez les autres confortablement.",1
love_C1,action,"Plutôt que d’essayer de résoudre le problème tout de suite, il vaut mieux en parler dans le calme quelques jours plus tard.",1
love_C1_geum_df_earth,intro,C’est un jour où l’énergie de l’amour est considérablement réduite et où entretenir des relations devient difficile.,1
love_C1_geum_df_earth,effect,La déconnexion émotionnelle peut créer une crise grave dans une relation.,1
love_C1_geum_df_earth,action,"N'entamez pas une conversation avec votre partenaire aujourd'hui, mais faites-le lorsque vous vous sentirez mieux.",1
love_C1_geum_df_earth,state,"En raison du manque de détermination, il est facile de faire des choix indécis, et une énergie trouble peut réduire la motivation et troubler le jugement.",1
love_C1_geum_df_fire,intro,C’est un jour où l’énergie de l’amour est considérablement réduite et où entretenir des relations devient difficile.,1
love_C1_geum_df_fire,effect,La déconnexion émotionnelle peut créer une crise grave dans une relation.,1
love_C1_geum_df_fire,action,"N'entamez pas une conversation avec votre partenaire aujourd'hui, mais faites-le lorsque vous vous sentirez mieux.",1
love_C1_geum_df_fire,state,"En raison du manque de détermination, il est facile de faire des choix indécis, et un Yang excité peut dissiper le calme et conduire à des erreurs mineures.",1
love_C1_geum_df_water,intro,C’est un jour où l’énergie de l’amour est considérablement réduite et où entretenir des relations devient difficile.,1
love_C1_geum_df_water,effect,La déconnexion émotionnelle peut créer une crise grave dans une relation.,1
love_C1_geum_df_water,action,"N'entamez pas une conversation avec votre partenaire aujourd'hui, mais faites-le lorsque vous vous sentirez mieux.",1
love_C1_geum_df_water,state,"En raison du manque de détermination, il est facile de faire des choix indécis, et l'énergie de la pluie et de la neige peut ne pas calmer vos émotions, ce qui rend votre cœur lourd.",1
love_C1_geum_df_wood,intro,C’est un jour où l’énergie de l’amour est considérablement réduite et où entretenir des relations devient difficile.,1
love_C1_geum_df_wood,effect,La déconnexion émotionnelle peut créer une crise grave dans une relation.,1
love_C1_geum_df_wood,action,"N'entamez pas une conversation avec votre partenaire aujourd'hui, mais faites-le lorsque vous vous sentirez mieux.",1
love_C1_geum_df_wood,state,"En raison du manque de détermination, il est facile de faire des choix indécis et l’énergie du changement peut continuer à interférer et à perturber les plans.",1
love_C1_geum_ex_earth,intro,C’est un jour où l’énergie de l’amour est considérablement réduite et où entretenir des relations devient difficile.,1
love_C1_geum_ex_earth,effect,La déconnexion émotionnelle peut créer une crise grave dans une relation.,1
love_C1_geum_ex_earth,action,"N'entamez pas une conversation avec votre partenaire aujourd'hui, mais faites-le lorsque vous vous sentirez mieux.",1
love_C1_geum_ex_earth,state,"La netteté peut aller trop loin et constituer un fardeau pour ceux qui vous entourent, et une énergie trouble peut réduire la motivation et brouiller votre jugement.",1
love_C1_geum_ex_fire,intro,C’est un jour où l’énergie de l’amour est considérablement réduite et où entretenir des relations devient difficile.,1
love_C1_geum_ex_fire,effect,La déconnexion émotionnelle peut créer une crise grave dans une relation.,1
love_C1_geum_ex_fire,action,"N'entamez pas une conversation avec votre partenaire aujourd'hui, mais faites-le lorsque vous vous sentirez mieux.",1
love_C1_geum_ex_fire,state,"Votre acuité peut aller trop loin et constituer un fardeau pour ceux qui vous entourent, et votre énergie excitée peut dissiper votre calme et conduire à des erreurs mineures.",1
love_C1_geum_ex_water,intro,C’est un jour où l’énergie de l’amour est considérablement réduite et où entretenir des relations devient difficile.,1
love_C1_geum_ex_water,effect,La déconnexion émotionnelle peut créer une crise grave dans une relation.,1
love_C1_geum_ex_water,action,"N'entamez pas une conversation avec votre partenaire aujourd'hui, mais faites-le lorsque vous vous sentirez mieux.",1
love_C1_geum_ex_water,state,"Votre acuité peut aller trop loin et faire peser un fardeau sur ceux qui vous entourent, et l'énergie de la pluie et de la neige ne peut pas calmer vos émotions, ce qui rend votre cœur lourd.",1
love_C1_geum_ex_wood,intro,C’est un jour où l’énergie de l’amour est considérablement réduite et où entretenir des relations devient difficile.,1
love_C1_geum_ex_wood,effect,La déconnexion émotionnelle peut créer une crise grave dans une relation.,1
love_C1_geum_ex_wood,action,"N'entamez pas une conversation avec votre partenaire aujourd'hui, mais faites-le lorsque vous vous sentirez mieux.",1
love_C1_geum_ex_wood,state,"Votre acuité peut aller trop loin et constituer un fardeau pour ceux qui vous entourent, et l'énergie du changement peut continuer à interférer avec vos projets.",1
love_C1_hwa_df_earth,intro,C’est un jour où la passion amoureuse a presque disparu et où l’engourdissement prend le dessus dans les relations.,1
love_C1_hwa_df_earth,effect,L’épuisement émotionnel peut causer de graves dommages aux relations.,1
love_C1_hwa_df_earth,action,Évitez les décisions émotionnelles aujourd’hui et prenez d’abord soin de vous.,1
love_C1_hwa_df_earth,state,"Il est facile que vos sentiments ne soient pas exprimés correctement en raison d’un blocage de l’expression, et une énergie trouble peut réduire la motivation et brouiller votre jugement.",1
love_C1_hwa_df_fire,intro,C’est un jour où la passion amoureuse a presque disparu et où l’engourdissement prend le dessus dans les relations.,1
love_C1_hwa_df_fire,effect,L’épuisement émotionnel peut causer de graves dommages aux relations.,1
love_C1_hwa_df_fire,action,Évitez les décisions émotionnelles aujourd’hui et prenez d’abord soin de vous.,1
love_C1_hwa_df_fire,state,"Il est facile que vos sentiments ne soient pas transmis correctement en raison d'un blocage de l'expression, et une énergie excitée peut disperser votre calme et conduire à des erreurs mineures.",1
love_C1_hwa_df_water,intro,C’est un jour où la passion amoureuse a presque disparu et où l’engourdissement prend le dessus dans les relations.,1
love_C1_hwa_df_water,effect,L’épuisement émotionnel peut causer de graves dommages aux relations.,1
love_C1_hwa_df_water,action,Évitez les décisions émotionnelles aujourd’hui et prenez d’abord soin de vous.,1
love_C1_hwa_df_water,state,"Parce que les expressions sont bloquées, il est facile que vos sentiments ne soient pas transmis correctement, et l'énergie de la pluie et de la neige ne peut pas calmer vos émotions, ce qui peut rendre votre cœur lourd.",1
love_C1_hwa_df_wood,intro,C’est un jour où la passion amoureuse a presque disparu et où l’engourdissement prend le dessus dans les relations.,1
love_C1_hwa_df_wood,effect,L’épuisement émotionnel peut causer de graves dommages aux relations.,1
love_C1_hwa_df_wood,action,Évitez les décisions émotionnelles aujourd’hui et prenez d’abord soin de vous.,1
love_C1_hwa_df_wood,state,"Il est facile que vos sentiments ne soient pas transmis correctement en raison d’un blocage de l’expression, et l’énergie du changement peut continuer à interférer et perturber vos plans.",1
love_C1_hwa_ex_earth,intro,C’est un jour où la passion amoureuse a presque disparu et où l’engourdissement prend le dessus dans les relations.,1
love_C1_hwa_ex_earth,effect,L’épuisement émotionnel peut causer de graves dommages aux relations.,1
love_C1_hwa_ex_earth,action,Évitez les décisions émotionnelles aujourd’hui et prenez d’abord soin de vous.,1
love_C1_hwa_ex_earth,state,"Il est facile pour les émotions de provoquer des frictions, même pour de petites choses, et une énergie trouble peut réduire la motivation et troubler le jugement.",1
love_C1_hwa_ex_fire,intro,C’est un jour où la passion amoureuse a presque disparu et où l’engourdissement prend le dessus dans les relations.,1
love_C1_hwa_ex_fire,effect,L’épuisement émotionnel peut causer de graves dommages aux relations.,1
love_C1_hwa_ex_fire,action,Évitez les décisions émotionnelles aujourd’hui et prenez d’abord soin de vous.,1
love_C1_hwa_ex_fire,state,"Il est facile pour les émotions de provoquer des frictions, même pour de petites choses, et une énergie excitée peut perturber votre calme et conduire à des erreurs mineures.",1
love_C1_hwa_ex_water,intro,C’est un jour où la passion amoureuse a presque disparu et où l’engourdissement prend le dessus dans les relations.,1
love_C1_hwa_ex_water,effect,L’épuisement émotionnel peut causer de graves dommages aux relations.,1
love_C1_hwa_ex_water,action,Évitez les décisions émotionnelles aujourd’hui et prenez d’abord soin de vous.,1
love_C1_hwa_ex_water,state,"Il est facile que des émotions surgissent, même pour de petites choses, et l'énergie de la pluie et de la neige ne peut pas calmer vos émotions, ce qui rend votre cœur lourd.",1
love_C1_hwa_ex_wood,intro,C’est un jour où la passion amoureuse a presque disparu et où l’engourdissement prend le dessus dans les relations.,1
love_C1_hwa_ex_wood,effect,L’épuisement émotionnel peut causer de graves dommages aux relations.,1
love_C1_hwa_ex_wood,action,Évitez les décisions émotionnelles aujourd’hui et prenez d’abord soin de vous.,1
love_C1_hwa_ex_wood,state,"Si vous êtes motivé par les émotions, il est facile que des frictions surviennent, même pour de petites choses, et l'énergie du changement peut continuer à interférer et à perturber vos projets.",1
love_C1_mok_df_earth,intro,C’est le jour où la croissance des relations s’arrête complètement et où la distance augmente.,1
love_C1_mok_df_earth,effect,La stagnation dans une relation peut conduire à une crise de rupture.,1
love_C1_mok_df_earth,action,"Au lieu d’essayer d’imposer des changements dans votre relation, prenez un moment pour reprendre votre souffle.",1
love_C1_mok_df_earth,state,"Si vous hésitez longtemps, il est facile qu’une opportunité vous échappe, et une énergie trouble peut réduire votre motivation et brouiller votre jugement.",1
love_C1_mok_df_fire,intro,C’est le jour où la croissance des relations s’arrête complètement et où la distance augmente.,1
love_C1_mok_df_fire,effect,La stagnation dans une relation peut conduire à une crise de rupture.,1
love_C1_mok_df_fire,action,"Au lieu d’essayer d’imposer des changements dans votre relation, prenez un moment pour reprendre votre souffle.",1
love_C1_mok_df_fire,state,"Si vous hésitez longtemps, il est facile qu'une opportunité vous échappe et une énergie excitée peut dissiper votre calme et conduire à des erreurs mineures.",1
love_C1_mok_df_water,intro,C’est le jour où la croissance des relations s’arrête complètement et où la distance augmente.,1
love_C1_mok_df_water,effect,La stagnation dans une relation peut conduire à une crise de rupture.,1
love_C1_mok_df_water,action,"Au lieu d’essayer d’imposer des changements dans votre relation, prenez un moment pour reprendre votre souffle.",1
love_C1_mok_df_water,state,"Si vous hésitez longtemps, il est facile qu'une opportunité vous échappe, et l'énergie de la pluie et de la neige ne peut pas calmer vos émotions, ce qui rend votre cœur lourd.",1
love_C1_mok_df_wood,intro,C’est le jour où la croissance des relations s’arrête complètement et où la distance augmente.,1
love_C1_mok_df_wood,effect,La stagnation dans une relation peut conduire à une crise de rupture.,1
love_C1_mok_df_wood,action,"Au lieu d’essayer d’imposer des changements dans votre relation, prenez un moment pour reprendre votre souffle.",1
love_C1_mok_df_wood,state,"Si vous hésitez longtemps, il est facile qu’une opportunité vous échappe et l’énergie du changement peut continuer à interférer et à perturber vos projets.",1
love_C1_mok_ex_earth,intro,C’est le jour où la croissance des relations s’arrête complètement et où la distance augmente.,1
love_C1_mok_ex_earth,effect,La stagnation dans une relation peut conduire à une crise de rupture.,1
love_C1_mok_ex_earth,action,"Au lieu d’essayer d’imposer des changements dans votre relation, prenez un moment pour reprendre votre souffle.",1
love_C1_mok_ex_earth,state,"Il est facile pour l’avidité de conduire à des choses qui ne peuvent être comprises, et une énergie trouble peut réduire la motivation et troubler le jugement.",1
love_C1_mok_ex_fire,intro,C’est le jour où la croissance des relations s’arrête complètement et où la distance augmente.,1
love_C1_mok_ex_fire,effect,La stagnation dans une relation peut conduire à une crise de rupture.,1
love_C1_mok_ex_fire,action,"Au lieu d’essayer d’imposer des changements dans votre relation, prenez un moment pour reprendre votre souffle.",1
love_C1_mok_ex_fire,state,"Il est facile de devenir gourmand et de faire des choses que vous ne pouvez pas contrôler, et une énergie excitée peut perturber votre calme et conduire à des erreurs mineures.",1
love_C1_mok_ex_water,intro,C’est le jour où la croissance des relations s’arrête complètement et où la distance augmente.,1
love_C1_mok_ex_water,effect,La stagnation dans une relation peut conduire à une crise de rupture.,1
love_C1_mok_ex_water,action,"Au lieu d’essayer d’imposer des changements dans votre relation, prenez un moment pour reprendre votre souffle.",1
love_C1_mok_ex_water,state,"Il est facile de devenir gourmand et de faire des choses que vous ne pouvez pas contrôler, et l'énergie de la pluie et de la neige ne peut pas calmer vos émotions, ce qui rend votre cœur lourd.",1
love_C1_mok_ex_wood,intro,C’est le jour où la croissance des relations s’arrête complètement et où la distance augmente.,1
love_C1_mok_ex_wood,effect,La stagnation dans une relation peut conduire à une crise de rupture.,1
love_C1_mok_ex_wood,action,"Au lieu d’essayer d’imposer des changements dans votre relation, prenez un moment pour reprendre votre souffle.",1
love_C1_mok_ex_wood,state,"Il est facile de devenir cupide et de finir par faire des choses que vous ne pouvez pas contrôler, et l'énergie du changement peut continuer à interférer et à perturber vos plans.",1
love_C1_su_df_earth,intro,C’est un jour où la communication émotionnelle peut être sérieusement perturbée et où les conflits peuvent éclater.,1
love_C1_su_df_earth,effect,Une série de déconnexions émotionnelles et de malentendus met les relations en danger.,1
love_C1_su_df_earth,action,Évitez les conversations émotionnelles importantes aujourd’hui et gardez votre sang-froid.,1
love_C1_su_df_earth,state,"Il est facile de s'entêter et de perdre le fil des choses à plusieurs reprises, et une énergie trouble peut réduire la motivation et brouiller votre jugement.",1
love_C1_su_df_fire,intro,C’est un jour où la communication émotionnelle peut être sérieusement perturbée et où les conflits peuvent éclater.,1
love_C1_su_df_fire,effect,Une série de déconnexions émotionnelles et de malentendus met les relations en danger.,1
love_C1_su_df_fire,action,Évitez les conversations émotionnelles importantes aujourd’hui et gardez votre sang-froid.,1
love_C1_su_df_fire,state,"Il est facile de s'entêter et de perdre la trace du flux, et une énergie excitée peut perturber votre calme et conduire à des erreurs mineures.",1
love_C1_su_df_water,intro,C’est un jour où la communication émotionnelle peut être sérieusement perturbée et où les conflits peuvent éclater.,1
love_C1_su_df_water,effect,Une série de déconnexions émotionnelles et de malentendus met les relations en danger.,1
love_C1_su_df_water,action,Évitez les conversations émotionnelles importantes aujourd’hui et gardez votre sang-froid.,1
love_C1_su_df_water,state,"Il est facile de devenir têtu et de perdre la trace du flux, et l'énergie de la pluie et de la neige ne peut pas calmer vos émotions, ce qui rend votre cœur lourd.",1
love_C1_su_df_wood,intro,C’est un jour où la communication émotionnelle peut être sérieusement perturbée et où les conflits peuvent éclater.,1
love_C1_su_df_wood,effect,Une série de déconnexions émotionnelles et de malentendus met les relations en danger.,1
love_C1_su_df_wood,action,Évitez les conversations émotionnelles importantes aujourd’hui et gardez votre sang-froid.,1
love_C1_su_df_wood,state,"Il est facile de s'entêter et de perdre le fil des choses à plusieurs reprises, et l'énergie du changement peut continuer à interférer et perturber vos plans.",1
love_C1_su_ex_earth,intro,C’est un jour où la communication émotionnelle peut être sérieusement perturbée et où les conflits peuvent éclater.,1
love_C1_su_ex_earth,effect,Une série de déconnexions émotionnelles et de malentendus met les relations en danger.,1
love_C1_su_ex_earth,action,Évitez les conversations émotionnelles importantes aujourd’hui et gardez votre sang-froid.,1
love_C1_su_ex_earth,state,"Les émotions deviennent plus profondes, il est donc facile d'être secoué par des stimuli, même minimes, et une énergie trouble peut réduire la motivation et le jugement trouble.",1
love_C1_su_ex_fire,intro,C’est un jour où la communication émotionnelle peut être sérieusement perturbée et où les conflits peuvent éclater.,1
love_C1_su_ex_fire,effect,Une série de déconnexions émotionnelles et de malentendus met les relations en danger.,1
love_C1_su_ex_fire,action,Évitez les conversations émotionnelles importantes aujourd’hui et gardez votre sang-froid.,1
love_C1_su_ex_fire,state,"Les émotions deviennent profondes, il est donc facile d'être secoué par le moindre stimulus, et une énergie excitée peut perturber le calme et conduire à des erreurs mineures.",1
love_C1_su_ex_water,intro,C’est un jour où la communication émotionnelle peut être sérieusement perturbée et où les conflits peuvent éclater.,1
love_C1_su_ex_water,effect,Une série de déconnexions émotionnelles et de malentendus met les relations en danger.,1
love_C1_su_ex_water,action,Évitez les conversations émotionnelles importantes aujourd’hui et gardez votre sang-froid.,1
love_C1_su_ex_water,state,"À mesure que les émotions deviennent plus profondes, il est facile d'être secoué par le moindre stimulus, et l'énergie de la pluie et de la neige peut ne pas calmer les émotions, rendant le cœur lourd.",1
love_C1_su_ex_wood,intro,C’est un jour où la communication émotionnelle peut être sérieusement perturbée et où les conflits peuvent éclater.,1
love_C1_su_ex_wood,effect,Une série de déconnexions émotionnelles et de malentendus met les relations en danger.,1
love_C1_su_ex_wood,action,Évitez les conversations émotionnelles importantes aujourd’hui et gardez votre sang-froid.,1
love_C1_su_ex_wood,state,"À mesure que vos émotions s’approfondissent, il est facile d’être ébranlé par le moindre stimulus, et l’énergie du changement peut continuer à interférer et à perturber vos plans.",1
love_C1_to_df_earth,intro,C’est un jour où la stabilité des relations s’effondre et où la confiance est fortement ébranlée.,1
love_C1_to_df_earth,effect,Un fondement émotionnel instable met en péril toute la relation.,1
love_C1_to_df_earth,action,Parlez tranquillement avec votre partenaire seul et vérifiez votre relation.,1
love_C1_to_df_earth,state,"Parce que vous n’êtes pas centré, vos décisions peuvent facilement changer, et une énergie trouble peut réduire votre motivation et brouiller votre jugement.",1
love_C1_to_df_fire,intro,C’est un jour où la stabilité des relations s’effondre et où la confiance est fortement ébranlée.,1
love_C1_to_df_fire,effect,Un fondement émotionnel instable met en péril toute la relation.,1
love_C1_to_df_fire,action,Parlez tranquillement avec votre partenaire seul et vérifiez votre relation.,1
love_C1_to_df_fire,state,"Parce que vous n’êtes pas centré, il est facile de changer vos décisions et votre énergie excitée peut dissiper votre calme et conduire à des erreurs mineures.",1
love_C1_to_df_water,intro,C’est un jour où la stabilité des relations s’effondre et où la confiance est fortement ébranlée.,1
love_C1_to_df_water,effect,Un fondement émotionnel instable met en péril toute la relation.,1
love_C1_to_df_water,action,Parlez tranquillement avec votre partenaire seul et vérifiez votre relation.,1
love_C1_to_df_water,state,"Parce que vous n’êtes pas centré, il est facile de changer vos décisions, et l’énergie de la pluie et de la neige ne peut pas calmer vos émotions, ce qui rend votre cœur lourd.",1
love_C1_to_df_wood,intro,C’est un jour où la stabilité des relations s’effondre et où la confiance est fortement ébranlée.,1
love_C1_to_df_wood,effect,Un fondement émotionnel instable met en péril toute la relation.,1
love_C1_to_df_wood,action,Parlez tranquillement avec votre partenaire seul et vérifiez votre relation.,1
love_C1_to_df_wood,state,"Parce que vous n’êtes pas centré, vos décisions peuvent facilement changer et l’énergie du changement peut continuer à interférer avec vos projets.",1
love_C1_to_ex_earth,intro,C’est un jour où la stabilité des relations s’effondre et où la confiance est fortement ébranlée.,1
love_C1_to_ex_earth,effect,Un fondement émotionnel instable met en péril toute la relation.,1
love_C1_to_ex_earth,action,Parlez tranquillement avec votre partenaire seul et vérifiez votre relation.,1
love_C1_to_ex_earth,state,"Il est facile d’ignorer les changements qui nécessitent une orientation obstinée vers la stabilité, et une énergie trouble peut réduire la motivation et le jugement.",1
love_C1_to_ex_fire,intro,C’est un jour où la stabilité des relations s’effondre et où la confiance est fortement ébranlée.,1
love_C1_to_ex_fire,effect,Un fondement émotionnel instable met en péril toute la relation.,1
love_C1_to_ex_fire,action,Parlez tranquillement avec votre partenaire seul et vérifiez votre relation.,1
love_C1_to_ex_fire,state,"Il est facile d'ignorer les changements qui nécessitent une stabilité obstinée, et une énergie excitée peut perturber le calme et conduire à des erreurs mineures.",1
love_C1_to_ex_water,intro,C’est un jour où la stabilité des relations s’effondre et où la confiance est fortement ébranlée.,1
love_C1_to_ex_water,effect,Un fondement émotionnel instable met en péril toute la relation.,1
love_C1_to_ex_water,action,Parlez tranquillement avec votre partenaire seul et vérifiez votre relation.,1
love_C1_to_ex_water,state,"Il est facile d'ignorer les changements qui nécessitent une stabilité obstinée, et l'énergie de la pluie et de la neige peut ne pas calmer vos émotions, ce qui rend votre cœur lourd.",1
love_C1_to_ex_wood,intro,C’est un jour où la stabilité des relations s’effondre et où la confiance est fortement ébranlée.,1
love_C1_to_ex_wood,effect,Un fondement émotionnel instable met en péril toute la relation.,1
love_C1_to_ex_wood,action,Parlez tranquillement avec votre partenaire seul et vérifiez votre relation.,1
love_C1_to_ex_wood,state,"Il est facile d’ignorer les changements qui nécessitent une orientation obstinée vers la stabilité, et l’énergie du changement peut continuer à interférer et à perturber vos plans.",1
love_D,intro,"L’énergie relationnelle est au plus bas aujourd’hui, il serait donc sage d’éviter les conflits et de garder vos distances.",1
love_D,intro,"Votre énergie émotionnelle sera très faible aujourd’hui, il est donc préférable de minimiser les contacts avec les autres.",1
love_D,effect,"Aussi bonnes que soient vos intentions, le silence peut être la meilleure solution car il peut conduire à des malentendus.",1
love_D,effect,"Comme vos émotions deviennent extrêmement sensibles, même les petites choses peuvent se transformer en grandes choses, il est donc préférable de garder vos distances aujourd’hui.",1
love_D,action,Remettez de quelques jours les conversations relationnelles importantes et concentrez-vous aujourd’hui sur la mise de l’ordre dans vos sentiments.,1
love_D,action,Il est préférable de passer la journée à prendre soin de soi plutôt que de contacter les autres.,1
love_D_geum_df_earth,intro,C’est un jour où votre énergie amoureuse est complètement épuisée et votre relation est en crise.,1
love_D_geum_df_earth,effect,L’épuisement émotionnel rend les relations difficiles à réparer.,1
love_D_geum_df_earth,action,Ne prenez aucune décision romantique aujourd’hui.,1
love_D_geum_df_earth,state,"Votre détermination peut être grandement brisée, et tout choix que vous faites peut entraîner des regrets, et l’énergie épaisse et trouble peut tout ralentir considérablement.",1
love_D_geum_df_fire,intro,C’est un jour où votre énergie amoureuse est complètement épuisée et votre relation est en crise.,1
love_D_geum_df_fire,effect,L’épuisement émotionnel rend les relations difficiles à réparer.,1
love_D_geum_df_fire,action,Ne prenez aucune décision romantique aujourd’hui.,1
love_D_geum_df_fire,state,"La capacité de décision peut être considérablement affaiblie et tout choix peut conduire à des regrets, et un yang fort peut encourager les impulsions et conduire à des actions imprudentes.",1
love_D_geum_df_water,intro,C’est un jour où votre énergie amoureuse est complètement épuisée et votre relation est en crise.,1
love_D_geum_df_water,effect,L’épuisement émotionnel rend les relations difficiles à réparer.,1
love_D_geum_df_water,action,Ne prenez aucune décision romantique aujourd’hui.,1
love_D_geum_df_water,state,"Votre détermination peut être grandement brisée et tout choix que vous faites peut entraîner des regrets, et la force des fortes pluies et de la neige peut ébranler violemment vos émotions, rendant difficile leur contrôle.",1
love_D_geum_df_wood,intro,C’est un jour où votre énergie amoureuse est complètement épuisée et votre relation est en crise.,1
love_D_geum_df_wood,effect,L’épuisement émotionnel rend les relations difficiles à réparer.,1
love_D_geum_df_wood,action,Ne prenez aucune décision romantique aujourd’hui.,1
love_D_geum_df_wood,state,"Votre détermination peut être grandement brisée, tout choix que vous faites peut se terminer par des regrets et la féroce énergie du changement peut égarer toutes vos prédictions.",1
love_D_geum_ex_earth,intro,C’est un jour où votre énergie amoureuse est complètement épuisée et votre relation est en crise.,1
love_D_geum_ex_earth,effect,L’épuisement émotionnel rend les relations difficiles à réparer.,1
love_D_geum_ex_earth,action,Ne prenez aucune décision romantique aujourd’hui.,1
love_D_geum_ex_earth,state,"Si la netteté va trop loin, cela peut créer une profonde rupture avec l’environnement, et l’épaisse énergie nuageuse peut tout ralentir considérablement.",1
love_D_geum_ex_fire,intro,C’est un jour où votre énergie amoureuse est complètement épuisée et votre relation est en crise.,1
love_D_geum_ex_fire,effect,L’épuisement émotionnel rend les relations difficiles à réparer.,1
love_D_geum_ex_fire,action,Ne prenez aucune décision romantique aujourd’hui.,1
love_D_geum_ex_fire,state,"La netteté peut aller trop loin et créer de profondes divisions avec ceux qui vous entourent, et un yang fort peut encourager les impulsions et conduire à des actions imprudentes.",1
love_D_geum_ex_water,intro,C’est un jour où votre énergie amoureuse est complètement épuisée et votre relation est en crise.,1
love_D_geum_ex_water,effect,L’épuisement émotionnel rend les relations difficiles à réparer.,1
love_D_geum_ex_water,action,Ne prenez aucune décision romantique aujourd’hui.,1
love_D_geum_ex_water,state,"La netteté peut aller trop loin et créer de profondes fissures avec l'environnement, et la force de fortes pluies et de neige peut ébranler violemment vos émotions, rendant difficile leur contrôle.",1
love_D_geum_ex_wood,intro,C’est un jour où votre énergie amoureuse est complètement épuisée et votre relation est en crise.,1
love_D_geum_ex_wood,effect,L’épuisement émotionnel rend les relations difficiles à réparer.,1
love_D_geum_ex_wood,action,Ne prenez aucune décision romantique aujourd’hui.,1
love_D_geum_ex_wood,state,"La netteté peut aller trop loin et créer de profondes fissures avec l’environnement, et l’énergie féroce du changement peut égarer toutes les prédictions.",1
love_D_hwa_df_earth,intro,C’est un jour où le sentiment d’amour est complètement bloqué et où la communication avec l’autre est impossible.,1
love_D_hwa_df_earth,effect,Une déconnexion émotionnelle extrême laisse des blessures mortelles dans les relations.,1
love_D_hwa_df_earth,action,Abstenez-vous complètement de tout comportement émotionnel et trouvez du réconfort seul.,1
love_D_hwa_df_earth,state,"La manière de transmettre ses sentiments est complètement fermée, ce qui peut aggraver les malentendus et la déconnexion, et l'énergie épaisse et trouble peut tout ralentir considérablement.",1
love_D_hwa_df_fire,intro,C’est un jour où le sentiment d’amour est complètement bloqué et où la communication avec l’autre est impossible.,1
love_D_hwa_df_fire,effect,Une déconnexion émotionnelle extrême laisse des blessures mortelles dans les relations.,1
love_D_hwa_df_fire,action,Abstenez-vous complètement de tout comportement émotionnel et trouvez du réconfort seul.,1
love_D_hwa_df_fire,state,"La manière de communiquer ses sentiments est complètement fermée, ce qui peut aggraver les malentendus et la déconnexion, et une forte énergie positive peut encourager les impulsions et conduire à des actions imprudentes.",1
love_D_hwa_df_water,intro,C’est un jour où le sentiment d’amour est complètement bloqué et où la communication avec l’autre est impossible.,1
love_D_hwa_df_water,effect,Une déconnexion émotionnelle extrême laisse des blessures mortelles dans les relations.,1
love_D_hwa_df_water,action,Abstenez-vous complètement de tout comportement émotionnel et trouvez du réconfort seul.,1
love_D_hwa_df_water,state,"La manière de communiquer ses sentiments est complètement fermée, ce qui peut aggraver les malentendus et la déconnexion, et la force des fortes pluies et de la neige peut ébranler violemment les émotions, rendant difficile leur contrôle.",1
love_D_hwa_df_wood,intro,C’est un jour où le sentiment d’amour est complètement bloqué et où la communication avec l’autre est impossible.,1
love_D_hwa_df_wood,effect,Une déconnexion émotionnelle extrême laisse des blessures mortelles dans les relations.,1
love_D_hwa_df_wood,action,Abstenez-vous complètement de tout comportement émotionnel et trouvez du réconfort seul.,1
love_D_hwa_df_wood,state,"La manière de communiquer ses sentiments est complètement fermée, les malentendus et la déconnexion peuvent s'approfondir, et l'énergie féroce du changement peut égarer toutes les prédictions.",1
love_D_hwa_ex_earth,intro,C’est un jour où le sentiment d’amour est complètement bloqué et où la communication avec l’autre est impossible.,1
love_D_hwa_ex_earth,effect,Une déconnexion émotionnelle extrême laisse des blessures mortelles dans les relations.,1
love_D_hwa_ex_earth,action,Abstenez-vous complètement de tout comportement émotionnel et trouvez du réconfort seul.,1
love_D_hwa_ex_earth,state,"Les émotions surchauffées peuvent se transformer en un conflit irréparable, et l’épaisse énergie nuageuse peut tout ralentir considérablement.",1
love_D_hwa_ex_fire,intro,C’est un jour où le sentiment d’amour est complètement bloqué et où la communication avec l’autre est impossible.,1
love_D_hwa_ex_fire,effect,Une déconnexion émotionnelle extrême laisse des blessures mortelles dans les relations.,1
love_D_hwa_ex_fire,action,Abstenez-vous complètement de tout comportement émotionnel et trouvez du réconfort seul.,1
love_D_hwa_ex_fire,state,"Des émotions surchauffées peuvent conduire à des conflits irréversibles, et un yang fort peut encourager les impulsions et conduire à des actions imprudentes.",1
love_D_hwa_ex_water,intro,C’est un jour où le sentiment d’amour est complètement bloqué et où la communication avec l’autre est impossible.,1
love_D_hwa_ex_water,effect,Une déconnexion émotionnelle extrême laisse des blessures mortelles dans les relations.,1
love_D_hwa_ex_water,action,Abstenez-vous complètement de tout comportement émotionnel et trouvez du réconfort seul.,1
love_D_hwa_ex_water,state,"Les émotions surchauffées peuvent se transformer en un conflit irréparable, et la force des fortes pluies et de la neige secoue violemment les émotions, rendant le contrôle difficile.",1
love_D_hwa_ex_wood,intro,C’est un jour où le sentiment d’amour est complètement bloqué et où la communication avec l’autre est impossible.,1
love_D_hwa_ex_wood,effect,Une déconnexion émotionnelle extrême laisse des blessures mortelles dans les relations.,1
love_D_hwa_ex_wood,action,Abstenez-vous complètement de tout comportement émotionnel et trouvez du réconfort seul.,1
love_D_hwa_ex_wood,state,"Des émotions surchauffées peuvent se transformer en un conflit irréparable, et l’énergie féroce du changement peut égarer toutes les prédictions.",1
love_D_mok_df_earth,intro,C’est un jour où l’énergie nécessaire pour développer les relations a complètement disparu et où toute tentative est contre-productive.,1
love_D_mok_df_earth,effect,Toutes les directions de la relation sont bloquées et la crise ne fait que s’aggraver.,1
love_D_mok_df_earth,action,"Aujourd'hui, retirez-vous complètement de la relation et attendez la guérison.",1
love_D_mok_df_earth,state,"La peur peut complètement vous empêcher d’agir et même vous faire perdre des opportunités, et l’épaisse énergie nuageuse peut tout ralentir considérablement.",1
love_D_mok_df_fire,intro,C’est un jour où l’énergie nécessaire pour développer les relations a complètement disparu et où toute tentative est contre-productive.,1
love_D_mok_df_fire,effect,Toutes les directions de la relation sont bloquées et la crise ne fait que s’aggraver.,1
love_D_mok_df_fire,action,"Aujourd'hui, retirez-vous complètement de la relation et attendez la guérison.",1
love_D_mok_df_fire,state,"La peur peut arrêter complètement une action et même entraîner une perte d’opportunités, et une forte énergie positive peut encourager les impulsions et conduire à des actions imprudentes.",1
love_D_mok_df_water,intro,C’est un jour où l’énergie nécessaire pour développer les relations a complètement disparu et où toute tentative est contre-productive.,1
love_D_mok_df_water,effect,Toutes les directions de la relation sont bloquées et la crise ne fait que s’aggraver.,1
love_D_mok_df_water,action,"Aujourd'hui, retirez-vous complètement de la relation et attendez la guérison.",1
love_D_mok_df_water,state,"La peur peut vous empêcher complètement d’agir et même vous faire perdre des opportunités, et la force des fortes pluies et de la neige peut tellement ébranler vos émotions qu’il devient difficile de les contrôler.",1
love_D_mok_df_wood,intro,C’est un jour où l’énergie nécessaire pour développer les relations a complètement disparu et où toute tentative est contre-productive.,1
love_D_mok_df_wood,effect,Toutes les directions de la relation sont bloquées et la crise ne fait que s’aggraver.,1
love_D_mok_df_wood,action,"Aujourd'hui, retirez-vous complètement de la relation et attendez la guérison.",1
love_D_mok_df_wood,state,"La peur peut arrêter complètement l’action et même conduire à la perte d’opportunités, et l’énergie féroce du changement peut égarer toutes les prédictions.",1
love_D_mok_ex_earth,intro,C’est un jour où l’énergie nécessaire pour développer les relations a complètement disparu et où toute tentative est contre-productive.,1
love_D_mok_ex_earth,effect,Toutes les directions de la relation sont bloquées et la crise ne fait que s’aggraver.,1
love_D_mok_ex_earth,action,"Aujourd'hui, retirez-vous complètement de la relation et attendez la guérison.",1
love_D_mok_ex_earth,state,"Une motivation incontrôlable peut conduire à des accidents déraisonnables, et une énergie nuageuse et épaisse peut tout ralentir considérablement.",1
love_D_mok_ex_fire,intro,C’est un jour où l’énergie nécessaire pour développer les relations a complètement disparu et où toute tentative est contre-productive.,1
love_D_mok_ex_fire,effect,Toutes les directions de la relation sont bloquées et la crise ne fait que s’aggraver.,1
love_D_mok_ex_fire,action,"Aujourd'hui, retirez-vous complètement de la relation et attendez la guérison.",1
love_D_mok_ex_fire,state,"Une motivation incontrôlable peut conduire à des accidents déraisonnables, et une forte énergie positive peut encourager les impulsions et conduire à des actions imprudentes.",1
love_D_mok_ex_water,intro,C’est un jour où l’énergie nécessaire pour développer les relations a complètement disparu et où toute tentative est contre-productive.,1
love_D_mok_ex_water,effect,Toutes les directions de la relation sont bloquées et la crise ne fait que s’aggraver.,1
love_D_mok_ex_water,action,"Aujourd'hui, retirez-vous complètement de la relation et attendez la guérison.",1
love_D_mok_ex_water,state,"Une motivation incontrôlable peut conduire à des accidents déraisonnables, et la force des fortes pluies et de la neige peut ébranler violemment les émotions, rendant le contrôle difficile.",1
love_D_mok_ex_wood,intro,C’est un jour où l’énergie nécessaire pour développer les relations a complètement disparu et où toute tentative est contre-productive.,1
love_D_mok_ex_wood,effect,Toutes les directions de la relation sont bloquées et la crise ne fait que s’aggraver.,1
love_D_mok_ex_wood,action,"Aujourd'hui, retirez-vous complètement de la relation et attendez la guérison.",1
love_D_mok_ex_wood,state,"Une motivation incontrôlable peut conduire à une réflexion déraisonnable, et l’énergie féroce du changement peut égarer toutes les prédictions.",1
love_D_su_df_earth,intro,C’est un jour où la communication émotionnelle est complètement coupée et où chaque conversation se transforme en conflit.,1
love_D_su_df_earth,effect,L’incapacité de communiquer pousse la relation à son pire état.,1
love_D_su_df_earth,action,Arrêtez toutes les conversations émotionnelles aujourd’hui et attendez avec impatience demain.,1
love_D_su_df_earth,state,"Une attitude rigide bloque tout flux, rendant la progression difficile, et une énergie épaisse et trouble peut tout ralentir considérablement.",1
love_D_su_df_fire,intro,C’est un jour où la communication émotionnelle est complètement coupée et où chaque conversation se transforme en conflit.,1
love_D_su_df_fire,effect,L’incapacité de communiquer pousse la relation à son pire état.,1
love_D_su_df_fire,action,Arrêtez toutes les conversations émotionnelles aujourd’hui et attendez avec impatience demain.,1
love_D_su_df_fire,state,"Une attitude rigide bloque tout flux, rendant les progrès difficiles, et une forte énergie positive peut encourager les impulsions et conduire à des actions imprudentes.",1
love_D_su_df_water,intro,C’est un jour où la communication émotionnelle est complètement coupée et où chaque conversation se transforme en conflit.,1
love_D_su_df_water,effect,L’incapacité de communiquer pousse la relation à son pire état.,1
love_D_su_df_water,action,Arrêtez toutes les conversations émotionnelles aujourd’hui et attendez avec impatience demain.,1
love_D_su_df_water,state,"Une attitude rigide bloque tout flux, rendant la progression difficile, et la force des fortes pluies et de la neige secoue violemment les émotions, rendant le contrôle difficile.",1
love_D_su_df_wood,intro,C’est un jour où la communication émotionnelle est complètement coupée et où chaque conversation se transforme en conflit.,1
love_D_su_df_wood,effect,L’incapacité de communiquer pousse la relation à son pire état.,1
love_D_su_df_wood,action,Arrêtez toutes les conversations émotionnelles aujourd’hui et attendez avec impatience demain.,1
love_D_su_df_wood,state,"Une attitude rigide bloque tout flux, rendant les progrès difficiles, et l’énergie féroce du changement peut égarer toutes les prédictions.",1
love_D_su_ex_earth,intro,C’est un jour où la communication émotionnelle est complètement coupée et où chaque conversation se transforme en conflit.,1
love_D_su_ex_earth,effect,L’incapacité de communiquer pousse la relation à son pire état.,1
love_D_su_ex_earth,action,Arrêtez toutes les conversations émotionnelles aujourd’hui et attendez avec impatience demain.,1
love_D_su_ex_earth,state,"Le torrent d’émotions peut submerger la raison et conduire à de grosses erreurs, et l’énergie épaisse et trouble peut tout ralentir considérablement.",1
love_D_su_ex_fire,intro,C’est un jour où la communication émotionnelle est complètement coupée et où chaque conversation se transforme en conflit.,1
love_D_su_ex_fire,effect,L’incapacité de communiquer pousse la relation à son pire état.,1
love_D_su_ex_fire,action,Arrêtez toutes les conversations émotionnelles aujourd’hui et attendez avec impatience demain.,1
love_D_su_ex_fire,state,"Un torrent d’émotions peut submerger la raison et conduire à de graves erreurs, et une forte énergie positive peut encourager les impulsions et conduire à des actions imprudentes.",1
love_D_su_ex_water,intro,C’est un jour où la communication émotionnelle est complètement coupée et où chaque conversation se transforme en conflit.,1
love_D_su_ex_water,effect,L’incapacité de communiquer pousse la relation à son pire état.,1
love_D_su_ex_water,action,Arrêtez toutes les conversations émotionnelles aujourd’hui et attendez avec impatience demain.,1
love_D_su_ex_water,state,"Un torrent d’émotions peut submerger la raison et conduire à de graves erreurs, et la force de fortes pluies et de fortes chutes de neige peut ébranler violemment les émotions, rendant difficile leur contrôle.",1
love_D_su_ex_wood,intro,C’est un jour où la communication émotionnelle est complètement coupée et où chaque conversation se transforme en conflit.,1
love_D_su_ex_wood,effect,L’incapacité de communiquer pousse la relation à son pire état.,1
love_D_su_ex_wood,action,Arrêtez toutes les conversations émotionnelles aujourd’hui et attendez avec impatience demain.,1
love_D_su_ex_wood,state,"Le torrent d’émotions peut submerger la raison et conduire à de graves erreurs, et l’énergie féroce du changement peut égarer toutes les prédictions.",1
love_D_to_df_earth,intro,C’est un jour où toute stabilité dans une relation s’effondre et où toute action romantique est dangereuse.,1
love_D_to_df_earth,effect,Une instabilité extrême rend difficile le redressement d’une relation.,1
love_D_to_df_earth,action,Abandonnez complètement les fréquentations aujourd’hui et concentrez-vous sur votre rétablissement.,1
love_D_to_df_earth,state,"Vous pouvez complètement perdre l’équilibre et tout peut devenir incontrôlable, et l’épaisse énergie nuageuse peut tout ralentir considérablement.",1
love_D_to_df_fire,intro,C’est un jour où toute stabilité dans une relation s’effondre et où toute action romantique est dangereuse.,1
love_D_to_df_fire,effect,Une instabilité extrême rend difficile le redressement d’une relation.,1
love_D_to_df_fire,action,Abandonnez complètement les fréquentations aujourd’hui et concentrez-vous sur votre rétablissement.,1
love_D_to_df_fire,state,"Si vous perdez complètement l’équilibre, tout peut devenir incontrôlable et une forte énergie yang peut encourager les impulsions et vous conduire à des actions imprudentes.",1
love_D_to_df_water,intro,C’est un jour où toute stabilité dans une relation s’effondre et où toute action romantique est dangereuse.,1
love_D_to_df_water,effect,Une instabilité extrême rend difficile le redressement d’une relation.,1
love_D_to_df_water,action,Abandonnez complètement les fréquentations aujourd’hui et concentrez-vous sur votre rétablissement.,1
love_D_to_df_water,state,"Vous pouvez complètement perdre l’équilibre et tout peut devenir incontrôlable, et la force des fortes pluies et de la neige peut tellement ébranler vos émotions qu’il devient difficile de les contrôler.",1
love_D_to_df_wood,intro,C’est un jour où toute stabilité dans une relation s’effondre et où toute action romantique est dangereuse.,1
love_D_to_df_wood,effect,Une instabilité extrême rend difficile le redressement d’une relation.,1
love_D_to_df_wood,action,Abandonnez complètement les fréquentations aujourd’hui et concentrez-vous sur votre rétablissement.,1
love_D_to_df_wood,state,"Si vous perdez complètement l’équilibre, tout peut devenir incontrôlable et la violente énergie du changement peut fausser toutes vos prédictions.",1
love_D_to_ex_earth,intro,C’est un jour où toute stabilité dans une relation s’effondre et où toute action romantique est dangereuse.,1
love_D_to_ex_earth,effect,Une instabilité extrême rend difficile le redressement d’une relation.,1
love_D_to_ex_earth,action,Abandonnez complètement les fréquentations aujourd’hui et concentrez-vous sur votre rétablissement.,1
love_D_to_ex_earth,state,"Le refus du changement peut aggraver une crise et rendre la reprise difficile, et une atmosphère épaisse et trouble peut tout ralentir considérablement.",1
love_D_to_ex_fire,intro,C’est un jour où toute stabilité dans une relation s’effondre et où toute action romantique est dangereuse.,1
love_D_to_ex_fire,effect,Une instabilité extrême rend difficile le redressement d’une relation.,1
love_D_to_ex_fire,action,Abandonnez complètement les fréquentations aujourd’hui et concentrez-vous sur votre rétablissement.,1
love_D_to_ex_fire,state,"Le refus du changement peut aggraver la crise et rendre la reprise difficile, et une forte énergie positive peut encourager les impulsions et conduire à des actions imprudentes.",1
love_D_to_ex_water,intro,C’est un jour où toute stabilité dans une relation s’effondre et où toute action romantique est dangereuse.,1
love_D_to_ex_water,effect,Une instabilité extrême rend difficile le redressement d’une relation.,1
love_D_to_ex_water,action,Abandonnez complètement les fréquentations aujourd’hui et concentrez-vous sur votre rétablissement.,1
love_D_to_ex_water,state,"Le refus du changement peut aggraver la crise et rendre la reprise difficile, et la force des fortes pluies et de la neige peut ébranler violemment les émotions, rendant le contrôle difficile.",1
love_D_to_ex_wood,intro,C’est un jour où toute stabilité dans une relation s’effondre et où toute action romantique est dangereuse.,1
love_D_to_ex_wood,effect,Une instabilité extrême rend difficile le redressement d’une relation.,1
love_D_to_ex_wood,action,Abandonnez complètement les fréquentations aujourd’hui et concentrez-vous sur votre rétablissement.,1
love_D_to_ex_wood,state,"Le refus du changement peut aggraver une crise et rendre la reprise difficile, et l’énergie féroce du changement peut fausser toutes les prédictions.",1
health_A,intro,"Aujourd’hui, votre corps et votre esprit sont tous deux dynamiques et vous pouvez facilement gérer n’importe quelle activité.",1
health_A,intro,"Aujourd’hui, votre énergie santé sera à son apogée, rendant votre journée beaucoup plus légère et rafraîchissante que d’habitude.",1
health_A,effect,Vous êtes plein d'énergie et pouvez relever de nouveaux défis sans difficulté.,1
health_A,effect,"La condition est maintenue à son meilleur, démontrant un niveau élevé de concentration et d’endurance.",1
health_A,action,Commencez l’exercice ou les projets liés à la santé que vous avez reportés aujourd’hui.,1
health_A,action,Il suffit de faire confiance aux bons signaux que votre corps vous envoie et de passer une journée active.,1
health_A_geum_df_earth,intro,C'est un jour où l'énergie de votre corps est à son apogée et où vous pouvez tout affronter dans votre meilleure condition.,1
health_A_geum_df_earth,effect,Des réponses physiques vives produisent des performances optimales dans toutes les activités.,1
health_A_geum_df_earth,action,Essayez des exercices de haute intensité ou une activité physique stimulante.,1
health_A_geum_df_earth,state,"Un jugement calme augmente la prudence, conduisant à une vision profonde, et une énergie calme augmente la prudence, conduisant à de bons résultats.",1
health_A_geum_df_fire,intro,C'est un jour où l'énergie de votre corps est à son apogée et où vous pouvez tout affronter dans votre meilleure condition.,1
health_A_geum_df_fire,effect,Des réponses physiques vives produisent des performances optimales dans toutes les activités.,1
health_A_geum_df_fire,action,Essayez des exercices de haute intensité ou une activité physique stimulante.,1
health_A_geum_df_fire,state,"Un jugement calme augmente la prudence, conduit à une vision profonde, et une énergie claire augmente la vitalité et crée un bon flux.",1
health_A_geum_df_water,intro,C'est un jour où l'énergie de votre corps est à son apogée et où vous pouvez tout affronter dans votre meilleure condition.,1
health_A_geum_df_water,effect,Des réponses physiques vives produisent des performances optimales dans toutes les activités.,1
health_A_geum_df_water,action,Essayez des exercices de haute intensité ou une activité physique stimulante.,1
health_A_geum_df_water,state,"Un jugement calme augmente la prudence et conduit à une vision profonde, tandis qu'une énergie humide affine profondément l'esprit et ouvre une vision claire.",1
health_A_geum_df_wood,intro,C'est un jour où l'énergie de votre corps est à son apogée et où vous pouvez tout affronter dans votre meilleure condition.,1
health_A_geum_df_wood,effect,Des réponses physiques vives produisent des performances optimales dans toutes les activités.,1
health_A_geum_df_wood,action,Essayez des exercices de haute intensité ou une activité physique stimulante.,1
health_A_geum_df_wood,state,"Un jugement calme augmente la prudence, conduit à une vision profonde et une énergie dynamique ouvre de nouvelles possibilités.",1
health_A_geum_ex_earth,intro,C'est un jour où l'énergie de votre corps est à son apogée et où vous pouvez tout affronter dans votre meilleure condition.,1
health_A_geum_ex_earth,effect,Des réponses physiques vives produisent des performances optimales dans toutes les activités.,1
health_A_geum_ex_earth,action,Essayez des exercices de haute intensité ou une activité physique stimulante.,1
health_A_geum_ex_earth,state,"Un jugement pointu pénètre jusqu'au cœur et conduit à des conclusions claires, et une énergie calme augmente la prudence, conduisant à de bons résultats.",1
health_A_geum_ex_fire,intro,C'est un jour où l'énergie de votre corps est à son apogée et où vous pouvez tout affronter dans votre meilleure condition.,1
health_A_geum_ex_fire,effect,Des réponses physiques vives produisent des performances optimales dans toutes les activités.,1
health_A_geum_ex_fire,action,Essayez des exercices de haute intensité ou une activité physique stimulante.,1
health_A_geum_ex_fire,state,"Un jugement pointu pénètre au cœur et tire des conclusions claires, et une énergie claire stimule la vitalité et crée un bon flux.",1
health_A_geum_ex_water,intro,C'est un jour où l'énergie de votre corps est à son apogée et où vous pouvez tout affronter dans votre meilleure condition.,1
health_A_geum_ex_water,effect,Des réponses physiques vives produisent des performances optimales dans toutes les activités.,1
health_A_geum_ex_water,action,Essayez des exercices de haute intensité ou une activité physique stimulante.,1
health_A_geum_ex_water,state,"Un jugement pointu pénètre au cœur et tire des conclusions claires, et l'énergie humide affine profondément l'esprit et ouvre une vision claire.",1
health_A_geum_ex_wood,intro,C'est un jour où l'énergie de votre corps est à son apogée et où vous pouvez tout affronter dans votre meilleure condition.,1
health_A_geum_ex_wood,effect,Des réponses physiques vives produisent des performances optimales dans toutes les activités.,1
health_A_geum_ex_wood,action,Essayez des exercices de haute intensité ou une activité physique stimulante.,1
health_A_geum_ex_wood,state,"Un jugement pointu pénètre jusqu'au cœur et tire des conclusions claires, et l'énergie dynamique ouvre de nouvelles possibilités.",1
health_A_hwa_df_earth,intro,C’est un jour où votre vitalité brûle de mille feux et où votre santé globale est à son meilleur.,1
health_A_hwa_df_earth,effect,Une vitalité débordante renforce à la fois la force physique et l’immunité.,1
health_A_hwa_df_earth,action,"Lorsque vous avez beaucoup d'énergie, amusez-vous et bougez avec vos activités préférées.",1
health_A_hwa_df_earth,state,"Un moi intérieur calme vous donne le pouvoir d’exprimer pleinement votre sincérité, et une énergie calme augmente la prudence, conduisant à de bons résultats.",1
health_A_hwa_df_fire,intro,C’est un jour où votre vitalité brûle de mille feux et où votre santé globale est à son meilleur.,1
health_A_hwa_df_fire,effect,Une vitalité débordante renforce à la fois la force physique et l’immunité.,1
health_A_hwa_df_fire,action,"Lorsque vous avez beaucoup d'énergie, amusez-vous et bougez avec vos activités préférées.",1
health_A_hwa_df_fire,state,"Un moi intérieur calme vous donne le pouvoir d’exprimer pleinement votre sincérité, et une énergie claire stimule votre vitalité et crée un bon flux.",1
health_A_hwa_df_water,intro,C’est un jour où votre vitalité brûle de mille feux et où votre santé globale est à son meilleur.,1
health_A_hwa_df_water,effect,Une vitalité débordante renforce à la fois la force physique et l’immunité.,1
health_A_hwa_df_water,action,"Lorsque vous avez beaucoup d'énergie, amusez-vous et bougez avec vos activités préférées.",1
health_A_hwa_df_water,state,"Un moi intérieur calme vous donne le pouvoir d’exprimer pleinement vos vrais sentiments, et une énergie humide affine profondément votre esprit et ouvre une vision claire.",1
health_A_hwa_df_wood,intro,C’est un jour où votre vitalité brûle de mille feux et où votre santé globale est à son meilleur.,1
health_A_hwa_df_wood,effect,Une vitalité débordante renforce à la fois la force physique et l’immunité.,1
health_A_hwa_df_wood,action,"Lorsque vous avez beaucoup d'énergie, amusez-vous et bougez avec vos activités préférées.",1
health_A_hwa_df_wood,state,Un moi intérieur calme vous donne le pouvoir d’exprimer pleinement votre sincérité et une énergie dynamique ouvre de nouvelles possibilités.,1
health_A_hwa_ex_earth,intro,C’est un jour où votre vitalité brûle de mille feux et où votre santé globale est à son meilleur.,1
health_A_hwa_ex_earth,effect,Une vitalité débordante renforce à la fois la force physique et l’immunité.,1
health_A_hwa_ex_earth,action,"Lorsque vous avez beaucoup d'énergie, amusez-vous et bougez avec vos activités préférées.",1
health_A_hwa_ex_earth,state,"Une passion débordante augmente considérablement l'élan et crée un bon flux, et une énergie calme augmente la prudence, conduisant à de bons résultats.",1
health_A_hwa_ex_fire,intro,C’est un jour où votre vitalité brûle de mille feux et où votre santé globale est à son meilleur.,1
health_A_hwa_ex_fire,effect,Une vitalité débordante renforce à la fois la force physique et l’immunité.,1
health_A_hwa_ex_fire,action,"Lorsque vous avez beaucoup d'énergie, amusez-vous et bougez avec vos activités préférées.",1
health_A_hwa_ex_fire,state,"Une passion débordante augmente considérablement la force motrice et crée un bon flux, et une énergie claire augmente la vitalité et crée un bon flux.",1
health_A_hwa_ex_water,intro,C’est un jour où votre vitalité brûle de mille feux et où votre santé globale est à son meilleur.,1
health_A_hwa_ex_water,effect,Une vitalité débordante renforce à la fois la force physique et l’immunité.,1
health_A_hwa_ex_water,action,"Lorsque vous avez beaucoup d'énergie, amusez-vous et bougez avec vos activités préférées.",1
health_A_hwa_ex_water,state,"La passion débordante augmente considérablement la force motrice et crée un bon flux, et l'énergie humide affine profondément l'esprit et ouvre une vision claire.",1
health_A_hwa_ex_wood,intro,C’est un jour où votre vitalité brûle de mille feux et où votre santé globale est à son meilleur.,1
health_A_hwa_ex_wood,effect,Une vitalité débordante renforce à la fois la force physique et l’immunité.,1
health_A_hwa_ex_wood,action,"Lorsque vous avez beaucoup d'énergie, amusez-vous et bougez avec vos activités préférées.",1
health_A_hwa_ex_wood,state,"Une passion débordante augmente considérablement la force motrice, créant un bon flux, et l'énergie dynamique ouvre de nouvelles possibilités.",1
health_A_mok_df_earth,intro,C’est un jour où l’énergie de croissance physique devient active et où la santé globale s’améliore.,1
health_A_mok_df_earth,effect,"À mesure que votre vitalité physique augmente, votre endurance et votre récupération augmentent également.",1
health_A_mok_df_earth,action,Essayez de faire de l'exercice régulièrement ou adoptez une nouvelle habitude de santé.,1
health_A_mok_df_earth,state,"Une approche prudente crée en fait un bon départ, et une énergie calme augmente la prudence, conduisant à de bons résultats.",1
health_A_mok_df_fire,intro,C’est un jour où l’énergie de croissance physique devient active et où la santé globale s’améliore.,1
health_A_mok_df_fire,effect,"À mesure que votre vitalité physique augmente, votre endurance et votre récupération augmentent également.",1
health_A_mok_df_fire,action,Essayez de faire de l'exercice régulièrement ou adoptez une nouvelle habitude de santé.,1
health_A_mok_df_fire,state,"Une approche prudente crée en fait un bon départ, et une énergie claire stimule la vitalité et crée un bon flux.",1
health_A_mok_df_water,intro,C’est un jour où l’énergie de croissance physique devient active et où la santé globale s’améliore.,1
health_A_mok_df_water,effect,"À mesure que votre vitalité physique augmente, votre endurance et votre récupération augmentent également.",1
health_A_mok_df_water,action,Essayez de faire de l'exercice régulièrement ou adoptez une nouvelle habitude de santé.,1
health_A_mok_df_water,state,"Une approche prudente crée en fait un bon départ, et l’énergie humide affine profondément l’esprit et ouvre une vision claire.",1
health_A_mok_df_wood,intro,C’est un jour où l’énergie de croissance physique devient active et où la santé globale s’améliore.,1
health_A_mok_df_wood,effect,"À mesure que votre vitalité physique augmente, votre endurance et votre récupération augmentent également.",1
health_A_mok_df_wood,action,Essayez de faire de l'exercice régulièrement ou adoptez une nouvelle habitude de santé.,1
health_A_mok_df_wood,state,Une approche prudente crée un bon départ et une énergie dynamique ouvre de nouvelles possibilités.,1
health_A_mok_ex_earth,intro,C’est un jour où l’énergie de croissance physique devient active et où la santé globale s’améliore.,1
health_A_mok_ex_earth,effect,"À mesure que votre vitalité physique augmente, votre endurance et votre récupération augmentent également.",1
health_A_mok_ex_earth,action,Essayez de faire de l'exercice régulièrement ou adoptez une nouvelle habitude de santé.,1
health_A_mok_ex_earth,state,"Une forte volonté ouvre activement de nouvelles opportunités et une énergie calme augmente la prudence, conduisant à de bons résultats.",1
health_A_mok_ex_fire,intro,C’est un jour où l’énergie de croissance physique devient active et où la santé globale s’améliore.,1
health_A_mok_ex_fire,effect,"À mesure que votre vitalité physique augmente, votre endurance et votre récupération augmentent également.",1
health_A_mok_ex_fire,action,Essayez de faire de l'exercice régulièrement ou adoptez une nouvelle habitude de santé.,1
health_A_mok_ex_fire,state,"Une forte volonté ouvre activement de nouvelles opportunités, et une énergie claire augmente la vitalité et crée une bonne circulation.",1
health_A_mok_ex_water,intro,C’est un jour où l’énergie de croissance physique devient active et où la santé globale s’améliore.,1
health_A_mok_ex_water,effect,"À mesure que votre vitalité physique augmente, votre endurance et votre récupération augmentent également.",1
health_A_mok_ex_water,action,Essayez de faire de l'exercice régulièrement ou adoptez une nouvelle habitude de santé.,1
health_A_mok_ex_water,state,"Une forte volonté ouvre activement de nouvelles opportunités, et l’énergie humide affine profondément l’esprit et ouvre une vision claire.",1
health_A_mok_ex_wood,intro,C’est un jour où l’énergie de croissance physique devient active et où la santé globale s’améliore.,1
health_A_mok_ex_wood,effect,"À mesure que votre vitalité physique augmente, votre endurance et votre récupération augmentent également.",1
health_A_mok_ex_wood,action,Essayez de faire de l'exercice régulièrement ou adoptez une nouvelle habitude de santé.,1
health_A_mok_ex_wood,state,Une forte volonté ouvre activement de nouvelles opportunités et une énergie dynamique ouvre de nouvelles possibilités.,1
health_A_su_df_earth,intro,C'est un jour où le flux du corps circule sans obstruction et où la santé est maintenue en douceur.,1
health_A_su_df_earth,effect,Une circulation fluide dans le corps aide à se remettre de la fatigue et à maintenir l’immunité.,1
health_A_su_df_earth,action,Aidez votre santé à circuler en buvant suffisamment d’eau et en vous étirant.,1
health_A_su_df_earth,state,"Un centre solide vous aide à maintenir votre direction sans vaciller, et une énergie calme augmente la prudence, conduisant à de bons résultats.",1
health_A_su_df_fire,intro,C'est un jour où le flux du corps circule sans obstruction et où la santé est maintenue en douceur.,1
health_A_su_df_fire,effect,Une circulation fluide dans le corps aide à se remettre de la fatigue et à maintenir l’immunité.,1
health_A_su_df_fire,action,Aidez votre santé à circuler en buvant suffisamment d’eau et en vous étirant.,1
health_A_su_df_fire,state,"Un centre solide vous maintient dans la bonne direction sans vaciller, et une énergie claire stimule votre vitalité et crée un bon flux.",1
health_A_su_df_water,intro,C'est un jour où le flux du corps circule sans obstruction et où la santé est maintenue en douceur.,1
health_A_su_df_water,effect,Une circulation fluide dans le corps aide à se remettre de la fatigue et à maintenir l’immunité.,1
health_A_su_df_water,action,Aidez votre santé à circuler en buvant suffisamment d’eau et en vous étirant.,1
health_A_su_df_water,state,"Un centre solide vous aide à garder votre direction sans vaciller, et l’énergie humide affine profondément votre esprit et ouvre une vision claire.",1
health_A_su_df_wood,intro,C'est un jour où le flux du corps circule sans obstruction et où la santé est maintenue en douceur.,1
health_A_su_df_wood,effect,Une circulation fluide dans le corps aide à se remettre de la fatigue et à maintenir l’immunité.,1
health_A_su_df_wood,action,Aidez votre santé à circuler en buvant suffisamment d’eau et en vous étirant.,1
health_A_su_df_wood,state,Un centre solide maintient la direction sans vaciller et l'énergie dynamique ouvre de nouvelles possibilités.,1
health_A_su_ex_earth,intro,C'est un jour où le flux du corps circule sans obstruction et où la santé est maintenue en douceur.,1
health_A_su_ex_earth,effect,Une circulation fluide dans le corps aide à se remettre de la fatigue et à maintenir l’immunité.,1
health_A_su_ex_earth,action,Aidez votre santé à circuler en buvant suffisamment d’eau et en vous étirant.,1
health_A_su_ex_earth,state,"Une sensibilité riche conduit à une vision profonde et aide au bon jugement, et une énergie calme augmente la prudence, conduisant à de bons résultats.",1
health_A_su_ex_fire,intro,C'est un jour où le flux du corps circule sans obstruction et où la santé est maintenue en douceur.,1
health_A_su_ex_fire,effect,Une circulation fluide dans le corps aide à se remettre de la fatigue et à maintenir l’immunité.,1
health_A_su_ex_fire,action,Aidez votre santé à circuler en buvant suffisamment d’eau et en vous étirant.,1
health_A_su_ex_fire,state,"Une sensibilité riche conduit à une vision profonde et aide à prendre de bonnes décisions, et une énergie claire augmente la vitalité et crée un bon flux.",1
health_A_su_ex_water,intro,C'est un jour où le flux du corps circule sans obstruction et où la santé est maintenue en douceur.,1
health_A_su_ex_water,effect,Une circulation fluide dans le corps aide à se remettre de la fatigue et à maintenir l’immunité.,1
health_A_su_ex_water,action,Aidez votre santé à circuler en buvant suffisamment d’eau et en vous étirant.,1
health_A_su_ex_water,state,"Une sensibilité riche conduit à une vision profonde et aide au bon jugement, et l’énergie humide affine profondément l’esprit et ouvre une vision claire.",1
health_A_su_ex_wood,intro,C'est un jour où le flux du corps circule sans obstruction et où la santé est maintenue en douceur.,1
health_A_su_ex_wood,effect,Une circulation fluide dans le corps aide à se remettre de la fatigue et à maintenir l’immunité.,1
health_A_su_ex_wood,action,Aidez votre santé à circuler en buvant suffisamment d’eau et en vous étirant.,1
health_A_su_ex_wood,state,"Une sensibilité riche conduit à une vision profonde et aide à prendre de bonnes décisions, et une énergie dynamique ouvre de nouvelles possibilités.",1
health_A_to_df_earth,intro,C’est un jour où votre santé est la plus stable et où votre base de santé est maintenue.,1
health_A_to_df_earth,effect,Une base physique solide prévient efficacement la fatigue et les maladies.,1
health_A_to_df_earth,action,Restez en bonne santé en mangeant régulièrement et en dormant suffisamment.,1
health_A_to_df_earth,state,"Une attitude flexible vous permet d'accepter naturellement les nouvelles tendances, et une énergie calme augmente la prudence, conduisant à de bons résultats.",1
health_A_to_df_fire,intro,C’est un jour où votre santé est la plus stable et où votre base de santé est maintenue.,1
health_A_to_df_fire,effect,Une base physique solide prévient efficacement la fatigue et les maladies.,1
health_A_to_df_fire,action,Restez en bonne santé en mangeant régulièrement et en dormant suffisamment.,1
health_A_to_df_fire,state,"Une attitude flexible vous permet d’accepter naturellement les nouvelles tendances, et une énergie claire augmente la vitalité et crée une bonne circulation.",1
health_A_to_df_water,intro,C’est un jour où votre santé est la plus stable et où votre base de santé est maintenue.,1
health_A_to_df_water,effect,Une base physique solide prévient efficacement la fatigue et les maladies.,1
health_A_to_df_water,action,Restez en bonne santé en mangeant régulièrement et en dormant suffisamment.,1
health_A_to_df_water,state,"Une attitude flexible vous permet d’accepter naturellement les nouvelles tendances, et l’énergie humide affine profondément votre esprit et ouvre une vision claire.",1
health_A_to_df_wood,intro,C’est un jour où votre santé est la plus stable et où votre base de santé est maintenue.,1
health_A_to_df_wood,effect,Une base physique solide prévient efficacement la fatigue et les maladies.,1
health_A_to_df_wood,action,Restez en bonne santé en mangeant régulièrement et en dormant suffisamment.,1
health_A_to_df_wood,state,"Une attitude flexible vous permet d'accepter naturellement les nouvelles tendances, et une énergie dynamique ouvre de nouvelles possibilités.",1
health_A_to_ex_earth,intro,C’est un jour où votre santé est la plus stable et où votre base de santé est maintenue.,1
health_A_to_ex_earth,effect,Une base physique solide prévient efficacement la fatigue et les maladies.,1
health_A_to_ex_earth,action,Restez en bonne santé en mangeant régulièrement et en dormant suffisamment.,1
health_A_to_ex_earth,state,"Un fort sentiment de stabilité devient une base solide pour tout, et une énergie calme augmente la prudence, conduisant à de bons résultats.",1
health_A_to_ex_fire,intro,C’est un jour où votre santé est la plus stable et où votre base de santé est maintenue.,1
health_A_to_ex_fire,effect,Une base physique solide prévient efficacement la fatigue et les maladies.,1
health_A_to_ex_fire,action,Restez en bonne santé en mangeant régulièrement et en dormant suffisamment.,1
health_A_to_ex_fire,state,"Un fort sentiment de stabilité devient une base solide pour tout, et une énergie claire stimule la vitalité et crée une bonne circulation.",1
health_A_to_ex_water,intro,C’est un jour où votre santé est la plus stable et où votre base de santé est maintenue.,1
health_A_to_ex_water,effect,Une base physique solide prévient efficacement la fatigue et les maladies.,1
health_A_to_ex_water,action,Restez en bonne santé en mangeant régulièrement et en dormant suffisamment.,1
health_A_to_ex_water,state,"Un fort sentiment de stabilité devient une base solide pour tout, et l’énergie humide affine profondément l’esprit et ouvre une vision claire.",1
health_A_to_ex_wood,intro,C’est un jour où votre santé est la plus stable et où votre base de santé est maintenue.,1
health_A_to_ex_wood,effect,Une base physique solide prévient efficacement la fatigue et les maladies.,1
health_A_to_ex_wood,action,Restez en bonne santé en mangeant régulièrement et en dormant suffisamment.,1
health_A_to_ex_wood,state,"Un fort sentiment de stabilité constitue une base solide pour tout, et une énergie dynamique ouvre de nouvelles possibilités.",1
health_B,intro,"Aujourd’hui, vous serai rempli d’énergie saine, votre corps se sentira léger et votre quotidien se déroulera sans problème.",1
health_B,intro,Aujourd’hui est un jour où le rythme de votre corps reste stable et où il est facile de gérer votre condition.,1
health_B,effect,C’est un jour où votre corps réagit bien et où vous pouvez digérer facilement votre emploi du temps quotidien.,1
health_B,effect,Un bon équilibre entre consommation énergétique et récupération permet de rester énergique tout au long de la journée.,1
health_B,action,"Lorsque vous vous sentez bien, essayez d'ajouter des exercices légers ou des étirements.",1
health_B,action,"Pour maintenir la bonne condition physique d’aujourd’hui, la clé est de boire suffisamment d’eau et de manger régulièrement.",1
health_B_geum_df_earth,intro,C’est un jour où votre santé globale est bonne et où il n’y a pas de restrictions majeures sur vos activités.,1
health_B_geum_df_earth,effect,Une force physique stable soutient facilement les activités quotidiennes.,1
health_B_geum_df_earth,action,Maintenez votre condition physique avec un exercice modéré et des repas réguliers.,1
health_B_geum_df_earth,state,"Même si votre détermination s'émousse quelque peu, le déroulement de la vie quotidienne se poursuit sans problème et l'énergie nuageuse s'ajoute à l'atmosphère calme, créant un sentiment de tranquillité.",1
health_B_geum_df_fire,intro,C’est un jour où votre santé globale est bonne et où il n’y a pas de restrictions majeures sur vos activités.,1
health_B_geum_df_fire,effect,Une force physique stable soutient facilement les activités quotidiennes.,1
health_B_geum_df_fire,action,Maintenez votre condition physique avec un exercice modéré et des repas réguliers.,1
health_B_geum_df_fire,state,"Même si votre détermination s'émousse quelque peu, le déroulement de votre vie quotidienne se poursuit sans problème et l'énergie claire ajoute une légère vitalité, créant un flux fluide.",1
health_B_geum_df_water,intro,C’est un jour où votre santé globale est bonne et où il n’y a pas de restrictions majeures sur vos activités.,1
health_B_geum_df_water,effect,Une force physique stable soutient facilement les activités quotidiennes.,1
health_B_geum_df_water,action,Maintenez votre condition physique avec un exercice modéré et des repas réguliers.,1
health_B_geum_df_water,state,"Même si votre détermination s'émousse quelque peu, le déroulement de votre vie quotidienne se poursuit sans problème et l'énergie humide ajoute un sentiment de calme persistant à vos émotions.",1
health_B_geum_df_wood,intro,C’est un jour où votre santé globale est bonne et où il n’y a pas de restrictions majeures sur vos activités.,1
health_B_geum_df_wood,effect,Une force physique stable soutient facilement les activités quotidiennes.,1
health_B_geum_df_wood,action,Maintenez votre condition physique avec un exercice modéré et des repas réguliers.,1
health_B_geum_df_wood,state,"Même si votre détermination s'émousse quelque peu, le déroulement de la vie quotidienne se poursuit sans problème et la légère énergie du changement ajoute une stimulation appropriée.",1
health_B_geum_ex_earth,intro,C’est un jour où votre santé globale est bonne et où il n’y a pas de restrictions majeures sur vos activités.,1
health_B_geum_ex_earth,effect,Une force physique stable soutient facilement les activités quotidiennes.,1
health_B_geum_ex_earth,action,Maintenez votre condition physique avec un exercice modéré et des repas réguliers.,1
health_B_geum_ex_earth,state,"Le jugement analytique s'écoule naturellement au rythme habituel, et l'énergie nuageuse s'ajoute à l'atmosphère calme, créant un sentiment de tranquillité.",1
health_B_geum_ex_fire,intro,C’est un jour où votre santé globale est bonne et où il n’y a pas de restrictions majeures sur vos activités.,1
health_B_geum_ex_fire,effect,Une force physique stable soutient facilement les activités quotidiennes.,1
health_B_geum_ex_fire,action,Maintenez votre condition physique avec un exercice modéré et des repas réguliers.,1
health_B_geum_ex_fire,state,"Le jugement analytique suit naturellement le rythme habituel, et l’énergie claire ajoute une légère vitalité, créant un flux fluide.",1
health_B_geum_ex_water,intro,C’est un jour où votre santé globale est bonne et où il n’y a pas de restrictions majeures sur vos activités.,1
health_B_geum_ex_water,effect,Une force physique stable soutient facilement les activités quotidiennes.,1
health_B_geum_ex_water,action,Maintenez votre condition physique avec un exercice modéré et des repas réguliers.,1
health_B_geum_ex_water,state,"Le jugement analytique coule naturellement à votre rythme habituel, et l’énergie humide ajoute un sentiment de calme persistant à vos émotions.",1
health_B_geum_ex_wood,intro,C’est un jour où votre santé globale est bonne et où il n’y a pas de restrictions majeures sur vos activités.,1
health_B_geum_ex_wood,effect,Une force physique stable soutient facilement les activités quotidiennes.,1
health_B_geum_ex_wood,action,Maintenez votre condition physique avec un exercice modéré et des repas réguliers.,1
health_B_geum_ex_wood,state,"Le jugement analytique suit naturellement le rythme habituel, et la légère énergie du changement ajoute une stimulation appropriée.",1
health_B_hwa_df_earth,intro,C'est une journée avec suffisamment d'énergie car votre vitalité reste au-dessus de la normale.,1
health_B_hwa_df_earth,effect,Une énergie suffisante soutient vos activités quotidiennes.,1
health_B_hwa_df_earth,action,Bougez activement votre corps et dépensez de l’énergie de manière saine.,1
health_B_hwa_df_earth,state,"Même si les expressions sont retenues, la stabilité de la relation est facilement maintenue et l'énergie nuageuse ajoute à l'atmosphère calme, conduisant à un sentiment de tranquillité.",1
health_B_hwa_df_fire,intro,C'est une journée avec suffisamment d'énergie car votre vitalité reste au-dessus de la normale.,1
health_B_hwa_df_fire,effect,Une énergie suffisante soutient vos activités quotidiennes.,1
health_B_hwa_df_fire,action,Bougez activement votre corps et dépensez de l’énergie de manière saine.,1
health_B_hwa_df_fire,state,"Même si les expressions sont retenues, la stabilité de la relation est facilement maintenue et l'énergie claire ajoute une légère vitalité, créant un flux fluide.",1
health_B_hwa_df_water,intro,C'est une journée avec suffisamment d'énergie car votre vitalité reste au-dessus de la normale.,1
health_B_hwa_df_water,effect,Une énergie suffisante soutient vos activités quotidiennes.,1
health_B_hwa_df_water,action,Bougez activement votre corps et dépensez de l’énergie de manière saine.,1
health_B_hwa_df_water,state,"Même si les expressions sont retenues, la stabilité de la relation est facilement maintenue et l'énergie humide ajoute un sentiment de calme persistant aux émotions.",1
health_B_hwa_df_wood,intro,C'est une journée avec suffisamment d'énergie car votre vitalité reste au-dessus de la normale.,1
health_B_hwa_df_wood,effect,Une énergie suffisante soutient vos activités quotidiennes.,1
health_B_hwa_df_wood,action,Bougez activement votre corps et dépensez de l’énergie de manière saine.,1
health_B_hwa_df_wood,state,"Même si les expressions sont retenues, la stabilité de la relation est facilement maintenue et la légère énergie du changement ajoute une stimulation appropriée.",1
health_B_hwa_ex_earth,intro,C'est une journée avec suffisamment d'énergie car votre vitalité reste au-dessus de la normale.,1
health_B_hwa_ex_earth,effect,Une énergie suffisante soutient vos activités quotidiennes.,1
health_B_hwa_ex_earth,action,Bougez activement votre corps et dépensez de l’énergie de manière saine.,1
health_B_hwa_ex_earth,state,"La passion est vivante, mais l'équilibre est également maintenu, conduisant à une journée stable, et l'énergie nuageuse ajoute une atmosphère calme, menant à la sérénité.",1
health_B_hwa_ex_fire,intro,C'est une journée avec suffisamment d'énergie car votre vitalité reste au-dessus de la normale.,1
health_B_hwa_ex_fire,effect,Une énergie suffisante soutient vos activités quotidiennes.,1
health_B_hwa_ex_fire,action,Bougez activement votre corps et dépensez de l’énergie de manière saine.,1
health_B_hwa_ex_fire,state,"La passion reste vivante et l'équilibre est maintenu, conduisant à une journée stable, et une énergie claire ajoute une vitalité légère, créant un flux fluide.",1
health_B_hwa_ex_water,intro,C'est une journée avec suffisamment d'énergie car votre vitalité reste au-dessus de la normale.,1
health_B_hwa_ex_water,effect,Une énergie suffisante soutient vos activités quotidiennes.,1
health_B_hwa_ex_water,action,Bougez activement votre corps et dépensez de l’énergie de manière saine.,1
health_B_hwa_ex_water,state,"La passion reste vivante et l'équilibre est maintenu, conduisant à une journée stable, et l'énergie humide ajoute un sentiment de calme persistant aux émotions.",1
health_B_hwa_ex_wood,intro,C'est une journée avec suffisamment d'énergie car votre vitalité reste au-dessus de la normale.,1
health_B_hwa_ex_wood,effect,Une énergie suffisante soutient vos activités quotidiennes.,1
health_B_hwa_ex_wood,action,Bougez activement votre corps et dépensez de l’énergie de manière saine.,1
health_B_hwa_ex_wood,state,"La passion est vivante et équilibrée, conduisant à une journée stable, et la légère énergie du changement ajoute une stimulation appropriée.",1
health_B_mok_df_earth,intro,C’est un jour où le corps récupère bien et où une légère fatigue ou un inconfort est rapidement soulagé.,1
health_B_mok_df_earth,effect,L'énergie de récupération est active et la force physique est maintenue de manière constante.,1
health_B_mok_df_earth,action,Soyez actif de manière constante dans une plage qui n’est pas excessive.,1
health_B_mok_df_earth,state,"Même si vous êtes prudent lorsque vous essayez de nouvelles choses, votre vie quotidienne se déroule régulièrement et l'énergie nuageuse s'ajoute à l'atmosphère calme, conduisant à un sentiment de tranquillité.",1
health_B_mok_df_fire,intro,C’est un jour où le corps récupère bien et où une légère fatigue ou un inconfort est rapidement soulagé.,1
health_B_mok_df_fire,effect,L'énergie de récupération est active et la force physique est maintenue de manière constante.,1
health_B_mok_df_fire,action,Soyez actif de manière constante dans une plage qui n’est pas excessive.,1
health_B_mok_df_fire,state,"Même si vous êtes prudent lorsque vous essayez de nouvelles choses, votre vie quotidienne se déroule de manière constante et l'énergie claire ajoute une vitalité légère, créant un flux fluide.",1
health_B_mok_df_water,intro,C’est un jour où le corps récupère bien et où une légère fatigue ou un inconfort est rapidement soulagé.,1
health_B_mok_df_water,effect,L'énergie de récupération est active et la force physique est maintenue de manière constante.,1
health_B_mok_df_water,action,Soyez actif de manière constante dans une plage qui n’est pas excessive.,1
health_B_mok_df_water,state,"Même si vous êtes prudent lorsque vous essayez de nouvelles choses, votre vie quotidienne se déroule régulièrement et l'énergie humide ajoute un sentiment de calme persistant à vos émotions.",1
health_B_mok_df_wood,intro,C’est un jour où le corps récupère bien et où une légère fatigue ou un inconfort est rapidement soulagé.,1
health_B_mok_df_wood,effect,L'énergie de récupération est active et la force physique est maintenue de manière constante.,1
health_B_mok_df_wood,action,Soyez actif de manière constante dans une plage qui n’est pas excessive.,1
health_B_mok_df_wood,state,"Même si vous êtes prudent lorsque vous essayez de nouvelles choses, votre vie quotidienne se déroule régulièrement et la légère énergie du changement ajoute une stimulation appropriée.",1
health_B_mok_ex_earth,intro,C’est un jour où le corps récupère bien et où une légère fatigue ou un inconfort est rapidement soulagé.,1
health_B_mok_ex_earth,effect,L'énergie de récupération est active et la force physique est maintenue de manière constante.,1
health_B_mok_ex_earth,action,Soyez actif de manière constante dans une plage qui n’est pas excessive.,1
health_B_mok_ex_earth,state,"Une motivation constante progresse étape par étape, et l'énergie nuageuse s'ajoute à l'atmosphère calme, menant à la tranquillité.",1
health_B_mok_ex_fire,intro,C’est un jour où le corps récupère bien et où une légère fatigue ou un inconfort est rapidement soulagé.,1
health_B_mok_ex_fire,effect,L'énergie de récupération est active et la force physique est maintenue de manière constante.,1
health_B_mok_ex_fire,action,Soyez actif de manière constante dans une plage qui n’est pas excessive.,1
health_B_mok_ex_fire,state,"Une motivation constante permet de progresser étape par étape, et une énergie claire ajoute une vitalité légère, créant un flux fluide.",1
health_B_mok_ex_water,intro,C’est un jour où le corps récupère bien et où une légère fatigue ou un inconfort est rapidement soulagé.,1
health_B_mok_ex_water,effect,L'énergie de récupération est active et la force physique est maintenue de manière constante.,1
health_B_mok_ex_water,action,Soyez actif de manière constante dans une plage qui n’est pas excessive.,1
health_B_mok_ex_water,state,"Une motivation constante fait progresser étape par étape, et l'énergie humide ajoute un sentiment de calme persistant aux émotions.",1
health_B_mok_ex_wood,intro,C’est un jour où le corps récupère bien et où une légère fatigue ou un inconfort est rapidement soulagé.,1
health_B_mok_ex_wood,effect,L'énergie de récupération est active et la force physique est maintenue de manière constante.,1
health_B_mok_ex_wood,action,Soyez actif de manière constante dans une plage qui n’est pas excessive.,1
health_B_mok_ex_wood,state,"Une motivation constante permet de progresser pas à pas, et la faible énergie du changement ajoute une stimulation appropriée.",1
health_B_su_df_earth,intro,C’est une journée où la circulation dans le corps est fluide et où vous pouvez passer la journée sans fatigue.,1
health_B_su_df_earth,effect,"Une circulation sanguine fluide augmente l'apport d'oxygène, augmentant ainsi la concentration et l'endurance.",1
health_B_su_df_earth,action,Entretenez votre condition en buvant suffisamment d’eau pour améliorer la circulation.,1
health_B_su_df_earth,state,"Bien que la flexibilité fasse quelque peu défaut, le rythme de base est maintenu sans difficulté et l'énergie nuageuse ajoute une atmosphère calme, conduisant à un sentiment de tranquillité.",1
health_B_su_df_fire,intro,C’est une journée où la circulation dans le corps est fluide et où vous pouvez passer la journée sans fatigue.,1
health_B_su_df_fire,effect,"Une circulation sanguine fluide augmente l'apport d'oxygène, augmentant ainsi la concentration et l'endurance.",1
health_B_su_df_fire,action,Entretenez votre condition en buvant suffisamment d’eau pour améliorer la circulation.,1
health_B_su_df_fire,state,"Bien que la flexibilité fasse quelque peu défaut, le rythme de base est maintenu sans difficulté et l'énergie claire ajoute une légère vitalité, créant un flux fluide.",1
health_B_su_df_water,intro,C’est une journée où la circulation dans le corps est fluide et où vous pouvez passer la journée sans fatigue.,1
health_B_su_df_water,effect,"Une circulation sanguine fluide augmente l'apport d'oxygène, augmentant ainsi la concentration et l'endurance.",1
health_B_su_df_water,action,Entretenez votre condition en buvant suffisamment d’eau pour améliorer la circulation.,1
health_B_su_df_water,state,"Bien qu'elle manque de souplesse, le rythme de base est maintenu sans difficulté, et l'énergie humide ajoute une sensation de calme persistante aux émotions.",1
health_B_su_df_wood,intro,C’est une journée où la circulation dans le corps est fluide et où vous pouvez passer la journée sans fatigue.,1
health_B_su_df_wood,effect,"Une circulation sanguine fluide augmente l'apport d'oxygène, augmentant ainsi la concentration et l'endurance.",1
health_B_su_df_wood,action,Entretenez votre condition en buvant suffisamment d’eau pour améliorer la circulation.,1
health_B_su_df_wood,state,"Même si la flexibilité fait quelque peu défaut, le rythme de base est maintenu sans difficulté et la légère énergie du changement ajoute une stimulation appropriée.",1
health_B_su_ex_earth,intro,C’est une journée où la circulation dans le corps est fluide et où vous pouvez passer la journée sans fatigue.,1
health_B_su_ex_earth,effect,"Une circulation sanguine fluide augmente l'apport d'oxygène, augmentant ainsi la concentration et l'endurance.",1
health_B_su_ex_earth,action,Entretenez votre condition en buvant suffisamment d’eau pour améliorer la circulation.,1
health_B_su_ex_earth,state,"La journée est pleine d'émotions, ce qui en fait une journée plus attentive que d'habitude, et l'énergie nuageuse ajoute une atmosphère calme, conduisant à un sentiment de tranquillité.",1
health_B_su_ex_fire,intro,C’est une journée où la circulation dans le corps est fluide et où vous pouvez passer la journée sans fatigue.,1
health_B_su_ex_fire,effect,"Une circulation sanguine fluide augmente l'apport d'oxygène, augmentant ainsi la concentration et l'endurance.",1
health_B_su_ex_fire,action,Entretenez votre condition en buvant suffisamment d’eau pour améliorer la circulation.,1
health_B_su_ex_fire,state,"La journée est riche en émotions, ce qui en fait une journée plus attentive que d'habitude, et l'énergie claire ajoute une légère vitalité, créant un flux fluide.",1
health_B_su_ex_water,intro,C’est une journée où la circulation dans le corps est fluide et où vous pouvez passer la journée sans fatigue.,1
health_B_su_ex_water,effect,"Une circulation sanguine fluide augmente l'apport d'oxygène, augmentant ainsi la concentration et l'endurance.",1
health_B_su_ex_water,action,Entretenez votre condition en buvant suffisamment d’eau pour améliorer la circulation.,1
health_B_su_ex_water,state,"La journée est pleine d'émotions, vous rendant plus attentif que d'habitude, et l'énergie humide ajoute un arrière-goût apaisant à vos émotions.",1
health_B_su_ex_wood,intro,C’est une journée où la circulation dans le corps est fluide et où vous pouvez passer la journée sans fatigue.,1
health_B_su_ex_wood,effect,"Une circulation sanguine fluide augmente l'apport d'oxygène, augmentant ainsi la concentration et l'endurance.",1
health_B_su_ex_wood,action,Entretenez votre condition en buvant suffisamment d’eau pour améliorer la circulation.,1
health_B_su_ex_wood,state,"La journée est pleine d'émotions, ce qui en fait une journée plus attentive que d'habitude, et la légère énergie du changement ajoute une stimulation appropriée.",1
health_B_to_df_earth,intro,C’est un jour où votre santé est stable et où vous pouvez passer la journée sans problèmes majeurs.,1
health_B_to_df_earth,effect,Une condition physique stable évite un gaspillage inutile de force physique.,1
health_B_to_df_earth,action,Continuez une vie régulière qui maintient votre condition.,1
health_B_to_df_earth,state,"Même si le centre de gravité est quelque peu ébranlé, l'équilibre de la vie quotidienne est maintenu sans trop de problèmes, et l'énergie nuageuse s'ajoute à l'atmosphère calme, conduisant à un sentiment de tranquillité.",1
health_B_to_df_fire,intro,C’est un jour où votre santé est stable et où vous pouvez passer la journée sans problèmes majeurs.,1
health_B_to_df_fire,effect,Une condition physique stable évite un gaspillage inutile de force physique.,1
health_B_to_df_fire,action,Continuez une vie régulière qui maintient votre condition.,1
health_B_to_df_fire,state,"Même si le centre de gravité est quelque peu ébranlé, l'équilibre de la vie quotidienne est maintenu sans trop de problèmes, et l'énergie claire ajoute une légère vitalité, créant un flux fluide.",1
health_B_to_df_water,intro,C’est un jour où votre santé est stable et où vous pouvez passer la journée sans problèmes majeurs.,1
health_B_to_df_water,effect,Une condition physique stable évite un gaspillage inutile de force physique.,1
health_B_to_df_water,action,Continuez une vie régulière qui maintient votre condition.,1
health_B_to_df_water,state,"Même si votre centre de gravité est quelque peu ébranlé, l'équilibre de votre vie quotidienne est maintenu sans trop de difficultés, et l'énergie humide ajoute un sentiment de calme persistant à vos émotions.",1
health_B_to_df_wood,intro,C’est un jour où votre santé est stable et où vous pouvez passer la journée sans problèmes majeurs.,1
health_B_to_df_wood,effect,Une condition physique stable évite un gaspillage inutile de force physique.,1
health_B_to_df_wood,action,Continuez une vie régulière qui maintient votre condition.,1
health_B_to_df_wood,state,"Même si le centre est quelque peu ébranlé, l'équilibre de la vie quotidienne est maintenu sans trop de difficultés, et la légère énergie du changement ajoute une stimulation appropriée.",1
health_B_to_ex_earth,intro,C’est un jour où votre santé est stable et où vous pouvez passer la journée sans problèmes majeurs.,1
health_B_to_ex_earth,effect,Une condition physique stable évite un gaspillage inutile de force physique.,1
health_B_to_ex_earth,action,Continuez une vie régulière qui maintient votre condition.,1
health_B_to_ex_earth,state,"Il a une forte tendance à la stabilité, donc il se poursuit dans une journée calme sans aucun problème, et l'énergie nuageuse s'ajoute à l'atmosphère calme, conduisant à la sérénité.",1
health_B_to_ex_fire,intro,C’est un jour où votre santé est stable et où vous pouvez passer la journée sans problèmes majeurs.,1
health_B_to_ex_fire,effect,Une condition physique stable évite un gaspillage inutile de force physique.,1
health_B_to_ex_fire,action,Continuez une vie régulière qui maintient votre condition.,1
health_B_to_ex_fire,state,"Elle a une forte tendance à la stabilité, elle se poursuit donc en douceur dans une journée calme, et l'énergie claire ajoute une légère vitalité, créant un flux fluide.",1
health_B_to_ex_water,intro,C’est un jour où votre santé est stable et où vous pouvez passer la journée sans problèmes majeurs.,1
health_B_to_ex_water,effect,Une condition physique stable évite un gaspillage inutile de force physique.,1
health_B_to_ex_water,action,Continuez une vie régulière qui maintient votre condition.,1
health_B_to_ex_water,state,"Il a une nature fortement axée sur la stabilité, il peut donc facilement conduire à une journée calme, et l'énergie humide ajoute un arrière-goût apaisant aux émotions.",1
health_B_to_ex_wood,intro,C’est un jour où votre santé est stable et où vous pouvez passer la journée sans problèmes majeurs.,1
health_B_to_ex_wood,effect,Une condition physique stable évite un gaspillage inutile de force physique.,1
health_B_to_ex_wood,action,Continuez une vie régulière qui maintient votre condition.,1
health_B_to_ex_wood,state,"L’orientation vers la stabilité est forte, elle se poursuit donc en douceur dans une journée calme, et la légère énergie du changement ajoute une stimulation appropriée.",1
health_B1,intro,"Aujourd’hui, votre énergie santé est calme et vous pouvez bien maintenir votre condition.",1
health_B1,intro,"Votre condition physique restera stable aujourd’hui, vous pourrez donc passer une journée décente.",1
health_B1,effect,"Si votre condition est maintenue à un niveau moyen et que vous n'en faites pas trop, ce sera une journée sans problème.",1
health_B1,effect,Le corps est dans un état où il peut gérer la journée sans trop de tension.,1
health_B1,action,"Aujourd’hui, il est préférable de maintenir la routine existante plutôt que de gérer des conditions particulières.",1
health_B1,action,"Si vous mangez et dormez régulièrement, vous pouvez maintenir une bonne condition physique aujourd'hui.",1
health_B1_geum_df_earth,intro,C’est un jour où votre santé est moyenne et où vous pouvez vous sentir un peu fatigué.,1
health_B1_geum_df_earth,effect,La force physique est quelque peu faible et la fatigue s'accumule rapidement après de longues périodes d'activité.,1
health_B1_geum_df_earth,action,Évitez toute activité excessive et reposez-vous suffisamment avant de bouger.,1
health_B1_geum_df_earth,state,"Même si vous suis lent à prendre des décisions, la journée continue sans trop d'hésitations, et l'énergie nuageuse aide à maintenir un rythme tranquille.",1
health_B1_geum_df_fire,intro,C’est un jour où votre santé est moyenne et où vous pouvez vous sentir un peu fatigué.,1
health_B1_geum_df_fire,effect,La force physique est quelque peu faible et la fatigue s'accumule rapidement après de longues périodes d'activité.,1
health_B1_geum_df_fire,action,Évitez toute activité excessive et reposez-vous suffisamment avant de bouger.,1
health_B1_geum_df_fire,state,"Même si vous suis lent à prendre des décisions, la journée continue sans trop d'hésitation, et l'énergie claire ajoute une vitalité calme et continue la journée ordinaire.",1
health_B1_geum_df_water,intro,C’est un jour où votre santé est moyenne et où vous pouvez vous sentir un peu fatigué.,1
health_B1_geum_df_water,effect,La force physique est quelque peu faible et la fatigue s'accumule rapidement après de longues périodes d'activité.,1
health_B1_geum_df_water,action,Évitez toute activité excessive et reposez-vous suffisamment avant de bouger.,1
health_B1_geum_df_water,state,"Même si vous suis lent à prendre des décisions, la journée se déroule sans trop d'hésitations, et l'énergie humide augmente vos pensées mais ne provoque pas beaucoup d'agitation.",1
health_B1_geum_df_wood,intro,C’est un jour où votre santé est moyenne et où vous pouvez vous sentir un peu fatigué.,1
health_B1_geum_df_wood,effect,La force physique est quelque peu faible et la fatigue s'accumule rapidement après de longues périodes d'activité.,1
health_B1_geum_df_wood,action,Évitez toute activité excessive et reposez-vous suffisamment avant de bouger.,1
health_B1_geum_df_wood,state,"La décision peut être lente, mais la journée se déroule sans trop d’hésitations, et l’énergie calme du changement ne perturbe que légèrement le flux normal.",1
health_B1_geum_ex_earth,intro,C’est un jour où votre santé est moyenne et où vous pouvez vous sentir un peu fatigué.,1
health_B1_geum_ex_earth,effect,La force physique est quelque peu faible et la fatigue s'accumule rapidement après de longues périodes d'activité.,1
health_B1_geum_ex_earth,action,Évitez toute activité excessive et reposez-vous suffisamment avant de bouger.,1
health_B1_geum_ex_earth,state,"Le jugement est clair, mais il se termine par un résultat médiocre, et l'énergie nuageuse permet de maintenir un rythme convenable.",1
health_B1_geum_ex_fire,intro,C’est un jour où votre santé est moyenne et où vous pouvez vous sentir un peu fatigué.,1
health_B1_geum_ex_fire,effect,La force physique est quelque peu faible et la fatigue s'accumule rapidement après de longues périodes d'activité.,1
health_B1_geum_ex_fire,action,Évitez toute activité excessive et reposez-vous suffisamment avant de bouger.,1
health_B1_geum_ex_fire,state,"Le jugement est clair, mais il se termine par un résultat ordinaire, et l'énergie claire ajoute une vitalité calme et continue la journée ordinaire.",1
health_B1_geum_ex_water,intro,C’est un jour où votre santé est moyenne et où vous pouvez vous sentir un peu fatigué.,1
health_B1_geum_ex_water,effect,La force physique est quelque peu faible et la fatigue s'accumule rapidement après de longues périodes d'activité.,1
health_B1_geum_ex_water,action,Évitez toute activité excessive et reposez-vous suffisamment avant de bouger.,1
health_B1_geum_ex_water,state,"Le jugement est clair mais se termine par un résultat simple, et l'énergie humide augmente les pensées mais ne provoque pas beaucoup d'agitation.",1
health_B1_geum_ex_wood,intro,C’est un jour où votre santé est moyenne et où vous pouvez vous sentir un peu fatigué.,1
health_B1_geum_ex_wood,effect,La force physique est quelque peu faible et la fatigue s'accumule rapidement après de longues périodes d'activité.,1
health_B1_geum_ex_wood,action,Évitez toute activité excessive et reposez-vous suffisamment avant de bouger.,1
health_B1_geum_ex_wood,state,"Le jugement est clair, mais il se termine par un résultat médiocre, et la calme énergie du changement ne fait guère plus que bouleverser légèrement le flux normal.",1
health_B1_hwa_df_earth,intro,Votre vitalité peut être quelque peu faible et vous vous sentez peut-être à court d’énergie.,1
health_B1_hwa_df_earth,effect,Il est facile de perdre sa concentration l’après-midi en raison d’un manque d’énergie.,1
health_B1_hwa_df_earth,action,Mangez des repas nutritifs pour reconstituer votre énergie.,1
health_B1_hwa_df_earth,state,"Bien qu'il y ait peu d'expression, la relation n'est pas grandement ébranlée et l'énergie nuageuse aide à maintenir un rythme facile.",1
health_B1_hwa_df_fire,intro,Votre vitalité peut être quelque peu faible et vous vous sentez peut-être à court d’énergie.,1
health_B1_hwa_df_fire,effect,Il est facile de perdre sa concentration l’après-midi en raison d’un manque d’énergie.,1
health_B1_hwa_df_fire,action,Mangez des repas nutritifs pour reconstituer votre énergie.,1
health_B1_hwa_df_fire,state,"Bien qu'il y ait peu d'expressions, la relation n'est pas grandement ébranlée et l'énergie claire ajoute une vitalité calme et continue une journée ordinaire.",1
health_B1_hwa_df_water,intro,Votre vitalité peut être quelque peu faible et vous vous sentez peut-être à court d’énergie.,1
health_B1_hwa_df_water,effect,Il est facile de perdre sa concentration l’après-midi en raison d’un manque d’énergie.,1
health_B1_hwa_df_water,action,Mangez des repas nutritifs pour reconstituer votre énergie.,1
health_B1_hwa_df_water,state,"Bien qu'il y ait peu d'expressions, la relation n'est pas grandement ébranlée et l'énergie humide augmente les pensées, mais ne provoque pas beaucoup d'agitation.",1
health_B1_hwa_df_wood,intro,Votre vitalité peut être quelque peu faible et vous vous sentez peut-être à court d’énergie.,1
health_B1_hwa_df_wood,effect,Il est facile de perdre sa concentration l’après-midi en raison d’un manque d’énergie.,1
health_B1_hwa_df_wood,action,Mangez des repas nutritifs pour reconstituer votre énergie.,1
health_B1_hwa_df_wood,state,"Bien qu'il y ait peu d'expression, la relation n'est pas grandement ébranlée et l'énergie calme du changement suffit seulement à ébranler légèrement le flux normal.",1
health_B1_hwa_ex_earth,intro,Votre vitalité peut être quelque peu faible et vous vous sentez peut-être à court d’énergie.,1
health_B1_hwa_ex_earth,effect,Il est facile de perdre sa concentration l’après-midi en raison d’un manque d’énergie.,1
health_B1_hwa_ex_earth,action,Mangez des repas nutritifs pour reconstituer votre énergie.,1
health_B1_hwa_ex_earth,state,La chaleur modérée permet une journée douce et l'énergie nuageuse vous aide à maintenir un rythme facile.,1
health_B1_hwa_ex_fire,intro,Votre vitalité peut être quelque peu faible et vous vous sentez peut-être à court d’énergie.,1
health_B1_hwa_ex_fire,effect,Il est facile de perdre sa concentration l’après-midi en raison d’un manque d’énergie.,1
health_B1_hwa_ex_fire,action,Mangez des repas nutritifs pour reconstituer votre énergie.,1
health_B1_hwa_ex_fire,state,La chaleur modérée crée une journée douce et l'énergie claire ajoute une vitalité calme et poursuit la journée ordinaire.,1
health_B1_hwa_ex_water,intro,Votre vitalité peut être quelque peu faible et vous vous sentez peut-être à court d’énergie.,1
health_B1_hwa_ex_water,effect,Il est facile de perdre sa concentration l’après-midi en raison d’un manque d’énergie.,1
health_B1_hwa_ex_water,action,Mangez des repas nutritifs pour reconstituer votre énergie.,1
health_B1_hwa_ex_water,state,La chaleur modérée permet une journée douce et l'énergie humide augmente vos pensées mais ne provoque pas beaucoup d'agitation.,1
health_B1_hwa_ex_wood,intro,Votre vitalité peut être quelque peu faible et vous vous sentez peut-être à court d’énergie.,1
health_B1_hwa_ex_wood,effect,Il est facile de perdre sa concentration l’après-midi en raison d’un manque d’énergie.,1
health_B1_hwa_ex_wood,action,Mangez des repas nutritifs pour reconstituer votre énergie.,1
health_B1_hwa_ex_wood,state,La chaleur modérée rend la journée douce et l’énergie calme du changement ne fait que légèrement bouleverser le flux normal.,1
health_B1_mok_df_earth,intro,"Votre corps peut récupérer un peu plus lentement, ce qui rend plus difficile l’élimination de la fatigue.",1
health_B1_mok_df_earth,effect,Une récupération ralentie peut entraîner de la fatigue.,1
health_B1_mok_df_earth,action,Aidez votre récupération avec suffisamment de sommeil et de nutrition.,1
health_B1_mok_df_earth,state,"Cela reste plus familier que nouveau, mais le flux est ininterrompu et l'énergie nuageuse vous aide à maintenir un rythme facile.",1
health_B1_mok_df_fire,intro,"Votre corps peut récupérer un peu plus lentement, ce qui rend plus difficile l’élimination de la fatigue.",1
health_B1_mok_df_fire,effect,Une récupération ralentie peut entraîner de la fatigue.,1
health_B1_mok_df_fire,action,Aidez votre récupération avec suffisamment de sommeil et de nutrition.,1
health_B1_mok_df_fire,state,"Bien qu’elle reste familière plutôt que nouvelle, le flux est ininterrompu et l’énergie claire ajoute une vitalité calme et poursuit la journée ordinaire.",1
health_B1_mok_df_water,intro,"Votre corps peut récupérer un peu plus lentement, ce qui rend plus difficile l’élimination de la fatigue.",1
health_B1_mok_df_water,effect,Une récupération ralentie peut entraîner de la fatigue.,1
health_B1_mok_df_water,action,Aidez votre récupération avec suffisamment de sommeil et de nutrition.,1
health_B1_mok_df_water,state,"Bien qu’elle reste familière plutôt que nouvelle, le flux est ininterrompu et l’énergie humide augmente les pensées mais ne provoque pas beaucoup d’agitation.",1
health_B1_mok_df_wood,intro,"Votre corps peut récupérer un peu plus lentement, ce qui rend plus difficile l’élimination de la fatigue.",1
health_B1_mok_df_wood,effect,Une récupération ralentie peut entraîner de la fatigue.,1
health_B1_mok_df_wood,action,Aidez votre récupération avec suffisamment de sommeil et de nutrition.,1
health_B1_mok_df_wood,state,"Bien qu’il reste plus familier que nouveau, le flux est ininterrompu et l’énergie calme du changement ne secoue que légèrement le flux normal.",1
health_B1_mok_ex_earth,intro,"Votre corps peut récupérer un peu plus lentement, ce qui rend plus difficile l’élimination de la fatigue.",1
health_B1_mok_ex_earth,effect,Une récupération ralentie peut entraîner de la fatigue.,1
health_B1_mok_ex_earth,action,Aidez votre récupération avec suffisamment de sommeil et de nutrition.,1
health_B1_mok_ex_earth,state,"Vous suis motivé, mais votre force motrice reste à un niveau médiocre, et l'énergie nuageuse aide à maintenir un rythme convenable.",1
health_B1_mok_ex_fire,intro,"Votre corps peut récupérer un peu plus lentement, ce qui rend plus difficile l’élimination de la fatigue.",1
health_B1_mok_ex_fire,effect,Une récupération ralentie peut entraîner de la fatigue.,1
health_B1_mok_ex_fire,action,Aidez votre récupération avec suffisamment de sommeil et de nutrition.,1
health_B1_mok_ex_fire,state,"Bien que vous sois motivé, votre force motrice reste à un niveau moyen, et l'énergie claire ajoute une vitalité calme et poursuit votre journée ordinaire.",1
health_B1_mok_ex_water,intro,"Votre corps peut récupérer un peu plus lentement, ce qui rend plus difficile l’élimination de la fatigue.",1
health_B1_mok_ex_water,effect,Une récupération ralentie peut entraîner de la fatigue.,1
health_B1_mok_ex_water,action,Aidez votre récupération avec suffisamment de sommeil et de nutrition.,1
health_B1_mok_ex_water,state,"Il y a de la motivation, mais la force motrice reste à un niveau normal, et l'énergie humide augmente les pensées, mais ne provoque pas beaucoup d'agitation.",1
health_B1_mok_ex_wood,intro,"Votre corps peut récupérer un peu plus lentement, ce qui rend plus difficile l’élimination de la fatigue.",1
health_B1_mok_ex_wood,effect,Une récupération ralentie peut entraîner de la fatigue.,1
health_B1_mok_ex_wood,action,Aidez votre récupération avec suffisamment de sommeil et de nutrition.,1
health_B1_mok_ex_wood,state,"Il y a de la motivation, mais la force motrice reste à un niveau médiocre, et l'énergie calme du changement suffit à peine à bousculer légèrement le flux normal.",1
health_B1_su_df_earth,intro,"La circulation dans le corps peut être légèrement ralentie, donc la fatigue peut persister.",1
health_B1_su_df_earth,effect,Le ralentissement circulatoire se manifeste par une diminution de la concentration et une légère fatigue.,1
health_B1_su_df_earth,action,Stimulez la circulation avec de légers étirements et une hydratation.,1
health_B1_su_df_earth,state,"Bien que la flexibilité ait diminué, le flux n'est pas interrompu de manière significative et l'énergie nuageuse aide à maintenir un rythme décent.",1
health_B1_su_df_fire,intro,"La circulation dans le corps peut être légèrement ralentie, donc la fatigue peut persister.",1
health_B1_su_df_fire,effect,Le ralentissement circulatoire se manifeste par une diminution de la concentration et une légère fatigue.,1
health_B1_su_df_fire,action,Stimulez la circulation avec de légers étirements et une hydratation.,1
health_B1_su_df_fire,state,"Bien que la flexibilité ait diminué, le flux n'est pas significativement perturbé et l'énergie claire ajoute une vitalité calme et permet de poursuivre une journée ordinaire.",1
health_B1_su_df_water,intro,"La circulation dans le corps peut être légèrement ralentie, donc la fatigue peut persister.",1
health_B1_su_df_water,effect,Le ralentissement circulatoire se manifeste par une diminution de la concentration et une légère fatigue.,1
health_B1_su_df_water,action,Stimulez la circulation avec de légers étirements et une hydratation.,1
health_B1_su_df_water,state,"La flexibilité est réduite, mais le flux n'est pas grandement interrompu, et l'énergie humide augmente les pensées, mais ne provoque pas beaucoup d'agitation.",1
health_B1_su_df_wood,intro,"La circulation dans le corps peut être légèrement ralentie, donc la fatigue peut persister.",1
health_B1_su_df_wood,effect,Le ralentissement circulatoire se manifeste par une diminution de la concentration et une légère fatigue.,1
health_B1_su_df_wood,action,Stimulez la circulation avec de légers étirements et une hydratation.,1
health_B1_su_df_wood,state,"Bien que la flexibilité ait diminué, le flux n’est pas significativement perturbé et l’énergie calme du changement ne secoue que légèrement le flux normal.",1
health_B1_su_ex_earth,intro,"La circulation dans le corps peut être légèrement ralentie, donc la fatigue peut persister.",1
health_B1_su_ex_earth,effect,Le ralentissement circulatoire se manifeste par une diminution de la concentration et une légère fatigue.,1
health_B1_su_ex_earth,action,Stimulez la circulation avec de légers étirements et une hydratation.,1
health_B1_su_ex_earth,state,"Même si il y a beaucoup de choses à penser, la journée se déroule sans trop de perturbations et l'énergie nuageuse aide à maintenir un rythme tranquille.",1
health_B1_su_ex_fire,intro,"La circulation dans le corps peut être légèrement ralentie, donc la fatigue peut persister.",1
health_B1_su_ex_fire,effect,Le ralentissement circulatoire se manifeste par une diminution de la concentration et une légère fatigue.,1
health_B1_su_ex_fire,action,Stimulez la circulation avec de légers étirements et une hydratation.,1
health_B1_su_ex_fire,state,"Même si il y a beaucoup de pensées, la journée se déroule sans trop de perturbations, et l'énergie claire ajoute une vitalité calme et continue la journée ordinaire.",1
health_B1_su_ex_water,intro,"La circulation dans le corps peut être légèrement ralentie, donc la fatigue peut persister.",1
health_B1_su_ex_water,effect,Le ralentissement circulatoire se manifeste par une diminution de la concentration et une légère fatigue.,1
health_B1_su_ex_water,action,Stimulez la circulation avec de légers étirements et une hydratation.,1
health_B1_su_ex_water,state,"Même si vous avez beaucoup de pensées, la journée se déroule sans grande agitation, et l'énergie humide augmente vos pensées mais ne provoque pas beaucoup d'agitation.",1
health_B1_su_ex_wood,intro,"La circulation dans le corps peut être légèrement ralentie, donc la fatigue peut persister.",1
health_B1_su_ex_wood,effect,Le ralentissement circulatoire se manifeste par une diminution de la concentration et une légère fatigue.,1
health_B1_su_ex_wood,action,Stimulez la circulation avec de légers étirements et une hydratation.,1
health_B1_su_ex_wood,state,"Même si il y a beaucoup de pensées, la journée se déroule sans trop de perturbations et l'énergie calme du changement ne secoue que légèrement le flux normal.",1
health_B1_to_df_earth,intro,"Si votre santé est moyennement stable, des problèmes de santé mineurs peuvent survenir.",1
health_B1_to_df_earth,effect,L’affaiblissement de la force physique de base provoque souvent un léger inconfort.,1
health_B1_to_df_earth,action,N'ignorez pas les signes de problèmes de santé et réagissez immédiatement.,1
health_B1_to_df_earth,state,"Même s'il y a quelques tremblements, la vie quotidienne se déroule sans problème et l'énergie trouble aide à maintenir un rythme tranquille.",1
health_B1_to_df_fire,intro,"Si votre santé est moyennement stable, des problèmes de santé mineurs peuvent survenir.",1
health_B1_to_df_fire,effect,L’affaiblissement de la force physique de base provoque souvent un léger inconfort.,1
health_B1_to_df_fire,action,N'ignorez pas les signes de problèmes de santé et réagissez immédiatement.,1
health_B1_to_df_fire,state,"Bien qu'il y ait quelques tremblements, la vie quotidienne se déroule sans problème et l'énergie claire ajoute une vitalité calme et continue la journée normale.",1
health_B1_to_df_water,intro,"Si votre santé est moyennement stable, des problèmes de santé mineurs peuvent survenir.",1
health_B1_to_df_water,effect,L’affaiblissement de la force physique de base provoque souvent un léger inconfort.,1
health_B1_to_df_water,action,N'ignorez pas les signes de problèmes de santé et réagissez immédiatement.,1
health_B1_to_df_water,state,"Même s'il y a des secousses, la vie quotidienne se déroule sans problème et l'énergie humide augmente les pensées, mais ne provoque pas beaucoup d'agitation.",1
health_B1_to_df_wood,intro,"Si votre santé est moyennement stable, des problèmes de santé mineurs peuvent survenir.",1
health_B1_to_df_wood,effect,L’affaiblissement de la force physique de base provoque souvent un léger inconfort.,1
health_B1_to_df_wood,action,N'ignorez pas les signes de problèmes de santé et réagissez immédiatement.,1
health_B1_to_df_wood,state,"Bien qu'il y ait des fluctuations, la vie quotidienne se déroule sans heurts et l'énergie calme du changement ne secoue que légèrement le flux normal.",1
health_B1_to_ex_earth,intro,"Si votre santé est moyennement stable, des problèmes de santé mineurs peuvent survenir.",1
health_B1_to_ex_earth,effect,L’affaiblissement de la force physique de base provoque souvent un léger inconfort.,1
health_B1_to_ex_earth,action,N'ignorez pas les signes de problèmes de santé et réagissez immédiatement.,1
health_B1_to_ex_earth,state,"Choisir la familiarité plutôt que le changement mène à une journée facile, et l'énergie nuageuse aide à maintenir un rythme facile.",1
health_B1_to_ex_fire,intro,"Si votre santé est moyennement stable, des problèmes de santé mineurs peuvent survenir.",1
health_B1_to_ex_fire,effect,L’affaiblissement de la force physique de base provoque souvent un léger inconfort.,1
health_B1_to_ex_fire,action,N'ignorez pas les signes de problèmes de santé et réagissez immédiatement.,1
health_B1_to_ex_fire,state,"Choisir la familiarité plutôt que le changement mène à une journée ordinaire, et l’énergie claire ajoute une vitalité calme à la journée ordinaire.",1
health_B1_to_ex_water,intro,"Si votre santé est moyennement stable, des problèmes de santé mineurs peuvent survenir.",1
health_B1_to_ex_water,effect,L’affaiblissement de la force physique de base provoque souvent un léger inconfort.,1
health_B1_to_ex_water,action,N'ignorez pas les signes de problèmes de santé et réagissez immédiatement.,1
health_B1_to_ex_water,state,"Choisir la familiarité plutôt que le changement conduit à une journée normale, et l’énergie humide augmente les pensées mais ne provoque pas beaucoup d’agitation.",1
health_B1_to_ex_wood,intro,"Si votre santé est moyennement stable, des problèmes de santé mineurs peuvent survenir.",1
health_B1_to_ex_wood,effect,L’affaiblissement de la force physique de base provoque souvent un léger inconfort.,1
health_B1_to_ex_wood,action,N'ignorez pas les signes de problèmes de santé et réagissez immédiatement.,1
health_B1_to_ex_wood,state,"Choisir la familiarité plutôt que le changement conduit à une journée normale, et l’énergie calme du changement ne secoue que légèrement le flux normal.",1
health_C,intro,"Votre énergie corporelle est quelque peu faible aujourd’hui, il est donc important de réduire votre dépense énergétique.",1
health_C,intro,Aujourd’hui est le moment idéal pour se concentrer sur la récupération plutôt que sur une activité excessive car votre énergie santé est faible.,1
health_C,effect,Vous pourriez vous fatiguer plus facilement que d’habitude et avoir des difficultés à vous concentrer. Vous avez donc besoin d’un repos adéquat.,1
health_C,effect,"Si vous en faites trop un jour où votre corps demande à récupérer, le lendemain peut devenir plus difficile.",1
health_C,action,"Pour aujourd’hui, privilégiez un sommeil suffisant et une supplémentation nutritionnelle plutôt que l’exercice.",1
health_C,action,"Si vous vous sentez un peu lourd, le choix le plus judicieux est de raccourcir votre emploi du temps et de vous reposer.",1
health_C_geum_df_earth,intro,C’est un jour où l’énergie santé est faible et où la fatigue persiste tout au long de la journée.,1
health_C_geum_df_earth,effect,Une diminution de la force physique réduit l’efficacité de toutes les activités.,1
health_C_geum_df_earth,action,Évitez les activités intenses et reposez-vous suffisamment.,1
health_C_geum_df_earth,state,"À mesure que votre détermination faiblit, il est facile de remettre à plus tard des choix importants, et une énergie trouble peut vous ralentir et alourdir vos pensées.",1
health_C_geum_df_fire,intro,C’est un jour où l’énergie santé est faible et où la fatigue persiste tout au long de la journée.,1
health_C_geum_df_fire,effect,Une diminution de la force physique réduit l’efficacité de toutes les activités.,1
health_C_geum_df_fire,action,Évitez les activités intenses et reposez-vous suffisamment.,1
health_C_geum_df_fire,state,"À mesure que votre détermination faiblit, il est facile de remettre à plus tard des choix importants et votre énergie claire peut se répandre dans une atmosphère excitée, ce qui peut brouiller votre prudence.",1
health_C_geum_df_water,intro,C’est un jour où l’énergie santé est faible et où la fatigue persiste tout au long de la journée.,1
health_C_geum_df_water,effect,Une diminution de la force physique réduit l’efficacité de toutes les activités.,1
health_C_geum_df_water,action,Évitez les activités intenses et reposez-vous suffisamment.,1
health_C_geum_df_water,state,"Il est facile de reporter des choix importants à mesure que votre détermination s’affaiblit, et l’énergie de la pluie et de la neige peut stimuler vos émotions et votre moi intérieur, ce qui peut avoir un impact plus important.",1
health_C_geum_df_wood,intro,C’est un jour où l’énergie santé est faible et où la fatigue persiste tout au long de la journée.,1
health_C_geum_df_wood,effect,Une diminution de la force physique réduit l’efficacité de toutes les activités.,1
health_C_geum_df_wood,action,Évitez les activités intenses et reposez-vous suffisamment.,1
health_C_geum_df_wood,state,"Il est facile de reporter des choix importants en raison d’une détermination affaiblie, et la forte énergie du changement peut bouleverser le rythme et conduire à des variables inattendues.",1
health_C_geum_ex_earth,intro,C’est un jour où l’énergie santé est faible et où la fatigue persiste tout au long de la journée.,1
health_C_geum_ex_earth,effect,Une diminution de la force physique réduit l’efficacité de toutes les activités.,1
health_C_geum_ex_earth,action,Évitez les activités intenses et reposez-vous suffisamment.,1
health_C_geum_ex_earth,state,"Un jugement trop pointu peut rendre les relations froides, et une énergie trouble peut ralentir votre rythme et alourdir vos pensées.",1
health_C_geum_ex_fire,intro,C’est un jour où l’énergie santé est faible et où la fatigue persiste tout au long de la journée.,1
health_C_geum_ex_fire,effect,Une diminution de la force physique réduit l’efficacité de toutes les activités.,1
health_C_geum_ex_fire,action,Évitez les activités intenses et reposez-vous suffisamment.,1
health_C_geum_ex_fire,state,"Un jugement trop pointu peut rendre les relations froides, et une énergie claire peut couler dans une atmosphère excitée, ce qui peut brouiller la prudence.",1
health_C_geum_ex_water,intro,C’est un jour où l’énergie santé est faible et où la fatigue persiste tout au long de la journée.,1
health_C_geum_ex_water,effect,Une diminution de la force physique réduit l’efficacité de toutes les activités.,1
health_C_geum_ex_water,action,Évitez les activités intenses et reposez-vous suffisamment.,1
health_C_geum_ex_water,state,"Un jugement trop pointu peut rendre les relations froides, et l'énergie de la pluie et de la neige peut stimuler les émotions et les sentiments intérieurs, ce qui peut avoir un impact plus important.",1
health_C_geum_ex_wood,intro,C’est un jour où l’énergie santé est faible et où la fatigue persiste tout au long de la journée.,1
health_C_geum_ex_wood,effect,Une diminution de la force physique réduit l’efficacité de toutes les activités.,1
health_C_geum_ex_wood,action,Évitez les activités intenses et reposez-vous suffisamment.,1
health_C_geum_ex_wood,state,"Un jugement trop pointu peut rendre les relations froides, et la forte énergie du changement peut bouleverser le rythme et conduire à des variables inattendues.",1
health_C_hwa_df_earth,intro,C’est un jour où votre vitalité diminue considérablement et où tout votre corps se sent léthargique.,1
health_C_hwa_df_earth,effect,L’épuisement énergétique entraîne une diminution de l’immunité et une aggravation de la fatigue.,1
health_C_hwa_df_earth,action,Retrouvez votre vitalité avec suffisamment de sommeil et des compléments nutritionnels.,1
health_C_hwa_df_earth,state,"Il est facile que des malentendus surviennent en raison de difficultés à s'exprimer, et l'énergie trouble peut vous ralentir et alourdir vos pensées.",1
health_C_hwa_df_fire,intro,C’est un jour où votre vitalité diminue considérablement et où tout votre corps se sent léthargique.,1
health_C_hwa_df_fire,effect,L’épuisement énergétique entraîne une diminution de l’immunité et une aggravation de la fatigue.,1
health_C_hwa_df_fire,action,Retrouvez votre vitalité avec suffisamment de sommeil et des compléments nutritionnels.,1
health_C_hwa_df_fire,state,"Il est facile que des malentendus se produisent parce que les expressions sont difficiles à comprendre, et l'énergie claire peut couler dans une atmosphère excitée et troubler la prudence.",1
health_C_hwa_df_water,intro,C’est un jour où votre vitalité diminue considérablement et où tout votre corps se sent léthargique.,1
health_C_hwa_df_water,effect,L’épuisement énergétique entraîne une diminution de l’immunité et une aggravation de la fatigue.,1
health_C_hwa_df_water,action,Retrouvez votre vitalité avec suffisamment de sommeil et des compléments nutritionnels.,1
health_C_hwa_df_water,state,"Il est facile que des malentendus surviennent car les expressions sont difficiles à comprendre, et l'énergie de la pluie et de la neige peut stimuler les émotions et les sentiments intérieurs, ce qui peut avoir un impact plus important.",1
health_C_hwa_df_wood,intro,C’est un jour où votre vitalité diminue considérablement et où tout votre corps se sent léthargique.,1
health_C_hwa_df_wood,effect,L’épuisement énergétique entraîne une diminution de l’immunité et une aggravation de la fatigue.,1
health_C_hwa_df_wood,action,Retrouvez votre vitalité avec suffisamment de sommeil et des compléments nutritionnels.,1
health_C_hwa_df_wood,state,"Les malentendus sont faciles à survenir en raison d'expressions difficiles, et la forte énergie du changement peut bouleverser le rythme et conduire à des variables inattendues.",1
health_C_hwa_ex_earth,intro,C’est un jour où votre vitalité diminue considérablement et où tout votre corps se sent léthargique.,1
health_C_hwa_ex_earth,effect,L’épuisement énergétique entraîne une diminution de l’immunité et une aggravation de la fatigue.,1
health_C_hwa_ex_earth,action,Retrouvez votre vitalité avec suffisamment de sommeil et des compléments nutritionnels.,1
health_C_hwa_ex_earth,state,"Il est facile que les émotions s'entrechoquent, et une énergie trouble peut vous ralentir et alourdir vos pensées.",1
health_C_hwa_ex_fire,intro,C’est un jour où votre vitalité diminue considérablement et où tout votre corps se sent léthargique.,1
health_C_hwa_ex_fire,effect,L’épuisement énergétique entraîne une diminution de l’immunité et une aggravation de la fatigue.,1
health_C_hwa_ex_fire,action,Retrouvez votre vitalité avec suffisamment de sommeil et des compléments nutritionnels.,1
health_C_hwa_ex_fire,state,"Il est facile que les émotions s’entrechoquent, et l’énergie claire peut s’écouler dans une atmosphère excitée, ce qui trouble la prudence.",1
health_C_hwa_ex_water,intro,C’est un jour où votre vitalité diminue considérablement et où tout votre corps se sent léthargique.,1
health_C_hwa_ex_water,effect,L’épuisement énergétique entraîne une diminution de l’immunité et une aggravation de la fatigue.,1
health_C_hwa_ex_water,action,Retrouvez votre vitalité avec suffisamment de sommeil et des compléments nutritionnels.,1
health_C_hwa_ex_water,state,"Il est facile que les émotions entrent en conflit, et l'énergie de la pluie et de la neige peut stimuler les émotions et les sentiments intérieurs, ce qui peut augmenter l'impact.",1
health_C_hwa_ex_wood,intro,C’est un jour où votre vitalité diminue considérablement et où tout votre corps se sent léthargique.,1
health_C_hwa_ex_wood,effect,L’épuisement énergétique entraîne une diminution de l’immunité et une aggravation de la fatigue.,1
health_C_hwa_ex_wood,action,Retrouvez votre vitalité avec suffisamment de sommeil et des compléments nutritionnels.,1
health_C_hwa_ex_wood,state,"Il est facile que les émotions s’entrechoquent, et la forte énergie du changement peut bouleverser le rythme et conduire à des variables inattendues.",1
health_C_mok_df_earth,intro,C’est un jour où le corps a du mal à récupérer et où la fatigue s’accumule facilement.,1
health_C_mok_df_earth,effect,"En raison d’une récupération réduite, la force physique diminue rapidement même après une activité légère.",1
health_C_mok_df_earth,action,Évitez les exercices intenses et privilégiez le repos.,1
health_C_mok_df_earth,state,"L’hésitation à essayer de nouvelles choses peut ralentir les progrès, et une énergie trouble peut ralentir votre rythme et alourdir vos pensées.",1
health_C_mok_df_fire,intro,C’est un jour où le corps a du mal à récupérer et où la fatigue s’accumule facilement.,1
health_C_mok_df_fire,effect,"En raison d’une récupération réduite, la force physique diminue rapidement même après une activité légère.",1
health_C_mok_df_fire,action,Évitez les exercices intenses et privilégiez le repos.,1
health_C_mok_df_fire,state,"L’hésitation à essayer de nouvelles choses peut ralentir les progrès, et une énergie claire peut conduire à une atmosphère excitée, ce qui peut brouiller la prudence.",1
health_C_mok_df_water,intro,C’est un jour où le corps a du mal à récupérer et où la fatigue s’accumule facilement.,1
health_C_mok_df_water,effect,"En raison d’une récupération réduite, la force physique diminue rapidement même après une activité légère.",1
health_C_mok_df_water,action,Évitez les exercices intenses et privilégiez le repos.,1
health_C_mok_df_water,state,"L'hésitation à essayer de nouvelles choses peut ralentir les progrès, et l'énergie de la pluie et de la neige peut stimuler vos émotions et votre moi intérieur, ce qui peut augmenter l'impact.",1
health_C_mok_df_wood,intro,C’est un jour où le corps a du mal à récupérer et où la fatigue s’accumule facilement.,1
health_C_mok_df_wood,effect,"En raison d’une récupération réduite, la force physique diminue rapidement même après une activité légère.",1
health_C_mok_df_wood,action,Évitez les exercices intenses et privilégiez le repos.,1
health_C_mok_df_wood,state,"L’hésitation à essayer de nouvelles choses peut ralentir les progrès, et la forte énergie du changement peut bouleverser le rythme et conduire à des variables inattendues.",1
health_C_mok_ex_earth,intro,C’est un jour où le corps a du mal à récupérer et où la fatigue s’accumule facilement.,1
health_C_mok_ex_earth,effect,"En raison d’une récupération réduite, la force physique diminue rapidement même après une activité légère.",1
health_C_mok_ex_earth,action,Évitez les exercices intenses et privilégiez le repos.,1
health_C_mok_ex_earth,state,"Une motivation excessive peut vous amener à en faire trop, et une énergie trouble peut vous ralentir et alourdir vos pensées.",1
health_C_mok_ex_fire,intro,C’est un jour où le corps a du mal à récupérer et où la fatigue s’accumule facilement.,1
health_C_mok_ex_fire,effect,"En raison d’une récupération réduite, la force physique diminue rapidement même après une activité légère.",1
health_C_mok_ex_fire,action,Évitez les exercices intenses et privilégiez le repos.,1
health_C_mok_ex_fire,state,"Si vous êtes trop motivé, vous risquez de vous forcer à faire des choses et votre énergie claire peut se répandre dans une atmosphère excitée, ce qui peut brouiller votre prudence.",1
health_C_mok_ex_water,intro,C’est un jour où le corps a du mal à récupérer et où la fatigue s’accumule facilement.,1
health_C_mok_ex_water,effect,"En raison d’une récupération réduite, la force physique diminue rapidement même après une activité légère.",1
health_C_mok_ex_water,action,Évitez les exercices intenses et privilégiez le repos.,1
health_C_mok_ex_water,state,"Si vous êtes trop motivé, vous risquez d'en faire trop, et l'énergie de la pluie et de la neige peut stimuler vos émotions et votre moi intérieur, ce qui peut augmenter l'impact.",1
health_C_mok_ex_wood,intro,C’est un jour où le corps a du mal à récupérer et où la fatigue s’accumule facilement.,1
health_C_mok_ex_wood,effect,"En raison d’une récupération réduite, la force physique diminue rapidement même après une activité légère.",1
health_C_mok_ex_wood,action,Évitez les exercices intenses et privilégiez le repos.,1
health_C_mok_ex_wood,state,"Une motivation excessive peut conduire à en faire trop, et la forte énergie du changement peut bouleverser le rythme et conduire à des variables inattendues.",1
health_C_su_df_earth,intro,C’est un jour où la circulation dans le corps est bloquée et où le corps est lourd et étouffant.,1
health_C_su_df_earth,effect,Une circulation réduite entraîne une fatigue chronique et une mauvaise concentration.,1
health_C_su_df_earth,action,Rétablissez votre circulation petit à petit en faisant de la marche légère ou des étirements.,1
health_C_su_df_earth,state,"Il est facile de perdre la trace du flux en raison d'un manque de flexibilité, et une énergie trouble peut vous ralentir et alourdir vos pensées.",1
health_C_su_df_fire,intro,C’est un jour où la circulation dans le corps est bloquée et où le corps est lourd et étouffant.,1
health_C_su_df_fire,effect,Une circulation réduite entraîne une fatigue chronique et une mauvaise concentration.,1
health_C_su_df_fire,action,Rétablissez votre circulation petit à petit en faisant de la marche légère ou des étirements.,1
health_C_su_df_fire,state,"En raison du manque de flexibilité, il est facile de perdre la trace du flux et l’énergie claire peut s’écouler dans une atmosphère excitée, ce qui peut brouiller votre prudence.",1
health_C_su_df_water,intro,C’est un jour où la circulation dans le corps est bloquée et où le corps est lourd et étouffant.,1
health_C_su_df_water,effect,Une circulation réduite entraîne une fatigue chronique et une mauvaise concentration.,1
health_C_su_df_water,action,Rétablissez votre circulation petit à petit en faisant de la marche légère ou des étirements.,1
health_C_su_df_water,state,"En raison du manque de flexibilité, il est facile de perdre la trace du flux, et l'énergie de la pluie et de la neige peut stimuler les émotions et le moi intérieur, ce qui peut augmenter l'impact.",1
health_C_su_df_wood,intro,C’est un jour où la circulation dans le corps est bloquée et où le corps est lourd et étouffant.,1
health_C_su_df_wood,effect,Une circulation réduite entraîne une fatigue chronique et une mauvaise concentration.,1
health_C_su_df_wood,action,Rétablissez votre circulation petit à petit en faisant de la marche légère ou des étirements.,1
health_C_su_df_wood,state,"En raison du manque de flexibilité, il est facile de perdre le fil du flux, et la forte énergie du changement peut bouleverser le rythme et conduire à des variables inattendues.",1
health_C_su_ex_earth,intro,C’est un jour où la circulation dans le corps est bloquée et où le corps est lourd et étouffant.,1
health_C_su_ex_earth,effect,Une circulation réduite entraîne une fatigue chronique et une mauvaise concentration.,1
health_C_su_ex_earth,action,Rétablissez votre circulation petit à petit en faisant de la marche légère ou des étirements.,1
health_C_su_ex_earth,state,"Il est facile que votre jugement soit obscurci par des émotions débordantes, et l’énergie trouble peut vous ralentir et alourdir vos pensées.",1
health_C_su_ex_fire,intro,C’est un jour où la circulation dans le corps est bloquée et où le corps est lourd et étouffant.,1
health_C_su_ex_fire,effect,Une circulation réduite entraîne une fatigue chronique et une mauvaise concentration.,1
health_C_su_ex_fire,action,Rétablissez votre circulation petit à petit en faisant de la marche légère ou des étirements.,1
health_C_su_ex_fire,state,"Le jugement peut facilement être obscurci par des émotions débordantes, et l’énergie claire peut s’écouler dans une atmosphère excitée, ce qui peut obscurcir la prudence.",1
health_C_su_ex_water,intro,C’est un jour où la circulation dans le corps est bloquée et où le corps est lourd et étouffant.,1
health_C_su_ex_water,effect,Une circulation réduite entraîne une fatigue chronique et une mauvaise concentration.,1
health_C_su_ex_water,action,Rétablissez votre circulation petit à petit en faisant de la marche légère ou des étirements.,1
health_C_su_ex_water,state,"Il est facile que votre jugement s'obscurcisse à cause d'émotions débordantes, et l'énergie de la pluie et de la neige peut stimuler vos émotions et votre moi intérieur, ce qui peut augmenter l'impact.",1
health_C_su_ex_wood,intro,C’est un jour où la circulation dans le corps est bloquée et où le corps est lourd et étouffant.,1
health_C_su_ex_wood,effect,Une circulation réduite entraîne une fatigue chronique et une mauvaise concentration.,1
health_C_su_ex_wood,action,Rétablissez votre circulation petit à petit en faisant de la marche légère ou des étirements.,1
health_C_su_ex_wood,state,"Le jugement peut facilement être obscurci par les émotions, et la forte énergie du changement peut bouleverser le rythme et conduire à des variables inattendues.",1
health_C_to_df_earth,intro,C’est un jour où les fondements de votre santé sont ébranlés et votre condition physique est instable.,1
health_C_to_df_earth,effect,Une santé affaiblie se manifeste par une fatigue fréquente et une mauvaise condition physique.,1
health_C_to_df_earth,action,"N'en faites pas trop, reposez-vous suffisamment et maintenez un mode de vie régulier.",1
health_C_to_df_earth,state,"Parce que votre centre est ébranlé, il est facile de se laisser influencer par votre environnement, et une énergie trouble peut vous ralentir et alourdir vos pensées.",1
health_C_to_df_fire,intro,C’est un jour où les fondements de votre santé sont ébranlés et votre condition physique est instable.,1
health_C_to_df_fire,effect,Une santé affaiblie se manifeste par une fatigue fréquente et une mauvaise condition physique.,1
health_C_to_df_fire,action,"N'en faites pas trop, reposez-vous suffisamment et maintenez un mode de vie régulier.",1
health_C_to_df_fire,state,"Parce que votre centre est ébranlé, il est facile de se laisser influencer par ceux qui vous entourent et votre énergie claire peut couler dans une atmosphère excitée, ce qui peut brouiller votre prudence.",1
health_C_to_df_water,intro,C’est un jour où les fondements de votre santé sont ébranlés et votre condition physique est instable.,1
health_C_to_df_water,effect,Une santé affaiblie se manifeste par une fatigue fréquente et une mauvaise condition physique.,1
health_C_to_df_water,action,"N'en faites pas trop, reposez-vous suffisamment et maintenez un mode de vie régulier.",1
health_C_to_df_water,state,"Parce que votre centre est ébranlé, il est facile de se laisser influencer par votre environnement, et l’énergie de la pluie et de la neige peut stimuler vos émotions et votre moi intérieur, ce qui peut augmenter l’impact.",1
health_C_to_df_wood,intro,C’est un jour où les fondements de votre santé sont ébranlés et votre condition physique est instable.,1
health_C_to_df_wood,effect,Une santé affaiblie se manifeste par une fatigue fréquente et une mauvaise condition physique.,1
health_C_to_df_wood,action,"N'en faites pas trop, reposez-vous suffisamment et maintenez un mode de vie régulier.",1
health_C_to_df_wood,state,"Parce que le centre est ébranlé, il est facile de se laisser influencer par l'environnement, et la forte énergie du changement peut bouleverser le rythme et conduire à des variables inattendues.",1
health_C_to_ex_earth,intro,C’est un jour où les fondements de votre santé sont ébranlés et votre condition physique est instable.,1
health_C_to_ex_earth,effect,Une santé affaiblie se manifeste par une fatigue fréquente et une mauvaise condition physique.,1
health_C_to_ex_earth,action,"N'en faites pas trop, reposez-vous suffisamment et maintenez un mode de vie régulier.",1
health_C_to_ex_earth,state,"Un esprit qui refuse de changer peut bloquer des opportunités, et une énergie trouble peut ralentir votre rythme et alourdir vos pensées.",1
health_C_to_ex_fire,intro,C’est un jour où les fondements de votre santé sont ébranlés et votre condition physique est instable.,1
health_C_to_ex_fire,effect,Une santé affaiblie se manifeste par une fatigue fréquente et une mauvaise condition physique.,1
health_C_to_ex_fire,action,"N'en faites pas trop, reposez-vous suffisamment et maintenez un mode de vie régulier.",1
health_C_to_ex_fire,state,"Un esprit qui refuse de changer peut bloquer des opportunités, et une énergie claire peut couler dans une atmosphère excitée, obscurcissant la prudence.",1
health_C_to_ex_water,intro,C’est un jour où les fondements de votre santé sont ébranlés et votre condition physique est instable.,1
health_C_to_ex_water,effect,Une santé affaiblie se manifeste par une fatigue fréquente et une mauvaise condition physique.,1
health_C_to_ex_water,action,"N'en faites pas trop, reposez-vous suffisamment et maintenez un mode de vie régulier.",1
health_C_to_ex_water,state,"Un esprit qui refuse de changer peut bloquer des opportunités, et l’énergie de la pluie et de la neige peut stimuler les émotions et les sentiments intérieurs, ce qui peut accroître l’impact.",1
health_C_to_ex_wood,intro,C’est un jour où les fondements de votre santé sont ébranlés et votre condition physique est instable.,1
health_C_to_ex_wood,effect,Une santé affaiblie se manifeste par une fatigue fréquente et une mauvaise condition physique.,1
health_C_to_ex_wood,action,"N'en faites pas trop, reposez-vous suffisamment et maintenez un mode de vie régulier.",1
health_C_to_ex_wood,state,"Un refus de changement peut bloquer des opportunités, et la forte énergie du changement peut bouleverser le rythme et conduire à des variables inattendues.",1
health_C1,intro,Aujourd’hui est un jour où votre corps est assez faible et il faut absolument de suffisamment de repos.,1
health_C1,intro,"Votre énergie santé est considérablement faible aujourd’hui, vous devez donc être sensible aux signaux que votre corps envoie.",1
health_C1,effect,"Votre immunité et votre endurance sont bien inférieures à la normale, donc même un petit groupe peut être un fardeau.",1
health_C1,effect,"C’est un jour où votre corps a envie de se reposer, et le repos est suffisamment important pour réduire considérablement votre emploi du temps.",1
health_C1,action,Soyez prudent aujourd’hui en ce qui concerne votre santé et minimisez toute activité.,1
health_C1,action,Le simple fait de manger des aliments chauds et de dormir suffisamment peut grandement aider votre corps à récupérer.,1
health_C1_geum_df_earth,intro,C’est un jour où votre santé devient si faible que vos activités physiques deviennent sévèrement limitées.,1
health_C1_geum_df_earth,effect,Une force physique considérablement réduite rend même les activités quotidiennes difficiles.,1
health_C1_geum_df_earth,action,Faites une activité minimale aujourd’hui et donnez à votre corps autant de repos que possible.,1
health_C1_geum_df_earth,state,"En raison du manque de détermination, il est facile de faire des choix indécis, et une énergie trouble peut réduire la motivation et troubler le jugement.",1
health_C1_geum_df_fire,intro,C’est un jour où votre santé devient si faible que vos activités physiques deviennent sévèrement limitées.,1
health_C1_geum_df_fire,effect,Une force physique considérablement réduite rend même les activités quotidiennes difficiles.,1
health_C1_geum_df_fire,action,Faites une activité minimale aujourd’hui et donnez à votre corps autant de repos que possible.,1
health_C1_geum_df_fire,state,"En raison du manque de détermination, il est facile de faire des choix indécis, et un Yang excité peut dissiper le calme et conduire à des erreurs mineures.",1
health_C1_geum_df_water,intro,C’est un jour où votre santé devient si faible que vos activités physiques deviennent sévèrement limitées.,1
health_C1_geum_df_water,effect,Une force physique considérablement réduite rend même les activités quotidiennes difficiles.,1
health_C1_geum_df_water,action,Faites une activité minimale aujourd’hui et donnez à votre corps autant de repos que possible.,1
health_C1_geum_df_water,state,"En raison du manque de détermination, il est facile de faire des choix indécis, et l'énergie de la pluie et de la neige peut ne pas calmer vos émotions, ce qui rend votre cœur lourd.",1
health_C1_geum_df_wood,intro,C’est un jour où votre santé devient si faible que vos activités physiques deviennent sévèrement limitées.,1
health_C1_geum_df_wood,effect,Une force physique considérablement réduite rend même les activités quotidiennes difficiles.,1
health_C1_geum_df_wood,action,Faites une activité minimale aujourd’hui et donnez à votre corps autant de repos que possible.,1
health_C1_geum_df_wood,state,"En raison du manque de détermination, il est facile de faire des choix indécis et l’énergie du changement peut continuer à interférer et à perturber les plans.",1
health_C1_geum_ex_earth,intro,C’est un jour où votre santé devient si faible que vos activités physiques deviennent sévèrement limitées.,1
health_C1_geum_ex_earth,effect,Une force physique considérablement réduite rend même les activités quotidiennes difficiles.,1
health_C1_geum_ex_earth,action,Faites une activité minimale aujourd’hui et donnez à votre corps autant de repos que possible.,1
health_C1_geum_ex_earth,state,"La netteté peut aller trop loin et constituer un fardeau pour ceux qui vous entourent, et une énergie trouble peut réduire la motivation et brouiller votre jugement.",1
health_C1_geum_ex_fire,intro,C’est un jour où votre santé devient si faible que vos activités physiques deviennent sévèrement limitées.,1
health_C1_geum_ex_fire,effect,Une force physique considérablement réduite rend même les activités quotidiennes difficiles.,1
health_C1_geum_ex_fire,action,Faites une activité minimale aujourd’hui et donnez à votre corps autant de repos que possible.,1
health_C1_geum_ex_fire,state,"Votre acuité peut aller trop loin et constituer un fardeau pour ceux qui vous entourent, et votre énergie excitée peut dissiper votre calme et conduire à des erreurs mineures.",1
health_C1_geum_ex_water,intro,C’est un jour où votre santé devient si faible que vos activités physiques deviennent sévèrement limitées.,1
health_C1_geum_ex_water,effect,Une force physique considérablement réduite rend même les activités quotidiennes difficiles.,1
health_C1_geum_ex_water,action,Faites une activité minimale aujourd’hui et donnez à votre corps autant de repos que possible.,1
health_C1_geum_ex_water,state,"Votre acuité peut aller trop loin et faire peser un fardeau sur ceux qui vous entourent, et l'énergie de la pluie et de la neige ne peut pas calmer vos émotions, ce qui rend votre cœur lourd.",1
health_C1_geum_ex_wood,intro,C’est un jour où votre santé devient si faible que vos activités physiques deviennent sévèrement limitées.,1
health_C1_geum_ex_wood,effect,Une force physique considérablement réduite rend même les activités quotidiennes difficiles.,1
health_C1_geum_ex_wood,action,Faites une activité minimale aujourd’hui et donnez à votre corps autant de repos que possible.,1
health_C1_geum_ex_wood,state,"Votre acuité peut aller trop loin et constituer un fardeau pour ceux qui vous entourent, et l'énergie du changement peut continuer à interférer avec vos projets.",1
health_C1_hwa_df_earth,intro,C'est une journée difficile où votre vitalité diminue considérablement et votre corps tout entier est épuisé.,1
health_C1_hwa_df_earth,effect,L’épuisement énergétique affaiblit l’immunité et rend la récupération difficile.,1
health_C1_hwa_df_earth,action,N'ignorez pas les signaux de votre corps pour vous reposer et vous reposer immédiatement.,1
health_C1_hwa_df_earth,state,"Il est facile que vos sentiments ne soient pas exprimés correctement en raison d’un blocage de l’expression, et une énergie trouble peut réduire la motivation et brouiller votre jugement.",1
health_C1_hwa_df_fire,intro,C'est une journée difficile où votre vitalité diminue considérablement et votre corps tout entier est épuisé.,1
health_C1_hwa_df_fire,effect,L’épuisement énergétique affaiblit l’immunité et rend la récupération difficile.,1
health_C1_hwa_df_fire,action,N'ignorez pas les signaux de votre corps pour vous reposer et vous reposer immédiatement.,1
health_C1_hwa_df_fire,state,"Il est facile que vos sentiments ne soient pas transmis correctement en raison d'un blocage de l'expression, et une énergie excitée peut disperser votre calme et conduire à des erreurs mineures.",1
health_C1_hwa_df_water,intro,C'est une journée difficile où votre vitalité diminue considérablement et votre corps tout entier est épuisé.,1
health_C1_hwa_df_water,effect,L’épuisement énergétique affaiblit l’immunité et rend la récupération difficile.,1
health_C1_hwa_df_water,action,N'ignorez pas les signaux de votre corps pour vous reposer et vous reposer immédiatement.,1
health_C1_hwa_df_water,state,"Parce que les expressions sont bloquées, il est facile que vos sentiments ne soient pas transmis correctement, et l'énergie de la pluie et de la neige ne peut pas calmer vos émotions, ce qui peut rendre votre cœur lourd.",1
health_C1_hwa_df_wood,intro,C'est une journée difficile où votre vitalité diminue considérablement et votre corps tout entier est épuisé.,1
health_C1_hwa_df_wood,effect,L’épuisement énergétique affaiblit l’immunité et rend la récupération difficile.,1
health_C1_hwa_df_wood,action,N'ignorez pas les signaux de votre corps pour vous reposer et vous reposer immédiatement.,1
health_C1_hwa_df_wood,state,"Il est facile que vos sentiments ne soient pas transmis correctement en raison d’un blocage de l’expression, et l’énergie du changement peut continuer à interférer et perturber vos plans.",1
health_C1_hwa_ex_earth,intro,C'est une journée difficile où votre vitalité diminue considérablement et votre corps tout entier est épuisé.,1
health_C1_hwa_ex_earth,effect,L’épuisement énergétique affaiblit l’immunité et rend la récupération difficile.,1
health_C1_hwa_ex_earth,action,N'ignorez pas les signaux de votre corps pour vous reposer et vous reposer immédiatement.,1
health_C1_hwa_ex_earth,state,"Il est facile pour les émotions de provoquer des frictions, même pour de petites choses, et une énergie trouble peut réduire la motivation et troubler le jugement.",1
health_C1_hwa_ex_fire,intro,C'est une journée difficile où votre vitalité diminue considérablement et votre corps tout entier est épuisé.,1
health_C1_hwa_ex_fire,effect,L’épuisement énergétique affaiblit l’immunité et rend la récupération difficile.,1
health_C1_hwa_ex_fire,action,N'ignorez pas les signaux de votre corps pour vous reposer et vous reposer immédiatement.,1
health_C1_hwa_ex_fire,state,"Il est facile pour les émotions de provoquer des frictions, même pour de petites choses, et une énergie excitée peut perturber votre calme et conduire à des erreurs mineures.",1
health_C1_hwa_ex_water,intro,C'est une journée difficile où votre vitalité diminue considérablement et votre corps tout entier est épuisé.,1
health_C1_hwa_ex_water,effect,L’épuisement énergétique affaiblit l’immunité et rend la récupération difficile.,1
health_C1_hwa_ex_water,action,N'ignorez pas les signaux de votre corps pour vous reposer et vous reposer immédiatement.,1
health_C1_hwa_ex_water,state,"Il est facile que des émotions surgissent, même pour de petites choses, et l'énergie de la pluie et de la neige ne peut pas calmer vos émotions, ce qui rend votre cœur lourd.",1
health_C1_hwa_ex_wood,intro,C'est une journée difficile où votre vitalité diminue considérablement et votre corps tout entier est épuisé.,1
health_C1_hwa_ex_wood,effect,L’épuisement énergétique affaiblit l’immunité et rend la récupération difficile.,1
health_C1_hwa_ex_wood,action,N'ignorez pas les signaux de votre corps pour vous reposer et vous reposer immédiatement.,1
health_C1_hwa_ex_wood,state,"Si vous êtes motivé par les émotions, il est facile que des frictions surviennent, même pour de petites choses, et l'énergie du changement peut continuer à interférer et à perturber vos projets.",1
health_C1_mok_df_earth,intro,C'est un jour où la récupération du corps est considérablement réduite et où la fatigue disparaît rarement.,1
health_C1_mok_df_earth,effect,Une résilience affaiblie peut entraîner une fatigue chronique et des problèmes de santé.,1
health_C1_mok_df_earth,action,Veuillez contribuer activement à votre rétablissement grâce à des suppléments nutritionnels ou à des repas suffisants.,1
health_C1_mok_df_earth,state,"Si vous hésitez longtemps, il est facile qu’une opportunité vous échappe, et une énergie trouble peut réduire votre motivation et brouiller votre jugement.",1
health_C1_mok_df_fire,intro,C'est un jour où la récupération du corps est considérablement réduite et où la fatigue disparaît rarement.,1
health_C1_mok_df_fire,effect,Une résilience affaiblie peut entraîner une fatigue chronique et des problèmes de santé.,1
health_C1_mok_df_fire,action,Veuillez contribuer activement à votre rétablissement grâce à des suppléments nutritionnels ou à des repas suffisants.,1
health_C1_mok_df_fire,state,"Si vous hésitez longtemps, il est facile qu'une opportunité vous échappe et une énergie excitée peut dissiper votre calme et conduire à des erreurs mineures.",1
health_C1_mok_df_water,intro,C'est un jour où la récupération du corps est considérablement réduite et où la fatigue disparaît rarement.,1
health_C1_mok_df_water,effect,Une résilience affaiblie peut entraîner une fatigue chronique et des problèmes de santé.,1
health_C1_mok_df_water,action,Veuillez contribuer activement à votre rétablissement grâce à des suppléments nutritionnels ou à des repas suffisants.,1
health_C1_mok_df_water,state,"Si vous hésitez longtemps, il est facile qu'une opportunité vous échappe, et l'énergie de la pluie et de la neige ne peut pas calmer vos émotions, ce qui rend votre cœur lourd.",1
health_C1_mok_df_wood,intro,C'est un jour où la récupération du corps est considérablement réduite et où la fatigue disparaît rarement.,1
health_C1_mok_df_wood,effect,Une résilience affaiblie peut entraîner une fatigue chronique et des problèmes de santé.,1
health_C1_mok_df_wood,action,Veuillez contribuer activement à votre rétablissement grâce à des suppléments nutritionnels ou à des repas suffisants.,1
health_C1_mok_df_wood,state,"Si vous hésitez longtemps, il est facile qu’une opportunité vous échappe et l’énergie du changement peut continuer à interférer et à perturber vos projets.",1
health_C1_mok_ex_earth,intro,C'est un jour où la récupération du corps est considérablement réduite et où la fatigue disparaît rarement.,1
health_C1_mok_ex_earth,effect,Une résilience affaiblie peut entraîner une fatigue chronique et des problèmes de santé.,1
health_C1_mok_ex_earth,action,Veuillez contribuer activement à votre rétablissement grâce à des suppléments nutritionnels ou à des repas suffisants.,1
health_C1_mok_ex_earth,state,"Il est facile pour l’avidité de conduire à des choses qui ne peuvent être comprises, et une énergie trouble peut réduire la motivation et troubler le jugement.",1
health_C1_mok_ex_fire,intro,C'est un jour où la récupération du corps est considérablement réduite et où la fatigue disparaît rarement.,1
health_C1_mok_ex_fire,effect,Une résilience affaiblie peut entraîner une fatigue chronique et des problèmes de santé.,1
health_C1_mok_ex_fire,action,Veuillez contribuer activement à votre rétablissement grâce à des suppléments nutritionnels ou à des repas suffisants.,1
health_C1_mok_ex_fire,state,"Il est facile de devenir gourmand et de faire des choses que vous ne pouvez pas contrôler, et une énergie excitée peut perturber votre calme et conduire à des erreurs mineures.",1
health_C1_mok_ex_water,intro,C'est un jour où la récupération du corps est considérablement réduite et où la fatigue disparaît rarement.,1
health_C1_mok_ex_water,effect,Une résilience affaiblie peut entraîner une fatigue chronique et des problèmes de santé.,1
health_C1_mok_ex_water,action,Veuillez contribuer activement à votre rétablissement grâce à des suppléments nutritionnels ou à des repas suffisants.,1
health_C1_mok_ex_water,state,"Il est facile de devenir gourmand et de faire des choses que vous ne pouvez pas contrôler, et l'énergie de la pluie et de la neige ne peut pas calmer vos émotions, ce qui rend votre cœur lourd.",1
health_C1_mok_ex_wood,intro,C'est un jour où la récupération du corps est considérablement réduite et où la fatigue disparaît rarement.,1
health_C1_mok_ex_wood,effect,Une résilience affaiblie peut entraîner une fatigue chronique et des problèmes de santé.,1
health_C1_mok_ex_wood,action,Veuillez contribuer activement à votre rétablissement grâce à des suppléments nutritionnels ou à des repas suffisants.,1
health_C1_mok_ex_wood,state,"Il est facile de devenir cupide et de finir par faire des choses que vous ne pouvez pas contrôler, et l'énergie du changement peut continuer à interférer et à perturber vos plans.",1
health_C1_su_df_earth,intro,C'est un jour où la circulation dans le corps est gravement bloquée et où le corps est lourd et douloureux.,1
health_C1_su_df_earth,effect,"Les problèmes de circulation peuvent s’aggraver, entraînant des maux de tête ou un inconfort.",1
health_C1_su_df_earth,action,"Si possible, favorisez la circulation avec un léger bain chaud ou un massage.",1
health_C1_su_df_earth,state,"Il est facile de s'entêter et de perdre le fil des choses à plusieurs reprises, et une énergie trouble peut réduire la motivation et brouiller votre jugement.",1
health_C1_su_df_fire,intro,C'est un jour où la circulation dans le corps est gravement bloquée et où le corps est lourd et douloureux.,1
health_C1_su_df_fire,effect,"Les problèmes de circulation peuvent s’aggraver, entraînant des maux de tête ou un inconfort.",1
health_C1_su_df_fire,action,"Si possible, favorisez la circulation avec un léger bain chaud ou un massage.",1
health_C1_su_df_fire,state,"Il est facile de s'entêter et de perdre la trace du flux, et une énergie excitée peut perturber votre calme et conduire à des erreurs mineures.",1
health_C1_su_df_water,intro,C'est un jour où la circulation dans le corps est gravement bloquée et où le corps est lourd et douloureux.,1
health_C1_su_df_water,effect,"Les problèmes de circulation peuvent s’aggraver, entraînant des maux de tête ou un inconfort.",1
health_C1_su_df_water,action,"Si possible, favorisez la circulation avec un léger bain chaud ou un massage.",1
health_C1_su_df_water,state,"Il est facile de devenir têtu et de perdre la trace du flux, et l'énergie de la pluie et de la neige ne peut pas calmer vos émotions, ce qui rend votre cœur lourd.",1
health_C1_su_df_wood,intro,C'est un jour où la circulation dans le corps est gravement bloquée et où le corps est lourd et douloureux.,1
health_C1_su_df_wood,effect,"Les problèmes de circulation peuvent s’aggraver, entraînant des maux de tête ou un inconfort.",1
health_C1_su_df_wood,action,"Si possible, favorisez la circulation avec un léger bain chaud ou un massage.",1
health_C1_su_df_wood,state,"Il est facile de s'entêter et de perdre le fil des choses à plusieurs reprises, et l'énergie du changement peut continuer à interférer et perturber vos plans.",1
health_C1_su_ex_earth,intro,C'est un jour où la circulation dans le corps est gravement bloquée et où le corps est lourd et douloureux.,1
health_C1_su_ex_earth,effect,"Les problèmes de circulation peuvent s’aggraver, entraînant des maux de tête ou un inconfort.",1
health_C1_su_ex_earth,action,"Si possible, favorisez la circulation avec un léger bain chaud ou un massage.",1
health_C1_su_ex_earth,state,"Les émotions deviennent plus profondes, il est donc facile d'être secoué par des stimuli, même minimes, et une énergie trouble peut réduire la motivation et le jugement trouble.",1
health_C1_su_ex_fire,intro,C'est un jour où la circulation dans le corps est gravement bloquée et où le corps est lourd et douloureux.,1
health_C1_su_ex_fire,effect,"Les problèmes de circulation peuvent s’aggraver, entraînant des maux de tête ou un inconfort.",1
health_C1_su_ex_fire,action,"Si possible, favorisez la circulation avec un léger bain chaud ou un massage.",1
health_C1_su_ex_fire,state,"Les émotions deviennent profondes, il est donc facile d'être secoué par le moindre stimulus, et une énergie excitée peut perturber le calme et conduire à des erreurs mineures.",1
health_C1_su_ex_water,intro,C'est un jour où la circulation dans le corps est gravement bloquée et où le corps est lourd et douloureux.,1
health_C1_su_ex_water,effect,"Les problèmes de circulation peuvent s’aggraver, entraînant des maux de tête ou un inconfort.",1
health_C1_su_ex_water,action,"Si possible, favorisez la circulation avec un léger bain chaud ou un massage.",1
health_C1_su_ex_water,state,"À mesure que les émotions deviennent plus profondes, il est facile d'être secoué par le moindre stimulus, et l'énergie de la pluie et de la neige peut ne pas calmer les émotions, rendant le cœur lourd.",1
health_C1_su_ex_wood,intro,C'est un jour où la circulation dans le corps est gravement bloquée et où le corps est lourd et douloureux.,1
health_C1_su_ex_wood,effect,"Les problèmes de circulation peuvent s’aggraver, entraînant des maux de tête ou un inconfort.",1
health_C1_su_ex_wood,action,"Si possible, favorisez la circulation avec un léger bain chaud ou un massage.",1
health_C1_su_ex_wood,state,"À mesure que vos émotions s’approfondissent, il est facile d’être ébranlé par le moindre stimulus, et l’énergie du changement peut continuer à interférer et à perturber vos plans.",1
health_C1_to_df_earth,intro,C’est un jour où votre base de santé est sérieusement affaiblie et où votre corps réagit au moindre stimulus.,1
health_C1_to_df_earth,effect,Une base de santé extrêmement faible crée une cascade de problèmes de santé.,1
health_C1_to_df_earth,action,Obtenez l’aide d’un professionnel de la santé ou reposez-vous complètement dès aujourd’hui.,1
health_C1_to_df_earth,state,"Parce que vous n’êtes pas centré, vos décisions peuvent facilement changer, et une énergie trouble peut réduire votre motivation et brouiller votre jugement.",1
health_C1_to_df_fire,intro,C’est un jour où votre base de santé est sérieusement affaiblie et où votre corps réagit au moindre stimulus.,1
health_C1_to_df_fire,effect,Une base de santé extrêmement faible crée une cascade de problèmes de santé.,1
health_C1_to_df_fire,action,Obtenez l’aide d’un professionnel de la santé ou reposez-vous complètement dès aujourd’hui.,1
health_C1_to_df_fire,state,"Parce que vous n’êtes pas centré, il est facile de changer vos décisions et votre énergie excitée peut dissiper votre calme et conduire à des erreurs mineures.",1
health_C1_to_df_water,intro,C’est un jour où votre base de santé est sérieusement affaiblie et où votre corps réagit au moindre stimulus.,1
health_C1_to_df_water,effect,Une base de santé extrêmement faible crée une cascade de problèmes de santé.,1
health_C1_to_df_water,action,Obtenez l’aide d’un professionnel de la santé ou reposez-vous complètement dès aujourd’hui.,1
health_C1_to_df_water,state,"Parce que vous n’êtes pas centré, il est facile de changer vos décisions, et l’énergie de la pluie et de la neige ne peut pas calmer vos émotions, ce qui rend votre cœur lourd.",1
health_C1_to_df_wood,intro,C’est un jour où votre base de santé est sérieusement affaiblie et où votre corps réagit au moindre stimulus.,1
health_C1_to_df_wood,effect,Une base de santé extrêmement faible crée une cascade de problèmes de santé.,1
health_C1_to_df_wood,action,Obtenez l’aide d’un professionnel de la santé ou reposez-vous complètement dès aujourd’hui.,1
health_C1_to_df_wood,state,"Parce que vous n’êtes pas centré, vos décisions peuvent facilement changer et l’énergie du changement peut continuer à interférer avec vos projets.",1
health_C1_to_ex_earth,intro,C’est un jour où votre base de santé est sérieusement affaiblie et où votre corps réagit au moindre stimulus.,1
health_C1_to_ex_earth,effect,Une base de santé extrêmement faible crée une cascade de problèmes de santé.,1
health_C1_to_ex_earth,action,Obtenez l’aide d’un professionnel de la santé ou reposez-vous complètement dès aujourd’hui.,1
health_C1_to_ex_earth,state,"Il est facile d’ignorer les changements qui nécessitent une orientation obstinée vers la stabilité, et une énergie trouble peut réduire la motivation et le jugement.",1
health_C1_to_ex_fire,intro,C’est un jour où votre base de santé est sérieusement affaiblie et où votre corps réagit au moindre stimulus.,1
health_C1_to_ex_fire,effect,Une base de santé extrêmement faible crée une cascade de problèmes de santé.,1
health_C1_to_ex_fire,action,Obtenez l’aide d’un professionnel de la santé ou reposez-vous complètement dès aujourd’hui.,1
health_C1_to_ex_fire,state,"Il est facile d'ignorer les changements qui nécessitent une stabilité obstinée, et une énergie excitée peut perturber le calme et conduire à des erreurs mineures.",1
health_C1_to_ex_water,intro,C’est un jour où votre base de santé est sérieusement affaiblie et où votre corps réagit au moindre stimulus.,1
health_C1_to_ex_water,effect,Une base de santé extrêmement faible crée une cascade de problèmes de santé.,1
health_C1_to_ex_water,action,Obtenez l’aide d’un professionnel de la santé ou reposez-vous complètement dès aujourd’hui.,1
health_C1_to_ex_water,state,"Il est facile d'ignorer les changements qui nécessitent une stabilité obstinée, et l'énergie de la pluie et de la neige peut ne pas calmer vos émotions, ce qui rend votre cœur lourd.",1
health_C1_to_ex_wood,intro,C’est un jour où votre base de santé est sérieusement affaiblie et où votre corps réagit au moindre stimulus.,1
health_C1_to_ex_wood,effect,Une base de santé extrêmement faible crée une cascade de problèmes de santé.,1
health_C1_to_ex_wood,action,Obtenez l’aide d’un professionnel de la santé ou reposez-vous complètement dès aujourd’hui.,1
health_C1_to_ex_wood,state,"Il est facile d’ignorer les changements qui nécessitent une orientation obstinée vers la stabilité, et l’énergie du changement peut continuer à interférer et à perturber vos plans.",1
health_D,intro,"Aujourd’hui, votre énergie santé est au plus bas, vous devez donc répondre immédiatement à tous les signaux de votre corps.",1
health_D,intro,Aujourd’hui est un jour où votre condition physique est si faible qu’aucun effort n’est toléré.,1
health_D,effect,"Le corps peut réagir considérablement même à de petites foules, il est donc important de minimiser votre emploi du temps quotidien.",1
health_D,effect,"C’est un jour où votre immunité est fortement réduite, ce qui peut entraîner une forte dégradation de votre condition physique le lendemain.",1
health_D,action,Aujourd’hui est un jour pour votre corps et vous n’avez d’autre choix que de vous reposer complètement.,1
health_D,action,"Minimisez toute activité, restez au chaud et concentrez-vous uniquement sur l’hydratation et la nutrition.",1
health_D_geum_df_earth,intro,Ce sont des jours où la santé est au plus mal et où toute activité physique peut être dangereuse.,1
health_D_geum_df_earth,effect,Une diminution extrême de la force physique rend toute activité impossible.,1
health_D_geum_df_earth,action,Reposez-vous complètement aujourd'hui et consultez un médecin si nécessaire.,1
health_D_geum_df_earth,state,"Votre détermination peut être grandement brisée, et tout choix que vous faites peut entraîner des regrets, et l’énergie épaisse et trouble peut tout ralentir considérablement.",1
health_D_geum_df_fire,intro,Ce sont des jours où la santé est au plus mal et où toute activité physique peut être dangereuse.,1
health_D_geum_df_fire,effect,Une diminution extrême de la force physique rend toute activité impossible.,1
health_D_geum_df_fire,action,Reposez-vous complètement aujourd'hui et consultez un médecin si nécessaire.,1
health_D_geum_df_fire,state,"La capacité de décision peut être considérablement affaiblie et tout choix peut conduire à des regrets, et un yang fort peut encourager les impulsions et conduire à des actions imprudentes.",1
health_D_geum_df_water,intro,Ce sont des jours où la santé est au plus mal et où toute activité physique peut être dangereuse.,1
health_D_geum_df_water,effect,Une diminution extrême de la force physique rend toute activité impossible.,1
health_D_geum_df_water,action,Reposez-vous complètement aujourd'hui et consultez un médecin si nécessaire.,1
health_D_geum_df_water,state,"Votre détermination peut être grandement brisée et tout choix que vous faites peut entraîner des regrets, et la force des fortes pluies et de la neige peut ébranler violemment vos émotions, rendant difficile leur contrôle.",1
health_D_geum_df_wood,intro,Ce sont des jours où la santé est au plus mal et où toute activité physique peut être dangereuse.,1
health_D_geum_df_wood,effect,Une diminution extrême de la force physique rend toute activité impossible.,1
health_D_geum_df_wood,action,Reposez-vous complètement aujourd'hui et consultez un médecin si nécessaire.,1
health_D_geum_df_wood,state,"Votre détermination peut être grandement brisée, tout choix que vous faites peut se terminer par des regrets et la féroce énergie du changement peut égarer toutes vos prédictions.",1
health_D_geum_ex_earth,intro,Ce sont des jours où la santé est au plus mal et où toute activité physique peut être dangereuse.,1
health_D_geum_ex_earth,effect,Une diminution extrême de la force physique rend toute activité impossible.,1
health_D_geum_ex_earth,action,Reposez-vous complètement aujourd'hui et consultez un médecin si nécessaire.,1
health_D_geum_ex_earth,state,"Si la netteté va trop loin, cela peut créer une profonde rupture avec l’environnement, et l’épaisse énergie nuageuse peut tout ralentir considérablement.",1
health_D_geum_ex_fire,intro,Ce sont des jours où la santé est au plus mal et où toute activité physique peut être dangereuse.,1
health_D_geum_ex_fire,effect,Une diminution extrême de la force physique rend toute activité impossible.,1
health_D_geum_ex_fire,action,Reposez-vous complètement aujourd'hui et consultez un médecin si nécessaire.,1
health_D_geum_ex_fire,state,"La netteté peut aller trop loin et créer de profondes divisions avec ceux qui vous entourent, et un yang fort peut encourager les impulsions et conduire à des actions imprudentes.",1
health_D_geum_ex_water,intro,Ce sont des jours où la santé est au plus mal et où toute activité physique peut être dangereuse.,1
health_D_geum_ex_water,effect,Une diminution extrême de la force physique rend toute activité impossible.,1
health_D_geum_ex_water,action,Reposez-vous complètement aujourd'hui et consultez un médecin si nécessaire.,1
health_D_geum_ex_water,state,"La netteté peut aller trop loin et créer de profondes fissures avec l'environnement, et la force de fortes pluies et de neige peut ébranler violemment vos émotions, rendant difficile leur contrôle.",1
health_D_geum_ex_wood,intro,Ce sont des jours où la santé est au plus mal et où toute activité physique peut être dangereuse.,1
health_D_geum_ex_wood,effect,Une diminution extrême de la force physique rend toute activité impossible.,1
health_D_geum_ex_wood,action,Reposez-vous complètement aujourd'hui et consultez un médecin si nécessaire.,1
health_D_geum_ex_wood,state,"La netteté peut aller trop loin et créer de profondes fissures avec l’environnement, et l’énergie féroce du changement peut égarer toutes les prédictions.",1
health_D_hwa_df_earth,intro,C’est un jour où votre vitalité est complètement épuisée et votre corps tout entier extrêmement épuisé.,1
health_D_hwa_df_earth,effect,L'épuisement complet de l'énergie fait chuter l'immunité au sol.,1
health_D_hwa_df_earth,action,Arrêtez toute activité et concentrez-vous immédiatement sur le repos et la récupération.,1
health_D_hwa_df_earth,state,"La manière de transmettre ses sentiments est complètement fermée, ce qui peut aggraver les malentendus et la déconnexion, et l'énergie épaisse et trouble peut tout ralentir considérablement.",1
health_D_hwa_df_fire,intro,C’est un jour où votre vitalité est complètement épuisée et votre corps tout entier extrêmement épuisé.,1
health_D_hwa_df_fire,effect,L'épuisement complet de l'énergie fait chuter l'immunité au sol.,1
health_D_hwa_df_fire,action,Arrêtez toute activité et concentrez-vous immédiatement sur le repos et la récupération.,1
health_D_hwa_df_fire,state,"La manière de communiquer ses sentiments est complètement fermée, ce qui peut aggraver les malentendus et la déconnexion, et une forte énergie positive peut encourager les impulsions et conduire à des actions imprudentes.",1
health_D_hwa_df_water,intro,C’est un jour où votre vitalité est complètement épuisée et votre corps tout entier extrêmement épuisé.,1
health_D_hwa_df_water,effect,L'épuisement complet de l'énergie fait chuter l'immunité au sol.,1
health_D_hwa_df_water,action,Arrêtez toute activité et concentrez-vous immédiatement sur le repos et la récupération.,1
health_D_hwa_df_water,state,"La manière de communiquer ses sentiments est complètement fermée, ce qui peut aggraver les malentendus et la déconnexion, et la force des fortes pluies et de la neige peut ébranler violemment les émotions, rendant difficile leur contrôle.",1
health_D_hwa_df_wood,intro,C’est un jour où votre vitalité est complètement épuisée et votre corps tout entier extrêmement épuisé.,1
health_D_hwa_df_wood,effect,L'épuisement complet de l'énergie fait chuter l'immunité au sol.,1
health_D_hwa_df_wood,action,Arrêtez toute activité et concentrez-vous immédiatement sur le repos et la récupération.,1
health_D_hwa_df_wood,state,"La manière de communiquer ses sentiments est complètement fermée, les malentendus et la déconnexion peuvent s'approfondir, et l'énergie féroce du changement peut égarer toutes les prédictions.",1
health_D_hwa_ex_earth,intro,C’est un jour où votre vitalité est complètement épuisée et votre corps tout entier extrêmement épuisé.,1
health_D_hwa_ex_earth,effect,L'épuisement complet de l'énergie fait chuter l'immunité au sol.,1
health_D_hwa_ex_earth,action,Arrêtez toute activité et concentrez-vous immédiatement sur le repos et la récupération.,1
health_D_hwa_ex_earth,state,"Les émotions surchauffées peuvent se transformer en un conflit irréparable, et l’épaisse énergie nuageuse peut tout ralentir considérablement.",1
health_D_hwa_ex_fire,intro,C’est un jour où votre vitalité est complètement épuisée et votre corps tout entier extrêmement épuisé.,1
health_D_hwa_ex_fire,effect,L'épuisement complet de l'énergie fait chuter l'immunité au sol.,1
health_D_hwa_ex_fire,action,Arrêtez toute activité et concentrez-vous immédiatement sur le repos et la récupération.,1
health_D_hwa_ex_fire,state,"Des émotions surchauffées peuvent conduire à des conflits irréversibles, et un yang fort peut encourager les impulsions et conduire à des actions imprudentes.",1
health_D_hwa_ex_water,intro,C’est un jour où votre vitalité est complètement épuisée et votre corps tout entier extrêmement épuisé.,1
health_D_hwa_ex_water,effect,L'épuisement complet de l'énergie fait chuter l'immunité au sol.,1
health_D_hwa_ex_water,action,Arrêtez toute activité et concentrez-vous immédiatement sur le repos et la récupération.,1
health_D_hwa_ex_water,state,"Les émotions surchauffées peuvent se transformer en un conflit irréparable, et la force des fortes pluies et de la neige secoue violemment les émotions, rendant le contrôle difficile.",1
health_D_hwa_ex_wood,intro,C’est un jour où votre vitalité est complètement épuisée et votre corps tout entier extrêmement épuisé.,1
health_D_hwa_ex_wood,effect,L'épuisement complet de l'énergie fait chuter l'immunité au sol.,1
health_D_hwa_ex_wood,action,Arrêtez toute activité et concentrez-vous immédiatement sur le repos et la récupération.,1
health_D_hwa_ex_wood,state,"Des émotions surchauffées peuvent se transformer en un conflit irréparable, et l’énergie féroce du changement peut égarer toutes les prédictions.",1
health_D_mok_df_earth,intro,C'est le jour où la fonction de récupération de votre corps s'arrête complètement et où votre santé se détériore rapidement.,1
health_D_mok_df_earth,effect,L’épuisement complet de la résilience met votre santé globale en danger.,1
health_D_mok_df_earth,action,Arrêtez toutes vos activités aujourd’hui et concentrez-vous uniquement sur votre santé.,1
health_D_mok_df_earth,state,"La peur peut complètement vous empêcher d’agir et même vous faire perdre des opportunités, et l’épaisse énergie nuageuse peut tout ralentir considérablement.",1
health_D_mok_df_fire,intro,C'est le jour où la fonction de récupération de votre corps s'arrête complètement et où votre santé se détériore rapidement.,1
health_D_mok_df_fire,effect,L’épuisement complet de la résilience met votre santé globale en danger.,1
health_D_mok_df_fire,action,Arrêtez toutes vos activités aujourd’hui et concentrez-vous uniquement sur votre santé.,1
health_D_mok_df_fire,state,"La peur peut arrêter complètement une action et même entraîner une perte d’opportunités, et une forte énergie positive peut encourager les impulsions et conduire à des actions imprudentes.",1
health_D_mok_df_water,intro,C'est le jour où la fonction de récupération de votre corps s'arrête complètement et où votre santé se détériore rapidement.,1
health_D_mok_df_water,effect,L’épuisement complet de la résilience met votre santé globale en danger.,1
health_D_mok_df_water,action,Arrêtez toutes vos activités aujourd’hui et concentrez-vous uniquement sur votre santé.,1
health_D_mok_df_water,state,"La peur peut vous empêcher complètement d’agir et même vous faire perdre des opportunités, et la force des fortes pluies et de la neige peut tellement ébranler vos émotions qu’il devient difficile de les contrôler.",1
health_D_mok_df_wood,intro,C'est le jour où la fonction de récupération de votre corps s'arrête complètement et où votre santé se détériore rapidement.,1
health_D_mok_df_wood,effect,L’épuisement complet de la résilience met votre santé globale en danger.,1
health_D_mok_df_wood,action,Arrêtez toutes vos activités aujourd’hui et concentrez-vous uniquement sur votre santé.,1
health_D_mok_df_wood,state,"La peur peut arrêter complètement l’action et même conduire à la perte d’opportunités, et l’énergie féroce du changement peut égarer toutes les prédictions.",1
health_D_mok_ex_earth,intro,C'est le jour où la fonction de récupération de votre corps s'arrête complètement et où votre santé se détériore rapidement.,1
health_D_mok_ex_earth,effect,L’épuisement complet de la résilience met votre santé globale en danger.,1
health_D_mok_ex_earth,action,Arrêtez toutes vos activités aujourd’hui et concentrez-vous uniquement sur votre santé.,1
health_D_mok_ex_earth,state,"Une motivation incontrôlable peut conduire à des accidents déraisonnables, et une énergie nuageuse et épaisse peut tout ralentir considérablement.",1
health_D_mok_ex_fire,intro,C'est le jour où la fonction de récupération de votre corps s'arrête complètement et où votre santé se détériore rapidement.,1
health_D_mok_ex_fire,effect,L’épuisement complet de la résilience met votre santé globale en danger.,1
health_D_mok_ex_fire,action,Arrêtez toutes vos activités aujourd’hui et concentrez-vous uniquement sur votre santé.,1
health_D_mok_ex_fire,state,"Une motivation incontrôlable peut conduire à des accidents déraisonnables, et une forte énergie positive peut encourager les impulsions et conduire à des actions imprudentes.",1
health_D_mok_ex_water,intro,C'est le jour où la fonction de récupération de votre corps s'arrête complètement et où votre santé se détériore rapidement.,1
health_D_mok_ex_water,effect,L’épuisement complet de la résilience met votre santé globale en danger.,1
health_D_mok_ex_water,action,Arrêtez toutes vos activités aujourd’hui et concentrez-vous uniquement sur votre santé.,1
health_D_mok_ex_water,state,"Une motivation incontrôlable peut conduire à des accidents déraisonnables, et la force des fortes pluies et de la neige peut ébranler violemment les émotions, rendant le contrôle difficile.",1
health_D_mok_ex_wood,intro,C'est le jour où la fonction de récupération de votre corps s'arrête complètement et où votre santé se détériore rapidement.,1
health_D_mok_ex_wood,effect,L’épuisement complet de la résilience met votre santé globale en danger.,1
health_D_mok_ex_wood,action,Arrêtez toutes vos activités aujourd’hui et concentrez-vous uniquement sur votre santé.,1
health_D_mok_ex_wood,state,"Une motivation incontrôlable peut conduire à une réflexion déraisonnable, et l’énergie féroce du changement peut égarer toutes les prédictions.",1
health_D_su_df_earth,intro,C’est un jour où la circulation dans le corps est complètement bloquée et où tout le corps est extrêmement inconfortable.,1
health_D_su_df_earth,effect,Un blocage complet de la circulation réduit toutes les fonctions du corps.,1
health_D_su_df_earth,action,Obtenez une aide médicale professionnelle ou reposez-vous immédiatement.,1
health_D_su_df_earth,state,"Une attitude rigide bloque tout flux, rendant la progression difficile, et une énergie épaisse et trouble peut tout ralentir considérablement.",1
health_D_su_df_fire,intro,C’est un jour où la circulation dans le corps est complètement bloquée et où tout le corps est extrêmement inconfortable.,1
health_D_su_df_fire,effect,Un blocage complet de la circulation réduit toutes les fonctions du corps.,1
health_D_su_df_fire,action,Obtenez une aide médicale professionnelle ou reposez-vous immédiatement.,1
health_D_su_df_fire,state,"Une attitude rigide bloque tout flux, rendant les progrès difficiles, et une forte énergie positive peut encourager les impulsions et conduire à des actions imprudentes.",1
health_D_su_df_water,intro,C’est un jour où la circulation dans le corps est complètement bloquée et où tout le corps est extrêmement inconfortable.,1
health_D_su_df_water,effect,Un blocage complet de la circulation réduit toutes les fonctions du corps.,1
health_D_su_df_water,action,Obtenez une aide médicale professionnelle ou reposez-vous immédiatement.,1
health_D_su_df_water,state,"Une attitude rigide bloque tout flux, rendant la progression difficile, et la force des fortes pluies et de la neige secoue violemment les émotions, rendant le contrôle difficile.",1
health_D_su_df_wood,intro,C’est un jour où la circulation dans le corps est complètement bloquée et où tout le corps est extrêmement inconfortable.,1
health_D_su_df_wood,effect,Un blocage complet de la circulation réduit toutes les fonctions du corps.,1
health_D_su_df_wood,action,Obtenez une aide médicale professionnelle ou reposez-vous immédiatement.,1
health_D_su_df_wood,state,"Une attitude rigide bloque tout flux, rendant les progrès difficiles, et l’énergie féroce du changement peut égarer toutes les prédictions.",1
health_D_su_ex_earth,intro,C’est un jour où la circulation dans le corps est complètement bloquée et où tout le corps est extrêmement inconfortable.,1
health_D_su_ex_earth,effect,Un blocage complet de la circulation réduit toutes les fonctions du corps.,1
health_D_su_ex_earth,action,Obtenez une aide médicale professionnelle ou reposez-vous immédiatement.,1
health_D_su_ex_earth,state,"Le torrent d’émotions peut submerger la raison et conduire à de grosses erreurs, et l’énergie épaisse et trouble peut tout ralentir considérablement.",1
health_D_su_ex_fire,intro,C’est un jour où la circulation dans le corps est complètement bloquée et où tout le corps est extrêmement inconfortable.,1
health_D_su_ex_fire,effect,Un blocage complet de la circulation réduit toutes les fonctions du corps.,1
health_D_su_ex_fire,action,Obtenez une aide médicale professionnelle ou reposez-vous immédiatement.,1
health_D_su_ex_fire,state,"Un torrent d’émotions peut submerger la raison et conduire à de graves erreurs, et une forte énergie positive peut encourager les impulsions et conduire à des actions imprudentes.",1
health_D_su_ex_water,intro,C’est un jour où la circulation dans le corps est complètement bloquée et où tout le corps est extrêmement inconfortable.,1
health_D_su_ex_water,effect,Un blocage complet de la circulation réduit toutes les fonctions du corps.,1
health_D_su_ex_water,action,Obtenez une aide médicale professionnelle ou reposez-vous immédiatement.,1
health_D_su_ex_water,state,"Un torrent d’émotions peut submerger la raison et conduire à de graves erreurs, et la force de fortes pluies et de fortes chutes de neige peut ébranler violemment les émotions, rendant difficile leur contrôle.",1
health_D_su_ex_wood,intro,C’est un jour où la circulation dans le corps est complètement bloquée et où tout le corps est extrêmement inconfortable.,1
health_D_su_ex_wood,effect,Un blocage complet de la circulation réduit toutes les fonctions du corps.,1
health_D_su_ex_wood,action,Obtenez une aide médicale professionnelle ou reposez-vous immédiatement.,1
health_D_su_ex_wood,state,"Le torrent d’émotions peut submerger la raison et conduire à de graves erreurs, et l’énergie féroce du changement peut égarer toutes les prédictions.",1
health_D_to_df_earth,intro,C’est un jour où les fondements de la santé sont complètement brisés et où toute activité est dangereuse.,1
health_D_to_df_earth,effect,Une instabilité sanitaire extrême peut créer une situation irréversible.,1
health_D_to_df_earth,action,Reposez-vous complètement aujourd'hui et consultez immédiatement un médecin si nécessaire.,1
health_D_to_df_earth,state,"Vous pouvez complètement perdre l’équilibre et tout peut devenir incontrôlable, et l’épaisse énergie nuageuse peut tout ralentir considérablement.",1
health_D_to_df_fire,intro,C’est un jour où les fondements de la santé sont complètement brisés et où toute activité est dangereuse.,1
health_D_to_df_fire,effect,Une instabilité sanitaire extrême peut créer une situation irréversible.,1
health_D_to_df_fire,action,Reposez-vous complètement aujourd'hui et consultez immédiatement un médecin si nécessaire.,1
health_D_to_df_fire,state,"Si vous perdez complètement l’équilibre, tout peut devenir incontrôlable et une forte énergie yang peut encourager les impulsions et vous conduire à des actions imprudentes.",1
health_D_to_df_water,intro,C’est un jour où les fondements de la santé sont complètement brisés et où toute activité est dangereuse.,1
health_D_to_df_water,effect,Une instabilité sanitaire extrême peut créer une situation irréversible.,1
health_D_to_df_water,action,Reposez-vous complètement aujourd'hui et consultez immédiatement un médecin si nécessaire.,1
health_D_to_df_water,state,"Vous pouvez complètement perdre l’équilibre et tout peut devenir incontrôlable, et la force des fortes pluies et de la neige peut tellement ébranler vos émotions qu’il devient difficile de les contrôler.",1
health_D_to_df_wood,intro,C’est un jour où les fondements de la santé sont complètement brisés et où toute activité est dangereuse.,1
health_D_to_df_wood,effect,Une instabilité sanitaire extrême peut créer une situation irréversible.,1
health_D_to_df_wood,action,Reposez-vous complètement aujourd'hui et consultez immédiatement un médecin si nécessaire.,1
health_D_to_df_wood,state,"Si vous perdez complètement l’équilibre, tout peut devenir incontrôlable et la violente énergie du changement peut fausser toutes vos prédictions.",1
health_D_to_ex_earth,intro,C’est un jour où les fondements de la santé sont complètement brisés et où toute activité est dangereuse.,1
health_D_to_ex_earth,effect,Une instabilité sanitaire extrême peut créer une situation irréversible.,1
health_D_to_ex_earth,action,Reposez-vous complètement aujourd'hui et consultez immédiatement un médecin si nécessaire.,1
health_D_to_ex_earth,state,"Le refus du changement peut aggraver une crise et rendre la reprise difficile, et une atmosphère épaisse et trouble peut tout ralentir considérablement.",1
health_D_to_ex_fire,intro,C’est un jour où les fondements de la santé sont complètement brisés et où toute activité est dangereuse.,1
health_D_to_ex_fire,effect,Une instabilité sanitaire extrême peut créer une situation irréversible.,1
health_D_to_ex_fire,action,Reposez-vous complètement aujourd'hui et consultez immédiatement un médecin si nécessaire.,1
health_D_to_ex_fire,state,"Le refus du changement peut aggraver la crise et rendre la reprise difficile, et une forte énergie positive peut encourager les impulsions et conduire à des actions imprudentes.",1
health_D_to_ex_water,intro,C’est un jour où les fondements de la santé sont complètement brisés et où toute activité est dangereuse.,1
health_D_to_ex_water,effect,Une instabilité sanitaire extrême peut créer une situation irréversible.,1
health_D_to_ex_water,action,Reposez-vous complètement aujourd'hui et consultez immédiatement un médecin si nécessaire.,1
health_D_to_ex_water,state,"Le refus du changement peut aggraver la crise et rendre la reprise difficile, et la force des fortes pluies et de la neige peut ébranler violemment les émotions, rendant le contrôle difficile.",1
health_D_to_ex_wood,intro,C’est un jour où les fondements de la santé sont complètement brisés et où toute activité est dangereuse.,1
health_D_to_ex_wood,effect,Une instabilité sanitaire extrême peut créer une situation irréversible.,1
health_D_to_ex_wood,action,Reposez-vous complètement aujourd'hui et consultez immédiatement un médecin si nécessaire.,1
health_D_to_ex_wood,state,"Le refus du changement peut aggraver une crise et rendre la reprise difficile, et l’énergie féroce du changement peut fausser toutes les prédictions.",1
