code,type,text,weight
overall_A,intro,Hoy es un día en el que tu energía se abre y puedes probar cualquier cosa con confianza.,1
overall_A,intro,Hoy es la mejor fortuna con buenas corrientes que se acumulan desde todas direcciones.,1
overall_A,effect,"Cuanto más proactivo seas, mayores serán los resultados y más brillará la cooperación.",1
overall_A,effect,Es probable que las cosas que empiece hoy le den buenos resultados en el futuro.,1
overall_A,action,"Si no lo dudes y das el primer paso, la suerte de hoy te apoyará con todas tus fuerzas.",1
overall_A,action,Hoy es el mejor día para iniciar un desafío importante que venías postergando.,1
overall_A_geum_df_earth,intro,Hoy es un día en el que todas tus fortunas están claras y en general te encuentras en las mejores condiciones.,1
overall_A_geum_df_earth,effect,Un fuerte aumento de la suerte general produce buenos resultados en todos los ámbitos.,1
overall_A_geum_df_earth,action,"Si toma medidas audaces hoy, los resultados superarán sus expectativas.",1
overall_A_geum_df_earth,state,"El juicio sereno aumenta la prudencia, lo que conduce a una percepción profunda, y la energía tranquila aumenta la prudencia, lo que conduce a buenos resultados.",1
overall_A_geum_df_fire,intro,Hoy es un día en el que todas tus fortunas están claras y en general te encuentras en las mejores condiciones.,1
overall_A_geum_df_fire,effect,Un fuerte aumento de la suerte general produce buenos resultados en todos los ámbitos.,1
overall_A_geum_df_fire,action,"Si toma medidas audaces hoy, los resultados superarán sus expectativas.",1
overall_A_geum_df_fire,state,"El juicio tranquilo aumenta la prudencia, conduce a una visión profunda y la energía clara aumenta la vitalidad y crea un buen flujo.",1
overall_A_geum_df_water,intro,Hoy es un día en el que todas tus fortunas están claras y en general te encuentras en las mejores condiciones.,1
overall_A_geum_df_water,effect,Un fuerte aumento de la suerte general produce buenos resultados en todos los ámbitos.,1
overall_A_geum_df_water,action,"Si toma medidas audaces hoy, los resultados superarán sus expectativas.",1
overall_A_geum_df_water,state,"El juicio tranquilo aumenta la prudencia y conduce a una visión profunda, y la energía húmeda refina profundamente la mente y abre una visión clara.",1
overall_A_geum_df_wood,intro,Hoy es un día en el que todas tus fortunas están claras y en general te encuentras en las mejores condiciones.,1
overall_A_geum_df_wood,effect,Un fuerte aumento de la suerte general produce buenos resultados en todos los ámbitos.,1
overall_A_geum_df_wood,action,"Si toma medidas audaces hoy, los resultados superarán sus expectativas.",1
overall_A_geum_df_wood,state,"El juicio sereno aumenta la prudencia, conduce a una visión profunda y la energía dinámica abre nuevas posibilidades.",1
overall_A_geum_ex_earth,intro,Hoy es un día en el que todas tus fortunas están claras y en general te encuentras en las mejores condiciones.,1
overall_A_geum_ex_earth,effect,Un fuerte aumento de la suerte general produce buenos resultados en todos los ámbitos.,1
overall_A_geum_ex_earth,action,"Si toma medidas audaces hoy, los resultados superarán sus expectativas.",1
overall_A_geum_ex_earth,state,"El juicio agudo penetra hasta lo más profundo y conduce a conclusiones claras, y la energía tranquila aumenta la prudencia y conduce a buenos resultados.",1
overall_A_geum_ex_fire,intro,Hoy es un día en el que todas tus fortunas están claras y en general te encuentras en las mejores condiciones.,1
overall_A_geum_ex_fire,effect,Un fuerte aumento de la suerte general produce buenos resultados en todos los ámbitos.,1
overall_A_geum_ex_fire,action,"Si toma medidas audaces hoy, los resultados superarán sus expectativas.",1
overall_A_geum_ex_fire,state,"El juicio agudo penetra el núcleo y saca conclusiones claras, y la energía clara aumenta la vitalidad y crea un buen flujo.",1
overall_A_geum_ex_water,intro,Hoy es un día en el que todas tus fortunas están claras y en general te encuentras en las mejores condiciones.,1
overall_A_geum_ex_water,effect,Un fuerte aumento de la suerte general produce buenos resultados en todos los ámbitos.,1
overall_A_geum_ex_water,action,"Si toma medidas audaces hoy, los resultados superarán sus expectativas.",1
overall_A_geum_ex_water,state,"El juicio agudo penetra el núcleo y saca conclusiones claras, y la energía húmeda refina profundamente la mente y abre una visión clara.",1
overall_A_geum_ex_wood,intro,Hoy es un día en el que todas tus fortunas están claras y en general te encuentras en las mejores condiciones.,1
overall_A_geum_ex_wood,effect,Un fuerte aumento de la suerte general produce buenos resultados en todos los ámbitos.,1
overall_A_geum_ex_wood,action,"Si toma medidas audaces hoy, los resultados superarán sus expectativas.",1
overall_A_geum_ex_wood,state,"El juicio agudo penetra hasta lo más profundo y saca conclusiones claras, y la energía dinámica abre nuevas posibilidades.",1
overall_A_hwa_df_earth,intro,Es un día luminoso con buena energía llegando de todas direcciones.,1
overall_A_hwa_df_earth,effect,Se maximiza la energía en todas direcciones y todo va bien.,1
overall_A_hwa_df_earth,action,Prueba hoy lo que más deseas hacer.,1
overall_A_hwa_df_earth,state,"Un yo interior tranquilo te da el poder de expresar plenamente tu sinceridad, y una energía tranquila aumenta la prudencia, lo que conduce a buenos resultados.",1
overall_A_hwa_df_fire,intro,Es un día luminoso con buena energía llegando de todas direcciones.,1
overall_A_hwa_df_fire,effect,Se maximiza la energía en todas direcciones y todo va bien.,1
overall_A_hwa_df_fire,action,Prueba hoy lo que más deseas hacer.,1
overall_A_hwa_df_fire,state,"Un yo interior tranquilo te da el poder de expresar plenamente tu sinceridad, y la energía clara aumenta tu vitalidad y crea un buen flujo.",1
overall_A_hwa_df_water,intro,Es un día luminoso con buena energía llegando de todas direcciones.,1
overall_A_hwa_df_water,effect,Se maximiza la energía en todas direcciones y todo va bien.,1
overall_A_hwa_df_water,action,Prueba hoy lo que más deseas hacer.,1
overall_A_hwa_df_water,state,"Un yo interior tranquilo te da el poder de expresar plenamente tus verdaderos sentimientos, y la energía húmeda refina profundamente tu mente y abre una visión clara.",1
overall_A_hwa_df_wood,intro,Es un día luminoso con buena energía llegando de todas direcciones.,1
overall_A_hwa_df_wood,effect,Se maximiza la energía en todas direcciones y todo va bien.,1
overall_A_hwa_df_wood,action,Prueba hoy lo que más deseas hacer.,1
overall_A_hwa_df_wood,state,Un yo interior tranquilo te da el poder de expresar plenamente tu sinceridad y la energía dinámica abre nuevas posibilidades.,1
overall_A_hwa_ex_earth,intro,Es un día luminoso con buena energía llegando de todas direcciones.,1
overall_A_hwa_ex_earth,effect,Se maximiza la energía en todas direcciones y todo va bien.,1
overall_A_hwa_ex_earth,action,Prueba hoy lo que más deseas hacer.,1
overall_A_hwa_ex_earth,state,"La pasión desbordante aumenta enormemente el impulso y crea un buen flujo, y la energía tranquila aumenta la prudencia, lo que conduce a buenos resultados.",1
overall_A_hwa_ex_fire,intro,Es un día luminoso con buena energía llegando de todas direcciones.,1
overall_A_hwa_ex_fire,effect,Se maximiza la energía en todas direcciones y todo va bien.,1
overall_A_hwa_ex_fire,action,Prueba hoy lo que más deseas hacer.,1
overall_A_hwa_ex_fire,state,"La pasión desbordante aumenta enormemente la fuerza motriz y crea un buen flujo, y la energía clara aumenta la vitalidad y crea un buen flujo.",1
overall_A_hwa_ex_water,intro,Es un día luminoso con buena energía llegando de todas direcciones.,1
overall_A_hwa_ex_water,effect,Se maximiza la energía en todas direcciones y todo va bien.,1
overall_A_hwa_ex_water,action,Prueba hoy lo que más deseas hacer.,1
overall_A_hwa_ex_water,state,"La pasión desbordante aumenta enormemente la fuerza motriz y crea un buen flujo, y la energía húmeda refina profundamente la mente y abre una visión clara.",1
overall_A_hwa_ex_wood,intro,Es un día luminoso con buena energía llegando de todas direcciones.,1
overall_A_hwa_ex_wood,effect,Se maximiza la energía en todas direcciones y todo va bien.,1
overall_A_hwa_ex_wood,action,Prueba hoy lo que más deseas hacer.,1
overall_A_hwa_ex_wood,state,"La pasión desbordante aumenta enormemente la fuerza motriz, creando un buen flujo y la energía dinámica abre nuevas posibilidades.",1
overall_A_mok_df_earth,intro,Este es un día en el que el horóscopo general está lleno de energía de crecimiento y oportunidades de desarrollo.,1
overall_A_mok_df_earth,effect,La energía de crecimiento integral crea oportunidades en todos los campos.,1
overall_A_mok_df_earth,action,"Si asume activamente nuevos desafíos, obtendrá buenos resultados.",1
overall_A_mok_df_earth,state,"En realidad, un enfoque cauteloso crea un comienzo sólido, y una energía tranquila aumenta la prudencia, lo que conduce a buenos resultados.",1
overall_A_mok_df_fire,intro,Este es un día en el que el horóscopo general está lleno de energía de crecimiento y oportunidades de desarrollo.,1
overall_A_mok_df_fire,effect,La energía de crecimiento integral crea oportunidades en todos los campos.,1
overall_A_mok_df_fire,action,"Si asume activamente nuevos desafíos, obtendrá buenos resultados.",1
overall_A_mok_df_fire,state,"En realidad, un enfoque cauteloso crea un comienzo sólido, y la energía clara aumenta la vitalidad y crea un buen flujo.",1
overall_A_mok_df_water,intro,Este es un día en el que el horóscopo general está lleno de energía de crecimiento y oportunidades de desarrollo.,1
overall_A_mok_df_water,effect,La energía de crecimiento integral crea oportunidades en todos los campos.,1
overall_A_mok_df_water,action,"Si asume activamente nuevos desafíos, obtendrá buenos resultados.",1
overall_A_mok_df_water,state,"En realidad, un enfoque cauteloso crea un comienzo sólido, y la energía húmeda refina profundamente la mente y abre una visión clara.",1
overall_A_mok_df_wood,intro,Este es un día en el que el horóscopo general está lleno de energía de crecimiento y oportunidades de desarrollo.,1
overall_A_mok_df_wood,effect,La energía de crecimiento integral crea oportunidades en todos los campos.,1
overall_A_mok_df_wood,action,"Si asume activamente nuevos desafíos, obtendrá buenos resultados.",1
overall_A_mok_df_wood,state,Un enfoque cauteloso crea un comienzo sólido y la energía dinámica abre nuevas posibilidades.,1
overall_A_mok_ex_earth,intro,Este es un día en el que el horóscopo general está lleno de energía de crecimiento y oportunidades de desarrollo.,1
overall_A_mok_ex_earth,effect,La energía de crecimiento integral crea oportunidades en todos los campos.,1
overall_A_mok_ex_earth,action,"Si asume activamente nuevos desafíos, obtendrá buenos resultados.",1
overall_A_mok_ex_earth,state,Una voluntad fuerte abre activamente nuevas oportunidades y una energía tranquila aumenta la prudencia y conduce a buenos resultados.,1
overall_A_mok_ex_fire,intro,Este es un día en el que el horóscopo general está lleno de energía de crecimiento y oportunidades de desarrollo.,1
overall_A_mok_ex_fire,effect,La energía de crecimiento integral crea oportunidades en todos los campos.,1
overall_A_mok_ex_fire,action,"Si asume activamente nuevos desafíos, obtendrá buenos resultados.",1
overall_A_mok_ex_fire,state,Una voluntad fuerte abre activamente nuevas oportunidades y la energía clara aumenta la vitalidad y crea un buen flujo.,1
overall_A_mok_ex_water,intro,Este es un día en el que el horóscopo general está lleno de energía de crecimiento y oportunidades de desarrollo.,1
overall_A_mok_ex_water,effect,La energía de crecimiento integral crea oportunidades en todos los campos.,1
overall_A_mok_ex_water,action,"Si asume activamente nuevos desafíos, obtendrá buenos resultados.",1
overall_A_mok_ex_water,state,Una voluntad fuerte abre activamente nuevas oportunidades y la energía húmeda refina profundamente la mente y abre una visión clara.,1
overall_A_mok_ex_wood,intro,Este es un día en el que el horóscopo general está lleno de energía de crecimiento y oportunidades de desarrollo.,1
overall_A_mok_ex_wood,effect,La energía de crecimiento integral crea oportunidades en todos los campos.,1
overall_A_mok_ex_wood,action,"Si asume activamente nuevos desafíos, obtendrá buenos resultados.",1
overall_A_mok_ex_wood,state,Una voluntad fuerte abre activamente nuevas oportunidades y una energía dinámica abre nuevas posibilidades.,1
overall_A_su_df_earth,intro,"Todo fluye naturalmente, haciendo que todo el día sea fluido.",1
overall_A_su_df_earth,effect,El flujo ininterrumpido de la fortuna hace que todos tus esfuerzos fructifiquen.,1
overall_A_su_df_earth,action,"Si sigues la corriente y te mueves con naturalidad, obtendrás los resultados que deseas.",1
overall_A_su_df_earth,state,"Un centro sólido te ayuda a mantener tu dirección sin vacilar, y una energía tranquila aumenta la prudencia, lo que conduce a buenos resultados.",1
overall_A_su_df_fire,intro,"Todo fluye naturalmente, haciendo que todo el día sea fluido.",1
overall_A_su_df_fire,effect,El flujo ininterrumpido de la fortuna hace que todos tus esfuerzos fructifiquen.,1
overall_A_su_df_fire,action,"Si sigues la corriente y te mueves con naturalidad, obtendrás los resultados que deseas.",1
overall_A_su_df_fire,state,"Un centro sólido te mantiene en la dirección correcta sin vacilar, y la energía clara aumenta tu vitalidad y crea un buen flujo.",1
overall_A_su_df_water,intro,"Todo fluye naturalmente, haciendo que todo el día sea fluido.",1
overall_A_su_df_water,effect,El flujo ininterrumpido de la fortuna hace que todos tus esfuerzos fructifiquen.,1
overall_A_su_df_water,action,"Si sigues la corriente y te mueves con naturalidad, obtendrás los resultados que deseas.",1
overall_A_su_df_water,state,"Un centro sólido te ayuda a mantener tu dirección sin vacilar, y la energía húmeda refina profundamente tu mente y abre una visión clara.",1
overall_A_su_df_wood,intro,"Todo fluye naturalmente, haciendo que todo el día sea fluido.",1
overall_A_su_df_wood,effect,El flujo ininterrumpido de la fortuna hace que todos tus esfuerzos fructifiquen.,1
overall_A_su_df_wood,action,"Si sigues la corriente y te mueves con naturalidad, obtendrás los resultados que deseas.",1
overall_A_su_df_wood,state,Un centro sólido mantiene la dirección sin vacilar y la energía dinámica abre nuevas posibilidades.,1
overall_A_su_ex_earth,intro,"Todo fluye naturalmente, haciendo que todo el día sea fluido.",1
overall_A_su_ex_earth,effect,El flujo ininterrumpido de la fortuna hace que todos tus esfuerzos fructifiquen.,1
overall_A_su_ex_earth,action,"Si sigues la corriente y te mueves con naturalidad, obtendrás los resultados que deseas.",1
overall_A_su_ex_earth,state,"La rica sensibilidad conduce a una visión profunda y ayuda al buen juicio, y la energía tranquila aumenta la prudencia, lo que conduce a buenos resultados.",1
overall_A_su_ex_fire,intro,"Todo fluye naturalmente, haciendo que todo el día sea fluido.",1
overall_A_su_ex_fire,effect,El flujo ininterrumpido de la fortuna hace que todos tus esfuerzos fructifiquen.,1
overall_A_su_ex_fire,action,"Si sigues la corriente y te mueves con naturalidad, obtendrás los resultados que deseas.",1
overall_A_su_ex_fire,state,"La rica sensibilidad conduce a una visión profunda y ayuda a tomar buenas decisiones, y la energía clara aumenta la vitalidad y crea un buen flujo.",1
overall_A_su_ex_water,intro,"Todo fluye naturalmente, haciendo que todo el día sea fluido.",1
overall_A_su_ex_water,effect,El flujo ininterrumpido de la fortuna hace que todos tus esfuerzos fructifiquen.,1
overall_A_su_ex_water,action,"Si sigues la corriente y te mueves con naturalidad, obtendrás los resultados que deseas.",1
overall_A_su_ex_water,state,"La rica sensibilidad conduce a una visión profunda y ayuda al buen juicio, y la energía húmeda refina profundamente la mente y abre una visión clara.",1
overall_A_su_ex_wood,intro,"Todo fluye naturalmente, haciendo que todo el día sea fluido.",1
overall_A_su_ex_wood,effect,El flujo ininterrumpido de la fortuna hace que todos tus esfuerzos fructifiquen.,1
overall_A_su_ex_wood,action,"Si sigues la corriente y te mueves con naturalidad, obtendrás los resultados que deseas.",1
overall_A_su_ex_wood,state,"La rica sensibilidad conduce a una visión profunda y ayuda a tomar buenas decisiones, y la energía dinámica abre nuevas posibilidades.",1
overall_A_to_df_earth,intro,Es un día tranquilo y estable con una energía calmante general que se desborda durante todo el día.,1
overall_A_to_df_earth,effect,Una sólida base financiera general garantiza un desempeño estable en todos los campos.,1
overall_A_to_df_earth,action,"Si actúa con cuidado y constancia, logrará resultados tangibles.",1
overall_A_to_df_earth,state,"Una actitud flexible te permite aceptar con naturalidad las nuevas tendencias, y una energía tranquila aumenta la prudencia, lo que conduce a buenos resultados.",1
overall_A_to_df_fire,intro,Es un día tranquilo y estable con una energía calmante general que se desborda durante todo el día.,1
overall_A_to_df_fire,effect,Una sólida base financiera general garantiza un desempeño estable en todos los campos.,1
overall_A_to_df_fire,action,"Si actúa con cuidado y constancia, logrará resultados tangibles.",1
overall_A_to_df_fire,state,"Una actitud flexible le permite aceptar naturalmente las nuevas tendencias, y la energía clara aumenta la vitalidad y crea un buen flujo.",1
overall_A_to_df_water,intro,Es un día tranquilo y estable con una energía calmante general que se desborda durante todo el día.,1
overall_A_to_df_water,effect,Una sólida base financiera general garantiza un desempeño estable en todos los campos.,1
overall_A_to_df_water,action,"Si actúa con cuidado y constancia, logrará resultados tangibles.",1
overall_A_to_df_water,state,"Una actitud flexible le permite aceptar naturalmente las nuevas tendencias, y la energía húmeda refina profundamente su mente y abre una visión clara.",1
overall_A_to_df_wood,intro,Es un día tranquilo y estable con una energía calmante general que se desborda durante todo el día.,1
overall_A_to_df_wood,effect,Una sólida base financiera general garantiza un desempeño estable en todos los campos.,1
overall_A_to_df_wood,action,"Si actúa con cuidado y constancia, logrará resultados tangibles.",1
overall_A_to_df_wood,state,Una actitud flexible te permite aceptar naturalmente nuevas tendencias y una energía dinámica abre nuevas posibilidades.,1
overall_A_to_ex_earth,intro,Es un día tranquilo y estable con una energía calmante general que se desborda durante todo el día.,1
overall_A_to_ex_earth,effect,Una sólida base financiera general garantiza un desempeño estable en todos los campos.,1
overall_A_to_ex_earth,action,"Si actúa con cuidado y constancia, logrará resultados tangibles.",1
overall_A_to_ex_earth,state,"Un fuerte sentido de estabilidad se convierte en una base sólida para todo, y una energía tranquila aumenta la prudencia, lo que conduce a buenos resultados.",1
overall_A_to_ex_fire,intro,Es un día tranquilo y estable con una energía calmante general que se desborda durante todo el día.,1
overall_A_to_ex_fire,effect,Una sólida base financiera general garantiza un desempeño estable en todos los campos.,1
overall_A_to_ex_fire,action,"Si actúa con cuidado y constancia, logrará resultados tangibles.",1
overall_A_to_ex_fire,state,"Una fuerte sensación de estabilidad se convierte en una base sólida para todo, y la energía clara aumenta la vitalidad y crea un buen flujo.",1
overall_A_to_ex_water,intro,Es un día tranquilo y estable con una energía calmante general que se desborda durante todo el día.,1
overall_A_to_ex_water,effect,Una sólida base financiera general garantiza un desempeño estable en todos los campos.,1
overall_A_to_ex_water,action,"Si actúa con cuidado y constancia, logrará resultados tangibles.",1
overall_A_to_ex_water,state,"Una fuerte sensación de estabilidad se convierte en una base sólida para todo, y la energía húmeda refina profundamente la mente y abre una visión clara.",1
overall_A_to_ex_wood,intro,Es un día tranquilo y estable con una energía calmante general que se desborda durante todo el día.,1
overall_A_to_ex_wood,effect,Una sólida base financiera general garantiza un desempeño estable en todos los campos.,1
overall_A_to_ex_wood,action,"Si actúa con cuidado y constancia, logrará resultados tangibles.",1
overall_A_to_ex_wood,state,Una fuerte sensación de estabilidad proporciona una base sólida para todo y la energía dinámica abre nuevas posibilidades.,1
overall_B,intro,"Hoy, la primera mitad del día transcurre tranquilamente y hay buen flujo.",1
overall_B,intro,"Hoy tu energía permanecerá estable, lo que te permitirá dedicarte con calma a las cosas que deseas hacer.",1
overall_B,effect,"Si prestas un poco más de atención, existe la posibilidad de que obtengas resultados que superen tus expectativas.",1
overall_B,effect,Las tendencias grandes y pequeñas suelen funcionar a tu favor.,1
overall_B,action,La eficiencia aumentará si abordas primero las tareas más importantes cuando tengas buena energía hoy.,1
overall_B,action,"Como estás más motivado de lo habitual, intenta concentrarte en resolver una por una las tareas que has ido posponiendo.",1
overall_B_geum_df_earth,intro,El horóscopo general es bueno y la mayor parte del día transcurre sin problemas.,1
overall_B_geum_df_earth,effect,La suerte general estable respalda los buenos resultados en actividades clave.,1
overall_B_geum_df_earth,action,Concéntrese en actividades importantes y genere resultados estables.,1
overall_B_geum_df_earth,state,"Incluso si su determinación se vuelve algo aburrida, el flujo de la vida diaria continúa sin problemas y la energía turbia se suma a la atmósfera tranquila, creando una sensación de tranquilidad.",1
overall_B_geum_df_fire,intro,El horóscopo general es bueno y la mayor parte del día transcurre sin problemas.,1
overall_B_geum_df_fire,effect,La suerte general estable respalda los buenos resultados en actividades clave.,1
overall_B_geum_df_fire,action,Concéntrese en actividades importantes y genere resultados estables.,1
overall_B_geum_df_fire,state,"Incluso si tu determinación se vuelve algo aburrida, el flujo de tu vida diaria continúa sin problemas y la energía clara añade vitalidad luminosa, creando un flujo fluido.",1
overall_B_geum_df_water,intro,El horóscopo general es bueno y la mayor parte del día transcurre sin problemas.,1
overall_B_geum_df_water,effect,La suerte general estable respalda los buenos resultados en actividades clave.,1
overall_B_geum_df_water,action,Concéntrese en actividades importantes y genere resultados estables.,1
overall_B_geum_df_water,state,"Incluso si tu determinación se vuelve algo aburrida, el flujo de tu vida diaria continúa sin problemas y la energía húmeda añade una sensación de calma y persistencia a tus emociones.",1
overall_B_geum_df_wood,intro,El horóscopo general es bueno y la mayor parte del día transcurre sin problemas.,1
overall_B_geum_df_wood,effect,La suerte general estable respalda los buenos resultados en actividades clave.,1
overall_B_geum_df_wood,action,Concéntrese en actividades importantes y genere resultados estables.,1
overall_B_geum_df_wood,state,"Incluso si su determinación se vuelve algo aburrida, el flujo de la vida diaria continúa sin problemas y la ligera energía del cambio añade el estímulo adecuado.",1
overall_B_geum_ex_earth,intro,El horóscopo general es bueno y la mayor parte del día transcurre sin problemas.,1
overall_B_geum_ex_earth,effect,La suerte general estable respalda los buenos resultados en actividades clave.,1
overall_B_geum_ex_earth,action,Concéntrese en actividades importantes y genere resultados estables.,1
overall_B_geum_ex_earth,state,"El juicio analítico fluye naturalmente al ritmo habitual, y la energía turbia se suma a la atmósfera tranquila, creando una sensación de tranquilidad.",1
overall_B_geum_ex_fire,intro,El horóscopo general es bueno y la mayor parte del día transcurre sin problemas.,1
overall_B_geum_ex_fire,effect,La suerte general estable respalda los buenos resultados en actividades clave.,1
overall_B_geum_ex_fire,action,Concéntrese en actividades importantes y genere resultados estables.,1
overall_B_geum_ex_fire,state,"El juicio analítico sigue naturalmente el ritmo habitual y la energía clara añade vitalidad ligera, creando un flujo suave.",1
overall_B_geum_ex_water,intro,El horóscopo general es bueno y la mayor parte del día transcurre sin problemas.,1
overall_B_geum_ex_water,effect,La suerte general estable respalda los buenos resultados en actividades clave.,1
overall_B_geum_ex_water,action,Concéntrese en actividades importantes y genere resultados estables.,1
overall_B_geum_ex_water,state,El juicio analítico fluye naturalmente a su ritmo habitual y la energía húmeda añade una sensación de calma y persistencia a sus emociones.,1
overall_B_geum_ex_wood,intro,El horóscopo general es bueno y la mayor parte del día transcurre sin problemas.,1
overall_B_geum_ex_wood,effect,La suerte general estable respalda los buenos resultados en actividades clave.,1
overall_B_geum_ex_wood,action,Concéntrese en actividades importantes y genere resultados estables.,1
overall_B_geum_ex_wood,state,El juicio analítico sigue naturalmente el ritmo habitual y la ligera energía del cambio añade el estímulo adecuado.,1
overall_B_hwa_df_earth,intro,Es un buen día para estar motivado ya que su energía general se mantiene por encima del promedio.,1
overall_B_hwa_df_earth,effect,Una energía suficiente produce resultados equilibrados en varios campos.,1
overall_B_hwa_df_earth,action,"Cuando esté lleno de energía, aborde primero las tareas más importantes.",1
overall_B_hwa_df_earth,state,"Aunque las expresiones son moderadas, la estabilidad de la relación se mantiene fácilmente y la energía turbia contribuye a la atmósfera tranquila, lo que lleva a una sensación de tranquilidad.",1
overall_B_hwa_df_fire,intro,Es un buen día para estar motivado ya que su energía general se mantiene por encima del promedio.,1
overall_B_hwa_df_fire,effect,Una energía suficiente produce resultados equilibrados en varios campos.,1
overall_B_hwa_df_fire,action,"Cuando esté lleno de energía, aborde primero las tareas más importantes.",1
overall_B_hwa_df_fire,state,"Incluso si las expresiones son restringidas, la estabilidad de la relación se mantiene fácilmente y la energía clara añade vitalidad ligera, creando un flujo suave.",1
overall_B_hwa_df_water,intro,Es un buen día para estar motivado ya que su energía general se mantiene por encima del promedio.,1
overall_B_hwa_df_water,effect,Una energía suficiente produce resultados equilibrados en varios campos.,1
overall_B_hwa_df_water,action,"Cuando esté lleno de energía, aborde primero las tareas más importantes.",1
overall_B_hwa_df_water,state,"Incluso si las expresiones son restringidas, la estabilidad de la relación se mantiene fácilmente y la energía húmeda añade un sentimiento de calma y persistencia a las emociones.",1
overall_B_hwa_df_wood,intro,Es un buen día para estar motivado ya que su energía general se mantiene por encima del promedio.,1
overall_B_hwa_df_wood,effect,Una energía suficiente produce resultados equilibrados en varios campos.,1
overall_B_hwa_df_wood,action,"Cuando esté lleno de energía, aborde primero las tareas más importantes.",1
overall_B_hwa_df_wood,state,"Incluso si las expresiones son restringidas, la estabilidad de la relación se mantiene fácilmente y la ligera energía del cambio añade el estímulo apropiado.",1
overall_B_hwa_ex_earth,intro,Es un buen día para estar motivado ya que su energía general se mantiene por encima del promedio.,1
overall_B_hwa_ex_earth,effect,Una energía suficiente produce resultados equilibrados en varios campos.,1
overall_B_hwa_ex_earth,action,"Cuando esté lleno de energía, aborde primero las tareas más importantes.",1
overall_B_hwa_ex_earth,state,"La pasión está viva, pero también se mantiene el equilibrio, lo que conduce a un día estable, y la energía turbia añade una atmósfera tranquila, lo que lleva a la serenidad.",1
overall_B_hwa_ex_fire,intro,Es un buen día para estar motivado ya que su energía general se mantiene por encima del promedio.,1
overall_B_hwa_ex_fire,effect,Una energía suficiente produce resultados equilibrados en varios campos.,1
overall_B_hwa_ex_fire,action,"Cuando esté lleno de energía, aborde primero las tareas más importantes.",1
overall_B_hwa_ex_fire,state,"La pasión permanece viva y se mantiene el equilibrio, lo que conduce a un día estable, y la energía clara añade vitalidad ligera, creando un flujo suave.",1
overall_B_hwa_ex_water,intro,Es un buen día para estar motivado ya que su energía general se mantiene por encima del promedio.,1
overall_B_hwa_ex_water,effect,Una energía suficiente produce resultados equilibrados en varios campos.,1
overall_B_hwa_ex_water,action,"Cuando esté lleno de energía, aborde primero las tareas más importantes.",1
overall_B_hwa_ex_water,state,"La pasión permanece viva y se mantiene el equilibrio, lo que conduce a un día estable, y la energía húmeda añade una sensación de calma y persistencia a las emociones.",1
overall_B_hwa_ex_wood,intro,Es un buen día para estar motivado ya que su energía general se mantiene por encima del promedio.,1
overall_B_hwa_ex_wood,effect,Una energía suficiente produce resultados equilibrados en varios campos.,1
overall_B_hwa_ex_wood,action,"Cuando esté lleno de energía, aborde primero las tareas más importantes.",1
overall_B_hwa_ex_wood,state,"La pasión está viva y equilibrada, lo que conduce a un día estable, y la ligera energía del cambio añade la estimulación adecuada.",1
overall_B_mok_df_earth,intro,Es un día en el que opera activamente la energía del crecimiento integral y se produce el desarrollo general.,1
overall_B_mok_df_earth,effect,"La energía del crecimiento está operando en varios campos, lo que lleva a una tendencia general al alza.",1
overall_B_mok_df_earth,action,Continúe su progreso aprovechando activamente las oportunidades de crecimiento.,1
overall_B_mok_df_earth,state,"Incluso si eres cauteloso al probar cosas nuevas, tu vida diaria fluye de manera constante y la energía turbia contribuye a la atmósfera tranquila, lo que genera una sensación de tranquilidad.",1
overall_B_mok_df_fire,intro,Es un día en el que opera activamente la energía del crecimiento integral y se produce el desarrollo general.,1
overall_B_mok_df_fire,effect,"La energía del crecimiento está operando en varios campos, lo que lleva a una tendencia general al alza.",1
overall_B_mok_df_fire,action,Continúe su progreso aprovechando activamente las oportunidades de crecimiento.,1
overall_B_mok_df_fire,state,"Incluso si eres cauteloso al probar cosas nuevas, tu vida diaria fluye de manera constante y la energía clara añade vitalidad luminosa, creando un flujo suave.",1
overall_B_mok_df_water,intro,Es un día en el que opera activamente la energía del crecimiento integral y se produce el desarrollo general.,1
overall_B_mok_df_water,effect,"La energía del crecimiento está operando en varios campos, lo que lleva a una tendencia general al alza.",1
overall_B_mok_df_water,action,Continúe su progreso aprovechando activamente las oportunidades de crecimiento.,1
overall_B_mok_df_water,state,"Incluso si eres cauteloso a la hora de probar cosas nuevas, tu vida diaria fluye de manera constante y la energía húmeda añade una sensación de calma y persistencia a tus emociones.",1
overall_B_mok_df_wood,intro,Es un día en el que opera activamente la energía del crecimiento integral y se produce el desarrollo general.,1
overall_B_mok_df_wood,effect,"La energía del crecimiento está operando en varios campos, lo que lleva a una tendencia general al alza.",1
overall_B_mok_df_wood,action,Continúe su progreso aprovechando activamente las oportunidades de crecimiento.,1
overall_B_mok_df_wood,state,"Incluso si eres cauteloso a la hora de probar cosas nuevas, tu vida diaria fluye de manera constante y la ligera energía del cambio añade el estímulo adecuado.",1
overall_B_mok_ex_earth,intro,Es un día en el que opera activamente la energía del crecimiento integral y se produce el desarrollo general.,1
overall_B_mok_ex_earth,effect,"La energía del crecimiento está operando en varios campos, lo que lleva a una tendencia general al alza.",1
overall_B_mok_ex_earth,action,Continúe su progreso aprovechando activamente las oportunidades de crecimiento.,1
overall_B_mok_ex_earth,state,"La motivación constante hace que el progreso avance paso a paso, y la energía turbia se suma a la atmósfera de calma, lo que lleva a la tranquilidad.",1
overall_B_mok_ex_fire,intro,Es un día en el que opera activamente la energía del crecimiento integral y se produce el desarrollo general.,1
overall_B_mok_ex_fire,effect,"La energía del crecimiento está operando en varios campos, lo que lleva a una tendencia general al alza.",1
overall_B_mok_ex_fire,action,Continúe su progreso aprovechando activamente las oportunidades de crecimiento.,1
overall_B_mok_ex_fire,state,"La motivación constante hace que el progreso avance paso a paso, y la energía clara añade vitalidad ligera, creando un flujo suave.",1
overall_B_mok_ex_water,intro,Es un día en el que opera activamente la energía del crecimiento integral y se produce el desarrollo general.,1
overall_B_mok_ex_water,effect,"La energía del crecimiento está operando en varios campos, lo que lleva a una tendencia general al alza.",1
overall_B_mok_ex_water,action,Continúe su progreso aprovechando activamente las oportunidades de crecimiento.,1
overall_B_mok_ex_water,state,"La motivación constante hace que el progreso avance paso a paso, y la energía húmeda añade una sensación de calma y persistencia a las emociones.",1
overall_B_mok_ex_wood,intro,Es un día en el que opera activamente la energía del crecimiento integral y se produce el desarrollo general.,1
overall_B_mok_ex_wood,effect,"La energía del crecimiento está operando en varios campos, lo que lleva a una tendencia general al alza.",1
overall_B_mok_ex_wood,action,Continúe su progreso aprovechando activamente las oportunidades de crecimiento.,1
overall_B_mok_ex_wood,state,"La motivación constante hace que el progreso normal sea paso a paso, y la débil energía del cambio añade el estímulo apropiado.",1
overall_B_su_df_earth,intro,"El flujo general es constante, lo que hace que el día sea igualmente bueno.",1
overall_B_su_df_earth,effect,Un flujo fluido conecta todas las actividades sin problemas.,1
overall_B_su_df_earth,action,"Si sigues la corriente y te mueves según el plan, podrás lograr los resultados que deseas.",1
overall_B_su_df_earth,state,"Aunque falta algo de flexibilidad, el ritmo básico se mantiene sin dificultad y la energía turbia añade una atmósfera tranquila, lo que lleva a una sensación de tranquilidad.",1
overall_B_su_df_fire,intro,"El flujo general es constante, lo que hace que el día sea igualmente bueno.",1
overall_B_su_df_fire,effect,Un flujo fluido conecta todas las actividades sin problemas.,1
overall_B_su_df_fire,action,"Si sigues la corriente y te mueves según el plan, podrás lograr los resultados que deseas.",1
overall_B_su_df_fire,state,"Aunque falta algo de flexibilidad, el ritmo básico se mantiene sin dificultad y la energía clara añade vitalidad ligera, creando un flujo suave.",1
overall_B_su_df_water,intro,"El flujo general es constante, lo que hace que el día sea igualmente bueno.",1
overall_B_su_df_water,effect,Un flujo fluido conecta todas las actividades sin problemas.,1
overall_B_su_df_water,action,"Si sigues la corriente y te mueves según el plan, podrás lograr los resultados que deseas.",1
overall_B_su_df_water,state,"Aunque carece de flexibilidad, el ritmo básico se mantiene sin dificultad y la energía húmeda añade una sensación de calma y persistencia a las emociones.",1
overall_B_su_df_wood,intro,"El flujo general es constante, lo que hace que el día sea igualmente bueno.",1
overall_B_su_df_wood,effect,Un flujo fluido conecta todas las actividades sin problemas.,1
overall_B_su_df_wood,action,"Si sigues la corriente y te mueves según el plan, podrás lograr los resultados que deseas.",1
overall_B_su_df_wood,state,"Aunque falta algo de flexibilidad, el ritmo básico se mantiene sin dificultad y la ligera energía del cambio añade la estimulación adecuada.",1
overall_B_su_ex_earth,intro,"El flujo general es constante, lo que hace que el día sea igualmente bueno.",1
overall_B_su_ex_earth,effect,Un flujo fluido conecta todas las actividades sin problemas.,1
overall_B_su_ex_earth,action,"Si sigues la corriente y te mueves según el plan, podrás lograr los resultados que deseas.",1
overall_B_su_ex_earth,state,"El día está lleno de emociones, lo que lo convierte en un día más atento de lo habitual, y la energía nublada añade una atmósfera tranquila, lo que lleva a una sensación de tranquilidad.",1
overall_B_su_ex_fire,intro,"El flujo general es constante, lo que hace que el día sea igualmente bueno.",1
overall_B_su_ex_fire,effect,Un flujo fluido conecta todas las actividades sin problemas.,1
overall_B_su_ex_fire,action,"Si sigues la corriente y te mueves según el plan, podrás lograr los resultados que deseas.",1
overall_B_su_ex_fire,state,"El día es rico en emociones, lo que lo convierte en un día más atento de lo habitual, y la energía clara añade vitalidad luminosa, creando un flujo suave.",1
overall_B_su_ex_water,intro,"El flujo general es constante, lo que hace que el día sea igualmente bueno.",1
overall_B_su_ex_water,effect,Un flujo fluido conecta todas las actividades sin problemas.,1
overall_B_su_ex_water,action,"Si sigues la corriente y te mueves según el plan, podrás lograr los resultados que deseas.",1
overall_B_su_ex_water,state,"El día está lleno de emociones, lo que te hace estar más atento de lo habitual, y la energía húmeda añade un regusto calmante a tus emociones.",1
overall_B_su_ex_wood,intro,"El flujo general es constante, lo que hace que el día sea igualmente bueno.",1
overall_B_su_ex_wood,effect,Un flujo fluido conecta todas las actividades sin problemas.,1
overall_B_su_ex_wood,action,"Si sigues la corriente y te mueves según el plan, podrás lograr los resultados que deseas.",1
overall_B_su_ex_wood,state,"El día está lleno de emociones, lo que lo convierte en un día más atento de lo habitual, y la ligera energía del cambio añade la estimulación adecuada.",1
overall_B_to_df_earth,intro,Es un día en el que se mantiene la estabilidad general y podrás pasar el día con tranquilidad.,1
overall_B_to_df_earth,effect,La suerte general estable reduce los errores innecesarios y aumenta el rendimiento.,1
overall_B_to_df_earth,action,Mantenga su sensación actual de estabilidad y avance de manera constante.,1
overall_B_to_df_earth,state,"Incluso si el centro de gravedad está un poco sacudido, el equilibrio de la vida diaria se mantiene sin muchos problemas, y la energía turbia contribuye a la atmósfera tranquila, lo que lleva a una sensación de tranquilidad.",1
overall_B_to_df_fire,intro,Es un día en el que se mantiene la estabilidad general y podrás pasar el día con tranquilidad.,1
overall_B_to_df_fire,effect,La suerte general estable reduce los errores innecesarios y aumenta el rendimiento.,1
overall_B_to_df_fire,action,Mantenga su sensación actual de estabilidad y avance de manera constante.,1
overall_B_to_df_fire,state,"Incluso si el centro de gravedad se sacude un poco, el equilibrio de la vida diaria se mantiene sin muchos problemas y la energía clara añade vitalidad luminosa, creando un flujo suave.",1
overall_B_to_df_water,intro,Es un día en el que se mantiene la estabilidad general y podrás pasar el día con tranquilidad.,1
overall_B_to_df_water,effect,La suerte general estable reduce los errores innecesarios y aumenta el rendimiento.,1
overall_B_to_df_water,action,Mantenga su sensación actual de estabilidad y avance de manera constante.,1
overall_B_to_df_water,state,"Incluso si su centro de gravedad está algo sacudido, el equilibrio de su vida diaria se mantiene sin muchos problemas y la energía húmeda añade una sensación de calma y persistencia a sus emociones.",1
overall_B_to_df_wood,intro,Es un día en el que se mantiene la estabilidad general y podrás pasar el día con tranquilidad.,1
overall_B_to_df_wood,effect,La suerte general estable reduce los errores innecesarios y aumenta el rendimiento.,1
overall_B_to_df_wood,action,Mantenga su sensación actual de estabilidad y avance de manera constante.,1
overall_B_to_df_wood,state,"Incluso si el centro está algo sacudido, el equilibrio de la vida diaria se mantiene sin muchos problemas, y la ligera energía del cambio añade el estímulo apropiado.",1
overall_B_to_ex_earth,intro,Es un día en el que se mantiene la estabilidad general y podrás pasar el día con tranquilidad.,1
overall_B_to_ex_earth,effect,La suerte general estable reduce los errores innecesarios y aumenta el rendimiento.,1
overall_B_to_ex_earth,action,Mantenga su sensación actual de estabilidad y avance de manera constante.,1
overall_B_to_ex_earth,state,"Tiene una fuerte tendencia hacia la estabilidad, por lo que continúa en un día tranquilo sin ningún problema, y la energía nublada se suma a la atmósfera tranquila, lo que lleva a la serenidad.",1
overall_B_to_ex_fire,intro,Es un día en el que se mantiene la estabilidad general y podrás pasar el día con tranquilidad.,1
overall_B_to_ex_fire,effect,La suerte general estable reduce los errores innecesarios y aumenta el rendimiento.,1
overall_B_to_ex_fire,action,Mantenga su sensación actual de estabilidad y avance de manera constante.,1
overall_B_to_ex_fire,state,"Tiene una fuerte tendencia hacia la estabilidad, por lo que continúa suavemente en un día tranquilo, y la energía clara añade vitalidad luminosa, creando un flujo suave.",1
overall_B_to_ex_water,intro,Es un día en el que se mantiene la estabilidad general y podrás pasar el día con tranquilidad.,1
overall_B_to_ex_water,effect,La suerte general estable reduce los errores innecesarios y aumenta el rendimiento.,1
overall_B_to_ex_water,action,Mantenga su sensación actual de estabilidad y avance de manera constante.,1
overall_B_to_ex_water,state,"Tiene una fuerte naturaleza orientada a la estabilidad, por lo que puede conducir fácilmente a un día tranquilo, y la energía húmeda añade un regusto calmante a las emociones.",1
overall_B_to_ex_wood,intro,Es un día en el que se mantiene la estabilidad general y podrás pasar el día con tranquilidad.,1
overall_B_to_ex_wood,effect,La suerte general estable reduce los errores innecesarios y aumenta el rendimiento.,1
overall_B_to_ex_wood,action,Mantenga su sensación actual de estabilidad y avance de manera constante.,1
overall_B_to_ex_wood,state,"La orientación a la estabilidad es fuerte, por lo que continúa suavemente en un día tranquilo, y la ligera energía del cambio añade la estimulación adecuada.",1
overall_B1,intro,"Hoy, si tienes más energía que el promedio y te mueves constantemente, será gratificante.",1
overall_B1,intro,"Hoy en día, el flujo general continúa sin problemas y de manera estable.",1
overall_B1,effect,"Es un día en el que si te concentras y te mueves, estarás más cerca de los resultados que deseas.",1
overall_B1,effect,La jornada transcurre tranquilamente sin grandes variables y el trabajo previsto se desarrolla con tranquilidad.,1
overall_B1,action,"No es un mal día, así que haz el trabajo importante hoy.",1
overall_B1,action,"Si llevas a cabo tus planes uno a uno sin excederte, tendrás un buen día.",1
overall_B1_geum_df_earth,intro,"Este es un día en el que la suerte general es normal, pero hay algunas áreas de decepción.",1
overall_B1_geum_df_earth,effect,El flujo general de suerte puede estar algo desviado y algunos resultados pueden no estar a la altura de las expectativas.,1
overall_B1_geum_df_earth,action,Concéntrese en actividades importantes y reduzca los intentos innecesarios.,1
overall_B1_geum_df_earth,state,"Aunque las decisiones toman algo de tiempo, el día continúa sin mucha vacilación y la energía turbia te ayuda a mantener un ritmo tranquilo.",1
overall_B1_geum_df_fire,intro,"Este es un día en el que la suerte general es normal, pero hay algunas áreas de decepción.",1
overall_B1_geum_df_fire,effect,El flujo general de suerte puede estar algo desviado y algunos resultados pueden no estar a la altura de las expectativas.,1
overall_B1_geum_df_fire,action,Concéntrese en actividades importantes y reduzca los intentos innecesarios.,1
overall_B1_geum_df_fire,state,"Aunque las decisiones toman algo de tiempo, el día continúa sin mucha vacilación y la energía clara añade serena vitalidad y continúa el día normal.",1
overall_B1_geum_df_water,intro,"Este es un día en el que la suerte general es normal, pero hay algunas áreas de decepción.",1
overall_B1_geum_df_water,effect,El flujo general de suerte puede estar algo desviado y algunos resultados pueden no estar a la altura de las expectativas.,1
overall_B1_geum_df_water,action,Concéntrese en actividades importantes y reduzca los intentos innecesarios.,1
overall_B1_geum_df_water,state,"Aunque las decisiones toman algo de tiempo, el día transcurre sin muchas vacilaciones y la energía húmeda aumenta tus pensamientos pero no provoca mucha agitación.",1
overall_B1_geum_df_wood,intro,"Este es un día en el que la suerte general es normal, pero hay algunas áreas de decepción.",1
overall_B1_geum_df_wood,effect,El flujo general de suerte puede estar algo desviado y algunos resultados pueden no estar a la altura de las expectativas.,1
overall_B1_geum_df_wood,action,Concéntrese en actividades importantes y reduzca los intentos innecesarios.,1
overall_B1_geum_df_wood,state,"La decisión puede ser lenta, pero el día transcurre sin mucha vacilación y la tranquila energía del cambio sólo sacude ligeramente el flujo normal.",1
overall_B1_geum_ex_earth,intro,"Este es un día en el que la suerte general es normal, pero hay algunas áreas de decepción.",1
overall_B1_geum_ex_earth,effect,El flujo general de suerte puede estar algo desviado y algunos resultados pueden no estar a la altura de las expectativas.,1
overall_B1_geum_ex_earth,action,Concéntrese en actividades importantes y reduzca los intentos innecesarios.,1
overall_B1_geum_ex_earth,state,"El juicio es claro, pero termina con un resultado mediocre y la energía turbia ayuda a mantener un ritmo decente.",1
overall_B1_geum_ex_fire,intro,"Este es un día en el que la suerte general es normal, pero hay algunas áreas de decepción.",1
overall_B1_geum_ex_fire,effect,El flujo general de suerte puede estar algo desviado y algunos resultados pueden no estar a la altura de las expectativas.,1
overall_B1_geum_ex_fire,action,Concéntrese en actividades importantes y reduzca los intentos innecesarios.,1
overall_B1_geum_ex_fire,state,"El juicio es claro, pero termina con un resultado ordinario, y la energía clara añade vitalidad tranquila y continúa el día ordinario.",1
overall_B1_geum_ex_water,intro,"Este es un día en el que la suerte general es normal, pero hay algunas áreas de decepción.",1
overall_B1_geum_ex_water,effect,El flujo general de suerte puede estar algo desviado y algunos resultados pueden no estar a la altura de las expectativas.,1
overall_B1_geum_ex_water,action,Concéntrese en actividades importantes y reduzca los intentos innecesarios.,1
overall_B1_geum_ex_water,state,"El juicio es claro pero termina con un resultado simple, y la energía húmeda aumenta los pensamientos pero no causa mucha agitación.",1
overall_B1_geum_ex_wood,intro,"Este es un día en el que la suerte general es normal, pero hay algunas áreas de decepción.",1
overall_B1_geum_ex_wood,effect,El flujo general de suerte puede estar algo desviado y algunos resultados pueden no estar a la altura de las expectativas.,1
overall_B1_geum_ex_wood,action,Concéntrese en actividades importantes y reduzca los intentos innecesarios.,1
overall_B1_geum_ex_wood,state,"El juicio es claro, pero termina con un resultado mediocre, y la tranquila energía del cambio no hace más que alterar levemente el flujo normal.",1
overall_B1_hwa_df_earth,intro,Su energía general puede estar por debajo del promedio y su día puede sentirse letárgico.,1
overall_B1_hwa_df_earth,effect,La falta de energía reduce el rendimiento en varias áreas simultáneamente.,1
overall_B1_hwa_df_earth,action,Establece tus prioridades y concéntrate en lo que más importa.,1
overall_B1_hwa_df_earth,state,"Aunque hay poca expresión, la relación no se ve muy afectada y la energía turbia ayuda a mantener un ritmo tranquilo.",1
overall_B1_hwa_df_fire,intro,Su energía general puede estar por debajo del promedio y su día puede sentirse letárgico.,1
overall_B1_hwa_df_fire,effect,La falta de energía reduce el rendimiento en varias áreas simultáneamente.,1
overall_B1_hwa_df_fire,action,Establece tus prioridades y concéntrate en lo que más importa.,1
overall_B1_hwa_df_fire,state,"Aunque hay pocas expresiones, la relación no se ve muy afectada y la energía clara agrega una vitalidad tranquila y continúa un día normal.",1
overall_B1_hwa_df_water,intro,Su energía general puede estar por debajo del promedio y su día puede sentirse letárgico.,1
overall_B1_hwa_df_water,effect,La falta de energía reduce el rendimiento en varias áreas simultáneamente.,1
overall_B1_hwa_df_water,action,Establece tus prioridades y concéntrate en lo que más importa.,1
overall_B1_hwa_df_water,state,"Aunque hay pocas expresiones, la relación no se ve muy afectada y la energía húmeda aumenta los pensamientos, pero no provoca mucha agitación.",1
overall_B1_hwa_df_wood,intro,Su energía general puede estar por debajo del promedio y su día puede sentirse letárgico.,1
overall_B1_hwa_df_wood,effect,La falta de energía reduce el rendimiento en varias áreas simultáneamente.,1
overall_B1_hwa_df_wood,action,Establece tus prioridades y concéntrate en lo que más importa.,1
overall_B1_hwa_df_wood,state,"Aunque hay poca expresión, la relación no se ve muy afectada y la tranquila energía del cambio solo es suficiente para sacudir ligeramente el flujo normal.",1
overall_B1_hwa_ex_earth,intro,Su energía general puede estar por debajo del promedio y su día puede sentirse letárgico.,1
overall_B1_hwa_ex_earth,effect,La falta de energía reduce el rendimiento en varias áreas simultáneamente.,1
overall_B1_hwa_ex_earth,action,Establece tus prioridades y concéntrate en lo que más importa.,1
overall_B1_hwa_ex_earth,state,El calor moderado hace que el día sea tranquilo y la energía nublada le ayuda a mantener un ritmo tranquilo.,1
overall_B1_hwa_ex_fire,intro,Su energía general puede estar por debajo del promedio y su día puede sentirse letárgico.,1
overall_B1_hwa_ex_fire,effect,La falta de energía reduce el rendimiento en varias áreas simultáneamente.,1
overall_B1_hwa_ex_fire,action,Establece tus prioridades y concéntrate en lo que más importa.,1
overall_B1_hwa_ex_fire,state,El calor moderado crea un día tranquilo y la energía clara añade vitalidad tranquila y continúa el día normal.,1
overall_B1_hwa_ex_water,intro,Su energía general puede estar por debajo del promedio y su día puede sentirse letárgico.,1
overall_B1_hwa_ex_water,effect,La falta de energía reduce el rendimiento en varias áreas simultáneamente.,1
overall_B1_hwa_ex_water,action,Establece tus prioridades y concéntrate en lo que más importa.,1
overall_B1_hwa_ex_water,state,El calor moderado hace que el día sea tranquilo y la energía húmeda aumenta tus pensamientos pero no causa mucha agitación.,1
overall_B1_hwa_ex_wood,intro,Su energía general puede estar por debajo del promedio y su día puede sentirse letárgico.,1
overall_B1_hwa_ex_wood,effect,La falta de energía reduce el rendimiento en varias áreas simultáneamente.,1
overall_B1_hwa_ex_wood,action,Establece tus prioridades y concéntrate en lo que más importa.,1
overall_B1_hwa_ex_wood,state,El calor moderado hace que el día sea tranquilo y la tranquila energía del cambio no hace más que alterar ligeramente el flujo normal.,1
overall_B1_mok_df_earth,intro,Es un día en el que la energía de crecimiento general está algo debilitada y el progreso parece lento.,1
overall_B1_mok_df_earth,effect,"El crecimiento general se ha estancado, provocando frustración en muchas áreas.",1
overall_B1_mok_df_earth,action,Concéntrate en las cosas más prácticas que puedes hacer ahora.,1
overall_B1_mok_df_earth,state,"Sigue siendo más familiar que nuevo, pero el flujo es ininterrumpido y la energía turbia te ayuda a mantener un ritmo tranquilo.",1
overall_B1_mok_df_fire,intro,Es un día en el que la energía de crecimiento general está algo debilitada y el progreso parece lento.,1
overall_B1_mok_df_fire,effect,"El crecimiento general se ha estancado, provocando frustración en muchas áreas.",1
overall_B1_mok_df_fire,action,Concéntrate en las cosas más prácticas que puedes hacer ahora.,1
overall_B1_mok_df_fire,state,"Aunque sigue siendo familiar más que nuevo, el flujo es ininterrumpido y la energía clara añade vitalidad tranquila y continúa el día normal.",1
overall_B1_mok_df_water,intro,Es un día en el que la energía de crecimiento general está algo debilitada y el progreso parece lento.,1
overall_B1_mok_df_water,effect,"El crecimiento general se ha estancado, provocando frustración en muchas áreas.",1
overall_B1_mok_df_water,action,Concéntrate en las cosas más prácticas que puedes hacer ahora.,1
overall_B1_mok_df_water,state,"Aunque sigue siendo más familiar que novedoso, el flujo es ininterrumpido y la energía húmeda aumenta los pensamientos pero no causa mucha agitación.",1
overall_B1_mok_df_wood,intro,Es un día en el que la energía de crecimiento general está algo debilitada y el progreso parece lento.,1
overall_B1_mok_df_wood,effect,"El crecimiento general se ha estancado, provocando frustración en muchas áreas.",1
overall_B1_mok_df_wood,action,Concéntrate en las cosas más prácticas que puedes hacer ahora.,1
overall_B1_mok_df_wood,state,"Aunque sigue siendo más familiar que nuevo, el flujo es ininterrumpido y la tranquila energía del cambio sólo sacude ligeramente el flujo normal.",1
overall_B1_mok_ex_earth,intro,Es un día en el que la energía de crecimiento general está algo debilitada y el progreso parece lento.,1
overall_B1_mok_ex_earth,effect,"El crecimiento general se ha estancado, provocando frustración en muchas áreas.",1
overall_B1_mok_ex_earth,action,Concéntrate en las cosas más prácticas que puedes hacer ahora.,1
overall_B1_mok_ex_earth,state,"Hay motivación, pero tu fuerza motriz se mantiene en un nivel mediocre y la energía turbia te ayuda a mantener un ritmo decente.",1
overall_B1_mok_ex_fire,intro,Es un día en el que la energía de crecimiento general está algo debilitada y el progreso parece lento.,1
overall_B1_mok_ex_fire,effect,"El crecimiento general se ha estancado, provocando frustración en muchas áreas.",1
overall_B1_mok_ex_fire,action,Concéntrate en las cosas más prácticas que puedes hacer ahora.,1
overall_B1_mok_ex_fire,state,"Aunque hay motivación, tu fuerza motriz se mantiene en un nivel promedio y la energía clara añade vitalidad tranquila y continúa con tu día normal.",1
overall_B1_mok_ex_water,intro,Es un día en el que la energía de crecimiento general está algo debilitada y el progreso parece lento.,1
overall_B1_mok_ex_water,effect,"El crecimiento general se ha estancado, provocando frustración en muchas áreas.",1
overall_B1_mok_ex_water,action,Concéntrate en las cosas más prácticas que puedes hacer ahora.,1
overall_B1_mok_ex_water,state,"Hay motivación, pero la fuerza impulsora permanece en un nivel normal y la energía húmeda aumenta los pensamientos, pero no causa mucha agitación.",1
overall_B1_mok_ex_wood,intro,Es un día en el que la energía de crecimiento general está algo debilitada y el progreso parece lento.,1
overall_B1_mok_ex_wood,effect,"El crecimiento general se ha estancado, provocando frustración en muchas áreas.",1
overall_B1_mok_ex_wood,action,Concéntrate en las cosas más prácticas que puedes hacer ahora.,1
overall_B1_mok_ex_wood,state,"Hay motivación, pero la fuerza motriz permanece en un nivel mediocre y la tranquila energía del cambio sólo es suficiente para alterar ligeramente el flujo normal.",1
overall_B1_su_df_earth,intro,Es un día en el que el flujo general está un poco fuera de lugar y las cosas no salen como se esperaba.,1
overall_B1_su_df_earth,effect,Las desviaciones del flujo aparecen como pequeñas perturbaciones en muchas zonas.,1
overall_B1_su_df_earth,action,Sea flexible con su plan y siga la corriente.,1
overall_B1_su_df_earth,state,"Aunque la flexibilidad ha disminuido, el flujo no se interrumpe significativamente y la energía turbia ayuda a mantener un ritmo decente.",1
overall_B1_su_df_fire,intro,Es un día en el que el flujo general está un poco fuera de lugar y las cosas no salen como se esperaba.,1
overall_B1_su_df_fire,effect,Las desviaciones del flujo aparecen como pequeñas perturbaciones en muchas zonas.,1
overall_B1_su_df_fire,action,Sea flexible con su plan y siga la corriente.,1
overall_B1_su_df_fire,state,"Aunque la flexibilidad ha disminuido, el flujo no se ve significativamente interrumpido y la energía clara añade vitalidad tranquila y continúa un día normal.",1
overall_B1_su_df_water,intro,Es un día en el que el flujo general está un poco fuera de lugar y las cosas no salen como se esperaba.,1
overall_B1_su_df_water,effect,Las desviaciones del flujo aparecen como pequeñas perturbaciones en muchas zonas.,1
overall_B1_su_df_water,action,Sea flexible con su plan y siga la corriente.,1
overall_B1_su_df_water,state,"La flexibilidad se reduce, pero el flujo no se interrumpe mucho y la energía húmeda aumenta los pensamientos, pero no causa mucha agitación.",1
overall_B1_su_df_wood,intro,Es un día en el que el flujo general está un poco fuera de lugar y las cosas no salen como se esperaba.,1
overall_B1_su_df_wood,effect,Las desviaciones del flujo aparecen como pequeñas perturbaciones en muchas zonas.,1
overall_B1_su_df_wood,action,Sea flexible con su plan y siga la corriente.,1
overall_B1_su_df_wood,state,"Aunque la flexibilidad ha disminuido, el flujo no se ve significativamente interrumpido y la tranquila energía del cambio sólo sacude ligeramente el flujo normal.",1
overall_B1_su_ex_earth,intro,Es un día en el que el flujo general está un poco fuera de lugar y las cosas no salen como se esperaba.,1
overall_B1_su_ex_earth,effect,Las desviaciones del flujo aparecen como pequeñas perturbaciones en muchas zonas.,1
overall_B1_su_ex_earth,action,Sea flexible con su plan y siga la corriente.,1
overall_B1_su_ex_earth,state,"Aunque tengo mucho en qué pensar, el día transcurre sin muchas perturbaciones y la energía nubosa te ayuda a mantener un ritmo tranquilo.",1
overall_B1_su_ex_fire,intro,Es un día en el que el flujo general está un poco fuera de lugar y las cosas no salen como se esperaba.,1
overall_B1_su_ex_fire,effect,Las desviaciones del flujo aparecen como pequeñas perturbaciones en muchas zonas.,1
overall_B1_su_ex_fire,action,Sea flexible con su plan y siga la corriente.,1
overall_B1_su_ex_fire,state,"Aunque tengo muchos pensamientos, el día transcurre sin muchas perturbaciones y la energía clara añade vitalidad tranquila y continúa el día normal.",1
overall_B1_su_ex_water,intro,Es un día en el que el flujo general está un poco fuera de lugar y las cosas no salen como se esperaba.,1
overall_B1_su_ex_water,effect,Las desviaciones del flujo aparecen como pequeñas perturbaciones en muchas zonas.,1
overall_B1_su_ex_water,action,Sea flexible con su plan y siga la corriente.,1
overall_B1_su_ex_water,state,"Incluso si tienes muchos pensamientos, el día transcurre sin mucha agitación y la energía húmeda aumenta tus pensamientos pero no causa mucha agitación.",1
overall_B1_su_ex_wood,intro,Es un día en el que el flujo general está un poco fuera de lugar y las cosas no salen como se esperaba.,1
overall_B1_su_ex_wood,effect,Las desviaciones del flujo aparecen como pequeñas perturbaciones en muchas zonas.,1
overall_B1_su_ex_wood,action,Sea flexible con su plan y siga la corriente.,1
overall_B1_su_ex_wood,state,"Aunque tengo muchos pensamientos, el día transcurre sin muchas perturbaciones y la tranquila energía del cambio sólo sacude ligeramente el flujo normal.",1
overall_B1_to_df_earth,intro,Es un día en el que continúa la ansiedad menor porque la sensación general de estabilidad está por debajo del promedio.,1
overall_B1_to_df_earth,effect,La debilitada base de estabilidad general crea inestabilidad en muchas áreas.,1
overall_B1_to_df_earth,action,Concéntrate en lo que puedes hacer ahora en lugar de en pensamientos ansiosos.,1
overall_B1_to_df_earth,state,"Aunque hay algo de temblor, la vida diaria transcurre sin problemas y la energía turbia te ayuda a mantener un ritmo tranquilo.",1
overall_B1_to_df_fire,intro,Es un día en el que continúa la ansiedad menor porque la sensación general de estabilidad está por debajo del promedio.,1
overall_B1_to_df_fire,effect,La debilitada base de estabilidad general crea inestabilidad en muchas áreas.,1
overall_B1_to_df_fire,action,Concéntrate en lo que puedes hacer ahora en lugar de en pensamientos ansiosos.,1
overall_B1_to_df_fire,state,"Aunque hay algo de temblor, la vida diaria fluye sin problemas y la energía clara añade vitalidad tranquila y continúa el día normal.",1
overall_B1_to_df_water,intro,Es un día en el que continúa la ansiedad menor porque la sensación general de estabilidad está por debajo del promedio.,1
overall_B1_to_df_water,effect,La debilitada base de estabilidad general crea inestabilidad en muchas áreas.,1
overall_B1_to_df_water,action,Concéntrate en lo que puedes hacer ahora en lugar de en pensamientos ansiosos.,1
overall_B1_to_df_water,state,"Aunque hay temblores, la vida diaria fluye suavemente y la energía húmeda aumenta los pensamientos, pero no causa mucha agitación.",1
overall_B1_to_df_wood,intro,Es un día en el que continúa la ansiedad menor porque la sensación general de estabilidad está por debajo del promedio.,1
overall_B1_to_df_wood,effect,La debilitada base de estabilidad general crea inestabilidad en muchas áreas.,1
overall_B1_to_df_wood,action,Concéntrate en lo que puedes hacer ahora en lugar de en pensamientos ansiosos.,1
overall_B1_to_df_wood,state,"Aunque hay fluctuaciones, la vida diaria fluye suavemente y la tranquila energía del cambio sólo sacude ligeramente el flujo normal.",1
overall_B1_to_ex_earth,intro,Es un día en el que continúa la ansiedad menor porque la sensación general de estabilidad está por debajo del promedio.,1
overall_B1_to_ex_earth,effect,La debilitada base de estabilidad general crea inestabilidad en muchas áreas.,1
overall_B1_to_ex_earth,action,Concéntrate en lo que puedes hacer ahora en lugar de en pensamientos ansiosos.,1
overall_B1_to_ex_earth,state,Elegir la familiaridad en lugar del cambio te lleva a un día fácil y la energía turbia te ayuda a mantener un ritmo tranquilo.,1
overall_B1_to_ex_fire,intro,Es un día en el que continúa la ansiedad menor porque la sensación general de estabilidad está por debajo del promedio.,1
overall_B1_to_ex_fire,effect,La debilitada base de estabilidad general crea inestabilidad en muchas áreas.,1
overall_B1_to_ex_fire,action,Concéntrate en lo que puedes hacer ahora en lugar de en pensamientos ansiosos.,1
overall_B1_to_ex_fire,state,"Elegir la familiaridad en lugar del cambio conduce a un día normal, y la energía clara añade vitalidad tranquila al día normal.",1
overall_B1_to_ex_water,intro,Es un día en el que continúa la ansiedad menor porque la sensación general de estabilidad está por debajo del promedio.,1
overall_B1_to_ex_water,effect,La debilitada base de estabilidad general crea inestabilidad en muchas áreas.,1
overall_B1_to_ex_water,action,Concéntrate en lo que puedes hacer ahora en lugar de en pensamientos ansiosos.,1
overall_B1_to_ex_water,state,"Elegir la familiaridad en lugar del cambio conduce a un día normal, y la energía húmeda aumenta los pensamientos pero no causa mucha agitación.",1
overall_B1_to_ex_wood,intro,Es un día en el que continúa la ansiedad menor porque la sensación general de estabilidad está por debajo del promedio.,1
overall_B1_to_ex_wood,effect,La debilitada base de estabilidad general crea inestabilidad en muchas áreas.,1
overall_B1_to_ex_wood,action,Concéntrate en lo que puedes hacer ahora en lugar de en pensamientos ansiosos.,1
overall_B1_to_ex_wood,state,"Elegir la familiaridad en lugar del cambio conduce a un día normal, y la tranquila energía del cambio sólo sacude ligeramente el flujo normal.",1
overall_C,intro,"Hoy hay un poco de calma en la energía, por lo que es una buena idea planificar su día cuidadosamente.",1
overall_C,intro,"Hoy la energía es menor de lo habitual, por lo que es mejor tomarse su tiempo en lugar de planificar demasiado.",1
overall_C,effect,Este es un día que requiere paciencia ya que los resultados pueden llegar más lento de lo esperado.,1
overall_C,effect,"Incluso en cosas pequeñas pueden surgir variables inesperadas, por lo que es más seguro tomarse un tiempo.",1
overall_C,action,"Hoy, concéntrese en terminar bien las cosas existentes en lugar de asumir nuevos desafíos.",1
overall_C,action,Puedes usar tu energía de manera eficiente si sólo te mueves dentro del rango de lo que puedes hacer ahora.,1
overall_C_geum_df_earth,intro,"La suerte general es mala, por lo que la primera mitad del día no es fácil.",1
overall_C_geum_df_earth,effect,Una disminución de la suerte general crea dificultades en varias áreas simultáneamente.,1
overall_C_geum_df_earth,action,Deja de lado tu codicia y maneja con cuidado sólo lo esencial.,1
overall_C_geum_df_earth,state,"A medida que su resolución se debilita, es fácil posponer decisiones importantes, y la energía turbia puede ralentizarlo y hacer que sus pensamientos sean pesados.",1
overall_C_geum_df_fire,intro,"La suerte general es mala, por lo que la primera mitad del día no es fácil.",1
overall_C_geum_df_fire,effect,Una disminución de la suerte general crea dificultades en varias áreas simultáneamente.,1
overall_C_geum_df_fire,action,Deja de lado tu codicia y maneja con cuidado sólo lo esencial.,1
overall_C_geum_df_fire,state,"A medida que su resolución se debilita, es fácil posponer decisiones importantes y su energía clara puede fluir hacia una atmósfera excitada, que puede nublar su prudencia.",1
overall_C_geum_df_water,intro,"La suerte general es mala, por lo que la primera mitad del día no es fácil.",1
overall_C_geum_df_water,effect,Una disminución de la suerte general crea dificultades en varias áreas simultáneamente.,1
overall_C_geum_df_water,action,Deja de lado tu codicia y maneja con cuidado sólo lo esencial.,1
overall_C_geum_df_water,state,"Es fácil posponer decisiones importantes a medida que su resolución se debilita y la energía de la lluvia y la nieve puede estimular sus emociones y su ser interior, lo que puede tener un impacto mayor.",1
overall_C_geum_df_wood,intro,"La suerte general es mala, por lo que la primera mitad del día no es fácil.",1
overall_C_geum_df_wood,effect,Una disminución de la suerte general crea dificultades en varias áreas simultáneamente.,1
overall_C_geum_df_wood,action,Deja de lado tu codicia y maneja con cuidado sólo lo esencial.,1
overall_C_geum_df_wood,state,"Es fácil posponer decisiones importantes debido a una determinación debilitada, y la fuerte energía del cambio puede alterar el ritmo y conducir a variables inesperadas.",1
overall_C_geum_ex_earth,intro,"La suerte general es mala, por lo que la primera mitad del día no es fácil.",1
overall_C_geum_ex_earth,effect,Una disminución de la suerte general crea dificultades en varias áreas simultáneamente.,1
overall_C_geum_ex_earth,action,Deja de lado tu codicia y maneja con cuidado sólo lo esencial.,1
overall_C_geum_ex_earth,state,Un juicio demasiado agudo puede enfriar las relaciones y la energía turbia puede ralentizar el ritmo y hacer que los pensamientos sean pesados.,1
overall_C_geum_ex_fire,intro,"La suerte general es mala, por lo que la primera mitad del día no es fácil.",1
overall_C_geum_ex_fire,effect,Una disminución de la suerte general crea dificultades en varias áreas simultáneamente.,1
overall_C_geum_ex_fire,action,Deja de lado tu codicia y maneja con cuidado sólo lo esencial.,1
overall_C_geum_ex_fire,state,"Un juicio excesivamente agudo puede enfriar las relaciones y la energía clara puede fluir hacia una atmósfera excitada, lo que puede nublar la prudencia.",1
overall_C_geum_ex_water,intro,"La suerte general es mala, por lo que la primera mitad del día no es fácil.",1
overall_C_geum_ex_water,effect,Una disminución de la suerte general crea dificultades en varias áreas simultáneamente.,1
overall_C_geum_ex_water,action,Deja de lado tu codicia y maneja con cuidado sólo lo esencial.,1
overall_C_geum_ex_water,state,"Un juicio demasiado agudo puede enfriar las relaciones, y la energía de la lluvia y la nieve puede estimular emociones y sentimientos internos, que pueden tener un impacto mayor.",1
overall_C_geum_ex_wood,intro,"La suerte general es mala, por lo que la primera mitad del día no es fácil.",1
overall_C_geum_ex_wood,effect,Una disminución de la suerte general crea dificultades en varias áreas simultáneamente.,1
overall_C_geum_ex_wood,action,Deja de lado tu codicia y maneja con cuidado sólo lo esencial.,1
overall_C_geum_ex_wood,state,"Un juicio demasiado agudo puede enfriar las relaciones, y la fuerte energía del cambio puede alterar el ritmo y provocar variables inesperadas.",1
overall_C_hwa_df_earth,intro,Todo el día es difícil porque te falta mucha energía en general.,1
overall_C_hwa_df_earth,effect,La disminución de energía reduce la eficiencia de todas las actividades simultáneamente.,1
overall_C_hwa_df_earth,action,No te excedas en nada y haz sólo lo necesario.,1
overall_C_hwa_df_earth,state,"Es fácil que se produzcan malentendidos debido a la dificultad para expresarse, y la energía turbia puede ralentizarte y hacer que tus pensamientos sean pesados.",1
overall_C_hwa_df_fire,intro,Todo el día es difícil porque te falta mucha energía en general.,1
overall_C_hwa_df_fire,effect,La disminución de energía reduce la eficiencia de todas las actividades simultáneamente.,1
overall_C_hwa_df_fire,action,No te excedas en nada y haz sólo lo necesario.,1
overall_C_hwa_df_fire,state,Es fácil que se produzcan malentendidos porque las expresiones son difíciles de entender y la energía clara puede fluir hacia una atmósfera excitada y hacer que la precaución se nuble.,1
overall_C_hwa_df_water,intro,Todo el día es difícil porque te falta mucha energía en general.,1
overall_C_hwa_df_water,effect,La disminución de energía reduce la eficiencia de todas las actividades simultáneamente.,1
overall_C_hwa_df_water,action,No te excedas en nada y haz sólo lo necesario.,1
overall_C_hwa_df_water,state,"Es fácil que se produzcan malentendidos porque las expresiones son difíciles de entender y la energía de la lluvia y la nieve puede estimular emociones y sentimientos internos, que pueden tener un impacto mayor.",1
overall_C_hwa_df_wood,intro,Todo el día es difícil porque te falta mucha energía en general.,1
overall_C_hwa_df_wood,effect,La disminución de energía reduce la eficiencia de todas las actividades simultáneamente.,1
overall_C_hwa_df_wood,action,No te excedas en nada y haz sólo lo necesario.,1
overall_C_hwa_df_wood,state,"Es fácil que surjan malentendidos debido a expresiones difíciles, y la fuerte energía del cambio puede alterar el ritmo y conducir a variables inesperadas.",1
overall_C_hwa_ex_earth,intro,Todo el día es difícil porque te falta mucha energía en general.,1
overall_C_hwa_ex_earth,effect,La disminución de energía reduce la eficiencia de todas las actividades simultáneamente.,1
overall_C_hwa_ex_earth,action,No te excedas en nada y haz sólo lo necesario.,1
overall_C_hwa_ex_earth,state,Es fácil que las emociones choquen y la energía turbia puede ralentizarlo y hacer que sus pensamientos sean pesados.,1
overall_C_hwa_ex_fire,intro,Todo el día es difícil porque te falta mucha energía en general.,1
overall_C_hwa_ex_fire,effect,La disminución de energía reduce la eficiencia de todas las actividades simultáneamente.,1
overall_C_hwa_ex_fire,action,No te excedas en nada y haz sólo lo necesario.,1
overall_C_hwa_ex_fire,state,"Es fácil que las emociones choquen y la energía clara puede fluir hacia una atmósfera excitada, haciendo que la precaución se nuble.",1
overall_C_hwa_ex_water,intro,Todo el día es difícil porque te falta mucha energía en general.,1
overall_C_hwa_ex_water,effect,La disminución de energía reduce la eficiencia de todas las actividades simultáneamente.,1
overall_C_hwa_ex_water,action,No te excedas en nada y haz sólo lo necesario.,1
overall_C_hwa_ex_water,state,"Es fácil que las emociones entren en conflicto y la energía de la lluvia y la nieve puede estimular emociones y sentimientos internos, lo que puede aumentar el impacto.",1
overall_C_hwa_ex_wood,intro,Todo el día es difícil porque te falta mucha energía en general.,1
overall_C_hwa_ex_wood,effect,La disminución de energía reduce la eficiencia de todas las actividades simultáneamente.,1
overall_C_hwa_ex_wood,action,No te excedas en nada y haz sólo lo necesario.,1
overall_C_hwa_ex_wood,state,Es fácil que las emociones choquen y la fuerte energía del cambio puede alterar el ritmo y provocar variables inesperadas.,1
overall_C_mok_df_earth,intro,Es un día en el que la energía de crecimiento integral está bloqueada y es difícil esperar algún progreso.,1
overall_C_mok_df_earth,effect,El bloqueo de la energía del crecimiento crea estancamiento y regresión en todos los ámbitos.,1
overall_C_mok_df_earth,action,"Hoy, concéntrese en mantener el status quo en lugar de progresar.",1
overall_C_mok_df_earth,state,"La vacilación a la hora de probar cosas nuevas puede ralentizar el progreso, y la energía turbia puede ralentizar el ritmo y hacer que los pensamientos sean pesados.",1
overall_C_mok_df_fire,intro,Es un día en el que la energía de crecimiento integral está bloqueada y es difícil esperar algún progreso.,1
overall_C_mok_df_fire,effect,El bloqueo de la energía del crecimiento crea estancamiento y regresión en todos los ámbitos.,1
overall_C_mok_df_fire,action,"Hoy, concéntrese en mantener el status quo en lugar de progresar.",1
overall_C_mok_df_fire,state,"La vacilación a la hora de probar cosas nuevas puede ralentizar el progreso, y la energía clara puede generar una atmósfera de excitación, que puede nublar la precaución.",1
overall_C_mok_df_water,intro,Es un día en el que la energía de crecimiento integral está bloqueada y es difícil esperar algún progreso.,1
overall_C_mok_df_water,effect,El bloqueo de la energía del crecimiento crea estancamiento y regresión en todos los ámbitos.,1
overall_C_mok_df_water,action,"Hoy, concéntrese en mantener el status quo en lugar de progresar.",1
overall_C_mok_df_water,state,"La vacilación a la hora de probar cosas nuevas puede ralentizar el progreso, y la energía de la lluvia y la nieve puede estimular tus emociones y tu yo interior, lo que puede aumentar el impacto.",1
overall_C_mok_df_wood,intro,Es un día en el que la energía de crecimiento integral está bloqueada y es difícil esperar algún progreso.,1
overall_C_mok_df_wood,effect,El bloqueo de la energía del crecimiento crea estancamiento y regresión en todos los ámbitos.,1
overall_C_mok_df_wood,action,"Hoy, concéntrese en mantener el status quo en lugar de progresar.",1
overall_C_mok_df_wood,state,"La vacilación a la hora de probar cosas nuevas puede ralentizar el progreso, y la fuerte energía del cambio puede alterar el ritmo y generar variables inesperadas.",1
overall_C_mok_ex_earth,intro,Es un día en el que la energía de crecimiento integral está bloqueada y es difícil esperar algún progreso.,1
overall_C_mok_ex_earth,effect,El bloqueo de la energía del crecimiento crea estancamiento y regresión en todos los ámbitos.,1
overall_C_mok_ex_earth,action,"Hoy, concéntrese en mantener el status quo en lugar de progresar.",1
overall_C_mok_ex_earth,state,La motivación excesiva puede hacer que te excedas y la energía turbia puede ralentizarte y hacer que tus pensamientos sean pesados.,1
overall_C_mok_ex_fire,intro,Es un día en el que la energía de crecimiento integral está bloqueada y es difícil esperar algún progreso.,1
overall_C_mok_ex_fire,effect,El bloqueo de la energía del crecimiento crea estancamiento y regresión en todos los ámbitos.,1
overall_C_mok_ex_fire,action,"Hoy, concéntrese en mantener el status quo en lugar de progresar.",1
overall_C_mok_ex_fire,state,"Si está demasiado motivado, puede esforzarse por hacer cosas y su energía clara puede fluir hacia una atmósfera excitada, que puede nublar su prudencia.",1
overall_C_mok_ex_water,intro,Es un día en el que la energía de crecimiento integral está bloqueada y es difícil esperar algún progreso.,1
overall_C_mok_ex_water,effect,El bloqueo de la energía del crecimiento crea estancamiento y regresión en todos los ámbitos.,1
overall_C_mok_ex_water,action,"Hoy, concéntrese en mantener el status quo en lugar de progresar.",1
overall_C_mok_ex_water,state,"Si tienes demasiada motivación, puedes exagerar y la energía de la lluvia y la nieve puede estimular tus emociones y tu yo interior, lo que puede aumentar el impacto.",1
overall_C_mok_ex_wood,intro,Es un día en el que la energía de crecimiento integral está bloqueada y es difícil esperar algún progreso.,1
overall_C_mok_ex_wood,effect,El bloqueo de la energía del crecimiento crea estancamiento y regresión en todos los ámbitos.,1
overall_C_mok_ex_wood,action,"Hoy, concéntrese en mantener el status quo en lugar de progresar.",1
overall_C_mok_ex_wood,state,"La motivación excesiva puede llevar a exagerar las cosas, y la fuerte energía del cambio puede alterar el ritmo y generar variables inesperadas.",1
overall_C_su_df_earth,intro,Es un día en el que todo el flujo va en dirección opuesta y el día no transcurre sin problemas.,1
overall_C_su_df_earth,effect,Una inversión del flujo crea pérdidas y fallas en varias áreas simultáneamente.,1
overall_C_su_df_earth,action,"En lugar de ir contra la corriente, detente un momento y observa la situación.",1
overall_C_su_df_earth,state,"Es fácil perder la noción del flujo debido a la falta de flexibilidad, y la energía turbia puede ralentizarlo y hacer que sus pensamientos sean pesados.",1
overall_C_su_df_fire,intro,Es un día en el que todo el flujo va en dirección opuesta y el día no transcurre sin problemas.,1
overall_C_su_df_fire,effect,Una inversión del flujo crea pérdidas y fallas en varias áreas simultáneamente.,1
overall_C_su_df_fire,action,"En lugar de ir contra la corriente, detente un momento y observa la situación.",1
overall_C_su_df_fire,state,"Debido a la falta de flexibilidad, es fácil perder el hilo y la energía clara puede fluir hacia una atmósfera excitada, lo que puede nublar su prudencia.",1
overall_C_su_df_water,intro,Es un día en el que todo el flujo va en dirección opuesta y el día no transcurre sin problemas.,1
overall_C_su_df_water,effect,Una inversión del flujo crea pérdidas y fallas en varias áreas simultáneamente.,1
overall_C_su_df_water,action,"En lugar de ir contra la corriente, detente un momento y observa la situación.",1
overall_C_su_df_water,state,"Debido a la falta de flexibilidad, es fácil perder la noción del flujo, y la energía de la lluvia y la nieve puede estimular las emociones y el yo interior, lo que puede aumentar el impacto.",1
overall_C_su_df_wood,intro,Es un día en el que todo el flujo va en dirección opuesta y el día no transcurre sin problemas.,1
overall_C_su_df_wood,effect,Una inversión del flujo crea pérdidas y fallas en varias áreas simultáneamente.,1
overall_C_su_df_wood,action,"En lugar de ir contra la corriente, detente un momento y observa la situación.",1
overall_C_su_df_wood,state,"Debido a la falta de flexibilidad, es fácil perder el rumbo y la fuerte energía del cambio puede alterar el ritmo y dar lugar a variables inesperadas.",1
overall_C_su_ex_earth,intro,Es un día en el que todo el flujo va en dirección opuesta y el día no transcurre sin problemas.,1
overall_C_su_ex_earth,effect,Una inversión del flujo crea pérdidas y fallas en varias áreas simultáneamente.,1
overall_C_su_ex_earth,action,"En lugar de ir contra la corriente, detente un momento y observa la situación.",1
overall_C_su_ex_earth,state,"Es fácil que tu juicio se vea empañado por emociones desbordantes, y la energía turbia puede ralentizarte y hacer que tus pensamientos sean pesados.",1
overall_C_su_ex_fire,intro,Es un día en el que todo el flujo va en dirección opuesta y el día no transcurre sin problemas.,1
overall_C_su_ex_fire,effect,Una inversión del flujo crea pérdidas y fallas en varias áreas simultáneamente.,1
overall_C_su_ex_fire,action,"En lugar de ir contra la corriente, detente un momento y observa la situación.",1
overall_C_su_ex_fire,state,"El juicio puede verse fácilmente nublado por emociones desbordantes, y la energía clara puede fluir hacia una atmósfera excitada, que puede nublar la prudencia.",1
overall_C_su_ex_water,intro,Es un día en el que todo el flujo va en dirección opuesta y el día no transcurre sin problemas.,1
overall_C_su_ex_water,effect,Una inversión del flujo crea pérdidas y fallas en varias áreas simultáneamente.,1
overall_C_su_ex_water,action,"En lugar de ir contra la corriente, detente un momento y observa la situación.",1
overall_C_su_ex_water,state,"Es fácil que su juicio se nuble debido a emociones desbordantes, y la energía de la lluvia y la nieve puede estimular sus emociones y su ser interior, lo que puede aumentar el impacto.",1
overall_C_su_ex_wood,intro,Es un día en el que todo el flujo va en dirección opuesta y el día no transcurre sin problemas.,1
overall_C_su_ex_wood,effect,Una inversión del flujo crea pérdidas y fallas en varias áreas simultáneamente.,1
overall_C_su_ex_wood,action,"En lugar de ir contra la corriente, detente un momento y observa la situación.",1
overall_C_su_ex_wood,state,"El juicio puede verse fácilmente empañado por las emociones, y la fuerte energía del cambio puede alterar el ritmo y conducir a variables inesperadas.",1
overall_C_to_df_earth,intro,Es un día inestable durante todo el día ya que la base estable general se tambalea.,1
overall_C_to_df_earth,effect,La suerte general inestable crea problemas inesperados en muchas áreas.,1
overall_C_to_df_earth,action,No se apresure a tomar decisiones y primero busque la estabilidad.,1
overall_C_to_df_earth,state,"Debido a que su centro está sacudido, es fácil dejarse llevar por el entorno, y la energía turbia puede ralentizarlo y hacer que sus pensamientos se vuelvan pesados.",1
overall_C_to_df_fire,intro,Es un día inestable durante todo el día ya que la base estable general se tambalea.,1
overall_C_to_df_fire,effect,La suerte general inestable crea problemas inesperados en muchas áreas.,1
overall_C_to_df_fire,action,No se apresure a tomar decisiones y primero busque la estabilidad.,1
overall_C_to_df_fire,state,"Debido a que su centro está sacudido, es fácil dejarse llevar por quienes lo rodean, y su energía clara puede fluir hacia una atmósfera excitada, que puede nublar su prudencia.",1
overall_C_to_df_water,intro,Es un día inestable durante todo el día ya que la base estable general se tambalea.,1
overall_C_to_df_water,effect,La suerte general inestable crea problemas inesperados en muchas áreas.,1
overall_C_to_df_water,action,No se apresure a tomar decisiones y primero busque la estabilidad.,1
overall_C_to_df_water,state,"Debido a que su centro está sacudido, es fácil dejarse llevar por el entorno, y la energía de la lluvia y la nieve puede estimular sus emociones y su ser interior, lo que puede aumentar el impacto.",1
overall_C_to_df_wood,intro,Es un día inestable durante todo el día ya que la base estable general se tambalea.,1
overall_C_to_df_wood,effect,La suerte general inestable crea problemas inesperados en muchas áreas.,1
overall_C_to_df_wood,action,No se apresure a tomar decisiones y primero busque la estabilidad.,1
overall_C_to_df_wood,state,"Debido a que el centro se sacude, es fácil dejarse llevar por el entorno y la fuerte energía del cambio puede sacudir el ritmo y conducir a variables inesperadas.",1
overall_C_to_ex_earth,intro,Es un día inestable durante todo el día ya que la base estable general se tambalea.,1
overall_C_to_ex_earth,effect,La suerte general inestable crea problemas inesperados en muchas áreas.,1
overall_C_to_ex_earth,action,No se apresure a tomar decisiones y primero busque la estabilidad.,1
overall_C_to_ex_earth,state,Una mente que se niega a cambiar puede bloquear oportunidades y la energía turbia puede ralentizar tu ritmo y hacer que tus pensamientos sean pesados.,1
overall_C_to_ex_fire,intro,Es un día inestable durante todo el día ya que la base estable general se tambalea.,1
overall_C_to_ex_fire,effect,La suerte general inestable crea problemas inesperados en muchas áreas.,1
overall_C_to_ex_fire,action,No se apresure a tomar decisiones y primero busque la estabilidad.,1
overall_C_to_ex_fire,state,"Una mente que se niega a cambiar puede bloquear las oportunidades y la energía clara puede fluir hacia una atmósfera excitada, nublando la precaución.",1
overall_C_to_ex_water,intro,Es un día inestable durante todo el día ya que la base estable general se tambalea.,1
overall_C_to_ex_water,effect,La suerte general inestable crea problemas inesperados en muchas áreas.,1
overall_C_to_ex_water,action,No se apresure a tomar decisiones y primero busque la estabilidad.,1
overall_C_to_ex_water,state,"Una mente que se niega a cambiar puede bloquear oportunidades, y la energía de la lluvia y la nieve puede estimular emociones y sentimientos internos, lo que puede aumentar el impacto.",1
overall_C_to_ex_wood,intro,Es un día inestable durante todo el día ya que la base estable general se tambalea.,1
overall_C_to_ex_wood,effect,La suerte general inestable crea problemas inesperados en muchas áreas.,1
overall_C_to_ex_wood,action,No se apresure a tomar decisiones y primero busque la estabilidad.,1
overall_C_to_ex_wood,state,"Negarse al cambio puede bloquear oportunidades, y la fuerte energía del cambio puede alterar el ritmo y generar variables inesperadas.",1
overall_C1,intro,"Hoy, tu energía es bastante baja, por lo que es un día para desarrollar fuerza en silencio en lugar de hacer grandes movimientos.",1
overall_C1,intro,"Es posible que las circunstancias hoy no sean favorables, por lo que es necesario actuar con cautela.",1
overall_C1,effect,"Es importante conservar energía, ya que esforzarse demasiado puede resultar contraproducente.",1
overall_C1,effect,"Un pequeño error o descuido puede conducir a grandes resultados, por eso es mejor comprobarlo todo una vez más.",1
overall_C1,action,Es un día en el que eres lo suficientemente bueno como para mantener lo que tienes.,1
overall_C1,action,"Hoy, concéntrate en ordenar las tareas existentes y prepararte para tu próximo paso en lugar de probar cosas nuevas.",1
overall_C1_geum_df_earth,intro,"Este es un día muy malo para tu fortuna general, con dificultades en muchos ámbitos.",1
overall_C1_geum_df_earth,effect,La grave caída de las fortunas generales crea barreras a todos los intentos.,1
overall_C1_geum_df_earth,action,Deja de intentar cosas nuevas hoy y concéntrate en mantener el status quo.,1
overall_C1_geum_df_earth,state,"Debido a la falta de determinación, es fácil que se acumulen opciones indecisas, y la energía turbia puede reducir la motivación y nublar el juicio.",1
overall_C1_geum_df_fire,intro,"Este es un día muy malo para tu fortuna general, con dificultades en muchos ámbitos.",1
overall_C1_geum_df_fire,effect,La grave caída de las fortunas generales crea barreras a todos los intentos.,1
overall_C1_geum_df_fire,action,Deja de intentar cosas nuevas hoy y concéntrate en mantener el status quo.,1
overall_C1_geum_df_fire,state,"Debido a la falta de determinación, es fácil tomar decisiones indecisas, y el Yang emocionado puede disipar la calma y provocar errores menores.",1
overall_C1_geum_df_water,intro,"Este es un día muy malo para tu fortuna general, con dificultades en muchos ámbitos.",1
overall_C1_geum_df_water,effect,La grave caída de las fortunas generales crea barreras a todos los intentos.,1
overall_C1_geum_df_water,action,Deja de intentar cosas nuevas hoy y concéntrate en mantener el status quo.,1
overall_C1_geum_df_water,state,"Debido a la falta de determinación, es fácil que se acumulen decisiones indecisas, y es posible que la energía de la lluvia y la nieve no calme sus emociones, lo que hace que su corazón se sienta pesado.",1
overall_C1_geum_df_wood,intro,"Este es un día muy malo para tu fortuna general, con dificultades en muchos ámbitos.",1
overall_C1_geum_df_wood,effect,La grave caída de las fortunas generales crea barreras a todos los intentos.,1
overall_C1_geum_df_wood,action,Deja de intentar cosas nuevas hoy y concéntrate en mantener el status quo.,1
overall_C1_geum_df_wood,state,"Debido a la falta de determinación, es fácil que se acumulen opciones indecisas y la energía del cambio puede seguir interfiriendo y alterando los planes.",1
overall_C1_geum_ex_earth,intro,"Este es un día muy malo para tu fortuna general, con dificultades en muchos ámbitos.",1
overall_C1_geum_ex_earth,effect,La grave caída de las fortunas generales crea barreras a todos los intentos.,1
overall_C1_geum_ex_earth,action,Deja de intentar cosas nuevas hoy y concéntrate en mantener el status quo.,1
overall_C1_geum_ex_earth,state,"La agudeza puede ir demasiado lejos y suponer una carga para quienes le rodean, y la energía turbia puede reducir la motivación y nublar su juicio.",1
overall_C1_geum_ex_fire,intro,"Este es un día muy malo para tu fortuna general, con dificultades en muchos ámbitos.",1
overall_C1_geum_ex_fire,effect,La grave caída de las fortunas generales crea barreras a todos los intentos.,1
overall_C1_geum_ex_fire,action,Deja de intentar cosas nuevas hoy y concéntrate en mantener el status quo.,1
overall_C1_geum_ex_fire,state,"Su agudeza puede ir demasiado lejos y suponer una carga para quienes le rodean, y su energía excitada puede disipar su calma y provocar errores menores.",1
overall_C1_geum_ex_water,intro,"Este es un día muy malo para tu fortuna general, con dificultades en muchos ámbitos.",1
overall_C1_geum_ex_water,effect,La grave caída de las fortunas generales crea barreras a todos los intentos.,1
overall_C1_geum_ex_water,action,Deja de intentar cosas nuevas hoy y concéntrate en mantener el status quo.,1
overall_C1_geum_ex_water,state,"Tu agudeza puede ir demasiado lejos y suponer una carga para quienes te rodean, y la energía de la lluvia y la nieve no puede calmar tus emociones, haciendo que tu corazón se sienta pesado.",1
overall_C1_geum_ex_wood,intro,"Este es un día muy malo para tu fortuna general, con dificultades en muchos ámbitos.",1
overall_C1_geum_ex_wood,effect,La grave caída de las fortunas generales crea barreras a todos los intentos.,1
overall_C1_geum_ex_wood,action,Deja de intentar cosas nuevas hoy y concéntrate en mantener el status quo.,1
overall_C1_geum_ex_wood,state,"Tu agudeza puede ir demasiado lejos y suponer una carga para quienes te rodean, y la energía del cambio puede seguir interfiriendo con tus planes.",1
overall_C1_hwa_df_earth,intro,"Su energía general es extremadamente baja, lo que hace que todo el día sea letárgico.",1
overall_C1_hwa_df_earth,effect,El agotamiento total de la energía bloquea el rendimiento en todas las áreas.,1
overall_C1_hwa_df_earth,action,Haz una actividad mínima y concéntrate en recuperar energía.,1
overall_C1_hwa_df_earth,state,"Es fácil que sus sentimientos no se transmitan adecuadamente debido al bloqueo de la expresión, y la energía turbia puede reducir la motivación y nublar su juicio.",1
overall_C1_hwa_df_fire,intro,"Su energía general es extremadamente baja, lo que hace que todo el día sea letárgico.",1
overall_C1_hwa_df_fire,effect,El agotamiento total de la energía bloquea el rendimiento en todas las áreas.,1
overall_C1_hwa_df_fire,action,Haz una actividad mínima y concéntrate en recuperar energía.,1
overall_C1_hwa_df_fire,state,"Es fácil que sus sentimientos no se transmitan adecuadamente debido al bloqueo de la expresión, y la energía excitada puede dispersar su calma y provocar errores menores.",1
overall_C1_hwa_df_water,intro,"Su energía general es extremadamente baja, lo que hace que todo el día sea letárgico.",1
overall_C1_hwa_df_water,effect,El agotamiento total de la energía bloquea el rendimiento en todas las áreas.,1
overall_C1_hwa_df_water,action,Haz una actividad mínima y concéntrate en recuperar energía.,1
overall_C1_hwa_df_water,state,"Debido a que las expresiones están bloqueadas, es fácil que sus sentimientos no se transmitan adecuadamente y la energía de la lluvia y la nieve no puede calmar sus emociones, lo que puede hacer que su corazón se sienta pesado.",1
overall_C1_hwa_df_wood,intro,"Su energía general es extremadamente baja, lo que hace que todo el día sea letárgico.",1
overall_C1_hwa_df_wood,effect,El agotamiento total de la energía bloquea el rendimiento en todas las áreas.,1
overall_C1_hwa_df_wood,action,Haz una actividad mínima y concéntrate en recuperar energía.,1
overall_C1_hwa_df_wood,state,"Es fácil que tus sentimientos no se transmitan adecuadamente debido al bloqueo de expresión, y la energía del cambio puede seguir interfiriendo y alterando tus planes.",1
overall_C1_hwa_ex_earth,intro,"Su energía general es extremadamente baja, lo que hace que todo el día sea letárgico.",1
overall_C1_hwa_ex_earth,effect,El agotamiento total de la energía bloquea el rendimiento en todas las áreas.,1
overall_C1_hwa_ex_earth,action,Haz una actividad mínima y concéntrate en recuperar energía.,1
overall_C1_hwa_ex_earth,state,"Es fácil que las emociones causen fricción incluso por cosas pequeñas, y la energía turbia puede reducir la motivación y nublar el juicio.",1
overall_C1_hwa_ex_fire,intro,"Su energía general es extremadamente baja, lo que hace que todo el día sea letárgico.",1
overall_C1_hwa_ex_fire,effect,El agotamiento total de la energía bloquea el rendimiento en todas las áreas.,1
overall_C1_hwa_ex_fire,action,Haz una actividad mínima y concéntrate en recuperar energía.,1
overall_C1_hwa_ex_fire,state,"Es fácil que las emociones causen fricción incluso por cosas pequeñas, y la energía excitada puede alterar la calma y provocar errores menores.",1
overall_C1_hwa_ex_water,intro,"Su energía general es extremadamente baja, lo que hace que todo el día sea letárgico.",1
overall_C1_hwa_ex_water,effect,El agotamiento total de la energía bloquea el rendimiento en todas las áreas.,1
overall_C1_hwa_ex_water,action,Haz una actividad mínima y concéntrate en recuperar energía.,1
overall_C1_hwa_ex_water,state,"Es fácil que surjan emociones incluso por cosas pequeñas, y la energía de la lluvia y la nieve no puede calmar tus emociones, lo que hace que tu corazón se sienta pesado.",1
overall_C1_hwa_ex_wood,intro,"Su energía general es extremadamente baja, lo que hace que todo el día sea letárgico.",1
overall_C1_hwa_ex_wood,effect,El agotamiento total de la energía bloquea el rendimiento en todas las áreas.,1
overall_C1_hwa_ex_wood,action,Haz una actividad mínima y concéntrate en recuperar energía.,1
overall_C1_hwa_ex_wood,state,"Si está impulsado emocionalmente, es fácil que surjan fricciones incluso por cosas pequeñas, y la energía del cambio puede seguir interfiriendo e interrumpiendo sus planes.",1
overall_C1_mok_df_earth,intro,"Es un día en el que la energía de crecimiento integral queda completamente bloqueada, dificultando que cualquier intento dé frutos.",1
overall_C1_mok_df_earth,effect,El bloqueo de la energía del crecimiento crea regresión y frustración en todos los ámbitos.,1
overall_C1_mok_df_earth,action,No empieces nada nuevo hoy y prepárate para mañana.,1
overall_C1_mok_df_earth,state,"Si dudas durante mucho tiempo, es fácil que una oportunidad se te escape de las manos y la energía turbia puede reducir la motivación y nublar tu juicio.",1
overall_C1_mok_df_fire,intro,"Es un día en el que la energía de crecimiento integral queda completamente bloqueada, dificultando que cualquier intento dé frutos.",1
overall_C1_mok_df_fire,effect,El bloqueo de la energía del crecimiento crea regresión y frustración en todos los ámbitos.,1
overall_C1_mok_df_fire,action,No empieces nada nuevo hoy y prepárate para mañana.,1
overall_C1_mok_df_fire,state,"Si dudas durante mucho tiempo, es fácil que se te escape una oportunidad y la energía excitada puede disipar tu calma y llevarte a errores menores.",1
overall_C1_mok_df_water,intro,"Es un día en el que la energía de crecimiento integral queda completamente bloqueada, dificultando que cualquier intento dé frutos.",1
overall_C1_mok_df_water,effect,El bloqueo de la energía del crecimiento crea regresión y frustración en todos los ámbitos.,1
overall_C1_mok_df_water,action,No empieces nada nuevo hoy y prepárate para mañana.,1
overall_C1_mok_df_water,state,"Si dudas durante mucho tiempo, es fácil que una oportunidad se te escape de las manos y la energía de la lluvia y la nieve no pueda calmar tus emociones, haciendo que tu corazón se sienta pesado.",1
overall_C1_mok_df_wood,intro,"Es un día en el que la energía de crecimiento integral queda completamente bloqueada, dificultando que cualquier intento dé frutos.",1
overall_C1_mok_df_wood,effect,El bloqueo de la energía del crecimiento crea regresión y frustración en todos los ámbitos.,1
overall_C1_mok_df_wood,action,No empieces nada nuevo hoy y prepárate para mañana.,1
overall_C1_mok_df_wood,state,"Si dudas durante mucho tiempo, es fácil que una oportunidad se te escape de las manos y la energía del cambio puede seguir interfiriendo y alterando tus planes.",1
overall_C1_mok_ex_earth,intro,"Es un día en el que la energía de crecimiento integral queda completamente bloqueada, dificultando que cualquier intento dé frutos.",1
overall_C1_mok_ex_earth,effect,El bloqueo de la energía del crecimiento crea regresión y frustración en todos los ámbitos.,1
overall_C1_mok_ex_earth,action,No empieces nada nuevo hoy y prepárate para mañana.,1
overall_C1_mok_ex_earth,state,"Es fácil que la codicia conduzca a cosas que no se pueden captar, y la energía turbia puede reducir la motivación y nublar el juicio.",1
overall_C1_mok_ex_fire,intro,"Es un día en el que la energía de crecimiento integral queda completamente bloqueada, dificultando que cualquier intento dé frutos.",1
overall_C1_mok_ex_fire,effect,El bloqueo de la energía del crecimiento crea regresión y frustración en todos los ámbitos.,1
overall_C1_mok_ex_fire,action,No empieces nada nuevo hoy y prepárate para mañana.,1
overall_C1_mok_ex_fire,state,"Es fácil volverse codicioso y hacer cosas que no puedes controlar, y la energía excitada puede perturbar tu calma y provocar errores menores.",1
overall_C1_mok_ex_water,intro,"Es un día en el que la energía de crecimiento integral queda completamente bloqueada, dificultando que cualquier intento dé frutos.",1
overall_C1_mok_ex_water,effect,El bloqueo de la energía del crecimiento crea regresión y frustración en todos los ámbitos.,1
overall_C1_mok_ex_water,action,No empieces nada nuevo hoy y prepárate para mañana.,1
overall_C1_mok_ex_water,state,"Es fácil volverse codicioso y hacer cosas que no puedes controlar, y la energía de la lluvia y la nieve no puede calmar tus emociones, lo que hace que tu corazón se sienta pesado.",1
overall_C1_mok_ex_wood,intro,"Es un día en el que la energía de crecimiento integral queda completamente bloqueada, dificultando que cualquier intento dé frutos.",1
overall_C1_mok_ex_wood,effect,El bloqueo de la energía del crecimiento crea regresión y frustración en todos los ámbitos.,1
overall_C1_mok_ex_wood,action,No empieces nada nuevo hoy y prepárate para mañana.,1
overall_C1_mok_ex_wood,state,"Es fácil volverse codicioso y terminar haciendo cosas que no puedes controlar, y la energía del cambio puede seguir interfiriendo e interrumpiendo tus planes.",1
overall_C1_su_df_earth,intro,Todo el flujo está completamente bloqueado y la primera mitad del día es difícil.,1
overall_C1_su_df_earth,effect,El bloqueo del flujo genera fallas y pérdidas en todas las áreas simultáneamente.,1
overall_C1_su_df_earth,action,No vayas contra la corriente y toma sólo las decisiones más seguras.,1
overall_C1_su_df_earth,state,"Es fácil volverse terco y perder la noción de las cosas repetidamente, y la energía turbia puede reducir la motivación y nublar el juicio.",1
overall_C1_su_df_fire,intro,Todo el flujo está completamente bloqueado y la primera mitad del día es difícil.,1
overall_C1_su_df_fire,effect,El bloqueo del flujo genera fallas y pérdidas en todas las áreas simultáneamente.,1
overall_C1_su_df_fire,action,No vayas contra la corriente y toma sólo las decisiones más seguras.,1
overall_C1_su_df_fire,state,"Es fácil volverse terco y perder la noción de la corriente, y la energía excitada puede perturbar su calma y provocar errores menores.",1
overall_C1_su_df_water,intro,Todo el flujo está completamente bloqueado y la primera mitad del día es difícil.,1
overall_C1_su_df_water,effect,El bloqueo del flujo genera fallas y pérdidas en todas las áreas simultáneamente.,1
overall_C1_su_df_water,action,No vayas contra la corriente y toma sólo las decisiones más seguras.,1
overall_C1_su_df_water,state,"Es fácil volverse terco y perder la noción de la corriente, y la energía de la lluvia y la nieve no puede calmar tus emociones, lo que hace que tu corazón se sienta pesado.",1
overall_C1_su_df_wood,intro,Todo el flujo está completamente bloqueado y la primera mitad del día es difícil.,1
overall_C1_su_df_wood,effect,El bloqueo del flujo genera fallas y pérdidas en todas las áreas simultáneamente.,1
overall_C1_su_df_wood,action,No vayas contra la corriente y toma sólo las decisiones más seguras.,1
overall_C1_su_df_wood,state,"Es fácil volverse terco y perder la noción de las cosas repetidamente, y la energía del cambio puede seguir interfiriendo y alterando sus planes.",1
overall_C1_su_ex_earth,intro,Todo el flujo está completamente bloqueado y la primera mitad del día es difícil.,1
overall_C1_su_ex_earth,effect,El bloqueo del flujo genera fallas y pérdidas en todas las áreas simultáneamente.,1
overall_C1_su_ex_earth,action,No vayas contra la corriente y toma sólo las decisiones más seguras.,1
overall_C1_su_ex_earth,state,"Las emociones se vuelven más profundas, por lo que es fácil verse sacudido incluso por estímulos pequeños, y la energía turbia puede reducir la motivación y nublar el juicio.",1
overall_C1_su_ex_fire,intro,Todo el flujo está completamente bloqueado y la primera mitad del día es difícil.,1
overall_C1_su_ex_fire,effect,El bloqueo del flujo genera fallas y pérdidas en todas las áreas simultáneamente.,1
overall_C1_su_ex_fire,action,No vayas contra la corriente y toma sólo las decisiones más seguras.,1
overall_C1_su_ex_fire,state,"Las emociones se vuelven profundas, por lo que es fácil verse sacudido incluso por el más mínimo estímulo, y la energía excitada puede alterar la calma y provocar errores menores.",1
overall_C1_su_ex_water,intro,Todo el flujo está completamente bloqueado y la primera mitad del día es difícil.,1
overall_C1_su_ex_water,effect,El bloqueo del flujo genera fallas y pérdidas en todas las áreas simultáneamente.,1
overall_C1_su_ex_water,action,No vayas contra la corriente y toma sólo las decisiones más seguras.,1
overall_C1_su_ex_water,state,"A medida que las emociones se vuelven más profundas, es fácil verse sacudido incluso por el más mínimo estímulo, y es posible que la energía de la lluvia y la nieve no calme las emociones, lo que hace que el corazón se sienta pesado.",1
overall_C1_su_ex_wood,intro,Todo el flujo está completamente bloqueado y la primera mitad del día es difícil.,1
overall_C1_su_ex_wood,effect,El bloqueo del flujo genera fallas y pérdidas en todas las áreas simultáneamente.,1
overall_C1_su_ex_wood,action,No vayas contra la corriente y toma sólo las decisiones más seguras.,1
overall_C1_su_ex_wood,state,"A medida que sus emociones se profundizan, es fácil verse sacudido incluso por el más mínimo estímulo, y la energía del cambio puede seguir interfiriendo e interrumpiendo sus planes.",1
overall_C1_to_df_earth,intro,Es un día en el que tu sensación general de estabilidad se ha visto seriamente perturbada y te resulta difícil creer en algo.,1
overall_C1_to_df_earth,effect,La inestable base general de la suerte provoca una serie de problemas.,1
overall_C1_to_df_earth,action,Posponga hoy todas las decisiones importantes y concéntrese únicamente en recuperar la estabilidad.,1
overall_C1_to_df_earth,state,"Debido a que no estás centrado, es fácil que tus decisiones cambien y la energía turbia puede reducir la motivación y nublar tu juicio.",1
overall_C1_to_df_fire,intro,Es un día en el que tu sensación general de estabilidad se ha visto seriamente perturbada y te resulta difícil creer en algo.,1
overall_C1_to_df_fire,effect,La inestable base general de la suerte provoca una serie de problemas.,1
overall_C1_to_df_fire,action,Posponga hoy todas las decisiones importantes y concéntrese únicamente en recuperar la estabilidad.,1
overall_C1_to_df_fire,state,"Debido a que no estás centrado, es fácil que tus decisiones cambien y tu energía excitada puede disipar tu calma y llevarte a errores menores.",1
overall_C1_to_df_water,intro,Es un día en el que tu sensación general de estabilidad se ha visto seriamente perturbada y te resulta difícil creer en algo.,1
overall_C1_to_df_water,effect,La inestable base general de la suerte provoca una serie de problemas.,1
overall_C1_to_df_water,action,Posponga hoy todas las decisiones importantes y concéntrese únicamente en recuperar la estabilidad.,1
overall_C1_to_df_water,state,"Debido a que no estás centrado, es fácil que tus decisiones cambien y la energía de la lluvia y la nieve no puede calmar tus emociones, lo que hace que tu corazón se sienta pesado.",1
overall_C1_to_df_wood,intro,Es un día en el que tu sensación general de estabilidad se ha visto seriamente perturbada y te resulta difícil creer en algo.,1
overall_C1_to_df_wood,effect,La inestable base general de la suerte provoca una serie de problemas.,1
overall_C1_to_df_wood,action,Posponga hoy todas las decisiones importantes y concéntrese únicamente en recuperar la estabilidad.,1
overall_C1_to_df_wood,state,"Como no estás centrado, es fácil que tus decisiones cambien y la energía del cambio puede seguir interfiriendo con tus planes.",1
overall_C1_to_ex_earth,intro,Es un día en el que tu sensación general de estabilidad se ha visto seriamente perturbada y te resulta difícil creer en algo.,1
overall_C1_to_ex_earth,effect,La inestable base general de la suerte provoca una serie de problemas.,1
overall_C1_to_ex_earth,action,Posponga hoy todas las decisiones importantes y concéntrese únicamente en recuperar la estabilidad.,1
overall_C1_to_ex_earth,state,"Es fácil ignorar los cambios que requieren una obstinada orientación hacia la estabilidad, y la energía turbia puede reducir la motivación y nublar el juicio.",1
overall_C1_to_ex_fire,intro,Es un día en el que tu sensación general de estabilidad se ha visto seriamente perturbada y te resulta difícil creer en algo.,1
overall_C1_to_ex_fire,effect,La inestable base general de la suerte provoca una serie de problemas.,1
overall_C1_to_ex_fire,action,Posponga hoy todas las decisiones importantes y concéntrese únicamente en recuperar la estabilidad.,1
overall_C1_to_ex_fire,state,"Es fácil ignorar los cambios que requieren una estabilidad tenaz, y la energía excitada puede perturbar la calma y provocar errores menores.",1
overall_C1_to_ex_water,intro,Es un día en el que tu sensación general de estabilidad se ha visto seriamente perturbada y te resulta difícil creer en algo.,1
overall_C1_to_ex_water,effect,La inestable base general de la suerte provoca una serie de problemas.,1
overall_C1_to_ex_water,action,Posponga hoy todas las decisiones importantes y concéntrese únicamente en recuperar la estabilidad.,1
overall_C1_to_ex_water,state,"Es fácil ignorar los cambios que requieren una estabilidad obstinada, y es posible que la energía de la lluvia y la nieve no calme sus emociones, lo que hace que su corazón se sienta pesado.",1
overall_C1_to_ex_wood,intro,Es un día en el que tu sensación general de estabilidad se ha visto seriamente perturbada y te resulta difícil creer en algo.,1
overall_C1_to_ex_wood,effect,La inestable base general de la suerte provoca una serie de problemas.,1
overall_C1_to_ex_wood,action,Posponga hoy todas las decisiones importantes y concéntrese únicamente en recuperar la estabilidad.,1
overall_C1_to_ex_wood,state,"Es fácil ignorar los cambios que requieren una obstinada orientación hacia la estabilidad, y la energía del cambio puede seguir interfiriendo y alterando sus planes.",1
overall_D,intro,"Hoy, tu energía está cerca del fondo, por lo que se necesita un día para dejar de lado por completo tu codicia.",1
overall_D,intro,"El flujo de la suerte está prácticamente cerrado hoy, por lo que es mejor mantener todo al mínimo.",1
overall_D,effect,"Es un día difícil para salir según lo previsto en cualquier ámbito, lo que requiere paciencia y moderación.",1
overall_D,effect,"La energía está cerca del fondo, por lo que incluso los pequeños esfuerzos pueden provocar un agotamiento importante, por lo que conservar la energía es importante.",1
overall_D,action,Hoy la existencia misma es suficiente. Es un buen día incluso si no haces nada.,1
overall_D,action,Ahorrar energía para el mañana es lo más inteligente que puedes hacer hoy.,1
overall_D_geum_df_earth,intro,Hoy es un día muy difícil ya que su fortuna general está en su punto más bajo.,1
overall_D_geum_df_earth,effect,Un declive total de todas las fortunas hace que cualquier esfuerzo sea infructuoso.,1
overall_D_geum_df_earth,action,Tómate un día tranquilo hoy y espera con ansias el mañana.,1
overall_D_geum_df_earth,state,"Tu determinación puede verse muy rota, y cualquier elección que hagas puede resultar en arrepentimiento, y la energía espesa y turbia puede ralentizar todo en gran medida.",1
overall_D_geum_df_fire,intro,Hoy es un día muy difícil ya que su fortuna general está en su punto más bajo.,1
overall_D_geum_df_fire,effect,Un declive total de todas las fortunas hace que cualquier esfuerzo sea infructuoso.,1
overall_D_geum_df_fire,action,Tómate un día tranquilo hoy y espera con ansias el mañana.,1
overall_D_geum_df_fire,state,"La capacidad de decisión puede verse muy debilitada y cualquier elección puede conducir al arrepentimiento, y un yang fuerte puede fomentar impulsos y conducir a acciones imprudentes.",1
overall_D_geum_df_water,intro,Hoy es un día muy difícil ya que su fortuna general está en su punto más bajo.,1
overall_D_geum_df_water,effect,Un declive total de todas las fortunas hace que cualquier esfuerzo sea infructuoso.,1
overall_D_geum_df_water,action,Tómate un día tranquilo hoy y espera con ansias el mañana.,1
overall_D_geum_df_water,state,"Su determinación puede verse alterada en gran medida, y cualquier elección que haga puede resultar en arrepentimiento, y la fuerza de las fuertes lluvias y nieves puede sacudir sus emociones violentamente, haciendo difícil controlarlas.",1
overall_D_geum_df_wood,intro,Hoy es un día muy difícil ya que su fortuna general está en su punto más bajo.,1
overall_D_geum_df_wood,effect,Un declive total de todas las fortunas hace que cualquier esfuerzo sea infructuoso.,1
overall_D_geum_df_wood,action,Tómate un día tranquilo hoy y espera con ansias el mañana.,1
overall_D_geum_df_wood,state,"Su determinación puede verse muy quebrantada, cualquier elección que haga puede terminar en arrepentimiento y la feroz energía del cambio puede hacer que todas sus predicciones se extravíen.",1
overall_D_geum_ex_earth,intro,Hoy es un día muy difícil ya que su fortuna general está en su punto más bajo.,1
overall_D_geum_ex_earth,effect,Un declive total de todas las fortunas hace que cualquier esfuerzo sea infructuoso.,1
overall_D_geum_ex_earth,action,Tómate un día tranquilo hoy y espera con ansias el mañana.,1
overall_D_geum_ex_earth,state,"Si la nitidez va demasiado lejos, puede crear una profunda grieta con el entorno, y la espesa energía turbia puede ralentizar todo enormemente.",1
overall_D_geum_ex_fire,intro,Hoy es un día muy difícil ya que su fortuna general está en su punto más bajo.,1
overall_D_geum_ex_fire,effect,Un declive total de todas las fortunas hace que cualquier esfuerzo sea infructuoso.,1
overall_D_geum_ex_fire,action,Tómate un día tranquilo hoy y espera con ansias el mañana.,1
overall_D_geum_ex_fire,state,"La agudeza puede ir demasiado lejos y crear profundas divisiones con quienes te rodean, y un yang fuerte puede fomentar impulsos y conducir a acciones imprudentes.",1
overall_D_geum_ex_water,intro,Hoy es un día muy difícil ya que su fortuna general está en su punto más bajo.,1
overall_D_geum_ex_water,effect,Un declive total de todas las fortunas hace que cualquier esfuerzo sea infructuoso.,1
overall_D_geum_ex_water,action,Tómate un día tranquilo hoy y espera con ansias el mañana.,1
overall_D_geum_ex_water,state,"La nitidez puede ir demasiado lejos y crear grietas profundas en el entorno, y la fuerza de la lluvia y la nieve intensas puede sacudir tus emociones violentamente, dificultando su control.",1
overall_D_geum_ex_wood,intro,Hoy es un día muy difícil ya que su fortuna general está en su punto más bajo.,1
overall_D_geum_ex_wood,effect,Un declive total de todas las fortunas hace que cualquier esfuerzo sea infructuoso.,1
overall_D_geum_ex_wood,action,Tómate un día tranquilo hoy y espera con ansias el mañana.,1
overall_D_geum_ex_wood,state,"La nitidez puede ir demasiado lejos y crear profundas grietas en el entorno, y la feroz energía del cambio puede desviar todas las predicciones.",1
overall_D_hwa_df_earth,intro,Este es un día en el que tu energía general está completamente agotada y cualquier movimiento resulta difícil.,1
overall_D_hwa_df_earth,effect,El agotamiento total de la energía hace que todos los campos colapsen simultáneamente.,1
overall_D_hwa_df_earth,action,Reduce cualquier actividad hoy y descansa por completo.,1
overall_D_hwa_df_earth,state,"La forma de transmitir los propios sentimientos está completamente cerrada, lo que puede profundizar los malentendidos y la desconexión, y la energía espesa y turbia puede ralentizar todo enormemente.",1
overall_D_hwa_df_fire,intro,Este es un día en el que tu energía general está completamente agotada y cualquier movimiento resulta difícil.,1
overall_D_hwa_df_fire,effect,El agotamiento total de la energía hace que todos los campos colapsen simultáneamente.,1
overall_D_hwa_df_fire,action,Reduce cualquier actividad hoy y descansa por completo.,1
overall_D_hwa_df_fire,state,"La forma de comunicar los propios sentimientos es completamente cerrada, lo que puede profundizar los malentendidos y la desconexión, y una fuerte energía positiva puede fomentar impulsos y conducir a acciones imprudentes.",1
overall_D_hwa_df_water,intro,Este es un día en el que tu energía general está completamente agotada y cualquier movimiento resulta difícil.,1
overall_D_hwa_df_water,effect,El agotamiento total de la energía hace que todos los campos colapsen simultáneamente.,1
overall_D_hwa_df_water,action,Reduce cualquier actividad hoy y descansa por completo.,1
overall_D_hwa_df_water,state,"La forma de comunicar los propios sentimientos es completamente cerrada, lo que puede profundizar los malentendidos y la desconexión, y la fuerza de las fuertes lluvias y nieves puede sacudir las emociones violentamente, dificultando su control.",1
overall_D_hwa_df_wood,intro,Este es un día en el que tu energía general está completamente agotada y cualquier movimiento resulta difícil.,1
overall_D_hwa_df_wood,effect,El agotamiento total de la energía hace que todos los campos colapsen simultáneamente.,1
overall_D_hwa_df_wood,action,Reduce cualquier actividad hoy y descansa por completo.,1
overall_D_hwa_df_wood,state,"La forma de comunicar los propios sentimientos está completamente cerrada, los malentendidos y la desconexión pueden profundizarse, y la feroz energía del cambio puede hacer que todas las predicciones se extravíen.",1
overall_D_hwa_ex_earth,intro,Este es un día en el que tu energía general está completamente agotada y cualquier movimiento resulta difícil.,1
overall_D_hwa_ex_earth,effect,El agotamiento total de la energía hace que todos los campos colapsen simultáneamente.,1
overall_D_hwa_ex_earth,action,Reduce cualquier actividad hoy y descansa por completo.,1
overall_D_hwa_ex_earth,state,"Las emociones sobrecalentadas pueden convertirse en un conflicto irreparable, y la energía espesa y turbia puede ralentizar todo enormemente.",1
overall_D_hwa_ex_fire,intro,Este es un día en el que tu energía general está completamente agotada y cualquier movimiento resulta difícil.,1
overall_D_hwa_ex_fire,effect,El agotamiento total de la energía hace que todos los campos colapsen simultáneamente.,1
overall_D_hwa_ex_fire,action,Reduce cualquier actividad hoy y descansa por completo.,1
overall_D_hwa_ex_fire,state,Las emociones sobrecalentadas pueden provocar conflictos irreversibles y un yang fuerte puede fomentar impulsos y conducir a acciones imprudentes.,1
overall_D_hwa_ex_water,intro,Este es un día en el que tu energía general está completamente agotada y cualquier movimiento resulta difícil.,1
overall_D_hwa_ex_water,effect,El agotamiento total de la energía hace que todos los campos colapsen simultáneamente.,1
overall_D_hwa_ex_water,action,Reduce cualquier actividad hoy y descansa por completo.,1
overall_D_hwa_ex_water,state,"Las emociones sobrecalentadas pueden convertirse en un conflicto irreparable, y la fuerza de las fuertes lluvias y nieve sacude las emociones violentamente, dificultando el control.",1
overall_D_hwa_ex_wood,intro,Este es un día en el que tu energía general está completamente agotada y cualquier movimiento resulta difícil.,1
overall_D_hwa_ex_wood,effect,El agotamiento total de la energía hace que todos los campos colapsen simultáneamente.,1
overall_D_hwa_ex_wood,action,Reduce cualquier actividad hoy y descansa por completo.,1
overall_D_hwa_ex_wood,state,"Las emociones sobrecalentadas pueden derivar en un conflicto irreparable, y la feroz energía del cambio puede hacer que todas las predicciones se extravíen.",1
overall_D_mok_df_earth,intro,Este puede ser el peor día de su vida ya que su energía de crecimiento general se pierde por completo.,1
overall_D_mok_df_earth,effect,La pérdida total de energía de crecimiento empeora toda la zona.,1
overall_D_mok_df_earth,action,No hagas nada nuevo hoy y déjalo para mañana.,1
overall_D_mok_df_earth,state,"El miedo puede impedirte por completo actuar e incluso hacerte perder oportunidades, y la energía espesa y turbia puede ralentizar todo enormemente.",1
overall_D_mok_df_fire,intro,Este puede ser el peor día de su vida ya que su energía de crecimiento general se pierde por completo.,1
overall_D_mok_df_fire,effect,La pérdida total de energía de crecimiento empeora toda la zona.,1
overall_D_mok_df_fire,action,No hagas nada nuevo hoy y déjalo para mañana.,1
overall_D_mok_df_fire,state,"El miedo puede detener por completo una acción e incluso provocar la pérdida de oportunidades, y una fuerte energía positiva puede fomentar impulsos y conducir a acciones imprudentes.",1
overall_D_mok_df_water,intro,Este puede ser el peor día de su vida ya que su energía de crecimiento general se pierde por completo.,1
overall_D_mok_df_water,effect,La pérdida total de energía de crecimiento empeora toda la zona.,1
overall_D_mok_df_water,action,No hagas nada nuevo hoy y déjalo para mañana.,1
overall_D_mok_df_water,state,"El miedo puede impedirle por completo actuar e incluso hacer que pierda oportunidades, y la fuerza de las fuertes lluvias y nieves puede sacudir tanto sus emociones que resulta difícil controlarlas.",1
overall_D_mok_df_wood,intro,Este puede ser el peor día de su vida ya que su energía de crecimiento general se pierde por completo.,1
overall_D_mok_df_wood,effect,La pérdida total de energía de crecimiento empeora toda la zona.,1
overall_D_mok_df_wood,action,No hagas nada nuevo hoy y déjalo para mañana.,1
overall_D_mok_df_wood,state,"El miedo puede detener por completo la acción e incluso conducir a la pérdida de oportunidades, y la feroz energía del cambio puede hacer que todas las predicciones se extravíen.",1
overall_D_mok_ex_earth,intro,Este puede ser el peor día de su vida ya que su energía de crecimiento general se pierde por completo.,1
overall_D_mok_ex_earth,effect,La pérdida total de energía de crecimiento empeora toda la zona.,1
overall_D_mok_ex_earth,action,No hagas nada nuevo hoy y déjalo para mañana.,1
overall_D_mok_ex_earth,state,La motivación incontrolable puede provocar accidentes irrazonables y la energía espesa y turbia puede ralentizar todo considerablemente.,1
overall_D_mok_ex_fire,intro,Este puede ser el peor día de su vida ya que su energía de crecimiento general se pierde por completo.,1
overall_D_mok_ex_fire,effect,La pérdida total de energía de crecimiento empeora toda la zona.,1
overall_D_mok_ex_fire,action,No hagas nada nuevo hoy y déjalo para mañana.,1
overall_D_mok_ex_fire,state,La motivación incontrolable puede provocar accidentes irrazonables y una fuerte energía positiva puede fomentar impulsos y conducir a acciones imprudentes.,1
overall_D_mok_ex_water,intro,Este puede ser el peor día de su vida ya que su energía de crecimiento general se pierde por completo.,1
overall_D_mok_ex_water,effect,La pérdida total de energía de crecimiento empeora toda la zona.,1
overall_D_mok_ex_water,action,No hagas nada nuevo hoy y déjalo para mañana.,1
overall_D_mok_ex_water,state,"La motivación incontrolable puede provocar accidentes irrazonables, y la fuerza de las fuertes lluvias y nieves puede sacudir violentamente las emociones, dificultando el control.",1
overall_D_mok_ex_wood,intro,Este puede ser el peor día de su vida ya que su energía de crecimiento general se pierde por completo.,1
overall_D_mok_ex_wood,effect,La pérdida total de energía de crecimiento empeora toda la zona.,1
overall_D_mok_ex_wood,action,No hagas nada nuevo hoy y déjalo para mañana.,1
overall_D_mok_ex_wood,state,La motivación incontrolable puede conducir a pensamientos irracionales y la feroz energía del cambio puede hacer que todas las predicciones se extravíen.,1
overall_D_su_df_earth,intro,Es un día en el que toda la tendencia se invierte por completo y cualquier esfuerzo es contraproducente.,1
overall_D_su_df_earth,effect,Una inversión completa del flujo hace que todos los intentos fracasen.,1
overall_D_su_df_earth,action,Detén todos tus planes hoy y espera a que la situación cambie.,1
overall_D_su_df_earth,state,"Una actitud rígida bloquea todo flujo, dificultando el progreso, y la energía espesa y turbia puede ralentizar todo en gran medida.",1
overall_D_su_df_fire,intro,Es un día en el que toda la tendencia se invierte por completo y cualquier esfuerzo es contraproducente.,1
overall_D_su_df_fire,effect,Una inversión completa del flujo hace que todos los intentos fracasen.,1
overall_D_su_df_fire,action,Detén todos tus planes hoy y espera a que la situación cambie.,1
overall_D_su_df_fire,state,"Una actitud rígida bloquea todo flujo, dificultando el progreso, y una fuerte energía positiva puede fomentar impulsos y conducir a acciones imprudentes.",1
overall_D_su_df_water,intro,Es un día en el que toda la tendencia se invierte por completo y cualquier esfuerzo es contraproducente.,1
overall_D_su_df_water,effect,Una inversión completa del flujo hace que todos los intentos fracasen.,1
overall_D_su_df_water,action,Detén todos tus planes hoy y espera a que la situación cambie.,1
overall_D_su_df_water,state,"Una actitud rígida bloquea todo flujo, dificultando el progreso, y la fuerza de las fuertes lluvias y nieve sacude violentamente las emociones, dificultando el control.",1
overall_D_su_df_wood,intro,Es un día en el que toda la tendencia se invierte por completo y cualquier esfuerzo es contraproducente.,1
overall_D_su_df_wood,effect,Una inversión completa del flujo hace que todos los intentos fracasen.,1
overall_D_su_df_wood,action,Detén todos tus planes hoy y espera a que la situación cambie.,1
overall_D_su_df_wood,state,"Una actitud rígida bloquea todo flujo, dificulta el progreso, y la feroz energía del cambio puede hacer que todas las predicciones se extravíen.",1
overall_D_su_ex_earth,intro,Es un día en el que toda la tendencia se invierte por completo y cualquier esfuerzo es contraproducente.,1
overall_D_su_ex_earth,effect,Una inversión completa del flujo hace que todos los intentos fracasen.,1
overall_D_su_ex_earth,action,Detén todos tus planes hoy y espera a que la situación cambie.,1
overall_D_su_ex_earth,state,"El torrente de emociones puede abrumar la razón y conducir a grandes errores, y la energía espesa y turbia puede ralentizar todo enormemente.",1
overall_D_su_ex_fire,intro,Es un día en el que toda la tendencia se invierte por completo y cualquier esfuerzo es contraproducente.,1
overall_D_su_ex_fire,effect,Una inversión completa del flujo hace que todos los intentos fracasen.,1
overall_D_su_ex_fire,action,Detén todos tus planes hoy y espera a que la situación cambie.,1
overall_D_su_ex_fire,state,"Un torrente de emociones puede abrumar la razón y provocar grandes errores, y una fuerte energía positiva puede fomentar impulsos y conducir a acciones imprudentes.",1
overall_D_su_ex_water,intro,Es un día en el que toda la tendencia se invierte por completo y cualquier esfuerzo es contraproducente.,1
overall_D_su_ex_water,effect,Una inversión completa del flujo hace que todos los intentos fracasen.,1
overall_D_su_ex_water,action,Detén todos tus planes hoy y espera a que la situación cambie.,1
overall_D_su_ex_water,state,"Un torrente de emociones puede abrumar la razón y conducir a grandes errores, y la fuerza de una fuerte lluvia y nieve puede sacudir las emociones violentamente, haciendo difícil controlarlas.",1
overall_D_su_ex_wood,intro,Es un día en el que toda la tendencia se invierte por completo y cualquier esfuerzo es contraproducente.,1
overall_D_su_ex_wood,effect,Una inversión completa del flujo hace que todos los intentos fracasen.,1
overall_D_su_ex_wood,action,Detén todos tus planes hoy y espera a que la situación cambie.,1
overall_D_su_ex_wood,state,"El torrente de emociones puede abrumar la razón y conducir a grandes errores, y la feroz energía del cambio puede hacer que todas las predicciones se extravíen.",1
overall_D_to_df_earth,intro,Hoy es un día de crisis ya que tu sensación general de estabilidad se ha derrumbado por completo.,1
overall_D_to_df_earth,effect,Una base estable completamente derrumbada produce los peores resultados en todos los campos.,1
overall_D_to_df_earth,action,Tómate un descanso completo hoy y concéntrate únicamente en la recuperación.,1
overall_D_to_df_earth,state,"Puedes perder completamente el equilibrio y todo puede salirse de control, y la energía espesa y turbia puede ralentizar todo enormemente.",1
overall_D_to_df_fire,intro,Hoy es un día de crisis ya que tu sensación general de estabilidad se ha derrumbado por completo.,1
overall_D_to_df_fire,effect,Una base estable completamente derrumbada produce los peores resultados en todos los campos.,1
overall_D_to_df_fire,action,Tómate un descanso completo hoy y concéntrate únicamente en la recuperación.,1
overall_D_to_df_fire,state,"Si pierdes completamente el equilibrio, todo puede salirse de control y una fuerte energía yang puede fomentar impulsos y llevarte a acciones imprudentes.",1
overall_D_to_df_water,intro,Hoy es un día de crisis ya que tu sensación general de estabilidad se ha derrumbado por completo.,1
overall_D_to_df_water,effect,Una base estable completamente derrumbada produce los peores resultados en todos los campos.,1
overall_D_to_df_water,action,Tómate un descanso completo hoy y concéntrate únicamente en la recuperación.,1
overall_D_to_df_water,state,"Puedes perder completamente el equilibrio y todo puede salirse de control, y la fuerza de la fuerte lluvia y la nieve puede sacudir tanto tus emociones que resulta difícil controlarlas.",1
overall_D_to_df_wood,intro,Hoy es un día de crisis ya que tu sensación general de estabilidad se ha derrumbado por completo.,1
overall_D_to_df_wood,effect,Una base estable completamente derrumbada produce los peores resultados en todos los campos.,1
overall_D_to_df_wood,action,Tómate un descanso completo hoy y concéntrate únicamente en la recuperación.,1
overall_D_to_df_wood,state,"Si pierdes completamente el equilibrio, todo puede salirse de control y la violenta energía del cambio puede desviar todas tus predicciones.",1
overall_D_to_ex_earth,intro,Hoy es un día de crisis ya que tu sensación general de estabilidad se ha derrumbado por completo.,1
overall_D_to_ex_earth,effect,Una base estable completamente derrumbada produce los peores resultados en todos los campos.,1
overall_D_to_ex_earth,action,Tómate un descanso completo hoy y concéntrate únicamente en la recuperación.,1
overall_D_to_ex_earth,state,"Negarse a cambiar puede agravar una crisis y dificultar la recuperación, y una atmósfera espesa y turbia puede ralentizar todo considerablemente.",1
overall_D_to_ex_fire,intro,Hoy es un día de crisis ya que tu sensación general de estabilidad se ha derrumbado por completo.,1
overall_D_to_ex_fire,effect,Una base estable completamente derrumbada produce los peores resultados en todos los campos.,1
overall_D_to_ex_fire,action,Tómate un descanso completo hoy y concéntrate únicamente en la recuperación.,1
overall_D_to_ex_fire,state,"Negarse a cambiar puede agravar la crisis y dificultar la recuperación, y una fuerte energía positiva puede fomentar impulsos y conducir a acciones imprudentes.",1
overall_D_to_ex_water,intro,Hoy es un día de crisis ya que tu sensación general de estabilidad se ha derrumbado por completo.,1
overall_D_to_ex_water,effect,Una base estable completamente derrumbada produce los peores resultados en todos los campos.,1
overall_D_to_ex_water,action,Tómate un descanso completo hoy y concéntrate únicamente en la recuperación.,1
overall_D_to_ex_water,state,"Negarse a cambiar puede agravar la crisis y dificultar la recuperación, y la fuerza de las fuertes lluvias y nieves puede sacudir violentamente las emociones, dificultando el control.",1
overall_D_to_ex_wood,intro,Hoy es un día de crisis ya que tu sensación general de estabilidad se ha derrumbado por completo.,1
overall_D_to_ex_wood,effect,Una base estable completamente derrumbada produce los peores resultados en todos los campos.,1
overall_D_to_ex_wood,action,Tómate un descanso completo hoy y concéntrate únicamente en la recuperación.,1
overall_D_to_ex_wood,state,"Negarse a cambiar puede agravar una crisis y dificultar la recuperación, y la feroz energía del cambio puede hacer que todas las predicciones se extravíen.",1
decision_A,intro,Hoy es el día en el que tu juicio está en su punto máximo y puedes ver situaciones complejas con claridad.,1
decision_A,intro,Hoy es un día en el que la energía para tomar decisiones es buena y las preocupaciones de larga data están claramente resueltas.,1
decision_A,effect,"La intuición y la lógica funcionan simultáneamente, lo que le permite tomar decisiones importantes sin arrepentimiento.",1
decision_A,effect,"Su juicio se vuelve más agudo, por lo que podrá captar rápidamente los puntos clave y llegar a la conclusión correcta.",1
decision_A,action,"Se puede confiar en las decisiones que tome hoy, así que actúe con confianza.",1
decision_A,action,"Si hoy tomas una decisión importante que llevabas mucho tiempo postergando, las cosas irán en buena dirección.",1
decision_A_geum_df_earth,intro,Es un día en el que tu juicio agudo está en su apogeo y cualquier decisión se vuelve clara.,1
decision_A_geum_df_earth,effect,Un análisis preciso penetra hasta el núcleo y conduce a la mejor elección.,1
decision_A_geum_df_earth,action,"Incluso si confías en tu intuición y tomas una decisión, no te arrepentirás.",1
decision_A_geum_df_earth,state,"El juicio sereno aumenta la prudencia, lo que conduce a una percepción profunda, y la energía tranquila aumenta la prudencia, lo que conduce a buenos resultados.",1
decision_A_geum_df_fire,intro,Es un día en el que tu juicio agudo está en su apogeo y cualquier decisión se vuelve clara.,1
decision_A_geum_df_fire,effect,Un análisis preciso penetra hasta el núcleo y conduce a la mejor elección.,1
decision_A_geum_df_fire,action,"Incluso si confías en tu intuición y tomas una decisión, no te arrepentirás.",1
decision_A_geum_df_fire,state,"El juicio tranquilo aumenta la prudencia, conduce a una visión profunda y la energía clara aumenta la vitalidad y crea un buen flujo.",1
decision_A_geum_df_water,intro,Es un día en el que tu juicio agudo está en su apogeo y cualquier decisión se vuelve clara.,1
decision_A_geum_df_water,effect,Un análisis preciso penetra hasta el núcleo y conduce a la mejor elección.,1
decision_A_geum_df_water,action,"Incluso si confías en tu intuición y tomas una decisión, no te arrepentirás.",1
decision_A_geum_df_water,state,"El juicio tranquilo aumenta la prudencia y conduce a una visión profunda, y la energía húmeda refina profundamente la mente y abre una visión clara.",1
decision_A_geum_df_wood,intro,Es un día en el que tu juicio agudo está en su apogeo y cualquier decisión se vuelve clara.,1
decision_A_geum_df_wood,effect,Un análisis preciso penetra hasta el núcleo y conduce a la mejor elección.,1
decision_A_geum_df_wood,action,"Incluso si confías en tu intuición y tomas una decisión, no te arrepentirás.",1
decision_A_geum_df_wood,state,"El juicio sereno aumenta la prudencia, conduce a una visión profunda y la energía dinámica abre nuevas posibilidades.",1
decision_A_geum_ex_earth,intro,Es un día en el que tu juicio agudo está en su apogeo y cualquier decisión se vuelve clara.,1
decision_A_geum_ex_earth,effect,Un análisis preciso penetra hasta el núcleo y conduce a la mejor elección.,1
decision_A_geum_ex_earth,action,"Incluso si confías en tu intuición y tomas una decisión, no te arrepentirás.",1
decision_A_geum_ex_earth,state,"El juicio agudo penetra hasta lo más profundo y conduce a conclusiones claras, y la energía tranquila aumenta la prudencia y conduce a buenos resultados.",1
decision_A_geum_ex_fire,intro,Es un día en el que tu juicio agudo está en su apogeo y cualquier decisión se vuelve clara.,1
decision_A_geum_ex_fire,effect,Un análisis preciso penetra hasta el núcleo y conduce a la mejor elección.,1
decision_A_geum_ex_fire,action,"Incluso si confías en tu intuición y tomas una decisión, no te arrepentirás.",1
decision_A_geum_ex_fire,state,"El juicio agudo penetra el núcleo y saca conclusiones claras, y la energía clara aumenta la vitalidad y crea un buen flujo.",1
decision_A_geum_ex_water,intro,Es un día en el que tu juicio agudo está en su apogeo y cualquier decisión se vuelve clara.,1
decision_A_geum_ex_water,effect,Un análisis preciso penetra hasta el núcleo y conduce a la mejor elección.,1
decision_A_geum_ex_water,action,"Incluso si confías en tu intuición y tomas una decisión, no te arrepentirás.",1
decision_A_geum_ex_water,state,"El juicio agudo penetra el núcleo y saca conclusiones claras, y la energía húmeda refina profundamente la mente y abre una visión clara.",1
decision_A_geum_ex_wood,intro,Es un día en el que tu juicio agudo está en su apogeo y cualquier decisión se vuelve clara.,1
decision_A_geum_ex_wood,effect,Un análisis preciso penetra hasta el núcleo y conduce a la mejor elección.,1
decision_A_geum_ex_wood,action,"Incluso si confías en tu intuición y tomas una decisión, no te arrepentirás.",1
decision_A_geum_ex_wood,state,"El juicio agudo penetra hasta lo más profundo y saca conclusiones claras, y la energía dinámica abre nuevas posibilidades.",1
decision_A_hwa_df_earth,intro,Es un día en el que tu intuición brilla intensamente y puedes tomar decisiones importantes con confianza.,1
decision_A_hwa_df_earth,effect,"Los juicios sensoriales se juntan rápidamente, acelerando la toma de decisiones.",1
decision_A_hwa_df_earth,action,Está bien tomar decisiones con valentía guiadas por sus sentimientos.,1
decision_A_hwa_df_earth,state,"Un yo interior tranquilo te da el poder de expresar plenamente tu sinceridad, y una energía tranquila aumenta la prudencia, lo que conduce a buenos resultados.",1
decision_A_hwa_df_fire,intro,Es un día en el que tu intuición brilla intensamente y puedes tomar decisiones importantes con confianza.,1
decision_A_hwa_df_fire,effect,"Los juicios sensoriales se juntan rápidamente, acelerando la toma de decisiones.",1
decision_A_hwa_df_fire,action,Está bien tomar decisiones con valentía guiadas por sus sentimientos.,1
decision_A_hwa_df_fire,state,"Un yo interior tranquilo te da el poder de expresar plenamente tu sinceridad, y la energía clara aumenta tu vitalidad y crea un buen flujo.",1
decision_A_hwa_df_water,intro,Es un día en el que tu intuición brilla intensamente y puedes tomar decisiones importantes con confianza.,1
decision_A_hwa_df_water,effect,"Los juicios sensoriales se juntan rápidamente, acelerando la toma de decisiones.",1
decision_A_hwa_df_water,action,Está bien tomar decisiones con valentía guiadas por sus sentimientos.,1
decision_A_hwa_df_water,state,"Un yo interior tranquilo te da el poder de expresar plenamente tus verdaderos sentimientos, y la energía húmeda refina profundamente tu mente y abre una visión clara.",1
decision_A_hwa_df_wood,intro,Es un día en el que tu intuición brilla intensamente y puedes tomar decisiones importantes con confianza.,1
decision_A_hwa_df_wood,effect,"Los juicios sensoriales se juntan rápidamente, acelerando la toma de decisiones.",1
decision_A_hwa_df_wood,action,Está bien tomar decisiones con valentía guiadas por sus sentimientos.,1
decision_A_hwa_df_wood,state,Un yo interior tranquilo te da el poder de expresar plenamente tu sinceridad y la energía dinámica abre nuevas posibilidades.,1
decision_A_hwa_ex_earth,intro,Es un día en el que tu intuición brilla intensamente y puedes tomar decisiones importantes con confianza.,1
decision_A_hwa_ex_earth,effect,"Los juicios sensoriales se juntan rápidamente, acelerando la toma de decisiones.",1
decision_A_hwa_ex_earth,action,Está bien tomar decisiones con valentía guiadas por sus sentimientos.,1
decision_A_hwa_ex_earth,state,"La pasión desbordante aumenta enormemente el impulso y crea un buen flujo, y la energía tranquila aumenta la prudencia, lo que conduce a buenos resultados.",1
decision_A_hwa_ex_fire,intro,Es un día en el que tu intuición brilla intensamente y puedes tomar decisiones importantes con confianza.,1
decision_A_hwa_ex_fire,effect,"Los juicios sensoriales se juntan rápidamente, acelerando la toma de decisiones.",1
decision_A_hwa_ex_fire,action,Está bien tomar decisiones con valentía guiadas por sus sentimientos.,1
decision_A_hwa_ex_fire,state,"La pasión desbordante aumenta enormemente la fuerza motriz y crea un buen flujo, y la energía clara aumenta la vitalidad y crea un buen flujo.",1
decision_A_hwa_ex_water,intro,Es un día en el que tu intuición brilla intensamente y puedes tomar decisiones importantes con confianza.,1
decision_A_hwa_ex_water,effect,"Los juicios sensoriales se juntan rápidamente, acelerando la toma de decisiones.",1
decision_A_hwa_ex_water,action,Está bien tomar decisiones con valentía guiadas por sus sentimientos.,1
decision_A_hwa_ex_water,state,"La pasión desbordante aumenta enormemente la fuerza motriz y crea un buen flujo, y la energía húmeda refina profundamente la mente y abre una visión clara.",1
decision_A_hwa_ex_wood,intro,Es un día en el que tu intuición brilla intensamente y puedes tomar decisiones importantes con confianza.,1
decision_A_hwa_ex_wood,effect,"Los juicios sensoriales se juntan rápidamente, acelerando la toma de decisiones.",1
decision_A_hwa_ex_wood,action,Está bien tomar decisiones con valentía guiadas por sus sentimientos.,1
decision_A_hwa_ex_wood,state,"La pasión desbordante aumenta enormemente la fuerza motriz, creando un buen flujo y la energía dinámica abre nuevas posibilidades.",1
decision_A_mok_df_earth,intro,Es un día en el que se puede abrir el pensamiento flexible y se pueden comparar claramente varias opciones.,1
decision_A_mok_df_earth,effect,"Se amplía el alcance del juicio, lo que permite sacar conclusiones equilibradas incluso en situaciones complejas.",1
decision_A_mok_df_earth,action,Amplíe sus horizontes y explore activamente mejores alternativas.,1
decision_A_mok_df_earth,state,"En realidad, un enfoque cauteloso crea un comienzo sólido, y una energía tranquila aumenta la prudencia, lo que conduce a buenos resultados.",1
decision_A_mok_df_fire,intro,Es un día en el que se puede abrir el pensamiento flexible y se pueden comparar claramente varias opciones.,1
decision_A_mok_df_fire,effect,"Se amplía el alcance del juicio, lo que permite sacar conclusiones equilibradas incluso en situaciones complejas.",1
decision_A_mok_df_fire,action,Amplíe sus horizontes y explore activamente mejores alternativas.,1
decision_A_mok_df_fire,state,"En realidad, un enfoque cauteloso crea un comienzo sólido, y la energía clara aumenta la vitalidad y crea un buen flujo.",1
decision_A_mok_df_water,intro,Es un día en el que se puede abrir el pensamiento flexible y se pueden comparar claramente varias opciones.,1
decision_A_mok_df_water,effect,"Se amplía el alcance del juicio, lo que permite sacar conclusiones equilibradas incluso en situaciones complejas.",1
decision_A_mok_df_water,action,Amplíe sus horizontes y explore activamente mejores alternativas.,1
decision_A_mok_df_water,state,"En realidad, un enfoque cauteloso crea un comienzo sólido, y la energía húmeda refina profundamente la mente y abre una visión clara.",1
decision_A_mok_df_wood,intro,Es un día en el que se puede abrir el pensamiento flexible y se pueden comparar claramente varias opciones.,1
decision_A_mok_df_wood,effect,"Se amplía el alcance del juicio, lo que permite sacar conclusiones equilibradas incluso en situaciones complejas.",1
decision_A_mok_df_wood,action,Amplíe sus horizontes y explore activamente mejores alternativas.,1
decision_A_mok_df_wood,state,Un enfoque cauteloso crea un comienzo sólido y la energía dinámica abre nuevas posibilidades.,1
decision_A_mok_ex_earth,intro,Es un día en el que se puede abrir el pensamiento flexible y se pueden comparar claramente varias opciones.,1
decision_A_mok_ex_earth,effect,"Se amplía el alcance del juicio, lo que permite sacar conclusiones equilibradas incluso en situaciones complejas.",1
decision_A_mok_ex_earth,action,Amplíe sus horizontes y explore activamente mejores alternativas.,1
decision_A_mok_ex_earth,state,Una voluntad fuerte abre activamente nuevas oportunidades y una energía tranquila aumenta la prudencia y conduce a buenos resultados.,1
decision_A_mok_ex_fire,intro,Es un día en el que se puede abrir el pensamiento flexible y se pueden comparar claramente varias opciones.,1
decision_A_mok_ex_fire,effect,"Se amplía el alcance del juicio, lo que permite sacar conclusiones equilibradas incluso en situaciones complejas.",1
decision_A_mok_ex_fire,action,Amplíe sus horizontes y explore activamente mejores alternativas.,1
decision_A_mok_ex_fire,state,Una voluntad fuerte abre activamente nuevas oportunidades y la energía clara aumenta la vitalidad y crea un buen flujo.,1
decision_A_mok_ex_water,intro,Es un día en el que se puede abrir el pensamiento flexible y se pueden comparar claramente varias opciones.,1
decision_A_mok_ex_water,effect,"Se amplía el alcance del juicio, lo que permite sacar conclusiones equilibradas incluso en situaciones complejas.",1
decision_A_mok_ex_water,action,Amplíe sus horizontes y explore activamente mejores alternativas.,1
decision_A_mok_ex_water,state,Una voluntad fuerte abre activamente nuevas oportunidades y la energía húmeda refina profundamente la mente y abre una visión clara.,1
decision_A_mok_ex_wood,intro,Es un día en el que se puede abrir el pensamiento flexible y se pueden comparar claramente varias opciones.,1
decision_A_mok_ex_wood,effect,"Se amplía el alcance del juicio, lo que permite sacar conclusiones equilibradas incluso en situaciones complejas.",1
decision_A_mok_ex_wood,action,Amplíe sus horizontes y explore activamente mejores alternativas.,1
decision_A_mok_ex_wood,state,Una voluntad fuerte abre activamente nuevas oportunidades y una energía dinámica abre nuevas posibilidades.,1
decision_A_su_df_earth,intro,Es un día en el que tu sentido de leer el flujo se vuelve más agudo y el momento de tu decisión se vuelve perfecto.,1
decision_A_su_df_earth,effect,La decisión de dejarse llevar por la situación produce buenos resultados.,1
decision_A_su_df_earth,action,No fuerces las conclusiones; Utilice su tiempo natural.,1
decision_A_su_df_earth,state,"Un centro sólido te ayuda a mantener tu dirección sin vacilar, y una energía tranquila aumenta la prudencia, lo que conduce a buenos resultados.",1
decision_A_su_df_fire,intro,Es un día en el que tu sentido de leer el flujo se vuelve más agudo y el momento de tu decisión se vuelve perfecto.,1
decision_A_su_df_fire,effect,La decisión de dejarse llevar por la situación produce buenos resultados.,1
decision_A_su_df_fire,action,No fuerces las conclusiones; Utilice su tiempo natural.,1
decision_A_su_df_fire,state,"Un centro sólido te mantiene en la dirección correcta sin vacilar, y la energía clara aumenta tu vitalidad y crea un buen flujo.",1
decision_A_su_df_water,intro,Es un día en el que tu sentido de leer el flujo se vuelve más agudo y el momento de tu decisión se vuelve perfecto.,1
decision_A_su_df_water,effect,La decisión de dejarse llevar por la situación produce buenos resultados.,1
decision_A_su_df_water,action,No fuerces las conclusiones; Utilice su tiempo natural.,1
decision_A_su_df_water,state,"Un centro sólido te ayuda a mantener tu dirección sin vacilar, y la energía húmeda refina profundamente tu mente y abre una visión clara.",1
decision_A_su_df_wood,intro,Es un día en el que tu sentido de leer el flujo se vuelve más agudo y el momento de tu decisión se vuelve perfecto.,1
decision_A_su_df_wood,effect,La decisión de dejarse llevar por la situación produce buenos resultados.,1
decision_A_su_df_wood,action,No fuerces las conclusiones; Utilice su tiempo natural.,1
decision_A_su_df_wood,state,Un centro sólido mantiene la dirección sin vacilar y la energía dinámica abre nuevas posibilidades.,1
decision_A_su_ex_earth,intro,Es un día en el que tu sentido de leer el flujo se vuelve más agudo y el momento de tu decisión se vuelve perfecto.,1
decision_A_su_ex_earth,effect,La decisión de dejarse llevar por la situación produce buenos resultados.,1
decision_A_su_ex_earth,action,No fuerces las conclusiones; Utilice su tiempo natural.,1
decision_A_su_ex_earth,state,"La rica sensibilidad conduce a una visión profunda y ayuda al buen juicio, y la energía tranquila aumenta la prudencia, lo que conduce a buenos resultados.",1
decision_A_su_ex_fire,intro,Es un día en el que tu sentido de leer el flujo se vuelve más agudo y el momento de tu decisión se vuelve perfecto.,1
decision_A_su_ex_fire,effect,La decisión de dejarse llevar por la situación produce buenos resultados.,1
decision_A_su_ex_fire,action,No fuerces las conclusiones; Utilice su tiempo natural.,1
decision_A_su_ex_fire,state,"La rica sensibilidad conduce a una visión profunda y ayuda a tomar buenas decisiones, y la energía clara aumenta la vitalidad y crea un buen flujo.",1
decision_A_su_ex_water,intro,Es un día en el que tu sentido de leer el flujo se vuelve más agudo y el momento de tu decisión se vuelve perfecto.,1
decision_A_su_ex_water,effect,La decisión de dejarse llevar por la situación produce buenos resultados.,1
decision_A_su_ex_water,action,No fuerces las conclusiones; Utilice su tiempo natural.,1
decision_A_su_ex_water,state,"La rica sensibilidad conduce a una visión profunda y ayuda al buen juicio, y la energía húmeda refina profundamente la mente y abre una visión clara.",1
decision_A_su_ex_wood,intro,Es un día en el que tu sentido de leer el flujo se vuelve más agudo y el momento de tu decisión se vuelve perfecto.,1
decision_A_su_ex_wood,effect,La decisión de dejarse llevar por la situación produce buenos resultados.,1
decision_A_su_ex_wood,action,No fuerces las conclusiones; Utilice su tiempo natural.,1
decision_A_su_ex_wood,state,"La rica sensibilidad conduce a una visión profunda y ayuda a tomar buenas decisiones, y la energía dinámica abre nuevas posibilidades.",1
decision_A_to_df_earth,intro,Es un día en el que podrás tomar decisiones sin vacilar basándose en un juicio estable.,1
decision_A_to_df_earth,effect,El juicio cuidadoso y equilibrado reduce los errores y produce resultados seguros.,1
decision_A_to_df_earth,action,"Si toma decisiones basadas en sus creencias, obtendrá buenos resultados.",1
decision_A_to_df_earth,state,"Una actitud flexible te permite aceptar con naturalidad las nuevas tendencias, y una energía tranquila aumenta la prudencia, lo que conduce a buenos resultados.",1
decision_A_to_df_fire,intro,Es un día en el que podrás tomar decisiones sin vacilar basándose en un juicio estable.,1
decision_A_to_df_fire,effect,El juicio cuidadoso y equilibrado reduce los errores y produce resultados seguros.,1
decision_A_to_df_fire,action,"Si toma decisiones basadas en sus creencias, obtendrá buenos resultados.",1
decision_A_to_df_fire,state,"Una actitud flexible le permite aceptar naturalmente las nuevas tendencias, y la energía clara aumenta la vitalidad y crea un buen flujo.",1
decision_A_to_df_water,intro,Es un día en el que podrás tomar decisiones sin vacilar basándose en un juicio estable.,1
decision_A_to_df_water,effect,El juicio cuidadoso y equilibrado reduce los errores y produce resultados seguros.,1
decision_A_to_df_water,action,"Si toma decisiones basadas en sus creencias, obtendrá buenos resultados.",1
decision_A_to_df_water,state,"Una actitud flexible le permite aceptar naturalmente las nuevas tendencias, y la energía húmeda refina profundamente su mente y abre una visión clara.",1
decision_A_to_df_wood,intro,Es un día en el que podrás tomar decisiones sin vacilar basándose en un juicio estable.,1
decision_A_to_df_wood,effect,El juicio cuidadoso y equilibrado reduce los errores y produce resultados seguros.,1
decision_A_to_df_wood,action,"Si toma decisiones basadas en sus creencias, obtendrá buenos resultados.",1
decision_A_to_df_wood,state,Una actitud flexible te permite aceptar naturalmente nuevas tendencias y una energía dinámica abre nuevas posibilidades.,1
decision_A_to_ex_earth,intro,Es un día en el que podrás tomar decisiones sin vacilar basándose en un juicio estable.,1
decision_A_to_ex_earth,effect,El juicio cuidadoso y equilibrado reduce los errores y produce resultados seguros.,1
decision_A_to_ex_earth,action,"Si toma decisiones basadas en sus creencias, obtendrá buenos resultados.",1
decision_A_to_ex_earth,state,"Un fuerte sentido de estabilidad se convierte en una base sólida para todo, y una energía tranquila aumenta la prudencia, lo que conduce a buenos resultados.",1
decision_A_to_ex_fire,intro,Es un día en el que podrás tomar decisiones sin vacilar basándose en un juicio estable.,1
decision_A_to_ex_fire,effect,El juicio cuidadoso y equilibrado reduce los errores y produce resultados seguros.,1
decision_A_to_ex_fire,action,"Si toma decisiones basadas en sus creencias, obtendrá buenos resultados.",1
decision_A_to_ex_fire,state,"Una fuerte sensación de estabilidad se convierte en una base sólida para todo, y la energía clara aumenta la vitalidad y crea un buen flujo.",1
decision_A_to_ex_water,intro,Es un día en el que podrás tomar decisiones sin vacilar basándose en un juicio estable.,1
decision_A_to_ex_water,effect,El juicio cuidadoso y equilibrado reduce los errores y produce resultados seguros.,1
decision_A_to_ex_water,action,"Si toma decisiones basadas en sus creencias, obtendrá buenos resultados.",1
decision_A_to_ex_water,state,"Una fuerte sensación de estabilidad se convierte en una base sólida para todo, y la energía húmeda refina profundamente la mente y abre una visión clara.",1
decision_A_to_ex_wood,intro,Es un día en el que podrás tomar decisiones sin vacilar basándose en un juicio estable.,1
decision_A_to_ex_wood,effect,El juicio cuidadoso y equilibrado reduce los errores y produce resultados seguros.,1
decision_A_to_ex_wood,action,"Si toma decisiones basadas en sus creencias, obtendrá buenos resultados.",1
decision_A_to_ex_wood,state,Una fuerte sensación de estabilidad proporciona una base sólida para todo y la energía dinámica abre nuevas posibilidades.,1
decision_B,intro,Hoy tu pensamiento será claro y podrás tomar decisiones importantes con relativa facilidad.,1
decision_B,intro,Hoy tendrá buen juicio y podrá clasificar rápidamente sus opciones y llegar a la conclusión correcta.,1
decision_B,effect,La capacidad de comprender objetivamente la situación es sólida y puede reducir los errores de juicio.,1
decision_B,effect,La información necesaria para tomar una decisión se recopila de forma natural y los puntos clave son claramente visibles.,1
decision_B,action,"En lugar de pensar demasiado, confíe ahora en su juicio claro y haga su elección.",1
decision_B,action,"Si toma una decisión hoy, es más probable que esté satisfecho cuando mire hacia atrás más tarde.",1
decision_B_geum_df_earth,intro,Este es un día en el que su juicio será generalmente estable y podrá tomar decisiones difíciles con facilidad.,1
decision_B_geum_df_earth,effect,El análisis enfocado captura la esencia y reduce las decisiones equivocadas.,1
decision_B_geum_df_earth,action,Tome decisiones importantes después de una cuidadosa consideración.,1
decision_B_geum_df_earth,state,"Incluso si su determinación se vuelve algo aburrida, el flujo de la vida diaria continúa sin problemas y la energía turbia se suma a la atmósfera tranquila, creando una sensación de tranquilidad.",1
decision_B_geum_df_fire,intro,Este es un día en el que su juicio será generalmente estable y podrá tomar decisiones difíciles con facilidad.,1
decision_B_geum_df_fire,effect,El análisis enfocado captura la esencia y reduce las decisiones equivocadas.,1
decision_B_geum_df_fire,action,Tome decisiones importantes después de una cuidadosa consideración.,1
decision_B_geum_df_fire,state,"Incluso si tu determinación se vuelve algo aburrida, el flujo de tu vida diaria continúa sin problemas y la energía clara añade vitalidad luminosa, creando un flujo fluido.",1
decision_B_geum_df_water,intro,Este es un día en el que su juicio será generalmente estable y podrá tomar decisiones difíciles con facilidad.,1
decision_B_geum_df_water,effect,El análisis enfocado captura la esencia y reduce las decisiones equivocadas.,1
decision_B_geum_df_water,action,Tome decisiones importantes después de una cuidadosa consideración.,1
decision_B_geum_df_water,state,"Incluso si tu determinación se vuelve algo aburrida, el flujo de tu vida diaria continúa sin problemas y la energía húmeda añade una sensación de calma y persistencia a tus emociones.",1
decision_B_geum_df_wood,intro,Este es un día en el que su juicio será generalmente estable y podrá tomar decisiones difíciles con facilidad.,1
decision_B_geum_df_wood,effect,El análisis enfocado captura la esencia y reduce las decisiones equivocadas.,1
decision_B_geum_df_wood,action,Tome decisiones importantes después de una cuidadosa consideración.,1
decision_B_geum_df_wood,state,"Incluso si su determinación se vuelve algo aburrida, el flujo de la vida diaria continúa sin problemas y la ligera energía del cambio añade el estímulo adecuado.",1
decision_B_geum_ex_earth,intro,Este es un día en el que su juicio será generalmente estable y podrá tomar decisiones difíciles con facilidad.,1
decision_B_geum_ex_earth,effect,El análisis enfocado captura la esencia y reduce las decisiones equivocadas.,1
decision_B_geum_ex_earth,action,Tome decisiones importantes después de una cuidadosa consideración.,1
decision_B_geum_ex_earth,state,"El juicio analítico fluye naturalmente al ritmo habitual, y la energía turbia se suma a la atmósfera tranquila, creando una sensación de tranquilidad.",1
decision_B_geum_ex_fire,intro,Este es un día en el que su juicio será generalmente estable y podrá tomar decisiones difíciles con facilidad.,1
decision_B_geum_ex_fire,effect,El análisis enfocado captura la esencia y reduce las decisiones equivocadas.,1
decision_B_geum_ex_fire,action,Tome decisiones importantes después de una cuidadosa consideración.,1
decision_B_geum_ex_fire,state,"El juicio analítico sigue naturalmente el ritmo habitual y la energía clara añade vitalidad ligera, creando un flujo suave.",1
decision_B_geum_ex_water,intro,Este es un día en el que su juicio será generalmente estable y podrá tomar decisiones difíciles con facilidad.,1
decision_B_geum_ex_water,effect,El análisis enfocado captura la esencia y reduce las decisiones equivocadas.,1
decision_B_geum_ex_water,action,Tome decisiones importantes después de una cuidadosa consideración.,1
decision_B_geum_ex_water,state,El juicio analítico fluye naturalmente a su ritmo habitual y la energía húmeda añade una sensación de calma y persistencia a sus emociones.,1
decision_B_geum_ex_wood,intro,Este es un día en el que su juicio será generalmente estable y podrá tomar decisiones difíciles con facilidad.,1
decision_B_geum_ex_wood,effect,El análisis enfocado captura la esencia y reduce las decisiones equivocadas.,1
decision_B_geum_ex_wood,action,Tome decisiones importantes después de una cuidadosa consideración.,1
decision_B_geum_ex_wood,state,El juicio analítico sigue naturalmente el ritmo habitual y la ligera energía del cambio añade el estímulo adecuado.,1
decision_B_hwa_df_earth,intro,Es un día en el que la intuición se activa uniformemente y se cometen menos errores en las decisiones sensoriales.,1
decision_B_hwa_df_earth,effect,"Sentimiento y razón se equilibran, mejorando la calidad de las decisiones.",1
decision_B_hwa_df_earth,action,"Confía en tu intuición, pero vuelve a comprobar los puntos clave.",1
decision_B_hwa_df_earth,state,"Aunque las expresiones son moderadas, la estabilidad de la relación se mantiene fácilmente y la energía turbia contribuye a la atmósfera tranquila, lo que lleva a una sensación de tranquilidad.",1
decision_B_hwa_df_fire,intro,Es un día en el que la intuición se activa uniformemente y se cometen menos errores en las decisiones sensoriales.,1
decision_B_hwa_df_fire,effect,"Sentimiento y razón se equilibran, mejorando la calidad de las decisiones.",1
decision_B_hwa_df_fire,action,"Confía en tu intuición, pero vuelve a comprobar los puntos clave.",1
decision_B_hwa_df_fire,state,"Incluso si las expresiones son restringidas, la estabilidad de la relación se mantiene fácilmente y la energía clara añade vitalidad ligera, creando un flujo suave.",1
decision_B_hwa_df_water,intro,Es un día en el que la intuición se activa uniformemente y se cometen menos errores en las decisiones sensoriales.,1
decision_B_hwa_df_water,effect,"Sentimiento y razón se equilibran, mejorando la calidad de las decisiones.",1
decision_B_hwa_df_water,action,"Confía en tu intuición, pero vuelve a comprobar los puntos clave.",1
decision_B_hwa_df_water,state,"Incluso si las expresiones son restringidas, la estabilidad de la relación se mantiene fácilmente y la energía húmeda añade un sentimiento de calma y persistencia a las emociones.",1
decision_B_hwa_df_wood,intro,Es un día en el que la intuición se activa uniformemente y se cometen menos errores en las decisiones sensoriales.,1
decision_B_hwa_df_wood,effect,"Sentimiento y razón se equilibran, mejorando la calidad de las decisiones.",1
decision_B_hwa_df_wood,action,"Confía en tu intuición, pero vuelve a comprobar los puntos clave.",1
decision_B_hwa_df_wood,state,"Incluso si las expresiones son restringidas, la estabilidad de la relación se mantiene fácilmente y la ligera energía del cambio añade el estímulo apropiado.",1
decision_B_hwa_ex_earth,intro,Es un día en el que la intuición se activa uniformemente y se cometen menos errores en las decisiones sensoriales.,1
decision_B_hwa_ex_earth,effect,"Sentimiento y razón se equilibran, mejorando la calidad de las decisiones.",1
decision_B_hwa_ex_earth,action,"Confía en tu intuición, pero vuelve a comprobar los puntos clave.",1
decision_B_hwa_ex_earth,state,"La pasión está viva, pero también se mantiene el equilibrio, lo que conduce a un día estable, y la energía turbia añade una atmósfera tranquila, lo que lleva a la serenidad.",1
decision_B_hwa_ex_fire,intro,Es un día en el que la intuición se activa uniformemente y se cometen menos errores en las decisiones sensoriales.,1
decision_B_hwa_ex_fire,effect,"Sentimiento y razón se equilibran, mejorando la calidad de las decisiones.",1
decision_B_hwa_ex_fire,action,"Confía en tu intuición, pero vuelve a comprobar los puntos clave.",1
decision_B_hwa_ex_fire,state,"La pasión permanece viva y se mantiene el equilibrio, lo que conduce a un día estable, y la energía clara añade vitalidad ligera, creando un flujo suave.",1
decision_B_hwa_ex_water,intro,Es un día en el que la intuición se activa uniformemente y se cometen menos errores en las decisiones sensoriales.,1
decision_B_hwa_ex_water,effect,"Sentimiento y razón se equilibran, mejorando la calidad de las decisiones.",1
decision_B_hwa_ex_water,action,"Confía en tu intuición, pero vuelve a comprobar los puntos clave.",1
decision_B_hwa_ex_water,state,"La pasión permanece viva y se mantiene el equilibrio, lo que conduce a un día estable, y la energía húmeda añade una sensación de calma y persistencia a las emociones.",1
decision_B_hwa_ex_wood,intro,Es un día en el que la intuición se activa uniformemente y se cometen menos errores en las decisiones sensoriales.,1
decision_B_hwa_ex_wood,effect,"Sentimiento y razón se equilibran, mejorando la calidad de las decisiones.",1
decision_B_hwa_ex_wood,action,"Confía en tu intuición, pero vuelve a comprobar los puntos clave.",1
decision_B_hwa_ex_wood,state,"La pasión está viva y equilibrada, lo que conduce a un día estable, y la ligera energía del cambio añade la estimulación adecuada.",1
decision_B_mok_df_earth,intro,Es un día en el que el pensamiento se vuelve flexible y es fácil comparar múltiples opciones.,1
decision_B_mok_df_earth,effect,Abrir diferentes perspectivas y descubrir mejores opciones durante el proceso de decisión.,1
decision_B_mok_df_earth,action,Revise sus opciones y elija la más realista.,1
decision_B_mok_df_earth,state,"Incluso si eres cauteloso al probar cosas nuevas, tu vida diaria fluye de manera constante y la energía turbia contribuye a la atmósfera tranquila, lo que genera una sensación de tranquilidad.",1
decision_B_mok_df_fire,intro,Es un día en el que el pensamiento se vuelve flexible y es fácil comparar múltiples opciones.,1
decision_B_mok_df_fire,effect,Abrir diferentes perspectivas y descubrir mejores opciones durante el proceso de decisión.,1
decision_B_mok_df_fire,action,Revise sus opciones y elija la más realista.,1
decision_B_mok_df_fire,state,"Incluso si eres cauteloso al probar cosas nuevas, tu vida diaria fluye de manera constante y la energía clara añade vitalidad luminosa, creando un flujo suave.",1
decision_B_mok_df_water,intro,Es un día en el que el pensamiento se vuelve flexible y es fácil comparar múltiples opciones.,1
decision_B_mok_df_water,effect,Abrir diferentes perspectivas y descubrir mejores opciones durante el proceso de decisión.,1
decision_B_mok_df_water,action,Revise sus opciones y elija la más realista.,1
decision_B_mok_df_water,state,"Incluso si eres cauteloso a la hora de probar cosas nuevas, tu vida diaria fluye de manera constante y la energía húmeda añade una sensación de calma y persistencia a tus emociones.",1
decision_B_mok_df_wood,intro,Es un día en el que el pensamiento se vuelve flexible y es fácil comparar múltiples opciones.,1
decision_B_mok_df_wood,effect,Abrir diferentes perspectivas y descubrir mejores opciones durante el proceso de decisión.,1
decision_B_mok_df_wood,action,Revise sus opciones y elija la más realista.,1
decision_B_mok_df_wood,state,"Incluso si eres cauteloso a la hora de probar cosas nuevas, tu vida diaria fluye de manera constante y la ligera energía del cambio añade el estímulo adecuado.",1
decision_B_mok_ex_earth,intro,Es un día en el que el pensamiento se vuelve flexible y es fácil comparar múltiples opciones.,1
decision_B_mok_ex_earth,effect,Abrir diferentes perspectivas y descubrir mejores opciones durante el proceso de decisión.,1
decision_B_mok_ex_earth,action,Revise sus opciones y elija la más realista.,1
decision_B_mok_ex_earth,state,"La motivación constante hace que el progreso avance paso a paso, y la energía turbia se suma a la atmósfera de calma, lo que lleva a la tranquilidad.",1
decision_B_mok_ex_fire,intro,Es un día en el que el pensamiento se vuelve flexible y es fácil comparar múltiples opciones.,1
decision_B_mok_ex_fire,effect,Abrir diferentes perspectivas y descubrir mejores opciones durante el proceso de decisión.,1
decision_B_mok_ex_fire,action,Revise sus opciones y elija la más realista.,1
decision_B_mok_ex_fire,state,"La motivación constante hace que el progreso avance paso a paso, y la energía clara añade vitalidad ligera, creando un flujo suave.",1
decision_B_mok_ex_water,intro,Es un día en el que el pensamiento se vuelve flexible y es fácil comparar múltiples opciones.,1
decision_B_mok_ex_water,effect,Abrir diferentes perspectivas y descubrir mejores opciones durante el proceso de decisión.,1
decision_B_mok_ex_water,action,Revise sus opciones y elija la más realista.,1
decision_B_mok_ex_water,state,"La motivación constante hace que el progreso avance paso a paso, y la energía húmeda añade una sensación de calma y persistencia a las emociones.",1
decision_B_mok_ex_wood,intro,Es un día en el que el pensamiento se vuelve flexible y es fácil comparar múltiples opciones.,1
decision_B_mok_ex_wood,effect,Abrir diferentes perspectivas y descubrir mejores opciones durante el proceso de decisión.,1
decision_B_mok_ex_wood,action,Revise sus opciones y elija la más realista.,1
decision_B_mok_ex_wood,state,"La motivación constante hace que el progreso normal sea paso a paso, y la débil energía del cambio añade el estímulo apropiado.",1
decision_B_su_df_earth,intro,Este es un día en el que puedes juzgar la situación de manera confiable y captar bien el momento.,1
decision_B_su_df_earth,effect,Las decisiones que siguen la corriente evitan la pérdida de oportunidades.,1
decision_B_su_df_earth,action,No tengas demasiada prisa y toma una decisión mientras observas cómo cambia la situación.,1
decision_B_su_df_earth,state,"Aunque falta algo de flexibilidad, el ritmo básico se mantiene sin dificultad y la energía turbia añade una atmósfera tranquila, lo que lleva a una sensación de tranquilidad.",1
decision_B_su_df_fire,intro,Este es un día en el que puedes juzgar la situación de manera confiable y captar bien el momento.,1
decision_B_su_df_fire,effect,Las decisiones que siguen la corriente evitan la pérdida de oportunidades.,1
decision_B_su_df_fire,action,No tengas demasiada prisa y toma una decisión mientras observas cómo cambia la situación.,1
decision_B_su_df_fire,state,"Aunque falta algo de flexibilidad, el ritmo básico se mantiene sin dificultad y la energía clara añade vitalidad ligera, creando un flujo suave.",1
decision_B_su_df_water,intro,Este es un día en el que puedes juzgar la situación de manera confiable y captar bien el momento.,1
decision_B_su_df_water,effect,Las decisiones que siguen la corriente evitan la pérdida de oportunidades.,1
decision_B_su_df_water,action,No tengas demasiada prisa y toma una decisión mientras observas cómo cambia la situación.,1
decision_B_su_df_water,state,"Aunque carece de flexibilidad, el ritmo básico se mantiene sin dificultad y la energía húmeda añade una sensación de calma y persistencia a las emociones.",1
decision_B_su_df_wood,intro,Este es un día en el que puedes juzgar la situación de manera confiable y captar bien el momento.,1
decision_B_su_df_wood,effect,Las decisiones que siguen la corriente evitan la pérdida de oportunidades.,1
decision_B_su_df_wood,action,No tengas demasiada prisa y toma una decisión mientras observas cómo cambia la situación.,1
decision_B_su_df_wood,state,"Aunque falta algo de flexibilidad, el ritmo básico se mantiene sin dificultad y la ligera energía del cambio añade la estimulación adecuada.",1
decision_B_su_ex_earth,intro,Este es un día en el que puedes juzgar la situación de manera confiable y captar bien el momento.,1
decision_B_su_ex_earth,effect,Las decisiones que siguen la corriente evitan la pérdida de oportunidades.,1
decision_B_su_ex_earth,action,No tengas demasiada prisa y toma una decisión mientras observas cómo cambia la situación.,1
decision_B_su_ex_earth,state,"El día está lleno de emociones, lo que lo convierte en un día más atento de lo habitual, y la energía nublada añade una atmósfera tranquila, lo que lleva a una sensación de tranquilidad.",1
decision_B_su_ex_fire,intro,Este es un día en el que puedes juzgar la situación de manera confiable y captar bien el momento.,1
decision_B_su_ex_fire,effect,Las decisiones que siguen la corriente evitan la pérdida de oportunidades.,1
decision_B_su_ex_fire,action,No tengas demasiada prisa y toma una decisión mientras observas cómo cambia la situación.,1
decision_B_su_ex_fire,state,"El día es rico en emociones, lo que lo convierte en un día más atento de lo habitual, y la energía clara añade vitalidad luminosa, creando un flujo suave.",1
decision_B_su_ex_water,intro,Este es un día en el que puedes juzgar la situación de manera confiable y captar bien el momento.,1
decision_B_su_ex_water,effect,Las decisiones que siguen la corriente evitan la pérdida de oportunidades.,1
decision_B_su_ex_water,action,No tengas demasiada prisa y toma una decisión mientras observas cómo cambia la situación.,1
decision_B_su_ex_water,state,"El día está lleno de emociones, lo que te hace estar más atento de lo habitual, y la energía húmeda añade un regusto calmante a tus emociones.",1
decision_B_su_ex_wood,intro,Este es un día en el que puedes juzgar la situación de manera confiable y captar bien el momento.,1
decision_B_su_ex_wood,effect,Las decisiones que siguen la corriente evitan la pérdida de oportunidades.,1
decision_B_su_ex_wood,action,No tengas demasiada prisa y toma una decisión mientras observas cómo cambia la situación.,1
decision_B_su_ex_wood,state,"El día está lleno de emociones, lo que lo convierte en un día más atento de lo habitual, y la ligera energía del cambio añade la estimulación adecuada.",1
decision_B_to_df_earth,intro,Es un día en el que podrás mantener el juicio tranquilo y tomar decisiones prudentes.,1
decision_B_to_df_earth,effect,Las conclusiones extraídas sobre una base estable se mantienen durante mucho tiempo.,1
decision_B_to_df_earth,action,"Para asuntos que no sean urgentes, piense despacio y tome decisiones.",1
decision_B_to_df_earth,state,"Incluso si el centro de gravedad está un poco sacudido, el equilibrio de la vida diaria se mantiene sin muchos problemas, y la energía turbia contribuye a la atmósfera tranquila, lo que lleva a una sensación de tranquilidad.",1
decision_B_to_df_fire,intro,Es un día en el que podrás mantener el juicio tranquilo y tomar decisiones prudentes.,1
decision_B_to_df_fire,effect,Las conclusiones extraídas sobre una base estable se mantienen durante mucho tiempo.,1
decision_B_to_df_fire,action,"Para asuntos que no sean urgentes, piense despacio y tome decisiones.",1
decision_B_to_df_fire,state,"Incluso si el centro de gravedad se sacude un poco, el equilibrio de la vida diaria se mantiene sin muchos problemas y la energía clara añade vitalidad luminosa, creando un flujo suave.",1
decision_B_to_df_water,intro,Es un día en el que podrás mantener el juicio tranquilo y tomar decisiones prudentes.,1
decision_B_to_df_water,effect,Las conclusiones extraídas sobre una base estable se mantienen durante mucho tiempo.,1
decision_B_to_df_water,action,"Para asuntos que no sean urgentes, piense despacio y tome decisiones.",1
decision_B_to_df_water,state,"Incluso si su centro de gravedad está algo sacudido, el equilibrio de su vida diaria se mantiene sin muchos problemas y la energía húmeda añade una sensación de calma y persistencia a sus emociones.",1
decision_B_to_df_wood,intro,Es un día en el que podrás mantener el juicio tranquilo y tomar decisiones prudentes.,1
decision_B_to_df_wood,effect,Las conclusiones extraídas sobre una base estable se mantienen durante mucho tiempo.,1
decision_B_to_df_wood,action,"Para asuntos que no sean urgentes, piense despacio y tome decisiones.",1
decision_B_to_df_wood,state,"Incluso si el centro está algo sacudido, el equilibrio de la vida diaria se mantiene sin muchos problemas, y la ligera energía del cambio añade el estímulo apropiado.",1
decision_B_to_ex_earth,intro,Es un día en el que podrás mantener el juicio tranquilo y tomar decisiones prudentes.,1
decision_B_to_ex_earth,effect,Las conclusiones extraídas sobre una base estable se mantienen durante mucho tiempo.,1
decision_B_to_ex_earth,action,"Para asuntos que no sean urgentes, piense despacio y tome decisiones.",1
decision_B_to_ex_earth,state,"Tiene una fuerte tendencia hacia la estabilidad, por lo que continúa en un día tranquilo sin ningún problema, y la energía nublada se suma a la atmósfera tranquila, lo que lleva a la serenidad.",1
decision_B_to_ex_fire,intro,Es un día en el que podrás mantener el juicio tranquilo y tomar decisiones prudentes.,1
decision_B_to_ex_fire,effect,Las conclusiones extraídas sobre una base estable se mantienen durante mucho tiempo.,1
decision_B_to_ex_fire,action,"Para asuntos que no sean urgentes, piense despacio y tome decisiones.",1
decision_B_to_ex_fire,state,"Tiene una fuerte tendencia hacia la estabilidad, por lo que continúa suavemente en un día tranquilo, y la energía clara añade vitalidad luminosa, creando un flujo suave.",1
decision_B_to_ex_water,intro,Es un día en el que podrás mantener el juicio tranquilo y tomar decisiones prudentes.,1
decision_B_to_ex_water,effect,Las conclusiones extraídas sobre una base estable se mantienen durante mucho tiempo.,1
decision_B_to_ex_water,action,"Para asuntos que no sean urgentes, piense despacio y tome decisiones.",1
decision_B_to_ex_water,state,"Tiene una fuerte naturaleza orientada a la estabilidad, por lo que puede conducir fácilmente a un día tranquilo, y la energía húmeda añade un regusto calmante a las emociones.",1
decision_B_to_ex_wood,intro,Es un día en el que podrás mantener el juicio tranquilo y tomar decisiones prudentes.,1
decision_B_to_ex_wood,effect,Las conclusiones extraídas sobre una base estable se mantienen durante mucho tiempo.,1
decision_B_to_ex_wood,action,"Para asuntos que no sean urgentes, piense despacio y tome decisiones.",1
decision_B_to_ex_wood,state,"La orientación a la estabilidad es fuerte, por lo que continúa suavemente en un día tranquilo, y la ligera energía del cambio añade la estimulación adecuada.",1
decision_B1,intro,Hoy tu juicio funcionará de manera estable y podrás tomar decisiones sin cometer grandes errores.,1
decision_B1,intro,"Los pensamientos de hoy son relativamente claros, lo que lo convierte en un día apropiado para establecer estándares y tomar decisiones.",1
decision_B1,effect,Es probable que analizar la situación con calma conduzca a la decisión correcta.,1
decision_B1,effect,"Aunque la decisión parezca complicada, si dejas claros los criterios verás el camino.",1
decision_B1,action,"Para decisiones importantes, escribir brevemente los pros y los contras le ayudará a organizar sus pensamientos.",1
decision_B1,action,Confíe hoy en su juicio estable y comience a poner en práctica pequeñas decisiones.,1
decision_B1_geum_df_earth,intro,"Tiene un criterio promedio, pero las decisiones complejas pueden requerir reconsideración.",1
decision_B1_geum_df_earth,effect,"El análisis es correcto hasta cierto punto, pero existen lagunas en los detalles.",1
decision_B1_geum_df_earth,action,Revisa las decisiones importantes una vez más antes de tomarlas.,1
decision_B1_geum_df_earth,state,"Aunque las decisiones toman algo de tiempo, el día continúa sin mucha vacilación y la energía turbia te ayuda a mantener un ritmo tranquilo.",1
decision_B1_geum_df_fire,intro,"Tiene un criterio promedio, pero las decisiones complejas pueden requerir reconsideración.",1
decision_B1_geum_df_fire,effect,"El análisis es correcto hasta cierto punto, pero existen lagunas en los detalles.",1
decision_B1_geum_df_fire,action,Revisa las decisiones importantes una vez más antes de tomarlas.,1
decision_B1_geum_df_fire,state,"Aunque las decisiones toman algo de tiempo, el día continúa sin mucha vacilación y la energía clara añade serena vitalidad y continúa el día normal.",1
decision_B1_geum_df_water,intro,"Tiene un criterio promedio, pero las decisiones complejas pueden requerir reconsideración.",1
decision_B1_geum_df_water,effect,"El análisis es correcto hasta cierto punto, pero existen lagunas en los detalles.",1
decision_B1_geum_df_water,action,Revisa las decisiones importantes una vez más antes de tomarlas.,1
decision_B1_geum_df_water,state,"Aunque las decisiones toman algo de tiempo, el día transcurre sin muchas vacilaciones y la energía húmeda aumenta tus pensamientos pero no provoca mucha agitación.",1
decision_B1_geum_df_wood,intro,"Tiene un criterio promedio, pero las decisiones complejas pueden requerir reconsideración.",1
decision_B1_geum_df_wood,effect,"El análisis es correcto hasta cierto punto, pero existen lagunas en los detalles.",1
decision_B1_geum_df_wood,action,Revisa las decisiones importantes una vez más antes de tomarlas.,1
decision_B1_geum_df_wood,state,"La decisión puede ser lenta, pero el día transcurre sin mucha vacilación y la tranquila energía del cambio sólo sacude ligeramente el flujo normal.",1
decision_B1_geum_ex_earth,intro,"Tiene un criterio promedio, pero las decisiones complejas pueden requerir reconsideración.",1
decision_B1_geum_ex_earth,effect,"El análisis es correcto hasta cierto punto, pero existen lagunas en los detalles.",1
decision_B1_geum_ex_earth,action,Revisa las decisiones importantes una vez más antes de tomarlas.,1
decision_B1_geum_ex_earth,state,"El juicio es claro, pero termina con un resultado mediocre y la energía turbia ayuda a mantener un ritmo decente.",1
decision_B1_geum_ex_fire,intro,"Tiene un criterio promedio, pero las decisiones complejas pueden requerir reconsideración.",1
decision_B1_geum_ex_fire,effect,"El análisis es correcto hasta cierto punto, pero existen lagunas en los detalles.",1
decision_B1_geum_ex_fire,action,Revisa las decisiones importantes una vez más antes de tomarlas.,1
decision_B1_geum_ex_fire,state,"El juicio es claro, pero termina con un resultado ordinario, y la energía clara añade vitalidad tranquila y continúa el día ordinario.",1
decision_B1_geum_ex_water,intro,"Tiene un criterio promedio, pero las decisiones complejas pueden requerir reconsideración.",1
decision_B1_geum_ex_water,effect,"El análisis es correcto hasta cierto punto, pero existen lagunas en los detalles.",1
decision_B1_geum_ex_water,action,Revisa las decisiones importantes una vez más antes de tomarlas.,1
decision_B1_geum_ex_water,state,"El juicio es claro pero termina con un resultado simple, y la energía húmeda aumenta los pensamientos pero no causa mucha agitación.",1
decision_B1_geum_ex_wood,intro,"Tiene un criterio promedio, pero las decisiones complejas pueden requerir reconsideración.",1
decision_B1_geum_ex_wood,effect,"El análisis es correcto hasta cierto punto, pero existen lagunas en los detalles.",1
decision_B1_geum_ex_wood,action,Revisa las decisiones importantes una vez más antes de tomarlas.,1
decision_B1_geum_ex_wood,state,"El juicio es claro, pero termina con un resultado mediocre, y la tranquila energía del cambio no hace más que alterar levemente el flujo normal.",1
decision_B1_hwa_df_earth,intro,"Dado que la intuición no está plenamente viva, pueden producirse errores en el juicio sensorial.",1
decision_B1_hwa_df_earth,effect,"Los sentimientos se nublan, dejando incertidumbre en las decisiones.",1
decision_B1_hwa_df_earth,action,"No se limite a confiar en su intuición, comprueben juntos información concreta.",1
decision_B1_hwa_df_earth,state,"Aunque hay poca expresión, la relación no se ve muy afectada y la energía turbia ayuda a mantener un ritmo tranquilo.",1
decision_B1_hwa_df_fire,intro,"Dado que la intuición no está plenamente viva, pueden producirse errores en el juicio sensorial.",1
decision_B1_hwa_df_fire,effect,"Los sentimientos se nublan, dejando incertidumbre en las decisiones.",1
decision_B1_hwa_df_fire,action,"No se limite a confiar en su intuición, comprueben juntos información concreta.",1
decision_B1_hwa_df_fire,state,"Aunque hay pocas expresiones, la relación no se ve muy afectada y la energía clara agrega una vitalidad tranquila y continúa un día normal.",1
decision_B1_hwa_df_water,intro,"Dado que la intuición no está plenamente viva, pueden producirse errores en el juicio sensorial.",1
decision_B1_hwa_df_water,effect,"Los sentimientos se nublan, dejando incertidumbre en las decisiones.",1
decision_B1_hwa_df_water,action,"No se limite a confiar en su intuición, comprueben juntos información concreta.",1
decision_B1_hwa_df_water,state,"Aunque hay pocas expresiones, la relación no se ve muy afectada y la energía húmeda aumenta los pensamientos, pero no provoca mucha agitación.",1
decision_B1_hwa_df_wood,intro,"Dado que la intuición no está plenamente viva, pueden producirse errores en el juicio sensorial.",1
decision_B1_hwa_df_wood,effect,"Los sentimientos se nublan, dejando incertidumbre en las decisiones.",1
decision_B1_hwa_df_wood,action,"No se limite a confiar en su intuición, comprueben juntos información concreta.",1
decision_B1_hwa_df_wood,state,"Aunque hay poca expresión, la relación no se ve muy afectada y la tranquila energía del cambio solo es suficiente para sacudir ligeramente el flujo normal.",1
decision_B1_hwa_ex_earth,intro,"Dado que la intuición no está plenamente viva, pueden producirse errores en el juicio sensorial.",1
decision_B1_hwa_ex_earth,effect,"Los sentimientos se nublan, dejando incertidumbre en las decisiones.",1
decision_B1_hwa_ex_earth,action,"No se limite a confiar en su intuición, comprueben juntos información concreta.",1
decision_B1_hwa_ex_earth,state,El calor moderado hace que el día sea tranquilo y la energía nublada le ayuda a mantener un ritmo tranquilo.,1
decision_B1_hwa_ex_fire,intro,"Dado que la intuición no está plenamente viva, pueden producirse errores en el juicio sensorial.",1
decision_B1_hwa_ex_fire,effect,"Los sentimientos se nublan, dejando incertidumbre en las decisiones.",1
decision_B1_hwa_ex_fire,action,"No se limite a confiar en su intuición, comprueben juntos información concreta.",1
decision_B1_hwa_ex_fire,state,El calor moderado crea un día tranquilo y la energía clara añade vitalidad tranquila y continúa el día normal.,1
decision_B1_hwa_ex_water,intro,"Dado que la intuición no está plenamente viva, pueden producirse errores en el juicio sensorial.",1
decision_B1_hwa_ex_water,effect,"Los sentimientos se nublan, dejando incertidumbre en las decisiones.",1
decision_B1_hwa_ex_water,action,"No se limite a confiar en su intuición, comprueben juntos información concreta.",1
decision_B1_hwa_ex_water,state,El calor moderado hace que el día sea tranquilo y la energía húmeda aumenta tus pensamientos pero no causa mucha agitación.,1
decision_B1_hwa_ex_wood,intro,"Dado que la intuición no está plenamente viva, pueden producirse errores en el juicio sensorial.",1
decision_B1_hwa_ex_wood,effect,"Los sentimientos se nublan, dejando incertidumbre en las decisiones.",1
decision_B1_hwa_ex_wood,action,"No se limite a confiar en su intuición, comprueben juntos información concreta.",1
decision_B1_hwa_ex_wood,state,El calor moderado hace que el día sea tranquilo y la tranquila energía del cambio no hace más que alterar ligeramente el flujo normal.,1
decision_B1_mok_df_earth,intro,"Su juicio puede ser algo limitado, lo que dificulta considerar plenamente sus opciones.",1
decision_B1_mok_df_earth,effect,"Debido a que su campo de visión es limitado, es posible que se pierda mejores opciones.",1
decision_B1_mok_df_earth,action,Recopile activamente opiniones e información adicional de quienes lo rodean antes de emitir un juicio.,1
decision_B1_mok_df_earth,state,"Sigue siendo más familiar que nuevo, pero el flujo es ininterrumpido y la energía turbia te ayuda a mantener un ritmo tranquilo.",1
decision_B1_mok_df_fire,intro,"Su juicio puede ser algo limitado, lo que dificulta considerar plenamente sus opciones.",1
decision_B1_mok_df_fire,effect,"Debido a que su campo de visión es limitado, es posible que se pierda mejores opciones.",1
decision_B1_mok_df_fire,action,Recopile activamente opiniones e información adicional de quienes lo rodean antes de emitir un juicio.,1
decision_B1_mok_df_fire,state,"Aunque sigue siendo familiar más que nuevo, el flujo es ininterrumpido y la energía clara añade vitalidad tranquila y continúa el día normal.",1
decision_B1_mok_df_water,intro,"Su juicio puede ser algo limitado, lo que dificulta considerar plenamente sus opciones.",1
decision_B1_mok_df_water,effect,"Debido a que su campo de visión es limitado, es posible que se pierda mejores opciones.",1
decision_B1_mok_df_water,action,Recopile activamente opiniones e información adicional de quienes lo rodean antes de emitir un juicio.,1
decision_B1_mok_df_water,state,"Aunque sigue siendo más familiar que novedoso, el flujo es ininterrumpido y la energía húmeda aumenta los pensamientos pero no causa mucha agitación.",1
decision_B1_mok_df_wood,intro,"Su juicio puede ser algo limitado, lo que dificulta considerar plenamente sus opciones.",1
decision_B1_mok_df_wood,effect,"Debido a que su campo de visión es limitado, es posible que se pierda mejores opciones.",1
decision_B1_mok_df_wood,action,Recopile activamente opiniones e información adicional de quienes lo rodean antes de emitir un juicio.,1
decision_B1_mok_df_wood,state,"Aunque sigue siendo más familiar que nuevo, el flujo es ininterrumpido y la tranquila energía del cambio sólo sacude ligeramente el flujo normal.",1
decision_B1_mok_ex_earth,intro,"Su juicio puede ser algo limitado, lo que dificulta considerar plenamente sus opciones.",1
decision_B1_mok_ex_earth,effect,"Debido a que su campo de visión es limitado, es posible que se pierda mejores opciones.",1
decision_B1_mok_ex_earth,action,Recopile activamente opiniones e información adicional de quienes lo rodean antes de emitir un juicio.,1
decision_B1_mok_ex_earth,state,"Hay motivación, pero tu fuerza motriz se mantiene en un nivel mediocre y la energía turbia te ayuda a mantener un ritmo decente.",1
decision_B1_mok_ex_fire,intro,"Su juicio puede ser algo limitado, lo que dificulta considerar plenamente sus opciones.",1
decision_B1_mok_ex_fire,effect,"Debido a que su campo de visión es limitado, es posible que se pierda mejores opciones.",1
decision_B1_mok_ex_fire,action,Recopile activamente opiniones e información adicional de quienes lo rodean antes de emitir un juicio.,1
decision_B1_mok_ex_fire,state,"Aunque hay motivación, tu fuerza motriz se mantiene en un nivel promedio y la energía clara añade vitalidad tranquila y continúa con tu día normal.",1
decision_B1_mok_ex_water,intro,"Su juicio puede ser algo limitado, lo que dificulta considerar plenamente sus opciones.",1
decision_B1_mok_ex_water,effect,"Debido a que su campo de visión es limitado, es posible que se pierda mejores opciones.",1
decision_B1_mok_ex_water,action,Recopile activamente opiniones e información adicional de quienes lo rodean antes de emitir un juicio.,1
decision_B1_mok_ex_water,state,"Hay motivación, pero la fuerza impulsora permanece en un nivel normal y la energía húmeda aumenta los pensamientos, pero no causa mucha agitación.",1
decision_B1_mok_ex_wood,intro,"Su juicio puede ser algo limitado, lo que dificulta considerar plenamente sus opciones.",1
decision_B1_mok_ex_wood,effect,"Debido a que su campo de visión es limitado, es posible que se pierda mejores opciones.",1
decision_B1_mok_ex_wood,action,Recopile activamente opiniones e información adicional de quienes lo rodean antes de emitir un juicio.,1
decision_B1_mok_ex_wood,state,"Hay motivación, pero la fuerza motriz permanece en un nivel mediocre y la tranquila energía del cambio sólo es suficiente para alterar ligeramente el flujo normal.",1
decision_B1_su_df_earth,intro,"Tu sentido de leer el flujo se ha vuelto un poco aburrido, por lo que puede haber dificultad para juzgar el momento.",1
decision_B1_su_df_earth,effect,El momento de la decisión puede estar ligeramente fuera de lugar y los resultados pueden ser inferiores a los esperados.,1
decision_B1_su_df_earth,action,"No se apresure a tomar una decisión, espere hasta que la situación se aclare.",1
decision_B1_su_df_earth,state,"Aunque la flexibilidad ha disminuido, el flujo no se interrumpe significativamente y la energía turbia ayuda a mantener un ritmo decente.",1
decision_B1_su_df_fire,intro,"Tu sentido de leer el flujo se ha vuelto un poco aburrido, por lo que puede haber dificultad para juzgar el momento.",1
decision_B1_su_df_fire,effect,El momento de la decisión puede estar ligeramente fuera de lugar y los resultados pueden ser inferiores a los esperados.,1
decision_B1_su_df_fire,action,"No se apresure a tomar una decisión, espere hasta que la situación se aclare.",1
decision_B1_su_df_fire,state,"Aunque la flexibilidad ha disminuido, el flujo no se ve significativamente interrumpido y la energía clara añade vitalidad tranquila y continúa un día normal.",1
decision_B1_su_df_water,intro,"Tu sentido de leer el flujo se ha vuelto un poco aburrido, por lo que puede haber dificultad para juzgar el momento.",1
decision_B1_su_df_water,effect,El momento de la decisión puede estar ligeramente fuera de lugar y los resultados pueden ser inferiores a los esperados.,1
decision_B1_su_df_water,action,"No se apresure a tomar una decisión, espere hasta que la situación se aclare.",1
decision_B1_su_df_water,state,"La flexibilidad se reduce, pero el flujo no se interrumpe mucho y la energía húmeda aumenta los pensamientos, pero no causa mucha agitación.",1
decision_B1_su_df_wood,intro,"Tu sentido de leer el flujo se ha vuelto un poco aburrido, por lo que puede haber dificultad para juzgar el momento.",1
decision_B1_su_df_wood,effect,El momento de la decisión puede estar ligeramente fuera de lugar y los resultados pueden ser inferiores a los esperados.,1
decision_B1_su_df_wood,action,"No se apresure a tomar una decisión, espere hasta que la situación se aclare.",1
decision_B1_su_df_wood,state,"Aunque la flexibilidad ha disminuido, el flujo no se ve significativamente interrumpido y la tranquila energía del cambio sólo sacude ligeramente el flujo normal.",1
decision_B1_su_ex_earth,intro,"Tu sentido de leer el flujo se ha vuelto un poco aburrido, por lo que puede haber dificultad para juzgar el momento.",1
decision_B1_su_ex_earth,effect,El momento de la decisión puede estar ligeramente fuera de lugar y los resultados pueden ser inferiores a los esperados.,1
decision_B1_su_ex_earth,action,"No se apresure a tomar una decisión, espere hasta que la situación se aclare.",1
decision_B1_su_ex_earth,state,"Aunque tengo mucho en qué pensar, el día transcurre sin muchas perturbaciones y la energía nubosa te ayuda a mantener un ritmo tranquilo.",1
decision_B1_su_ex_fire,intro,"Tu sentido de leer el flujo se ha vuelto un poco aburrido, por lo que puede haber dificultad para juzgar el momento.",1
decision_B1_su_ex_fire,effect,El momento de la decisión puede estar ligeramente fuera de lugar y los resultados pueden ser inferiores a los esperados.,1
decision_B1_su_ex_fire,action,"No se apresure a tomar una decisión, espere hasta que la situación se aclare.",1
decision_B1_su_ex_fire,state,"Aunque tengo muchos pensamientos, el día transcurre sin muchas perturbaciones y la energía clara añade vitalidad tranquila y continúa el día normal.",1
decision_B1_su_ex_water,intro,"Tu sentido de leer el flujo se ha vuelto un poco aburrido, por lo que puede haber dificultad para juzgar el momento.",1
decision_B1_su_ex_water,effect,El momento de la decisión puede estar ligeramente fuera de lugar y los resultados pueden ser inferiores a los esperados.,1
decision_B1_su_ex_water,action,"No se apresure a tomar una decisión, espere hasta que la situación se aclare.",1
decision_B1_su_ex_water,state,"Incluso si tienes muchos pensamientos, el día transcurre sin mucha agitación y la energía húmeda aumenta tus pensamientos pero no causa mucha agitación.",1
decision_B1_su_ex_wood,intro,"Tu sentido de leer el flujo se ha vuelto un poco aburrido, por lo que puede haber dificultad para juzgar el momento.",1
decision_B1_su_ex_wood,effect,El momento de la decisión puede estar ligeramente fuera de lugar y los resultados pueden ser inferiores a los esperados.,1
decision_B1_su_ex_wood,action,"No se apresure a tomar una decisión, espere hasta que la situación se aclare.",1
decision_B1_su_ex_wood,state,"Aunque tengo muchos pensamientos, el día transcurre sin muchas perturbaciones y la tranquila energía del cambio sólo sacude ligeramente el flujo normal.",1
decision_B1_to_df_earth,intro,"La estabilidad del juicio se mantiene en un nivel medio, pero puede haber fluctuaciones.",1
decision_B1_to_df_earth,effect,"El equilibrio puede estar un poco desequilibrado, lo que lleva a errores en decisiones importantes.",1
decision_B1_to_df_earth,action,Piensa las cosas con más atención de lo habitual y toma decisiones sin prisas.,1
decision_B1_to_df_earth,state,"Aunque hay algo de temblor, la vida diaria transcurre sin problemas y la energía turbia te ayuda a mantener un ritmo tranquilo.",1
decision_B1_to_df_fire,intro,"La estabilidad del juicio se mantiene en un nivel medio, pero puede haber fluctuaciones.",1
decision_B1_to_df_fire,effect,"El equilibrio puede estar un poco desequilibrado, lo que lleva a errores en decisiones importantes.",1
decision_B1_to_df_fire,action,Piensa las cosas con más atención de lo habitual y toma decisiones sin prisas.,1
decision_B1_to_df_fire,state,"Aunque hay algo de temblor, la vida diaria fluye sin problemas y la energía clara añade vitalidad tranquila y continúa el día normal.",1
decision_B1_to_df_water,intro,"La estabilidad del juicio se mantiene en un nivel medio, pero puede haber fluctuaciones.",1
decision_B1_to_df_water,effect,"El equilibrio puede estar un poco desequilibrado, lo que lleva a errores en decisiones importantes.",1
decision_B1_to_df_water,action,Piensa las cosas con más atención de lo habitual y toma decisiones sin prisas.,1
decision_B1_to_df_water,state,"Aunque hay temblores, la vida diaria fluye suavemente y la energía húmeda aumenta los pensamientos, pero no causa mucha agitación.",1
decision_B1_to_df_wood,intro,"La estabilidad del juicio se mantiene en un nivel medio, pero puede haber fluctuaciones.",1
decision_B1_to_df_wood,effect,"El equilibrio puede estar un poco desequilibrado, lo que lleva a errores en decisiones importantes.",1
decision_B1_to_df_wood,action,Piensa las cosas con más atención de lo habitual y toma decisiones sin prisas.,1
decision_B1_to_df_wood,state,"Aunque hay fluctuaciones, la vida diaria fluye suavemente y la tranquila energía del cambio sólo sacude ligeramente el flujo normal.",1
decision_B1_to_ex_earth,intro,"La estabilidad del juicio se mantiene en un nivel medio, pero puede haber fluctuaciones.",1
decision_B1_to_ex_earth,effect,"El equilibrio puede estar un poco desequilibrado, lo que lleva a errores en decisiones importantes.",1
decision_B1_to_ex_earth,action,Piensa las cosas con más atención de lo habitual y toma decisiones sin prisas.,1
decision_B1_to_ex_earth,state,Elegir la familiaridad en lugar del cambio te lleva a un día fácil y la energía turbia te ayuda a mantener un ritmo tranquilo.,1
decision_B1_to_ex_fire,intro,"La estabilidad del juicio se mantiene en un nivel medio, pero puede haber fluctuaciones.",1
decision_B1_to_ex_fire,effect,"El equilibrio puede estar un poco desequilibrado, lo que lleva a errores en decisiones importantes.",1
decision_B1_to_ex_fire,action,Piensa las cosas con más atención de lo habitual y toma decisiones sin prisas.,1
decision_B1_to_ex_fire,state,"Elegir la familiaridad en lugar del cambio conduce a un día normal, y la energía clara añade vitalidad tranquila al día normal.",1
decision_B1_to_ex_water,intro,"La estabilidad del juicio se mantiene en un nivel medio, pero puede haber fluctuaciones.",1
decision_B1_to_ex_water,effect,"El equilibrio puede estar un poco desequilibrado, lo que lleva a errores en decisiones importantes.",1
decision_B1_to_ex_water,action,Piensa las cosas con más atención de lo habitual y toma decisiones sin prisas.,1
decision_B1_to_ex_water,state,"Elegir la familiaridad en lugar del cambio conduce a un día normal, y la energía húmeda aumenta los pensamientos pero no causa mucha agitación.",1
decision_B1_to_ex_wood,intro,"La estabilidad del juicio se mantiene en un nivel medio, pero puede haber fluctuaciones.",1
decision_B1_to_ex_wood,effect,"El equilibrio puede estar un poco desequilibrado, lo que lleva a errores en decisiones importantes.",1
decision_B1_to_ex_wood,action,Piensa las cosas con más atención de lo habitual y toma decisiones sin prisas.,1
decision_B1_to_ex_wood,state,"Elegir la familiaridad en lugar del cambio conduce a un día normal, y la tranquila energía del cambio sólo sacude ligeramente el flujo normal.",1
decision_C,intro,"Su juicio puede verse algo afectado hoy, por lo que es seguro posponer decisiones importantes.",1
decision_C,intro,"No tengo la energía para tomar decisiones hoy, así que es mejor consultar la opinión de otra persona en lugar de tomar decisiones por tu cuenta.",1
decision_C,effect,"La elección que hagas hoy puede terminar siendo lamentable más adelante, por lo que debes abordarla con la mayor cautela posible.",1
decision_C,effect,"La falta de información o de emociones puede nublar tu juicio, por lo que lo mejor es tomarte tu tiempo y repasar.",1
decision_C,action,"Si anotas sólo los puntos clave antes de tomar una decisión, podrás organizar tu mente y reducir los errores.",1
decision_C,action,Es más seguro volver a revisar mañana las conclusiones a las que se llegó hoy y luego ponerlas en práctica.,1
decision_C_geum_df_earth,intro,Este es un día en el que el juicio se ve afectado y es probable que se produzcan errores en decisiones complejas.,1
decision_C_geum_df_earth,effect,La precisión del análisis puede disminuir y conducir a conclusiones incorrectas.,1
decision_C_geum_df_earth,action,Evite tomar decisiones importantes hoy y discútalas con alguien de su confianza.,1
decision_C_geum_df_earth,state,"A medida que su resolución se debilita, es fácil posponer decisiones importantes, y la energía turbia puede ralentizarlo y hacer que sus pensamientos sean pesados.",1
decision_C_geum_df_fire,intro,Este es un día en el que el juicio se ve afectado y es probable que se produzcan errores en decisiones complejas.,1
decision_C_geum_df_fire,effect,La precisión del análisis puede disminuir y conducir a conclusiones incorrectas.,1
decision_C_geum_df_fire,action,Evite tomar decisiones importantes hoy y discútalas con alguien de su confianza.,1
decision_C_geum_df_fire,state,"A medida que su resolución se debilita, es fácil posponer decisiones importantes y su energía clara puede fluir hacia una atmósfera excitada, que puede nublar su prudencia.",1
decision_C_geum_df_water,intro,Este es un día en el que el juicio se ve afectado y es probable que se produzcan errores en decisiones complejas.,1
decision_C_geum_df_water,effect,La precisión del análisis puede disminuir y conducir a conclusiones incorrectas.,1
decision_C_geum_df_water,action,Evite tomar decisiones importantes hoy y discútalas con alguien de su confianza.,1
decision_C_geum_df_water,state,"Es fácil posponer decisiones importantes a medida que su resolución se debilita y la energía de la lluvia y la nieve puede estimular sus emociones y su ser interior, lo que puede tener un impacto mayor.",1
decision_C_geum_df_wood,intro,Este es un día en el que el juicio se ve afectado y es probable que se produzcan errores en decisiones complejas.,1
decision_C_geum_df_wood,effect,La precisión del análisis puede disminuir y conducir a conclusiones incorrectas.,1
decision_C_geum_df_wood,action,Evite tomar decisiones importantes hoy y discútalas con alguien de su confianza.,1
decision_C_geum_df_wood,state,"Es fácil posponer decisiones importantes debido a una determinación debilitada, y la fuerte energía del cambio puede alterar el ritmo y conducir a variables inesperadas.",1
decision_C_geum_ex_earth,intro,Este es un día en el que el juicio se ve afectado y es probable que se produzcan errores en decisiones complejas.,1
decision_C_geum_ex_earth,effect,La precisión del análisis puede disminuir y conducir a conclusiones incorrectas.,1
decision_C_geum_ex_earth,action,Evite tomar decisiones importantes hoy y discútalas con alguien de su confianza.,1
decision_C_geum_ex_earth,state,Un juicio demasiado agudo puede enfriar las relaciones y la energía turbia puede ralentizar el ritmo y hacer que los pensamientos sean pesados.,1
decision_C_geum_ex_fire,intro,Este es un día en el que el juicio se ve afectado y es probable que se produzcan errores en decisiones complejas.,1
decision_C_geum_ex_fire,effect,La precisión del análisis puede disminuir y conducir a conclusiones incorrectas.,1
decision_C_geum_ex_fire,action,Evite tomar decisiones importantes hoy y discútalas con alguien de su confianza.,1
decision_C_geum_ex_fire,state,"Un juicio excesivamente agudo puede enfriar las relaciones y la energía clara puede fluir hacia una atmósfera excitada, lo que puede nublar la prudencia.",1
decision_C_geum_ex_water,intro,Este es un día en el que el juicio se ve afectado y es probable que se produzcan errores en decisiones complejas.,1
decision_C_geum_ex_water,effect,La precisión del análisis puede disminuir y conducir a conclusiones incorrectas.,1
decision_C_geum_ex_water,action,Evite tomar decisiones importantes hoy y discútalas con alguien de su confianza.,1
decision_C_geum_ex_water,state,"Un juicio demasiado agudo puede enfriar las relaciones, y la energía de la lluvia y la nieve puede estimular emociones y sentimientos internos, que pueden tener un impacto mayor.",1
decision_C_geum_ex_wood,intro,Este es un día en el que el juicio se ve afectado y es probable que se produzcan errores en decisiones complejas.,1
decision_C_geum_ex_wood,effect,La precisión del análisis puede disminuir y conducir a conclusiones incorrectas.,1
decision_C_geum_ex_wood,action,Evite tomar decisiones importantes hoy y discútalas con alguien de su confianza.,1
decision_C_geum_ex_wood,state,"Un juicio demasiado agudo puede enfriar las relaciones, y la fuerte energía del cambio puede alterar el ritmo y provocar variables inesperadas.",1
decision_C_hwa_df_earth,intro,Es un día en el que la intuición se vuelve borrosa y resulta difícil confiar en el juicio sensorial.,1
decision_C_hwa_df_earth,effect,"Si sus sentimientos están reñidos con la realidad, sus decisiones pueden llevar al arrepentimiento.",1
decision_C_hwa_df_earth,action,Tome decisiones cuidadosamente basándose en hechos objetivos y no en sentimientos.,1
decision_C_hwa_df_earth,state,"Es fácil que se produzcan malentendidos debido a la dificultad para expresarse, y la energía turbia puede ralentizarte y hacer que tus pensamientos sean pesados.",1
decision_C_hwa_df_fire,intro,Es un día en el que la intuición se vuelve borrosa y resulta difícil confiar en el juicio sensorial.,1
decision_C_hwa_df_fire,effect,"Si sus sentimientos están reñidos con la realidad, sus decisiones pueden llevar al arrepentimiento.",1
decision_C_hwa_df_fire,action,Tome decisiones cuidadosamente basándose en hechos objetivos y no en sentimientos.,1
decision_C_hwa_df_fire,state,Es fácil que se produzcan malentendidos porque las expresiones son difíciles de entender y la energía clara puede fluir hacia una atmósfera excitada y hacer que la precaución se nuble.,1
decision_C_hwa_df_water,intro,Es un día en el que la intuición se vuelve borrosa y resulta difícil confiar en el juicio sensorial.,1
decision_C_hwa_df_water,effect,"Si sus sentimientos están reñidos con la realidad, sus decisiones pueden llevar al arrepentimiento.",1
decision_C_hwa_df_water,action,Tome decisiones cuidadosamente basándose en hechos objetivos y no en sentimientos.,1
decision_C_hwa_df_water,state,"Es fácil que se produzcan malentendidos porque las expresiones son difíciles de entender y la energía de la lluvia y la nieve puede estimular emociones y sentimientos internos, que pueden tener un impacto mayor.",1
decision_C_hwa_df_wood,intro,Es un día en el que la intuición se vuelve borrosa y resulta difícil confiar en el juicio sensorial.,1
decision_C_hwa_df_wood,effect,"Si sus sentimientos están reñidos con la realidad, sus decisiones pueden llevar al arrepentimiento.",1
decision_C_hwa_df_wood,action,Tome decisiones cuidadosamente basándose en hechos objetivos y no en sentimientos.,1
decision_C_hwa_df_wood,state,"Es fácil que surjan malentendidos debido a expresiones difíciles, y la fuerte energía del cambio puede alterar el ritmo y conducir a variables inesperadas.",1
decision_C_hwa_ex_earth,intro,Es un día en el que la intuición se vuelve borrosa y resulta difícil confiar en el juicio sensorial.,1
decision_C_hwa_ex_earth,effect,"Si sus sentimientos están reñidos con la realidad, sus decisiones pueden llevar al arrepentimiento.",1
decision_C_hwa_ex_earth,action,Tome decisiones cuidadosamente basándose en hechos objetivos y no en sentimientos.,1
decision_C_hwa_ex_earth,state,Es fácil que las emociones choquen y la energía turbia puede ralentizarlo y hacer que sus pensamientos sean pesados.,1
decision_C_hwa_ex_fire,intro,Es un día en el que la intuición se vuelve borrosa y resulta difícil confiar en el juicio sensorial.,1
decision_C_hwa_ex_fire,effect,"Si sus sentimientos están reñidos con la realidad, sus decisiones pueden llevar al arrepentimiento.",1
decision_C_hwa_ex_fire,action,Tome decisiones cuidadosamente basándose en hechos objetivos y no en sentimientos.,1
decision_C_hwa_ex_fire,state,"Es fácil que las emociones choquen y la energía clara puede fluir hacia una atmósfera excitada, haciendo que la precaución se nuble.",1
decision_C_hwa_ex_water,intro,Es un día en el que la intuición se vuelve borrosa y resulta difícil confiar en el juicio sensorial.,1
decision_C_hwa_ex_water,effect,"Si sus sentimientos están reñidos con la realidad, sus decisiones pueden llevar al arrepentimiento.",1
decision_C_hwa_ex_water,action,Tome decisiones cuidadosamente basándose en hechos objetivos y no en sentimientos.,1
decision_C_hwa_ex_water,state,"Es fácil que las emociones entren en conflicto y la energía de la lluvia y la nieve puede estimular emociones y sentimientos internos, lo que puede aumentar el impacto.",1
decision_C_hwa_ex_wood,intro,Es un día en el que la intuición se vuelve borrosa y resulta difícil confiar en el juicio sensorial.,1
decision_C_hwa_ex_wood,effect,"Si sus sentimientos están reñidos con la realidad, sus decisiones pueden llevar al arrepentimiento.",1
decision_C_hwa_ex_wood,action,Tome decisiones cuidadosamente basándose en hechos objetivos y no en sentimientos.,1
decision_C_hwa_ex_wood,state,Es fácil que las emociones choquen y la fuerte energía del cambio puede alterar el ritmo y provocar variables inesperadas.,1
decision_C_mok_df_earth,intro,"Este es un día en el que disminuye tu flexibilidad de juicio, lo que dificulta la adaptación a nuevas situaciones.",1
decision_C_mok_df_earth,effect,Una perspectiva fija oscurece mejores opciones y hace que pierdas oportunidades.,1
decision_C_mok_df_earth,action,Se necesitan esfuerzos para romper moldes y estar abiertos a diversas perspectivas.,1
decision_C_mok_df_earth,state,"La vacilación a la hora de probar cosas nuevas puede ralentizar el progreso, y la energía turbia puede ralentizar el ritmo y hacer que los pensamientos sean pesados.",1
decision_C_mok_df_fire,intro,"Este es un día en el que disminuye tu flexibilidad de juicio, lo que dificulta la adaptación a nuevas situaciones.",1
decision_C_mok_df_fire,effect,Una perspectiva fija oscurece mejores opciones y hace que pierdas oportunidades.,1
decision_C_mok_df_fire,action,Se necesitan esfuerzos para romper moldes y estar abiertos a diversas perspectivas.,1
decision_C_mok_df_fire,state,"La vacilación a la hora de probar cosas nuevas puede ralentizar el progreso, y la energía clara puede generar una atmósfera de excitación, que puede nublar la precaución.",1
decision_C_mok_df_water,intro,"Este es un día en el que disminuye tu flexibilidad de juicio, lo que dificulta la adaptación a nuevas situaciones.",1
decision_C_mok_df_water,effect,Una perspectiva fija oscurece mejores opciones y hace que pierdas oportunidades.,1
decision_C_mok_df_water,action,Se necesitan esfuerzos para romper moldes y estar abiertos a diversas perspectivas.,1
decision_C_mok_df_water,state,"La vacilación a la hora de probar cosas nuevas puede ralentizar el progreso, y la energía de la lluvia y la nieve puede estimular tus emociones y tu yo interior, lo que puede aumentar el impacto.",1
decision_C_mok_df_wood,intro,"Este es un día en el que disminuye tu flexibilidad de juicio, lo que dificulta la adaptación a nuevas situaciones.",1
decision_C_mok_df_wood,effect,Una perspectiva fija oscurece mejores opciones y hace que pierdas oportunidades.,1
decision_C_mok_df_wood,action,Se necesitan esfuerzos para romper moldes y estar abiertos a diversas perspectivas.,1
decision_C_mok_df_wood,state,"La vacilación a la hora de probar cosas nuevas puede ralentizar el progreso, y la fuerte energía del cambio puede alterar el ritmo y generar variables inesperadas.",1
decision_C_mok_ex_earth,intro,"Este es un día en el que disminuye tu flexibilidad de juicio, lo que dificulta la adaptación a nuevas situaciones.",1
decision_C_mok_ex_earth,effect,Una perspectiva fija oscurece mejores opciones y hace que pierdas oportunidades.,1
decision_C_mok_ex_earth,action,Se necesitan esfuerzos para romper moldes y estar abiertos a diversas perspectivas.,1
decision_C_mok_ex_earth,state,La motivación excesiva puede hacer que te excedas y la energía turbia puede ralentizarte y hacer que tus pensamientos sean pesados.,1
decision_C_mok_ex_fire,intro,"Este es un día en el que disminuye tu flexibilidad de juicio, lo que dificulta la adaptación a nuevas situaciones.",1
decision_C_mok_ex_fire,effect,Una perspectiva fija oscurece mejores opciones y hace que pierdas oportunidades.,1
decision_C_mok_ex_fire,action,Se necesitan esfuerzos para romper moldes y estar abiertos a diversas perspectivas.,1
decision_C_mok_ex_fire,state,"Si está demasiado motivado, puede esforzarse por hacer cosas y su energía clara puede fluir hacia una atmósfera excitada, que puede nublar su prudencia.",1
decision_C_mok_ex_water,intro,"Este es un día en el que disminuye tu flexibilidad de juicio, lo que dificulta la adaptación a nuevas situaciones.",1
decision_C_mok_ex_water,effect,Una perspectiva fija oscurece mejores opciones y hace que pierdas oportunidades.,1
decision_C_mok_ex_water,action,Se necesitan esfuerzos para romper moldes y estar abiertos a diversas perspectivas.,1
decision_C_mok_ex_water,state,"Si tienes demasiada motivación, puedes exagerar y la energía de la lluvia y la nieve puede estimular tus emociones y tu yo interior, lo que puede aumentar el impacto.",1
decision_C_mok_ex_wood,intro,"Este es un día en el que disminuye tu flexibilidad de juicio, lo que dificulta la adaptación a nuevas situaciones.",1
decision_C_mok_ex_wood,effect,Una perspectiva fija oscurece mejores opciones y hace que pierdas oportunidades.,1
decision_C_mok_ex_wood,action,Se necesitan esfuerzos para romper moldes y estar abiertos a diversas perspectivas.,1
decision_C_mok_ex_wood,state,"La motivación excesiva puede llevar a exagerar las cosas, y la fuerte energía del cambio puede alterar el ritmo y generar variables inesperadas.",1
decision_C_su_df_earth,intro,Es un día en el que tu sentido de fluidez se vuelve aburrido y es fácil perder el momento de tomar decisiones.,1
decision_C_su_df_earth,effect,Una decisión en el momento equivocado produce resultados peores de lo esperado.,1
decision_C_su_df_earth,action,Posponer una decisión o consultar la opinión de un experto.,1
decision_C_su_df_earth,state,"Es fácil perder la noción del flujo debido a la falta de flexibilidad, y la energía turbia puede ralentizarlo y hacer que sus pensamientos sean pesados.",1
decision_C_su_df_fire,intro,Es un día en el que tu sentido de fluidez se vuelve aburrido y es fácil perder el momento de tomar decisiones.,1
decision_C_su_df_fire,effect,Una decisión en el momento equivocado produce resultados peores de lo esperado.,1
decision_C_su_df_fire,action,Posponer una decisión o consultar la opinión de un experto.,1
decision_C_su_df_fire,state,"Debido a la falta de flexibilidad, es fácil perder el hilo y la energía clara puede fluir hacia una atmósfera excitada, lo que puede nublar su prudencia.",1
decision_C_su_df_water,intro,Es un día en el que tu sentido de fluidez se vuelve aburrido y es fácil perder el momento de tomar decisiones.,1
decision_C_su_df_water,effect,Una decisión en el momento equivocado produce resultados peores de lo esperado.,1
decision_C_su_df_water,action,Posponer una decisión o consultar la opinión de un experto.,1
decision_C_su_df_water,state,"Debido a la falta de flexibilidad, es fácil perder la noción del flujo, y la energía de la lluvia y la nieve puede estimular las emociones y el yo interior, lo que puede aumentar el impacto.",1
decision_C_su_df_wood,intro,Es un día en el que tu sentido de fluidez se vuelve aburrido y es fácil perder el momento de tomar decisiones.,1
decision_C_su_df_wood,effect,Una decisión en el momento equivocado produce resultados peores de lo esperado.,1
decision_C_su_df_wood,action,Posponer una decisión o consultar la opinión de un experto.,1
decision_C_su_df_wood,state,"Debido a la falta de flexibilidad, es fácil perder el rumbo y la fuerte energía del cambio puede alterar el ritmo y dar lugar a variables inesperadas.",1
decision_C_su_ex_earth,intro,Es un día en el que tu sentido de fluidez se vuelve aburrido y es fácil perder el momento de tomar decisiones.,1
decision_C_su_ex_earth,effect,Una decisión en el momento equivocado produce resultados peores de lo esperado.,1
decision_C_su_ex_earth,action,Posponer una decisión o consultar la opinión de un experto.,1
decision_C_su_ex_earth,state,"Es fácil que tu juicio se vea empañado por emociones desbordantes, y la energía turbia puede ralentizarte y hacer que tus pensamientos sean pesados.",1
decision_C_su_ex_fire,intro,Es un día en el que tu sentido de fluidez se vuelve aburrido y es fácil perder el momento de tomar decisiones.,1
decision_C_su_ex_fire,effect,Una decisión en el momento equivocado produce resultados peores de lo esperado.,1
decision_C_su_ex_fire,action,Posponer una decisión o consultar la opinión de un experto.,1
decision_C_su_ex_fire,state,"El juicio puede verse fácilmente nublado por emociones desbordantes, y la energía clara puede fluir hacia una atmósfera excitada, que puede nublar la prudencia.",1
decision_C_su_ex_water,intro,Es un día en el que tu sentido de fluidez se vuelve aburrido y es fácil perder el momento de tomar decisiones.,1
decision_C_su_ex_water,effect,Una decisión en el momento equivocado produce resultados peores de lo esperado.,1
decision_C_su_ex_water,action,Posponer una decisión o consultar la opinión de un experto.,1
decision_C_su_ex_water,state,"Es fácil que su juicio se nuble debido a emociones desbordantes, y la energía de la lluvia y la nieve puede estimular sus emociones y su ser interior, lo que puede aumentar el impacto.",1
decision_C_su_ex_wood,intro,Es un día en el que tu sentido de fluidez se vuelve aburrido y es fácil perder el momento de tomar decisiones.,1
decision_C_su_ex_wood,effect,Una decisión en el momento equivocado produce resultados peores de lo esperado.,1
decision_C_su_ex_wood,action,Posponer una decisión o consultar la opinión de un experto.,1
decision_C_su_ex_wood,state,"El juicio puede verse fácilmente empañado por las emociones, y la fuerte energía del cambio puede alterar el ritmo y conducir a variables inesperadas.",1
decision_C_to_df_earth,intro,Es un día en el que su sentido de estabilidad se ve afectado y la ansiedad aumenta durante el proceso de juicio.,1
decision_C_to_df_earth,effect,Es probable que las decisiones tomadas en momentos de ansiedad conduzcan a errores.,1
decision_C_to_df_earth,action,Calma tu mente y toma una decisión en un estado estable.,1
decision_C_to_df_earth,state,"Debido a que su centro está sacudido, es fácil dejarse llevar por el entorno, y la energía turbia puede ralentizarlo y hacer que sus pensamientos se vuelvan pesados.",1
decision_C_to_df_fire,intro,Es un día en el que su sentido de estabilidad se ve afectado y la ansiedad aumenta durante el proceso de juicio.,1
decision_C_to_df_fire,effect,Es probable que las decisiones tomadas en momentos de ansiedad conduzcan a errores.,1
decision_C_to_df_fire,action,Calma tu mente y toma una decisión en un estado estable.,1
decision_C_to_df_fire,state,"Debido a que su centro está sacudido, es fácil dejarse llevar por quienes lo rodean, y su energía clara puede fluir hacia una atmósfera excitada, que puede nublar su prudencia.",1
decision_C_to_df_water,intro,Es un día en el que su sentido de estabilidad se ve afectado y la ansiedad aumenta durante el proceso de juicio.,1
decision_C_to_df_water,effect,Es probable que las decisiones tomadas en momentos de ansiedad conduzcan a errores.,1
decision_C_to_df_water,action,Calma tu mente y toma una decisión en un estado estable.,1
decision_C_to_df_water,state,"Debido a que su centro está sacudido, es fácil dejarse llevar por el entorno, y la energía de la lluvia y la nieve puede estimular sus emociones y su ser interior, lo que puede aumentar el impacto.",1
decision_C_to_df_wood,intro,Es un día en el que su sentido de estabilidad se ve afectado y la ansiedad aumenta durante el proceso de juicio.,1
decision_C_to_df_wood,effect,Es probable que las decisiones tomadas en momentos de ansiedad conduzcan a errores.,1
decision_C_to_df_wood,action,Calma tu mente y toma una decisión en un estado estable.,1
decision_C_to_df_wood,state,"Debido a que el centro se sacude, es fácil dejarse llevar por el entorno y la fuerte energía del cambio puede sacudir el ritmo y conducir a variables inesperadas.",1
decision_C_to_ex_earth,intro,Es un día en el que su sentido de estabilidad se ve afectado y la ansiedad aumenta durante el proceso de juicio.,1
decision_C_to_ex_earth,effect,Es probable que las decisiones tomadas en momentos de ansiedad conduzcan a errores.,1
decision_C_to_ex_earth,action,Calma tu mente y toma una decisión en un estado estable.,1
decision_C_to_ex_earth,state,Una mente que se niega a cambiar puede bloquear oportunidades y la energía turbia puede ralentizar tu ritmo y hacer que tus pensamientos sean pesados.,1
decision_C_to_ex_fire,intro,Es un día en el que su sentido de estabilidad se ve afectado y la ansiedad aumenta durante el proceso de juicio.,1
decision_C_to_ex_fire,effect,Es probable que las decisiones tomadas en momentos de ansiedad conduzcan a errores.,1
decision_C_to_ex_fire,action,Calma tu mente y toma una decisión en un estado estable.,1
decision_C_to_ex_fire,state,"Una mente que se niega a cambiar puede bloquear las oportunidades y la energía clara puede fluir hacia una atmósfera excitada, nublando la precaución.",1
decision_C_to_ex_water,intro,Es un día en el que su sentido de estabilidad se ve afectado y la ansiedad aumenta durante el proceso de juicio.,1
decision_C_to_ex_water,effect,Es probable que las decisiones tomadas en momentos de ansiedad conduzcan a errores.,1
decision_C_to_ex_water,action,Calma tu mente y toma una decisión en un estado estable.,1
decision_C_to_ex_water,state,"Una mente que se niega a cambiar puede bloquear oportunidades, y la energía de la lluvia y la nieve puede estimular emociones y sentimientos internos, lo que puede aumentar el impacto.",1
decision_C_to_ex_wood,intro,Es un día en el que su sentido de estabilidad se ve afectado y la ansiedad aumenta durante el proceso de juicio.,1
decision_C_to_ex_wood,effect,Es probable que las decisiones tomadas en momentos de ansiedad conduzcan a errores.,1
decision_C_to_ex_wood,action,Calma tu mente y toma una decisión en un estado estable.,1
decision_C_to_ex_wood,state,"Negarse al cambio puede bloquear oportunidades, y la fuerte energía del cambio puede alterar el ritmo y generar variables inesperadas.",1
decision_C1,intro,"Tu juicio estará bastante perjudicado hoy, por lo que lo mejor será posponer al máximo las decisiones importantes.",1
decision_C1,intro,"La energía para tomar decisiones es muy débil hoy, por lo que es seguro no confiar demasiado en tu propio juicio.",1
decision_C1,effect,"Existe una alta posibilidad de que una decisión tomada hoy genere arrepentimiento, por lo que es mejor considerar activamente posponerla.",1
decision_C1,effect,"Debido a que las emociones o los estímulos externos pueden distorsionar el juicio, es mejor recopilar información primero.",1
decision_C1,action,"Hoy, dedique tiempo a reunir y organizar sus opciones en lugar de tomar decisiones.",1
decision_C1,action,Primero pida la opinión de alguien en quien confíe y luego deje la decisión final para mañana.,1
decision_C1_geum_df_earth,intro,Tu juicio se verá muy afectado y tendrás que tener mucho cuidado con tus decisiones de hoy.,1
decision_C1_geum_df_earth,effect,La disminución de la capacidad analítica puede llevar a errores de juicio en decisiones importantes.,1
decision_C1_geum_df_earth,action,No tomes decisiones importantes hoy; posponerlos el mayor tiempo posible.,1
decision_C1_geum_df_earth,state,"Debido a la falta de determinación, es fácil que se acumulen opciones indecisas, y la energía turbia puede reducir la motivación y nublar el juicio.",1
decision_C1_geum_df_fire,intro,Tu juicio se verá muy afectado y tendrás que tener mucho cuidado con tus decisiones de hoy.,1
decision_C1_geum_df_fire,effect,La disminución de la capacidad analítica puede llevar a errores de juicio en decisiones importantes.,1
decision_C1_geum_df_fire,action,No tomes decisiones importantes hoy; posponerlos el mayor tiempo posible.,1
decision_C1_geum_df_fire,state,"Debido a la falta de determinación, es fácil tomar decisiones indecisas, y el Yang emocionado puede disipar la calma y provocar errores menores.",1
decision_C1_geum_df_water,intro,Tu juicio se verá muy afectado y tendrás que tener mucho cuidado con tus decisiones de hoy.,1
decision_C1_geum_df_water,effect,La disminución de la capacidad analítica puede llevar a errores de juicio en decisiones importantes.,1
decision_C1_geum_df_water,action,No tomes decisiones importantes hoy; posponerlos el mayor tiempo posible.,1
decision_C1_geum_df_water,state,"Debido a la falta de determinación, es fácil que se acumulen decisiones indecisas, y es posible que la energía de la lluvia y la nieve no calme sus emociones, lo que hace que su corazón se sienta pesado.",1
decision_C1_geum_df_wood,intro,Tu juicio se verá muy afectado y tendrás que tener mucho cuidado con tus decisiones de hoy.,1
decision_C1_geum_df_wood,effect,La disminución de la capacidad analítica puede llevar a errores de juicio en decisiones importantes.,1
decision_C1_geum_df_wood,action,No tomes decisiones importantes hoy; posponerlos el mayor tiempo posible.,1
decision_C1_geum_df_wood,state,"Debido a la falta de determinación, es fácil que se acumulen opciones indecisas y la energía del cambio puede seguir interfiriendo y alterando los planes.",1
decision_C1_geum_ex_earth,intro,Tu juicio se verá muy afectado y tendrás que tener mucho cuidado con tus decisiones de hoy.,1
decision_C1_geum_ex_earth,effect,La disminución de la capacidad analítica puede llevar a errores de juicio en decisiones importantes.,1
decision_C1_geum_ex_earth,action,No tomes decisiones importantes hoy; posponerlos el mayor tiempo posible.,1
decision_C1_geum_ex_earth,state,"La agudeza puede ir demasiado lejos y suponer una carga para quienes le rodean, y la energía turbia puede reducir la motivación y nublar su juicio.",1
decision_C1_geum_ex_fire,intro,Tu juicio se verá muy afectado y tendrás que tener mucho cuidado con tus decisiones de hoy.,1
decision_C1_geum_ex_fire,effect,La disminución de la capacidad analítica puede llevar a errores de juicio en decisiones importantes.,1
decision_C1_geum_ex_fire,action,No tomes decisiones importantes hoy; posponerlos el mayor tiempo posible.,1
decision_C1_geum_ex_fire,state,"Su agudeza puede ir demasiado lejos y suponer una carga para quienes le rodean, y su energía excitada puede disipar su calma y provocar errores menores.",1
decision_C1_geum_ex_water,intro,Tu juicio se verá muy afectado y tendrás que tener mucho cuidado con tus decisiones de hoy.,1
decision_C1_geum_ex_water,effect,La disminución de la capacidad analítica puede llevar a errores de juicio en decisiones importantes.,1
decision_C1_geum_ex_water,action,No tomes decisiones importantes hoy; posponerlos el mayor tiempo posible.,1
decision_C1_geum_ex_water,state,"Tu agudeza puede ir demasiado lejos y suponer una carga para quienes te rodean, y la energía de la lluvia y la nieve no puede calmar tus emociones, haciendo que tu corazón se sienta pesado.",1
decision_C1_geum_ex_wood,intro,Tu juicio se verá muy afectado y tendrás que tener mucho cuidado con tus decisiones de hoy.,1
decision_C1_geum_ex_wood,effect,La disminución de la capacidad analítica puede llevar a errores de juicio en decisiones importantes.,1
decision_C1_geum_ex_wood,action,No tomes decisiones importantes hoy; posponerlos el mayor tiempo posible.,1
decision_C1_geum_ex_wood,state,"Tu agudeza puede ir demasiado lejos y suponer una carga para quienes te rodean, y la energía del cambio puede seguir interfiriendo con tus planes.",1
decision_C1_hwa_df_earth,intro,"La intuición rara vez funciona, por lo que las decisiones basadas en los sentidos son arriesgadas.",1
decision_C1_hwa_df_earth,effect,El sentimiento está completamente desincronizado y acaba justificando la elección equivocada.,1
decision_C1_hwa_df_earth,action,"No importa lo seguro que estés, hoy deja de lado el juicio sensorial.",1
decision_C1_hwa_df_earth,state,"Es fácil que sus sentimientos no se transmitan adecuadamente debido al bloqueo de la expresión, y la energía turbia puede reducir la motivación y nublar su juicio.",1
decision_C1_hwa_df_fire,intro,"La intuición rara vez funciona, por lo que las decisiones basadas en los sentidos son arriesgadas.",1
decision_C1_hwa_df_fire,effect,El sentimiento está completamente desincronizado y acaba justificando la elección equivocada.,1
decision_C1_hwa_df_fire,action,"No importa lo seguro que estés, hoy deja de lado el juicio sensorial.",1
decision_C1_hwa_df_fire,state,"Es fácil que sus sentimientos no se transmitan adecuadamente debido al bloqueo de la expresión, y la energía excitada puede dispersar su calma y provocar errores menores.",1
decision_C1_hwa_df_water,intro,"La intuición rara vez funciona, por lo que las decisiones basadas en los sentidos son arriesgadas.",1
decision_C1_hwa_df_water,effect,El sentimiento está completamente desincronizado y acaba justificando la elección equivocada.,1
decision_C1_hwa_df_water,action,"No importa lo seguro que estés, hoy deja de lado el juicio sensorial.",1
decision_C1_hwa_df_water,state,"Debido a que las expresiones están bloqueadas, es fácil que sus sentimientos no se transmitan adecuadamente y la energía de la lluvia y la nieve no puede calmar sus emociones, lo que puede hacer que su corazón se sienta pesado.",1
decision_C1_hwa_df_wood,intro,"La intuición rara vez funciona, por lo que las decisiones basadas en los sentidos son arriesgadas.",1
decision_C1_hwa_df_wood,effect,El sentimiento está completamente desincronizado y acaba justificando la elección equivocada.,1
decision_C1_hwa_df_wood,action,"No importa lo seguro que estés, hoy deja de lado el juicio sensorial.",1
decision_C1_hwa_df_wood,state,"Es fácil que tus sentimientos no se transmitan adecuadamente debido al bloqueo de expresión, y la energía del cambio puede seguir interfiriendo y alterando tus planes.",1
decision_C1_hwa_ex_earth,intro,"La intuición rara vez funciona, por lo que las decisiones basadas en los sentidos son arriesgadas.",1
decision_C1_hwa_ex_earth,effect,El sentimiento está completamente desincronizado y acaba justificando la elección equivocada.,1
decision_C1_hwa_ex_earth,action,"No importa lo seguro que estés, hoy deja de lado el juicio sensorial.",1
decision_C1_hwa_ex_earth,state,"Es fácil que las emociones causen fricción incluso por cosas pequeñas, y la energía turbia puede reducir la motivación y nublar el juicio.",1
decision_C1_hwa_ex_fire,intro,"La intuición rara vez funciona, por lo que las decisiones basadas en los sentidos son arriesgadas.",1
decision_C1_hwa_ex_fire,effect,El sentimiento está completamente desincronizado y acaba justificando la elección equivocada.,1
decision_C1_hwa_ex_fire,action,"No importa lo seguro que estés, hoy deja de lado el juicio sensorial.",1
decision_C1_hwa_ex_fire,state,"Es fácil que las emociones causen fricción incluso por cosas pequeñas, y la energía excitada puede alterar la calma y provocar errores menores.",1
decision_C1_hwa_ex_water,intro,"La intuición rara vez funciona, por lo que las decisiones basadas en los sentidos son arriesgadas.",1
decision_C1_hwa_ex_water,effect,El sentimiento está completamente desincronizado y acaba justificando la elección equivocada.,1
decision_C1_hwa_ex_water,action,"No importa lo seguro que estés, hoy deja de lado el juicio sensorial.",1
decision_C1_hwa_ex_water,state,"Es fácil que surjan emociones incluso por cosas pequeñas, y la energía de la lluvia y la nieve no puede calmar tus emociones, lo que hace que tu corazón se sienta pesado.",1
decision_C1_hwa_ex_wood,intro,"La intuición rara vez funciona, por lo que las decisiones basadas en los sentidos son arriesgadas.",1
decision_C1_hwa_ex_wood,effect,El sentimiento está completamente desincronizado y acaba justificando la elección equivocada.,1
decision_C1_hwa_ex_wood,action,"No importa lo seguro que estés, hoy deja de lado el juicio sensorial.",1
decision_C1_hwa_ex_wood,state,"Si está impulsado emocionalmente, es fácil que surjan fricciones incluso por cosas pequeñas, y la energía del cambio puede seguir interfiriendo e interrumpiendo sus planes.",1
decision_C1_mok_df_earth,intro,Su perspectiva se reducirá enormemente y es posible que pierda opciones importantes.,1
decision_C1_mok_df_earth,effect,Las perspectivas limitadas conducen repetidamente a conclusiones erróneas.,1
decision_C1_mok_df_earth,action,No juzgues por tu cuenta; busque ayuda de alguien en quien confíe.,1
decision_C1_mok_df_earth,state,"Si dudas durante mucho tiempo, es fácil que una oportunidad se te escape de las manos y la energía turbia puede reducir la motivación y nublar tu juicio.",1
decision_C1_mok_df_fire,intro,Su perspectiva se reducirá enormemente y es posible que pierda opciones importantes.,1
decision_C1_mok_df_fire,effect,Las perspectivas limitadas conducen repetidamente a conclusiones erróneas.,1
decision_C1_mok_df_fire,action,No juzgues por tu cuenta; busque ayuda de alguien en quien confíe.,1
decision_C1_mok_df_fire,state,"Si dudas durante mucho tiempo, es fácil que se te escape una oportunidad y la energía excitada puede disipar tu calma y llevarte a errores menores.",1
decision_C1_mok_df_water,intro,Su perspectiva se reducirá enormemente y es posible que pierda opciones importantes.,1
decision_C1_mok_df_water,effect,Las perspectivas limitadas conducen repetidamente a conclusiones erróneas.,1
decision_C1_mok_df_water,action,No juzgues por tu cuenta; busque ayuda de alguien en quien confíe.,1
decision_C1_mok_df_water,state,"Si dudas durante mucho tiempo, es fácil que una oportunidad se te escape de las manos y la energía de la lluvia y la nieve no pueda calmar tus emociones, haciendo que tu corazón se sienta pesado.",1
decision_C1_mok_df_wood,intro,Su perspectiva se reducirá enormemente y es posible que pierda opciones importantes.,1
decision_C1_mok_df_wood,effect,Las perspectivas limitadas conducen repetidamente a conclusiones erróneas.,1
decision_C1_mok_df_wood,action,No juzgues por tu cuenta; busque ayuda de alguien en quien confíe.,1
decision_C1_mok_df_wood,state,"Si dudas durante mucho tiempo, es fácil que una oportunidad se te escape de las manos y la energía del cambio puede seguir interfiriendo y alterando tus planes.",1
decision_C1_mok_ex_earth,intro,Su perspectiva se reducirá enormemente y es posible que pierda opciones importantes.,1
decision_C1_mok_ex_earth,effect,Las perspectivas limitadas conducen repetidamente a conclusiones erróneas.,1
decision_C1_mok_ex_earth,action,No juzgues por tu cuenta; busque ayuda de alguien en quien confíe.,1
decision_C1_mok_ex_earth,state,"Es fácil que la codicia conduzca a cosas que no se pueden captar, y la energía turbia puede reducir la motivación y nublar el juicio.",1
decision_C1_mok_ex_fire,intro,Su perspectiva se reducirá enormemente y es posible que pierda opciones importantes.,1
decision_C1_mok_ex_fire,effect,Las perspectivas limitadas conducen repetidamente a conclusiones erróneas.,1
decision_C1_mok_ex_fire,action,No juzgues por tu cuenta; busque ayuda de alguien en quien confíe.,1
decision_C1_mok_ex_fire,state,"Es fácil volverse codicioso y hacer cosas que no puedes controlar, y la energía excitada puede perturbar tu calma y provocar errores menores.",1
decision_C1_mok_ex_water,intro,Su perspectiva se reducirá enormemente y es posible que pierda opciones importantes.,1
decision_C1_mok_ex_water,effect,Las perspectivas limitadas conducen repetidamente a conclusiones erróneas.,1
decision_C1_mok_ex_water,action,No juzgues por tu cuenta; busque ayuda de alguien en quien confíe.,1
decision_C1_mok_ex_water,state,"Es fácil volverse codicioso y hacer cosas que no puedes controlar, y la energía de la lluvia y la nieve no puede calmar tus emociones, lo que hace que tu corazón se sienta pesado.",1
decision_C1_mok_ex_wood,intro,Su perspectiva se reducirá enormemente y es posible que pierda opciones importantes.,1
decision_C1_mok_ex_wood,effect,Las perspectivas limitadas conducen repetidamente a conclusiones erróneas.,1
decision_C1_mok_ex_wood,action,No juzgues por tu cuenta; busque ayuda de alguien en quien confíe.,1
decision_C1_mok_ex_wood,state,"Es fácil volverse codicioso y terminar haciendo cosas que no puedes controlar, y la energía del cambio puede seguir interfiriendo e interrumpiendo tus planes.",1
decision_C1_su_df_earth,intro,"La sensación de fluidez puede verse gravemente alterada, lo que lleva a repetidos errores de cálculo del tiempo.",1
decision_C1_su_df_earth,effect,Hay muchas decisiones que conllevan pérdidas por una mala interpretación de la situación.,1
decision_C1_su_df_earth,action,Hoy en día es más seguro seguir con el plan existente que tomar una nueva decisión.,1
decision_C1_su_df_earth,state,"Es fácil volverse terco y perder la noción de las cosas repetidamente, y la energía turbia puede reducir la motivación y nublar el juicio.",1
decision_C1_su_df_fire,intro,"La sensación de fluidez puede verse gravemente alterada, lo que lleva a repetidos errores de cálculo del tiempo.",1
decision_C1_su_df_fire,effect,Hay muchas decisiones que conllevan pérdidas por una mala interpretación de la situación.,1
decision_C1_su_df_fire,action,Hoy en día es más seguro seguir con el plan existente que tomar una nueva decisión.,1
decision_C1_su_df_fire,state,"Es fácil volverse terco y perder la noción de la corriente, y la energía excitada puede perturbar su calma y provocar errores menores.",1
decision_C1_su_df_water,intro,"La sensación de fluidez puede verse gravemente alterada, lo que lleva a repetidos errores de cálculo del tiempo.",1
decision_C1_su_df_water,effect,Hay muchas decisiones que conllevan pérdidas por una mala interpretación de la situación.,1
decision_C1_su_df_water,action,Hoy en día es más seguro seguir con el plan existente que tomar una nueva decisión.,1
decision_C1_su_df_water,state,"Es fácil volverse terco y perder la noción de la corriente, y la energía de la lluvia y la nieve no puede calmar tus emociones, lo que hace que tu corazón se sienta pesado.",1
decision_C1_su_df_wood,intro,"La sensación de fluidez puede verse gravemente alterada, lo que lleva a repetidos errores de cálculo del tiempo.",1
decision_C1_su_df_wood,effect,Hay muchas decisiones que conllevan pérdidas por una mala interpretación de la situación.,1
decision_C1_su_df_wood,action,Hoy en día es más seguro seguir con el plan existente que tomar una nueva decisión.,1
decision_C1_su_df_wood,state,"Es fácil volverse terco y perder la noción de las cosas repetidamente, y la energía del cambio puede seguir interfiriendo y alterando sus planes.",1
decision_C1_su_ex_earth,intro,"La sensación de fluidez puede verse gravemente alterada, lo que lleva a repetidos errores de cálculo del tiempo.",1
decision_C1_su_ex_earth,effect,Hay muchas decisiones que conllevan pérdidas por una mala interpretación de la situación.,1
decision_C1_su_ex_earth,action,Hoy en día es más seguro seguir con el plan existente que tomar una nueva decisión.,1
decision_C1_su_ex_earth,state,"Las emociones se vuelven más profundas, por lo que es fácil verse sacudido incluso por estímulos pequeños, y la energía turbia puede reducir la motivación y nublar el juicio.",1
decision_C1_su_ex_fire,intro,"La sensación de fluidez puede verse gravemente alterada, lo que lleva a repetidos errores de cálculo del tiempo.",1
decision_C1_su_ex_fire,effect,Hay muchas decisiones que conllevan pérdidas por una mala interpretación de la situación.,1
decision_C1_su_ex_fire,action,Hoy en día es más seguro seguir con el plan existente que tomar una nueva decisión.,1
decision_C1_su_ex_fire,state,"Las emociones se vuelven profundas, por lo que es fácil verse sacudido incluso por el más mínimo estímulo, y la energía excitada puede alterar la calma y provocar errores menores.",1
decision_C1_su_ex_water,intro,"La sensación de fluidez puede verse gravemente alterada, lo que lleva a repetidos errores de cálculo del tiempo.",1
decision_C1_su_ex_water,effect,Hay muchas decisiones que conllevan pérdidas por una mala interpretación de la situación.,1
decision_C1_su_ex_water,action,Hoy en día es más seguro seguir con el plan existente que tomar una nueva decisión.,1
decision_C1_su_ex_water,state,"A medida que las emociones se vuelven más profundas, es fácil verse sacudido incluso por el más mínimo estímulo, y es posible que la energía de la lluvia y la nieve no calme las emociones, lo que hace que el corazón se sienta pesado.",1
decision_C1_su_ex_wood,intro,"La sensación de fluidez puede verse gravemente alterada, lo que lleva a repetidos errores de cálculo del tiempo.",1
decision_C1_su_ex_wood,effect,Hay muchas decisiones que conllevan pérdidas por una mala interpretación de la situación.,1
decision_C1_su_ex_wood,action,Hoy en día es más seguro seguir con el plan existente que tomar una nueva decisión.,1
decision_C1_su_ex_wood,state,"A medida que sus emociones se profundizan, es fácil verse sacudido incluso por el más mínimo estímulo, y la energía del cambio puede seguir interfiriendo e interrumpiendo sus planes.",1
decision_C1_to_df_earth,intro,Es un día en el que la base del juicio se vuelve inestable y es difícil confiar en cualquier decisión.,1
decision_C1_to_df_earth,effect,Las decisiones tomadas sobre bases inestables conducen al arrepentimiento y la pérdida.,1
decision_C1_to_df_earth,action,Evite tomar decisiones importantes hoy y priorice mantener el status quo.,1
decision_C1_to_df_earth,state,"Debido a que no estás centrado, es fácil que tus decisiones cambien y la energía turbia puede reducir la motivación y nublar tu juicio.",1
decision_C1_to_df_fire,intro,Es un día en el que la base del juicio se vuelve inestable y es difícil confiar en cualquier decisión.,1
decision_C1_to_df_fire,effect,Las decisiones tomadas sobre bases inestables conducen al arrepentimiento y la pérdida.,1
decision_C1_to_df_fire,action,Evite tomar decisiones importantes hoy y priorice mantener el status quo.,1
decision_C1_to_df_fire,state,"Debido a que no estás centrado, es fácil que tus decisiones cambien y tu energía excitada puede disipar tu calma y llevarte a errores menores.",1
decision_C1_to_df_water,intro,Es un día en el que la base del juicio se vuelve inestable y es difícil confiar en cualquier decisión.,1
decision_C1_to_df_water,effect,Las decisiones tomadas sobre bases inestables conducen al arrepentimiento y la pérdida.,1
decision_C1_to_df_water,action,Evite tomar decisiones importantes hoy y priorice mantener el status quo.,1
decision_C1_to_df_water,state,"Debido a que no estás centrado, es fácil que tus decisiones cambien y la energía de la lluvia y la nieve no puede calmar tus emociones, lo que hace que tu corazón se sienta pesado.",1
decision_C1_to_df_wood,intro,Es un día en el que la base del juicio se vuelve inestable y es difícil confiar en cualquier decisión.,1
decision_C1_to_df_wood,effect,Las decisiones tomadas sobre bases inestables conducen al arrepentimiento y la pérdida.,1
decision_C1_to_df_wood,action,Evite tomar decisiones importantes hoy y priorice mantener el status quo.,1
decision_C1_to_df_wood,state,"Como no estás centrado, es fácil que tus decisiones cambien y la energía del cambio puede seguir interfiriendo con tus planes.",1
decision_C1_to_ex_earth,intro,Es un día en el que la base del juicio se vuelve inestable y es difícil confiar en cualquier decisión.,1
decision_C1_to_ex_earth,effect,Las decisiones tomadas sobre bases inestables conducen al arrepentimiento y la pérdida.,1
decision_C1_to_ex_earth,action,Evite tomar decisiones importantes hoy y priorice mantener el status quo.,1
decision_C1_to_ex_earth,state,"Es fácil ignorar los cambios que requieren una obstinada orientación hacia la estabilidad, y la energía turbia puede reducir la motivación y nublar el juicio.",1
decision_C1_to_ex_fire,intro,Es un día en el que la base del juicio se vuelve inestable y es difícil confiar en cualquier decisión.,1
decision_C1_to_ex_fire,effect,Las decisiones tomadas sobre bases inestables conducen al arrepentimiento y la pérdida.,1
decision_C1_to_ex_fire,action,Evite tomar decisiones importantes hoy y priorice mantener el status quo.,1
decision_C1_to_ex_fire,state,"Es fácil ignorar los cambios que requieren una estabilidad tenaz, y la energía excitada puede perturbar la calma y provocar errores menores.",1
decision_C1_to_ex_water,intro,Es un día en el que la base del juicio se vuelve inestable y es difícil confiar en cualquier decisión.,1
decision_C1_to_ex_water,effect,Las decisiones tomadas sobre bases inestables conducen al arrepentimiento y la pérdida.,1
decision_C1_to_ex_water,action,Evite tomar decisiones importantes hoy y priorice mantener el status quo.,1
decision_C1_to_ex_water,state,"Es fácil ignorar los cambios que requieren una estabilidad obstinada, y es posible que la energía de la lluvia y la nieve no calme sus emociones, lo que hace que su corazón se sienta pesado.",1
decision_C1_to_ex_wood,intro,Es un día en el que la base del juicio se vuelve inestable y es difícil confiar en cualquier decisión.,1
decision_C1_to_ex_wood,effect,Las decisiones tomadas sobre bases inestables conducen al arrepentimiento y la pérdida.,1
decision_C1_to_ex_wood,action,Evite tomar decisiones importantes hoy y priorice mantener el status quo.,1
decision_C1_to_ex_wood,state,"Es fácil ignorar los cambios que requieren una obstinada orientación hacia la estabilidad, y la energía del cambio puede seguir interfiriendo y alterando sus planes.",1
decision_D,intro,Tu juicio puede verse gravemente perjudicado hoy y lo mejor es no tomar ninguna decisión.,1
decision_D,intro,"Hoy en día, la energía para tomar decisiones está completamente bloqueada, por lo que es correcto posponer todas las opciones para pasado mañana.",1
decision_D,effect,"Las conclusiones que se toman hoy casi siempre conducen a arrepentimientos posteriores, por lo que es más seguro posponer la decisión por completo.",1
decision_D,effect,Este es un día en el que tu juicio está en su punto más bajo y las decisiones que normalmente serían fáciles pueden llevarte a errores hoy.,1
decision_D,action,Establezca como regla no tomar ninguna decisión hoy y pase a la siguiente.,1
decision_D,action,"Cuando surge una situación que requiere una elección, lo más sensato es ser honesto y decir que no se puede tomar una decisión en este momento.",1
decision_D_geum_df_earth,intro,Es un día en el que su juicio está en su punto más bajo y todas las decisiones deben quedar en suspenso.,1
decision_D_geum_df_earth,effect,"La capacidad de juicio es extremadamente reducida, lo que dificulta confiar en cualquier análisis.",1
decision_D_geum_df_earth,action,Posponga lo más posible las decisiones de hoy y déjelas para pasado mañana.,1
decision_D_geum_df_earth,state,"Tu determinación puede verse muy rota, y cualquier elección que hagas puede resultar en arrepentimiento, y la energía espesa y turbia puede ralentizar todo en gran medida.",1
decision_D_geum_df_fire,intro,Es un día en el que su juicio está en su punto más bajo y todas las decisiones deben quedar en suspenso.,1
decision_D_geum_df_fire,effect,"La capacidad de juicio es extremadamente reducida, lo que dificulta confiar en cualquier análisis.",1
decision_D_geum_df_fire,action,Posponga lo más posible las decisiones de hoy y déjelas para pasado mañana.,1
decision_D_geum_df_fire,state,"La capacidad de decisión puede verse muy debilitada y cualquier elección puede conducir al arrepentimiento, y un yang fuerte puede fomentar impulsos y conducir a acciones imprudentes.",1
decision_D_geum_df_water,intro,Es un día en el que su juicio está en su punto más bajo y todas las decisiones deben quedar en suspenso.,1
decision_D_geum_df_water,effect,"La capacidad de juicio es extremadamente reducida, lo que dificulta confiar en cualquier análisis.",1
decision_D_geum_df_water,action,Posponga lo más posible las decisiones de hoy y déjelas para pasado mañana.,1
decision_D_geum_df_water,state,"Su determinación puede verse alterada en gran medida, y cualquier elección que haga puede resultar en arrepentimiento, y la fuerza de las fuertes lluvias y nieves puede sacudir sus emociones violentamente, haciendo difícil controlarlas.",1
decision_D_geum_df_wood,intro,Es un día en el que su juicio está en su punto más bajo y todas las decisiones deben quedar en suspenso.,1
decision_D_geum_df_wood,effect,"La capacidad de juicio es extremadamente reducida, lo que dificulta confiar en cualquier análisis.",1
decision_D_geum_df_wood,action,Posponga lo más posible las decisiones de hoy y déjelas para pasado mañana.,1
decision_D_geum_df_wood,state,"Su determinación puede verse muy quebrantada, cualquier elección que haga puede terminar en arrepentimiento y la feroz energía del cambio puede hacer que todas sus predicciones se extravíen.",1
decision_D_geum_ex_earth,intro,Es un día en el que su juicio está en su punto más bajo y todas las decisiones deben quedar en suspenso.,1
decision_D_geum_ex_earth,effect,"La capacidad de juicio es extremadamente reducida, lo que dificulta confiar en cualquier análisis.",1
decision_D_geum_ex_earth,action,Posponga lo más posible las decisiones de hoy y déjelas para pasado mañana.,1
decision_D_geum_ex_earth,state,"Si la nitidez va demasiado lejos, puede crear una profunda grieta con el entorno, y la espesa energía turbia puede ralentizar todo enormemente.",1
decision_D_geum_ex_fire,intro,Es un día en el que su juicio está en su punto más bajo y todas las decisiones deben quedar en suspenso.,1
decision_D_geum_ex_fire,effect,"La capacidad de juicio es extremadamente reducida, lo que dificulta confiar en cualquier análisis.",1
decision_D_geum_ex_fire,action,Posponga lo más posible las decisiones de hoy y déjelas para pasado mañana.,1
decision_D_geum_ex_fire,state,"La agudeza puede ir demasiado lejos y crear profundas divisiones con quienes te rodean, y un yang fuerte puede fomentar impulsos y conducir a acciones imprudentes.",1
decision_D_geum_ex_water,intro,Es un día en el que su juicio está en su punto más bajo y todas las decisiones deben quedar en suspenso.,1
decision_D_geum_ex_water,effect,"La capacidad de juicio es extremadamente reducida, lo que dificulta confiar en cualquier análisis.",1
decision_D_geum_ex_water,action,Posponga lo más posible las decisiones de hoy y déjelas para pasado mañana.,1
decision_D_geum_ex_water,state,"La nitidez puede ir demasiado lejos y crear grietas profundas en el entorno, y la fuerza de la lluvia y la nieve intensas puede sacudir tus emociones violentamente, dificultando su control.",1
decision_D_geum_ex_wood,intro,Es un día en el que su juicio está en su punto más bajo y todas las decisiones deben quedar en suspenso.,1
decision_D_geum_ex_wood,effect,"La capacidad de juicio es extremadamente reducida, lo que dificulta confiar en cualquier análisis.",1
decision_D_geum_ex_wood,action,Posponga lo más posible las decisiones de hoy y déjelas para pasado mañana.,1
decision_D_geum_ex_wood,state,"La nitidez puede ir demasiado lejos y crear profundas grietas en el entorno, y la feroz energía del cambio puede desviar todas las predicciones.",1
decision_D_hwa_df_earth,intro,Es un día en el que la intuición está completamente bloqueada y el juicio sensorial no funciona en absoluto.,1
decision_D_hwa_df_earth,effect,Los sentimientos equivocados nublan todo tu juicio y te llevan a la pérdida.,1
decision_D_hwa_df_earth,action,Deja de lado por completo tu juicio instintivo y no decidas nada hoy.,1
decision_D_hwa_df_earth,state,"La forma de transmitir los propios sentimientos está completamente cerrada, lo que puede profundizar los malentendidos y la desconexión, y la energía espesa y turbia puede ralentizar todo enormemente.",1
decision_D_hwa_df_fire,intro,Es un día en el que la intuición está completamente bloqueada y el juicio sensorial no funciona en absoluto.,1
decision_D_hwa_df_fire,effect,Los sentimientos equivocados nublan todo tu juicio y te llevan a la pérdida.,1
decision_D_hwa_df_fire,action,Deja de lado por completo tu juicio instintivo y no decidas nada hoy.,1
decision_D_hwa_df_fire,state,"La forma de comunicar los propios sentimientos es completamente cerrada, lo que puede profundizar los malentendidos y la desconexión, y una fuerte energía positiva puede fomentar impulsos y conducir a acciones imprudentes.",1
decision_D_hwa_df_water,intro,Es un día en el que la intuición está completamente bloqueada y el juicio sensorial no funciona en absoluto.,1
decision_D_hwa_df_water,effect,Los sentimientos equivocados nublan todo tu juicio y te llevan a la pérdida.,1
decision_D_hwa_df_water,action,Deja de lado por completo tu juicio instintivo y no decidas nada hoy.,1
decision_D_hwa_df_water,state,"La forma de comunicar los propios sentimientos es completamente cerrada, lo que puede profundizar los malentendidos y la desconexión, y la fuerza de las fuertes lluvias y nieves puede sacudir las emociones violentamente, dificultando su control.",1
decision_D_hwa_df_wood,intro,Es un día en el que la intuición está completamente bloqueada y el juicio sensorial no funciona en absoluto.,1
decision_D_hwa_df_wood,effect,Los sentimientos equivocados nublan todo tu juicio y te llevan a la pérdida.,1
decision_D_hwa_df_wood,action,Deja de lado por completo tu juicio instintivo y no decidas nada hoy.,1
decision_D_hwa_df_wood,state,"La forma de comunicar los propios sentimientos está completamente cerrada, los malentendidos y la desconexión pueden profundizarse, y la feroz energía del cambio puede hacer que todas las predicciones se extravíen.",1
decision_D_hwa_ex_earth,intro,Es un día en el que la intuición está completamente bloqueada y el juicio sensorial no funciona en absoluto.,1
decision_D_hwa_ex_earth,effect,Los sentimientos equivocados nublan todo tu juicio y te llevan a la pérdida.,1
decision_D_hwa_ex_earth,action,Deja de lado por completo tu juicio instintivo y no decidas nada hoy.,1
decision_D_hwa_ex_earth,state,"Las emociones sobrecalentadas pueden convertirse en un conflicto irreparable, y la energía espesa y turbia puede ralentizar todo enormemente.",1
decision_D_hwa_ex_fire,intro,Es un día en el que la intuición está completamente bloqueada y el juicio sensorial no funciona en absoluto.,1
decision_D_hwa_ex_fire,effect,Los sentimientos equivocados nublan todo tu juicio y te llevan a la pérdida.,1
decision_D_hwa_ex_fire,action,Deja de lado por completo tu juicio instintivo y no decidas nada hoy.,1
decision_D_hwa_ex_fire,state,Las emociones sobrecalentadas pueden provocar conflictos irreversibles y un yang fuerte puede fomentar impulsos y conducir a acciones imprudentes.,1
decision_D_hwa_ex_water,intro,Es un día en el que la intuición está completamente bloqueada y el juicio sensorial no funciona en absoluto.,1
decision_D_hwa_ex_water,effect,Los sentimientos equivocados nublan todo tu juicio y te llevan a la pérdida.,1
decision_D_hwa_ex_water,action,Deja de lado por completo tu juicio instintivo y no decidas nada hoy.,1
decision_D_hwa_ex_water,state,"Las emociones sobrecalentadas pueden convertirse en un conflicto irreparable, y la fuerza de las fuertes lluvias y nieve sacude las emociones violentamente, dificultando el control.",1
decision_D_hwa_ex_wood,intro,Es un día en el que la intuición está completamente bloqueada y el juicio sensorial no funciona en absoluto.,1
decision_D_hwa_ex_wood,effect,Los sentimientos equivocados nublan todo tu juicio y te llevan a la pérdida.,1
decision_D_hwa_ex_wood,action,Deja de lado por completo tu juicio instintivo y no decidas nada hoy.,1
decision_D_hwa_ex_wood,state,"Las emociones sobrecalentadas pueden derivar en un conflicto irreparable, y la feroz energía del cambio puede hacer que todas las predicciones se extravíen.",1
decision_D_mok_df_earth,intro,Es un día en el que el margen de juicio se vuelve extremadamente estrecho y no hay elección clara.,1
decision_D_mok_df_earth,effect,La visión limitada oscurece todas las oportunidades importantes y conduce a repetidos errores de juicio.,1
decision_D_mok_df_earth,action,Asegúrese de posponer decisiones importantes hasta que cambien las circunstancias.,1
decision_D_mok_df_earth,state,"El miedo puede impedirte por completo actuar e incluso hacerte perder oportunidades, y la energía espesa y turbia puede ralentizar todo enormemente.",1
decision_D_mok_df_fire,intro,Es un día en el que el margen de juicio se vuelve extremadamente estrecho y no hay elección clara.,1
decision_D_mok_df_fire,effect,La visión limitada oscurece todas las oportunidades importantes y conduce a repetidos errores de juicio.,1
decision_D_mok_df_fire,action,Asegúrese de posponer decisiones importantes hasta que cambien las circunstancias.,1
decision_D_mok_df_fire,state,"El miedo puede detener por completo una acción e incluso provocar la pérdida de oportunidades, y una fuerte energía positiva puede fomentar impulsos y conducir a acciones imprudentes.",1
decision_D_mok_df_water,intro,Es un día en el que el margen de juicio se vuelve extremadamente estrecho y no hay elección clara.,1
decision_D_mok_df_water,effect,La visión limitada oscurece todas las oportunidades importantes y conduce a repetidos errores de juicio.,1
decision_D_mok_df_water,action,Asegúrese de posponer decisiones importantes hasta que cambien las circunstancias.,1
decision_D_mok_df_water,state,"El miedo puede impedirle por completo actuar e incluso hacer que pierda oportunidades, y la fuerza de las fuertes lluvias y nieves puede sacudir tanto sus emociones que resulta difícil controlarlas.",1
decision_D_mok_df_wood,intro,Es un día en el que el margen de juicio se vuelve extremadamente estrecho y no hay elección clara.,1
decision_D_mok_df_wood,effect,La visión limitada oscurece todas las oportunidades importantes y conduce a repetidos errores de juicio.,1
decision_D_mok_df_wood,action,Asegúrese de posponer decisiones importantes hasta que cambien las circunstancias.,1
decision_D_mok_df_wood,state,"El miedo puede detener por completo la acción e incluso conducir a la pérdida de oportunidades, y la feroz energía del cambio puede hacer que todas las predicciones se extravíen.",1
decision_D_mok_ex_earth,intro,Es un día en el que el margen de juicio se vuelve extremadamente estrecho y no hay elección clara.,1
decision_D_mok_ex_earth,effect,La visión limitada oscurece todas las oportunidades importantes y conduce a repetidos errores de juicio.,1
decision_D_mok_ex_earth,action,Asegúrese de posponer decisiones importantes hasta que cambien las circunstancias.,1
decision_D_mok_ex_earth,state,La motivación incontrolable puede provocar accidentes irrazonables y la energía espesa y turbia puede ralentizar todo considerablemente.,1
decision_D_mok_ex_fire,intro,Es un día en el que el margen de juicio se vuelve extremadamente estrecho y no hay elección clara.,1
decision_D_mok_ex_fire,effect,La visión limitada oscurece todas las oportunidades importantes y conduce a repetidos errores de juicio.,1
decision_D_mok_ex_fire,action,Asegúrese de posponer decisiones importantes hasta que cambien las circunstancias.,1
decision_D_mok_ex_fire,state,La motivación incontrolable puede provocar accidentes irrazonables y una fuerte energía positiva puede fomentar impulsos y conducir a acciones imprudentes.,1
decision_D_mok_ex_water,intro,Es un día en el que el margen de juicio se vuelve extremadamente estrecho y no hay elección clara.,1
decision_D_mok_ex_water,effect,La visión limitada oscurece todas las oportunidades importantes y conduce a repetidos errores de juicio.,1
decision_D_mok_ex_water,action,Asegúrese de posponer decisiones importantes hasta que cambien las circunstancias.,1
decision_D_mok_ex_water,state,"La motivación incontrolable puede provocar accidentes irrazonables, y la fuerza de las fuertes lluvias y nieves puede sacudir violentamente las emociones, dificultando el control.",1
decision_D_mok_ex_wood,intro,Es un día en el que el margen de juicio se vuelve extremadamente estrecho y no hay elección clara.,1
decision_D_mok_ex_wood,effect,La visión limitada oscurece todas las oportunidades importantes y conduce a repetidos errores de juicio.,1
decision_D_mok_ex_wood,action,Asegúrese de posponer decisiones importantes hasta que cambien las circunstancias.,1
decision_D_mok_ex_wood,state,La motivación incontrolable puede conducir a pensamientos irracionales y la feroz energía del cambio puede hacer que todas las predicciones se extravíen.,1
decision_D_su_df_earth,intro,Es un día en el que pierdes completamente el flujo y te resulta difícil encontrar el momento adecuado.,1
decision_D_su_df_earth,effect,"Los errores de sincronización ocurren uno tras otro, lo que resulta en el peor resultado posible de la decisión.",1
decision_D_su_df_earth,action,"Hoy, concéntrate en proteger lo que ya tienes en lugar de tomar nuevas decisiones.",1
decision_D_su_df_earth,state,"Una actitud rígida bloquea todo flujo, dificultando el progreso, y la energía espesa y turbia puede ralentizar todo en gran medida.",1
decision_D_su_df_fire,intro,Es un día en el que pierdes completamente el flujo y te resulta difícil encontrar el momento adecuado.,1
decision_D_su_df_fire,effect,"Los errores de sincronización ocurren uno tras otro, lo que resulta en el peor resultado posible de la decisión.",1
decision_D_su_df_fire,action,"Hoy, concéntrate en proteger lo que ya tienes en lugar de tomar nuevas decisiones.",1
decision_D_su_df_fire,state,"Una actitud rígida bloquea todo flujo, dificultando el progreso, y una fuerte energía positiva puede fomentar impulsos y conducir a acciones imprudentes.",1
decision_D_su_df_water,intro,Es un día en el que pierdes completamente el flujo y te resulta difícil encontrar el momento adecuado.,1
decision_D_su_df_water,effect,"Los errores de sincronización ocurren uno tras otro, lo que resulta en el peor resultado posible de la decisión.",1
decision_D_su_df_water,action,"Hoy, concéntrate en proteger lo que ya tienes en lugar de tomar nuevas decisiones.",1
decision_D_su_df_water,state,"Una actitud rígida bloquea todo flujo, dificultando el progreso, y la fuerza de las fuertes lluvias y nieve sacude violentamente las emociones, dificultando el control.",1
decision_D_su_df_wood,intro,Es un día en el que pierdes completamente el flujo y te resulta difícil encontrar el momento adecuado.,1
decision_D_su_df_wood,effect,"Los errores de sincronización ocurren uno tras otro, lo que resulta en el peor resultado posible de la decisión.",1
decision_D_su_df_wood,action,"Hoy, concéntrate en proteger lo que ya tienes en lugar de tomar nuevas decisiones.",1
decision_D_su_df_wood,state,"Una actitud rígida bloquea todo flujo, dificulta el progreso, y la feroz energía del cambio puede hacer que todas las predicciones se extravíen.",1
decision_D_su_ex_earth,intro,Es un día en el que pierdes completamente el flujo y te resulta difícil encontrar el momento adecuado.,1
decision_D_su_ex_earth,effect,"Los errores de sincronización ocurren uno tras otro, lo que resulta en el peor resultado posible de la decisión.",1
decision_D_su_ex_earth,action,"Hoy, concéntrate en proteger lo que ya tienes en lugar de tomar nuevas decisiones.",1
decision_D_su_ex_earth,state,"El torrente de emociones puede abrumar la razón y conducir a grandes errores, y la energía espesa y turbia puede ralentizar todo enormemente.",1
decision_D_su_ex_fire,intro,Es un día en el que pierdes completamente el flujo y te resulta difícil encontrar el momento adecuado.,1
decision_D_su_ex_fire,effect,"Los errores de sincronización ocurren uno tras otro, lo que resulta en el peor resultado posible de la decisión.",1
decision_D_su_ex_fire,action,"Hoy, concéntrate en proteger lo que ya tienes en lugar de tomar nuevas decisiones.",1
decision_D_su_ex_fire,state,"Un torrente de emociones puede abrumar la razón y provocar grandes errores, y una fuerte energía positiva puede fomentar impulsos y conducir a acciones imprudentes.",1
decision_D_su_ex_water,intro,Es un día en el que pierdes completamente el flujo y te resulta difícil encontrar el momento adecuado.,1
decision_D_su_ex_water,effect,"Los errores de sincronización ocurren uno tras otro, lo que resulta en el peor resultado posible de la decisión.",1
decision_D_su_ex_water,action,"Hoy, concéntrate en proteger lo que ya tienes en lugar de tomar nuevas decisiones.",1
decision_D_su_ex_water,state,"Un torrente de emociones puede abrumar la razón y conducir a grandes errores, y la fuerza de una fuerte lluvia y nieve puede sacudir las emociones violentamente, haciendo difícil controlarlas.",1
decision_D_su_ex_wood,intro,Es un día en el que pierdes completamente el flujo y te resulta difícil encontrar el momento adecuado.,1
decision_D_su_ex_wood,effect,"Los errores de sincronización ocurren uno tras otro, lo que resulta en el peor resultado posible de la decisión.",1
decision_D_su_ex_wood,action,"Hoy, concéntrate en proteger lo que ya tienes en lugar de tomar nuevas decisiones.",1
decision_D_su_ex_wood,state,"El torrente de emociones puede abrumar la razón y conducir a grandes errores, y la feroz energía del cambio puede hacer que todas las predicciones se extravíen.",1
decision_D_to_df_earth,intro,"Es un día en el que tanto el juicio como la estabilidad se derrumban, haciendo que cualquier decisión sea peligrosa.",1
decision_D_to_df_earth,effect,Las decisiones inestables conducen a una serie de malos resultados.,1
decision_D_to_df_earth,action,Deja de juzgar hoy y concéntrate en la recuperación.,1
decision_D_to_df_earth,state,"Puedes perder completamente el equilibrio y todo puede salirse de control, y la energía espesa y turbia puede ralentizar todo enormemente.",1
decision_D_to_df_fire,intro,"Es un día en el que tanto el juicio como la estabilidad se derrumban, haciendo que cualquier decisión sea peligrosa.",1
decision_D_to_df_fire,effect,Las decisiones inestables conducen a una serie de malos resultados.,1
decision_D_to_df_fire,action,Deja de juzgar hoy y concéntrate en la recuperación.,1
decision_D_to_df_fire,state,"Si pierdes completamente el equilibrio, todo puede salirse de control y una fuerte energía yang puede fomentar impulsos y llevarte a acciones imprudentes.",1
decision_D_to_df_water,intro,"Es un día en el que tanto el juicio como la estabilidad se derrumban, haciendo que cualquier decisión sea peligrosa.",1
decision_D_to_df_water,effect,Las decisiones inestables conducen a una serie de malos resultados.,1
decision_D_to_df_water,action,Deja de juzgar hoy y concéntrate en la recuperación.,1
decision_D_to_df_water,state,"Puedes perder completamente el equilibrio y todo puede salirse de control, y la fuerza de la fuerte lluvia y la nieve puede sacudir tanto tus emociones que resulta difícil controlarlas.",1
decision_D_to_df_wood,intro,"Es un día en el que tanto el juicio como la estabilidad se derrumban, haciendo que cualquier decisión sea peligrosa.",1
decision_D_to_df_wood,effect,Las decisiones inestables conducen a una serie de malos resultados.,1
decision_D_to_df_wood,action,Deja de juzgar hoy y concéntrate en la recuperación.,1
decision_D_to_df_wood,state,"Si pierdes completamente el equilibrio, todo puede salirse de control y la violenta energía del cambio puede desviar todas tus predicciones.",1
decision_D_to_ex_earth,intro,"Es un día en el que tanto el juicio como la estabilidad se derrumban, haciendo que cualquier decisión sea peligrosa.",1
decision_D_to_ex_earth,effect,Las decisiones inestables conducen a una serie de malos resultados.,1
decision_D_to_ex_earth,action,Deja de juzgar hoy y concéntrate en la recuperación.,1
decision_D_to_ex_earth,state,"Negarse a cambiar puede agravar una crisis y dificultar la recuperación, y una atmósfera espesa y turbia puede ralentizar todo considerablemente.",1
decision_D_to_ex_fire,intro,"Es un día en el que tanto el juicio como la estabilidad se derrumban, haciendo que cualquier decisión sea peligrosa.",1
decision_D_to_ex_fire,effect,Las decisiones inestables conducen a una serie de malos resultados.,1
decision_D_to_ex_fire,action,Deja de juzgar hoy y concéntrate en la recuperación.,1
decision_D_to_ex_fire,state,"Negarse a cambiar puede agravar la crisis y dificultar la recuperación, y una fuerte energía positiva puede fomentar impulsos y conducir a acciones imprudentes.",1
decision_D_to_ex_water,intro,"Es un día en el que tanto el juicio como la estabilidad se derrumban, haciendo que cualquier decisión sea peligrosa.",1
decision_D_to_ex_water,effect,Las decisiones inestables conducen a una serie de malos resultados.,1
decision_D_to_ex_water,action,Deja de juzgar hoy y concéntrate en la recuperación.,1
decision_D_to_ex_water,state,"Negarse a cambiar puede agravar la crisis y dificultar la recuperación, y la fuerza de las fuertes lluvias y nieves puede sacudir violentamente las emociones, dificultando el control.",1
decision_D_to_ex_wood,intro,"Es un día en el que tanto el juicio como la estabilidad se derrumban, haciendo que cualquier decisión sea peligrosa.",1
decision_D_to_ex_wood,effect,Las decisiones inestables conducen a una serie de malos resultados.,1
decision_D_to_ex_wood,action,Deja de juzgar hoy y concéntrate en la recuperación.,1
decision_D_to_ex_wood,state,"Negarse a cambiar puede agravar una crisis y dificultar la recuperación, y la feroz energía del cambio puede hacer que todas las predicciones se extravíen.",1
money_A,intro,"Su flujo financiero puede abrirse significativamente hoy, lo que generará ganancias inesperadas.",1
money_A,intro,Hoy estarás lleno de la energía de la riqueza y las ganancias que planeaste se harán realidad.,1
money_A,effect,"Se pueden crear situaciones favorables en inversiones o transacciones, y los resultados pueden ser mejores de lo esperado.",1
money_A,effect,Se tiende a tener libertad financiera y se tiende a liberar el tan ansiado flujo financiero.,1
money_A,action,"Hoy en día, las decisiones financieras activas son más beneficiosas que las opciones conservadoras.",1
money_A,action,La clave hoy es no dudar y actuar si se presenta una oportunidad.,1
money_A_geum_df_earth,intro,"Es un día en el que el flujo de riqueza se abre sin problemas, generando mayores ganancias de las esperadas.",1
money_A_geum_df_earth,effect,Tienen un agudo sentido financiero y detectan con precisión las oportunidades de ganancias.,1
money_A_geum_df_earth,action,Puede aprovechar con valentía la oportunidad de riqueza que ve ahora.,1
money_A_geum_df_earth,state,"El juicio sereno aumenta la prudencia, lo que conduce a una percepción profunda, y la energía tranquila aumenta la prudencia, lo que conduce a buenos resultados.",1
money_A_geum_df_fire,intro,"Es un día en el que el flujo de riqueza se abre sin problemas, generando mayores ganancias de las esperadas.",1
money_A_geum_df_fire,effect,Tienen un agudo sentido financiero y detectan con precisión las oportunidades de ganancias.,1
money_A_geum_df_fire,action,Puede aprovechar con valentía la oportunidad de riqueza que ve ahora.,1
money_A_geum_df_fire,state,"El juicio tranquilo aumenta la prudencia, conduce a una visión profunda y la energía clara aumenta la vitalidad y crea un buen flujo.",1
money_A_geum_df_water,intro,"Es un día en el que el flujo de riqueza se abre sin problemas, generando mayores ganancias de las esperadas.",1
money_A_geum_df_water,effect,Tienen un agudo sentido financiero y detectan con precisión las oportunidades de ganancias.,1
money_A_geum_df_water,action,Puede aprovechar con valentía la oportunidad de riqueza que ve ahora.,1
money_A_geum_df_water,state,"El juicio tranquilo aumenta la prudencia y conduce a una visión profunda, y la energía húmeda refina profundamente la mente y abre una visión clara.",1
money_A_geum_df_wood,intro,"Es un día en el que el flujo de riqueza se abre sin problemas, generando mayores ganancias de las esperadas.",1
money_A_geum_df_wood,effect,Tienen un agudo sentido financiero y detectan con precisión las oportunidades de ganancias.,1
money_A_geum_df_wood,action,Puede aprovechar con valentía la oportunidad de riqueza que ve ahora.,1
money_A_geum_df_wood,state,"El juicio sereno aumenta la prudencia, conduce a una visión profunda y la energía dinámica abre nuevas posibilidades.",1
money_A_geum_ex_earth,intro,"Es un día en el que el flujo de riqueza se abre sin problemas, generando mayores ganancias de las esperadas.",1
money_A_geum_ex_earth,effect,Tienen un agudo sentido financiero y detectan con precisión las oportunidades de ganancias.,1
money_A_geum_ex_earth,action,Puede aprovechar con valentía la oportunidad de riqueza que ve ahora.,1
money_A_geum_ex_earth,state,"El juicio agudo penetra hasta lo más profundo y conduce a conclusiones claras, y la energía tranquila aumenta la prudencia y conduce a buenos resultados.",1
money_A_geum_ex_fire,intro,"Es un día en el que el flujo de riqueza se abre sin problemas, generando mayores ganancias de las esperadas.",1
money_A_geum_ex_fire,effect,Tienen un agudo sentido financiero y detectan con precisión las oportunidades de ganancias.,1
money_A_geum_ex_fire,action,Puede aprovechar con valentía la oportunidad de riqueza que ve ahora.,1
money_A_geum_ex_fire,state,"El juicio agudo penetra el núcleo y saca conclusiones claras, y la energía clara aumenta la vitalidad y crea un buen flujo.",1
money_A_geum_ex_water,intro,"Es un día en el que el flujo de riqueza se abre sin problemas, generando mayores ganancias de las esperadas.",1
money_A_geum_ex_water,effect,Tienen un agudo sentido financiero y detectan con precisión las oportunidades de ganancias.,1
money_A_geum_ex_water,action,Puede aprovechar con valentía la oportunidad de riqueza que ve ahora.,1
money_A_geum_ex_water,state,"El juicio agudo penetra el núcleo y saca conclusiones claras, y la energía húmeda refina profundamente la mente y abre una visión clara.",1
money_A_geum_ex_wood,intro,"Es un día en el que el flujo de riqueza se abre sin problemas, generando mayores ganancias de las esperadas.",1
money_A_geum_ex_wood,effect,Tienen un agudo sentido financiero y detectan con precisión las oportunidades de ganancias.,1
money_A_geum_ex_wood,action,Puede aprovechar con valentía la oportunidad de riqueza que ve ahora.,1
money_A_geum_ex_wood,state,"El juicio agudo penetra hasta lo más profundo y saca conclusiones claras, y la energía dinámica abre nuevas posibilidades.",1
money_A_hwa_df_earth,intro,Es un día en el que tu instinto por la riqueza se vuelve sobresaliente y rápidamente reconoces las oportunidades para ganar dinero.,1
money_A_hwa_df_earth,effect,El juicio intuitivo coincide con precisión con el flujo de riqueza y genera ganancias.,1
money_A_hwa_df_earth,action,No dude en tomar decisiones basadas en sus sentimientos.,1
money_A_hwa_df_earth,state,"Un yo interior tranquilo te da el poder de expresar plenamente tu sinceridad, y una energía tranquila aumenta la prudencia, lo que conduce a buenos resultados.",1
money_A_hwa_df_fire,intro,Es un día en el que tu instinto por la riqueza se vuelve sobresaliente y rápidamente reconoces las oportunidades para ganar dinero.,1
money_A_hwa_df_fire,effect,El juicio intuitivo coincide con precisión con el flujo de riqueza y genera ganancias.,1
money_A_hwa_df_fire,action,No dude en tomar decisiones basadas en sus sentimientos.,1
money_A_hwa_df_fire,state,"Un yo interior tranquilo te da el poder de expresar plenamente tu sinceridad, y la energía clara aumenta tu vitalidad y crea un buen flujo.",1
money_A_hwa_df_water,intro,Es un día en el que tu instinto por la riqueza se vuelve sobresaliente y rápidamente reconoces las oportunidades para ganar dinero.,1
money_A_hwa_df_water,effect,El juicio intuitivo coincide con precisión con el flujo de riqueza y genera ganancias.,1
money_A_hwa_df_water,action,No dude en tomar decisiones basadas en sus sentimientos.,1
money_A_hwa_df_water,state,"Un yo interior tranquilo te da el poder de expresar plenamente tus verdaderos sentimientos, y la energía húmeda refina profundamente tu mente y abre una visión clara.",1
money_A_hwa_df_wood,intro,Es un día en el que tu instinto por la riqueza se vuelve sobresaliente y rápidamente reconoces las oportunidades para ganar dinero.,1
money_A_hwa_df_wood,effect,El juicio intuitivo coincide con precisión con el flujo de riqueza y genera ganancias.,1
money_A_hwa_df_wood,action,No dude en tomar decisiones basadas en sus sentimientos.,1
money_A_hwa_df_wood,state,Un yo interior tranquilo te da el poder de expresar plenamente tu sinceridad y la energía dinámica abre nuevas posibilidades.,1
money_A_hwa_ex_earth,intro,Es un día en el que tu instinto por la riqueza se vuelve sobresaliente y rápidamente reconoces las oportunidades para ganar dinero.,1
money_A_hwa_ex_earth,effect,El juicio intuitivo coincide con precisión con el flujo de riqueza y genera ganancias.,1
money_A_hwa_ex_earth,action,No dude en tomar decisiones basadas en sus sentimientos.,1
money_A_hwa_ex_earth,state,"La pasión desbordante aumenta enormemente el impulso y crea un buen flujo, y la energía tranquila aumenta la prudencia, lo que conduce a buenos resultados.",1
money_A_hwa_ex_fire,intro,Es un día en el que tu instinto por la riqueza se vuelve sobresaliente y rápidamente reconoces las oportunidades para ganar dinero.,1
money_A_hwa_ex_fire,effect,El juicio intuitivo coincide con precisión con el flujo de riqueza y genera ganancias.,1
money_A_hwa_ex_fire,action,No dude en tomar decisiones basadas en sus sentimientos.,1
money_A_hwa_ex_fire,state,"La pasión desbordante aumenta enormemente la fuerza motriz y crea un buen flujo, y la energía clara aumenta la vitalidad y crea un buen flujo.",1
money_A_hwa_ex_water,intro,Es un día en el que tu instinto por la riqueza se vuelve sobresaliente y rápidamente reconoces las oportunidades para ganar dinero.,1
money_A_hwa_ex_water,effect,El juicio intuitivo coincide con precisión con el flujo de riqueza y genera ganancias.,1
money_A_hwa_ex_water,action,No dude en tomar decisiones basadas en sus sentimientos.,1
money_A_hwa_ex_water,state,"La pasión desbordante aumenta enormemente la fuerza motriz y crea un buen flujo, y la energía húmeda refina profundamente la mente y abre una visión clara.",1
money_A_hwa_ex_wood,intro,Es un día en el que tu instinto por la riqueza se vuelve sobresaliente y rápidamente reconoces las oportunidades para ganar dinero.,1
money_A_hwa_ex_wood,effect,El juicio intuitivo coincide con precisión con el flujo de riqueza y genera ganancias.,1
money_A_hwa_ex_wood,action,No dude en tomar decisiones basadas en sus sentimientos.,1
money_A_hwa_ex_wood,state,"La pasión desbordante aumenta enormemente la fuerza motriz, creando un buen flujo y la energía dinámica abre nuevas posibilidades.",1
money_A_mok_df_earth,intro,Es un día en el que la energía para expandir la riqueza está en su punto máximo y los ingresos llegan de muchas direcciones.,1
money_A_mok_df_earth,effect,"A medida que se abren simultáneamente varios canales de riqueza, las ganancias totales aumentan significativamente.",1
money_A_mok_df_earth,action,Explorar activamente nuevas fuentes de ingresos.,1
money_A_mok_df_earth,state,"En realidad, un enfoque cauteloso crea un comienzo sólido, y una energía tranquila aumenta la prudencia, lo que conduce a buenos resultados.",1
money_A_mok_df_fire,intro,Es un día en el que la energía para expandir la riqueza está en su punto máximo y los ingresos llegan de muchas direcciones.,1
money_A_mok_df_fire,effect,"A medida que se abren simultáneamente varios canales de riqueza, las ganancias totales aumentan significativamente.",1
money_A_mok_df_fire,action,Explorar activamente nuevas fuentes de ingresos.,1
money_A_mok_df_fire,state,"En realidad, un enfoque cauteloso crea un comienzo sólido, y la energía clara aumenta la vitalidad y crea un buen flujo.",1
money_A_mok_df_water,intro,Es un día en el que la energía para expandir la riqueza está en su punto máximo y los ingresos llegan de muchas direcciones.,1
money_A_mok_df_water,effect,"A medida que se abren simultáneamente varios canales de riqueza, las ganancias totales aumentan significativamente.",1
money_A_mok_df_water,action,Explorar activamente nuevas fuentes de ingresos.,1
money_A_mok_df_water,state,"En realidad, un enfoque cauteloso crea un comienzo sólido, y la energía húmeda refina profundamente la mente y abre una visión clara.",1
money_A_mok_df_wood,intro,Es un día en el que la energía para expandir la riqueza está en su punto máximo y los ingresos llegan de muchas direcciones.,1
money_A_mok_df_wood,effect,"A medida que se abren simultáneamente varios canales de riqueza, las ganancias totales aumentan significativamente.",1
money_A_mok_df_wood,action,Explorar activamente nuevas fuentes de ingresos.,1
money_A_mok_df_wood,state,Un enfoque cauteloso crea un comienzo sólido y la energía dinámica abre nuevas posibilidades.,1
money_A_mok_ex_earth,intro,Es un día en el que la energía para expandir la riqueza está en su punto máximo y los ingresos llegan de muchas direcciones.,1
money_A_mok_ex_earth,effect,"A medida que se abren simultáneamente varios canales de riqueza, las ganancias totales aumentan significativamente.",1
money_A_mok_ex_earth,action,Explorar activamente nuevas fuentes de ingresos.,1
money_A_mok_ex_earth,state,Una voluntad fuerte abre activamente nuevas oportunidades y una energía tranquila aumenta la prudencia y conduce a buenos resultados.,1
money_A_mok_ex_fire,intro,Es un día en el que la energía para expandir la riqueza está en su punto máximo y los ingresos llegan de muchas direcciones.,1
money_A_mok_ex_fire,effect,"A medida que se abren simultáneamente varios canales de riqueza, las ganancias totales aumentan significativamente.",1
money_A_mok_ex_fire,action,Explorar activamente nuevas fuentes de ingresos.,1
money_A_mok_ex_fire,state,Una voluntad fuerte abre activamente nuevas oportunidades y la energía clara aumenta la vitalidad y crea un buen flujo.,1
money_A_mok_ex_water,intro,Es un día en el que la energía para expandir la riqueza está en su punto máximo y los ingresos llegan de muchas direcciones.,1
money_A_mok_ex_water,effect,"A medida que se abren simultáneamente varios canales de riqueza, las ganancias totales aumentan significativamente.",1
money_A_mok_ex_water,action,Explorar activamente nuevas fuentes de ingresos.,1
money_A_mok_ex_water,state,Una voluntad fuerte abre activamente nuevas oportunidades y la energía húmeda refina profundamente la mente y abre una visión clara.,1
money_A_mok_ex_wood,intro,Es un día en el que la energía para expandir la riqueza está en su punto máximo y los ingresos llegan de muchas direcciones.,1
money_A_mok_ex_wood,effect,"A medida que se abren simultáneamente varios canales de riqueza, las ganancias totales aumentan significativamente.",1
money_A_mok_ex_wood,action,Explorar activamente nuevas fuentes de ingresos.,1
money_A_mok_ex_wood,state,Una voluntad fuerte abre activamente nuevas oportunidades y una energía dinámica abre nuevas posibilidades.,1
money_A_su_df_earth,intro,Este es un día en el que el dinero llega en un buen momento porque tienes una excelente sensación de aprovechar el flujo de la riqueza.,1
money_A_su_df_earth,effect,La decisión de seguir la corriente produce resultados que superan las expectativas.,1
money_A_su_df_earth,action,No pierdas el momento y actúa de forma proactiva.,1
money_A_su_df_earth,state,"Un centro sólido te ayuda a mantener tu dirección sin vacilar, y una energía tranquila aumenta la prudencia, lo que conduce a buenos resultados.",1
money_A_su_df_fire,intro,Este es un día en el que el dinero llega en un buen momento porque tienes una excelente sensación de aprovechar el flujo de la riqueza.,1
money_A_su_df_fire,effect,La decisión de seguir la corriente produce resultados que superan las expectativas.,1
money_A_su_df_fire,action,No pierdas el momento y actúa de forma proactiva.,1
money_A_su_df_fire,state,"Un centro sólido te mantiene en la dirección correcta sin vacilar, y la energía clara aumenta tu vitalidad y crea un buen flujo.",1
money_A_su_df_water,intro,Este es un día en el que el dinero llega en un buen momento porque tienes una excelente sensación de aprovechar el flujo de la riqueza.,1
money_A_su_df_water,effect,La decisión de seguir la corriente produce resultados que superan las expectativas.,1
money_A_su_df_water,action,No pierdas el momento y actúa de forma proactiva.,1
money_A_su_df_water,state,"Un centro sólido te ayuda a mantener tu dirección sin vacilar, y la energía húmeda refina profundamente tu mente y abre una visión clara.",1
money_A_su_df_wood,intro,Este es un día en el que el dinero llega en un buen momento porque tienes una excelente sensación de aprovechar el flujo de la riqueza.,1
money_A_su_df_wood,effect,La decisión de seguir la corriente produce resultados que superan las expectativas.,1
money_A_su_df_wood,action,No pierdas el momento y actúa de forma proactiva.,1
money_A_su_df_wood,state,Un centro sólido mantiene la dirección sin vacilar y la energía dinámica abre nuevas posibilidades.,1
money_A_su_ex_earth,intro,Este es un día en el que el dinero llega en un buen momento porque tienes una excelente sensación de aprovechar el flujo de la riqueza.,1
money_A_su_ex_earth,effect,La decisión de seguir la corriente produce resultados que superan las expectativas.,1
money_A_su_ex_earth,action,No pierdas el momento y actúa de forma proactiva.,1
money_A_su_ex_earth,state,"La rica sensibilidad conduce a una visión profunda y ayuda al buen juicio, y la energía tranquila aumenta la prudencia, lo que conduce a buenos resultados.",1
money_A_su_ex_fire,intro,Este es un día en el que el dinero llega en un buen momento porque tienes una excelente sensación de aprovechar el flujo de la riqueza.,1
money_A_su_ex_fire,effect,La decisión de seguir la corriente produce resultados que superan las expectativas.,1
money_A_su_ex_fire,action,No pierdas el momento y actúa de forma proactiva.,1
money_A_su_ex_fire,state,"La rica sensibilidad conduce a una visión profunda y ayuda a tomar buenas decisiones, y la energía clara aumenta la vitalidad y crea un buen flujo.",1
money_A_su_ex_water,intro,Este es un día en el que el dinero llega en un buen momento porque tienes una excelente sensación de aprovechar el flujo de la riqueza.,1
money_A_su_ex_water,effect,La decisión de seguir la corriente produce resultados que superan las expectativas.,1
money_A_su_ex_water,action,No pierdas el momento y actúa de forma proactiva.,1
money_A_su_ex_water,state,"La rica sensibilidad conduce a una visión profunda y ayuda al buen juicio, y la energía húmeda refina profundamente la mente y abre una visión clara.",1
money_A_su_ex_wood,intro,Este es un día en el que el dinero llega en un buen momento porque tienes una excelente sensación de aprovechar el flujo de la riqueza.,1
money_A_su_ex_wood,effect,La decisión de seguir la corriente produce resultados que superan las expectativas.,1
money_A_su_ex_wood,action,No pierdas el momento y actúa de forma proactiva.,1
money_A_su_ex_wood,state,"La rica sensibilidad conduce a una visión profunda y ayuda a tomar buenas decisiones, y la energía dinámica abre nuevas posibilidades.",1
money_A_to_df_earth,intro,Es un día en el que se forma sólidamente una base financiera estable y los ingresos se mantienen de manera constante.,1
money_A_to_df_earth,effect,El flujo inquebrantable de riqueza garantiza ingresos esperados estables.,1
money_A_to_df_earth,action,Aumente su base de riqueza enfocándose en inversiones o ahorros estables.,1
money_A_to_df_earth,state,"Una actitud flexible te permite aceptar con naturalidad las nuevas tendencias, y una energía tranquila aumenta la prudencia, lo que conduce a buenos resultados.",1
money_A_to_df_fire,intro,Es un día en el que se forma sólidamente una base financiera estable y los ingresos se mantienen de manera constante.,1
money_A_to_df_fire,effect,El flujo inquebrantable de riqueza garantiza ingresos esperados estables.,1
money_A_to_df_fire,action,Aumente su base de riqueza enfocándose en inversiones o ahorros estables.,1
money_A_to_df_fire,state,"Una actitud flexible le permite aceptar naturalmente las nuevas tendencias, y la energía clara aumenta la vitalidad y crea un buen flujo.",1
money_A_to_df_water,intro,Es un día en el que se forma sólidamente una base financiera estable y los ingresos se mantienen de manera constante.,1
money_A_to_df_water,effect,El flujo inquebrantable de riqueza garantiza ingresos esperados estables.,1
money_A_to_df_water,action,Aumente su base de riqueza enfocándose en inversiones o ahorros estables.,1
money_A_to_df_water,state,"Una actitud flexible le permite aceptar naturalmente las nuevas tendencias, y la energía húmeda refina profundamente su mente y abre una visión clara.",1
money_A_to_df_wood,intro,Es un día en el que se forma sólidamente una base financiera estable y los ingresos se mantienen de manera constante.,1
money_A_to_df_wood,effect,El flujo inquebrantable de riqueza garantiza ingresos esperados estables.,1
money_A_to_df_wood,action,Aumente su base de riqueza enfocándose en inversiones o ahorros estables.,1
money_A_to_df_wood,state,Una actitud flexible te permite aceptar naturalmente nuevas tendencias y una energía dinámica abre nuevas posibilidades.,1
money_A_to_ex_earth,intro,Es un día en el que se forma sólidamente una base financiera estable y los ingresos se mantienen de manera constante.,1
money_A_to_ex_earth,effect,El flujo inquebrantable de riqueza garantiza ingresos esperados estables.,1
money_A_to_ex_earth,action,Aumente su base de riqueza enfocándose en inversiones o ahorros estables.,1
money_A_to_ex_earth,state,"Un fuerte sentido de estabilidad se convierte en una base sólida para todo, y una energía tranquila aumenta la prudencia, lo que conduce a buenos resultados.",1
money_A_to_ex_fire,intro,Es un día en el que se forma sólidamente una base financiera estable y los ingresos se mantienen de manera constante.,1
money_A_to_ex_fire,effect,El flujo inquebrantable de riqueza garantiza ingresos esperados estables.,1
money_A_to_ex_fire,action,Aumente su base de riqueza enfocándose en inversiones o ahorros estables.,1
money_A_to_ex_fire,state,"Una fuerte sensación de estabilidad se convierte en una base sólida para todo, y la energía clara aumenta la vitalidad y crea un buen flujo.",1
money_A_to_ex_water,intro,Es un día en el que se forma sólidamente una base financiera estable y los ingresos se mantienen de manera constante.,1
money_A_to_ex_water,effect,El flujo inquebrantable de riqueza garantiza ingresos esperados estables.,1
money_A_to_ex_water,action,Aumente su base de riqueza enfocándose en inversiones o ahorros estables.,1
money_A_to_ex_water,state,"Una fuerte sensación de estabilidad se convierte en una base sólida para todo, y la energía húmeda refina profundamente la mente y abre una visión clara.",1
money_A_to_ex_wood,intro,Es un día en el que se forma sólidamente una base financiera estable y los ingresos se mantienen de manera constante.,1
money_A_to_ex_wood,effect,El flujo inquebrantable de riqueza garantiza ingresos esperados estables.,1
money_A_to_ex_wood,action,Aumente su base de riqueza enfocándose en inversiones o ahorros estables.,1
money_A_to_ex_wood,state,Una fuerte sensación de estabilidad proporciona una base sólida para todo y la energía dinámica abre nuevas posibilidades.,1
money_B,intro,Hoy es un día en el que el dinero fluye sin problemas y podrás equilibrar bien tus finanzas.,1
money_B,intro,"Hoy, tu energía financiera es estable y tus ingresos y gastos están en equilibrio.",1
money_B,effect,Continúa una tendencia positiva a medida que aumentan los ingresos esperados o disminuyen los gastos.,1
money_B,effect,"El flujo de riqueza es animado, por lo que si aprovechas las pequeñas oportunidades, puedes ganar mucho dinero.",1
money_B,action,Puede maximizar su fortuna financiera hoy organizando bien el dinero ganado y reduciendo los gastos innecesarios.,1
money_B,action,"Si tienes una nueva idea financiera, hoy es un buen día para revisarla.",1
money_B_geum_df_earth,intro,Es un día en el que la riqueza fluye sin problemas y se mantienen ingresos estables.,1
money_B_geum_df_earth,effect,Los flujos financieros están equilibrados y los beneficios se generan dentro del rango esperado.,1
money_B_geum_df_earth,action,Centrarse en una gestión financiera estable en lugar de inversiones excesivas.,1
money_B_geum_df_earth,state,"Incluso si su determinación se vuelve algo aburrida, el flujo de la vida diaria continúa sin problemas y la energía turbia se suma a la atmósfera tranquila, creando una sensación de tranquilidad.",1
money_B_geum_df_fire,intro,Es un día en el que la riqueza fluye sin problemas y se mantienen ingresos estables.,1
money_B_geum_df_fire,effect,Los flujos financieros están equilibrados y los beneficios se generan dentro del rango esperado.,1
money_B_geum_df_fire,action,Centrarse en una gestión financiera estable en lugar de inversiones excesivas.,1
money_B_geum_df_fire,state,"Incluso si tu determinación se vuelve algo aburrida, el flujo de tu vida diaria continúa sin problemas y la energía clara añade vitalidad luminosa, creando un flujo fluido.",1
money_B_geum_df_water,intro,Es un día en el que la riqueza fluye sin problemas y se mantienen ingresos estables.,1
money_B_geum_df_water,effect,Los flujos financieros están equilibrados y los beneficios se generan dentro del rango esperado.,1
money_B_geum_df_water,action,Centrarse en una gestión financiera estable en lugar de inversiones excesivas.,1
money_B_geum_df_water,state,"Incluso si tu determinación se vuelve algo aburrida, el flujo de tu vida diaria continúa sin problemas y la energía húmeda añade una sensación de calma y persistencia a tus emociones.",1
money_B_geum_df_wood,intro,Es un día en el que la riqueza fluye sin problemas y se mantienen ingresos estables.,1
money_B_geum_df_wood,effect,Los flujos financieros están equilibrados y los beneficios se generan dentro del rango esperado.,1
money_B_geum_df_wood,action,Centrarse en una gestión financiera estable en lugar de inversiones excesivas.,1
money_B_geum_df_wood,state,"Incluso si su determinación se vuelve algo aburrida, el flujo de la vida diaria continúa sin problemas y la ligera energía del cambio añade el estímulo adecuado.",1
money_B_geum_ex_earth,intro,Es un día en el que la riqueza fluye sin problemas y se mantienen ingresos estables.,1
money_B_geum_ex_earth,effect,Los flujos financieros están equilibrados y los beneficios se generan dentro del rango esperado.,1
money_B_geum_ex_earth,action,Centrarse en una gestión financiera estable en lugar de inversiones excesivas.,1
money_B_geum_ex_earth,state,"El juicio analítico fluye naturalmente al ritmo habitual, y la energía turbia se suma a la atmósfera tranquila, creando una sensación de tranquilidad.",1
money_B_geum_ex_fire,intro,Es un día en el que la riqueza fluye sin problemas y se mantienen ingresos estables.,1
money_B_geum_ex_fire,effect,Los flujos financieros están equilibrados y los beneficios se generan dentro del rango esperado.,1
money_B_geum_ex_fire,action,Centrarse en una gestión financiera estable en lugar de inversiones excesivas.,1
money_B_geum_ex_fire,state,"El juicio analítico sigue naturalmente el ritmo habitual y la energía clara añade vitalidad ligera, creando un flujo suave.",1
money_B_geum_ex_water,intro,Es un día en el que la riqueza fluye sin problemas y se mantienen ingresos estables.,1
money_B_geum_ex_water,effect,Los flujos financieros están equilibrados y los beneficios se generan dentro del rango esperado.,1
money_B_geum_ex_water,action,Centrarse en una gestión financiera estable en lugar de inversiones excesivas.,1
money_B_geum_ex_water,state,El juicio analítico fluye naturalmente a su ritmo habitual y la energía húmeda añade una sensación de calma y persistencia a sus emociones.,1
money_B_geum_ex_wood,intro,Es un día en el que la riqueza fluye sin problemas y se mantienen ingresos estables.,1
money_B_geum_ex_wood,effect,Los flujos financieros están equilibrados y los beneficios se generan dentro del rango esperado.,1
money_B_geum_ex_wood,action,Centrarse en una gestión financiera estable en lugar de inversiones excesivas.,1
money_B_geum_ex_wood,state,El juicio analítico sigue naturalmente el ritmo habitual y la ligera energía del cambio añade el estímulo adecuado.,1
money_B_hwa_df_earth,intro,Es un día en el que tienes una buena sensación de riqueza y cometes menos errores en decisiones relacionadas con el dinero.,1
money_B_hwa_df_earth,effect,El juicio intuitivo sobre la riqueza produce resultados superiores a la media.,1
money_B_hwa_df_earth,action,Utilice su sentido de riqueza para aprovechar activamente las buenas oportunidades.,1
money_B_hwa_df_earth,state,"Aunque las expresiones son moderadas, la estabilidad de la relación se mantiene fácilmente y la energía turbia contribuye a la atmósfera tranquila, lo que lleva a una sensación de tranquilidad.",1
money_B_hwa_df_fire,intro,Es un día en el que tienes una buena sensación de riqueza y cometes menos errores en decisiones relacionadas con el dinero.,1
money_B_hwa_df_fire,effect,El juicio intuitivo sobre la riqueza produce resultados superiores a la media.,1
money_B_hwa_df_fire,action,Utilice su sentido de riqueza para aprovechar activamente las buenas oportunidades.,1
money_B_hwa_df_fire,state,"Incluso si las expresiones son restringidas, la estabilidad de la relación se mantiene fácilmente y la energía clara añade vitalidad ligera, creando un flujo suave.",1
money_B_hwa_df_water,intro,Es un día en el que tienes una buena sensación de riqueza y cometes menos errores en decisiones relacionadas con el dinero.,1
money_B_hwa_df_water,effect,El juicio intuitivo sobre la riqueza produce resultados superiores a la media.,1
money_B_hwa_df_water,action,Utilice su sentido de riqueza para aprovechar activamente las buenas oportunidades.,1
money_B_hwa_df_water,state,"Incluso si las expresiones son restringidas, la estabilidad de la relación se mantiene fácilmente y la energía húmeda añade un sentimiento de calma y persistencia a las emociones.",1
money_B_hwa_df_wood,intro,Es un día en el que tienes una buena sensación de riqueza y cometes menos errores en decisiones relacionadas con el dinero.,1
money_B_hwa_df_wood,effect,El juicio intuitivo sobre la riqueza produce resultados superiores a la media.,1
money_B_hwa_df_wood,action,Utilice su sentido de riqueza para aprovechar activamente las buenas oportunidades.,1
money_B_hwa_df_wood,state,"Incluso si las expresiones son restringidas, la estabilidad de la relación se mantiene fácilmente y la ligera energía del cambio añade el estímulo apropiado.",1
money_B_hwa_ex_earth,intro,Es un día en el que tienes una buena sensación de riqueza y cometes menos errores en decisiones relacionadas con el dinero.,1
money_B_hwa_ex_earth,effect,El juicio intuitivo sobre la riqueza produce resultados superiores a la media.,1
money_B_hwa_ex_earth,action,Utilice su sentido de riqueza para aprovechar activamente las buenas oportunidades.,1
money_B_hwa_ex_earth,state,"La pasión está viva, pero también se mantiene el equilibrio, lo que conduce a un día estable, y la energía turbia añade una atmósfera tranquila, lo que lleva a la serenidad.",1
money_B_hwa_ex_fire,intro,Es un día en el que tienes una buena sensación de riqueza y cometes menos errores en decisiones relacionadas con el dinero.,1
money_B_hwa_ex_fire,effect,El juicio intuitivo sobre la riqueza produce resultados superiores a la media.,1
money_B_hwa_ex_fire,action,Utilice su sentido de riqueza para aprovechar activamente las buenas oportunidades.,1
money_B_hwa_ex_fire,state,"La pasión permanece viva y se mantiene el equilibrio, lo que conduce a un día estable, y la energía clara añade vitalidad ligera, creando un flujo suave.",1
money_B_hwa_ex_water,intro,Es un día en el que tienes una buena sensación de riqueza y cometes menos errores en decisiones relacionadas con el dinero.,1
money_B_hwa_ex_water,effect,El juicio intuitivo sobre la riqueza produce resultados superiores a la media.,1
money_B_hwa_ex_water,action,Utilice su sentido de riqueza para aprovechar activamente las buenas oportunidades.,1
money_B_hwa_ex_water,state,"La pasión permanece viva y se mantiene el equilibrio, lo que conduce a un día estable, y la energía húmeda añade una sensación de calma y persistencia a las emociones.",1
money_B_hwa_ex_wood,intro,Es un día en el que tienes una buena sensación de riqueza y cometes menos errores en decisiones relacionadas con el dinero.,1
money_B_hwa_ex_wood,effect,El juicio intuitivo sobre la riqueza produce resultados superiores a la media.,1
money_B_hwa_ex_wood,action,Utilice su sentido de riqueza para aprovechar activamente las buenas oportunidades.,1
money_B_hwa_ex_wood,state,"La pasión está viva y equilibrada, lo que conduce a un día estable, y la ligera energía del cambio añade la estimulación adecuada.",1
money_B_mok_df_earth,intro,Es un día en el que la riqueza aumenta gradualmente.,1
money_B_mok_df_earth,effect,La expansión constante de la riqueza conduce a un aumento del ingreso general.,1
money_B_mok_df_earth,action,Empiece a invertir o ahorrar para aumentar su riqueza a largo plazo.,1
money_B_mok_df_earth,state,"Incluso si eres cauteloso al probar cosas nuevas, tu vida diaria fluye de manera constante y la energía turbia contribuye a la atmósfera tranquila, lo que genera una sensación de tranquilidad.",1
money_B_mok_df_fire,intro,Es un día en el que la riqueza aumenta gradualmente.,1
money_B_mok_df_fire,effect,La expansión constante de la riqueza conduce a un aumento del ingreso general.,1
money_B_mok_df_fire,action,Empiece a invertir o ahorrar para aumentar su riqueza a largo plazo.,1
money_B_mok_df_fire,state,"Incluso si eres cauteloso al probar cosas nuevas, tu vida diaria fluye de manera constante y la energía clara añade vitalidad luminosa, creando un flujo suave.",1
money_B_mok_df_water,intro,Es un día en el que la riqueza aumenta gradualmente.,1
money_B_mok_df_water,effect,La expansión constante de la riqueza conduce a un aumento del ingreso general.,1
money_B_mok_df_water,action,Empiece a invertir o ahorrar para aumentar su riqueza a largo plazo.,1
money_B_mok_df_water,state,"Incluso si eres cauteloso a la hora de probar cosas nuevas, tu vida diaria fluye de manera constante y la energía húmeda añade una sensación de calma y persistencia a tus emociones.",1
money_B_mok_df_wood,intro,Es un día en el que la riqueza aumenta gradualmente.,1
money_B_mok_df_wood,effect,La expansión constante de la riqueza conduce a un aumento del ingreso general.,1
money_B_mok_df_wood,action,Empiece a invertir o ahorrar para aumentar su riqueza a largo plazo.,1
money_B_mok_df_wood,state,"Incluso si eres cauteloso a la hora de probar cosas nuevas, tu vida diaria fluye de manera constante y la ligera energía del cambio añade el estímulo adecuado.",1
money_B_mok_ex_earth,intro,Es un día en el que la riqueza aumenta gradualmente.,1
money_B_mok_ex_earth,effect,La expansión constante de la riqueza conduce a un aumento del ingreso general.,1
money_B_mok_ex_earth,action,Empiece a invertir o ahorrar para aumentar su riqueza a largo plazo.,1
money_B_mok_ex_earth,state,"La motivación constante hace que el progreso avance paso a paso, y la energía turbia se suma a la atmósfera de calma, lo que lleva a la tranquilidad.",1
money_B_mok_ex_fire,intro,Es un día en el que la riqueza aumenta gradualmente.,1
money_B_mok_ex_fire,effect,La expansión constante de la riqueza conduce a un aumento del ingreso general.,1
money_B_mok_ex_fire,action,Empiece a invertir o ahorrar para aumentar su riqueza a largo plazo.,1
money_B_mok_ex_fire,state,"La motivación constante hace que el progreso avance paso a paso, y la energía clara añade vitalidad ligera, creando un flujo suave.",1
money_B_mok_ex_water,intro,Es un día en el que la riqueza aumenta gradualmente.,1
money_B_mok_ex_water,effect,La expansión constante de la riqueza conduce a un aumento del ingreso general.,1
money_B_mok_ex_water,action,Empiece a invertir o ahorrar para aumentar su riqueza a largo plazo.,1
money_B_mok_ex_water,state,"La motivación constante hace que el progreso avance paso a paso, y la energía húmeda añade una sensación de calma y persistencia a las emociones.",1
money_B_mok_ex_wood,intro,Es un día en el que la riqueza aumenta gradualmente.,1
money_B_mok_ex_wood,effect,La expansión constante de la riqueza conduce a un aumento del ingreso general.,1
money_B_mok_ex_wood,action,Empiece a invertir o ahorrar para aumentar su riqueza a largo plazo.,1
money_B_mok_ex_wood,state,"La motivación constante hace que el progreso normal sea paso a paso, y la débil energía del cambio añade el estímulo apropiado.",1
money_B_su_df_earth,intro,Es un día en el que la riqueza fluye de forma natural y llega el dinero que necesitas.,1
money_B_su_df_earth,effect,Tomar decisiones financieras que se ajusten al flujo genera ganancias estables sin pérdidas.,1
money_B_su_df_earth,action,Mantenga el flujo actual y administre su patrimonio sin exagerar.,1
money_B_su_df_earth,state,"Aunque falta algo de flexibilidad, el ritmo básico se mantiene sin dificultad y la energía turbia añade una atmósfera tranquila, lo que lleva a una sensación de tranquilidad.",1
money_B_su_df_fire,intro,Es un día en el que la riqueza fluye de forma natural y llega el dinero que necesitas.,1
money_B_su_df_fire,effect,Tomar decisiones financieras que se ajusten al flujo genera ganancias estables sin pérdidas.,1
money_B_su_df_fire,action,Mantenga el flujo actual y administre su patrimonio sin exagerar.,1
money_B_su_df_fire,state,"Aunque falta algo de flexibilidad, el ritmo básico se mantiene sin dificultad y la energía clara añade vitalidad ligera, creando un flujo suave.",1
money_B_su_df_water,intro,Es un día en el que la riqueza fluye de forma natural y llega el dinero que necesitas.,1
money_B_su_df_water,effect,Tomar decisiones financieras que se ajusten al flujo genera ganancias estables sin pérdidas.,1
money_B_su_df_water,action,Mantenga el flujo actual y administre su patrimonio sin exagerar.,1
money_B_su_df_water,state,"Aunque carece de flexibilidad, el ritmo básico se mantiene sin dificultad y la energía húmeda añade una sensación de calma y persistencia a las emociones.",1
money_B_su_df_wood,intro,Es un día en el que la riqueza fluye de forma natural y llega el dinero que necesitas.,1
money_B_su_df_wood,effect,Tomar decisiones financieras que se ajusten al flujo genera ganancias estables sin pérdidas.,1
money_B_su_df_wood,action,Mantenga el flujo actual y administre su patrimonio sin exagerar.,1
money_B_su_df_wood,state,"Aunque falta algo de flexibilidad, el ritmo básico se mantiene sin dificultad y la ligera energía del cambio añade la estimulación adecuada.",1
money_B_su_ex_earth,intro,Es un día en el que la riqueza fluye de forma natural y llega el dinero que necesitas.,1
money_B_su_ex_earth,effect,Tomar decisiones financieras que se ajusten al flujo genera ganancias estables sin pérdidas.,1
money_B_su_ex_earth,action,Mantenga el flujo actual y administre su patrimonio sin exagerar.,1
money_B_su_ex_earth,state,"El día está lleno de emociones, lo que lo convierte en un día más atento de lo habitual, y la energía nublada añade una atmósfera tranquila, lo que lleva a una sensación de tranquilidad.",1
money_B_su_ex_fire,intro,Es un día en el que la riqueza fluye de forma natural y llega el dinero que necesitas.,1
money_B_su_ex_fire,effect,Tomar decisiones financieras que se ajusten al flujo genera ganancias estables sin pérdidas.,1
money_B_su_ex_fire,action,Mantenga el flujo actual y administre su patrimonio sin exagerar.,1
money_B_su_ex_fire,state,"El día es rico en emociones, lo que lo convierte en un día más atento de lo habitual, y la energía clara añade vitalidad luminosa, creando un flujo suave.",1
money_B_su_ex_water,intro,Es un día en el que la riqueza fluye de forma natural y llega el dinero que necesitas.,1
money_B_su_ex_water,effect,Tomar decisiones financieras que se ajusten al flujo genera ganancias estables sin pérdidas.,1
money_B_su_ex_water,action,Mantenga el flujo actual y administre su patrimonio sin exagerar.,1
money_B_su_ex_water,state,"El día está lleno de emociones, lo que te hace estar más atento de lo habitual, y la energía húmeda añade un regusto calmante a tus emociones.",1
money_B_su_ex_wood,intro,Es un día en el que la riqueza fluye de forma natural y llega el dinero que necesitas.,1
money_B_su_ex_wood,effect,Tomar decisiones financieras que se ajusten al flujo genera ganancias estables sin pérdidas.,1
money_B_su_ex_wood,action,Mantenga el flujo actual y administre su patrimonio sin exagerar.,1
money_B_su_ex_wood,state,"El día está lleno de emociones, lo que lo convierte en un día más atento de lo habitual, y la ligera energía del cambio añade la estimulación adecuada.",1
money_B_to_df_earth,intro,Es un día en el que se mantiene la estabilidad financiera y se equilibran los gastos y los ingresos.,1
money_B_to_df_earth,effect,Una base financiera estable puede soportar gastos inesperados.,1
money_B_to_df_earth,action,Minimiza tus gastos y mantén una base financiera estable.,1
money_B_to_df_earth,state,"Incluso si el centro de gravedad está un poco sacudido, el equilibrio de la vida diaria se mantiene sin muchos problemas, y la energía turbia contribuye a la atmósfera tranquila, lo que lleva a una sensación de tranquilidad.",1
money_B_to_df_fire,intro,Es un día en el que se mantiene la estabilidad financiera y se equilibran los gastos y los ingresos.,1
money_B_to_df_fire,effect,Una base financiera estable puede soportar gastos inesperados.,1
money_B_to_df_fire,action,Minimiza tus gastos y mantén una base financiera estable.,1
money_B_to_df_fire,state,"Incluso si el centro de gravedad se sacude un poco, el equilibrio de la vida diaria se mantiene sin muchos problemas y la energía clara añade vitalidad luminosa, creando un flujo suave.",1
money_B_to_df_water,intro,Es un día en el que se mantiene la estabilidad financiera y se equilibran los gastos y los ingresos.,1
money_B_to_df_water,effect,Una base financiera estable puede soportar gastos inesperados.,1
money_B_to_df_water,action,Minimiza tus gastos y mantén una base financiera estable.,1
money_B_to_df_water,state,"Incluso si su centro de gravedad está algo sacudido, el equilibrio de su vida diaria se mantiene sin muchos problemas y la energía húmeda añade una sensación de calma y persistencia a sus emociones.",1
money_B_to_df_wood,intro,Es un día en el que se mantiene la estabilidad financiera y se equilibran los gastos y los ingresos.,1
money_B_to_df_wood,effect,Una base financiera estable puede soportar gastos inesperados.,1
money_B_to_df_wood,action,Minimiza tus gastos y mantén una base financiera estable.,1
money_B_to_df_wood,state,"Incluso si el centro está algo sacudido, el equilibrio de la vida diaria se mantiene sin muchos problemas, y la ligera energía del cambio añade el estímulo apropiado.",1
money_B_to_ex_earth,intro,Es un día en el que se mantiene la estabilidad financiera y se equilibran los gastos y los ingresos.,1
money_B_to_ex_earth,effect,Una base financiera estable puede soportar gastos inesperados.,1
money_B_to_ex_earth,action,Minimiza tus gastos y mantén una base financiera estable.,1
money_B_to_ex_earth,state,"Tiene una fuerte tendencia hacia la estabilidad, por lo que continúa en un día tranquilo sin ningún problema, y la energía nublada se suma a la atmósfera tranquila, lo que lleva a la serenidad.",1
money_B_to_ex_fire,intro,Es un día en el que se mantiene la estabilidad financiera y se equilibran los gastos y los ingresos.,1
money_B_to_ex_fire,effect,Una base financiera estable puede soportar gastos inesperados.,1
money_B_to_ex_fire,action,Minimiza tus gastos y mantén una base financiera estable.,1
money_B_to_ex_fire,state,"Tiene una fuerte tendencia hacia la estabilidad, por lo que continúa suavemente en un día tranquilo, y la energía clara añade vitalidad luminosa, creando un flujo suave.",1
money_B_to_ex_water,intro,Es un día en el que se mantiene la estabilidad financiera y se equilibran los gastos y los ingresos.,1
money_B_to_ex_water,effect,Una base financiera estable puede soportar gastos inesperados.,1
money_B_to_ex_water,action,Minimiza tus gastos y mantén una base financiera estable.,1
money_B_to_ex_water,state,"Tiene una fuerte naturaleza orientada a la estabilidad, por lo que puede conducir fácilmente a un día tranquilo, y la energía húmeda añade un regusto calmante a las emociones.",1
money_B_to_ex_wood,intro,Es un día en el que se mantiene la estabilidad financiera y se equilibran los gastos y los ingresos.,1
money_B_to_ex_wood,effect,Una base financiera estable puede soportar gastos inesperados.,1
money_B_to_ex_wood,action,Minimiza tus gastos y mantén una base financiera estable.,1
money_B_to_ex_wood,state,"La orientación a la estabilidad es fuerte, por lo que continúa suavemente en un día tranquilo, y la ligera energía del cambio añade la estimulación adecuada.",1
money_B1,intro,Hoy la energía de la riqueza fluirá de manera constante y podrás mantener el equilibrio sin grandes pérdidas.,1
money_B1,intro,"El flujo de dinero es normal hoy en día, por lo que existe la oportunidad de obtener pequeñas ganancias.",1
money_B1,effect,La estabilidad financiera puede mantenerse manteniendo unos ingresos y gastos relativamente equilibrados.,1
money_B1,effect,Las oportunidades de obtener pequeñas ganancias o ahorros surgen de forma natural.,1
money_B1,action,Mantenga sus finanzas bajo control y practique pequeños hábitos de ahorro.,1
money_B1,action,Basta con observar atentamente sus gastos para aprovechar la riqueza actual.,1
money_B1_geum_df_earth,intro,"El flujo de dinero será normal, pero pueden surgir algunos gastos inesperados.",1
money_B1_geum_df_earth,effect,Es posible que parte del flujo de dinero se bloquee y que los beneficios no alcancen las expectativas.,1
money_B1_geum_df_earth,action,Reduzca los gastos innecesarios y administre sus finanzas a fondo.,1
money_B1_geum_df_earth,state,"Aunque las decisiones toman algo de tiempo, el día continúa sin mucha vacilación y la energía turbia te ayuda a mantener un ritmo tranquilo.",1
money_B1_geum_df_fire,intro,"El flujo de dinero será normal, pero pueden surgir algunos gastos inesperados.",1
money_B1_geum_df_fire,effect,Es posible que parte del flujo de dinero se bloquee y que los beneficios no alcancen las expectativas.,1
money_B1_geum_df_fire,action,Reduzca los gastos innecesarios y administre sus finanzas a fondo.,1
money_B1_geum_df_fire,state,"Aunque las decisiones toman algo de tiempo, el día continúa sin mucha vacilación y la energía clara añade serena vitalidad y continúa el día normal.",1
money_B1_geum_df_water,intro,"El flujo de dinero será normal, pero pueden surgir algunos gastos inesperados.",1
money_B1_geum_df_water,effect,Es posible que parte del flujo de dinero se bloquee y que los beneficios no alcancen las expectativas.,1
money_B1_geum_df_water,action,Reduzca los gastos innecesarios y administre sus finanzas a fondo.,1
money_B1_geum_df_water,state,"Aunque las decisiones toman algo de tiempo, el día transcurre sin muchas vacilaciones y la energía húmeda aumenta tus pensamientos pero no provoca mucha agitación.",1
money_B1_geum_df_wood,intro,"El flujo de dinero será normal, pero pueden surgir algunos gastos inesperados.",1
money_B1_geum_df_wood,effect,Es posible que parte del flujo de dinero se bloquee y que los beneficios no alcancen las expectativas.,1
money_B1_geum_df_wood,action,Reduzca los gastos innecesarios y administre sus finanzas a fondo.,1
money_B1_geum_df_wood,state,"La decisión puede ser lenta, pero el día transcurre sin mucha vacilación y la tranquila energía del cambio sólo sacude ligeramente el flujo normal.",1
money_B1_geum_ex_earth,intro,"El flujo de dinero será normal, pero pueden surgir algunos gastos inesperados.",1
money_B1_geum_ex_earth,effect,Es posible que parte del flujo de dinero se bloquee y que los beneficios no alcancen las expectativas.,1
money_B1_geum_ex_earth,action,Reduzca los gastos innecesarios y administre sus finanzas a fondo.,1
money_B1_geum_ex_earth,state,"El juicio es claro, pero termina con un resultado mediocre y la energía turbia ayuda a mantener un ritmo decente.",1
money_B1_geum_ex_fire,intro,"El flujo de dinero será normal, pero pueden surgir algunos gastos inesperados.",1
money_B1_geum_ex_fire,effect,Es posible que parte del flujo de dinero se bloquee y que los beneficios no alcancen las expectativas.,1
money_B1_geum_ex_fire,action,Reduzca los gastos innecesarios y administre sus finanzas a fondo.,1
money_B1_geum_ex_fire,state,"El juicio es claro, pero termina con un resultado ordinario, y la energía clara añade vitalidad tranquila y continúa el día ordinario.",1
money_B1_geum_ex_water,intro,"El flujo de dinero será normal, pero pueden surgir algunos gastos inesperados.",1
money_B1_geum_ex_water,effect,Es posible que parte del flujo de dinero se bloquee y que los beneficios no alcancen las expectativas.,1
money_B1_geum_ex_water,action,Reduzca los gastos innecesarios y administre sus finanzas a fondo.,1
money_B1_geum_ex_water,state,"El juicio es claro pero termina con un resultado simple, y la energía húmeda aumenta los pensamientos pero no causa mucha agitación.",1
money_B1_geum_ex_wood,intro,"El flujo de dinero será normal, pero pueden surgir algunos gastos inesperados.",1
money_B1_geum_ex_wood,effect,Es posible que parte del flujo de dinero se bloquee y que los beneficios no alcancen las expectativas.,1
money_B1_geum_ex_wood,action,Reduzca los gastos innecesarios y administre sus finanzas a fondo.,1
money_B1_geum_ex_wood,state,"El juicio es claro, pero termina con un resultado mediocre, y la tranquila energía del cambio no hace más que alterar levemente el flujo normal.",1
money_B1_hwa_df_earth,intro,"Su intuición financiera no es perfecta, por lo que debe tener cuidado con las decisiones financieras impulsivas.",1
money_B1_hwa_df_earth,effect,Las decisiones financieras sensoriales pueden producir resultados diferentes a los esperados.,1
money_B1_hwa_df_earth,action,Tome decisiones financieras basadas en la planificación y no en el impulso.,1
money_B1_hwa_df_earth,state,"Aunque hay poca expresión, la relación no se ve muy afectada y la energía turbia ayuda a mantener un ritmo tranquilo.",1
money_B1_hwa_df_fire,intro,"Su intuición financiera no es perfecta, por lo que debe tener cuidado con las decisiones financieras impulsivas.",1
money_B1_hwa_df_fire,effect,Las decisiones financieras sensoriales pueden producir resultados diferentes a los esperados.,1
money_B1_hwa_df_fire,action,Tome decisiones financieras basadas en la planificación y no en el impulso.,1
money_B1_hwa_df_fire,state,"Aunque hay pocas expresiones, la relación no se ve muy afectada y la energía clara agrega una vitalidad tranquila y continúa un día normal.",1
money_B1_hwa_df_water,intro,"Su intuición financiera no es perfecta, por lo que debe tener cuidado con las decisiones financieras impulsivas.",1
money_B1_hwa_df_water,effect,Las decisiones financieras sensoriales pueden producir resultados diferentes a los esperados.,1
money_B1_hwa_df_water,action,Tome decisiones financieras basadas en la planificación y no en el impulso.,1
money_B1_hwa_df_water,state,"Aunque hay pocas expresiones, la relación no se ve muy afectada y la energía húmeda aumenta los pensamientos, pero no provoca mucha agitación.",1
money_B1_hwa_df_wood,intro,"Su intuición financiera no es perfecta, por lo que debe tener cuidado con las decisiones financieras impulsivas.",1
money_B1_hwa_df_wood,effect,Las decisiones financieras sensoriales pueden producir resultados diferentes a los esperados.,1
money_B1_hwa_df_wood,action,Tome decisiones financieras basadas en la planificación y no en el impulso.,1
money_B1_hwa_df_wood,state,"Aunque hay poca expresión, la relación no se ve muy afectada y la tranquila energía del cambio solo es suficiente para sacudir ligeramente el flujo normal.",1
money_B1_hwa_ex_earth,intro,"Su intuición financiera no es perfecta, por lo que debe tener cuidado con las decisiones financieras impulsivas.",1
money_B1_hwa_ex_earth,effect,Las decisiones financieras sensoriales pueden producir resultados diferentes a los esperados.,1
money_B1_hwa_ex_earth,action,Tome decisiones financieras basadas en la planificación y no en el impulso.,1
money_B1_hwa_ex_earth,state,El calor moderado hace que el día sea tranquilo y la energía nublada le ayuda a mantener un ritmo tranquilo.,1
money_B1_hwa_ex_fire,intro,"Su intuición financiera no es perfecta, por lo que debe tener cuidado con las decisiones financieras impulsivas.",1
money_B1_hwa_ex_fire,effect,Las decisiones financieras sensoriales pueden producir resultados diferentes a los esperados.,1
money_B1_hwa_ex_fire,action,Tome decisiones financieras basadas en la planificación y no en el impulso.,1
money_B1_hwa_ex_fire,state,El calor moderado crea un día tranquilo y la energía clara añade vitalidad tranquila y continúa el día normal.,1
money_B1_hwa_ex_water,intro,"Su intuición financiera no es perfecta, por lo que debe tener cuidado con las decisiones financieras impulsivas.",1
money_B1_hwa_ex_water,effect,Las decisiones financieras sensoriales pueden producir resultados diferentes a los esperados.,1
money_B1_hwa_ex_water,action,Tome decisiones financieras basadas en la planificación y no en el impulso.,1
money_B1_hwa_ex_water,state,El calor moderado hace que el día sea tranquilo y la energía húmeda aumenta tus pensamientos pero no causa mucha agitación.,1
money_B1_hwa_ex_wood,intro,"Su intuición financiera no es perfecta, por lo que debe tener cuidado con las decisiones financieras impulsivas.",1
money_B1_hwa_ex_wood,effect,Las decisiones financieras sensoriales pueden producir resultados diferentes a los esperados.,1
money_B1_hwa_ex_wood,action,Tome decisiones financieras basadas en la planificación y no en el impulso.,1
money_B1_hwa_ex_wood,state,El calor moderado hace que el día sea tranquilo y la tranquila energía del cambio no hace más que alterar ligeramente el flujo normal.,1
money_B1_mok_df_earth,intro,"A medida que su crecimiento financiero se desacelera, puede resultarle difícil encontrar nuevas fuentes de ingresos.",1
money_B1_mok_df_earth,effect,La expansión de la riqueza es limitada y el crecimiento de los ingresos es más lento de lo esperado.,1
money_B1_mok_df_earth,action,Concéntrese en mantener sus ingresos existentes.,1
money_B1_mok_df_earth,state,"Sigue siendo más familiar que nuevo, pero el flujo es ininterrumpido y la energía turbia te ayuda a mantener un ritmo tranquilo.",1
money_B1_mok_df_fire,intro,"A medida que su crecimiento financiero se desacelera, puede resultarle difícil encontrar nuevas fuentes de ingresos.",1
money_B1_mok_df_fire,effect,La expansión de la riqueza es limitada y el crecimiento de los ingresos es más lento de lo esperado.,1
money_B1_mok_df_fire,action,Concéntrese en mantener sus ingresos existentes.,1
money_B1_mok_df_fire,state,"Aunque sigue siendo familiar más que nuevo, el flujo es ininterrumpido y la energía clara añade vitalidad tranquila y continúa el día normal.",1
money_B1_mok_df_water,intro,"A medida que su crecimiento financiero se desacelera, puede resultarle difícil encontrar nuevas fuentes de ingresos.",1
money_B1_mok_df_water,effect,La expansión de la riqueza es limitada y el crecimiento de los ingresos es más lento de lo esperado.,1
money_B1_mok_df_water,action,Concéntrese en mantener sus ingresos existentes.,1
money_B1_mok_df_water,state,"Aunque sigue siendo más familiar que novedoso, el flujo es ininterrumpido y la energía húmeda aumenta los pensamientos pero no causa mucha agitación.",1
money_B1_mok_df_wood,intro,"A medida que su crecimiento financiero se desacelera, puede resultarle difícil encontrar nuevas fuentes de ingresos.",1
money_B1_mok_df_wood,effect,La expansión de la riqueza es limitada y el crecimiento de los ingresos es más lento de lo esperado.,1
money_B1_mok_df_wood,action,Concéntrese en mantener sus ingresos existentes.,1
money_B1_mok_df_wood,state,"Aunque sigue siendo más familiar que nuevo, el flujo es ininterrumpido y la tranquila energía del cambio sólo sacude ligeramente el flujo normal.",1
money_B1_mok_ex_earth,intro,"A medida que su crecimiento financiero se desacelera, puede resultarle difícil encontrar nuevas fuentes de ingresos.",1
money_B1_mok_ex_earth,effect,La expansión de la riqueza es limitada y el crecimiento de los ingresos es más lento de lo esperado.,1
money_B1_mok_ex_earth,action,Concéntrese en mantener sus ingresos existentes.,1
money_B1_mok_ex_earth,state,"Hay motivación, pero tu fuerza motriz se mantiene en un nivel mediocre y la energía turbia te ayuda a mantener un ritmo decente.",1
money_B1_mok_ex_fire,intro,"A medida que su crecimiento financiero se desacelera, puede resultarle difícil encontrar nuevas fuentes de ingresos.",1
money_B1_mok_ex_fire,effect,La expansión de la riqueza es limitada y el crecimiento de los ingresos es más lento de lo esperado.,1
money_B1_mok_ex_fire,action,Concéntrese en mantener sus ingresos existentes.,1
money_B1_mok_ex_fire,state,"Aunque hay motivación, tu fuerza motriz se mantiene en un nivel promedio y la energía clara añade vitalidad tranquila y continúa con tu día normal.",1
money_B1_mok_ex_water,intro,"A medida que su crecimiento financiero se desacelera, puede resultarle difícil encontrar nuevas fuentes de ingresos.",1
money_B1_mok_ex_water,effect,La expansión de la riqueza es limitada y el crecimiento de los ingresos es más lento de lo esperado.,1
money_B1_mok_ex_water,action,Concéntrese en mantener sus ingresos existentes.,1
money_B1_mok_ex_water,state,"Hay motivación, pero la fuerza impulsora permanece en un nivel normal y la energía húmeda aumenta los pensamientos, pero no causa mucha agitación.",1
money_B1_mok_ex_wood,intro,"A medida que su crecimiento financiero se desacelera, puede resultarle difícil encontrar nuevas fuentes de ingresos.",1
money_B1_mok_ex_wood,effect,La expansión de la riqueza es limitada y el crecimiento de los ingresos es más lento de lo esperado.,1
money_B1_mok_ex_wood,action,Concéntrese en mantener sus ingresos existentes.,1
money_B1_mok_ex_wood,state,"Hay motivación, pero la fuerza motriz permanece en un nivel mediocre y la tranquila energía del cambio sólo es suficiente para alterar ligeramente el flujo normal.",1
money_B1_su_df_earth,intro,"Si su tiempo no es el adecuado, puede perder una buena oportunidad.",1
money_B1_su_df_earth,effect,Las decisiones financieras que se desvían del flujo pueden provocar pérdidas menores.,1
money_B1_su_df_earth,action,"No se apresure a tomar decisiones financieras, pero preste mucha atención al momento.",1
money_B1_su_df_earth,state,"Aunque la flexibilidad ha disminuido, el flujo no se interrumpe significativamente y la energía turbia ayuda a mantener un ritmo decente.",1
money_B1_su_df_fire,intro,"Si su tiempo no es el adecuado, puede perder una buena oportunidad.",1
money_B1_su_df_fire,effect,Las decisiones financieras que se desvían del flujo pueden provocar pérdidas menores.,1
money_B1_su_df_fire,action,"No se apresure a tomar decisiones financieras, pero preste mucha atención al momento.",1
money_B1_su_df_fire,state,"Aunque la flexibilidad ha disminuido, el flujo no se ve significativamente interrumpido y la energía clara añade vitalidad tranquila y continúa un día normal.",1
money_B1_su_df_water,intro,"Si su tiempo no es el adecuado, puede perder una buena oportunidad.",1
money_B1_su_df_water,effect,Las decisiones financieras que se desvían del flujo pueden provocar pérdidas menores.,1
money_B1_su_df_water,action,"No se apresure a tomar decisiones financieras, pero preste mucha atención al momento.",1
money_B1_su_df_water,state,"La flexibilidad se reduce, pero el flujo no se interrumpe mucho y la energía húmeda aumenta los pensamientos, pero no causa mucha agitación.",1
money_B1_su_df_wood,intro,"Si su tiempo no es el adecuado, puede perder una buena oportunidad.",1
money_B1_su_df_wood,effect,Las decisiones financieras que se desvían del flujo pueden provocar pérdidas menores.,1
money_B1_su_df_wood,action,"No se apresure a tomar decisiones financieras, pero preste mucha atención al momento.",1
money_B1_su_df_wood,state,"Aunque la flexibilidad ha disminuido, el flujo no se ve significativamente interrumpido y la tranquila energía del cambio sólo sacude ligeramente el flujo normal.",1
money_B1_su_ex_earth,intro,"Si su tiempo no es el adecuado, puede perder una buena oportunidad.",1
money_B1_su_ex_earth,effect,Las decisiones financieras que se desvían del flujo pueden provocar pérdidas menores.,1
money_B1_su_ex_earth,action,"No se apresure a tomar decisiones financieras, pero preste mucha atención al momento.",1
money_B1_su_ex_earth,state,"Aunque tengo mucho en qué pensar, el día transcurre sin muchas perturbaciones y la energía nubosa te ayuda a mantener un ritmo tranquilo.",1
money_B1_su_ex_fire,intro,"Si su tiempo no es el adecuado, puede perder una buena oportunidad.",1
money_B1_su_ex_fire,effect,Las decisiones financieras que se desvían del flujo pueden provocar pérdidas menores.,1
money_B1_su_ex_fire,action,"No se apresure a tomar decisiones financieras, pero preste mucha atención al momento.",1
money_B1_su_ex_fire,state,"Aunque tengo muchos pensamientos, el día transcurre sin muchas perturbaciones y la energía clara añade vitalidad tranquila y continúa el día normal.",1
money_B1_su_ex_water,intro,"Si su tiempo no es el adecuado, puede perder una buena oportunidad.",1
money_B1_su_ex_water,effect,Las decisiones financieras que se desvían del flujo pueden provocar pérdidas menores.,1
money_B1_su_ex_water,action,"No se apresure a tomar decisiones financieras, pero preste mucha atención al momento.",1
money_B1_su_ex_water,state,"Incluso si tienes muchos pensamientos, el día transcurre sin mucha agitación y la energía húmeda aumenta tus pensamientos pero no causa mucha agitación.",1
money_B1_su_ex_wood,intro,"Si su tiempo no es el adecuado, puede perder una buena oportunidad.",1
money_B1_su_ex_wood,effect,Las decisiones financieras que se desvían del flujo pueden provocar pérdidas menores.,1
money_B1_su_ex_wood,action,"No se apresure a tomar decisiones financieras, pero preste mucha atención al momento.",1
money_B1_su_ex_wood,state,"Aunque tengo muchos pensamientos, el día transcurre sin muchas perturbaciones y la tranquila energía del cambio sólo sacude ligeramente el flujo normal.",1
money_B1_to_df_earth,intro,El equilibrio de la riqueza puede verse algo afectado y los gastos pueden superar ligeramente los ingresos.,1
money_B1_to_df_earth,effect,"A medida que su sensación de seguridad financiera se debilita, los gastos inesperados se convierten en una carga.",1
money_B1_to_df_earth,action,Consulta tu estado financiero y reduce gastos innecesarios.,1
money_B1_to_df_earth,state,"Aunque hay algo de temblor, la vida diaria transcurre sin problemas y la energía turbia te ayuda a mantener un ritmo tranquilo.",1
money_B1_to_df_fire,intro,El equilibrio de la riqueza puede verse algo afectado y los gastos pueden superar ligeramente los ingresos.,1
money_B1_to_df_fire,effect,"A medida que su sensación de seguridad financiera se debilita, los gastos inesperados se convierten en una carga.",1
money_B1_to_df_fire,action,Consulta tu estado financiero y reduce gastos innecesarios.,1
money_B1_to_df_fire,state,"Aunque hay algo de temblor, la vida diaria fluye sin problemas y la energía clara añade vitalidad tranquila y continúa el día normal.",1
money_B1_to_df_water,intro,El equilibrio de la riqueza puede verse algo afectado y los gastos pueden superar ligeramente los ingresos.,1
money_B1_to_df_water,effect,"A medida que su sensación de seguridad financiera se debilita, los gastos inesperados se convierten en una carga.",1
money_B1_to_df_water,action,Consulta tu estado financiero y reduce gastos innecesarios.,1
money_B1_to_df_water,state,"Aunque hay temblores, la vida diaria fluye suavemente y la energía húmeda aumenta los pensamientos, pero no causa mucha agitación.",1
money_B1_to_df_wood,intro,El equilibrio de la riqueza puede verse algo afectado y los gastos pueden superar ligeramente los ingresos.,1
money_B1_to_df_wood,effect,"A medida que su sensación de seguridad financiera se debilita, los gastos inesperados se convierten en una carga.",1
money_B1_to_df_wood,action,Consulta tu estado financiero y reduce gastos innecesarios.,1
money_B1_to_df_wood,state,"Aunque hay fluctuaciones, la vida diaria fluye suavemente y la tranquila energía del cambio sólo sacude ligeramente el flujo normal.",1
money_B1_to_ex_earth,intro,El equilibrio de la riqueza puede verse algo afectado y los gastos pueden superar ligeramente los ingresos.,1
money_B1_to_ex_earth,effect,"A medida que su sensación de seguridad financiera se debilita, los gastos inesperados se convierten en una carga.",1
money_B1_to_ex_earth,action,Consulta tu estado financiero y reduce gastos innecesarios.,1
money_B1_to_ex_earth,state,Elegir la familiaridad en lugar del cambio te lleva a un día fácil y la energía turbia te ayuda a mantener un ritmo tranquilo.,1
money_B1_to_ex_fire,intro,El equilibrio de la riqueza puede verse algo afectado y los gastos pueden superar ligeramente los ingresos.,1
money_B1_to_ex_fire,effect,"A medida que su sensación de seguridad financiera se debilita, los gastos inesperados se convierten en una carga.",1
money_B1_to_ex_fire,action,Consulta tu estado financiero y reduce gastos innecesarios.,1
money_B1_to_ex_fire,state,"Elegir la familiaridad en lugar del cambio conduce a un día normal, y la energía clara añade vitalidad tranquila al día normal.",1
money_B1_to_ex_water,intro,El equilibrio de la riqueza puede verse algo afectado y los gastos pueden superar ligeramente los ingresos.,1
money_B1_to_ex_water,effect,"A medida que su sensación de seguridad financiera se debilita, los gastos inesperados se convierten en una carga.",1
money_B1_to_ex_water,action,Consulta tu estado financiero y reduce gastos innecesarios.,1
money_B1_to_ex_water,state,"Elegir la familiaridad en lugar del cambio conduce a un día normal, y la energía húmeda aumenta los pensamientos pero no causa mucha agitación.",1
money_B1_to_ex_wood,intro,El equilibrio de la riqueza puede verse algo afectado y los gastos pueden superar ligeramente los ingresos.,1
money_B1_to_ex_wood,effect,"A medida que su sensación de seguridad financiera se debilita, los gastos inesperados se convierten en una carga.",1
money_B1_to_ex_wood,action,Consulta tu estado financiero y reduce gastos innecesarios.,1
money_B1_to_ex_wood,state,"Elegir la familiaridad en lugar del cambio conduce a un día normal, y la tranquila energía del cambio sólo sacude ligeramente el flujo normal.",1
money_C,intro,"La energía de la riqueza es débil hoy, por lo que debes prestar mucha atención a tu flujo financiero.",1
money_C,intro,"La energía monetaria es baja hoy en día, por lo que sería prudente recortar gastos innecesarios.",1
money_C,effect,Existe la posibilidad de que surjan gastos no planificados o que se retrasen los ingresos esperados.,1
money_C,effect,"Estamos en una época en la que el flujo de riqueza está algo bloqueado, por lo que mantener el status quo es más ventajoso que realizar nuevas inversiones.",1
money_C,action,Mantenga registros detallados de sus gastos y posponga los gastos impulsivos por un día.,1
money_C,action,"Hoy en día, centrarse en ahorrar y ahorrar es la forma más inteligente de gestionar su patrimonio.",1
money_C_geum_df_earth,intro,Es un día en el que el flujo de riqueza está bloqueado y es probable que se produzcan pérdidas financieras.,1
money_C_geum_df_earth,effect,La falta de sentido del dinero puede conducir a malas decisiones financieras.,1
money_C_geum_df_earth,action,Evite nuevas inversiones o grandes gastos hoy.,1
money_C_geum_df_earth,state,"A medida que su resolución se debilita, es fácil posponer decisiones importantes, y la energía turbia puede ralentizarlo y hacer que sus pensamientos sean pesados.",1
money_C_geum_df_fire,intro,Es un día en el que el flujo de riqueza está bloqueado y es probable que se produzcan pérdidas financieras.,1
money_C_geum_df_fire,effect,La falta de sentido del dinero puede conducir a malas decisiones financieras.,1
money_C_geum_df_fire,action,Evite nuevas inversiones o grandes gastos hoy.,1
money_C_geum_df_fire,state,"A medida que su resolución se debilita, es fácil posponer decisiones importantes y su energía clara puede fluir hacia una atmósfera excitada, que puede nublar su prudencia.",1
money_C_geum_df_water,intro,Es un día en el que el flujo de riqueza está bloqueado y es probable que se produzcan pérdidas financieras.,1
money_C_geum_df_water,effect,La falta de sentido del dinero puede conducir a malas decisiones financieras.,1
money_C_geum_df_water,action,Evite nuevas inversiones o grandes gastos hoy.,1
money_C_geum_df_water,state,"Es fácil posponer decisiones importantes a medida que su resolución se debilita y la energía de la lluvia y la nieve puede estimular sus emociones y su ser interior, lo que puede tener un impacto mayor.",1
money_C_geum_df_wood,intro,Es un día en el que el flujo de riqueza está bloqueado y es probable que se produzcan pérdidas financieras.,1
money_C_geum_df_wood,effect,La falta de sentido del dinero puede conducir a malas decisiones financieras.,1
money_C_geum_df_wood,action,Evite nuevas inversiones o grandes gastos hoy.,1
money_C_geum_df_wood,state,"Es fácil posponer decisiones importantes debido a una determinación debilitada, y la fuerte energía del cambio puede alterar el ritmo y conducir a variables inesperadas.",1
money_C_geum_ex_earth,intro,Es un día en el que el flujo de riqueza está bloqueado y es probable que se produzcan pérdidas financieras.,1
money_C_geum_ex_earth,effect,La falta de sentido del dinero puede conducir a malas decisiones financieras.,1
money_C_geum_ex_earth,action,Evite nuevas inversiones o grandes gastos hoy.,1
money_C_geum_ex_earth,state,Un juicio demasiado agudo puede enfriar las relaciones y la energía turbia puede ralentizar el ritmo y hacer que los pensamientos sean pesados.,1
money_C_geum_ex_fire,intro,Es un día en el que el flujo de riqueza está bloqueado y es probable que se produzcan pérdidas financieras.,1
money_C_geum_ex_fire,effect,La falta de sentido del dinero puede conducir a malas decisiones financieras.,1
money_C_geum_ex_fire,action,Evite nuevas inversiones o grandes gastos hoy.,1
money_C_geum_ex_fire,state,"Un juicio excesivamente agudo puede enfriar las relaciones y la energía clara puede fluir hacia una atmósfera excitada, lo que puede nublar la prudencia.",1
money_C_geum_ex_water,intro,Es un día en el que el flujo de riqueza está bloqueado y es probable que se produzcan pérdidas financieras.,1
money_C_geum_ex_water,effect,La falta de sentido del dinero puede conducir a malas decisiones financieras.,1
money_C_geum_ex_water,action,Evite nuevas inversiones o grandes gastos hoy.,1
money_C_geum_ex_water,state,"Un juicio demasiado agudo puede enfriar las relaciones, y la energía de la lluvia y la nieve puede estimular emociones y sentimientos internos, que pueden tener un impacto mayor.",1
money_C_geum_ex_wood,intro,Es un día en el que el flujo de riqueza está bloqueado y es probable que se produzcan pérdidas financieras.,1
money_C_geum_ex_wood,effect,La falta de sentido del dinero puede conducir a malas decisiones financieras.,1
money_C_geum_ex_wood,action,Evite nuevas inversiones o grandes gastos hoy.,1
money_C_geum_ex_wood,state,"Un juicio demasiado agudo puede enfriar las relaciones, y la fuerte energía del cambio puede alterar el ritmo y provocar variables inesperadas.",1
money_C_hwa_df_earth,intro,Es un día en el que tu intuición sobre la riqueza se nubla y cometes muchos errores en decisiones relacionadas con el dinero.,1
money_C_hwa_df_earth,effect,Las decisiones financieras impulsivas conducen a gastos lamentables.,1
money_C_hwa_df_earth,action,Asegúrese de reexaminar e implementar cualquier juicio sensato con respecto a la riqueza.,1
money_C_hwa_df_earth,state,"Es fácil que se produzcan malentendidos debido a la dificultad para expresarse, y la energía turbia puede ralentizarte y hacer que tus pensamientos sean pesados.",1
money_C_hwa_df_fire,intro,Es un día en el que tu intuición sobre la riqueza se nubla y cometes muchos errores en decisiones relacionadas con el dinero.,1
money_C_hwa_df_fire,effect,Las decisiones financieras impulsivas conducen a gastos lamentables.,1
money_C_hwa_df_fire,action,Asegúrese de reexaminar e implementar cualquier juicio sensato con respecto a la riqueza.,1
money_C_hwa_df_fire,state,Es fácil que se produzcan malentendidos porque las expresiones son difíciles de entender y la energía clara puede fluir hacia una atmósfera excitada y hacer que la precaución se nuble.,1
money_C_hwa_df_water,intro,Es un día en el que tu intuición sobre la riqueza se nubla y cometes muchos errores en decisiones relacionadas con el dinero.,1
money_C_hwa_df_water,effect,Las decisiones financieras impulsivas conducen a gastos lamentables.,1
money_C_hwa_df_water,action,Asegúrese de reexaminar e implementar cualquier juicio sensato con respecto a la riqueza.,1
money_C_hwa_df_water,state,"Es fácil que se produzcan malentendidos porque las expresiones son difíciles de entender y la energía de la lluvia y la nieve puede estimular emociones y sentimientos internos, que pueden tener un impacto mayor.",1
money_C_hwa_df_wood,intro,Es un día en el que tu intuición sobre la riqueza se nubla y cometes muchos errores en decisiones relacionadas con el dinero.,1
money_C_hwa_df_wood,effect,Las decisiones financieras impulsivas conducen a gastos lamentables.,1
money_C_hwa_df_wood,action,Asegúrese de reexaminar e implementar cualquier juicio sensato con respecto a la riqueza.,1
money_C_hwa_df_wood,state,"Es fácil que surjan malentendidos debido a expresiones difíciles, y la fuerte energía del cambio puede alterar el ritmo y conducir a variables inesperadas.",1
money_C_hwa_ex_earth,intro,Es un día en el que tu intuición sobre la riqueza se nubla y cometes muchos errores en decisiones relacionadas con el dinero.,1
money_C_hwa_ex_earth,effect,Las decisiones financieras impulsivas conducen a gastos lamentables.,1
money_C_hwa_ex_earth,action,Asegúrese de reexaminar e implementar cualquier juicio sensato con respecto a la riqueza.,1
money_C_hwa_ex_earth,state,Es fácil que las emociones choquen y la energía turbia puede ralentizarlo y hacer que sus pensamientos sean pesados.,1
money_C_hwa_ex_fire,intro,Es un día en el que tu intuición sobre la riqueza se nubla y cometes muchos errores en decisiones relacionadas con el dinero.,1
money_C_hwa_ex_fire,effect,Las decisiones financieras impulsivas conducen a gastos lamentables.,1
money_C_hwa_ex_fire,action,Asegúrese de reexaminar e implementar cualquier juicio sensato con respecto a la riqueza.,1
money_C_hwa_ex_fire,state,"Es fácil que las emociones choquen y la energía clara puede fluir hacia una atmósfera excitada, haciendo que la precaución se nuble.",1
money_C_hwa_ex_water,intro,Es un día en el que tu intuición sobre la riqueza se nubla y cometes muchos errores en decisiones relacionadas con el dinero.,1
money_C_hwa_ex_water,effect,Las decisiones financieras impulsivas conducen a gastos lamentables.,1
money_C_hwa_ex_water,action,Asegúrese de reexaminar e implementar cualquier juicio sensato con respecto a la riqueza.,1
money_C_hwa_ex_water,state,"Es fácil que las emociones entren en conflicto y la energía de la lluvia y la nieve puede estimular emociones y sentimientos internos, lo que puede aumentar el impacto.",1
money_C_hwa_ex_wood,intro,Es un día en el que tu intuición sobre la riqueza se nubla y cometes muchos errores en decisiones relacionadas con el dinero.,1
money_C_hwa_ex_wood,effect,Las decisiones financieras impulsivas conducen a gastos lamentables.,1
money_C_hwa_ex_wood,action,Asegúrese de reexaminar e implementar cualquier juicio sensato con respecto a la riqueza.,1
money_C_hwa_ex_wood,state,Es fácil que las emociones choquen y la fuerte energía del cambio puede alterar el ritmo y provocar variables inesperadas.,1
money_C_mok_df_earth,intro,Es un día en el que su expansión de riqueza puede verse bloqueada y sus intentos de obtener nuevos ingresos pueden verse frustrados.,1
money_C_mok_df_earth,effect,"A medida que los canales de riqueza se vuelven más estrechos, los ingresos pueden incluso disminuir.",1
money_C_mok_df_earth,action,Concéntrese en mantener sus ingresos existentes en lugar de asumir nuevos desafíos financieros.,1
money_C_mok_df_earth,state,"La vacilación a la hora de probar cosas nuevas puede ralentizar el progreso, y la energía turbia puede ralentizar el ritmo y hacer que los pensamientos sean pesados.",1
money_C_mok_df_fire,intro,Es un día en el que su expansión de riqueza puede verse bloqueada y sus intentos de obtener nuevos ingresos pueden verse frustrados.,1
money_C_mok_df_fire,effect,"A medida que los canales de riqueza se vuelven más estrechos, los ingresos pueden incluso disminuir.",1
money_C_mok_df_fire,action,Concéntrese en mantener sus ingresos existentes en lugar de asumir nuevos desafíos financieros.,1
money_C_mok_df_fire,state,"La vacilación a la hora de probar cosas nuevas puede ralentizar el progreso, y la energía clara puede generar una atmósfera de excitación, que puede nublar la precaución.",1
money_C_mok_df_water,intro,Es un día en el que su expansión de riqueza puede verse bloqueada y sus intentos de obtener nuevos ingresos pueden verse frustrados.,1
money_C_mok_df_water,effect,"A medida que los canales de riqueza se vuelven más estrechos, los ingresos pueden incluso disminuir.",1
money_C_mok_df_water,action,Concéntrese en mantener sus ingresos existentes en lugar de asumir nuevos desafíos financieros.,1
money_C_mok_df_water,state,"La vacilación a la hora de probar cosas nuevas puede ralentizar el progreso, y la energía de la lluvia y la nieve puede estimular tus emociones y tu yo interior, lo que puede aumentar el impacto.",1
money_C_mok_df_wood,intro,Es un día en el que su expansión de riqueza puede verse bloqueada y sus intentos de obtener nuevos ingresos pueden verse frustrados.,1
money_C_mok_df_wood,effect,"A medida que los canales de riqueza se vuelven más estrechos, los ingresos pueden incluso disminuir.",1
money_C_mok_df_wood,action,Concéntrese en mantener sus ingresos existentes en lugar de asumir nuevos desafíos financieros.,1
money_C_mok_df_wood,state,"La vacilación a la hora de probar cosas nuevas puede ralentizar el progreso, y la fuerte energía del cambio puede alterar el ritmo y generar variables inesperadas.",1
money_C_mok_ex_earth,intro,Es un día en el que su expansión de riqueza puede verse bloqueada y sus intentos de obtener nuevos ingresos pueden verse frustrados.,1
money_C_mok_ex_earth,effect,"A medida que los canales de riqueza se vuelven más estrechos, los ingresos pueden incluso disminuir.",1
money_C_mok_ex_earth,action,Concéntrese en mantener sus ingresos existentes en lugar de asumir nuevos desafíos financieros.,1
money_C_mok_ex_earth,state,La motivación excesiva puede hacer que te excedas y la energía turbia puede ralentizarte y hacer que tus pensamientos sean pesados.,1
money_C_mok_ex_fire,intro,Es un día en el que su expansión de riqueza puede verse bloqueada y sus intentos de obtener nuevos ingresos pueden verse frustrados.,1
money_C_mok_ex_fire,effect,"A medida que los canales de riqueza se vuelven más estrechos, los ingresos pueden incluso disminuir.",1
money_C_mok_ex_fire,action,Concéntrese en mantener sus ingresos existentes en lugar de asumir nuevos desafíos financieros.,1
money_C_mok_ex_fire,state,"Si está demasiado motivado, puede esforzarse por hacer cosas y su energía clara puede fluir hacia una atmósfera excitada, que puede nublar su prudencia.",1
money_C_mok_ex_water,intro,Es un día en el que su expansión de riqueza puede verse bloqueada y sus intentos de obtener nuevos ingresos pueden verse frustrados.,1
money_C_mok_ex_water,effect,"A medida que los canales de riqueza se vuelven más estrechos, los ingresos pueden incluso disminuir.",1
money_C_mok_ex_water,action,Concéntrese en mantener sus ingresos existentes en lugar de asumir nuevos desafíos financieros.,1
money_C_mok_ex_water,state,"Si tienes demasiada motivación, puedes exagerar y la energía de la lluvia y la nieve puede estimular tus emociones y tu yo interior, lo que puede aumentar el impacto.",1
money_C_mok_ex_wood,intro,Es un día en el que su expansión de riqueza puede verse bloqueada y sus intentos de obtener nuevos ingresos pueden verse frustrados.,1
money_C_mok_ex_wood,effect,"A medida que los canales de riqueza se vuelven más estrechos, los ingresos pueden incluso disminuir.",1
money_C_mok_ex_wood,action,Concéntrese en mantener sus ingresos existentes en lugar de asumir nuevos desafíos financieros.,1
money_C_mok_ex_wood,state,"La motivación excesiva puede llevar a exagerar las cosas, y la fuerte energía del cambio puede alterar el ritmo y generar variables inesperadas.",1
money_C_su_df_earth,intro,Es un día en el que el flujo de riqueza se invierte y no se reciben los ingresos esperados.,1
money_C_su_df_earth,effect,"Si el momento no es el adecuado, la pérdida de propiedad puede repetirse.",1
money_C_su_df_earth,action,Posponga las decisiones financieras y céntrese en una gestión estable del efectivo.,1
money_C_su_df_earth,state,"Es fácil perder la noción del flujo debido a la falta de flexibilidad, y la energía turbia puede ralentizarlo y hacer que sus pensamientos sean pesados.",1
money_C_su_df_fire,intro,Es un día en el que el flujo de riqueza se invierte y no se reciben los ingresos esperados.,1
money_C_su_df_fire,effect,"Si el momento no es el adecuado, la pérdida de propiedad puede repetirse.",1
money_C_su_df_fire,action,Posponga las decisiones financieras y céntrese en una gestión estable del efectivo.,1
money_C_su_df_fire,state,"Debido a la falta de flexibilidad, es fácil perder el hilo y la energía clara puede fluir hacia una atmósfera excitada, lo que puede nublar su prudencia.",1
money_C_su_df_water,intro,Es un día en el que el flujo de riqueza se invierte y no se reciben los ingresos esperados.,1
money_C_su_df_water,effect,"Si el momento no es el adecuado, la pérdida de propiedad puede repetirse.",1
money_C_su_df_water,action,Posponga las decisiones financieras y céntrese en una gestión estable del efectivo.,1
money_C_su_df_water,state,"Debido a la falta de flexibilidad, es fácil perder la noción del flujo, y la energía de la lluvia y la nieve puede estimular las emociones y el yo interior, lo que puede aumentar el impacto.",1
money_C_su_df_wood,intro,Es un día en el que el flujo de riqueza se invierte y no se reciben los ingresos esperados.,1
money_C_su_df_wood,effect,"Si el momento no es el adecuado, la pérdida de propiedad puede repetirse.",1
money_C_su_df_wood,action,Posponga las decisiones financieras y céntrese en una gestión estable del efectivo.,1
money_C_su_df_wood,state,"Debido a la falta de flexibilidad, es fácil perder el rumbo y la fuerte energía del cambio puede alterar el ritmo y dar lugar a variables inesperadas.",1
money_C_su_ex_earth,intro,Es un día en el que el flujo de riqueza se invierte y no se reciben los ingresos esperados.,1
money_C_su_ex_earth,effect,"Si el momento no es el adecuado, la pérdida de propiedad puede repetirse.",1
money_C_su_ex_earth,action,Posponga las decisiones financieras y céntrese en una gestión estable del efectivo.,1
money_C_su_ex_earth,state,"Es fácil que tu juicio se vea empañado por emociones desbordantes, y la energía turbia puede ralentizarte y hacer que tus pensamientos sean pesados.",1
money_C_su_ex_fire,intro,Es un día en el que el flujo de riqueza se invierte y no se reciben los ingresos esperados.,1
money_C_su_ex_fire,effect,"Si el momento no es el adecuado, la pérdida de propiedad puede repetirse.",1
money_C_su_ex_fire,action,Posponga las decisiones financieras y céntrese en una gestión estable del efectivo.,1
money_C_su_ex_fire,state,"El juicio puede verse fácilmente nublado por emociones desbordantes, y la energía clara puede fluir hacia una atmósfera excitada, que puede nublar la prudencia.",1
money_C_su_ex_water,intro,Es un día en el que el flujo de riqueza se invierte y no se reciben los ingresos esperados.,1
money_C_su_ex_water,effect,"Si el momento no es el adecuado, la pérdida de propiedad puede repetirse.",1
money_C_su_ex_water,action,Posponga las decisiones financieras y céntrese en una gestión estable del efectivo.,1
money_C_su_ex_water,state,"Es fácil que su juicio se nuble debido a emociones desbordantes, y la energía de la lluvia y la nieve puede estimular sus emociones y su ser interior, lo que puede aumentar el impacto.",1
money_C_su_ex_wood,intro,Es un día en el que el flujo de riqueza se invierte y no se reciben los ingresos esperados.,1
money_C_su_ex_wood,effect,"Si el momento no es el adecuado, la pérdida de propiedad puede repetirse.",1
money_C_su_ex_wood,action,Posponga las decisiones financieras y céntrese en una gestión estable del efectivo.,1
money_C_su_ex_wood,state,"El juicio puede verse fácilmente empañado por las emociones, y la fuerte energía del cambio puede alterar el ritmo y conducir a variables inesperadas.",1
money_C_to_df_earth,intro,Es un día en el que los cimientos de la riqueza se tambalean y los gastos y pérdidas superan los ingresos.,1
money_C_to_df_earth,effect,Una situación financiera inestable puede provocar pérdidas en cadena.,1
money_C_to_df_earth,action,Reduzca sus gastos ahora mismo y concéntrese en proteger su base financiera.,1
money_C_to_df_earth,state,"Debido a que su centro está sacudido, es fácil dejarse llevar por el entorno, y la energía turbia puede ralentizarlo y hacer que sus pensamientos se vuelvan pesados.",1
money_C_to_df_fire,intro,Es un día en el que los cimientos de la riqueza se tambalean y los gastos y pérdidas superan los ingresos.,1
money_C_to_df_fire,effect,Una situación financiera inestable puede provocar pérdidas en cadena.,1
money_C_to_df_fire,action,Reduzca sus gastos ahora mismo y concéntrese en proteger su base financiera.,1
money_C_to_df_fire,state,"Debido a que su centro está sacudido, es fácil dejarse llevar por quienes lo rodean, y su energía clara puede fluir hacia una atmósfera excitada, que puede nublar su prudencia.",1
money_C_to_df_water,intro,Es un día en el que los cimientos de la riqueza se tambalean y los gastos y pérdidas superan los ingresos.,1
money_C_to_df_water,effect,Una situación financiera inestable puede provocar pérdidas en cadena.,1
money_C_to_df_water,action,Reduzca sus gastos ahora mismo y concéntrese en proteger su base financiera.,1
money_C_to_df_water,state,"Debido a que su centro está sacudido, es fácil dejarse llevar por el entorno, y la energía de la lluvia y la nieve puede estimular sus emociones y su ser interior, lo que puede aumentar el impacto.",1
money_C_to_df_wood,intro,Es un día en el que los cimientos de la riqueza se tambalean y los gastos y pérdidas superan los ingresos.,1
money_C_to_df_wood,effect,Una situación financiera inestable puede provocar pérdidas en cadena.,1
money_C_to_df_wood,action,Reduzca sus gastos ahora mismo y concéntrese en proteger su base financiera.,1
money_C_to_df_wood,state,"Debido a que el centro se sacude, es fácil dejarse llevar por el entorno y la fuerte energía del cambio puede sacudir el ritmo y conducir a variables inesperadas.",1
money_C_to_ex_earth,intro,Es un día en el que los cimientos de la riqueza se tambalean y los gastos y pérdidas superan los ingresos.,1
money_C_to_ex_earth,effect,Una situación financiera inestable puede provocar pérdidas en cadena.,1
money_C_to_ex_earth,action,Reduzca sus gastos ahora mismo y concéntrese en proteger su base financiera.,1
money_C_to_ex_earth,state,Una mente que se niega a cambiar puede bloquear oportunidades y la energía turbia puede ralentizar tu ritmo y hacer que tus pensamientos sean pesados.,1
money_C_to_ex_fire,intro,Es un día en el que los cimientos de la riqueza se tambalean y los gastos y pérdidas superan los ingresos.,1
money_C_to_ex_fire,effect,Una situación financiera inestable puede provocar pérdidas en cadena.,1
money_C_to_ex_fire,action,Reduzca sus gastos ahora mismo y concéntrese en proteger su base financiera.,1
money_C_to_ex_fire,state,"Una mente que se niega a cambiar puede bloquear las oportunidades y la energía clara puede fluir hacia una atmósfera excitada, nublando la precaución.",1
money_C_to_ex_water,intro,Es un día en el que los cimientos de la riqueza se tambalean y los gastos y pérdidas superan los ingresos.,1
money_C_to_ex_water,effect,Una situación financiera inestable puede provocar pérdidas en cadena.,1
money_C_to_ex_water,action,Reduzca sus gastos ahora mismo y concéntrese en proteger su base financiera.,1
money_C_to_ex_water,state,"Una mente que se niega a cambiar puede bloquear oportunidades, y la energía de la lluvia y la nieve puede estimular emociones y sentimientos internos, lo que puede aumentar el impacto.",1
money_C_to_ex_wood,intro,Es un día en el que los cimientos de la riqueza se tambalean y los gastos y pérdidas superan los ingresos.,1
money_C_to_ex_wood,effect,Una situación financiera inestable puede provocar pérdidas en cadena.,1
money_C_to_ex_wood,action,Reduzca sus gastos ahora mismo y concéntrese en proteger su base financiera.,1
money_C_to_ex_wood,state,"Negarse al cambio puede bloquear oportunidades, y la fuerte energía del cambio puede alterar el ritmo y generar variables inesperadas.",1
money_C1,intro,"La energía de la riqueza es bastante débil hoy en día, por lo que debes tener especial cuidado al administrar tus gastos.",1
money_C1,intro,"Hoy en día, el flujo de dinero está bloqueado, por lo que prevenir pérdidas tiene prioridad sobre las ganancias.",1
money_C1,effect,"Es un día en el que es fácil cometer errores financieros o gastos inesperados, por lo que lo mejor es evitar grandes decisiones.",1
money_C1,effect,Es un día en el que necesitas controlar y administrar tus finanzas porque los gastos pueden superar las ganancias.,1
money_C1,action,Es seguro posponer todos los pagos o decisiones relacionadas con contratos hasta mañana.,1
money_C1,action,Consulta tu flujo de caja y reduce al máximo los gastos no urgentes.,1
money_C1_geum_df_earth,intro,Es un día en el que su fortuna financiera se reduce considerablemente y el riesgo de pérdida financiera es alto.,1
money_C1_geum_df_earth,effect,"A medida que disminuye su capacidad para juzgar la riqueza, es posible que experimente pérdidas repetidas.",1
money_C1_geum_df_earth,action,Deje de intentar cosas nuevas por completo y concéntrese en evitar pérdidas.,1
money_C1_geum_df_earth,state,"Debido a la falta de determinación, es fácil que se acumulen opciones indecisas, y la energía turbia puede reducir la motivación y nublar el juicio.",1
money_C1_geum_df_fire,intro,Es un día en el que su fortuna financiera se reduce considerablemente y el riesgo de pérdida financiera es alto.,1
money_C1_geum_df_fire,effect,"A medida que disminuye su capacidad para juzgar la riqueza, es posible que experimente pérdidas repetidas.",1
money_C1_geum_df_fire,action,Deje de intentar cosas nuevas por completo y concéntrese en evitar pérdidas.,1
money_C1_geum_df_fire,state,"Debido a la falta de determinación, es fácil tomar decisiones indecisas, y el Yang emocionado puede disipar la calma y provocar errores menores.",1
money_C1_geum_df_water,intro,Es un día en el que su fortuna financiera se reduce considerablemente y el riesgo de pérdida financiera es alto.,1
money_C1_geum_df_water,effect,"A medida que disminuye su capacidad para juzgar la riqueza, es posible que experimente pérdidas repetidas.",1
money_C1_geum_df_water,action,Deje de intentar cosas nuevas por completo y concéntrese en evitar pérdidas.,1
money_C1_geum_df_water,state,"Debido a la falta de determinación, es fácil que se acumulen decisiones indecisas, y es posible que la energía de la lluvia y la nieve no calme sus emociones, lo que hace que su corazón se sienta pesado.",1
money_C1_geum_df_wood,intro,Es un día en el que su fortuna financiera se reduce considerablemente y el riesgo de pérdida financiera es alto.,1
money_C1_geum_df_wood,effect,"A medida que disminuye su capacidad para juzgar la riqueza, es posible que experimente pérdidas repetidas.",1
money_C1_geum_df_wood,action,Deje de intentar cosas nuevas por completo y concéntrese en evitar pérdidas.,1
money_C1_geum_df_wood,state,"Debido a la falta de determinación, es fácil que se acumulen opciones indecisas y la energía del cambio puede seguir interfiriendo y alterando los planes.",1
money_C1_geum_ex_earth,intro,Es un día en el que su fortuna financiera se reduce considerablemente y el riesgo de pérdida financiera es alto.,1
money_C1_geum_ex_earth,effect,"A medida que disminuye su capacidad para juzgar la riqueza, es posible que experimente pérdidas repetidas.",1
money_C1_geum_ex_earth,action,Deje de intentar cosas nuevas por completo y concéntrese en evitar pérdidas.,1
money_C1_geum_ex_earth,state,"La agudeza puede ir demasiado lejos y suponer una carga para quienes le rodean, y la energía turbia puede reducir la motivación y nublar su juicio.",1
money_C1_geum_ex_fire,intro,Es un día en el que su fortuna financiera se reduce considerablemente y el riesgo de pérdida financiera es alto.,1
money_C1_geum_ex_fire,effect,"A medida que disminuye su capacidad para juzgar la riqueza, es posible que experimente pérdidas repetidas.",1
money_C1_geum_ex_fire,action,Deje de intentar cosas nuevas por completo y concéntrese en evitar pérdidas.,1
money_C1_geum_ex_fire,state,"Su agudeza puede ir demasiado lejos y suponer una carga para quienes le rodean, y su energía excitada puede disipar su calma y provocar errores menores.",1
money_C1_geum_ex_water,intro,Es un día en el que su fortuna financiera se reduce considerablemente y el riesgo de pérdida financiera es alto.,1
money_C1_geum_ex_water,effect,"A medida que disminuye su capacidad para juzgar la riqueza, es posible que experimente pérdidas repetidas.",1
money_C1_geum_ex_water,action,Deje de intentar cosas nuevas por completo y concéntrese en evitar pérdidas.,1
money_C1_geum_ex_water,state,"Tu agudeza puede ir demasiado lejos y suponer una carga para quienes te rodean, y la energía de la lluvia y la nieve no puede calmar tus emociones, haciendo que tu corazón se sienta pesado.",1
money_C1_geum_ex_wood,intro,Es un día en el que su fortuna financiera se reduce considerablemente y el riesgo de pérdida financiera es alto.,1
money_C1_geum_ex_wood,effect,"A medida que disminuye su capacidad para juzgar la riqueza, es posible que experimente pérdidas repetidas.",1
money_C1_geum_ex_wood,action,Deje de intentar cosas nuevas por completo y concéntrese en evitar pérdidas.,1
money_C1_geum_ex_wood,state,"Tu agudeza puede ir demasiado lejos y suponer una carga para quienes te rodean, y la energía del cambio puede seguir interfiriendo con tus planes.",1
money_C1_hwa_df_earth,intro,Este es un día en el que su sensación de riqueza casi ha desaparecido y el riesgo de gastar impulsivamente es extremadamente alto.,1
money_C1_hwa_df_earth,effect,Una falsa sensación de riqueza puede provocar grandes pérdidas.,1
money_C1_hwa_df_earth,action,Posponga estrictamente la toma de decisiones relativas a sus finanzas hoy.,1
money_C1_hwa_df_earth,state,"Es fácil que sus sentimientos no se transmitan adecuadamente debido al bloqueo de la expresión, y la energía turbia puede reducir la motivación y nublar su juicio.",1
money_C1_hwa_df_fire,intro,Este es un día en el que su sensación de riqueza casi ha desaparecido y el riesgo de gastar impulsivamente es extremadamente alto.,1
money_C1_hwa_df_fire,effect,Una falsa sensación de riqueza puede provocar grandes pérdidas.,1
money_C1_hwa_df_fire,action,Posponga estrictamente la toma de decisiones relativas a sus finanzas hoy.,1
money_C1_hwa_df_fire,state,"Es fácil que sus sentimientos no se transmitan adecuadamente debido al bloqueo de la expresión, y la energía excitada puede dispersar su calma y provocar errores menores.",1
money_C1_hwa_df_water,intro,Este es un día en el que su sensación de riqueza casi ha desaparecido y el riesgo de gastar impulsivamente es extremadamente alto.,1
money_C1_hwa_df_water,effect,Una falsa sensación de riqueza puede provocar grandes pérdidas.,1
money_C1_hwa_df_water,action,Posponga estrictamente la toma de decisiones relativas a sus finanzas hoy.,1
money_C1_hwa_df_water,state,"Debido a que las expresiones están bloqueadas, es fácil que sus sentimientos no se transmitan adecuadamente y la energía de la lluvia y la nieve no puede calmar sus emociones, lo que puede hacer que su corazón se sienta pesado.",1
money_C1_hwa_df_wood,intro,Este es un día en el que su sensación de riqueza casi ha desaparecido y el riesgo de gastar impulsivamente es extremadamente alto.,1
money_C1_hwa_df_wood,effect,Una falsa sensación de riqueza puede provocar grandes pérdidas.,1
money_C1_hwa_df_wood,action,Posponga estrictamente la toma de decisiones relativas a sus finanzas hoy.,1
money_C1_hwa_df_wood,state,"Es fácil que tus sentimientos no se transmitan adecuadamente debido al bloqueo de expresión, y la energía del cambio puede seguir interfiriendo y alterando tus planes.",1
money_C1_hwa_ex_earth,intro,Este es un día en el que su sensación de riqueza casi ha desaparecido y el riesgo de gastar impulsivamente es extremadamente alto.,1
money_C1_hwa_ex_earth,effect,Una falsa sensación de riqueza puede provocar grandes pérdidas.,1
money_C1_hwa_ex_earth,action,Posponga estrictamente la toma de decisiones relativas a sus finanzas hoy.,1
money_C1_hwa_ex_earth,state,"Es fácil que las emociones causen fricción incluso por cosas pequeñas, y la energía turbia puede reducir la motivación y nublar el juicio.",1
money_C1_hwa_ex_fire,intro,Este es un día en el que su sensación de riqueza casi ha desaparecido y el riesgo de gastar impulsivamente es extremadamente alto.,1
money_C1_hwa_ex_fire,effect,Una falsa sensación de riqueza puede provocar grandes pérdidas.,1
money_C1_hwa_ex_fire,action,Posponga estrictamente la toma de decisiones relativas a sus finanzas hoy.,1
money_C1_hwa_ex_fire,state,"Es fácil que las emociones causen fricción incluso por cosas pequeñas, y la energía excitada puede alterar la calma y provocar errores menores.",1
money_C1_hwa_ex_water,intro,Este es un día en el que su sensación de riqueza casi ha desaparecido y el riesgo de gastar impulsivamente es extremadamente alto.,1
money_C1_hwa_ex_water,effect,Una falsa sensación de riqueza puede provocar grandes pérdidas.,1
money_C1_hwa_ex_water,action,Posponga estrictamente la toma de decisiones relativas a sus finanzas hoy.,1
money_C1_hwa_ex_water,state,"Es fácil que surjan emociones incluso por cosas pequeñas, y la energía de la lluvia y la nieve no puede calmar tus emociones, lo que hace que tu corazón se sienta pesado.",1
money_C1_hwa_ex_wood,intro,Este es un día en el que su sensación de riqueza casi ha desaparecido y el riesgo de gastar impulsivamente es extremadamente alto.,1
money_C1_hwa_ex_wood,effect,Una falsa sensación de riqueza puede provocar grandes pérdidas.,1
money_C1_hwa_ex_wood,action,Posponga estrictamente la toma de decisiones relativas a sus finanzas hoy.,1
money_C1_hwa_ex_wood,state,"Si está impulsado emocionalmente, es fácil que surjan fricciones incluso por cosas pequeñas, y la energía del cambio puede seguir interfiriendo e interrumpiendo sus planes.",1
money_C1_mok_df_earth,intro,Es el día en que el crecimiento de la riqueza se detiene por completo y las fuentes de ingresos quedan bloqueadas.,1
money_C1_mok_df_earth,effect,"Los canales de ingresos pueden bloquearse, lo que provoca una fuerte caída de los ingresos.",1
money_C1_mok_df_earth,action,Limite sus gastos tanto como sea posible y proteja su patrimonio existente.,1
money_C1_mok_df_earth,state,"Si dudas durante mucho tiempo, es fácil que una oportunidad se te escape de las manos y la energía turbia puede reducir la motivación y nublar tu juicio.",1
money_C1_mok_df_fire,intro,Es el día en que el crecimiento de la riqueza se detiene por completo y las fuentes de ingresos quedan bloqueadas.,1
money_C1_mok_df_fire,effect,"Los canales de ingresos pueden bloquearse, lo que provoca una fuerte caída de los ingresos.",1
money_C1_mok_df_fire,action,Limite sus gastos tanto como sea posible y proteja su patrimonio existente.,1
money_C1_mok_df_fire,state,"Si dudas durante mucho tiempo, es fácil que se te escape una oportunidad y la energía excitada puede disipar tu calma y llevarte a errores menores.",1
money_C1_mok_df_water,intro,Es el día en que el crecimiento de la riqueza se detiene por completo y las fuentes de ingresos quedan bloqueadas.,1
money_C1_mok_df_water,effect,"Los canales de ingresos pueden bloquearse, lo que provoca una fuerte caída de los ingresos.",1
money_C1_mok_df_water,action,Limite sus gastos tanto como sea posible y proteja su patrimonio existente.,1
money_C1_mok_df_water,state,"Si dudas durante mucho tiempo, es fácil que una oportunidad se te escape de las manos y la energía de la lluvia y la nieve no pueda calmar tus emociones, haciendo que tu corazón se sienta pesado.",1
money_C1_mok_df_wood,intro,Es el día en que el crecimiento de la riqueza se detiene por completo y las fuentes de ingresos quedan bloqueadas.,1
money_C1_mok_df_wood,effect,"Los canales de ingresos pueden bloquearse, lo que provoca una fuerte caída de los ingresos.",1
money_C1_mok_df_wood,action,Limite sus gastos tanto como sea posible y proteja su patrimonio existente.,1
money_C1_mok_df_wood,state,"Si dudas durante mucho tiempo, es fácil que una oportunidad se te escape de las manos y la energía del cambio puede seguir interfiriendo y alterando tus planes.",1
money_C1_mok_ex_earth,intro,Es el día en que el crecimiento de la riqueza se detiene por completo y las fuentes de ingresos quedan bloqueadas.,1
money_C1_mok_ex_earth,effect,"Los canales de ingresos pueden bloquearse, lo que provoca una fuerte caída de los ingresos.",1
money_C1_mok_ex_earth,action,Limite sus gastos tanto como sea posible y proteja su patrimonio existente.,1
money_C1_mok_ex_earth,state,"Es fácil que la codicia conduzca a cosas que no se pueden captar, y la energía turbia puede reducir la motivación y nublar el juicio.",1
money_C1_mok_ex_fire,intro,Es el día en que el crecimiento de la riqueza se detiene por completo y las fuentes de ingresos quedan bloqueadas.,1
money_C1_mok_ex_fire,effect,"Los canales de ingresos pueden bloquearse, lo que provoca una fuerte caída de los ingresos.",1
money_C1_mok_ex_fire,action,Limite sus gastos tanto como sea posible y proteja su patrimonio existente.,1
money_C1_mok_ex_fire,state,"Es fácil volverse codicioso y hacer cosas que no puedes controlar, y la energía excitada puede perturbar tu calma y provocar errores menores.",1
money_C1_mok_ex_water,intro,Es el día en que el crecimiento de la riqueza se detiene por completo y las fuentes de ingresos quedan bloqueadas.,1
money_C1_mok_ex_water,effect,"Los canales de ingresos pueden bloquearse, lo que provoca una fuerte caída de los ingresos.",1
money_C1_mok_ex_water,action,Limite sus gastos tanto como sea posible y proteja su patrimonio existente.,1
money_C1_mok_ex_water,state,"Es fácil volverse codicioso y hacer cosas que no puedes controlar, y la energía de la lluvia y la nieve no puede calmar tus emociones, lo que hace que tu corazón se sienta pesado.",1
money_C1_mok_ex_wood,intro,Es el día en que el crecimiento de la riqueza se detiene por completo y las fuentes de ingresos quedan bloqueadas.,1
money_C1_mok_ex_wood,effect,"Los canales de ingresos pueden bloquearse, lo que provoca una fuerte caída de los ingresos.",1
money_C1_mok_ex_wood,action,Limite sus gastos tanto como sea posible y proteja su patrimonio existente.,1
money_C1_mok_ex_wood,state,"Es fácil volverse codicioso y terminar haciendo cosas que no puedes controlar, y la energía del cambio puede seguir interfiriendo e interrumpiendo tus planes.",1
money_C1_su_df_earth,intro,Es un día en el que el flujo de riqueza se invierte por completo y las pérdidas continúan.,1
money_C1_su_df_earth,effect,Una decisión financiera inoportuna acelera la pérdida.,1
money_C1_su_df_earth,action,Deje para mañana todas las decisiones financieras de hoy.,1
money_C1_su_df_earth,state,"Es fácil volverse terco y perder la noción de las cosas repetidamente, y la energía turbia puede reducir la motivación y nublar el juicio.",1
money_C1_su_df_fire,intro,Es un día en el que el flujo de riqueza se invierte por completo y las pérdidas continúan.,1
money_C1_su_df_fire,effect,Una decisión financiera inoportuna acelera la pérdida.,1
money_C1_su_df_fire,action,Deje para mañana todas las decisiones financieras de hoy.,1
money_C1_su_df_fire,state,"Es fácil volverse terco y perder la noción de la corriente, y la energía excitada puede perturbar su calma y provocar errores menores.",1
money_C1_su_df_water,intro,Es un día en el que el flujo de riqueza se invierte por completo y las pérdidas continúan.,1
money_C1_su_df_water,effect,Una decisión financiera inoportuna acelera la pérdida.,1
money_C1_su_df_water,action,Deje para mañana todas las decisiones financieras de hoy.,1
money_C1_su_df_water,state,"Es fácil volverse terco y perder la noción de la corriente, y la energía de la lluvia y la nieve no puede calmar tus emociones, lo que hace que tu corazón se sienta pesado.",1
money_C1_su_df_wood,intro,Es un día en el que el flujo de riqueza se invierte por completo y las pérdidas continúan.,1
money_C1_su_df_wood,effect,Una decisión financiera inoportuna acelera la pérdida.,1
money_C1_su_df_wood,action,Deje para mañana todas las decisiones financieras de hoy.,1
money_C1_su_df_wood,state,"Es fácil volverse terco y perder la noción de las cosas repetidamente, y la energía del cambio puede seguir interfiriendo y alterando sus planes.",1
money_C1_su_ex_earth,intro,Es un día en el que el flujo de riqueza se invierte por completo y las pérdidas continúan.,1
money_C1_su_ex_earth,effect,Una decisión financiera inoportuna acelera la pérdida.,1
money_C1_su_ex_earth,action,Deje para mañana todas las decisiones financieras de hoy.,1
money_C1_su_ex_earth,state,"Las emociones se vuelven más profundas, por lo que es fácil verse sacudido incluso por estímulos pequeños, y la energía turbia puede reducir la motivación y nublar el juicio.",1
money_C1_su_ex_fire,intro,Es un día en el que el flujo de riqueza se invierte por completo y las pérdidas continúan.,1
money_C1_su_ex_fire,effect,Una decisión financiera inoportuna acelera la pérdida.,1
money_C1_su_ex_fire,action,Deje para mañana todas las decisiones financieras de hoy.,1
money_C1_su_ex_fire,state,"Las emociones se vuelven profundas, por lo que es fácil verse sacudido incluso por el más mínimo estímulo, y la energía excitada puede alterar la calma y provocar errores menores.",1
money_C1_su_ex_water,intro,Es un día en el que el flujo de riqueza se invierte por completo y las pérdidas continúan.,1
money_C1_su_ex_water,effect,Una decisión financiera inoportuna acelera la pérdida.,1
money_C1_su_ex_water,action,Deje para mañana todas las decisiones financieras de hoy.,1
money_C1_su_ex_water,state,"A medida que las emociones se vuelven más profundas, es fácil verse sacudido incluso por el más mínimo estímulo, y es posible que la energía de la lluvia y la nieve no calme las emociones, lo que hace que el corazón se sienta pesado.",1
money_C1_su_ex_wood,intro,Es un día en el que el flujo de riqueza se invierte por completo y las pérdidas continúan.,1
money_C1_su_ex_wood,effect,Una decisión financiera inoportuna acelera la pérdida.,1
money_C1_su_ex_wood,action,Deje para mañana todas las decisiones financieras de hoy.,1
money_C1_su_ex_wood,state,"A medida que sus emociones se profundizan, es fácil verse sacudido incluso por el más mínimo estímulo, y la energía del cambio puede seguir interfiriendo e interrumpiendo sus planes.",1
money_C1_to_df_earth,intro,Este es un día en el que su base financiera está seriamente debilitada y cualquier gasto es riesgoso.,1
money_C1_to_df_earth,effect,Una base financiera inestable puede provocar pérdidas continuas.,1
money_C1_to_df_earth,action,Simplemente gaste lo mínimo necesario y deje todo lo demás en espera.,1
money_C1_to_df_earth,state,"Debido a que no estás centrado, es fácil que tus decisiones cambien y la energía turbia puede reducir la motivación y nublar tu juicio.",1
money_C1_to_df_fire,intro,Este es un día en el que su base financiera está seriamente debilitada y cualquier gasto es riesgoso.,1
money_C1_to_df_fire,effect,Una base financiera inestable puede provocar pérdidas continuas.,1
money_C1_to_df_fire,action,Simplemente gaste lo mínimo necesario y deje todo lo demás en espera.,1
money_C1_to_df_fire,state,"Debido a que no estás centrado, es fácil que tus decisiones cambien y tu energía excitada puede disipar tu calma y llevarte a errores menores.",1
money_C1_to_df_water,intro,Este es un día en el que su base financiera está seriamente debilitada y cualquier gasto es riesgoso.,1
money_C1_to_df_water,effect,Una base financiera inestable puede provocar pérdidas continuas.,1
money_C1_to_df_water,action,Simplemente gaste lo mínimo necesario y deje todo lo demás en espera.,1
money_C1_to_df_water,state,"Debido a que no estás centrado, es fácil que tus decisiones cambien y la energía de la lluvia y la nieve no puede calmar tus emociones, lo que hace que tu corazón se sienta pesado.",1
money_C1_to_df_wood,intro,Este es un día en el que su base financiera está seriamente debilitada y cualquier gasto es riesgoso.,1
money_C1_to_df_wood,effect,Una base financiera inestable puede provocar pérdidas continuas.,1
money_C1_to_df_wood,action,Simplemente gaste lo mínimo necesario y deje todo lo demás en espera.,1
money_C1_to_df_wood,state,"Como no estás centrado, es fácil que tus decisiones cambien y la energía del cambio puede seguir interfiriendo con tus planes.",1
money_C1_to_ex_earth,intro,Este es un día en el que su base financiera está seriamente debilitada y cualquier gasto es riesgoso.,1
money_C1_to_ex_earth,effect,Una base financiera inestable puede provocar pérdidas continuas.,1
money_C1_to_ex_earth,action,Simplemente gaste lo mínimo necesario y deje todo lo demás en espera.,1
money_C1_to_ex_earth,state,"Es fácil ignorar los cambios que requieren una obstinada orientación hacia la estabilidad, y la energía turbia puede reducir la motivación y nublar el juicio.",1
money_C1_to_ex_fire,intro,Este es un día en el que su base financiera está seriamente debilitada y cualquier gasto es riesgoso.,1
money_C1_to_ex_fire,effect,Una base financiera inestable puede provocar pérdidas continuas.,1
money_C1_to_ex_fire,action,Simplemente gaste lo mínimo necesario y deje todo lo demás en espera.,1
money_C1_to_ex_fire,state,"Es fácil ignorar los cambios que requieren una estabilidad tenaz, y la energía excitada puede perturbar la calma y provocar errores menores.",1
money_C1_to_ex_water,intro,Este es un día en el que su base financiera está seriamente debilitada y cualquier gasto es riesgoso.,1
money_C1_to_ex_water,effect,Una base financiera inestable puede provocar pérdidas continuas.,1
money_C1_to_ex_water,action,Simplemente gaste lo mínimo necesario y deje todo lo demás en espera.,1
money_C1_to_ex_water,state,"Es fácil ignorar los cambios que requieren una estabilidad obstinada, y es posible que la energía de la lluvia y la nieve no calme sus emociones, lo que hace que su corazón se sienta pesado.",1
money_C1_to_ex_wood,intro,Este es un día en el que su base financiera está seriamente debilitada y cualquier gasto es riesgoso.,1
money_C1_to_ex_wood,effect,Una base financiera inestable puede provocar pérdidas continuas.,1
money_C1_to_ex_wood,action,Simplemente gaste lo mínimo necesario y deje todo lo demás en espera.,1
money_C1_to_ex_wood,state,"Es fácil ignorar los cambios que requieren una obstinada orientación hacia la estabilidad, y la energía del cambio puede seguir interfiriendo y alterando sus planes.",1
money_D,intro,"La energía de la riqueza hoy está completamente cerrada, por lo que cualquier acción financiera debe reducirse al mínimo.",1
money_D,intro,"Hoy es un momento en el que el flujo de dinero se invierte, por lo que evitar el gasto en la medida de lo posible es la máxima prioridad.",1
money_D,effect,Debe permanecer alerta ya que pueden ocurrir grandes gastos inesperados o pérdidas financieras.,1
money_D,effect,"Este es un día en el que la posibilidad de cometer errores es alta en todas las actividades financieras, por lo que es seguro posponer las transacciones o pagos tanto como sea posible.",1
money_D,action,Lo mejor es cerrar completamente su billetera hoy y posponer todas las decisiones financieras hasta mañana.,1
money_D,action,Nunca gastes dinero sin planificar y simplemente revisa el saldo de tu cuenta bancaria.,1
money_D_geum_df_earth,intro,Este es un día en el que su fortuna financiera está en su punto más bajo y todas las decisiones financieras son arriesgadas.,1
money_D_geum_df_earth,effect,Su juicio sobre la riqueza se vuelve extremadamente nublado y cualquier elección que haga le conducirá a una pérdida.,1
money_D_geum_df_earth,action,"Hoy, deja de hacer por completo cualquier cosa relacionada con el dinero.",1
money_D_geum_df_earth,state,"Tu determinación puede verse muy rota, y cualquier elección que hagas puede resultar en arrepentimiento, y la energía espesa y turbia puede ralentizar todo en gran medida.",1
money_D_geum_df_fire,intro,Este es un día en el que su fortuna financiera está en su punto más bajo y todas las decisiones financieras son arriesgadas.,1
money_D_geum_df_fire,effect,Su juicio sobre la riqueza se vuelve extremadamente nublado y cualquier elección que haga le conducirá a una pérdida.,1
money_D_geum_df_fire,action,"Hoy, deja de hacer por completo cualquier cosa relacionada con el dinero.",1
money_D_geum_df_fire,state,"La capacidad de decisión puede verse muy debilitada y cualquier elección puede conducir al arrepentimiento, y un yang fuerte puede fomentar impulsos y conducir a acciones imprudentes.",1
money_D_geum_df_water,intro,Este es un día en el que su fortuna financiera está en su punto más bajo y todas las decisiones financieras son arriesgadas.,1
money_D_geum_df_water,effect,Su juicio sobre la riqueza se vuelve extremadamente nublado y cualquier elección que haga le conducirá a una pérdida.,1
money_D_geum_df_water,action,"Hoy, deja de hacer por completo cualquier cosa relacionada con el dinero.",1
money_D_geum_df_water,state,"Su determinación puede verse alterada en gran medida, y cualquier elección que haga puede resultar en arrepentimiento, y la fuerza de las fuertes lluvias y nieves puede sacudir sus emociones violentamente, haciendo difícil controlarlas.",1
money_D_geum_df_wood,intro,Este es un día en el que su fortuna financiera está en su punto más bajo y todas las decisiones financieras son arriesgadas.,1
money_D_geum_df_wood,effect,Su juicio sobre la riqueza se vuelve extremadamente nublado y cualquier elección que haga le conducirá a una pérdida.,1
money_D_geum_df_wood,action,"Hoy, deja de hacer por completo cualquier cosa relacionada con el dinero.",1
money_D_geum_df_wood,state,"Su determinación puede verse muy quebrantada, cualquier elección que haga puede terminar en arrepentimiento y la feroz energía del cambio puede hacer que todas sus predicciones se extravíen.",1
money_D_geum_ex_earth,intro,Este es un día en el que su fortuna financiera está en su punto más bajo y todas las decisiones financieras son arriesgadas.,1
money_D_geum_ex_earth,effect,Su juicio sobre la riqueza se vuelve extremadamente nublado y cualquier elección que haga le conducirá a una pérdida.,1
money_D_geum_ex_earth,action,"Hoy, deja de hacer por completo cualquier cosa relacionada con el dinero.",1
money_D_geum_ex_earth,state,"Si la nitidez va demasiado lejos, puede crear una profunda grieta con el entorno, y la espesa energía turbia puede ralentizar todo enormemente.",1
money_D_geum_ex_fire,intro,Este es un día en el que su fortuna financiera está en su punto más bajo y todas las decisiones financieras son arriesgadas.,1
money_D_geum_ex_fire,effect,Su juicio sobre la riqueza se vuelve extremadamente nublado y cualquier elección que haga le conducirá a una pérdida.,1
money_D_geum_ex_fire,action,"Hoy, deja de hacer por completo cualquier cosa relacionada con el dinero.",1
money_D_geum_ex_fire,state,"La agudeza puede ir demasiado lejos y crear profundas divisiones con quienes te rodean, y un yang fuerte puede fomentar impulsos y conducir a acciones imprudentes.",1
money_D_geum_ex_water,intro,Este es un día en el que su fortuna financiera está en su punto más bajo y todas las decisiones financieras son arriesgadas.,1
money_D_geum_ex_water,effect,Su juicio sobre la riqueza se vuelve extremadamente nublado y cualquier elección que haga le conducirá a una pérdida.,1
money_D_geum_ex_water,action,"Hoy, deja de hacer por completo cualquier cosa relacionada con el dinero.",1
money_D_geum_ex_water,state,"La nitidez puede ir demasiado lejos y crear grietas profundas en el entorno, y la fuerza de la lluvia y la nieve intensas puede sacudir tus emociones violentamente, dificultando su control.",1
money_D_geum_ex_wood,intro,Este es un día en el que su fortuna financiera está en su punto más bajo y todas las decisiones financieras son arriesgadas.,1
money_D_geum_ex_wood,effect,Su juicio sobre la riqueza se vuelve extremadamente nublado y cualquier elección que haga le conducirá a una pérdida.,1
money_D_geum_ex_wood,action,"Hoy, deja de hacer por completo cualquier cosa relacionada con el dinero.",1
money_D_geum_ex_wood,state,"La nitidez puede ir demasiado lejos y crear profundas grietas en el entorno, y la feroz energía del cambio puede desviar todas las predicciones.",1
money_D_hwa_df_earth,intro,"Este es un día en el que su intuición financiera puede bloquearse por completo, lo que lleva a las peores decisiones.",1
money_D_hwa_df_earth,effect,Una sensación equivocada de riqueza crea pérdidas irreversibles.,1
money_D_hwa_df_earth,action,Suprime estrictamente tus impulsos relacionados con lo material y pasa el día.,1
money_D_hwa_df_earth,state,"La forma de transmitir los propios sentimientos está completamente cerrada, lo que puede profundizar los malentendidos y la desconexión, y la energía espesa y turbia puede ralentizar todo enormemente.",1
money_D_hwa_df_fire,intro,"Este es un día en el que su intuición financiera puede bloquearse por completo, lo que lleva a las peores decisiones.",1
money_D_hwa_df_fire,effect,Una sensación equivocada de riqueza crea pérdidas irreversibles.,1
money_D_hwa_df_fire,action,Suprime estrictamente tus impulsos relacionados con lo material y pasa el día.,1
money_D_hwa_df_fire,state,"La forma de comunicar los propios sentimientos es completamente cerrada, lo que puede profundizar los malentendidos y la desconexión, y una fuerte energía positiva puede fomentar impulsos y conducir a acciones imprudentes.",1
money_D_hwa_df_water,intro,"Este es un día en el que su intuición financiera puede bloquearse por completo, lo que lleva a las peores decisiones.",1
money_D_hwa_df_water,effect,Una sensación equivocada de riqueza crea pérdidas irreversibles.,1
money_D_hwa_df_water,action,Suprime estrictamente tus impulsos relacionados con lo material y pasa el día.,1
money_D_hwa_df_water,state,"La forma de comunicar los propios sentimientos es completamente cerrada, lo que puede profundizar los malentendidos y la desconexión, y la fuerza de las fuertes lluvias y nieves puede sacudir las emociones violentamente, dificultando su control.",1
money_D_hwa_df_wood,intro,"Este es un día en el que su intuición financiera puede bloquearse por completo, lo que lleva a las peores decisiones.",1
money_D_hwa_df_wood,effect,Una sensación equivocada de riqueza crea pérdidas irreversibles.,1
money_D_hwa_df_wood,action,Suprime estrictamente tus impulsos relacionados con lo material y pasa el día.,1
money_D_hwa_df_wood,state,"La forma de comunicar los propios sentimientos está completamente cerrada, los malentendidos y la desconexión pueden profundizarse, y la feroz energía del cambio puede hacer que todas las predicciones se extravíen.",1
money_D_hwa_ex_earth,intro,"Este es un día en el que su intuición financiera puede bloquearse por completo, lo que lleva a las peores decisiones.",1
money_D_hwa_ex_earth,effect,Una sensación equivocada de riqueza crea pérdidas irreversibles.,1
money_D_hwa_ex_earth,action,Suprime estrictamente tus impulsos relacionados con lo material y pasa el día.,1
money_D_hwa_ex_earth,state,"Las emociones sobrecalentadas pueden convertirse en un conflicto irreparable, y la energía espesa y turbia puede ralentizar todo enormemente.",1
money_D_hwa_ex_fire,intro,"Este es un día en el que su intuición financiera puede bloquearse por completo, lo que lleva a las peores decisiones.",1
money_D_hwa_ex_fire,effect,Una sensación equivocada de riqueza crea pérdidas irreversibles.,1
money_D_hwa_ex_fire,action,Suprime estrictamente tus impulsos relacionados con lo material y pasa el día.,1
money_D_hwa_ex_fire,state,Las emociones sobrecalentadas pueden provocar conflictos irreversibles y un yang fuerte puede fomentar impulsos y conducir a acciones imprudentes.,1
money_D_hwa_ex_water,intro,"Este es un día en el que su intuición financiera puede bloquearse por completo, lo que lleva a las peores decisiones.",1
money_D_hwa_ex_water,effect,Una sensación equivocada de riqueza crea pérdidas irreversibles.,1
money_D_hwa_ex_water,action,Suprime estrictamente tus impulsos relacionados con lo material y pasa el día.,1
money_D_hwa_ex_water,state,"Las emociones sobrecalentadas pueden convertirse en un conflicto irreparable, y la fuerza de las fuertes lluvias y nieve sacude las emociones violentamente, dificultando el control.",1
money_D_hwa_ex_wood,intro,"Este es un día en el que su intuición financiera puede bloquearse por completo, lo que lleva a las peores decisiones.",1
money_D_hwa_ex_wood,effect,Una sensación equivocada de riqueza crea pérdidas irreversibles.,1
money_D_hwa_ex_wood,action,Suprime estrictamente tus impulsos relacionados con lo material y pasa el día.,1
money_D_hwa_ex_wood,state,"Las emociones sobrecalentadas pueden derivar en un conflicto irreparable, y la feroz energía del cambio puede hacer que todas las predicciones se extravíen.",1
money_D_mok_df_earth,intro,Es un día en el que la expansión de la riqueza está completamente bloqueada y sólo aumentan las pérdidas.,1
money_D_mok_df_earth,effect,Todo intento de riqueza resulta contraproducente y empeora la situación.,1
money_D_mok_df_earth,action,Detén todas las actividades materiales hoy y haz planes para mañana.,1
money_D_mok_df_earth,state,"El miedo puede impedirte por completo actuar e incluso hacerte perder oportunidades, y la energía espesa y turbia puede ralentizar todo enormemente.",1
money_D_mok_df_fire,intro,Es un día en el que la expansión de la riqueza está completamente bloqueada y sólo aumentan las pérdidas.,1
money_D_mok_df_fire,effect,Todo intento de riqueza resulta contraproducente y empeora la situación.,1
money_D_mok_df_fire,action,Detén todas las actividades materiales hoy y haz planes para mañana.,1
money_D_mok_df_fire,state,"El miedo puede detener por completo una acción e incluso provocar la pérdida de oportunidades, y una fuerte energía positiva puede fomentar impulsos y conducir a acciones imprudentes.",1
money_D_mok_df_water,intro,Es un día en el que la expansión de la riqueza está completamente bloqueada y sólo aumentan las pérdidas.,1
money_D_mok_df_water,effect,Todo intento de riqueza resulta contraproducente y empeora la situación.,1
money_D_mok_df_water,action,Detén todas las actividades materiales hoy y haz planes para mañana.,1
money_D_mok_df_water,state,"El miedo puede impedirle por completo actuar e incluso hacer que pierda oportunidades, y la fuerza de las fuertes lluvias y nieves puede sacudir tanto sus emociones que resulta difícil controlarlas.",1
money_D_mok_df_wood,intro,Es un día en el que la expansión de la riqueza está completamente bloqueada y sólo aumentan las pérdidas.,1
money_D_mok_df_wood,effect,Todo intento de riqueza resulta contraproducente y empeora la situación.,1
money_D_mok_df_wood,action,Detén todas las actividades materiales hoy y haz planes para mañana.,1
money_D_mok_df_wood,state,"El miedo puede detener por completo la acción e incluso conducir a la pérdida de oportunidades, y la feroz energía del cambio puede hacer que todas las predicciones se extravíen.",1
money_D_mok_ex_earth,intro,Es un día en el que la expansión de la riqueza está completamente bloqueada y sólo aumentan las pérdidas.,1
money_D_mok_ex_earth,effect,Todo intento de riqueza resulta contraproducente y empeora la situación.,1
money_D_mok_ex_earth,action,Detén todas las actividades materiales hoy y haz planes para mañana.,1
money_D_mok_ex_earth,state,La motivación incontrolable puede provocar accidentes irrazonables y la energía espesa y turbia puede ralentizar todo considerablemente.,1
money_D_mok_ex_fire,intro,Es un día en el que la expansión de la riqueza está completamente bloqueada y sólo aumentan las pérdidas.,1
money_D_mok_ex_fire,effect,Todo intento de riqueza resulta contraproducente y empeora la situación.,1
money_D_mok_ex_fire,action,Detén todas las actividades materiales hoy y haz planes para mañana.,1
money_D_mok_ex_fire,state,La motivación incontrolable puede provocar accidentes irrazonables y una fuerte energía positiva puede fomentar impulsos y conducir a acciones imprudentes.,1
money_D_mok_ex_water,intro,Es un día en el que la expansión de la riqueza está completamente bloqueada y sólo aumentan las pérdidas.,1
money_D_mok_ex_water,effect,Todo intento de riqueza resulta contraproducente y empeora la situación.,1
money_D_mok_ex_water,action,Detén todas las actividades materiales hoy y haz planes para mañana.,1
money_D_mok_ex_water,state,"La motivación incontrolable puede provocar accidentes irrazonables, y la fuerza de las fuertes lluvias y nieves puede sacudir violentamente las emociones, dificultando el control.",1
money_D_mok_ex_wood,intro,Es un día en el que la expansión de la riqueza está completamente bloqueada y sólo aumentan las pérdidas.,1
money_D_mok_ex_wood,effect,Todo intento de riqueza resulta contraproducente y empeora la situación.,1
money_D_mok_ex_wood,action,Detén todas las actividades materiales hoy y haz planes para mañana.,1
money_D_mok_ex_wood,state,La motivación incontrolable puede conducir a pensamientos irracionales y la feroz energía del cambio puede hacer que todas las predicciones se extravíen.,1
money_D_su_df_earth,intro,Es un día en el que el flujo de riqueza está completamente bloqueado y no hay momento ni oportunidad.,1
money_D_su_df_earth,effect,"El momento de todas las decisiones financieras no es el adecuado, lo que produce los peores resultados.",1
money_D_su_df_earth,action,Detenga todos sus planes financieros y espere la recuperación.,1
money_D_su_df_earth,state,"Una actitud rígida bloquea todo flujo, dificultando el progreso, y la energía espesa y turbia puede ralentizar todo en gran medida.",1
money_D_su_df_fire,intro,Es un día en el que el flujo de riqueza está completamente bloqueado y no hay momento ni oportunidad.,1
money_D_su_df_fire,effect,"El momento de todas las decisiones financieras no es el adecuado, lo que produce los peores resultados.",1
money_D_su_df_fire,action,Detenga todos sus planes financieros y espere la recuperación.,1
money_D_su_df_fire,state,"Una actitud rígida bloquea todo flujo, dificultando el progreso, y una fuerte energía positiva puede fomentar impulsos y conducir a acciones imprudentes.",1
money_D_su_df_water,intro,Es un día en el que el flujo de riqueza está completamente bloqueado y no hay momento ni oportunidad.,1
money_D_su_df_water,effect,"El momento de todas las decisiones financieras no es el adecuado, lo que produce los peores resultados.",1
money_D_su_df_water,action,Detenga todos sus planes financieros y espere la recuperación.,1
money_D_su_df_water,state,"Una actitud rígida bloquea todo flujo, dificultando el progreso, y la fuerza de las fuertes lluvias y nieve sacude violentamente las emociones, dificultando el control.",1
money_D_su_df_wood,intro,Es un día en el que el flujo de riqueza está completamente bloqueado y no hay momento ni oportunidad.,1
money_D_su_df_wood,effect,"El momento de todas las decisiones financieras no es el adecuado, lo que produce los peores resultados.",1
money_D_su_df_wood,action,Detenga todos sus planes financieros y espere la recuperación.,1
money_D_su_df_wood,state,"Una actitud rígida bloquea todo flujo, dificulta el progreso, y la feroz energía del cambio puede hacer que todas las predicciones se extravíen.",1
money_D_su_ex_earth,intro,Es un día en el que el flujo de riqueza está completamente bloqueado y no hay momento ni oportunidad.,1
money_D_su_ex_earth,effect,"El momento de todas las decisiones financieras no es el adecuado, lo que produce los peores resultados.",1
money_D_su_ex_earth,action,Detenga todos sus planes financieros y espere la recuperación.,1
money_D_su_ex_earth,state,"El torrente de emociones puede abrumar la razón y conducir a grandes errores, y la energía espesa y turbia puede ralentizar todo enormemente.",1
money_D_su_ex_fire,intro,Es un día en el que el flujo de riqueza está completamente bloqueado y no hay momento ni oportunidad.,1
money_D_su_ex_fire,effect,"El momento de todas las decisiones financieras no es el adecuado, lo que produce los peores resultados.",1
money_D_su_ex_fire,action,Detenga todos sus planes financieros y espere la recuperación.,1
money_D_su_ex_fire,state,"Un torrente de emociones puede abrumar la razón y provocar grandes errores, y una fuerte energía positiva puede fomentar impulsos y conducir a acciones imprudentes.",1
money_D_su_ex_water,intro,Es un día en el que el flujo de riqueza está completamente bloqueado y no hay momento ni oportunidad.,1
money_D_su_ex_water,effect,"El momento de todas las decisiones financieras no es el adecuado, lo que produce los peores resultados.",1
money_D_su_ex_water,action,Detenga todos sus planes financieros y espere la recuperación.,1
money_D_su_ex_water,state,"Un torrente de emociones puede abrumar la razón y conducir a grandes errores, y la fuerza de una fuerte lluvia y nieve puede sacudir las emociones violentamente, haciendo difícil controlarlas.",1
money_D_su_ex_wood,intro,Es un día en el que el flujo de riqueza está completamente bloqueado y no hay momento ni oportunidad.,1
money_D_su_ex_wood,effect,"El momento de todas las decisiones financieras no es el adecuado, lo que produce los peores resultados.",1
money_D_su_ex_wood,action,Detenga todos sus planes financieros y espere la recuperación.,1
money_D_su_ex_wood,state,"El torrente de emociones puede abrumar la razón y conducir a grandes errores, y la feroz energía del cambio puede hacer que todas las predicciones se extravíen.",1
money_D_to_df_earth,intro,"Su base financiera se ha derrumbado por completo, por lo que cualquier acción financiera hoy es arriesgada.",1
money_D_to_df_earth,effect,Una situación financiera inestable provoca pérdidas extremas.,1
money_D_to_df_earth,action,"Hoy, deja de tomar decisiones financieras por completo y concéntrate en encontrar estabilidad.",1
money_D_to_df_earth,state,"Puedes perder completamente el equilibrio y todo puede salirse de control, y la energía espesa y turbia puede ralentizar todo enormemente.",1
money_D_to_df_fire,intro,"Su base financiera se ha derrumbado por completo, por lo que cualquier acción financiera hoy es arriesgada.",1
money_D_to_df_fire,effect,Una situación financiera inestable provoca pérdidas extremas.,1
money_D_to_df_fire,action,"Hoy, deja de tomar decisiones financieras por completo y concéntrate en encontrar estabilidad.",1
money_D_to_df_fire,state,"Si pierdes completamente el equilibrio, todo puede salirse de control y una fuerte energía yang puede fomentar impulsos y llevarte a acciones imprudentes.",1
money_D_to_df_water,intro,"Su base financiera se ha derrumbado por completo, por lo que cualquier acción financiera hoy es arriesgada.",1
money_D_to_df_water,effect,Una situación financiera inestable provoca pérdidas extremas.,1
money_D_to_df_water,action,"Hoy, deja de tomar decisiones financieras por completo y concéntrate en encontrar estabilidad.",1
money_D_to_df_water,state,"Puedes perder completamente el equilibrio y todo puede salirse de control, y la fuerza de la fuerte lluvia y la nieve puede sacudir tanto tus emociones que resulta difícil controlarlas.",1
money_D_to_df_wood,intro,"Su base financiera se ha derrumbado por completo, por lo que cualquier acción financiera hoy es arriesgada.",1
money_D_to_df_wood,effect,Una situación financiera inestable provoca pérdidas extremas.,1
money_D_to_df_wood,action,"Hoy, deja de tomar decisiones financieras por completo y concéntrate en encontrar estabilidad.",1
money_D_to_df_wood,state,"Si pierdes completamente el equilibrio, todo puede salirse de control y la violenta energía del cambio puede desviar todas tus predicciones.",1
money_D_to_ex_earth,intro,"Su base financiera se ha derrumbado por completo, por lo que cualquier acción financiera hoy es arriesgada.",1
money_D_to_ex_earth,effect,Una situación financiera inestable provoca pérdidas extremas.,1
money_D_to_ex_earth,action,"Hoy, deja de tomar decisiones financieras por completo y concéntrate en encontrar estabilidad.",1
money_D_to_ex_earth,state,"Negarse a cambiar puede agravar una crisis y dificultar la recuperación, y una atmósfera espesa y turbia puede ralentizar todo considerablemente.",1
money_D_to_ex_fire,intro,"Su base financiera se ha derrumbado por completo, por lo que cualquier acción financiera hoy es arriesgada.",1
money_D_to_ex_fire,effect,Una situación financiera inestable provoca pérdidas extremas.,1
money_D_to_ex_fire,action,"Hoy, deja de tomar decisiones financieras por completo y concéntrate en encontrar estabilidad.",1
money_D_to_ex_fire,state,"Negarse a cambiar puede agravar la crisis y dificultar la recuperación, y una fuerte energía positiva puede fomentar impulsos y conducir a acciones imprudentes.",1
money_D_to_ex_water,intro,"Su base financiera se ha derrumbado por completo, por lo que cualquier acción financiera hoy es arriesgada.",1
money_D_to_ex_water,effect,Una situación financiera inestable provoca pérdidas extremas.,1
money_D_to_ex_water,action,"Hoy, deja de tomar decisiones financieras por completo y concéntrate en encontrar estabilidad.",1
money_D_to_ex_water,state,"Negarse a cambiar puede agravar la crisis y dificultar la recuperación, y la fuerza de las fuertes lluvias y nieves puede sacudir violentamente las emociones, dificultando el control.",1
money_D_to_ex_wood,intro,"Su base financiera se ha derrumbado por completo, por lo que cualquier acción financiera hoy es arriesgada.",1
money_D_to_ex_wood,effect,Una situación financiera inestable provoca pérdidas extremas.,1
money_D_to_ex_wood,action,"Hoy, deja de tomar decisiones financieras por completo y concéntrate en encontrar estabilidad.",1
money_D_to_ex_wood,state,"Negarse a cambiar puede agravar una crisis y dificultar la recuperación, y la feroz energía del cambio puede hacer que todas las predicciones se extravíen.",1
work_A,intro,"Hoy es el día en el que se abre tu suerte profesional, se reconocen tus esfuerzos y te llegan oportunidades.",1
work_A,intro,Hoy es el día en el que tu energía laboral estará al máximo y podrás lograr cualquier cosa.,1
work_A,effect,"Puede lograr resultados con una alta concentración y, naturalmente, obtendrá el apoyo de quienes lo rodean.",1
work_A,effect,Obtendrá resultados sobresalientes de su trabajo hoy y su confianza y evaluación aumentarán.,1
work_A,action,Fíjese metas más altas de lo habitual y persígalas con valentía.,1
work_A,action,"Si maneja las tareas clave temprano, la fortuna de hoy duplicará su desempeño.",1
work_A_geum_df_earth,intro,Es un día en el que tu capacidad laboral está al máximo y puedes afrontar cualquier tarea con claridad.,1
work_A_geum_df_earth,effect,La concentración aguda en el trabajo maximiza el rendimiento.,1
work_A_geum_df_earth,action,Tome medidas en tareas importantes ahora.,1
work_A_geum_df_earth,state,"El juicio sereno aumenta la prudencia, lo que conduce a una percepción profunda, y la energía tranquila aumenta la prudencia, lo que conduce a buenos resultados.",1
work_A_geum_df_fire,intro,Es un día en el que tu capacidad laboral está al máximo y puedes afrontar cualquier tarea con claridad.,1
work_A_geum_df_fire,effect,La concentración aguda en el trabajo maximiza el rendimiento.,1
work_A_geum_df_fire,action,Tome medidas en tareas importantes ahora.,1
work_A_geum_df_fire,state,"El juicio tranquilo aumenta la prudencia, conduce a una visión profunda y la energía clara aumenta la vitalidad y crea un buen flujo.",1
work_A_geum_df_water,intro,Es un día en el que tu capacidad laboral está al máximo y puedes afrontar cualquier tarea con claridad.,1
work_A_geum_df_water,effect,La concentración aguda en el trabajo maximiza el rendimiento.,1
work_A_geum_df_water,action,Tome medidas en tareas importantes ahora.,1
work_A_geum_df_water,state,"El juicio tranquilo aumenta la prudencia y conduce a una visión profunda, y la energía húmeda refina profundamente la mente y abre una visión clara.",1
work_A_geum_df_wood,intro,Es un día en el que tu capacidad laboral está al máximo y puedes afrontar cualquier tarea con claridad.,1
work_A_geum_df_wood,effect,La concentración aguda en el trabajo maximiza el rendimiento.,1
work_A_geum_df_wood,action,Tome medidas en tareas importantes ahora.,1
work_A_geum_df_wood,state,"El juicio sereno aumenta la prudencia, conduce a una visión profunda y la energía dinámica abre nuevas posibilidades.",1
work_A_geum_ex_earth,intro,Es un día en el que tu capacidad laboral está al máximo y puedes afrontar cualquier tarea con claridad.,1
work_A_geum_ex_earth,effect,La concentración aguda en el trabajo maximiza el rendimiento.,1
work_A_geum_ex_earth,action,Tome medidas en tareas importantes ahora.,1
work_A_geum_ex_earth,state,"El juicio agudo penetra hasta lo más profundo y conduce a conclusiones claras, y la energía tranquila aumenta la prudencia y conduce a buenos resultados.",1
work_A_geum_ex_fire,intro,Es un día en el que tu capacidad laboral está al máximo y puedes afrontar cualquier tarea con claridad.,1
work_A_geum_ex_fire,effect,La concentración aguda en el trabajo maximiza el rendimiento.,1
work_A_geum_ex_fire,action,Tome medidas en tareas importantes ahora.,1
work_A_geum_ex_fire,state,"El juicio agudo penetra el núcleo y saca conclusiones claras, y la energía clara aumenta la vitalidad y crea un buen flujo.",1
work_A_geum_ex_water,intro,Es un día en el que tu capacidad laboral está al máximo y puedes afrontar cualquier tarea con claridad.,1
work_A_geum_ex_water,effect,La concentración aguda en el trabajo maximiza el rendimiento.,1
work_A_geum_ex_water,action,Tome medidas en tareas importantes ahora.,1
work_A_geum_ex_water,state,"El juicio agudo penetra el núcleo y saca conclusiones claras, y la energía húmeda refina profundamente la mente y abre una visión clara.",1
work_A_geum_ex_wood,intro,Es un día en el que tu capacidad laboral está al máximo y puedes afrontar cualquier tarea con claridad.,1
work_A_geum_ex_wood,effect,La concentración aguda en el trabajo maximiza el rendimiento.,1
work_A_geum_ex_wood,action,Tome medidas en tareas importantes ahora.,1
work_A_geum_ex_wood,state,"El juicio agudo penetra hasta lo más profundo y saca conclusiones claras, y la energía dinámica abre nuevas posibilidades.",1
work_A_hwa_df_earth,intro,Es un día en el que rebosas pasión y tu motivación para trabajar está al máximo.,1
work_A_hwa_df_earth,effect,"Como estás lleno de energía, incluso las tareas difíciles se resuelven rápidamente.",1
work_A_hwa_df_earth,action,Comience con las tareas más desafiantes y gane impulso.,1
work_A_hwa_df_earth,state,"Un yo interior tranquilo te da el poder de expresar plenamente tu sinceridad, y una energía tranquila aumenta la prudencia, lo que conduce a buenos resultados.",1
work_A_hwa_df_fire,intro,Es un día en el que rebosas pasión y tu motivación para trabajar está al máximo.,1
work_A_hwa_df_fire,effect,"Como estás lleno de energía, incluso las tareas difíciles se resuelven rápidamente.",1
work_A_hwa_df_fire,action,Comience con las tareas más desafiantes y gane impulso.,1
work_A_hwa_df_fire,state,"Un yo interior tranquilo te da el poder de expresar plenamente tu sinceridad, y la energía clara aumenta tu vitalidad y crea un buen flujo.",1
work_A_hwa_df_water,intro,Es un día en el que rebosas pasión y tu motivación para trabajar está al máximo.,1
work_A_hwa_df_water,effect,"Como estás lleno de energía, incluso las tareas difíciles se resuelven rápidamente.",1
work_A_hwa_df_water,action,Comience con las tareas más desafiantes y gane impulso.,1
work_A_hwa_df_water,state,"Un yo interior tranquilo te da el poder de expresar plenamente tus verdaderos sentimientos, y la energía húmeda refina profundamente tu mente y abre una visión clara.",1
work_A_hwa_df_wood,intro,Es un día en el que rebosas pasión y tu motivación para trabajar está al máximo.,1
work_A_hwa_df_wood,effect,"Como estás lleno de energía, incluso las tareas difíciles se resuelven rápidamente.",1
work_A_hwa_df_wood,action,Comience con las tareas más desafiantes y gane impulso.,1
work_A_hwa_df_wood,state,Un yo interior tranquilo te da el poder de expresar plenamente tu sinceridad y la energía dinámica abre nuevas posibilidades.,1
work_A_hwa_ex_earth,intro,Es un día en el que rebosas pasión y tu motivación para trabajar está al máximo.,1
work_A_hwa_ex_earth,effect,"Como estás lleno de energía, incluso las tareas difíciles se resuelven rápidamente.",1
work_A_hwa_ex_earth,action,Comience con las tareas más desafiantes y gane impulso.,1
work_A_hwa_ex_earth,state,"La pasión desbordante aumenta enormemente el impulso y crea un buen flujo, y la energía tranquila aumenta la prudencia, lo que conduce a buenos resultados.",1
work_A_hwa_ex_fire,intro,Es un día en el que rebosas pasión y tu motivación para trabajar está al máximo.,1
work_A_hwa_ex_fire,effect,"Como estás lleno de energía, incluso las tareas difíciles se resuelven rápidamente.",1
work_A_hwa_ex_fire,action,Comience con las tareas más desafiantes y gane impulso.,1
work_A_hwa_ex_fire,state,"La pasión desbordante aumenta enormemente la fuerza motriz y crea un buen flujo, y la energía clara aumenta la vitalidad y crea un buen flujo.",1
work_A_hwa_ex_water,intro,Es un día en el que rebosas pasión y tu motivación para trabajar está al máximo.,1
work_A_hwa_ex_water,effect,"Como estás lleno de energía, incluso las tareas difíciles se resuelven rápidamente.",1
work_A_hwa_ex_water,action,Comience con las tareas más desafiantes y gane impulso.,1
work_A_hwa_ex_water,state,"La pasión desbordante aumenta enormemente la fuerza motriz y crea un buen flujo, y la energía húmeda refina profundamente la mente y abre una visión clara.",1
work_A_hwa_ex_wood,intro,Es un día en el que rebosas pasión y tu motivación para trabajar está al máximo.,1
work_A_hwa_ex_wood,effect,"Como estás lleno de energía, incluso las tareas difíciles se resuelven rápidamente.",1
work_A_hwa_ex_wood,action,Comience con las tareas más desafiantes y gane impulso.,1
work_A_hwa_ex_wood,state,"La pasión desbordante aumenta enormemente la fuerza motriz, creando un buen flujo y la energía dinámica abre nuevas posibilidades.",1
work_A_mok_df_earth,intro,Este es un día en el que tu energía de crecimiento laboral se activa y te destacas en un nuevo rol.,1
work_A_mok_df_earth,effect,Las capacidades ampliadas amplían el alcance del trabajo y aumentan el rendimiento.,1
work_A_mok_df_earth,action,Asuma nuevos proyectos o roles con confianza.,1
work_A_mok_df_earth,state,"En realidad, un enfoque cauteloso crea un comienzo sólido, y una energía tranquila aumenta la prudencia, lo que conduce a buenos resultados.",1
work_A_mok_df_fire,intro,Este es un día en el que tu energía de crecimiento laboral se activa y te destacas en un nuevo rol.,1
work_A_mok_df_fire,effect,Las capacidades ampliadas amplían el alcance del trabajo y aumentan el rendimiento.,1
work_A_mok_df_fire,action,Asuma nuevos proyectos o roles con confianza.,1
work_A_mok_df_fire,state,"En realidad, un enfoque cauteloso crea un comienzo sólido, y la energía clara aumenta la vitalidad y crea un buen flujo.",1
work_A_mok_df_water,intro,Este es un día en el que tu energía de crecimiento laboral se activa y te destacas en un nuevo rol.,1
work_A_mok_df_water,effect,Las capacidades ampliadas amplían el alcance del trabajo y aumentan el rendimiento.,1
work_A_mok_df_water,action,Asuma nuevos proyectos o roles con confianza.,1
work_A_mok_df_water,state,"En realidad, un enfoque cauteloso crea un comienzo sólido, y la energía húmeda refina profundamente la mente y abre una visión clara.",1
work_A_mok_df_wood,intro,Este es un día en el que tu energía de crecimiento laboral se activa y te destacas en un nuevo rol.,1
work_A_mok_df_wood,effect,Las capacidades ampliadas amplían el alcance del trabajo y aumentan el rendimiento.,1
work_A_mok_df_wood,action,Asuma nuevos proyectos o roles con confianza.,1
work_A_mok_df_wood,state,Un enfoque cauteloso crea un comienzo sólido y la energía dinámica abre nuevas posibilidades.,1
work_A_mok_ex_earth,intro,Este es un día en el que tu energía de crecimiento laboral se activa y te destacas en un nuevo rol.,1
work_A_mok_ex_earth,effect,Las capacidades ampliadas amplían el alcance del trabajo y aumentan el rendimiento.,1
work_A_mok_ex_earth,action,Asuma nuevos proyectos o roles con confianza.,1
work_A_mok_ex_earth,state,Una voluntad fuerte abre activamente nuevas oportunidades y una energía tranquila aumenta la prudencia y conduce a buenos resultados.,1
work_A_mok_ex_fire,intro,Este es un día en el que tu energía de crecimiento laboral se activa y te destacas en un nuevo rol.,1
work_A_mok_ex_fire,effect,Las capacidades ampliadas amplían el alcance del trabajo y aumentan el rendimiento.,1
work_A_mok_ex_fire,action,Asuma nuevos proyectos o roles con confianza.,1
work_A_mok_ex_fire,state,Una voluntad fuerte abre activamente nuevas oportunidades y la energía clara aumenta la vitalidad y crea un buen flujo.,1
work_A_mok_ex_water,intro,Este es un día en el que tu energía de crecimiento laboral se activa y te destacas en un nuevo rol.,1
work_A_mok_ex_water,effect,Las capacidades ampliadas amplían el alcance del trabajo y aumentan el rendimiento.,1
work_A_mok_ex_water,action,Asuma nuevos proyectos o roles con confianza.,1
work_A_mok_ex_water,state,Una voluntad fuerte abre activamente nuevas oportunidades y la energía húmeda refina profundamente la mente y abre una visión clara.,1
work_A_mok_ex_wood,intro,Este es un día en el que tu energía de crecimiento laboral se activa y te destacas en un nuevo rol.,1
work_A_mok_ex_wood,effect,Las capacidades ampliadas amplían el alcance del trabajo y aumentan el rendimiento.,1
work_A_mok_ex_wood,action,Asuma nuevos proyectos o roles con confianza.,1
work_A_mok_ex_wood,state,Una voluntad fuerte abre activamente nuevas oportunidades y una energía dinámica abre nuevas posibilidades.,1
work_A_su_df_earth,intro,Es un día en el que los flujos de trabajo están conectados de forma natural y la colaboración se desarrolla sin interrupciones.,1
work_A_su_df_earth,effect,La comunicación fluida aumenta la eficiencia del trabajo y acelera los resultados.,1
work_A_su_df_earth,action,Acelere su trabajo aprovechando la colaboración con su equipo.,1
work_A_su_df_earth,state,"Un centro sólido te ayuda a mantener tu dirección sin vacilar, y una energía tranquila aumenta la prudencia, lo que conduce a buenos resultados.",1
work_A_su_df_fire,intro,Es un día en el que los flujos de trabajo están conectados de forma natural y la colaboración se desarrolla sin interrupciones.,1
work_A_su_df_fire,effect,La comunicación fluida aumenta la eficiencia del trabajo y acelera los resultados.,1
work_A_su_df_fire,action,Acelere su trabajo aprovechando la colaboración con su equipo.,1
work_A_su_df_fire,state,"Un centro sólido te mantiene en la dirección correcta sin vacilar, y la energía clara aumenta tu vitalidad y crea un buen flujo.",1
work_A_su_df_water,intro,Es un día en el que los flujos de trabajo están conectados de forma natural y la colaboración se desarrolla sin interrupciones.,1
work_A_su_df_water,effect,La comunicación fluida aumenta la eficiencia del trabajo y acelera los resultados.,1
work_A_su_df_water,action,Acelere su trabajo aprovechando la colaboración con su equipo.,1
work_A_su_df_water,state,"Un centro sólido te ayuda a mantener tu dirección sin vacilar, y la energía húmeda refina profundamente tu mente y abre una visión clara.",1
work_A_su_df_wood,intro,Es un día en el que los flujos de trabajo están conectados de forma natural y la colaboración se desarrolla sin interrupciones.,1
work_A_su_df_wood,effect,La comunicación fluida aumenta la eficiencia del trabajo y acelera los resultados.,1
work_A_su_df_wood,action,Acelere su trabajo aprovechando la colaboración con su equipo.,1
work_A_su_df_wood,state,Un centro sólido mantiene la dirección sin vacilar y la energía dinámica abre nuevas posibilidades.,1
work_A_su_ex_earth,intro,Es un día en el que los flujos de trabajo están conectados de forma natural y la colaboración se desarrolla sin interrupciones.,1
work_A_su_ex_earth,effect,La comunicación fluida aumenta la eficiencia del trabajo y acelera los resultados.,1
work_A_su_ex_earth,action,Acelere su trabajo aprovechando la colaboración con su equipo.,1
work_A_su_ex_earth,state,"La rica sensibilidad conduce a una visión profunda y ayuda al buen juicio, y la energía tranquila aumenta la prudencia, lo que conduce a buenos resultados.",1
work_A_su_ex_fire,intro,Es un día en el que los flujos de trabajo están conectados de forma natural y la colaboración se desarrolla sin interrupciones.,1
work_A_su_ex_fire,effect,La comunicación fluida aumenta la eficiencia del trabajo y acelera los resultados.,1
work_A_su_ex_fire,action,Acelere su trabajo aprovechando la colaboración con su equipo.,1
work_A_su_ex_fire,state,"La rica sensibilidad conduce a una visión profunda y ayuda a tomar buenas decisiones, y la energía clara aumenta la vitalidad y crea un buen flujo.",1
work_A_su_ex_water,intro,Es un día en el que los flujos de trabajo están conectados de forma natural y la colaboración se desarrolla sin interrupciones.,1
work_A_su_ex_water,effect,La comunicación fluida aumenta la eficiencia del trabajo y acelera los resultados.,1
work_A_su_ex_water,action,Acelere su trabajo aprovechando la colaboración con su equipo.,1
work_A_su_ex_water,state,"La rica sensibilidad conduce a una visión profunda y ayuda al buen juicio, y la energía húmeda refina profundamente la mente y abre una visión clara.",1
work_A_su_ex_wood,intro,Es un día en el que los flujos de trabajo están conectados de forma natural y la colaboración se desarrolla sin interrupciones.,1
work_A_su_ex_wood,effect,La comunicación fluida aumenta la eficiencia del trabajo y acelera los resultados.,1
work_A_su_ex_wood,action,Acelere su trabajo aprovechando la colaboración con su equipo.,1
work_A_su_ex_wood,state,"La rica sensibilidad conduce a una visión profunda y ayuda a tomar buenas decisiones, y la energía dinámica abre nuevas posibilidades.",1
work_A_to_df_earth,intro,Es un día en el que la estabilidad laboral está en su punto máximo y no te sacudes en ningún ambiente.,1
work_A_to_df_earth,effect,Una base de trabajo estable reduce los errores y mejora la calidad.,1
work_A_to_df_earth,action,Aumente el nivel de finalización enfocándose en un trabajo de acabado meticuloso.,1
work_A_to_df_earth,state,"Una actitud flexible te permite aceptar con naturalidad las nuevas tendencias, y una energía tranquila aumenta la prudencia, lo que conduce a buenos resultados.",1
work_A_to_df_fire,intro,Es un día en el que la estabilidad laboral está en su punto máximo y no te sacudes en ningún ambiente.,1
work_A_to_df_fire,effect,Una base de trabajo estable reduce los errores y mejora la calidad.,1
work_A_to_df_fire,action,Aumente el nivel de finalización enfocándose en un trabajo de acabado meticuloso.,1
work_A_to_df_fire,state,"Una actitud flexible le permite aceptar naturalmente las nuevas tendencias, y la energía clara aumenta la vitalidad y crea un buen flujo.",1
work_A_to_df_water,intro,Es un día en el que la estabilidad laboral está en su punto máximo y no te sacudes en ningún ambiente.,1
work_A_to_df_water,effect,Una base de trabajo estable reduce los errores y mejora la calidad.,1
work_A_to_df_water,action,Aumente el nivel de finalización enfocándose en un trabajo de acabado meticuloso.,1
work_A_to_df_water,state,"Una actitud flexible le permite aceptar naturalmente las nuevas tendencias, y la energía húmeda refina profundamente su mente y abre una visión clara.",1
work_A_to_df_wood,intro,Es un día en el que la estabilidad laboral está en su punto máximo y no te sacudes en ningún ambiente.,1
work_A_to_df_wood,effect,Una base de trabajo estable reduce los errores y mejora la calidad.,1
work_A_to_df_wood,action,Aumente el nivel de finalización enfocándose en un trabajo de acabado meticuloso.,1
work_A_to_df_wood,state,Una actitud flexible te permite aceptar naturalmente nuevas tendencias y una energía dinámica abre nuevas posibilidades.,1
work_A_to_ex_earth,intro,Es un día en el que la estabilidad laboral está en su punto máximo y no te sacudes en ningún ambiente.,1
work_A_to_ex_earth,effect,Una base de trabajo estable reduce los errores y mejora la calidad.,1
work_A_to_ex_earth,action,Aumente el nivel de finalización enfocándose en un trabajo de acabado meticuloso.,1
work_A_to_ex_earth,state,"Un fuerte sentido de estabilidad se convierte en una base sólida para todo, y una energía tranquila aumenta la prudencia, lo que conduce a buenos resultados.",1
work_A_to_ex_fire,intro,Es un día en el que la estabilidad laboral está en su punto máximo y no te sacudes en ningún ambiente.,1
work_A_to_ex_fire,effect,Una base de trabajo estable reduce los errores y mejora la calidad.,1
work_A_to_ex_fire,action,Aumente el nivel de finalización enfocándose en un trabajo de acabado meticuloso.,1
work_A_to_ex_fire,state,"Una fuerte sensación de estabilidad se convierte en una base sólida para todo, y la energía clara aumenta la vitalidad y crea un buen flujo.",1
work_A_to_ex_water,intro,Es un día en el que la estabilidad laboral está en su punto máximo y no te sacudes en ningún ambiente.,1
work_A_to_ex_water,effect,Una base de trabajo estable reduce los errores y mejora la calidad.,1
work_A_to_ex_water,action,Aumente el nivel de finalización enfocándose en un trabajo de acabado meticuloso.,1
work_A_to_ex_water,state,"Una fuerte sensación de estabilidad se convierte en una base sólida para todo, y la energía húmeda refina profundamente la mente y abre una visión clara.",1
work_A_to_ex_wood,intro,Es un día en el que la estabilidad laboral está en su punto máximo y no te sacudes en ningún ambiente.,1
work_A_to_ex_wood,effect,Una base de trabajo estable reduce los errores y mejora la calidad.,1
work_A_to_ex_wood,action,Aumente el nivel de finalización enfocándose en un trabajo de acabado meticuloso.,1
work_A_to_ex_wood,state,Una fuerte sensación de estabilidad proporciona una base sólida para todo y la energía dinámica abre nuevas posibilidades.,1
work_B,intro,El flujo en el trabajo hoy es bueno y el trabajo avanza a un ritmo.,1
work_B,intro,"Tengo buena energía de trabajo hoy, por lo que tu concentración y empuje son más altos de lo habitual.",1
work_B,effect,Tendrás la oportunidad de demostrar tus habilidades en el trabajo y tus esfuerzos serán notados.,1
work_B,effect,La colaboración va bien y todo va como se esperaba.,1
work_B,action,"Si presenta ideas de forma más activa de lo habitual, es más probable que reciba una buena respuesta.",1
work_B,action,Aprovecha la buena energía de hoy y úsala para completar tareas clave.,1
work_B_geum_df_earth,intro,Es un día en el que tu capacidad de procesamiento del trabajo se mantiene estable y puedes realizar tus tareas con facilidad.,1
work_B_geum_df_earth,effect,"Se mantiene la concentración, se reducen los errores en el trabajo y el rendimiento es uniforme.",1
work_B_geum_df_earth,action,Realiza tu trabajo paso a paso según lo planeado.,1
work_B_geum_df_earth,state,"Incluso si su determinación se vuelve algo aburrida, el flujo de la vida diaria continúa sin problemas y la energía turbia se suma a la atmósfera tranquila, creando una sensación de tranquilidad.",1
work_B_geum_df_fire,intro,Es un día en el que tu capacidad de procesamiento del trabajo se mantiene estable y puedes realizar tus tareas con facilidad.,1
work_B_geum_df_fire,effect,"Se mantiene la concentración, se reducen los errores en el trabajo y el rendimiento es uniforme.",1
work_B_geum_df_fire,action,Realiza tu trabajo paso a paso según lo planeado.,1
work_B_geum_df_fire,state,"Incluso si tu determinación se vuelve algo aburrida, el flujo de tu vida diaria continúa sin problemas y la energía clara añade vitalidad luminosa, creando un flujo fluido.",1
work_B_geum_df_water,intro,Es un día en el que tu capacidad de procesamiento del trabajo se mantiene estable y puedes realizar tus tareas con facilidad.,1
work_B_geum_df_water,effect,"Se mantiene la concentración, se reducen los errores en el trabajo y el rendimiento es uniforme.",1
work_B_geum_df_water,action,Realiza tu trabajo paso a paso según lo planeado.,1
work_B_geum_df_water,state,"Incluso si tu determinación se vuelve algo aburrida, el flujo de tu vida diaria continúa sin problemas y la energía húmeda añade una sensación de calma y persistencia a tus emociones.",1
work_B_geum_df_wood,intro,Es un día en el que tu capacidad de procesamiento del trabajo se mantiene estable y puedes realizar tus tareas con facilidad.,1
work_B_geum_df_wood,effect,"Se mantiene la concentración, se reducen los errores en el trabajo y el rendimiento es uniforme.",1
work_B_geum_df_wood,action,Realiza tu trabajo paso a paso según lo planeado.,1
work_B_geum_df_wood,state,"Incluso si su determinación se vuelve algo aburrida, el flujo de la vida diaria continúa sin problemas y la ligera energía del cambio añade el estímulo adecuado.",1
work_B_geum_ex_earth,intro,Es un día en el que tu capacidad de procesamiento del trabajo se mantiene estable y puedes realizar tus tareas con facilidad.,1
work_B_geum_ex_earth,effect,"Se mantiene la concentración, se reducen los errores en el trabajo y el rendimiento es uniforme.",1
work_B_geum_ex_earth,action,Realiza tu trabajo paso a paso según lo planeado.,1
work_B_geum_ex_earth,state,"El juicio analítico fluye naturalmente al ritmo habitual, y la energía turbia se suma a la atmósfera tranquila, creando una sensación de tranquilidad.",1
work_B_geum_ex_fire,intro,Es un día en el que tu capacidad de procesamiento del trabajo se mantiene estable y puedes realizar tus tareas con facilidad.,1
work_B_geum_ex_fire,effect,"Se mantiene la concentración, se reducen los errores en el trabajo y el rendimiento es uniforme.",1
work_B_geum_ex_fire,action,Realiza tu trabajo paso a paso según lo planeado.,1
work_B_geum_ex_fire,state,"El juicio analítico sigue naturalmente el ritmo habitual y la energía clara añade vitalidad ligera, creando un flujo suave.",1
work_B_geum_ex_water,intro,Es un día en el que tu capacidad de procesamiento del trabajo se mantiene estable y puedes realizar tus tareas con facilidad.,1
work_B_geum_ex_water,effect,"Se mantiene la concentración, se reducen los errores en el trabajo y el rendimiento es uniforme.",1
work_B_geum_ex_water,action,Realiza tu trabajo paso a paso según lo planeado.,1
work_B_geum_ex_water,state,El juicio analítico fluye naturalmente a su ritmo habitual y la energía húmeda añade una sensación de calma y persistencia a sus emociones.,1
work_B_geum_ex_wood,intro,Es un día en el que tu capacidad de procesamiento del trabajo se mantiene estable y puedes realizar tus tareas con facilidad.,1
work_B_geum_ex_wood,effect,"Se mantiene la concentración, se reducen los errores en el trabajo y el rendimiento es uniforme.",1
work_B_geum_ex_wood,action,Realiza tu trabajo paso a paso según lo planeado.,1
work_B_geum_ex_wood,state,El juicio analítico sigue naturalmente el ritmo habitual y la ligera energía del cambio añade el estímulo adecuado.,1
work_B_hwa_df_earth,intro,Es un día en el que la motivación laboral se mantiene por encima de la media y la velocidad del trabajo es buena.,1
work_B_hwa_df_earth,effect,Tener suficiente energía favorece la concentración en el trabajo.,1
work_B_hwa_df_earth,action,Aborde las tareas clave primero cuando tenga mucha energía.,1
work_B_hwa_df_earth,state,"Aunque las expresiones son moderadas, la estabilidad de la relación se mantiene fácilmente y la energía turbia contribuye a la atmósfera tranquila, lo que lleva a una sensación de tranquilidad.",1
work_B_hwa_df_fire,intro,Es un día en el que la motivación laboral se mantiene por encima de la media y la velocidad del trabajo es buena.,1
work_B_hwa_df_fire,effect,Tener suficiente energía favorece la concentración en el trabajo.,1
work_B_hwa_df_fire,action,Aborde las tareas clave primero cuando tenga mucha energía.,1
work_B_hwa_df_fire,state,"Incluso si las expresiones son restringidas, la estabilidad de la relación se mantiene fácilmente y la energía clara añade vitalidad ligera, creando un flujo suave.",1
work_B_hwa_df_water,intro,Es un día en el que la motivación laboral se mantiene por encima de la media y la velocidad del trabajo es buena.,1
work_B_hwa_df_water,effect,Tener suficiente energía favorece la concentración en el trabajo.,1
work_B_hwa_df_water,action,Aborde las tareas clave primero cuando tenga mucha energía.,1
work_B_hwa_df_water,state,"Incluso si las expresiones son restringidas, la estabilidad de la relación se mantiene fácilmente y la energía húmeda añade un sentimiento de calma y persistencia a las emociones.",1
work_B_hwa_df_wood,intro,Es un día en el que la motivación laboral se mantiene por encima de la media y la velocidad del trabajo es buena.,1
work_B_hwa_df_wood,effect,Tener suficiente energía favorece la concentración en el trabajo.,1
work_B_hwa_df_wood,action,Aborde las tareas clave primero cuando tenga mucha energía.,1
work_B_hwa_df_wood,state,"Incluso si las expresiones son restringidas, la estabilidad de la relación se mantiene fácilmente y la ligera energía del cambio añade el estímulo apropiado.",1
work_B_hwa_ex_earth,intro,Es un día en el que la motivación laboral se mantiene por encima de la media y la velocidad del trabajo es buena.,1
work_B_hwa_ex_earth,effect,Tener suficiente energía favorece la concentración en el trabajo.,1
work_B_hwa_ex_earth,action,Aborde las tareas clave primero cuando tenga mucha energía.,1
work_B_hwa_ex_earth,state,"La pasión está viva, pero también se mantiene el equilibrio, lo que conduce a un día estable, y la energía turbia añade una atmósfera tranquila, lo que lleva a la serenidad.",1
work_B_hwa_ex_fire,intro,Es un día en el que la motivación laboral se mantiene por encima de la media y la velocidad del trabajo es buena.,1
work_B_hwa_ex_fire,effect,Tener suficiente energía favorece la concentración en el trabajo.,1
work_B_hwa_ex_fire,action,Aborde las tareas clave primero cuando tenga mucha energía.,1
work_B_hwa_ex_fire,state,"La pasión permanece viva y se mantiene el equilibrio, lo que conduce a un día estable, y la energía clara añade vitalidad ligera, creando un flujo suave.",1
work_B_hwa_ex_water,intro,Es un día en el que la motivación laboral se mantiene por encima de la media y la velocidad del trabajo es buena.,1
work_B_hwa_ex_water,effect,Tener suficiente energía favorece la concentración en el trabajo.,1
work_B_hwa_ex_water,action,Aborde las tareas clave primero cuando tenga mucha energía.,1
work_B_hwa_ex_water,state,"La pasión permanece viva y se mantiene el equilibrio, lo que conduce a un día estable, y la energía húmeda añade una sensación de calma y persistencia a las emociones.",1
work_B_hwa_ex_wood,intro,Es un día en el que la motivación laboral se mantiene por encima de la media y la velocidad del trabajo es buena.,1
work_B_hwa_ex_wood,effect,Tener suficiente energía favorece la concentración en el trabajo.,1
work_B_hwa_ex_wood,action,Aborde las tareas clave primero cuando tenga mucha energía.,1
work_B_hwa_ex_wood,state,"La pasión está viva y equilibrada, lo que conduce a un día estable, y la ligera energía del cambio añade la estimulación adecuada.",1
work_B_mok_df_earth,intro,Es un día en el que tus capacidades laborales crecen de manera constante y podrás asumir nuevos desafíos.,1
work_B_mok_df_earth,effect,La energía del crecimiento conduce a la expansión empresarial y al desarrollo de competencias.,1
work_B_mok_df_earth,action,Intente aprender nuevas habilidades laborales o ampliar su función.,1
work_B_mok_df_earth,state,"Incluso si eres cauteloso al probar cosas nuevas, tu vida diaria fluye de manera constante y la energía turbia contribuye a la atmósfera tranquila, lo que genera una sensación de tranquilidad.",1
work_B_mok_df_fire,intro,Es un día en el que tus capacidades laborales crecen de manera constante y podrás asumir nuevos desafíos.,1
work_B_mok_df_fire,effect,La energía del crecimiento conduce a la expansión empresarial y al desarrollo de competencias.,1
work_B_mok_df_fire,action,Intente aprender nuevas habilidades laborales o ampliar su función.,1
work_B_mok_df_fire,state,"Incluso si eres cauteloso al probar cosas nuevas, tu vida diaria fluye de manera constante y la energía clara añade vitalidad luminosa, creando un flujo suave.",1
work_B_mok_df_water,intro,Es un día en el que tus capacidades laborales crecen de manera constante y podrás asumir nuevos desafíos.,1
work_B_mok_df_water,effect,La energía del crecimiento conduce a la expansión empresarial y al desarrollo de competencias.,1
work_B_mok_df_water,action,Intente aprender nuevas habilidades laborales o ampliar su función.,1
work_B_mok_df_water,state,"Incluso si eres cauteloso a la hora de probar cosas nuevas, tu vida diaria fluye de manera constante y la energía húmeda añade una sensación de calma y persistencia a tus emociones.",1
work_B_mok_df_wood,intro,Es un día en el que tus capacidades laborales crecen de manera constante y podrás asumir nuevos desafíos.,1
work_B_mok_df_wood,effect,La energía del crecimiento conduce a la expansión empresarial y al desarrollo de competencias.,1
work_B_mok_df_wood,action,Intente aprender nuevas habilidades laborales o ampliar su función.,1
work_B_mok_df_wood,state,"Incluso si eres cauteloso a la hora de probar cosas nuevas, tu vida diaria fluye de manera constante y la ligera energía del cambio añade el estímulo adecuado.",1
work_B_mok_ex_earth,intro,Es un día en el que tus capacidades laborales crecen de manera constante y podrás asumir nuevos desafíos.,1
work_B_mok_ex_earth,effect,La energía del crecimiento conduce a la expansión empresarial y al desarrollo de competencias.,1
work_B_mok_ex_earth,action,Intente aprender nuevas habilidades laborales o ampliar su función.,1
work_B_mok_ex_earth,state,"La motivación constante hace que el progreso avance paso a paso, y la energía turbia se suma a la atmósfera de calma, lo que lleva a la tranquilidad.",1
work_B_mok_ex_fire,intro,Es un día en el que tus capacidades laborales crecen de manera constante y podrás asumir nuevos desafíos.,1
work_B_mok_ex_fire,effect,La energía del crecimiento conduce a la expansión empresarial y al desarrollo de competencias.,1
work_B_mok_ex_fire,action,Intente aprender nuevas habilidades laborales o ampliar su función.,1
work_B_mok_ex_fire,state,"La motivación constante hace que el progreso avance paso a paso, y la energía clara añade vitalidad ligera, creando un flujo suave.",1
work_B_mok_ex_water,intro,Es un día en el que tus capacidades laborales crecen de manera constante y podrás asumir nuevos desafíos.,1
work_B_mok_ex_water,effect,La energía del crecimiento conduce a la expansión empresarial y al desarrollo de competencias.,1
work_B_mok_ex_water,action,Intente aprender nuevas habilidades laborales o ampliar su función.,1
work_B_mok_ex_water,state,"La motivación constante hace que el progreso avance paso a paso, y la energía húmeda añade una sensación de calma y persistencia a las emociones.",1
work_B_mok_ex_wood,intro,Es un día en el que tus capacidades laborales crecen de manera constante y podrás asumir nuevos desafíos.,1
work_B_mok_ex_wood,effect,La energía del crecimiento conduce a la expansión empresarial y al desarrollo de competencias.,1
work_B_mok_ex_wood,action,Intente aprender nuevas habilidades laborales o ampliar su función.,1
work_B_mok_ex_wood,state,"La motivación constante hace que el progreso normal sea paso a paso, y la débil energía del cambio añade el estímulo apropiado.",1
work_B_su_df_earth,intro,Es un día en el que la comunicación laboral transcurre fluida y la colaboración va bien.,1
work_B_su_df_earth,effect,Se fortalece el trabajo en equipo y la velocidad y la calidad del trabajo aumentan juntas.,1
work_B_su_df_earth,action,Comunicarse activamente con colegas y crear sinergia.,1
work_B_su_df_earth,state,"Aunque falta algo de flexibilidad, el ritmo básico se mantiene sin dificultad y la energía turbia añade una atmósfera tranquila, lo que lleva a una sensación de tranquilidad.",1
work_B_su_df_fire,intro,Es un día en el que la comunicación laboral transcurre fluida y la colaboración va bien.,1
work_B_su_df_fire,effect,Se fortalece el trabajo en equipo y la velocidad y la calidad del trabajo aumentan juntas.,1
work_B_su_df_fire,action,Comunicarse activamente con colegas y crear sinergia.,1
work_B_su_df_fire,state,"Aunque falta algo de flexibilidad, el ritmo básico se mantiene sin dificultad y la energía clara añade vitalidad ligera, creando un flujo suave.",1
work_B_su_df_water,intro,Es un día en el que la comunicación laboral transcurre fluida y la colaboración va bien.,1
work_B_su_df_water,effect,Se fortalece el trabajo en equipo y la velocidad y la calidad del trabajo aumentan juntas.,1
work_B_su_df_water,action,Comunicarse activamente con colegas y crear sinergia.,1
work_B_su_df_water,state,"Aunque carece de flexibilidad, el ritmo básico se mantiene sin dificultad y la energía húmeda añade una sensación de calma y persistencia a las emociones.",1
work_B_su_df_wood,intro,Es un día en el que la comunicación laboral transcurre fluida y la colaboración va bien.,1
work_B_su_df_wood,effect,Se fortalece el trabajo en equipo y la velocidad y la calidad del trabajo aumentan juntas.,1
work_B_su_df_wood,action,Comunicarse activamente con colegas y crear sinergia.,1
work_B_su_df_wood,state,"Aunque falta algo de flexibilidad, el ritmo básico se mantiene sin dificultad y la ligera energía del cambio añade la estimulación adecuada.",1
work_B_su_ex_earth,intro,Es un día en el que la comunicación laboral transcurre fluida y la colaboración va bien.,1
work_B_su_ex_earth,effect,Se fortalece el trabajo en equipo y la velocidad y la calidad del trabajo aumentan juntas.,1
work_B_su_ex_earth,action,Comunicarse activamente con colegas y crear sinergia.,1
work_B_su_ex_earth,state,"El día está lleno de emociones, lo que lo convierte en un día más atento de lo habitual, y la energía nublada añade una atmósfera tranquila, lo que lleva a una sensación de tranquilidad.",1
work_B_su_ex_fire,intro,Es un día en el que la comunicación laboral transcurre fluida y la colaboración va bien.,1
work_B_su_ex_fire,effect,Se fortalece el trabajo en equipo y la velocidad y la calidad del trabajo aumentan juntas.,1
work_B_su_ex_fire,action,Comunicarse activamente con colegas y crear sinergia.,1
work_B_su_ex_fire,state,"El día es rico en emociones, lo que lo convierte en un día más atento de lo habitual, y la energía clara añade vitalidad luminosa, creando un flujo suave.",1
work_B_su_ex_water,intro,Es un día en el que la comunicación laboral transcurre fluida y la colaboración va bien.,1
work_B_su_ex_water,effect,Se fortalece el trabajo en equipo y la velocidad y la calidad del trabajo aumentan juntas.,1
work_B_su_ex_water,action,Comunicarse activamente con colegas y crear sinergia.,1
work_B_su_ex_water,state,"El día está lleno de emociones, lo que te hace estar más atento de lo habitual, y la energía húmeda añade un regusto calmante a tus emociones.",1
work_B_su_ex_wood,intro,Es un día en el que la comunicación laboral transcurre fluida y la colaboración va bien.,1
work_B_su_ex_wood,effect,Se fortalece el trabajo en equipo y la velocidad y la calidad del trabajo aumentan juntas.,1
work_B_su_ex_wood,action,Comunicarse activamente con colegas y crear sinergia.,1
work_B_su_ex_wood,state,"El día está lleno de emociones, lo que lo convierte en un día más atento de lo habitual, y la ligera energía del cambio añade la estimulación adecuada.",1
work_B_to_df_earth,intro,Es un día en el que se mantiene la estabilidad laboral y se pueden completar las tareas sin errores.,1
work_B_to_df_earth,effect,El procesamiento estable del trabajo genera confianza y mejora la calidad de los resultados.,1
work_B_to_df_earth,action,Concéntrate en completar tus tareas a fondo hoy.,1
work_B_to_df_earth,state,"Incluso si el centro de gravedad está un poco sacudido, el equilibrio de la vida diaria se mantiene sin muchos problemas, y la energía turbia contribuye a la atmósfera tranquila, lo que lleva a una sensación de tranquilidad.",1
work_B_to_df_fire,intro,Es un día en el que se mantiene la estabilidad laboral y se pueden completar las tareas sin errores.,1
work_B_to_df_fire,effect,El procesamiento estable del trabajo genera confianza y mejora la calidad de los resultados.,1
work_B_to_df_fire,action,Concéntrate en completar tus tareas a fondo hoy.,1
work_B_to_df_fire,state,"Incluso si el centro de gravedad se sacude un poco, el equilibrio de la vida diaria se mantiene sin muchos problemas y la energía clara añade vitalidad luminosa, creando un flujo suave.",1
work_B_to_df_water,intro,Es un día en el que se mantiene la estabilidad laboral y se pueden completar las tareas sin errores.,1
work_B_to_df_water,effect,El procesamiento estable del trabajo genera confianza y mejora la calidad de los resultados.,1
work_B_to_df_water,action,Concéntrate en completar tus tareas a fondo hoy.,1
work_B_to_df_water,state,"Incluso si su centro de gravedad está algo sacudido, el equilibrio de su vida diaria se mantiene sin muchos problemas y la energía húmeda añade una sensación de calma y persistencia a sus emociones.",1
work_B_to_df_wood,intro,Es un día en el que se mantiene la estabilidad laboral y se pueden completar las tareas sin errores.,1
work_B_to_df_wood,effect,El procesamiento estable del trabajo genera confianza y mejora la calidad de los resultados.,1
work_B_to_df_wood,action,Concéntrate en completar tus tareas a fondo hoy.,1
work_B_to_df_wood,state,"Incluso si el centro está algo sacudido, el equilibrio de la vida diaria se mantiene sin muchos problemas, y la ligera energía del cambio añade el estímulo apropiado.",1
work_B_to_ex_earth,intro,Es un día en el que se mantiene la estabilidad laboral y se pueden completar las tareas sin errores.,1
work_B_to_ex_earth,effect,El procesamiento estable del trabajo genera confianza y mejora la calidad de los resultados.,1
work_B_to_ex_earth,action,Concéntrate en completar tus tareas a fondo hoy.,1
work_B_to_ex_earth,state,"Tiene una fuerte tendencia hacia la estabilidad, por lo que continúa en un día tranquilo sin ningún problema, y la energía nublada se suma a la atmósfera tranquila, lo que lleva a la serenidad.",1
work_B_to_ex_fire,intro,Es un día en el que se mantiene la estabilidad laboral y se pueden completar las tareas sin errores.,1
work_B_to_ex_fire,effect,El procesamiento estable del trabajo genera confianza y mejora la calidad de los resultados.,1
work_B_to_ex_fire,action,Concéntrate en completar tus tareas a fondo hoy.,1
work_B_to_ex_fire,state,"Tiene una fuerte tendencia hacia la estabilidad, por lo que continúa suavemente en un día tranquilo, y la energía clara añade vitalidad luminosa, creando un flujo suave.",1
work_B_to_ex_water,intro,Es un día en el que se mantiene la estabilidad laboral y se pueden completar las tareas sin errores.,1
work_B_to_ex_water,effect,El procesamiento estable del trabajo genera confianza y mejora la calidad de los resultados.,1
work_B_to_ex_water,action,Concéntrate en completar tus tareas a fondo hoy.,1
work_B_to_ex_water,state,"Tiene una fuerte naturaleza orientada a la estabilidad, por lo que puede conducir fácilmente a un día tranquilo, y la energía húmeda añade un regusto calmante a las emociones.",1
work_B_to_ex_wood,intro,Es un día en el que se mantiene la estabilidad laboral y se pueden completar las tareas sin errores.,1
work_B_to_ex_wood,effect,El procesamiento estable del trabajo genera confianza y mejora la calidad de los resultados.,1
work_B_to_ex_wood,action,Concéntrate en completar tus tareas a fondo hoy.,1
work_B_to_ex_wood,state,"La orientación a la estabilidad es fuerte, por lo que continúa suavemente en un día tranquilo, y la ligera energía del cambio añade la estimulación adecuada.",1
work_B1,intro,"El flujo de trabajo de hoy es estable, lo que le permite mantener la calma y la concentración.",1
work_B1,intro,"La energía en el trabajo hoy es buena, por lo que puedo realizar tu trabajo de manera constante.",1
work_B1,effect,El trabajo va según lo previsto y no hay mayores fricciones en la colaboración.,1
work_B1,effect,El trabajo en curso continúa de manera estable y la cooperación con quienes lo rodean es fluida.,1
work_B1,action,"Si se concentra en lo que está haciendo ahora, podrá lograr suficientes resultados.",1
work_B1,action,La coherencia es la clave hoy. Sólo hay que ceñirse a lo básico sin dudar.,1
work_B1_geum_df_earth,intro,"Si su capacidad de trabajo es promedio, es posible que se quede atascado en tareas complejas.",1
work_B1_geum_df_earth,effect,La concentración puede verse algo reducida y es posible que la finalización del trabajo no cumpla con las expectativas.,1
work_B1_geum_df_earth,action,Divida las tareas que son difíciles de concentrar en partes pequeñas y manejelas paso a paso.,1
work_B1_geum_df_earth,state,"Aunque las decisiones toman algo de tiempo, el día continúa sin mucha vacilación y la energía turbia te ayuda a mantener un ritmo tranquilo.",1
work_B1_geum_df_fire,intro,"Si su capacidad de trabajo es promedio, es posible que se quede atascado en tareas complejas.",1
work_B1_geum_df_fire,effect,La concentración puede verse algo reducida y es posible que la finalización del trabajo no cumpla con las expectativas.,1
work_B1_geum_df_fire,action,Divida las tareas que son difíciles de concentrar en partes pequeñas y manejelas paso a paso.,1
work_B1_geum_df_fire,state,"Aunque las decisiones toman algo de tiempo, el día continúa sin mucha vacilación y la energía clara añade serena vitalidad y continúa el día normal.",1
work_B1_geum_df_water,intro,"Si su capacidad de trabajo es promedio, es posible que se quede atascado en tareas complejas.",1
work_B1_geum_df_water,effect,La concentración puede verse algo reducida y es posible que la finalización del trabajo no cumpla con las expectativas.,1
work_B1_geum_df_water,action,Divida las tareas que son difíciles de concentrar en partes pequeñas y manejelas paso a paso.,1
work_B1_geum_df_water,state,"Aunque las decisiones toman algo de tiempo, el día transcurre sin muchas vacilaciones y la energía húmeda aumenta tus pensamientos pero no provoca mucha agitación.",1
work_B1_geum_df_wood,intro,"Si su capacidad de trabajo es promedio, es posible que se quede atascado en tareas complejas.",1
work_B1_geum_df_wood,effect,La concentración puede verse algo reducida y es posible que la finalización del trabajo no cumpla con las expectativas.,1
work_B1_geum_df_wood,action,Divida las tareas que son difíciles de concentrar en partes pequeñas y manejelas paso a paso.,1
work_B1_geum_df_wood,state,"La decisión puede ser lenta, pero el día transcurre sin mucha vacilación y la tranquila energía del cambio sólo sacude ligeramente el flujo normal.",1
work_B1_geum_ex_earth,intro,"Si su capacidad de trabajo es promedio, es posible que se quede atascado en tareas complejas.",1
work_B1_geum_ex_earth,effect,La concentración puede verse algo reducida y es posible que la finalización del trabajo no cumpla con las expectativas.,1
work_B1_geum_ex_earth,action,Divida las tareas que son difíciles de concentrar en partes pequeñas y manejelas paso a paso.,1
work_B1_geum_ex_earth,state,"El juicio es claro, pero termina con un resultado mediocre y la energía turbia ayuda a mantener un ritmo decente.",1
work_B1_geum_ex_fire,intro,"Si su capacidad de trabajo es promedio, es posible que se quede atascado en tareas complejas.",1
work_B1_geum_ex_fire,effect,La concentración puede verse algo reducida y es posible que la finalización del trabajo no cumpla con las expectativas.,1
work_B1_geum_ex_fire,action,Divida las tareas que son difíciles de concentrar en partes pequeñas y manejelas paso a paso.,1
work_B1_geum_ex_fire,state,"El juicio es claro, pero termina con un resultado ordinario, y la energía clara añade vitalidad tranquila y continúa el día ordinario.",1
work_B1_geum_ex_water,intro,"Si su capacidad de trabajo es promedio, es posible que se quede atascado en tareas complejas.",1
work_B1_geum_ex_water,effect,La concentración puede verse algo reducida y es posible que la finalización del trabajo no cumpla con las expectativas.,1
work_B1_geum_ex_water,action,Divida las tareas que son difíciles de concentrar en partes pequeñas y manejelas paso a paso.,1
work_B1_geum_ex_water,state,"El juicio es claro pero termina con un resultado simple, y la energía húmeda aumenta los pensamientos pero no causa mucha agitación.",1
work_B1_geum_ex_wood,intro,"Si su capacidad de trabajo es promedio, es posible que se quede atascado en tareas complejas.",1
work_B1_geum_ex_wood,effect,La concentración puede verse algo reducida y es posible que la finalización del trabajo no cumpla con las expectativas.,1
work_B1_geum_ex_wood,action,Divida las tareas que son difíciles de concentrar en partes pequeñas y manejelas paso a paso.,1
work_B1_geum_ex_wood,state,"El juicio es claro, pero termina con un resultado mediocre, y la tranquila energía del cambio no hace más que alterar levemente el flujo normal.",1
work_B1_hwa_df_earth,intro,Este es un día en el que tu motivación para trabajar es algo baja y necesitas algo de motivación.,1
work_B1_hwa_df_earth,effect,La velocidad de trabajo es lenta debido a la falta de energía.,1
work_B1_hwa_df_earth,action,Recupera tu motivación planteándote y consiguiendo pequeños objetivos.,1
work_B1_hwa_df_earth,state,"Aunque hay poca expresión, la relación no se ve muy afectada y la energía turbia ayuda a mantener un ritmo tranquilo.",1
work_B1_hwa_df_fire,intro,Este es un día en el que tu motivación para trabajar es algo baja y necesitas algo de motivación.,1
work_B1_hwa_df_fire,effect,La velocidad de trabajo es lenta debido a la falta de energía.,1
work_B1_hwa_df_fire,action,Recupera tu motivación planteándote y consiguiendo pequeños objetivos.,1
work_B1_hwa_df_fire,state,"Aunque hay pocas expresiones, la relación no se ve muy afectada y la energía clara agrega una vitalidad tranquila y continúa un día normal.",1
work_B1_hwa_df_water,intro,Este es un día en el que tu motivación para trabajar es algo baja y necesitas algo de motivación.,1
work_B1_hwa_df_water,effect,La velocidad de trabajo es lenta debido a la falta de energía.,1
work_B1_hwa_df_water,action,Recupera tu motivación planteándote y consiguiendo pequeños objetivos.,1
work_B1_hwa_df_water,state,"Aunque hay pocas expresiones, la relación no se ve muy afectada y la energía húmeda aumenta los pensamientos, pero no provoca mucha agitación.",1
work_B1_hwa_df_wood,intro,Este es un día en el que tu motivación para trabajar es algo baja y necesitas algo de motivación.,1
work_B1_hwa_df_wood,effect,La velocidad de trabajo es lenta debido a la falta de energía.,1
work_B1_hwa_df_wood,action,Recupera tu motivación planteándote y consiguiendo pequeños objetivos.,1
work_B1_hwa_df_wood,state,"Aunque hay poca expresión, la relación no se ve muy afectada y la tranquila energía del cambio solo es suficiente para sacudir ligeramente el flujo normal.",1
work_B1_hwa_ex_earth,intro,Este es un día en el que tu motivación para trabajar es algo baja y necesitas algo de motivación.,1
work_B1_hwa_ex_earth,effect,La velocidad de trabajo es lenta debido a la falta de energía.,1
work_B1_hwa_ex_earth,action,Recupera tu motivación planteándote y consiguiendo pequeños objetivos.,1
work_B1_hwa_ex_earth,state,El calor moderado hace que el día sea tranquilo y la energía nublada le ayuda a mantener un ritmo tranquilo.,1
work_B1_hwa_ex_fire,intro,Este es un día en el que tu motivación para trabajar es algo baja y necesitas algo de motivación.,1
work_B1_hwa_ex_fire,effect,La velocidad de trabajo es lenta debido a la falta de energía.,1
work_B1_hwa_ex_fire,action,Recupera tu motivación planteándote y consiguiendo pequeños objetivos.,1
work_B1_hwa_ex_fire,state,El calor moderado crea un día tranquilo y la energía clara añade vitalidad tranquila y continúa el día normal.,1
work_B1_hwa_ex_water,intro,Este es un día en el que tu motivación para trabajar es algo baja y necesitas algo de motivación.,1
work_B1_hwa_ex_water,effect,La velocidad de trabajo es lenta debido a la falta de energía.,1
work_B1_hwa_ex_water,action,Recupera tu motivación planteándote y consiguiendo pequeños objetivos.,1
work_B1_hwa_ex_water,state,El calor moderado hace que el día sea tranquilo y la energía húmeda aumenta tus pensamientos pero no causa mucha agitación.,1
work_B1_hwa_ex_wood,intro,Este es un día en el que tu motivación para trabajar es algo baja y necesitas algo de motivación.,1
work_B1_hwa_ex_wood,effect,La velocidad de trabajo es lenta debido a la falta de energía.,1
work_B1_hwa_ex_wood,action,Recupera tu motivación planteándote y consiguiendo pequeños objetivos.,1
work_B1_hwa_ex_wood,state,El calor moderado hace que el día sea tranquilo y la tranquila energía del cambio no hace más que alterar ligeramente el flujo normal.,1
work_B1_mok_df_earth,intro,"El crecimiento empresarial puede ser lento, lo que dificulta la obtención de resultados con nuevos intentos.",1
work_B1_mok_df_earth,effect,"Debido a la expansión limitada de la capacidad, los resultados del trabajo son menores de lo esperado.",1
work_B1_mok_df_earth,action,Realice fielmente las tareas básicas y prepárese para las oportunidades de crecimiento.,1
work_B1_mok_df_earth,state,"Sigue siendo más familiar que nuevo, pero el flujo es ininterrumpido y la energía turbia te ayuda a mantener un ritmo tranquilo.",1
work_B1_mok_df_fire,intro,"El crecimiento empresarial puede ser lento, lo que dificulta la obtención de resultados con nuevos intentos.",1
work_B1_mok_df_fire,effect,"Debido a la expansión limitada de la capacidad, los resultados del trabajo son menores de lo esperado.",1
work_B1_mok_df_fire,action,Realice fielmente las tareas básicas y prepárese para las oportunidades de crecimiento.,1
work_B1_mok_df_fire,state,"Aunque sigue siendo familiar más que nuevo, el flujo es ininterrumpido y la energía clara añade vitalidad tranquila y continúa el día normal.",1
work_B1_mok_df_water,intro,"El crecimiento empresarial puede ser lento, lo que dificulta la obtención de resultados con nuevos intentos.",1
work_B1_mok_df_water,effect,"Debido a la expansión limitada de la capacidad, los resultados del trabajo son menores de lo esperado.",1
work_B1_mok_df_water,action,Realice fielmente las tareas básicas y prepárese para las oportunidades de crecimiento.,1
work_B1_mok_df_water,state,"Aunque sigue siendo más familiar que novedoso, el flujo es ininterrumpido y la energía húmeda aumenta los pensamientos pero no causa mucha agitación.",1
work_B1_mok_df_wood,intro,"El crecimiento empresarial puede ser lento, lo que dificulta la obtención de resultados con nuevos intentos.",1
work_B1_mok_df_wood,effect,"Debido a la expansión limitada de la capacidad, los resultados del trabajo son menores de lo esperado.",1
work_B1_mok_df_wood,action,Realice fielmente las tareas básicas y prepárese para las oportunidades de crecimiento.,1
work_B1_mok_df_wood,state,"Aunque sigue siendo más familiar que nuevo, el flujo es ininterrumpido y la tranquila energía del cambio sólo sacude ligeramente el flujo normal.",1
work_B1_mok_ex_earth,intro,"El crecimiento empresarial puede ser lento, lo que dificulta la obtención de resultados con nuevos intentos.",1
work_B1_mok_ex_earth,effect,"Debido a la expansión limitada de la capacidad, los resultados del trabajo son menores de lo esperado.",1
work_B1_mok_ex_earth,action,Realice fielmente las tareas básicas y prepárese para las oportunidades de crecimiento.,1
work_B1_mok_ex_earth,state,"Hay motivación, pero tu fuerza motriz se mantiene en un nivel mediocre y la energía turbia te ayuda a mantener un ritmo decente.",1
work_B1_mok_ex_fire,intro,"El crecimiento empresarial puede ser lento, lo que dificulta la obtención de resultados con nuevos intentos.",1
work_B1_mok_ex_fire,effect,"Debido a la expansión limitada de la capacidad, los resultados del trabajo son menores de lo esperado.",1
work_B1_mok_ex_fire,action,Realice fielmente las tareas básicas y prepárese para las oportunidades de crecimiento.,1
work_B1_mok_ex_fire,state,"Aunque hay motivación, tu fuerza motriz se mantiene en un nivel promedio y la energía clara añade vitalidad tranquila y continúa con tu día normal.",1
work_B1_mok_ex_water,intro,"El crecimiento empresarial puede ser lento, lo que dificulta la obtención de resultados con nuevos intentos.",1
work_B1_mok_ex_water,effect,"Debido a la expansión limitada de la capacidad, los resultados del trabajo son menores de lo esperado.",1
work_B1_mok_ex_water,action,Realice fielmente las tareas básicas y prepárese para las oportunidades de crecimiento.,1
work_B1_mok_ex_water,state,"Hay motivación, pero la fuerza impulsora permanece en un nivel normal y la energía húmeda aumenta los pensamientos, pero no causa mucha agitación.",1
work_B1_mok_ex_wood,intro,"El crecimiento empresarial puede ser lento, lo que dificulta la obtención de resultados con nuevos intentos.",1
work_B1_mok_ex_wood,effect,"Debido a la expansión limitada de la capacidad, los resultados del trabajo son menores de lo esperado.",1
work_B1_mok_ex_wood,action,Realice fielmente las tareas básicas y prepárese para las oportunidades de crecimiento.,1
work_B1_mok_ex_wood,state,"Hay motivación, pero la fuerza motriz permanece en un nivel mediocre y la tranquila energía del cambio sólo es suficiente para alterar ligeramente el flujo normal.",1
work_B1_su_df_earth,intro,"Puede haber cierta falta de comunicación en el trabajo, lo que resulta en malentendidos durante la colaboración.",1
work_B1_su_df_earth,effect,La falta de comunicación ralentiza el trabajo y debilita el trabajo en equipo.,1
work_B1_su_df_earth,action,Asegúrese de verificar los detalles importantes y aumentar la claridad de la comunicación.,1
work_B1_su_df_earth,state,"Aunque la flexibilidad ha disminuido, el flujo no se interrumpe significativamente y la energía turbia ayuda a mantener un ritmo decente.",1
work_B1_su_df_fire,intro,"Puede haber cierta falta de comunicación en el trabajo, lo que resulta en malentendidos durante la colaboración.",1
work_B1_su_df_fire,effect,La falta de comunicación ralentiza el trabajo y debilita el trabajo en equipo.,1
work_B1_su_df_fire,action,Asegúrese de verificar los detalles importantes y aumentar la claridad de la comunicación.,1
work_B1_su_df_fire,state,"Aunque la flexibilidad ha disminuido, el flujo no se ve significativamente interrumpido y la energía clara añade vitalidad tranquila y continúa un día normal.",1
work_B1_su_df_water,intro,"Puede haber cierta falta de comunicación en el trabajo, lo que resulta en malentendidos durante la colaboración.",1
work_B1_su_df_water,effect,La falta de comunicación ralentiza el trabajo y debilita el trabajo en equipo.,1
work_B1_su_df_water,action,Asegúrese de verificar los detalles importantes y aumentar la claridad de la comunicación.,1
work_B1_su_df_water,state,"La flexibilidad se reduce, pero el flujo no se interrumpe mucho y la energía húmeda aumenta los pensamientos, pero no causa mucha agitación.",1
work_B1_su_df_wood,intro,"Puede haber cierta falta de comunicación en el trabajo, lo que resulta en malentendidos durante la colaboración.",1
work_B1_su_df_wood,effect,La falta de comunicación ralentiza el trabajo y debilita el trabajo en equipo.,1
work_B1_su_df_wood,action,Asegúrese de verificar los detalles importantes y aumentar la claridad de la comunicación.,1
work_B1_su_df_wood,state,"Aunque la flexibilidad ha disminuido, el flujo no se ve significativamente interrumpido y la tranquila energía del cambio sólo sacude ligeramente el flujo normal.",1
work_B1_su_ex_earth,intro,"Puede haber cierta falta de comunicación en el trabajo, lo que resulta en malentendidos durante la colaboración.",1
work_B1_su_ex_earth,effect,La falta de comunicación ralentiza el trabajo y debilita el trabajo en equipo.,1
work_B1_su_ex_earth,action,Asegúrese de verificar los detalles importantes y aumentar la claridad de la comunicación.,1
work_B1_su_ex_earth,state,"Aunque tengo mucho en qué pensar, el día transcurre sin muchas perturbaciones y la energía nubosa te ayuda a mantener un ritmo tranquilo.",1
work_B1_su_ex_fire,intro,"Puede haber cierta falta de comunicación en el trabajo, lo que resulta en malentendidos durante la colaboración.",1
work_B1_su_ex_fire,effect,La falta de comunicación ralentiza el trabajo y debilita el trabajo en equipo.,1
work_B1_su_ex_fire,action,Asegúrese de verificar los detalles importantes y aumentar la claridad de la comunicación.,1
work_B1_su_ex_fire,state,"Aunque tengo muchos pensamientos, el día transcurre sin muchas perturbaciones y la energía clara añade vitalidad tranquila y continúa el día normal.",1
work_B1_su_ex_water,intro,"Puede haber cierta falta de comunicación en el trabajo, lo que resulta en malentendidos durante la colaboración.",1
work_B1_su_ex_water,effect,La falta de comunicación ralentiza el trabajo y debilita el trabajo en equipo.,1
work_B1_su_ex_water,action,Asegúrese de verificar los detalles importantes y aumentar la claridad de la comunicación.,1
work_B1_su_ex_water,state,"Incluso si tienes muchos pensamientos, el día transcurre sin mucha agitación y la energía húmeda aumenta tus pensamientos pero no causa mucha agitación.",1
work_B1_su_ex_wood,intro,"Puede haber cierta falta de comunicación en el trabajo, lo que resulta en malentendidos durante la colaboración.",1
work_B1_su_ex_wood,effect,La falta de comunicación ralentiza el trabajo y debilita el trabajo en equipo.,1
work_B1_su_ex_wood,action,Asegúrese de verificar los detalles importantes y aumentar la claridad de la comunicación.,1
work_B1_su_ex_wood,state,"Aunque tengo muchos pensamientos, el día transcurre sin muchas perturbaciones y la tranquila energía del cambio sólo sacude ligeramente el flujo normal.",1
work_B1_to_df_earth,intro,Es un día en el que la seguridad laboral cae por debajo de la media y aumenta el riesgo de cometer errores.,1
work_B1_to_df_earth,effect,La falta de concentración reduce la calidad del trabajo.,1
work_B1_to_df_earth,action,Revise y envíe tareas importantes más de una vez.,1
work_B1_to_df_earth,state,"Aunque hay algo de temblor, la vida diaria transcurre sin problemas y la energía turbia te ayuda a mantener un ritmo tranquilo.",1
work_B1_to_df_fire,intro,Es un día en el que la seguridad laboral cae por debajo de la media y aumenta el riesgo de cometer errores.,1
work_B1_to_df_fire,effect,La falta de concentración reduce la calidad del trabajo.,1
work_B1_to_df_fire,action,Revise y envíe tareas importantes más de una vez.,1
work_B1_to_df_fire,state,"Aunque hay algo de temblor, la vida diaria fluye sin problemas y la energía clara añade vitalidad tranquila y continúa el día normal.",1
work_B1_to_df_water,intro,Es un día en el que la seguridad laboral cae por debajo de la media y aumenta el riesgo de cometer errores.,1
work_B1_to_df_water,effect,La falta de concentración reduce la calidad del trabajo.,1
work_B1_to_df_water,action,Revise y envíe tareas importantes más de una vez.,1
work_B1_to_df_water,state,"Aunque hay temblores, la vida diaria fluye suavemente y la energía húmeda aumenta los pensamientos, pero no causa mucha agitación.",1
work_B1_to_df_wood,intro,Es un día en el que la seguridad laboral cae por debajo de la media y aumenta el riesgo de cometer errores.,1
work_B1_to_df_wood,effect,La falta de concentración reduce la calidad del trabajo.,1
work_B1_to_df_wood,action,Revise y envíe tareas importantes más de una vez.,1
work_B1_to_df_wood,state,"Aunque hay fluctuaciones, la vida diaria fluye suavemente y la tranquila energía del cambio sólo sacude ligeramente el flujo normal.",1
work_B1_to_ex_earth,intro,Es un día en el que la seguridad laboral cae por debajo de la media y aumenta el riesgo de cometer errores.,1
work_B1_to_ex_earth,effect,La falta de concentración reduce la calidad del trabajo.,1
work_B1_to_ex_earth,action,Revise y envíe tareas importantes más de una vez.,1
work_B1_to_ex_earth,state,Elegir la familiaridad en lugar del cambio te lleva a un día fácil y la energía turbia te ayuda a mantener un ritmo tranquilo.,1
work_B1_to_ex_fire,intro,Es un día en el que la seguridad laboral cae por debajo de la media y aumenta el riesgo de cometer errores.,1
work_B1_to_ex_fire,effect,La falta de concentración reduce la calidad del trabajo.,1
work_B1_to_ex_fire,action,Revise y envíe tareas importantes más de una vez.,1
work_B1_to_ex_fire,state,"Elegir la familiaridad en lugar del cambio conduce a un día normal, y la energía clara añade vitalidad tranquila al día normal.",1
work_B1_to_ex_water,intro,Es un día en el que la seguridad laboral cae por debajo de la media y aumenta el riesgo de cometer errores.,1
work_B1_to_ex_water,effect,La falta de concentración reduce la calidad del trabajo.,1
work_B1_to_ex_water,action,Revise y envíe tareas importantes más de una vez.,1
work_B1_to_ex_water,state,"Elegir la familiaridad en lugar del cambio conduce a un día normal, y la energía húmeda aumenta los pensamientos pero no causa mucha agitación.",1
work_B1_to_ex_wood,intro,Es un día en el que la seguridad laboral cae por debajo de la media y aumenta el riesgo de cometer errores.,1
work_B1_to_ex_wood,effect,La falta de concentración reduce la calidad del trabajo.,1
work_B1_to_ex_wood,action,Revise y envíe tareas importantes más de una vez.,1
work_B1_to_ex_wood,state,"Elegir la familiaridad en lugar del cambio conduce a un día normal, y la tranquila energía del cambio sólo sacude ligeramente el flujo normal.",1
work_C,intro,"Hoy en día, es ventajoso moverse lo más constantemente posible con una pausa en la energía laboral.",1
work_C,intro,"Hoy en día, la energía en el trabajo es baja, por lo que los planes realistas son mejores que las metas poco razonables.",1
work_C,effect,"La velocidad de trabajo puede ser más lenta de lo habitual o los errores pueden aumentar, por lo que es necesaria una inspección cuidadosa.",1
work_C,effect,"Las cosas pueden volverse más complicadas o tardar más de lo esperado, por lo que es una buena idea reservar algo de tiempo extra.",1
work_C,action,Los errores se reducen si divide las tareas en períodos cortos en lugar de hacerlas todas a la vez.,1
work_C,action,Concéntrate en aquello en lo que eres bueno hoy y pospone probar nuevas áreas para más tarde.,1
work_C_geum_df_earth,intro,Es un día en el que tu capacidad de trabajo disminuye y se vuelve difícil completar tus tareas.,1
work_C_geum_df_earth,effect,La disminución de la concentración provoca errores y retrasos en el trabajo.,1
work_C_geum_df_earth,action,"Hoy, concéntrese en terminar el trabajo existente en lugar de nuevas tareas.",1
work_C_geum_df_earth,state,"A medida que su resolución se debilita, es fácil posponer decisiones importantes, y la energía turbia puede ralentizarlo y hacer que sus pensamientos sean pesados.",1
work_C_geum_df_fire,intro,Es un día en el que tu capacidad de trabajo disminuye y se vuelve difícil completar tus tareas.,1
work_C_geum_df_fire,effect,La disminución de la concentración provoca errores y retrasos en el trabajo.,1
work_C_geum_df_fire,action,"Hoy, concéntrese en terminar el trabajo existente en lugar de nuevas tareas.",1
work_C_geum_df_fire,state,"A medida que su resolución se debilita, es fácil posponer decisiones importantes y su energía clara puede fluir hacia una atmósfera excitada, que puede nublar su prudencia.",1
work_C_geum_df_water,intro,Es un día en el que tu capacidad de trabajo disminuye y se vuelve difícil completar tus tareas.,1
work_C_geum_df_water,effect,La disminución de la concentración provoca errores y retrasos en el trabajo.,1
work_C_geum_df_water,action,"Hoy, concéntrese en terminar el trabajo existente en lugar de nuevas tareas.",1
work_C_geum_df_water,state,"Es fácil posponer decisiones importantes a medida que su resolución se debilita y la energía de la lluvia y la nieve puede estimular sus emociones y su ser interior, lo que puede tener un impacto mayor.",1
work_C_geum_df_wood,intro,Es un día en el que tu capacidad de trabajo disminuye y se vuelve difícil completar tus tareas.,1
work_C_geum_df_wood,effect,La disminución de la concentración provoca errores y retrasos en el trabajo.,1
work_C_geum_df_wood,action,"Hoy, concéntrese en terminar el trabajo existente en lugar de nuevas tareas.",1
work_C_geum_df_wood,state,"Es fácil posponer decisiones importantes debido a una determinación debilitada, y la fuerte energía del cambio puede alterar el ritmo y conducir a variables inesperadas.",1
work_C_geum_ex_earth,intro,Es un día en el que tu capacidad de trabajo disminuye y se vuelve difícil completar tus tareas.,1
work_C_geum_ex_earth,effect,La disminución de la concentración provoca errores y retrasos en el trabajo.,1
work_C_geum_ex_earth,action,"Hoy, concéntrese en terminar el trabajo existente en lugar de nuevas tareas.",1
work_C_geum_ex_earth,state,Un juicio demasiado agudo puede enfriar las relaciones y la energía turbia puede ralentizar el ritmo y hacer que los pensamientos sean pesados.,1
work_C_geum_ex_fire,intro,Es un día en el que tu capacidad de trabajo disminuye y se vuelve difícil completar tus tareas.,1
work_C_geum_ex_fire,effect,La disminución de la concentración provoca errores y retrasos en el trabajo.,1
work_C_geum_ex_fire,action,"Hoy, concéntrese en terminar el trabajo existente en lugar de nuevas tareas.",1
work_C_geum_ex_fire,state,"Un juicio excesivamente agudo puede enfriar las relaciones y la energía clara puede fluir hacia una atmósfera excitada, lo que puede nublar la prudencia.",1
work_C_geum_ex_water,intro,Es un día en el que tu capacidad de trabajo disminuye y se vuelve difícil completar tus tareas.,1
work_C_geum_ex_water,effect,La disminución de la concentración provoca errores y retrasos en el trabajo.,1
work_C_geum_ex_water,action,"Hoy, concéntrese en terminar el trabajo existente en lugar de nuevas tareas.",1
work_C_geum_ex_water,state,"Un juicio demasiado agudo puede enfriar las relaciones, y la energía de la lluvia y la nieve puede estimular emociones y sentimientos internos, que pueden tener un impacto mayor.",1
work_C_geum_ex_wood,intro,Es un día en el que tu capacidad de trabajo disminuye y se vuelve difícil completar tus tareas.,1
work_C_geum_ex_wood,effect,La disminución de la concentración provoca errores y retrasos en el trabajo.,1
work_C_geum_ex_wood,action,"Hoy, concéntrese en terminar el trabajo existente en lugar de nuevas tareas.",1
work_C_geum_ex_wood,state,"Un juicio demasiado agudo puede enfriar las relaciones, y la fuerte energía del cambio puede alterar el ritmo y provocar variables inesperadas.",1
work_C_hwa_df_earth,intro,Es un día en el que te sientes desmotivado para trabajar y te cuesta concentrarte.,1
work_C_hwa_df_earth,effect,La falta de energía reduce la velocidad general y la calidad del trabajo.,1
work_C_hwa_df_earth,action,Simplemente realice las tareas mínimas esenciales y no se exceda.,1
work_C_hwa_df_earth,state,"Es fácil que se produzcan malentendidos debido a la dificultad para expresarse, y la energía turbia puede ralentizarte y hacer que tus pensamientos sean pesados.",1
work_C_hwa_df_fire,intro,Es un día en el que te sientes desmotivado para trabajar y te cuesta concentrarte.,1
work_C_hwa_df_fire,effect,La falta de energía reduce la velocidad general y la calidad del trabajo.,1
work_C_hwa_df_fire,action,Simplemente realice las tareas mínimas esenciales y no se exceda.,1
work_C_hwa_df_fire,state,Es fácil que se produzcan malentendidos porque las expresiones son difíciles de entender y la energía clara puede fluir hacia una atmósfera excitada y hacer que la precaución se nuble.,1
work_C_hwa_df_water,intro,Es un día en el que te sientes desmotivado para trabajar y te cuesta concentrarte.,1
work_C_hwa_df_water,effect,La falta de energía reduce la velocidad general y la calidad del trabajo.,1
work_C_hwa_df_water,action,Simplemente realice las tareas mínimas esenciales y no se exceda.,1
work_C_hwa_df_water,state,"Es fácil que se produzcan malentendidos porque las expresiones son difíciles de entender y la energía de la lluvia y la nieve puede estimular emociones y sentimientos internos, que pueden tener un impacto mayor.",1
work_C_hwa_df_wood,intro,Es un día en el que te sientes desmotivado para trabajar y te cuesta concentrarte.,1
work_C_hwa_df_wood,effect,La falta de energía reduce la velocidad general y la calidad del trabajo.,1
work_C_hwa_df_wood,action,Simplemente realice las tareas mínimas esenciales y no se exceda.,1
work_C_hwa_df_wood,state,"Es fácil que surjan malentendidos debido a expresiones difíciles, y la fuerte energía del cambio puede alterar el ritmo y conducir a variables inesperadas.",1
work_C_hwa_ex_earth,intro,Es un día en el que te sientes desmotivado para trabajar y te cuesta concentrarte.,1
work_C_hwa_ex_earth,effect,La falta de energía reduce la velocidad general y la calidad del trabajo.,1
work_C_hwa_ex_earth,action,Simplemente realice las tareas mínimas esenciales y no se exceda.,1
work_C_hwa_ex_earth,state,Es fácil que las emociones choquen y la energía turbia puede ralentizarlo y hacer que sus pensamientos sean pesados.,1
work_C_hwa_ex_fire,intro,Es un día en el que te sientes desmotivado para trabajar y te cuesta concentrarte.,1
work_C_hwa_ex_fire,effect,La falta de energía reduce la velocidad general y la calidad del trabajo.,1
work_C_hwa_ex_fire,action,Simplemente realice las tareas mínimas esenciales y no se exceda.,1
work_C_hwa_ex_fire,state,"Es fácil que las emociones choquen y la energía clara puede fluir hacia una atmósfera excitada, haciendo que la precaución se nuble.",1
work_C_hwa_ex_water,intro,Es un día en el que te sientes desmotivado para trabajar y te cuesta concentrarte.,1
work_C_hwa_ex_water,effect,La falta de energía reduce la velocidad general y la calidad del trabajo.,1
work_C_hwa_ex_water,action,Simplemente realice las tareas mínimas esenciales y no se exceda.,1
work_C_hwa_ex_water,state,"Es fácil que las emociones entren en conflicto y la energía de la lluvia y la nieve puede estimular emociones y sentimientos internos, lo que puede aumentar el impacto.",1
work_C_hwa_ex_wood,intro,Es un día en el que te sientes desmotivado para trabajar y te cuesta concentrarte.,1
work_C_hwa_ex_wood,effect,La falta de energía reduce la velocidad general y la calidad del trabajo.,1
work_C_hwa_ex_wood,action,Simplemente realice las tareas mínimas esenciales y no se exceda.,1
work_C_hwa_ex_wood,state,Es fácil que las emociones choquen y la fuerte energía del cambio puede alterar el ritmo y provocar variables inesperadas.,1
work_C_mok_df_earth,intro,Es un día en el que la capacidad de trabajo se bloquea temporalmente y el progreso se ralentiza.,1
work_C_mok_df_earth,effect,Las capacidades estancadas reducen el rendimiento laboral y reducen las oportunidades.,1
work_C_mok_df_earth,action,Manténgase estable en su puesto actual en lugar de intentar algo nuevo.,1
work_C_mok_df_earth,state,"La vacilación a la hora de probar cosas nuevas puede ralentizar el progreso, y la energía turbia puede ralentizar el ritmo y hacer que los pensamientos sean pesados.",1
work_C_mok_df_fire,intro,Es un día en el que la capacidad de trabajo se bloquea temporalmente y el progreso se ralentiza.,1
work_C_mok_df_fire,effect,Las capacidades estancadas reducen el rendimiento laboral y reducen las oportunidades.,1
work_C_mok_df_fire,action,Manténgase estable en su puesto actual en lugar de intentar algo nuevo.,1
work_C_mok_df_fire,state,"La vacilación a la hora de probar cosas nuevas puede ralentizar el progreso, y la energía clara puede generar una atmósfera de excitación, que puede nublar la precaución.",1
work_C_mok_df_water,intro,Es un día en el que la capacidad de trabajo se bloquea temporalmente y el progreso se ralentiza.,1
work_C_mok_df_water,effect,Las capacidades estancadas reducen el rendimiento laboral y reducen las oportunidades.,1
work_C_mok_df_water,action,Manténgase estable en su puesto actual en lugar de intentar algo nuevo.,1
work_C_mok_df_water,state,"La vacilación a la hora de probar cosas nuevas puede ralentizar el progreso, y la energía de la lluvia y la nieve puede estimular tus emociones y tu yo interior, lo que puede aumentar el impacto.",1
work_C_mok_df_wood,intro,Es un día en el que la capacidad de trabajo se bloquea temporalmente y el progreso se ralentiza.,1
work_C_mok_df_wood,effect,Las capacidades estancadas reducen el rendimiento laboral y reducen las oportunidades.,1
work_C_mok_df_wood,action,Manténgase estable en su puesto actual en lugar de intentar algo nuevo.,1
work_C_mok_df_wood,state,"La vacilación a la hora de probar cosas nuevas puede ralentizar el progreso, y la fuerte energía del cambio puede alterar el ritmo y generar variables inesperadas.",1
work_C_mok_ex_earth,intro,Es un día en el que la capacidad de trabajo se bloquea temporalmente y el progreso se ralentiza.,1
work_C_mok_ex_earth,effect,Las capacidades estancadas reducen el rendimiento laboral y reducen las oportunidades.,1
work_C_mok_ex_earth,action,Manténgase estable en su puesto actual en lugar de intentar algo nuevo.,1
work_C_mok_ex_earth,state,La motivación excesiva puede hacer que te excedas y la energía turbia puede ralentizarte y hacer que tus pensamientos sean pesados.,1
work_C_mok_ex_fire,intro,Es un día en el que la capacidad de trabajo se bloquea temporalmente y el progreso se ralentiza.,1
work_C_mok_ex_fire,effect,Las capacidades estancadas reducen el rendimiento laboral y reducen las oportunidades.,1
work_C_mok_ex_fire,action,Manténgase estable en su puesto actual en lugar de intentar algo nuevo.,1
work_C_mok_ex_fire,state,"Si está demasiado motivado, puede esforzarse por hacer cosas y su energía clara puede fluir hacia una atmósfera excitada, que puede nublar su prudencia.",1
work_C_mok_ex_water,intro,Es un día en el que la capacidad de trabajo se bloquea temporalmente y el progreso se ralentiza.,1
work_C_mok_ex_water,effect,Las capacidades estancadas reducen el rendimiento laboral y reducen las oportunidades.,1
work_C_mok_ex_water,action,Manténgase estable en su puesto actual en lugar de intentar algo nuevo.,1
work_C_mok_ex_water,state,"Si tienes demasiada motivación, puedes exagerar y la energía de la lluvia y la nieve puede estimular tus emociones y tu yo interior, lo que puede aumentar el impacto.",1
work_C_mok_ex_wood,intro,Es un día en el que la capacidad de trabajo se bloquea temporalmente y el progreso se ralentiza.,1
work_C_mok_ex_wood,effect,Las capacidades estancadas reducen el rendimiento laboral y reducen las oportunidades.,1
work_C_mok_ex_wood,action,Manténgase estable en su puesto actual en lugar de intentar algo nuevo.,1
work_C_mok_ex_wood,state,"La motivación excesiva puede llevar a exagerar las cosas, y la fuerte energía del cambio puede alterar el ritmo y generar variables inesperadas.",1
work_C_su_df_earth,intro,Es un día en el que la comunicación laboral está bloqueada y es probable que surjan conflictos en la colaboración.,1
work_C_su_df_earth,effect,"Los errores de comunicación se repiten, retrasando el trabajo de todo el equipo.",1
work_C_su_df_earth,action,Comuníquese y confirme claramente primero antes de que surjan malentendidos.,1
work_C_su_df_earth,state,"Es fácil perder la noción del flujo debido a la falta de flexibilidad, y la energía turbia puede ralentizarlo y hacer que sus pensamientos sean pesados.",1
work_C_su_df_fire,intro,Es un día en el que la comunicación laboral está bloqueada y es probable que surjan conflictos en la colaboración.,1
work_C_su_df_fire,effect,"Los errores de comunicación se repiten, retrasando el trabajo de todo el equipo.",1
work_C_su_df_fire,action,Comuníquese y confirme claramente primero antes de que surjan malentendidos.,1
work_C_su_df_fire,state,"Debido a la falta de flexibilidad, es fácil perder el hilo y la energía clara puede fluir hacia una atmósfera excitada, lo que puede nublar su prudencia.",1
work_C_su_df_water,intro,Es un día en el que la comunicación laboral está bloqueada y es probable que surjan conflictos en la colaboración.,1
work_C_su_df_water,effect,"Los errores de comunicación se repiten, retrasando el trabajo de todo el equipo.",1
work_C_su_df_water,action,Comuníquese y confirme claramente primero antes de que surjan malentendidos.,1
work_C_su_df_water,state,"Debido a la falta de flexibilidad, es fácil perder la noción del flujo, y la energía de la lluvia y la nieve puede estimular las emociones y el yo interior, lo que puede aumentar el impacto.",1
work_C_su_df_wood,intro,Es un día en el que la comunicación laboral está bloqueada y es probable que surjan conflictos en la colaboración.,1
work_C_su_df_wood,effect,"Los errores de comunicación se repiten, retrasando el trabajo de todo el equipo.",1
work_C_su_df_wood,action,Comuníquese y confirme claramente primero antes de que surjan malentendidos.,1
work_C_su_df_wood,state,"Debido a la falta de flexibilidad, es fácil perder el rumbo y la fuerte energía del cambio puede alterar el ritmo y dar lugar a variables inesperadas.",1
work_C_su_ex_earth,intro,Es un día en el que la comunicación laboral está bloqueada y es probable que surjan conflictos en la colaboración.,1
work_C_su_ex_earth,effect,"Los errores de comunicación se repiten, retrasando el trabajo de todo el equipo.",1
work_C_su_ex_earth,action,Comuníquese y confirme claramente primero antes de que surjan malentendidos.,1
work_C_su_ex_earth,state,"Es fácil que tu juicio se vea empañado por emociones desbordantes, y la energía turbia puede ralentizarte y hacer que tus pensamientos sean pesados.",1
work_C_su_ex_fire,intro,Es un día en el que la comunicación laboral está bloqueada y es probable que surjan conflictos en la colaboración.,1
work_C_su_ex_fire,effect,"Los errores de comunicación se repiten, retrasando el trabajo de todo el equipo.",1
work_C_su_ex_fire,action,Comuníquese y confirme claramente primero antes de que surjan malentendidos.,1
work_C_su_ex_fire,state,"El juicio puede verse fácilmente nublado por emociones desbordantes, y la energía clara puede fluir hacia una atmósfera excitada, que puede nublar la prudencia.",1
work_C_su_ex_water,intro,Es un día en el que la comunicación laboral está bloqueada y es probable que surjan conflictos en la colaboración.,1
work_C_su_ex_water,effect,"Los errores de comunicación se repiten, retrasando el trabajo de todo el equipo.",1
work_C_su_ex_water,action,Comuníquese y confirme claramente primero antes de que surjan malentendidos.,1
work_C_su_ex_water,state,"Es fácil que su juicio se nuble debido a emociones desbordantes, y la energía de la lluvia y la nieve puede estimular sus emociones y su ser interior, lo que puede aumentar el impacto.",1
work_C_su_ex_wood,intro,Es un día en el que la comunicación laboral está bloqueada y es probable que surjan conflictos en la colaboración.,1
work_C_su_ex_wood,effect,"Los errores de comunicación se repiten, retrasando el trabajo de todo el equipo.",1
work_C_su_ex_wood,action,Comuníquese y confirme claramente primero antes de que surjan malentendidos.,1
work_C_su_ex_wood,state,"El juicio puede verse fácilmente empañado por las emociones, y la fuerte energía del cambio puede alterar el ritmo y conducir a variables inesperadas.",1
work_C_to_df_earth,intro,Es un día en el que la estabilidad laboral es baja y los errores y retrasos se repiten.,1
work_C_to_df_earth,effect,Un estado inestable sacude el trabajo general y empeora los resultados.,1
work_C_to_df_earth,action,Pide ayuda a tus compañeros con tareas pesadas.,1
work_C_to_df_earth,state,"Debido a que su centro está sacudido, es fácil dejarse llevar por el entorno, y la energía turbia puede ralentizarlo y hacer que sus pensamientos se vuelvan pesados.",1
work_C_to_df_fire,intro,Es un día en el que la estabilidad laboral es baja y los errores y retrasos se repiten.,1
work_C_to_df_fire,effect,Un estado inestable sacude el trabajo general y empeora los resultados.,1
work_C_to_df_fire,action,Pide ayuda a tus compañeros con tareas pesadas.,1
work_C_to_df_fire,state,"Debido a que su centro está sacudido, es fácil dejarse llevar por quienes lo rodean, y su energía clara puede fluir hacia una atmósfera excitada, que puede nublar su prudencia.",1
work_C_to_df_water,intro,Es un día en el que la estabilidad laboral es baja y los errores y retrasos se repiten.,1
work_C_to_df_water,effect,Un estado inestable sacude el trabajo general y empeora los resultados.,1
work_C_to_df_water,action,Pide ayuda a tus compañeros con tareas pesadas.,1
work_C_to_df_water,state,"Debido a que su centro está sacudido, es fácil dejarse llevar por el entorno, y la energía de la lluvia y la nieve puede estimular sus emociones y su ser interior, lo que puede aumentar el impacto.",1
work_C_to_df_wood,intro,Es un día en el que la estabilidad laboral es baja y los errores y retrasos se repiten.,1
work_C_to_df_wood,effect,Un estado inestable sacude el trabajo general y empeora los resultados.,1
work_C_to_df_wood,action,Pide ayuda a tus compañeros con tareas pesadas.,1
work_C_to_df_wood,state,"Debido a que el centro se sacude, es fácil dejarse llevar por el entorno y la fuerte energía del cambio puede sacudir el ritmo y conducir a variables inesperadas.",1
work_C_to_ex_earth,intro,Es un día en el que la estabilidad laboral es baja y los errores y retrasos se repiten.,1
work_C_to_ex_earth,effect,Un estado inestable sacude el trabajo general y empeora los resultados.,1
work_C_to_ex_earth,action,Pide ayuda a tus compañeros con tareas pesadas.,1
work_C_to_ex_earth,state,Una mente que se niega a cambiar puede bloquear oportunidades y la energía turbia puede ralentizar tu ritmo y hacer que tus pensamientos sean pesados.,1
work_C_to_ex_fire,intro,Es un día en el que la estabilidad laboral es baja y los errores y retrasos se repiten.,1
work_C_to_ex_fire,effect,Un estado inestable sacude el trabajo general y empeora los resultados.,1
work_C_to_ex_fire,action,Pide ayuda a tus compañeros con tareas pesadas.,1
work_C_to_ex_fire,state,"Una mente que se niega a cambiar puede bloquear las oportunidades y la energía clara puede fluir hacia una atmósfera excitada, nublando la precaución.",1
work_C_to_ex_water,intro,Es un día en el que la estabilidad laboral es baja y los errores y retrasos se repiten.,1
work_C_to_ex_water,effect,Un estado inestable sacude el trabajo general y empeora los resultados.,1
work_C_to_ex_water,action,Pide ayuda a tus compañeros con tareas pesadas.,1
work_C_to_ex_water,state,"Una mente que se niega a cambiar puede bloquear oportunidades, y la energía de la lluvia y la nieve puede estimular emociones y sentimientos internos, lo que puede aumentar el impacto.",1
work_C_to_ex_wood,intro,Es un día en el que la estabilidad laboral es baja y los errores y retrasos se repiten.,1
work_C_to_ex_wood,effect,Un estado inestable sacude el trabajo general y empeora los resultados.,1
work_C_to_ex_wood,action,Pide ayuda a tus compañeros con tareas pesadas.,1
work_C_to_ex_wood,state,"Negarse al cambio puede bloquear oportunidades, y la fuerte energía del cambio puede alterar el ritmo y generar variables inesperadas.",1
work_C1,intro,"La energía en el trabajo hoy es bastante baja, por lo que es mejor concentrarse tranquilamente en sus deberes.",1
work_C1,intro,"Hoy tendrás mucha energía laboral, por lo que deberás concentrarte en reducir los errores en lugar de ser codicioso.",1
work_C1,effect,Es importante realizar una doble verificación ya que pueden ocurrir errores involuntarios o conflictos en el trabajo.,1
work_C1,effect,Es un día seguro para concentrarse únicamente en su función asignada en lugar de probar cosas nuevas o sugerir cosas nuevas.,1
work_C1,action,"Hoy en día, es mejor realizar tareas básicas con tranquilidad en lugar de intentar destacar.",1
work_C1,action,Es mejor dejar en suspenso las decisiones o sugerencias que no sean urgentes hasta que la situación mejore.,1
work_C1_geum_df_earth,intro,Es un día en el que la capacidad laboral se reduce considerablemente e incluso las tareas básicas se vuelven difíciles.,1
work_C1_geum_df_earth,effect,La concentración se vuelve extremadamente baja y los errores se repiten en tareas importantes.,1
work_C1_geum_df_earth,action,Haga solo la cantidad mínima de trabajo hoy y posponga cualquier tarea irrazonable.,1
work_C1_geum_df_earth,state,"Debido a la falta de determinación, es fácil que se acumulen opciones indecisas, y la energía turbia puede reducir la motivación y nublar el juicio.",1
work_C1_geum_df_fire,intro,Es un día en el que la capacidad laboral se reduce considerablemente e incluso las tareas básicas se vuelven difíciles.,1
work_C1_geum_df_fire,effect,La concentración se vuelve extremadamente baja y los errores se repiten en tareas importantes.,1
work_C1_geum_df_fire,action,Haga solo la cantidad mínima de trabajo hoy y posponga cualquier tarea irrazonable.,1
work_C1_geum_df_fire,state,"Debido a la falta de determinación, es fácil tomar decisiones indecisas, y el Yang emocionado puede disipar la calma y provocar errores menores.",1
work_C1_geum_df_water,intro,Es un día en el que la capacidad laboral se reduce considerablemente e incluso las tareas básicas se vuelven difíciles.,1
work_C1_geum_df_water,effect,La concentración se vuelve extremadamente baja y los errores se repiten en tareas importantes.,1
work_C1_geum_df_water,action,Haga solo la cantidad mínima de trabajo hoy y posponga cualquier tarea irrazonable.,1
work_C1_geum_df_water,state,"Debido a la falta de determinación, es fácil que se acumulen decisiones indecisas, y es posible que la energía de la lluvia y la nieve no calme sus emociones, lo que hace que su corazón se sienta pesado.",1
work_C1_geum_df_wood,intro,Es un día en el que la capacidad laboral se reduce considerablemente e incluso las tareas básicas se vuelven difíciles.,1
work_C1_geum_df_wood,effect,La concentración se vuelve extremadamente baja y los errores se repiten en tareas importantes.,1
work_C1_geum_df_wood,action,Haga solo la cantidad mínima de trabajo hoy y posponga cualquier tarea irrazonable.,1
work_C1_geum_df_wood,state,"Debido a la falta de determinación, es fácil que se acumulen opciones indecisas y la energía del cambio puede seguir interfiriendo y alterando los planes.",1
work_C1_geum_ex_earth,intro,Es un día en el que la capacidad laboral se reduce considerablemente e incluso las tareas básicas se vuelven difíciles.,1
work_C1_geum_ex_earth,effect,La concentración se vuelve extremadamente baja y los errores se repiten en tareas importantes.,1
work_C1_geum_ex_earth,action,Haga solo la cantidad mínima de trabajo hoy y posponga cualquier tarea irrazonable.,1
work_C1_geum_ex_earth,state,"La agudeza puede ir demasiado lejos y suponer una carga para quienes le rodean, y la energía turbia puede reducir la motivación y nublar su juicio.",1
work_C1_geum_ex_fire,intro,Es un día en el que la capacidad laboral se reduce considerablemente e incluso las tareas básicas se vuelven difíciles.,1
work_C1_geum_ex_fire,effect,La concentración se vuelve extremadamente baja y los errores se repiten en tareas importantes.,1
work_C1_geum_ex_fire,action,Haga solo la cantidad mínima de trabajo hoy y posponga cualquier tarea irrazonable.,1
work_C1_geum_ex_fire,state,"Su agudeza puede ir demasiado lejos y suponer una carga para quienes le rodean, y su energía excitada puede disipar su calma y provocar errores menores.",1
work_C1_geum_ex_water,intro,Es un día en el que la capacidad laboral se reduce considerablemente e incluso las tareas básicas se vuelven difíciles.,1
work_C1_geum_ex_water,effect,La concentración se vuelve extremadamente baja y los errores se repiten en tareas importantes.,1
work_C1_geum_ex_water,action,Haga solo la cantidad mínima de trabajo hoy y posponga cualquier tarea irrazonable.,1
work_C1_geum_ex_water,state,"Tu agudeza puede ir demasiado lejos y suponer una carga para quienes te rodean, y la energía de la lluvia y la nieve no puede calmar tus emociones, haciendo que tu corazón se sienta pesado.",1
work_C1_geum_ex_wood,intro,Es un día en el que la capacidad laboral se reduce considerablemente e incluso las tareas básicas se vuelven difíciles.,1
work_C1_geum_ex_wood,effect,La concentración se vuelve extremadamente baja y los errores se repiten en tareas importantes.,1
work_C1_geum_ex_wood,action,Haga solo la cantidad mínima de trabajo hoy y posponga cualquier tarea irrazonable.,1
work_C1_geum_ex_wood,state,"Tu agudeza puede ir demasiado lejos y suponer una carga para quienes te rodean, y la energía del cambio puede seguir interfiriendo con tus planes.",1
work_C1_hwa_df_earth,intro,Es un día en el que casi no tengo motivación para trabajar y te resulta difícil realizar incluso las tareas básicas.,1
work_C1_hwa_df_earth,effect,El agotamiento de la energía detiene todo el flujo de trabajo.,1
work_C1_hwa_df_earth,action,Minimiza tus objetivos laborales del día y prioriza la recuperación.,1
work_C1_hwa_df_earth,state,"Es fácil que sus sentimientos no se transmitan adecuadamente debido al bloqueo de la expresión, y la energía turbia puede reducir la motivación y nublar su juicio.",1
work_C1_hwa_df_fire,intro,Es un día en el que casi no tengo motivación para trabajar y te resulta difícil realizar incluso las tareas básicas.,1
work_C1_hwa_df_fire,effect,El agotamiento de la energía detiene todo el flujo de trabajo.,1
work_C1_hwa_df_fire,action,Minimiza tus objetivos laborales del día y prioriza la recuperación.,1
work_C1_hwa_df_fire,state,"Es fácil que sus sentimientos no se transmitan adecuadamente debido al bloqueo de la expresión, y la energía excitada puede dispersar su calma y provocar errores menores.",1
work_C1_hwa_df_water,intro,Es un día en el que casi no tengo motivación para trabajar y te resulta difícil realizar incluso las tareas básicas.,1
work_C1_hwa_df_water,effect,El agotamiento de la energía detiene todo el flujo de trabajo.,1
work_C1_hwa_df_water,action,Minimiza tus objetivos laborales del día y prioriza la recuperación.,1
work_C1_hwa_df_water,state,"Debido a que las expresiones están bloqueadas, es fácil que sus sentimientos no se transmitan adecuadamente y la energía de la lluvia y la nieve no puede calmar sus emociones, lo que puede hacer que su corazón se sienta pesado.",1
work_C1_hwa_df_wood,intro,Es un día en el que casi no tengo motivación para trabajar y te resulta difícil realizar incluso las tareas básicas.,1
work_C1_hwa_df_wood,effect,El agotamiento de la energía detiene todo el flujo de trabajo.,1
work_C1_hwa_df_wood,action,Minimiza tus objetivos laborales del día y prioriza la recuperación.,1
work_C1_hwa_df_wood,state,"Es fácil que tus sentimientos no se transmitan adecuadamente debido al bloqueo de expresión, y la energía del cambio puede seguir interfiriendo y alterando tus planes.",1
work_C1_hwa_ex_earth,intro,Es un día en el que casi no tengo motivación para trabajar y te resulta difícil realizar incluso las tareas básicas.,1
work_C1_hwa_ex_earth,effect,El agotamiento de la energía detiene todo el flujo de trabajo.,1
work_C1_hwa_ex_earth,action,Minimiza tus objetivos laborales del día y prioriza la recuperación.,1
work_C1_hwa_ex_earth,state,"Es fácil que las emociones causen fricción incluso por cosas pequeñas, y la energía turbia puede reducir la motivación y nublar el juicio.",1
work_C1_hwa_ex_fire,intro,Es un día en el que casi no tengo motivación para trabajar y te resulta difícil realizar incluso las tareas básicas.,1
work_C1_hwa_ex_fire,effect,El agotamiento de la energía detiene todo el flujo de trabajo.,1
work_C1_hwa_ex_fire,action,Minimiza tus objetivos laborales del día y prioriza la recuperación.,1
work_C1_hwa_ex_fire,state,"Es fácil que las emociones causen fricción incluso por cosas pequeñas, y la energía excitada puede alterar la calma y provocar errores menores.",1
work_C1_hwa_ex_water,intro,Es un día en el que casi no tengo motivación para trabajar y te resulta difícil realizar incluso las tareas básicas.,1
work_C1_hwa_ex_water,effect,El agotamiento de la energía detiene todo el flujo de trabajo.,1
work_C1_hwa_ex_water,action,Minimiza tus objetivos laborales del día y prioriza la recuperación.,1
work_C1_hwa_ex_water,state,"Es fácil que surjan emociones incluso por cosas pequeñas, y la energía de la lluvia y la nieve no puede calmar tus emociones, lo que hace que tu corazón se sienta pesado.",1
work_C1_hwa_ex_wood,intro,Es un día en el que casi no tengo motivación para trabajar y te resulta difícil realizar incluso las tareas básicas.,1
work_C1_hwa_ex_wood,effect,El agotamiento de la energía detiene todo el flujo de trabajo.,1
work_C1_hwa_ex_wood,action,Minimiza tus objetivos laborales del día y prioriza la recuperación.,1
work_C1_hwa_ex_wood,state,"Si está impulsado emocionalmente, es fácil que surjan fricciones incluso por cosas pequeñas, y la energía del cambio puede seguir interfiriendo e interrumpiendo sus planes.",1
work_C1_mok_df_earth,intro,Es un día en el que el crecimiento empresarial se detiene por completo y las capacidades realmente se reducen.,1
work_C1_mok_df_earth,effect,La disminución de las capacidades está sacudiendo el trabajo existente.,1
work_C1_mok_df_earth,action,Deja de probar cosas nuevas por completo y limítate a lo básico.,1
work_C1_mok_df_earth,state,"Si dudas durante mucho tiempo, es fácil que una oportunidad se te escape de las manos y la energía turbia puede reducir la motivación y nublar tu juicio.",1
work_C1_mok_df_fire,intro,Es un día en el que el crecimiento empresarial se detiene por completo y las capacidades realmente se reducen.,1
work_C1_mok_df_fire,effect,La disminución de las capacidades está sacudiendo el trabajo existente.,1
work_C1_mok_df_fire,action,Deja de probar cosas nuevas por completo y limítate a lo básico.,1
work_C1_mok_df_fire,state,"Si dudas durante mucho tiempo, es fácil que se te escape una oportunidad y la energía excitada puede disipar tu calma y llevarte a errores menores.",1
work_C1_mok_df_water,intro,Es un día en el que el crecimiento empresarial se detiene por completo y las capacidades realmente se reducen.,1
work_C1_mok_df_water,effect,La disminución de las capacidades está sacudiendo el trabajo existente.,1
work_C1_mok_df_water,action,Deja de probar cosas nuevas por completo y limítate a lo básico.,1
work_C1_mok_df_water,state,"Si dudas durante mucho tiempo, es fácil que una oportunidad se te escape de las manos y la energía de la lluvia y la nieve no pueda calmar tus emociones, haciendo que tu corazón se sienta pesado.",1
work_C1_mok_df_wood,intro,Es un día en el que el crecimiento empresarial se detiene por completo y las capacidades realmente se reducen.,1
work_C1_mok_df_wood,effect,La disminución de las capacidades está sacudiendo el trabajo existente.,1
work_C1_mok_df_wood,action,Deja de probar cosas nuevas por completo y limítate a lo básico.,1
work_C1_mok_df_wood,state,"Si dudas durante mucho tiempo, es fácil que una oportunidad se te escape de las manos y la energía del cambio puede seguir interfiriendo y alterando tus planes.",1
work_C1_mok_ex_earth,intro,Es un día en el que el crecimiento empresarial se detiene por completo y las capacidades realmente se reducen.,1
work_C1_mok_ex_earth,effect,La disminución de las capacidades está sacudiendo el trabajo existente.,1
work_C1_mok_ex_earth,action,Deja de probar cosas nuevas por completo y limítate a lo básico.,1
work_C1_mok_ex_earth,state,"Es fácil que la codicia conduzca a cosas que no se pueden captar, y la energía turbia puede reducir la motivación y nublar el juicio.",1
work_C1_mok_ex_fire,intro,Es un día en el que el crecimiento empresarial se detiene por completo y las capacidades realmente se reducen.,1
work_C1_mok_ex_fire,effect,La disminución de las capacidades está sacudiendo el trabajo existente.,1
work_C1_mok_ex_fire,action,Deja de probar cosas nuevas por completo y limítate a lo básico.,1
work_C1_mok_ex_fire,state,"Es fácil volverse codicioso y hacer cosas que no puedes controlar, y la energía excitada puede perturbar tu calma y provocar errores menores.",1
work_C1_mok_ex_water,intro,Es un día en el que el crecimiento empresarial se detiene por completo y las capacidades realmente se reducen.,1
work_C1_mok_ex_water,effect,La disminución de las capacidades está sacudiendo el trabajo existente.,1
work_C1_mok_ex_water,action,Deja de probar cosas nuevas por completo y limítate a lo básico.,1
work_C1_mok_ex_water,state,"Es fácil volverse codicioso y hacer cosas que no puedes controlar, y la energía de la lluvia y la nieve no puede calmar tus emociones, lo que hace que tu corazón se sienta pesado.",1
work_C1_mok_ex_wood,intro,Es un día en el que el crecimiento empresarial se detiene por completo y las capacidades realmente se reducen.,1
work_C1_mok_ex_wood,effect,La disminución de las capacidades está sacudiendo el trabajo existente.,1
work_C1_mok_ex_wood,action,Deja de probar cosas nuevas por completo y limítate a lo básico.,1
work_C1_mok_ex_wood,state,"Es fácil volverse codicioso y terminar haciendo cosas que no puedes controlar, y la energía del cambio puede seguir interfiriendo e interrumpiendo tus planes.",1
work_C1_su_df_earth,intro,Es un día en el que la comunicación laboral se ve seriamente perturbada y toda la colaboración se tambalea.,1
work_C1_su_df_earth,effect,La falta de comunicación paraliza el trabajo en equipo y aumenta los conflictos.,1
work_C1_su_df_earth,action,No decida hoy sobre cuestiones importantes de colaboración y las posponga.,1
work_C1_su_df_earth,state,"Es fácil volverse terco y perder la noción de las cosas repetidamente, y la energía turbia puede reducir la motivación y nublar el juicio.",1
work_C1_su_df_fire,intro,Es un día en el que la comunicación laboral se ve seriamente perturbada y toda la colaboración se tambalea.,1
work_C1_su_df_fire,effect,La falta de comunicación paraliza el trabajo en equipo y aumenta los conflictos.,1
work_C1_su_df_fire,action,No decida hoy sobre cuestiones importantes de colaboración y las posponga.,1
work_C1_su_df_fire,state,"Es fácil volverse terco y perder la noción de la corriente, y la energía excitada puede perturbar su calma y provocar errores menores.",1
work_C1_su_df_water,intro,Es un día en el que la comunicación laboral se ve seriamente perturbada y toda la colaboración se tambalea.,1
work_C1_su_df_water,effect,La falta de comunicación paraliza el trabajo en equipo y aumenta los conflictos.,1
work_C1_su_df_water,action,No decida hoy sobre cuestiones importantes de colaboración y las posponga.,1
work_C1_su_df_water,state,"Es fácil volverse terco y perder la noción de la corriente, y la energía de la lluvia y la nieve no puede calmar tus emociones, lo que hace que tu corazón se sienta pesado.",1
work_C1_su_df_wood,intro,Es un día en el que la comunicación laboral se ve seriamente perturbada y toda la colaboración se tambalea.,1
work_C1_su_df_wood,effect,La falta de comunicación paraliza el trabajo en equipo y aumenta los conflictos.,1
work_C1_su_df_wood,action,No decida hoy sobre cuestiones importantes de colaboración y las posponga.,1
work_C1_su_df_wood,state,"Es fácil volverse terco y perder la noción de las cosas repetidamente, y la energía del cambio puede seguir interfiriendo y alterando sus planes.",1
work_C1_su_ex_earth,intro,Es un día en el que la comunicación laboral se ve seriamente perturbada y toda la colaboración se tambalea.,1
work_C1_su_ex_earth,effect,La falta de comunicación paraliza el trabajo en equipo y aumenta los conflictos.,1
work_C1_su_ex_earth,action,No decida hoy sobre cuestiones importantes de colaboración y las posponga.,1
work_C1_su_ex_earth,state,"Las emociones se vuelven más profundas, por lo que es fácil verse sacudido incluso por estímulos pequeños, y la energía turbia puede reducir la motivación y nublar el juicio.",1
work_C1_su_ex_fire,intro,Es un día en el que la comunicación laboral se ve seriamente perturbada y toda la colaboración se tambalea.,1
work_C1_su_ex_fire,effect,La falta de comunicación paraliza el trabajo en equipo y aumenta los conflictos.,1
work_C1_su_ex_fire,action,No decida hoy sobre cuestiones importantes de colaboración y las posponga.,1
work_C1_su_ex_fire,state,"Las emociones se vuelven profundas, por lo que es fácil verse sacudido incluso por el más mínimo estímulo, y la energía excitada puede alterar la calma y provocar errores menores.",1
work_C1_su_ex_water,intro,Es un día en el que la comunicación laboral se ve seriamente perturbada y toda la colaboración se tambalea.,1
work_C1_su_ex_water,effect,La falta de comunicación paraliza el trabajo en equipo y aumenta los conflictos.,1
work_C1_su_ex_water,action,No decida hoy sobre cuestiones importantes de colaboración y las posponga.,1
work_C1_su_ex_water,state,"A medida que las emociones se vuelven más profundas, es fácil verse sacudido incluso por el más mínimo estímulo, y es posible que la energía de la lluvia y la nieve no calme las emociones, lo que hace que el corazón se sienta pesado.",1
work_C1_su_ex_wood,intro,Es un día en el que la comunicación laboral se ve seriamente perturbada y toda la colaboración se tambalea.,1
work_C1_su_ex_wood,effect,La falta de comunicación paraliza el trabajo en equipo y aumenta los conflictos.,1
work_C1_su_ex_wood,action,No decida hoy sobre cuestiones importantes de colaboración y las posponga.,1
work_C1_su_ex_wood,state,"A medida que sus emociones se profundizan, es fácil verse sacudido incluso por el más mínimo estímulo, y la energía del cambio puede seguir interfiriendo e interrumpiendo sus planes.",1
work_C1_to_df_earth,intro,Es un día en el que tu base laboral se vuelve inestable y todo tu trabajo está en riesgo.,1
work_C1_to_df_earth,effect,El estado inestable crea una serie de errores laborales.,1
work_C1_to_df_earth,action,Concéntrate en la tarea más importante y deja el resto para mañana.,1
work_C1_to_df_earth,state,"Debido a que no estás centrado, es fácil que tus decisiones cambien y la energía turbia puede reducir la motivación y nublar tu juicio.",1
work_C1_to_df_fire,intro,Es un día en el que tu base laboral se vuelve inestable y todo tu trabajo está en riesgo.,1
work_C1_to_df_fire,effect,El estado inestable crea una serie de errores laborales.,1
work_C1_to_df_fire,action,Concéntrate en la tarea más importante y deja el resto para mañana.,1
work_C1_to_df_fire,state,"Debido a que no estás centrado, es fácil que tus decisiones cambien y tu energía excitada puede disipar tu calma y llevarte a errores menores.",1
work_C1_to_df_water,intro,Es un día en el que tu base laboral se vuelve inestable y todo tu trabajo está en riesgo.,1
work_C1_to_df_water,effect,El estado inestable crea una serie de errores laborales.,1
work_C1_to_df_water,action,Concéntrate en la tarea más importante y deja el resto para mañana.,1
work_C1_to_df_water,state,"Debido a que no estás centrado, es fácil que tus decisiones cambien y la energía de la lluvia y la nieve no puede calmar tus emociones, lo que hace que tu corazón se sienta pesado.",1
work_C1_to_df_wood,intro,Es un día en el que tu base laboral se vuelve inestable y todo tu trabajo está en riesgo.,1
work_C1_to_df_wood,effect,El estado inestable crea una serie de errores laborales.,1
work_C1_to_df_wood,action,Concéntrate en la tarea más importante y deja el resto para mañana.,1
work_C1_to_df_wood,state,"Como no estás centrado, es fácil que tus decisiones cambien y la energía del cambio puede seguir interfiriendo con tus planes.",1
work_C1_to_ex_earth,intro,Es un día en el que tu base laboral se vuelve inestable y todo tu trabajo está en riesgo.,1
work_C1_to_ex_earth,effect,El estado inestable crea una serie de errores laborales.,1
work_C1_to_ex_earth,action,Concéntrate en la tarea más importante y deja el resto para mañana.,1
work_C1_to_ex_earth,state,"Es fácil ignorar los cambios que requieren una obstinada orientación hacia la estabilidad, y la energía turbia puede reducir la motivación y nublar el juicio.",1
work_C1_to_ex_fire,intro,Es un día en el que tu base laboral se vuelve inestable y todo tu trabajo está en riesgo.,1
work_C1_to_ex_fire,effect,El estado inestable crea una serie de errores laborales.,1
work_C1_to_ex_fire,action,Concéntrate en la tarea más importante y deja el resto para mañana.,1
work_C1_to_ex_fire,state,"Es fácil ignorar los cambios que requieren una estabilidad tenaz, y la energía excitada puede perturbar la calma y provocar errores menores.",1
work_C1_to_ex_water,intro,Es un día en el que tu base laboral se vuelve inestable y todo tu trabajo está en riesgo.,1
work_C1_to_ex_water,effect,El estado inestable crea una serie de errores laborales.,1
work_C1_to_ex_water,action,Concéntrate en la tarea más importante y deja el resto para mañana.,1
work_C1_to_ex_water,state,"Es fácil ignorar los cambios que requieren una estabilidad obstinada, y es posible que la energía de la lluvia y la nieve no calme sus emociones, lo que hace que su corazón se sienta pesado.",1
work_C1_to_ex_wood,intro,Es un día en el que tu base laboral se vuelve inestable y todo tu trabajo está en riesgo.,1
work_C1_to_ex_wood,effect,El estado inestable crea una serie de errores laborales.,1
work_C1_to_ex_wood,action,Concéntrate en la tarea más importante y deja el resto para mañana.,1
work_C1_to_ex_wood,state,"Es fácil ignorar los cambios que requieren una obstinada orientación hacia la estabilidad, y la energía del cambio puede seguir interfiriendo y alterando sus planes.",1
work_D,intro,"La energía laboral está casi en su punto más bajo hoy en día, por lo que es seguro jugar solo lo mínimo indispensable.",1
work_D,intro,"La energía laboral es muy baja hoy en día, por lo que debes tener cuidado al probar cosas nuevas además de las tareas existentes.",1
work_D,effect,Este es un día en el que es mucho más probable que se produzcan errores y conflictos laborales de lo habitual y cada acción debe ser revisada dos veces.,1
work_D,effect,"Una nueva tarea que comience hoy puede convertirse en una gran carga más adelante, por lo que es mejor posponer su inicio.",1
work_D,action,Hoy en el trabajo quédate callado y evita hacer acciones o comentarios llamativos.,1
work_D,action,Delegue lo que se pueda delegar y revíselo dos veces antes de proceder con lo que debe hacerse solo.,1
work_D_geum_df_earth,intro,Es un día en el que la capacidad de trabajo está en su punto más bajo y es difícil afrontar adecuadamente cualquier tarea.,1
work_D_geum_df_earth,effect,Una disminución total de la capacidad laboral empeora todos los resultados.,1
work_D_geum_df_earth,action,Mantenga su carga de trabajo al mínimo hoy y concéntrese en su recuperación.,1
work_D_geum_df_earth,state,"Tu determinación puede verse muy rota, y cualquier elección que hagas puede resultar en arrepentimiento, y la energía espesa y turbia puede ralentizar todo en gran medida.",1
work_D_geum_df_fire,intro,Es un día en el que la capacidad de trabajo está en su punto más bajo y es difícil afrontar adecuadamente cualquier tarea.,1
work_D_geum_df_fire,effect,Una disminución total de la capacidad laboral empeora todos los resultados.,1
work_D_geum_df_fire,action,Mantenga su carga de trabajo al mínimo hoy y concéntrese en su recuperación.,1
work_D_geum_df_fire,state,"La capacidad de decisión puede verse muy debilitada y cualquier elección puede conducir al arrepentimiento, y un yang fuerte puede fomentar impulsos y conducir a acciones imprudentes.",1
work_D_geum_df_water,intro,Es un día en el que la capacidad de trabajo está en su punto más bajo y es difícil afrontar adecuadamente cualquier tarea.,1
work_D_geum_df_water,effect,Una disminución total de la capacidad laboral empeora todos los resultados.,1
work_D_geum_df_water,action,Mantenga su carga de trabajo al mínimo hoy y concéntrese en su recuperación.,1
work_D_geum_df_water,state,"Su determinación puede verse alterada en gran medida, y cualquier elección que haga puede resultar en arrepentimiento, y la fuerza de las fuertes lluvias y nieves puede sacudir sus emociones violentamente, haciendo difícil controlarlas.",1
work_D_geum_df_wood,intro,Es un día en el que la capacidad de trabajo está en su punto más bajo y es difícil afrontar adecuadamente cualquier tarea.,1
work_D_geum_df_wood,effect,Una disminución total de la capacidad laboral empeora todos los resultados.,1
work_D_geum_df_wood,action,Mantenga su carga de trabajo al mínimo hoy y concéntrese en su recuperación.,1
work_D_geum_df_wood,state,"Su determinación puede verse muy quebrantada, cualquier elección que haga puede terminar en arrepentimiento y la feroz energía del cambio puede hacer que todas sus predicciones se extravíen.",1
work_D_geum_ex_earth,intro,Es un día en el que la capacidad de trabajo está en su punto más bajo y es difícil afrontar adecuadamente cualquier tarea.,1
work_D_geum_ex_earth,effect,Una disminución total de la capacidad laboral empeora todos los resultados.,1
work_D_geum_ex_earth,action,Mantenga su carga de trabajo al mínimo hoy y concéntrese en su recuperación.,1
work_D_geum_ex_earth,state,"Si la nitidez va demasiado lejos, puede crear una profunda grieta con el entorno, y la espesa energía turbia puede ralentizar todo enormemente.",1
work_D_geum_ex_fire,intro,Es un día en el que la capacidad de trabajo está en su punto más bajo y es difícil afrontar adecuadamente cualquier tarea.,1
work_D_geum_ex_fire,effect,Una disminución total de la capacidad laboral empeora todos los resultados.,1
work_D_geum_ex_fire,action,Mantenga su carga de trabajo al mínimo hoy y concéntrese en su recuperación.,1
work_D_geum_ex_fire,state,"La agudeza puede ir demasiado lejos y crear profundas divisiones con quienes te rodean, y un yang fuerte puede fomentar impulsos y conducir a acciones imprudentes.",1
work_D_geum_ex_water,intro,Es un día en el que la capacidad de trabajo está en su punto más bajo y es difícil afrontar adecuadamente cualquier tarea.,1
work_D_geum_ex_water,effect,Una disminución total de la capacidad laboral empeora todos los resultados.,1
work_D_geum_ex_water,action,Mantenga su carga de trabajo al mínimo hoy y concéntrese en su recuperación.,1
work_D_geum_ex_water,state,"La nitidez puede ir demasiado lejos y crear grietas profundas en el entorno, y la fuerza de la lluvia y la nieve intensas puede sacudir tus emociones violentamente, dificultando su control.",1
work_D_geum_ex_wood,intro,Es un día en el que la capacidad de trabajo está en su punto más bajo y es difícil afrontar adecuadamente cualquier tarea.,1
work_D_geum_ex_wood,effect,Una disminución total de la capacidad laboral empeora todos los resultados.,1
work_D_geum_ex_wood,action,Mantenga su carga de trabajo al mínimo hoy y concéntrese en su recuperación.,1
work_D_geum_ex_wood,state,"La nitidez puede ir demasiado lejos y crear profundas grietas en el entorno, y la feroz energía del cambio puede desviar todas las predicciones.",1
work_D_hwa_df_earth,intro,Son los días en los que la motivación para trabajar se agota por completo y ninguna motivación funciona.,1
work_D_hwa_df_earth,effect,La baja energía paraliza todo el trabajo.,1
work_D_hwa_df_earth,action,Minimiza tu trabajo hoy y recarga energías antes de empezar mañana.,1
work_D_hwa_df_earth,state,"La forma de transmitir los propios sentimientos está completamente cerrada, lo que puede profundizar los malentendidos y la desconexión, y la energía espesa y turbia puede ralentizar todo enormemente.",1
work_D_hwa_df_fire,intro,Son los días en los que la motivación para trabajar se agota por completo y ninguna motivación funciona.,1
work_D_hwa_df_fire,effect,La baja energía paraliza todo el trabajo.,1
work_D_hwa_df_fire,action,Minimiza tu trabajo hoy y recarga energías antes de empezar mañana.,1
work_D_hwa_df_fire,state,"La forma de comunicar los propios sentimientos es completamente cerrada, lo que puede profundizar los malentendidos y la desconexión, y una fuerte energía positiva puede fomentar impulsos y conducir a acciones imprudentes.",1
work_D_hwa_df_water,intro,Son los días en los que la motivación para trabajar se agota por completo y ninguna motivación funciona.,1
work_D_hwa_df_water,effect,La baja energía paraliza todo el trabajo.,1
work_D_hwa_df_water,action,Minimiza tu trabajo hoy y recarga energías antes de empezar mañana.,1
work_D_hwa_df_water,state,"La forma de comunicar los propios sentimientos es completamente cerrada, lo que puede profundizar los malentendidos y la desconexión, y la fuerza de las fuertes lluvias y nieves puede sacudir las emociones violentamente, dificultando su control.",1
work_D_hwa_df_wood,intro,Son los días en los que la motivación para trabajar se agota por completo y ninguna motivación funciona.,1
work_D_hwa_df_wood,effect,La baja energía paraliza todo el trabajo.,1
work_D_hwa_df_wood,action,Minimiza tu trabajo hoy y recarga energías antes de empezar mañana.,1
work_D_hwa_df_wood,state,"La forma de comunicar los propios sentimientos está completamente cerrada, los malentendidos y la desconexión pueden profundizarse, y la feroz energía del cambio puede hacer que todas las predicciones se extravíen.",1
work_D_hwa_ex_earth,intro,Son los días en los que la motivación para trabajar se agota por completo y ninguna motivación funciona.,1
work_D_hwa_ex_earth,effect,La baja energía paraliza todo el trabajo.,1
work_D_hwa_ex_earth,action,Minimiza tu trabajo hoy y recarga energías antes de empezar mañana.,1
work_D_hwa_ex_earth,state,"Las emociones sobrecalentadas pueden convertirse en un conflicto irreparable, y la energía espesa y turbia puede ralentizar todo enormemente.",1
work_D_hwa_ex_fire,intro,Son los días en los que la motivación para trabajar se agota por completo y ninguna motivación funciona.,1
work_D_hwa_ex_fire,effect,La baja energía paraliza todo el trabajo.,1
work_D_hwa_ex_fire,action,Minimiza tu trabajo hoy y recarga energías antes de empezar mañana.,1
work_D_hwa_ex_fire,state,Las emociones sobrecalentadas pueden provocar conflictos irreversibles y un yang fuerte puede fomentar impulsos y conducir a acciones imprudentes.,1
work_D_hwa_ex_water,intro,Son los días en los que la motivación para trabajar se agota por completo y ninguna motivación funciona.,1
work_D_hwa_ex_water,effect,La baja energía paraliza todo el trabajo.,1
work_D_hwa_ex_water,action,Minimiza tu trabajo hoy y recarga energías antes de empezar mañana.,1
work_D_hwa_ex_water,state,"Las emociones sobrecalentadas pueden convertirse en un conflicto irreparable, y la fuerza de las fuertes lluvias y nieve sacude las emociones violentamente, dificultando el control.",1
work_D_hwa_ex_wood,intro,Son los días en los que la motivación para trabajar se agota por completo y ninguna motivación funciona.,1
work_D_hwa_ex_wood,effect,La baja energía paraliza todo el trabajo.,1
work_D_hwa_ex_wood,action,Minimiza tu trabajo hoy y recarga energías antes de empezar mañana.,1
work_D_hwa_ex_wood,state,"Las emociones sobrecalentadas pueden derivar en un conflicto irreparable, y la feroz energía del cambio puede hacer que todas las predicciones se extravíen.",1
work_D_mok_df_earth,intro,Es un día en el que tu capacidad de trabajo está completamente baja y cualquier intento que hagas se vuelve contraproducente.,1
work_D_mok_df_earth,effect,El agotamiento de las competencias provoca el colapso del trabajo general.,1
work_D_mok_df_earth,action,Deja el trabajo hoy y descansa por completo.,1
work_D_mok_df_earth,state,"El miedo puede impedirte por completo actuar e incluso hacerte perder oportunidades, y la energía espesa y turbia puede ralentizar todo enormemente.",1
work_D_mok_df_fire,intro,Es un día en el que tu capacidad de trabajo está completamente baja y cualquier intento que hagas se vuelve contraproducente.,1
work_D_mok_df_fire,effect,El agotamiento de las competencias provoca el colapso del trabajo general.,1
work_D_mok_df_fire,action,Deja el trabajo hoy y descansa por completo.,1
work_D_mok_df_fire,state,"El miedo puede detener por completo una acción e incluso provocar la pérdida de oportunidades, y una fuerte energía positiva puede fomentar impulsos y conducir a acciones imprudentes.",1
work_D_mok_df_water,intro,Es un día en el que tu capacidad de trabajo está completamente baja y cualquier intento que hagas se vuelve contraproducente.,1
work_D_mok_df_water,effect,El agotamiento de las competencias provoca el colapso del trabajo general.,1
work_D_mok_df_water,action,Deja el trabajo hoy y descansa por completo.,1
work_D_mok_df_water,state,"El miedo puede impedirle por completo actuar e incluso hacer que pierda oportunidades, y la fuerza de las fuertes lluvias y nieves puede sacudir tanto sus emociones que resulta difícil controlarlas.",1
work_D_mok_df_wood,intro,Es un día en el que tu capacidad de trabajo está completamente baja y cualquier intento que hagas se vuelve contraproducente.,1
work_D_mok_df_wood,effect,El agotamiento de las competencias provoca el colapso del trabajo general.,1
work_D_mok_df_wood,action,Deja el trabajo hoy y descansa por completo.,1
work_D_mok_df_wood,state,"El miedo puede detener por completo la acción e incluso conducir a la pérdida de oportunidades, y la feroz energía del cambio puede hacer que todas las predicciones se extravíen.",1
work_D_mok_ex_earth,intro,Es un día en el que tu capacidad de trabajo está completamente baja y cualquier intento que hagas se vuelve contraproducente.,1
work_D_mok_ex_earth,effect,El agotamiento de las competencias provoca el colapso del trabajo general.,1
work_D_mok_ex_earth,action,Deja el trabajo hoy y descansa por completo.,1
work_D_mok_ex_earth,state,La motivación incontrolable puede provocar accidentes irrazonables y la energía espesa y turbia puede ralentizar todo considerablemente.,1
work_D_mok_ex_fire,intro,Es un día en el que tu capacidad de trabajo está completamente baja y cualquier intento que hagas se vuelve contraproducente.,1
work_D_mok_ex_fire,effect,El agotamiento de las competencias provoca el colapso del trabajo general.,1
work_D_mok_ex_fire,action,Deja el trabajo hoy y descansa por completo.,1
work_D_mok_ex_fire,state,La motivación incontrolable puede provocar accidentes irrazonables y una fuerte energía positiva puede fomentar impulsos y conducir a acciones imprudentes.,1
work_D_mok_ex_water,intro,Es un día en el que tu capacidad de trabajo está completamente baja y cualquier intento que hagas se vuelve contraproducente.,1
work_D_mok_ex_water,effect,El agotamiento de las competencias provoca el colapso del trabajo general.,1
work_D_mok_ex_water,action,Deja el trabajo hoy y descansa por completo.,1
work_D_mok_ex_water,state,"La motivación incontrolable puede provocar accidentes irrazonables, y la fuerza de las fuertes lluvias y nieves puede sacudir violentamente las emociones, dificultando el control.",1
work_D_mok_ex_wood,intro,Es un día en el que tu capacidad de trabajo está completamente baja y cualquier intento que hagas se vuelve contraproducente.,1
work_D_mok_ex_wood,effect,El agotamiento de las competencias provoca el colapso del trabajo general.,1
work_D_mok_ex_wood,action,Deja el trabajo hoy y descansa por completo.,1
work_D_mok_ex_wood,state,La motivación incontrolable puede conducir a pensamientos irracionales y la feroz energía del cambio puede hacer que todas las predicciones se extravíen.,1
work_D_su_df_earth,intro,Es un día en el que la comunicación laboral se corta por completo y la colaboración es imposible.,1
work_D_su_df_earth,effect,Una falla en la comunicación tiene el peor impacto en el trabajo de todo el equipo.,1
work_D_su_df_earth,action,Transfiera todas las tareas de colaboración de hoy al mañana.,1
work_D_su_df_earth,state,"Una actitud rígida bloquea todo flujo, dificultando el progreso, y la energía espesa y turbia puede ralentizar todo en gran medida.",1
work_D_su_df_fire,intro,Es un día en el que la comunicación laboral se corta por completo y la colaboración es imposible.,1
work_D_su_df_fire,effect,Una falla en la comunicación tiene el peor impacto en el trabajo de todo el equipo.,1
work_D_su_df_fire,action,Transfiera todas las tareas de colaboración de hoy al mañana.,1
work_D_su_df_fire,state,"Una actitud rígida bloquea todo flujo, dificultando el progreso, y una fuerte energía positiva puede fomentar impulsos y conducir a acciones imprudentes.",1
work_D_su_df_water,intro,Es un día en el que la comunicación laboral se corta por completo y la colaboración es imposible.,1
work_D_su_df_water,effect,Una falla en la comunicación tiene el peor impacto en el trabajo de todo el equipo.,1
work_D_su_df_water,action,Transfiera todas las tareas de colaboración de hoy al mañana.,1
work_D_su_df_water,state,"Una actitud rígida bloquea todo flujo, dificultando el progreso, y la fuerza de las fuertes lluvias y nieve sacude violentamente las emociones, dificultando el control.",1
work_D_su_df_wood,intro,Es un día en el que la comunicación laboral se corta por completo y la colaboración es imposible.,1
work_D_su_df_wood,effect,Una falla en la comunicación tiene el peor impacto en el trabajo de todo el equipo.,1
work_D_su_df_wood,action,Transfiera todas las tareas de colaboración de hoy al mañana.,1
work_D_su_df_wood,state,"Una actitud rígida bloquea todo flujo, dificulta el progreso, y la feroz energía del cambio puede hacer que todas las predicciones se extravíen.",1
work_D_su_ex_earth,intro,Es un día en el que la comunicación laboral se corta por completo y la colaboración es imposible.,1
work_D_su_ex_earth,effect,Una falla en la comunicación tiene el peor impacto en el trabajo de todo el equipo.,1
work_D_su_ex_earth,action,Transfiera todas las tareas de colaboración de hoy al mañana.,1
work_D_su_ex_earth,state,"El torrente de emociones puede abrumar la razón y conducir a grandes errores, y la energía espesa y turbia puede ralentizar todo enormemente.",1
work_D_su_ex_fire,intro,Es un día en el que la comunicación laboral se corta por completo y la colaboración es imposible.,1
work_D_su_ex_fire,effect,Una falla en la comunicación tiene el peor impacto en el trabajo de todo el equipo.,1
work_D_su_ex_fire,action,Transfiera todas las tareas de colaboración de hoy al mañana.,1
work_D_su_ex_fire,state,"Un torrente de emociones puede abrumar la razón y provocar grandes errores, y una fuerte energía positiva puede fomentar impulsos y conducir a acciones imprudentes.",1
work_D_su_ex_water,intro,Es un día en el que la comunicación laboral se corta por completo y la colaboración es imposible.,1
work_D_su_ex_water,effect,Una falla en la comunicación tiene el peor impacto en el trabajo de todo el equipo.,1
work_D_su_ex_water,action,Transfiera todas las tareas de colaboración de hoy al mañana.,1
work_D_su_ex_water,state,"Un torrente de emociones puede abrumar la razón y conducir a grandes errores, y la fuerza de una fuerte lluvia y nieve puede sacudir las emociones violentamente, haciendo difícil controlarlas.",1
work_D_su_ex_wood,intro,Es un día en el que la comunicación laboral se corta por completo y la colaboración es imposible.,1
work_D_su_ex_wood,effect,Una falla en la comunicación tiene el peor impacto en el trabajo de todo el equipo.,1
work_D_su_ex_wood,action,Transfiera todas las tareas de colaboración de hoy al mañana.,1
work_D_su_ex_wood,state,"El torrente de emociones puede abrumar la razón y conducir a grandes errores, y la feroz energía del cambio puede hacer que todas las predicciones se extravíen.",1
work_D_to_df_earth,intro,Es un día en el que la estabilidad laboral se pierde por completo y no se puede trabajar con normalidad.,1
work_D_to_df_earth,effect,La extrema inestabilidad paraliza todo el trabajo.,1
work_D_to_df_earth,action,Deja el trabajo por completo hoy y concéntrate solo en la recuperación.,1
work_D_to_df_earth,state,"Puedes perder completamente el equilibrio y todo puede salirse de control, y la energía espesa y turbia puede ralentizar todo enormemente.",1
work_D_to_df_fire,intro,Es un día en el que la estabilidad laboral se pierde por completo y no se puede trabajar con normalidad.,1
work_D_to_df_fire,effect,La extrema inestabilidad paraliza todo el trabajo.,1
work_D_to_df_fire,action,Deja el trabajo por completo hoy y concéntrate solo en la recuperación.,1
work_D_to_df_fire,state,"Si pierdes completamente el equilibrio, todo puede salirse de control y una fuerte energía yang puede fomentar impulsos y llevarte a acciones imprudentes.",1
work_D_to_df_water,intro,Es un día en el que la estabilidad laboral se pierde por completo y no se puede trabajar con normalidad.,1
work_D_to_df_water,effect,La extrema inestabilidad paraliza todo el trabajo.,1
work_D_to_df_water,action,Deja el trabajo por completo hoy y concéntrate solo en la recuperación.,1
work_D_to_df_water,state,"Puedes perder completamente el equilibrio y todo puede salirse de control, y la fuerza de la fuerte lluvia y la nieve puede sacudir tanto tus emociones que resulta difícil controlarlas.",1
work_D_to_df_wood,intro,Es un día en el que la estabilidad laboral se pierde por completo y no se puede trabajar con normalidad.,1
work_D_to_df_wood,effect,La extrema inestabilidad paraliza todo el trabajo.,1
work_D_to_df_wood,action,Deja el trabajo por completo hoy y concéntrate solo en la recuperación.,1
work_D_to_df_wood,state,"Si pierdes completamente el equilibrio, todo puede salirse de control y la violenta energía del cambio puede desviar todas tus predicciones.",1
work_D_to_ex_earth,intro,Es un día en el que la estabilidad laboral se pierde por completo y no se puede trabajar con normalidad.,1
work_D_to_ex_earth,effect,La extrema inestabilidad paraliza todo el trabajo.,1
work_D_to_ex_earth,action,Deja el trabajo por completo hoy y concéntrate solo en la recuperación.,1
work_D_to_ex_earth,state,"Negarse a cambiar puede agravar una crisis y dificultar la recuperación, y una atmósfera espesa y turbia puede ralentizar todo considerablemente.",1
work_D_to_ex_fire,intro,Es un día en el que la estabilidad laboral se pierde por completo y no se puede trabajar con normalidad.,1
work_D_to_ex_fire,effect,La extrema inestabilidad paraliza todo el trabajo.,1
work_D_to_ex_fire,action,Deja el trabajo por completo hoy y concéntrate solo en la recuperación.,1
work_D_to_ex_fire,state,"Negarse a cambiar puede agravar la crisis y dificultar la recuperación, y una fuerte energía positiva puede fomentar impulsos y conducir a acciones imprudentes.",1
work_D_to_ex_water,intro,Es un día en el que la estabilidad laboral se pierde por completo y no se puede trabajar con normalidad.,1
work_D_to_ex_water,effect,La extrema inestabilidad paraliza todo el trabajo.,1
work_D_to_ex_water,action,Deja el trabajo por completo hoy y concéntrate solo en la recuperación.,1
work_D_to_ex_water,state,"Negarse a cambiar puede agravar la crisis y dificultar la recuperación, y la fuerza de las fuertes lluvias y nieves puede sacudir violentamente las emociones, dificultando el control.",1
work_D_to_ex_wood,intro,Es un día en el que la estabilidad laboral se pierde por completo y no se puede trabajar con normalidad.,1
work_D_to_ex_wood,effect,La extrema inestabilidad paraliza todo el trabajo.,1
work_D_to_ex_wood,action,Deja el trabajo por completo hoy y concéntrate solo en la recuperación.,1
work_D_to_ex_wood,state,"Negarse a cambiar puede agravar una crisis y dificultar la recuperación, y la feroz energía del cambio puede hacer que todas las predicciones se extravíen.",1
love_A,intro,Hoy es un día en el que brillará tu suerte en las relaciones y recibirás una respuesta positiva si expresas tus sentimientos.,1
love_A,intro,"La energía del amor abunda hoy, por lo que espero encuentros emocionantes y relaciones más profundas.",1
love_A,effect,Es un buen día para que la otra persona abra su corazón y se produce una comunicación natural.,1
love_A,effect,Las expresiones de cariño brillan y los momentos cálidos continúan seguidos en vuestra relación.,1
love_A,action,Expresar tus sentimientos honestos hoy puede conmover enormemente el corazón de otra persona.,1
love_A,action,"Si inicias la conversación primero, la buena energía de hoy profundizará tu relación.",1
love_A_geum_df_earth,intro,Es un día en el que tu encanto romántico está en su apogeo y dejas una fuerte impresión en tu pareja.,1
love_A_geum_df_earth,effect,La expresión clara de las emociones desarrolla rápidamente las relaciones con los demás.,1
love_A_geum_df_earth,action,"Si alguna vez has querido expresar tus sentimientos, hoy es el momento perfecto.",1
love_A_geum_df_earth,state,"El juicio sereno aumenta la prudencia, lo que conduce a una percepción profunda, y la energía tranquila aumenta la prudencia, lo que conduce a buenos resultados.",1
love_A_geum_df_fire,intro,Es un día en el que tu encanto romántico está en su apogeo y dejas una fuerte impresión en tu pareja.,1
love_A_geum_df_fire,effect,La expresión clara de las emociones desarrolla rápidamente las relaciones con los demás.,1
love_A_geum_df_fire,action,"Si alguna vez has querido expresar tus sentimientos, hoy es el momento perfecto.",1
love_A_geum_df_fire,state,"El juicio tranquilo aumenta la prudencia, conduce a una visión profunda y la energía clara aumenta la vitalidad y crea un buen flujo.",1
love_A_geum_df_water,intro,Es un día en el que tu encanto romántico está en su apogeo y dejas una fuerte impresión en tu pareja.,1
love_A_geum_df_water,effect,La expresión clara de las emociones desarrolla rápidamente las relaciones con los demás.,1
love_A_geum_df_water,action,"Si alguna vez has querido expresar tus sentimientos, hoy es el momento perfecto.",1
love_A_geum_df_water,state,"El juicio tranquilo aumenta la prudencia y conduce a una visión profunda, y la energía húmeda refina profundamente la mente y abre una visión clara.",1
love_A_geum_df_wood,intro,Es un día en el que tu encanto romántico está en su apogeo y dejas una fuerte impresión en tu pareja.,1
love_A_geum_df_wood,effect,La expresión clara de las emociones desarrolla rápidamente las relaciones con los demás.,1
love_A_geum_df_wood,action,"Si alguna vez has querido expresar tus sentimientos, hoy es el momento perfecto.",1
love_A_geum_df_wood,state,"El juicio sereno aumenta la prudencia, conduce a una visión profunda y la energía dinámica abre nuevas posibilidades.",1
love_A_geum_ex_earth,intro,Es un día en el que tu encanto romántico está en su apogeo y dejas una fuerte impresión en tu pareja.,1
love_A_geum_ex_earth,effect,La expresión clara de las emociones desarrolla rápidamente las relaciones con los demás.,1
love_A_geum_ex_earth,action,"Si alguna vez has querido expresar tus sentimientos, hoy es el momento perfecto.",1
love_A_geum_ex_earth,state,"El juicio agudo penetra hasta lo más profundo y conduce a conclusiones claras, y la energía tranquila aumenta la prudencia y conduce a buenos resultados.",1
love_A_geum_ex_fire,intro,Es un día en el que tu encanto romántico está en su apogeo y dejas una fuerte impresión en tu pareja.,1
love_A_geum_ex_fire,effect,La expresión clara de las emociones desarrolla rápidamente las relaciones con los demás.,1
love_A_geum_ex_fire,action,"Si alguna vez has querido expresar tus sentimientos, hoy es el momento perfecto.",1
love_A_geum_ex_fire,state,"El juicio agudo penetra el núcleo y saca conclusiones claras, y la energía clara aumenta la vitalidad y crea un buen flujo.",1
love_A_geum_ex_water,intro,Es un día en el que tu encanto romántico está en su apogeo y dejas una fuerte impresión en tu pareja.,1
love_A_geum_ex_water,effect,La expresión clara de las emociones desarrolla rápidamente las relaciones con los demás.,1
love_A_geum_ex_water,action,"Si alguna vez has querido expresar tus sentimientos, hoy es el momento perfecto.",1
love_A_geum_ex_water,state,"El juicio agudo penetra el núcleo y saca conclusiones claras, y la energía húmeda refina profundamente la mente y abre una visión clara.",1
love_A_geum_ex_wood,intro,Es un día en el que tu encanto romántico está en su apogeo y dejas una fuerte impresión en tu pareja.,1
love_A_geum_ex_wood,effect,La expresión clara de las emociones desarrolla rápidamente las relaciones con los demás.,1
love_A_geum_ex_wood,action,"Si alguna vez has querido expresar tus sentimientos, hoy es el momento perfecto.",1
love_A_geum_ex_wood,state,"El juicio agudo penetra hasta lo más profundo y saca conclusiones claras, y la energía dinámica abre nuevas posibilidades.",1
love_A_hwa_df_earth,intro,Es un día donde la pasión del amor se desborda y jalas profundamente a tu pareja.,1
love_A_hwa_df_earth,effect,Las emociones calientes encienden una relación y fortalecen el vínculo.,1
love_A_hwa_df_earth,action,"Si transmites tus sentimientos con sinceridad, la otra persona responderá plenamente.",1
love_A_hwa_df_earth,state,"Un yo interior tranquilo te da el poder de expresar plenamente tu sinceridad, y una energía tranquila aumenta la prudencia, lo que conduce a buenos resultados.",1
love_A_hwa_df_fire,intro,Es un día donde la pasión del amor se desborda y jalas profundamente a tu pareja.,1
love_A_hwa_df_fire,effect,Las emociones calientes encienden una relación y fortalecen el vínculo.,1
love_A_hwa_df_fire,action,"Si transmites tus sentimientos con sinceridad, la otra persona responderá plenamente.",1
love_A_hwa_df_fire,state,"Un yo interior tranquilo te da el poder de expresar plenamente tu sinceridad, y la energía clara aumenta tu vitalidad y crea un buen flujo.",1
love_A_hwa_df_water,intro,Es un día donde la pasión del amor se desborda y jalas profundamente a tu pareja.,1
love_A_hwa_df_water,effect,Las emociones calientes encienden una relación y fortalecen el vínculo.,1
love_A_hwa_df_water,action,"Si transmites tus sentimientos con sinceridad, la otra persona responderá plenamente.",1
love_A_hwa_df_water,state,"Un yo interior tranquilo te da el poder de expresar plenamente tus verdaderos sentimientos, y la energía húmeda refina profundamente tu mente y abre una visión clara.",1
love_A_hwa_df_wood,intro,Es un día donde la pasión del amor se desborda y jalas profundamente a tu pareja.,1
love_A_hwa_df_wood,effect,Las emociones calientes encienden una relación y fortalecen el vínculo.,1
love_A_hwa_df_wood,action,"Si transmites tus sentimientos con sinceridad, la otra persona responderá plenamente.",1
love_A_hwa_df_wood,state,Un yo interior tranquilo te da el poder de expresar plenamente tu sinceridad y la energía dinámica abre nuevas posibilidades.,1
love_A_hwa_ex_earth,intro,Es un día donde la pasión del amor se desborda y jalas profundamente a tu pareja.,1
love_A_hwa_ex_earth,effect,Las emociones calientes encienden una relación y fortalecen el vínculo.,1
love_A_hwa_ex_earth,action,"Si transmites tus sentimientos con sinceridad, la otra persona responderá plenamente.",1
love_A_hwa_ex_earth,state,"La pasión desbordante aumenta enormemente el impulso y crea un buen flujo, y la energía tranquila aumenta la prudencia, lo que conduce a buenos resultados.",1
love_A_hwa_ex_fire,intro,Es un día donde la pasión del amor se desborda y jalas profundamente a tu pareja.,1
love_A_hwa_ex_fire,effect,Las emociones calientes encienden una relación y fortalecen el vínculo.,1
love_A_hwa_ex_fire,action,"Si transmites tus sentimientos con sinceridad, la otra persona responderá plenamente.",1
love_A_hwa_ex_fire,state,"La pasión desbordante aumenta enormemente la fuerza motriz y crea un buen flujo, y la energía clara aumenta la vitalidad y crea un buen flujo.",1
love_A_hwa_ex_water,intro,Es un día donde la pasión del amor se desborda y jalas profundamente a tu pareja.,1
love_A_hwa_ex_water,effect,Las emociones calientes encienden una relación y fortalecen el vínculo.,1
love_A_hwa_ex_water,action,"Si transmites tus sentimientos con sinceridad, la otra persona responderá plenamente.",1
love_A_hwa_ex_water,state,"La pasión desbordante aumenta enormemente la fuerza motriz y crea un buen flujo, y la energía húmeda refina profundamente la mente y abre una visión clara.",1
love_A_hwa_ex_wood,intro,Es un día donde la pasión del amor se desborda y jalas profundamente a tu pareja.,1
love_A_hwa_ex_wood,effect,Las emociones calientes encienden una relación y fortalecen el vínculo.,1
love_A_hwa_ex_wood,action,"Si transmites tus sentimientos con sinceridad, la otra persona responderá plenamente.",1
love_A_hwa_ex_wood,state,"La pasión desbordante aumenta enormemente la fuerza motriz, creando un buen flujo y la energía dinámica abre nuevas posibilidades.",1
love_A_mok_df_earth,intro,"Es un día para conocer gente nueva o profundizar relaciones, ya que hay mucha energía para el crecimiento de las relaciones.",1
love_A_mok_df_earth,effect,La energía del amor en expansión crea nuevos encuentros y vínculos profundos.,1
love_A_mok_df_earth,action,Sé proactivo y sal a conocer gente nueva.,1
love_A_mok_df_earth,state,"En realidad, un enfoque cauteloso crea un comienzo sólido, y una energía tranquila aumenta la prudencia, lo que conduce a buenos resultados.",1
love_A_mok_df_fire,intro,"Es un día para conocer gente nueva o profundizar relaciones, ya que hay mucha energía para el crecimiento de las relaciones.",1
love_A_mok_df_fire,effect,La energía del amor en expansión crea nuevos encuentros y vínculos profundos.,1
love_A_mok_df_fire,action,Sé proactivo y sal a conocer gente nueva.,1
love_A_mok_df_fire,state,"En realidad, un enfoque cauteloso crea un comienzo sólido, y la energía clara aumenta la vitalidad y crea un buen flujo.",1
love_A_mok_df_water,intro,"Es un día para conocer gente nueva o profundizar relaciones, ya que hay mucha energía para el crecimiento de las relaciones.",1
love_A_mok_df_water,effect,La energía del amor en expansión crea nuevos encuentros y vínculos profundos.,1
love_A_mok_df_water,action,Sé proactivo y sal a conocer gente nueva.,1
love_A_mok_df_water,state,"En realidad, un enfoque cauteloso crea un comienzo sólido, y la energía húmeda refina profundamente la mente y abre una visión clara.",1
love_A_mok_df_wood,intro,"Es un día para conocer gente nueva o profundizar relaciones, ya que hay mucha energía para el crecimiento de las relaciones.",1
love_A_mok_df_wood,effect,La energía del amor en expansión crea nuevos encuentros y vínculos profundos.,1
love_A_mok_df_wood,action,Sé proactivo y sal a conocer gente nueva.,1
love_A_mok_df_wood,state,Un enfoque cauteloso crea un comienzo sólido y la energía dinámica abre nuevas posibilidades.,1
love_A_mok_ex_earth,intro,"Es un día para conocer gente nueva o profundizar relaciones, ya que hay mucha energía para el crecimiento de las relaciones.",1
love_A_mok_ex_earth,effect,La energía del amor en expansión crea nuevos encuentros y vínculos profundos.,1
love_A_mok_ex_earth,action,Sé proactivo y sal a conocer gente nueva.,1
love_A_mok_ex_earth,state,Una voluntad fuerte abre activamente nuevas oportunidades y una energía tranquila aumenta la prudencia y conduce a buenos resultados.,1
love_A_mok_ex_fire,intro,"Es un día para conocer gente nueva o profundizar relaciones, ya que hay mucha energía para el crecimiento de las relaciones.",1
love_A_mok_ex_fire,effect,La energía del amor en expansión crea nuevos encuentros y vínculos profundos.,1
love_A_mok_ex_fire,action,Sé proactivo y sal a conocer gente nueva.,1
love_A_mok_ex_fire,state,Una voluntad fuerte abre activamente nuevas oportunidades y la energía clara aumenta la vitalidad y crea un buen flujo.,1
love_A_mok_ex_water,intro,"Es un día para conocer gente nueva o profundizar relaciones, ya que hay mucha energía para el crecimiento de las relaciones.",1
love_A_mok_ex_water,effect,La energía del amor en expansión crea nuevos encuentros y vínculos profundos.,1
love_A_mok_ex_water,action,Sé proactivo y sal a conocer gente nueva.,1
love_A_mok_ex_water,state,Una voluntad fuerte abre activamente nuevas oportunidades y la energía húmeda refina profundamente la mente y abre una visión clara.,1
love_A_mok_ex_wood,intro,"Es un día para conocer gente nueva o profundizar relaciones, ya que hay mucha energía para el crecimiento de las relaciones.",1
love_A_mok_ex_wood,effect,La energía del amor en expansión crea nuevos encuentros y vínculos profundos.,1
love_A_mok_ex_wood,action,Sé proactivo y sal a conocer gente nueva.,1
love_A_mok_ex_wood,state,Una voluntad fuerte abre activamente nuevas oportunidades y una energía dinámica abre nuevas posibilidades.,1
love_A_su_df_earth,intro,Es un día en el que las emociones fluyen de forma natural y la comunicación con los demás es perfecta.,1
love_A_su_df_earth,effect,Una conversación fluida reduce la distancia entre usted y la otra persona.,1
love_A_su_df_earth,action,La comunicación abierta y honesta profundizará su relación.,1
love_A_su_df_earth,state,"Un centro sólido te ayuda a mantener tu dirección sin vacilar, y una energía tranquila aumenta la prudencia, lo que conduce a buenos resultados.",1
love_A_su_df_fire,intro,Es un día en el que las emociones fluyen de forma natural y la comunicación con los demás es perfecta.,1
love_A_su_df_fire,effect,Una conversación fluida reduce la distancia entre usted y la otra persona.,1
love_A_su_df_fire,action,La comunicación abierta y honesta profundizará su relación.,1
love_A_su_df_fire,state,"Un centro sólido te mantiene en la dirección correcta sin vacilar, y la energía clara aumenta tu vitalidad y crea un buen flujo.",1
love_A_su_df_water,intro,Es un día en el que las emociones fluyen de forma natural y la comunicación con los demás es perfecta.,1
love_A_su_df_water,effect,Una conversación fluida reduce la distancia entre usted y la otra persona.,1
love_A_su_df_water,action,La comunicación abierta y honesta profundizará su relación.,1
love_A_su_df_water,state,"Un centro sólido te ayuda a mantener tu dirección sin vacilar, y la energía húmeda refina profundamente tu mente y abre una visión clara.",1
love_A_su_df_wood,intro,Es un día en el que las emociones fluyen de forma natural y la comunicación con los demás es perfecta.,1
love_A_su_df_wood,effect,Una conversación fluida reduce la distancia entre usted y la otra persona.,1
love_A_su_df_wood,action,La comunicación abierta y honesta profundizará su relación.,1
love_A_su_df_wood,state,Un centro sólido mantiene la dirección sin vacilar y la energía dinámica abre nuevas posibilidades.,1
love_A_su_ex_earth,intro,Es un día en el que las emociones fluyen de forma natural y la comunicación con los demás es perfecta.,1
love_A_su_ex_earth,effect,Una conversación fluida reduce la distancia entre usted y la otra persona.,1
love_A_su_ex_earth,action,La comunicación abierta y honesta profundizará su relación.,1
love_A_su_ex_earth,state,"La rica sensibilidad conduce a una visión profunda y ayuda al buen juicio, y la energía tranquila aumenta la prudencia, lo que conduce a buenos resultados.",1
love_A_su_ex_fire,intro,Es un día en el que las emociones fluyen de forma natural y la comunicación con los demás es perfecta.,1
love_A_su_ex_fire,effect,Una conversación fluida reduce la distancia entre usted y la otra persona.,1
love_A_su_ex_fire,action,La comunicación abierta y honesta profundizará su relación.,1
love_A_su_ex_fire,state,"La rica sensibilidad conduce a una visión profunda y ayuda a tomar buenas decisiones, y la energía clara aumenta la vitalidad y crea un buen flujo.",1
love_A_su_ex_water,intro,Es un día en el que las emociones fluyen de forma natural y la comunicación con los demás es perfecta.,1
love_A_su_ex_water,effect,Una conversación fluida reduce la distancia entre usted y la otra persona.,1
love_A_su_ex_water,action,La comunicación abierta y honesta profundizará su relación.,1
love_A_su_ex_water,state,"La rica sensibilidad conduce a una visión profunda y ayuda al buen juicio, y la energía húmeda refina profundamente la mente y abre una visión clara.",1
love_A_su_ex_wood,intro,Es un día en el que las emociones fluyen de forma natural y la comunicación con los demás es perfecta.,1
love_A_su_ex_wood,effect,Una conversación fluida reduce la distancia entre usted y la otra persona.,1
love_A_su_ex_wood,action,La comunicación abierta y honesta profundizará su relación.,1
love_A_su_ex_wood,state,"La rica sensibilidad conduce a una visión profunda y ayuda a tomar buenas decisiones, y la energía dinámica abre nuevas posibilidades.",1
love_A_to_df_earth,intro,Es un día en el que la energía estable del amor añade paz y confianza a las relaciones.,1
love_A_to_df_earth,effect,Un vínculo fuerte fortalece la relación.,1
love_A_to_df_earth,action,Genere confianza expresando consideración cotidiana hacia los demás.,1
love_A_to_df_earth,state,"Una actitud flexible te permite aceptar con naturalidad las nuevas tendencias, y una energía tranquila aumenta la prudencia, lo que conduce a buenos resultados.",1
love_A_to_df_fire,intro,Es un día en el que la energía estable del amor añade paz y confianza a las relaciones.,1
love_A_to_df_fire,effect,Un vínculo fuerte fortalece la relación.,1
love_A_to_df_fire,action,Genere confianza expresando consideración cotidiana hacia los demás.,1
love_A_to_df_fire,state,"Una actitud flexible le permite aceptar naturalmente las nuevas tendencias, y la energía clara aumenta la vitalidad y crea un buen flujo.",1
love_A_to_df_water,intro,Es un día en el que la energía estable del amor añade paz y confianza a las relaciones.,1
love_A_to_df_water,effect,Un vínculo fuerte fortalece la relación.,1
love_A_to_df_water,action,Genere confianza expresando consideración cotidiana hacia los demás.,1
love_A_to_df_water,state,"Una actitud flexible le permite aceptar naturalmente las nuevas tendencias, y la energía húmeda refina profundamente su mente y abre una visión clara.",1
love_A_to_df_wood,intro,Es un día en el que la energía estable del amor añade paz y confianza a las relaciones.,1
love_A_to_df_wood,effect,Un vínculo fuerte fortalece la relación.,1
love_A_to_df_wood,action,Genere confianza expresando consideración cotidiana hacia los demás.,1
love_A_to_df_wood,state,Una actitud flexible te permite aceptar naturalmente nuevas tendencias y una energía dinámica abre nuevas posibilidades.,1
love_A_to_ex_earth,intro,Es un día en el que la energía estable del amor añade paz y confianza a las relaciones.,1
love_A_to_ex_earth,effect,Un vínculo fuerte fortalece la relación.,1
love_A_to_ex_earth,action,Genere confianza expresando consideración cotidiana hacia los demás.,1
love_A_to_ex_earth,state,"Un fuerte sentido de estabilidad se convierte en una base sólida para todo, y una energía tranquila aumenta la prudencia, lo que conduce a buenos resultados.",1
love_A_to_ex_fire,intro,Es un día en el que la energía estable del amor añade paz y confianza a las relaciones.,1
love_A_to_ex_fire,effect,Un vínculo fuerte fortalece la relación.,1
love_A_to_ex_fire,action,Genere confianza expresando consideración cotidiana hacia los demás.,1
love_A_to_ex_fire,state,"Una fuerte sensación de estabilidad se convierte en una base sólida para todo, y la energía clara aumenta la vitalidad y crea un buen flujo.",1
love_A_to_ex_water,intro,Es un día en el que la energía estable del amor añade paz y confianza a las relaciones.,1
love_A_to_ex_water,effect,Un vínculo fuerte fortalece la relación.,1
love_A_to_ex_water,action,Genere confianza expresando consideración cotidiana hacia los demás.,1
love_A_to_ex_water,state,"Una fuerte sensación de estabilidad se convierte en una base sólida para todo, y la energía húmeda refina profundamente la mente y abre una visión clara.",1
love_A_to_ex_wood,intro,Es un día en el que la energía estable del amor añade paz y confianza a las relaciones.,1
love_A_to_ex_wood,effect,Un vínculo fuerte fortalece la relación.,1
love_A_to_ex_wood,action,Genere confianza expresando consideración cotidiana hacia los demás.,1
love_A_to_ex_wood,state,Una fuerte sensación de estabilidad proporciona una base sólida para todo y la energía dinámica abre nuevas posibilidades.,1
love_B,intro,"La energía de la relación hoy es cálida y, naturalmente, puedes acercarte más a tu pareja.",1
love_B,intro,Hoy es un día en el que la expresión emocional fluye de forma natural y se añade calidez a las relaciones.,1
love_B,effect,Pequeñas consideraciones e intereses funcionan para fortalecer las relaciones.,1
love_B,effect,El vínculo con tu pareja o las personas que te rodean se profundiza y se crea un buen ambiente.,1
love_B,action,"Hoy, una pequeña acción hablará más que las palabras para la otra persona.",1
love_B,action,Es un día en el que tu relación se acerca un paso más cuando expresas tus emociones de forma natural.,1
love_B_geum_df_earth,intro,Es un día en el que el flujo del amor continúa de manera estable y la relación se mantiene sin contratiempos.,1
love_B_geum_df_earth,effect,"Las emociones se expresan de forma equilibrada, por lo que la relación con la otra persona es fluida.",1
love_B_geum_df_earth,action,"Si hoy falta algo en su relación, sea honesto al respecto.",1
love_B_geum_df_earth,state,"Incluso si su determinación se vuelve algo aburrida, el flujo de la vida diaria continúa sin problemas y la energía turbia se suma a la atmósfera tranquila, creando una sensación de tranquilidad.",1
love_B_geum_df_fire,intro,Es un día en el que el flujo del amor continúa de manera estable y la relación se mantiene sin contratiempos.,1
love_B_geum_df_fire,effect,"Las emociones se expresan de forma equilibrada, por lo que la relación con la otra persona es fluida.",1
love_B_geum_df_fire,action,"Si hoy falta algo en su relación, sea honesto al respecto.",1
love_B_geum_df_fire,state,"Incluso si tu determinación se vuelve algo aburrida, el flujo de tu vida diaria continúa sin problemas y la energía clara añade vitalidad luminosa, creando un flujo fluido.",1
love_B_geum_df_water,intro,Es un día en el que el flujo del amor continúa de manera estable y la relación se mantiene sin contratiempos.,1
love_B_geum_df_water,effect,"Las emociones se expresan de forma equilibrada, por lo que la relación con la otra persona es fluida.",1
love_B_geum_df_water,action,"Si hoy falta algo en su relación, sea honesto al respecto.",1
love_B_geum_df_water,state,"Incluso si tu determinación se vuelve algo aburrida, el flujo de tu vida diaria continúa sin problemas y la energía húmeda añade una sensación de calma y persistencia a tus emociones.",1
love_B_geum_df_wood,intro,Es un día en el que el flujo del amor continúa de manera estable y la relación se mantiene sin contratiempos.,1
love_B_geum_df_wood,effect,"Las emociones se expresan de forma equilibrada, por lo que la relación con la otra persona es fluida.",1
love_B_geum_df_wood,action,"Si hoy falta algo en su relación, sea honesto al respecto.",1
love_B_geum_df_wood,state,"Incluso si su determinación se vuelve algo aburrida, el flujo de la vida diaria continúa sin problemas y la ligera energía del cambio añade el estímulo adecuado.",1
love_B_geum_ex_earth,intro,Es un día en el que el flujo del amor continúa de manera estable y la relación se mantiene sin contratiempos.,1
love_B_geum_ex_earth,effect,"Las emociones se expresan de forma equilibrada, por lo que la relación con la otra persona es fluida.",1
love_B_geum_ex_earth,action,"Si hoy falta algo en su relación, sea honesto al respecto.",1
love_B_geum_ex_earth,state,"El juicio analítico fluye naturalmente al ritmo habitual, y la energía turbia se suma a la atmósfera tranquila, creando una sensación de tranquilidad.",1
love_B_geum_ex_fire,intro,Es un día en el que el flujo del amor continúa de manera estable y la relación se mantiene sin contratiempos.,1
love_B_geum_ex_fire,effect,"Las emociones se expresan de forma equilibrada, por lo que la relación con la otra persona es fluida.",1
love_B_geum_ex_fire,action,"Si hoy falta algo en su relación, sea honesto al respecto.",1
love_B_geum_ex_fire,state,"El juicio analítico sigue naturalmente el ritmo habitual y la energía clara añade vitalidad ligera, creando un flujo suave.",1
love_B_geum_ex_water,intro,Es un día en el que el flujo del amor continúa de manera estable y la relación se mantiene sin contratiempos.,1
love_B_geum_ex_water,effect,"Las emociones se expresan de forma equilibrada, por lo que la relación con la otra persona es fluida.",1
love_B_geum_ex_water,action,"Si hoy falta algo en su relación, sea honesto al respecto.",1
love_B_geum_ex_water,state,El juicio analítico fluye naturalmente a su ritmo habitual y la energía húmeda añade una sensación de calma y persistencia a sus emociones.,1
love_B_geum_ex_wood,intro,Es un día en el que el flujo del amor continúa de manera estable y la relación se mantiene sin contratiempos.,1
love_B_geum_ex_wood,effect,"Las emociones se expresan de forma equilibrada, por lo que la relación con la otra persona es fluida.",1
love_B_geum_ex_wood,action,"Si hoy falta algo en su relación, sea honesto al respecto.",1
love_B_geum_ex_wood,state,El juicio analítico sigue naturalmente el ritmo habitual y la ligera energía del cambio añade el estímulo adecuado.,1
love_B_hwa_df_earth,intro,Es un día en el que la pasión amorosa se mantiene uniforme y la comunicación con la otra persona es buena.,1
love_B_hwa_df_earth,effect,Expresar emociones cálidas deja una buena impresión en la otra persona.,1
love_B_hwa_df_earth,action,Expresa tus emociones de forma natural y continúa tu relación sin problemas.,1
love_B_hwa_df_earth,state,"Aunque las expresiones son moderadas, la estabilidad de la relación se mantiene fácilmente y la energía turbia contribuye a la atmósfera tranquila, lo que lleva a una sensación de tranquilidad.",1
love_B_hwa_df_fire,intro,Es un día en el que la pasión amorosa se mantiene uniforme y la comunicación con la otra persona es buena.,1
love_B_hwa_df_fire,effect,Expresar emociones cálidas deja una buena impresión en la otra persona.,1
love_B_hwa_df_fire,action,Expresa tus emociones de forma natural y continúa tu relación sin problemas.,1
love_B_hwa_df_fire,state,"Incluso si las expresiones son restringidas, la estabilidad de la relación se mantiene fácilmente y la energía clara añade vitalidad ligera, creando un flujo suave.",1
love_B_hwa_df_water,intro,Es un día en el que la pasión amorosa se mantiene uniforme y la comunicación con la otra persona es buena.,1
love_B_hwa_df_water,effect,Expresar emociones cálidas deja una buena impresión en la otra persona.,1
love_B_hwa_df_water,action,Expresa tus emociones de forma natural y continúa tu relación sin problemas.,1
love_B_hwa_df_water,state,"Incluso si las expresiones son restringidas, la estabilidad de la relación se mantiene fácilmente y la energía húmeda añade un sentimiento de calma y persistencia a las emociones.",1
love_B_hwa_df_wood,intro,Es un día en el que la pasión amorosa se mantiene uniforme y la comunicación con la otra persona es buena.,1
love_B_hwa_df_wood,effect,Expresar emociones cálidas deja una buena impresión en la otra persona.,1
love_B_hwa_df_wood,action,Expresa tus emociones de forma natural y continúa tu relación sin problemas.,1
love_B_hwa_df_wood,state,"Incluso si las expresiones son restringidas, la estabilidad de la relación se mantiene fácilmente y la ligera energía del cambio añade el estímulo apropiado.",1
love_B_hwa_ex_earth,intro,Es un día en el que la pasión amorosa se mantiene uniforme y la comunicación con la otra persona es buena.,1
love_B_hwa_ex_earth,effect,Expresar emociones cálidas deja una buena impresión en la otra persona.,1
love_B_hwa_ex_earth,action,Expresa tus emociones de forma natural y continúa tu relación sin problemas.,1
love_B_hwa_ex_earth,state,"La pasión está viva, pero también se mantiene el equilibrio, lo que conduce a un día estable, y la energía turbia añade una atmósfera tranquila, lo que lleva a la serenidad.",1
love_B_hwa_ex_fire,intro,Es un día en el que la pasión amorosa se mantiene uniforme y la comunicación con la otra persona es buena.,1
love_B_hwa_ex_fire,effect,Expresar emociones cálidas deja una buena impresión en la otra persona.,1
love_B_hwa_ex_fire,action,Expresa tus emociones de forma natural y continúa tu relación sin problemas.,1
love_B_hwa_ex_fire,state,"La pasión permanece viva y se mantiene el equilibrio, lo que conduce a un día estable, y la energía clara añade vitalidad ligera, creando un flujo suave.",1
love_B_hwa_ex_water,intro,Es un día en el que la pasión amorosa se mantiene uniforme y la comunicación con la otra persona es buena.,1
love_B_hwa_ex_water,effect,Expresar emociones cálidas deja una buena impresión en la otra persona.,1
love_B_hwa_ex_water,action,Expresa tus emociones de forma natural y continúa tu relación sin problemas.,1
love_B_hwa_ex_water,state,"La pasión permanece viva y se mantiene el equilibrio, lo que conduce a un día estable, y la energía húmeda añade una sensación de calma y persistencia a las emociones.",1
love_B_hwa_ex_wood,intro,Es un día en el que la pasión amorosa se mantiene uniforme y la comunicación con la otra persona es buena.,1
love_B_hwa_ex_wood,effect,Expresar emociones cálidas deja una buena impresión en la otra persona.,1
love_B_hwa_ex_wood,action,Expresa tus emociones de forma natural y continúa tu relación sin problemas.,1
love_B_hwa_ex_wood,state,"La pasión está viva y equilibrada, lo que conduce a un día estable, y la ligera energía del cambio añade la estimulación adecuada.",1
love_B_mok_df_earth,intro,Es un día en el que las relaciones crecen poco a poco y se forman vínculos más profundos.,1
love_B_mok_df_earth,effect,El desarrollo gradual de las relaciones aumenta la confianza y la intimidad.,1
love_B_mok_df_earth,action,Disfruta hoy de una nueva experiencia con tu pareja.,1
love_B_mok_df_earth,state,"Incluso si eres cauteloso al probar cosas nuevas, tu vida diaria fluye de manera constante y la energía turbia contribuye a la atmósfera tranquila, lo que genera una sensación de tranquilidad.",1
love_B_mok_df_fire,intro,Es un día en el que las relaciones crecen poco a poco y se forman vínculos más profundos.,1
love_B_mok_df_fire,effect,El desarrollo gradual de las relaciones aumenta la confianza y la intimidad.,1
love_B_mok_df_fire,action,Disfruta hoy de una nueva experiencia con tu pareja.,1
love_B_mok_df_fire,state,"Incluso si eres cauteloso al probar cosas nuevas, tu vida diaria fluye de manera constante y la energía clara añade vitalidad luminosa, creando un flujo suave.",1
love_B_mok_df_water,intro,Es un día en el que las relaciones crecen poco a poco y se forman vínculos más profundos.,1
love_B_mok_df_water,effect,El desarrollo gradual de las relaciones aumenta la confianza y la intimidad.,1
love_B_mok_df_water,action,Disfruta hoy de una nueva experiencia con tu pareja.,1
love_B_mok_df_water,state,"Incluso si eres cauteloso a la hora de probar cosas nuevas, tu vida diaria fluye de manera constante y la energía húmeda añade una sensación de calma y persistencia a tus emociones.",1
love_B_mok_df_wood,intro,Es un día en el que las relaciones crecen poco a poco y se forman vínculos más profundos.,1
love_B_mok_df_wood,effect,El desarrollo gradual de las relaciones aumenta la confianza y la intimidad.,1
love_B_mok_df_wood,action,Disfruta hoy de una nueva experiencia con tu pareja.,1
love_B_mok_df_wood,state,"Incluso si eres cauteloso a la hora de probar cosas nuevas, tu vida diaria fluye de manera constante y la ligera energía del cambio añade el estímulo adecuado.",1
love_B_mok_ex_earth,intro,Es un día en el que las relaciones crecen poco a poco y se forman vínculos más profundos.,1
love_B_mok_ex_earth,effect,El desarrollo gradual de las relaciones aumenta la confianza y la intimidad.,1
love_B_mok_ex_earth,action,Disfruta hoy de una nueva experiencia con tu pareja.,1
love_B_mok_ex_earth,state,"La motivación constante hace que el progreso avance paso a paso, y la energía turbia se suma a la atmósfera de calma, lo que lleva a la tranquilidad.",1
love_B_mok_ex_fire,intro,Es un día en el que las relaciones crecen poco a poco y se forman vínculos más profundos.,1
love_B_mok_ex_fire,effect,El desarrollo gradual de las relaciones aumenta la confianza y la intimidad.,1
love_B_mok_ex_fire,action,Disfruta hoy de una nueva experiencia con tu pareja.,1
love_B_mok_ex_fire,state,"La motivación constante hace que el progreso avance paso a paso, y la energía clara añade vitalidad ligera, creando un flujo suave.",1
love_B_mok_ex_water,intro,Es un día en el que las relaciones crecen poco a poco y se forman vínculos más profundos.,1
love_B_mok_ex_water,effect,El desarrollo gradual de las relaciones aumenta la confianza y la intimidad.,1
love_B_mok_ex_water,action,Disfruta hoy de una nueva experiencia con tu pareja.,1
love_B_mok_ex_water,state,"La motivación constante hace que el progreso avance paso a paso, y la energía húmeda añade una sensación de calma y persistencia a las emociones.",1
love_B_mok_ex_wood,intro,Es un día en el que las relaciones crecen poco a poco y se forman vínculos más profundos.,1
love_B_mok_ex_wood,effect,El desarrollo gradual de las relaciones aumenta la confianza y la intimidad.,1
love_B_mok_ex_wood,action,Disfruta hoy de una nueva experiencia con tu pareja.,1
love_B_mok_ex_wood,state,"La motivación constante hace que el progreso normal sea paso a paso, y la débil energía del cambio añade el estímulo apropiado.",1
love_B_su_df_earth,intro,Es un día en el que la comunicación emocional es fluida y las relaciones continúan sin malentendidos.,1
love_B_su_df_earth,effect,El intercambio emocional natural facilita el flujo de las relaciones.,1
love_B_su_df_earth,action,Comparta sus sentimientos más abiertamente de lo habitual.,1
love_B_su_df_earth,state,"Aunque falta algo de flexibilidad, el ritmo básico se mantiene sin dificultad y la energía turbia añade una atmósfera tranquila, lo que lleva a una sensación de tranquilidad.",1
love_B_su_df_fire,intro,Es un día en el que la comunicación emocional es fluida y las relaciones continúan sin malentendidos.,1
love_B_su_df_fire,effect,El intercambio emocional natural facilita el flujo de las relaciones.,1
love_B_su_df_fire,action,Comparta sus sentimientos más abiertamente de lo habitual.,1
love_B_su_df_fire,state,"Aunque falta algo de flexibilidad, el ritmo básico se mantiene sin dificultad y la energía clara añade vitalidad ligera, creando un flujo suave.",1
love_B_su_df_water,intro,Es un día en el que la comunicación emocional es fluida y las relaciones continúan sin malentendidos.,1
love_B_su_df_water,effect,El intercambio emocional natural facilita el flujo de las relaciones.,1
love_B_su_df_water,action,Comparta sus sentimientos más abiertamente de lo habitual.,1
love_B_su_df_water,state,"Aunque carece de flexibilidad, el ritmo básico se mantiene sin dificultad y la energía húmeda añade una sensación de calma y persistencia a las emociones.",1
love_B_su_df_wood,intro,Es un día en el que la comunicación emocional es fluida y las relaciones continúan sin malentendidos.,1
love_B_su_df_wood,effect,El intercambio emocional natural facilita el flujo de las relaciones.,1
love_B_su_df_wood,action,Comparta sus sentimientos más abiertamente de lo habitual.,1
love_B_su_df_wood,state,"Aunque falta algo de flexibilidad, el ritmo básico se mantiene sin dificultad y la ligera energía del cambio añade la estimulación adecuada.",1
love_B_su_ex_earth,intro,Es un día en el que la comunicación emocional es fluida y las relaciones continúan sin malentendidos.,1
love_B_su_ex_earth,effect,El intercambio emocional natural facilita el flujo de las relaciones.,1
love_B_su_ex_earth,action,Comparta sus sentimientos más abiertamente de lo habitual.,1
love_B_su_ex_earth,state,"El día está lleno de emociones, lo que lo convierte en un día más atento de lo habitual, y la energía nublada añade una atmósfera tranquila, lo que lleva a una sensación de tranquilidad.",1
love_B_su_ex_fire,intro,Es un día en el que la comunicación emocional es fluida y las relaciones continúan sin malentendidos.,1
love_B_su_ex_fire,effect,El intercambio emocional natural facilita el flujo de las relaciones.,1
love_B_su_ex_fire,action,Comparta sus sentimientos más abiertamente de lo habitual.,1
love_B_su_ex_fire,state,"El día es rico en emociones, lo que lo convierte en un día más atento de lo habitual, y la energía clara añade vitalidad luminosa, creando un flujo suave.",1
love_B_su_ex_water,intro,Es un día en el que la comunicación emocional es fluida y las relaciones continúan sin malentendidos.,1
love_B_su_ex_water,effect,El intercambio emocional natural facilita el flujo de las relaciones.,1
love_B_su_ex_water,action,Comparta sus sentimientos más abiertamente de lo habitual.,1
love_B_su_ex_water,state,"El día está lleno de emociones, lo que te hace estar más atento de lo habitual, y la energía húmeda añade un regusto calmante a tus emociones.",1
love_B_su_ex_wood,intro,Es un día en el que la comunicación emocional es fluida y las relaciones continúan sin malentendidos.,1
love_B_su_ex_wood,effect,El intercambio emocional natural facilita el flujo de las relaciones.,1
love_B_su_ex_wood,action,Comparta sus sentimientos más abiertamente de lo habitual.,1
love_B_su_ex_wood,state,"El día está lleno de emociones, lo que lo convierte en un día más atento de lo habitual, y la ligera energía del cambio añade la estimulación adecuada.",1
love_B_to_df_earth,intro,Es un día en el que se mantiene la estabilidad de las relaciones y continúan los vínculos cómodos y de confianza.,1
love_B_to_df_earth,effect,Una base emocional estable fortalece las relaciones.,1
love_B_to_df_earth,action,Cuida tu relación enfocándote en tu vida diaria con tu pareja.,1
love_B_to_df_earth,state,"Incluso si el centro de gravedad está un poco sacudido, el equilibrio de la vida diaria se mantiene sin muchos problemas, y la energía turbia contribuye a la atmósfera tranquila, lo que lleva a una sensación de tranquilidad.",1
love_B_to_df_fire,intro,Es un día en el que se mantiene la estabilidad de las relaciones y continúan los vínculos cómodos y de confianza.,1
love_B_to_df_fire,effect,Una base emocional estable fortalece las relaciones.,1
love_B_to_df_fire,action,Cuida tu relación enfocándote en tu vida diaria con tu pareja.,1
love_B_to_df_fire,state,"Incluso si el centro de gravedad se sacude un poco, el equilibrio de la vida diaria se mantiene sin muchos problemas y la energía clara añade vitalidad luminosa, creando un flujo suave.",1
love_B_to_df_water,intro,Es un día en el que se mantiene la estabilidad de las relaciones y continúan los vínculos cómodos y de confianza.,1
love_B_to_df_water,effect,Una base emocional estable fortalece las relaciones.,1
love_B_to_df_water,action,Cuida tu relación enfocándote en tu vida diaria con tu pareja.,1
love_B_to_df_water,state,"Incluso si su centro de gravedad está algo sacudido, el equilibrio de su vida diaria se mantiene sin muchos problemas y la energía húmeda añade una sensación de calma y persistencia a sus emociones.",1
love_B_to_df_wood,intro,Es un día en el que se mantiene la estabilidad de las relaciones y continúan los vínculos cómodos y de confianza.,1
love_B_to_df_wood,effect,Una base emocional estable fortalece las relaciones.,1
love_B_to_df_wood,action,Cuida tu relación enfocándote en tu vida diaria con tu pareja.,1
love_B_to_df_wood,state,"Incluso si el centro está algo sacudido, el equilibrio de la vida diaria se mantiene sin muchos problemas, y la ligera energía del cambio añade el estímulo apropiado.",1
love_B_to_ex_earth,intro,Es un día en el que se mantiene la estabilidad de las relaciones y continúan los vínculos cómodos y de confianza.,1
love_B_to_ex_earth,effect,Una base emocional estable fortalece las relaciones.,1
love_B_to_ex_earth,action,Cuida tu relación enfocándote en tu vida diaria con tu pareja.,1
love_B_to_ex_earth,state,"Tiene una fuerte tendencia hacia la estabilidad, por lo que continúa en un día tranquilo sin ningún problema, y la energía nublada se suma a la atmósfera tranquila, lo que lleva a la serenidad.",1
love_B_to_ex_fire,intro,Es un día en el que se mantiene la estabilidad de las relaciones y continúan los vínculos cómodos y de confianza.,1
love_B_to_ex_fire,effect,Una base emocional estable fortalece las relaciones.,1
love_B_to_ex_fire,action,Cuida tu relación enfocándote en tu vida diaria con tu pareja.,1
love_B_to_ex_fire,state,"Tiene una fuerte tendencia hacia la estabilidad, por lo que continúa suavemente en un día tranquilo, y la energía clara añade vitalidad luminosa, creando un flujo suave.",1
love_B_to_ex_water,intro,Es un día en el que se mantiene la estabilidad de las relaciones y continúan los vínculos cómodos y de confianza.,1
love_B_to_ex_water,effect,Una base emocional estable fortalece las relaciones.,1
love_B_to_ex_water,action,Cuida tu relación enfocándote en tu vida diaria con tu pareja.,1
love_B_to_ex_water,state,"Tiene una fuerte naturaleza orientada a la estabilidad, por lo que puede conducir fácilmente a un día tranquilo, y la energía húmeda añade un regusto calmante a las emociones.",1
love_B_to_ex_wood,intro,Es un día en el que se mantiene la estabilidad de las relaciones y continúan los vínculos cómodos y de confianza.,1
love_B_to_ex_wood,effect,Una base emocional estable fortalece las relaciones.,1
love_B_to_ex_wood,action,Cuida tu relación enfocándote en tu vida diaria con tu pareja.,1
love_B_to_ex_wood,state,"La orientación a la estabilidad es fuerte, por lo que continúa suavemente en un día tranquilo, y la ligera energía del cambio añade la estimulación adecuada.",1
love_B1,intro,La energía de la relación hoy es tranquila y continuará de forma natural sin mayores conflictos.,1
love_B1,intro,Hoy tus emociones serán estables y tus relaciones con quienes te rodean fluirán cómodamente.,1
love_B1,effect,Pequeñas expresiones o consideraciones ayudan a mantener el buen ambiente.,1
love_B1,effect,La relación sigue siendo pacífica y se acumula el entendimiento mutuo.,1
love_B1,action,Las relaciones se pueden mantener en un ambiente natural sin mucho esfuerzo.,1
love_B1,action,Aprecie el flujo actual de su relación y continúe usando expresiones diarias.,1
love_B1_geum_df_earth,intro,El flujo del amor está en un nivel normal y pueden surgir pequeños conflictos en la relación.,1
love_B1_geum_df_earth,effect,Expresar las propias emociones puede resultar algo incómodo y provocar malentendidos en la otra persona.,1
love_B1_geum_df_earth,action,Hable honestamente antes de que surjan malentendidos.,1
love_B1_geum_df_earth,state,"Aunque las decisiones toman algo de tiempo, el día continúa sin mucha vacilación y la energía turbia te ayuda a mantener un ritmo tranquilo.",1
love_B1_geum_df_fire,intro,El flujo del amor está en un nivel normal y pueden surgir pequeños conflictos en la relación.,1
love_B1_geum_df_fire,effect,Expresar las propias emociones puede resultar algo incómodo y provocar malentendidos en la otra persona.,1
love_B1_geum_df_fire,action,Hable honestamente antes de que surjan malentendidos.,1
love_B1_geum_df_fire,state,"Aunque las decisiones toman algo de tiempo, el día continúa sin mucha vacilación y la energía clara añade serena vitalidad y continúa el día normal.",1
love_B1_geum_df_water,intro,El flujo del amor está en un nivel normal y pueden surgir pequeños conflictos en la relación.,1
love_B1_geum_df_water,effect,Expresar las propias emociones puede resultar algo incómodo y provocar malentendidos en la otra persona.,1
love_B1_geum_df_water,action,Hable honestamente antes de que surjan malentendidos.,1
love_B1_geum_df_water,state,"Aunque las decisiones toman algo de tiempo, el día transcurre sin muchas vacilaciones y la energía húmeda aumenta tus pensamientos pero no provoca mucha agitación.",1
love_B1_geum_df_wood,intro,El flujo del amor está en un nivel normal y pueden surgir pequeños conflictos en la relación.,1
love_B1_geum_df_wood,effect,Expresar las propias emociones puede resultar algo incómodo y provocar malentendidos en la otra persona.,1
love_B1_geum_df_wood,action,Hable honestamente antes de que surjan malentendidos.,1
love_B1_geum_df_wood,state,"La decisión puede ser lenta, pero el día transcurre sin mucha vacilación y la tranquila energía del cambio sólo sacude ligeramente el flujo normal.",1
love_B1_geum_ex_earth,intro,El flujo del amor está en un nivel normal y pueden surgir pequeños conflictos en la relación.,1
love_B1_geum_ex_earth,effect,Expresar las propias emociones puede resultar algo incómodo y provocar malentendidos en la otra persona.,1
love_B1_geum_ex_earth,action,Hable honestamente antes de que surjan malentendidos.,1
love_B1_geum_ex_earth,state,"El juicio es claro, pero termina con un resultado mediocre y la energía turbia ayuda a mantener un ritmo decente.",1
love_B1_geum_ex_fire,intro,El flujo del amor está en un nivel normal y pueden surgir pequeños conflictos en la relación.,1
love_B1_geum_ex_fire,effect,Expresar las propias emociones puede resultar algo incómodo y provocar malentendidos en la otra persona.,1
love_B1_geum_ex_fire,action,Hable honestamente antes de que surjan malentendidos.,1
love_B1_geum_ex_fire,state,"El juicio es claro, pero termina con un resultado ordinario, y la energía clara añade vitalidad tranquila y continúa el día ordinario.",1
love_B1_geum_ex_water,intro,El flujo del amor está en un nivel normal y pueden surgir pequeños conflictos en la relación.,1
love_B1_geum_ex_water,effect,Expresar las propias emociones puede resultar algo incómodo y provocar malentendidos en la otra persona.,1
love_B1_geum_ex_water,action,Hable honestamente antes de que surjan malentendidos.,1
love_B1_geum_ex_water,state,"El juicio es claro pero termina con un resultado simple, y la energía húmeda aumenta los pensamientos pero no causa mucha agitación.",1
love_B1_geum_ex_wood,intro,El flujo del amor está en un nivel normal y pueden surgir pequeños conflictos en la relación.,1
love_B1_geum_ex_wood,effect,Expresar las propias emociones puede resultar algo incómodo y provocar malentendidos en la otra persona.,1
love_B1_geum_ex_wood,action,Hable honestamente antes de que surjan malentendidos.,1
love_B1_geum_ex_wood,state,"El juicio es claro, pero termina con un resultado mediocre, y la tranquila energía del cambio no hace más que alterar levemente el flujo normal.",1
love_B1_hwa_df_earth,intro,La pasión romántica puede enfriarse un poco y es posible que sientas una sensación de distancia en tu relación.,1
love_B1_hwa_df_earth,effect,"A medida que baja la temperatura emocional, resulta difícil comunicarse con los demás.",1
love_B1_hwa_df_earth,action,Expresa tu calidez a la otra persona con pequeñas expresiones de interés.,1
love_B1_hwa_df_earth,state,"Aunque hay poca expresión, la relación no se ve muy afectada y la energía turbia ayuda a mantener un ritmo tranquilo.",1
love_B1_hwa_df_fire,intro,La pasión romántica puede enfriarse un poco y es posible que sientas una sensación de distancia en tu relación.,1
love_B1_hwa_df_fire,effect,"A medida que baja la temperatura emocional, resulta difícil comunicarse con los demás.",1
love_B1_hwa_df_fire,action,Expresa tu calidez a la otra persona con pequeñas expresiones de interés.,1
love_B1_hwa_df_fire,state,"Aunque hay pocas expresiones, la relación no se ve muy afectada y la energía clara agrega una vitalidad tranquila y continúa un día normal.",1
love_B1_hwa_df_water,intro,La pasión romántica puede enfriarse un poco y es posible que sientas una sensación de distancia en tu relación.,1
love_B1_hwa_df_water,effect,"A medida que baja la temperatura emocional, resulta difícil comunicarse con los demás.",1
love_B1_hwa_df_water,action,Expresa tu calidez a la otra persona con pequeñas expresiones de interés.,1
love_B1_hwa_df_water,state,"Aunque hay pocas expresiones, la relación no se ve muy afectada y la energía húmeda aumenta los pensamientos, pero no provoca mucha agitación.",1
love_B1_hwa_df_wood,intro,La pasión romántica puede enfriarse un poco y es posible que sientas una sensación de distancia en tu relación.,1
love_B1_hwa_df_wood,effect,"A medida que baja la temperatura emocional, resulta difícil comunicarse con los demás.",1
love_B1_hwa_df_wood,action,Expresa tu calidez a la otra persona con pequeñas expresiones de interés.,1
love_B1_hwa_df_wood,state,"Aunque hay poca expresión, la relación no se ve muy afectada y la tranquila energía del cambio solo es suficiente para sacudir ligeramente el flujo normal.",1
love_B1_hwa_ex_earth,intro,La pasión romántica puede enfriarse un poco y es posible que sientas una sensación de distancia en tu relación.,1
love_B1_hwa_ex_earth,effect,"A medida que baja la temperatura emocional, resulta difícil comunicarse con los demás.",1
love_B1_hwa_ex_earth,action,Expresa tu calidez a la otra persona con pequeñas expresiones de interés.,1
love_B1_hwa_ex_earth,state,El calor moderado hace que el día sea tranquilo y la energía nublada le ayuda a mantener un ritmo tranquilo.,1
love_B1_hwa_ex_fire,intro,La pasión romántica puede enfriarse un poco y es posible que sientas una sensación de distancia en tu relación.,1
love_B1_hwa_ex_fire,effect,"A medida que baja la temperatura emocional, resulta difícil comunicarse con los demás.",1
love_B1_hwa_ex_fire,action,Expresa tu calidez a la otra persona con pequeñas expresiones de interés.,1
love_B1_hwa_ex_fire,state,El calor moderado crea un día tranquilo y la energía clara añade vitalidad tranquila y continúa el día normal.,1
love_B1_hwa_ex_water,intro,La pasión romántica puede enfriarse un poco y es posible que sientas una sensación de distancia en tu relación.,1
love_B1_hwa_ex_water,effect,"A medida que baja la temperatura emocional, resulta difícil comunicarse con los demás.",1
love_B1_hwa_ex_water,action,Expresa tu calidez a la otra persona con pequeñas expresiones de interés.,1
love_B1_hwa_ex_water,state,El calor moderado hace que el día sea tranquilo y la energía húmeda aumenta tus pensamientos pero no causa mucha agitación.,1
love_B1_hwa_ex_wood,intro,La pasión romántica puede enfriarse un poco y es posible que sientas una sensación de distancia en tu relación.,1
love_B1_hwa_ex_wood,effect,"A medida que baja la temperatura emocional, resulta difícil comunicarse con los demás.",1
love_B1_hwa_ex_wood,action,Expresa tu calidez a la otra persona con pequeñas expresiones de interés.,1
love_B1_hwa_ex_wood,state,El calor moderado hace que el día sea tranquilo y la tranquila energía del cambio no hace más que alterar ligeramente el flujo normal.,1
love_B1_mok_df_earth,intro,Es un día en el que el crecimiento de las relaciones es lento y no es fácil probar cosas nuevas.,1
love_B1_mok_df_earth,effect,El estancamiento en el progreso puede llevar al aburrimiento en las relaciones.,1
love_B1_mok_df_earth,action,Pruebe nuevas actividades o temas de conversación con su pareja.,1
love_B1_mok_df_earth,state,"Sigue siendo más familiar que nuevo, pero el flujo es ininterrumpido y la energía turbia te ayuda a mantener un ritmo tranquilo.",1
love_B1_mok_df_fire,intro,Es un día en el que el crecimiento de las relaciones es lento y no es fácil probar cosas nuevas.,1
love_B1_mok_df_fire,effect,El estancamiento en el progreso puede llevar al aburrimiento en las relaciones.,1
love_B1_mok_df_fire,action,Pruebe nuevas actividades o temas de conversación con su pareja.,1
love_B1_mok_df_fire,state,"Aunque sigue siendo familiar más que nuevo, el flujo es ininterrumpido y la energía clara añade vitalidad tranquila y continúa el día normal.",1
love_B1_mok_df_water,intro,Es un día en el que el crecimiento de las relaciones es lento y no es fácil probar cosas nuevas.,1
love_B1_mok_df_water,effect,El estancamiento en el progreso puede llevar al aburrimiento en las relaciones.,1
love_B1_mok_df_water,action,Pruebe nuevas actividades o temas de conversación con su pareja.,1
love_B1_mok_df_water,state,"Aunque sigue siendo más familiar que novedoso, el flujo es ininterrumpido y la energía húmeda aumenta los pensamientos pero no causa mucha agitación.",1
love_B1_mok_df_wood,intro,Es un día en el que el crecimiento de las relaciones es lento y no es fácil probar cosas nuevas.,1
love_B1_mok_df_wood,effect,El estancamiento en el progreso puede llevar al aburrimiento en las relaciones.,1
love_B1_mok_df_wood,action,Pruebe nuevas actividades o temas de conversación con su pareja.,1
love_B1_mok_df_wood,state,"Aunque sigue siendo más familiar que nuevo, el flujo es ininterrumpido y la tranquila energía del cambio sólo sacude ligeramente el flujo normal.",1
love_B1_mok_ex_earth,intro,Es un día en el que el crecimiento de las relaciones es lento y no es fácil probar cosas nuevas.,1
love_B1_mok_ex_earth,effect,El estancamiento en el progreso puede llevar al aburrimiento en las relaciones.,1
love_B1_mok_ex_earth,action,Pruebe nuevas actividades o temas de conversación con su pareja.,1
love_B1_mok_ex_earth,state,"Hay motivación, pero tu fuerza motriz se mantiene en un nivel mediocre y la energía turbia te ayuda a mantener un ritmo decente.",1
love_B1_mok_ex_fire,intro,Es un día en el que el crecimiento de las relaciones es lento y no es fácil probar cosas nuevas.,1
love_B1_mok_ex_fire,effect,El estancamiento en el progreso puede llevar al aburrimiento en las relaciones.,1
love_B1_mok_ex_fire,action,Pruebe nuevas actividades o temas de conversación con su pareja.,1
love_B1_mok_ex_fire,state,"Aunque hay motivación, tu fuerza motriz se mantiene en un nivel promedio y la energía clara añade vitalidad tranquila y continúa con tu día normal.",1
love_B1_mok_ex_water,intro,Es un día en el que el crecimiento de las relaciones es lento y no es fácil probar cosas nuevas.,1
love_B1_mok_ex_water,effect,El estancamiento en el progreso puede llevar al aburrimiento en las relaciones.,1
love_B1_mok_ex_water,action,Pruebe nuevas actividades o temas de conversación con su pareja.,1
love_B1_mok_ex_water,state,"Hay motivación, pero la fuerza impulsora permanece en un nivel normal y la energía húmeda aumenta los pensamientos, pero no causa mucha agitación.",1
love_B1_mok_ex_wood,intro,Es un día en el que el crecimiento de las relaciones es lento y no es fácil probar cosas nuevas.,1
love_B1_mok_ex_wood,effect,El estancamiento en el progreso puede llevar al aburrimiento en las relaciones.,1
love_B1_mok_ex_wood,action,Pruebe nuevas actividades o temas de conversación con su pareja.,1
love_B1_mok_ex_wood,state,"Hay motivación, pero la fuerza motriz permanece en un nivel mediocre y la tranquila energía del cambio sólo es suficiente para alterar ligeramente el flujo normal.",1
love_B1_su_df_earth,intro,Es un día en el que la comunicación emocional está ligeramente apagada y es probable que se produzcan malentendidos.,1
love_B1_su_df_earth,effect,La falta de comunicación crea un poco de tensión en la relación.,1
love_B1_su_df_earth,action,Elija cuidadosamente sus expresiones al transmitir sus emociones.,1
love_B1_su_df_earth,state,"Aunque la flexibilidad ha disminuido, el flujo no se interrumpe significativamente y la energía turbia ayuda a mantener un ritmo decente.",1
love_B1_su_df_fire,intro,Es un día en el que la comunicación emocional está ligeramente apagada y es probable que se produzcan malentendidos.,1
love_B1_su_df_fire,effect,La falta de comunicación crea un poco de tensión en la relación.,1
love_B1_su_df_fire,action,Elija cuidadosamente sus expresiones al transmitir sus emociones.,1
love_B1_su_df_fire,state,"Aunque la flexibilidad ha disminuido, el flujo no se ve significativamente interrumpido y la energía clara añade vitalidad tranquila y continúa un día normal.",1
love_B1_su_df_water,intro,Es un día en el que la comunicación emocional está ligeramente apagada y es probable que se produzcan malentendidos.,1
love_B1_su_df_water,effect,La falta de comunicación crea un poco de tensión en la relación.,1
love_B1_su_df_water,action,Elija cuidadosamente sus expresiones al transmitir sus emociones.,1
love_B1_su_df_water,state,"La flexibilidad se reduce, pero el flujo no se interrumpe mucho y la energía húmeda aumenta los pensamientos, pero no causa mucha agitación.",1
love_B1_su_df_wood,intro,Es un día en el que la comunicación emocional está ligeramente apagada y es probable que se produzcan malentendidos.,1
love_B1_su_df_wood,effect,La falta de comunicación crea un poco de tensión en la relación.,1
love_B1_su_df_wood,action,Elija cuidadosamente sus expresiones al transmitir sus emociones.,1
love_B1_su_df_wood,state,"Aunque la flexibilidad ha disminuido, el flujo no se ve significativamente interrumpido y la tranquila energía del cambio sólo sacude ligeramente el flujo normal.",1
love_B1_su_ex_earth,intro,Es un día en el que la comunicación emocional está ligeramente apagada y es probable que se produzcan malentendidos.,1
love_B1_su_ex_earth,effect,La falta de comunicación crea un poco de tensión en la relación.,1
love_B1_su_ex_earth,action,Elija cuidadosamente sus expresiones al transmitir sus emociones.,1
love_B1_su_ex_earth,state,"Aunque tengo mucho en qué pensar, el día transcurre sin muchas perturbaciones y la energía nubosa te ayuda a mantener un ritmo tranquilo.",1
love_B1_su_ex_fire,intro,Es un día en el que la comunicación emocional está ligeramente apagada y es probable que se produzcan malentendidos.,1
love_B1_su_ex_fire,effect,La falta de comunicación crea un poco de tensión en la relación.,1
love_B1_su_ex_fire,action,Elija cuidadosamente sus expresiones al transmitir sus emociones.,1
love_B1_su_ex_fire,state,"Aunque tengo muchos pensamientos, el día transcurre sin muchas perturbaciones y la energía clara añade vitalidad tranquila y continúa el día normal.",1
love_B1_su_ex_water,intro,Es un día en el que la comunicación emocional está ligeramente apagada y es probable que se produzcan malentendidos.,1
love_B1_su_ex_water,effect,La falta de comunicación crea un poco de tensión en la relación.,1
love_B1_su_ex_water,action,Elija cuidadosamente sus expresiones al transmitir sus emociones.,1
love_B1_su_ex_water,state,"Incluso si tienes muchos pensamientos, el día transcurre sin mucha agitación y la energía húmeda aumenta tus pensamientos pero no causa mucha agitación.",1
love_B1_su_ex_wood,intro,Es un día en el que la comunicación emocional está ligeramente apagada y es probable que se produzcan malentendidos.,1
love_B1_su_ex_wood,effect,La falta de comunicación crea un poco de tensión en la relación.,1
love_B1_su_ex_wood,action,Elija cuidadosamente sus expresiones al transmitir sus emociones.,1
love_B1_su_ex_wood,state,"Aunque tengo muchos pensamientos, el día transcurre sin muchas perturbaciones y la tranquila energía del cambio sólo sacude ligeramente el flujo normal.",1
love_B1_to_df_earth,intro,Es un día en el que la estabilidad de las relaciones puede debilitarse y los conflictos menores pueden intensificarse.,1
love_B1_to_df_earth,effect,Una base emocional inestable provoca fricciones en las relaciones.,1
love_B1_to_df_earth,action,Resuelve pequeños conflictos el mismo día y sigue adelante.,1
love_B1_to_df_earth,state,"Aunque hay algo de temblor, la vida diaria transcurre sin problemas y la energía turbia te ayuda a mantener un ritmo tranquilo.",1
love_B1_to_df_fire,intro,Es un día en el que la estabilidad de las relaciones puede debilitarse y los conflictos menores pueden intensificarse.,1
love_B1_to_df_fire,effect,Una base emocional inestable provoca fricciones en las relaciones.,1
love_B1_to_df_fire,action,Resuelve pequeños conflictos el mismo día y sigue adelante.,1
love_B1_to_df_fire,state,"Aunque hay algo de temblor, la vida diaria fluye sin problemas y la energía clara añade vitalidad tranquila y continúa el día normal.",1
love_B1_to_df_water,intro,Es un día en el que la estabilidad de las relaciones puede debilitarse y los conflictos menores pueden intensificarse.,1
love_B1_to_df_water,effect,Una base emocional inestable provoca fricciones en las relaciones.,1
love_B1_to_df_water,action,Resuelve pequeños conflictos el mismo día y sigue adelante.,1
love_B1_to_df_water,state,"Aunque hay temblores, la vida diaria fluye suavemente y la energía húmeda aumenta los pensamientos, pero no causa mucha agitación.",1
love_B1_to_df_wood,intro,Es un día en el que la estabilidad de las relaciones puede debilitarse y los conflictos menores pueden intensificarse.,1
love_B1_to_df_wood,effect,Una base emocional inestable provoca fricciones en las relaciones.,1
love_B1_to_df_wood,action,Resuelve pequeños conflictos el mismo día y sigue adelante.,1
love_B1_to_df_wood,state,"Aunque hay fluctuaciones, la vida diaria fluye suavemente y la tranquila energía del cambio sólo sacude ligeramente el flujo normal.",1
love_B1_to_ex_earth,intro,Es un día en el que la estabilidad de las relaciones puede debilitarse y los conflictos menores pueden intensificarse.,1
love_B1_to_ex_earth,effect,Una base emocional inestable provoca fricciones en las relaciones.,1
love_B1_to_ex_earth,action,Resuelve pequeños conflictos el mismo día y sigue adelante.,1
love_B1_to_ex_earth,state,Elegir la familiaridad en lugar del cambio te lleva a un día fácil y la energía turbia te ayuda a mantener un ritmo tranquilo.,1
love_B1_to_ex_fire,intro,Es un día en el que la estabilidad de las relaciones puede debilitarse y los conflictos menores pueden intensificarse.,1
love_B1_to_ex_fire,effect,Una base emocional inestable provoca fricciones en las relaciones.,1
love_B1_to_ex_fire,action,Resuelve pequeños conflictos el mismo día y sigue adelante.,1
love_B1_to_ex_fire,state,"Elegir la familiaridad en lugar del cambio conduce a un día normal, y la energía clara añade vitalidad tranquila al día normal.",1
love_B1_to_ex_water,intro,Es un día en el que la estabilidad de las relaciones puede debilitarse y los conflictos menores pueden intensificarse.,1
love_B1_to_ex_water,effect,Una base emocional inestable provoca fricciones en las relaciones.,1
love_B1_to_ex_water,action,Resuelve pequeños conflictos el mismo día y sigue adelante.,1
love_B1_to_ex_water,state,"Elegir la familiaridad en lugar del cambio conduce a un día normal, y la energía húmeda aumenta los pensamientos pero no causa mucha agitación.",1
love_B1_to_ex_wood,intro,Es un día en el que la estabilidad de las relaciones puede debilitarse y los conflictos menores pueden intensificarse.,1
love_B1_to_ex_wood,effect,Una base emocional inestable provoca fricciones en las relaciones.,1
love_B1_to_ex_wood,action,Resuelve pequeños conflictos el mismo día y sigue adelante.,1
love_B1_to_ex_wood,state,"Elegir la familiaridad en lugar del cambio conduce a un día normal, y la tranquila energía del cambio sólo sacude ligeramente el flujo normal.",1
love_C,intro,"Es posible que tus emociones sean un poco más sensibles hoy, por lo que las pequeñas cosas en tus relaciones pueden parecer muy importantes.",1
love_C,intro,"La energía del amor es débil hoy, por lo que es mejor dejarla fluir naturalmente en lugar de forzarla.",1
love_C,effect,"Las pequeñas palabras o acciones de la otra persona pueden tener un gran impacto, por lo que es mejor mantener tus emociones neutrales.",1
love_C,effect,"La comunicación puede resultar algo difícil en una relación, por lo que es mejor observar el ambiente que tener una conversación directa.",1
love_C,action,"Hoy, en lugar de intentar cambiar a la otra persona, practica aceptar quién eres ahora.",1
love_C,action,"Incluso si se produce un pequeño malentendido, es mejor tomarse un descanso que reaccionar de inmediato.",1
love_C_geum_df_earth,intro,Es un día en el que la energía del amor es baja y la distancia en las relaciones aumenta.,1
love_C_geum_df_earth,effect,La falta de expresión emocional provoca incomprensión y decepción en la otra persona.,1
love_C_geum_df_earth,action,Primero verifique los sentimientos de la otra persona y exprese su consideración.,1
love_C_geum_df_earth,state,"A medida que su resolución se debilita, es fácil posponer decisiones importantes, y la energía turbia puede ralentizarlo y hacer que sus pensamientos sean pesados.",1
love_C_geum_df_fire,intro,Es un día en el que la energía del amor es baja y la distancia en las relaciones aumenta.,1
love_C_geum_df_fire,effect,La falta de expresión emocional provoca incomprensión y decepción en la otra persona.,1
love_C_geum_df_fire,action,Primero verifique los sentimientos de la otra persona y exprese su consideración.,1
love_C_geum_df_fire,state,"A medida que su resolución se debilita, es fácil posponer decisiones importantes y su energía clara puede fluir hacia una atmósfera excitada, que puede nublar su prudencia.",1
love_C_geum_df_water,intro,Es un día en el que la energía del amor es baja y la distancia en las relaciones aumenta.,1
love_C_geum_df_water,effect,La falta de expresión emocional provoca incomprensión y decepción en la otra persona.,1
love_C_geum_df_water,action,Primero verifique los sentimientos de la otra persona y exprese su consideración.,1
love_C_geum_df_water,state,"Es fácil posponer decisiones importantes a medida que su resolución se debilita y la energía de la lluvia y la nieve puede estimular sus emociones y su ser interior, lo que puede tener un impacto mayor.",1
love_C_geum_df_wood,intro,Es un día en el que la energía del amor es baja y la distancia en las relaciones aumenta.,1
love_C_geum_df_wood,effect,La falta de expresión emocional provoca incomprensión y decepción en la otra persona.,1
love_C_geum_df_wood,action,Primero verifique los sentimientos de la otra persona y exprese su consideración.,1
love_C_geum_df_wood,state,"Es fácil posponer decisiones importantes debido a una determinación debilitada, y la fuerte energía del cambio puede alterar el ritmo y conducir a variables inesperadas.",1
love_C_geum_ex_earth,intro,Es un día en el que la energía del amor es baja y la distancia en las relaciones aumenta.,1
love_C_geum_ex_earth,effect,La falta de expresión emocional provoca incomprensión y decepción en la otra persona.,1
love_C_geum_ex_earth,action,Primero verifique los sentimientos de la otra persona y exprese su consideración.,1
love_C_geum_ex_earth,state,Un juicio demasiado agudo puede enfriar las relaciones y la energía turbia puede ralentizar el ritmo y hacer que los pensamientos sean pesados.,1
love_C_geum_ex_fire,intro,Es un día en el que la energía del amor es baja y la distancia en las relaciones aumenta.,1
love_C_geum_ex_fire,effect,La falta de expresión emocional provoca incomprensión y decepción en la otra persona.,1
love_C_geum_ex_fire,action,Primero verifique los sentimientos de la otra persona y exprese su consideración.,1
love_C_geum_ex_fire,state,"Un juicio excesivamente agudo puede enfriar las relaciones y la energía clara puede fluir hacia una atmósfera excitada, lo que puede nublar la prudencia.",1
love_C_geum_ex_water,intro,Es un día en el que la energía del amor es baja y la distancia en las relaciones aumenta.,1
love_C_geum_ex_water,effect,La falta de expresión emocional provoca incomprensión y decepción en la otra persona.,1
love_C_geum_ex_water,action,Primero verifique los sentimientos de la otra persona y exprese su consideración.,1
love_C_geum_ex_water,state,"Un juicio demasiado agudo puede enfriar las relaciones, y la energía de la lluvia y la nieve puede estimular emociones y sentimientos internos, que pueden tener un impacto mayor.",1
love_C_geum_ex_wood,intro,Es un día en el que la energía del amor es baja y la distancia en las relaciones aumenta.,1
love_C_geum_ex_wood,effect,La falta de expresión emocional provoca incomprensión y decepción en la otra persona.,1
love_C_geum_ex_wood,action,Primero verifique los sentimientos de la otra persona y exprese su consideración.,1
love_C_geum_ex_wood,state,"Un juicio demasiado agudo puede enfriar las relaciones, y la fuerte energía del cambio puede alterar el ritmo y provocar variables inesperadas.",1
love_C_hwa_df_earth,intro,Es un día en el que la pasión por el amor se enfría y te sientes impotente en tu relación.,1
love_C_hwa_df_earth,effect,Una caída de la temperatura emocional crea una atmósfera fría en las relaciones.,1
love_C_hwa_df_earth,action,"No fuerces, dale espacio a la otra persona y espera.",1
love_C_hwa_df_earth,state,"Es fácil que se produzcan malentendidos debido a la dificultad para expresarse, y la energía turbia puede ralentizarte y hacer que tus pensamientos sean pesados.",1
love_C_hwa_df_fire,intro,Es un día en el que la pasión por el amor se enfría y te sientes impotente en tu relación.,1
love_C_hwa_df_fire,effect,Una caída de la temperatura emocional crea una atmósfera fría en las relaciones.,1
love_C_hwa_df_fire,action,"No fuerces, dale espacio a la otra persona y espera.",1
love_C_hwa_df_fire,state,Es fácil que se produzcan malentendidos porque las expresiones son difíciles de entender y la energía clara puede fluir hacia una atmósfera excitada y hacer que la precaución se nuble.,1
love_C_hwa_df_water,intro,Es un día en el que la pasión por el amor se enfría y te sientes impotente en tu relación.,1
love_C_hwa_df_water,effect,Una caída de la temperatura emocional crea una atmósfera fría en las relaciones.,1
love_C_hwa_df_water,action,"No fuerces, dale espacio a la otra persona y espera.",1
love_C_hwa_df_water,state,"Es fácil que se produzcan malentendidos porque las expresiones son difíciles de entender y la energía de la lluvia y la nieve puede estimular emociones y sentimientos internos, que pueden tener un impacto mayor.",1
love_C_hwa_df_wood,intro,Es un día en el que la pasión por el amor se enfría y te sientes impotente en tu relación.,1
love_C_hwa_df_wood,effect,Una caída de la temperatura emocional crea una atmósfera fría en las relaciones.,1
love_C_hwa_df_wood,action,"No fuerces, dale espacio a la otra persona y espera.",1
love_C_hwa_df_wood,state,"Es fácil que surjan malentendidos debido a expresiones difíciles, y la fuerte energía del cambio puede alterar el ritmo y conducir a variables inesperadas.",1
love_C_hwa_ex_earth,intro,Es un día en el que la pasión por el amor se enfría y te sientes impotente en tu relación.,1
love_C_hwa_ex_earth,effect,Una caída de la temperatura emocional crea una atmósfera fría en las relaciones.,1
love_C_hwa_ex_earth,action,"No fuerces, dale espacio a la otra persona y espera.",1
love_C_hwa_ex_earth,state,Es fácil que las emociones choquen y la energía turbia puede ralentizarlo y hacer que sus pensamientos sean pesados.,1
love_C_hwa_ex_fire,intro,Es un día en el que la pasión por el amor se enfría y te sientes impotente en tu relación.,1
love_C_hwa_ex_fire,effect,Una caída de la temperatura emocional crea una atmósfera fría en las relaciones.,1
love_C_hwa_ex_fire,action,"No fuerces, dale espacio a la otra persona y espera.",1
love_C_hwa_ex_fire,state,"Es fácil que las emociones choquen y la energía clara puede fluir hacia una atmósfera excitada, haciendo que la precaución se nuble.",1
love_C_hwa_ex_water,intro,Es un día en el que la pasión por el amor se enfría y te sientes impotente en tu relación.,1
love_C_hwa_ex_water,effect,Una caída de la temperatura emocional crea una atmósfera fría en las relaciones.,1
love_C_hwa_ex_water,action,"No fuerces, dale espacio a la otra persona y espera.",1
love_C_hwa_ex_water,state,"Es fácil que las emociones entren en conflicto y la energía de la lluvia y la nieve puede estimular emociones y sentimientos internos, lo que puede aumentar el impacto.",1
love_C_hwa_ex_wood,intro,Es un día en el que la pasión por el amor se enfría y te sientes impotente en tu relación.,1
love_C_hwa_ex_wood,effect,Una caída de la temperatura emocional crea una atmósfera fría en las relaciones.,1
love_C_hwa_ex_wood,action,"No fuerces, dale espacio a la otra persona y espera.",1
love_C_hwa_ex_wood,state,Es fácil que las emociones choquen y la fuerte energía del cambio puede alterar el ritmo y provocar variables inesperadas.,1
love_C_mok_df_earth,intro,Es un día en el que la expansión de las relaciones se bloquea y resulta difícil desarrollar nuevas relaciones o relaciones.,1
love_C_mok_df_earth,effect,La falta de energía de crecimiento estanca las relaciones y reduce el interés.,1
love_C_mok_df_earth,action,Concéntrese en mantener su relación actual y evite hacer demasiados avances.,1
love_C_mok_df_earth,state,"La vacilación a la hora de probar cosas nuevas puede ralentizar el progreso, y la energía turbia puede ralentizar el ritmo y hacer que los pensamientos sean pesados.",1
love_C_mok_df_fire,intro,Es un día en el que la expansión de las relaciones se bloquea y resulta difícil desarrollar nuevas relaciones o relaciones.,1
love_C_mok_df_fire,effect,La falta de energía de crecimiento estanca las relaciones y reduce el interés.,1
love_C_mok_df_fire,action,Concéntrese en mantener su relación actual y evite hacer demasiados avances.,1
love_C_mok_df_fire,state,"La vacilación a la hora de probar cosas nuevas puede ralentizar el progreso, y la energía clara puede generar una atmósfera de excitación, que puede nublar la precaución.",1
love_C_mok_df_water,intro,Es un día en el que la expansión de las relaciones se bloquea y resulta difícil desarrollar nuevas relaciones o relaciones.,1
love_C_mok_df_water,effect,La falta de energía de crecimiento estanca las relaciones y reduce el interés.,1
love_C_mok_df_water,action,Concéntrese en mantener su relación actual y evite hacer demasiados avances.,1
love_C_mok_df_water,state,"La vacilación a la hora de probar cosas nuevas puede ralentizar el progreso, y la energía de la lluvia y la nieve puede estimular tus emociones y tu yo interior, lo que puede aumentar el impacto.",1
love_C_mok_df_wood,intro,Es un día en el que la expansión de las relaciones se bloquea y resulta difícil desarrollar nuevas relaciones o relaciones.,1
love_C_mok_df_wood,effect,La falta de energía de crecimiento estanca las relaciones y reduce el interés.,1
love_C_mok_df_wood,action,Concéntrese en mantener su relación actual y evite hacer demasiados avances.,1
love_C_mok_df_wood,state,"La vacilación a la hora de probar cosas nuevas puede ralentizar el progreso, y la fuerte energía del cambio puede alterar el ritmo y generar variables inesperadas.",1
love_C_mok_ex_earth,intro,Es un día en el que la expansión de las relaciones se bloquea y resulta difícil desarrollar nuevas relaciones o relaciones.,1
love_C_mok_ex_earth,effect,La falta de energía de crecimiento estanca las relaciones y reduce el interés.,1
love_C_mok_ex_earth,action,Concéntrese en mantener su relación actual y evite hacer demasiados avances.,1
love_C_mok_ex_earth,state,La motivación excesiva puede hacer que te excedas y la energía turbia puede ralentizarte y hacer que tus pensamientos sean pesados.,1
love_C_mok_ex_fire,intro,Es un día en el que la expansión de las relaciones se bloquea y resulta difícil desarrollar nuevas relaciones o relaciones.,1
love_C_mok_ex_fire,effect,La falta de energía de crecimiento estanca las relaciones y reduce el interés.,1
love_C_mok_ex_fire,action,Concéntrese en mantener su relación actual y evite hacer demasiados avances.,1
love_C_mok_ex_fire,state,"Si está demasiado motivado, puede esforzarse por hacer cosas y su energía clara puede fluir hacia una atmósfera excitada, que puede nublar su prudencia.",1
love_C_mok_ex_water,intro,Es un día en el que la expansión de las relaciones se bloquea y resulta difícil desarrollar nuevas relaciones o relaciones.,1
love_C_mok_ex_water,effect,La falta de energía de crecimiento estanca las relaciones y reduce el interés.,1
love_C_mok_ex_water,action,Concéntrese en mantener su relación actual y evite hacer demasiados avances.,1
love_C_mok_ex_water,state,"Si tienes demasiada motivación, puedes exagerar y la energía de la lluvia y la nieve puede estimular tus emociones y tu yo interior, lo que puede aumentar el impacto.",1
love_C_mok_ex_wood,intro,Es un día en el que la expansión de las relaciones se bloquea y resulta difícil desarrollar nuevas relaciones o relaciones.,1
love_C_mok_ex_wood,effect,La falta de energía de crecimiento estanca las relaciones y reduce el interés.,1
love_C_mok_ex_wood,action,Concéntrese en mantener su relación actual y evite hacer demasiados avances.,1
love_C_mok_ex_wood,state,"La motivación excesiva puede llevar a exagerar las cosas, y la fuerte energía del cambio puede alterar el ritmo y generar variables inesperadas.",1
love_C_su_df_earth,intro,Es un día en el que la comunicación emocional se bloquea y los conflictos se repiten en las relaciones.,1
love_C_su_df_earth,effect,Una falla en la comunicación genera malentendidos y empeora las relaciones.,1
love_C_su_df_earth,action,"En lugar de reaccionar emocionalmente, escuche primero lo que la otra persona tiene que decir.",1
love_C_su_df_earth,state,"Es fácil perder la noción del flujo debido a la falta de flexibilidad, y la energía turbia puede ralentizarlo y hacer que sus pensamientos sean pesados.",1
love_C_su_df_fire,intro,Es un día en el que la comunicación emocional se bloquea y los conflictos se repiten en las relaciones.,1
love_C_su_df_fire,effect,Una falla en la comunicación genera malentendidos y empeora las relaciones.,1
love_C_su_df_fire,action,"En lugar de reaccionar emocionalmente, escuche primero lo que la otra persona tiene que decir.",1
love_C_su_df_fire,state,"Debido a la falta de flexibilidad, es fácil perder el hilo y la energía clara puede fluir hacia una atmósfera excitada, lo que puede nublar su prudencia.",1
love_C_su_df_water,intro,Es un día en el que la comunicación emocional se bloquea y los conflictos se repiten en las relaciones.,1
love_C_su_df_water,effect,Una falla en la comunicación genera malentendidos y empeora las relaciones.,1
love_C_su_df_water,action,"En lugar de reaccionar emocionalmente, escuche primero lo que la otra persona tiene que decir.",1
love_C_su_df_water,state,"Debido a la falta de flexibilidad, es fácil perder la noción del flujo, y la energía de la lluvia y la nieve puede estimular las emociones y el yo interior, lo que puede aumentar el impacto.",1
love_C_su_df_wood,intro,Es un día en el que la comunicación emocional se bloquea y los conflictos se repiten en las relaciones.,1
love_C_su_df_wood,effect,Una falla en la comunicación genera malentendidos y empeora las relaciones.,1
love_C_su_df_wood,action,"En lugar de reaccionar emocionalmente, escuche primero lo que la otra persona tiene que decir.",1
love_C_su_df_wood,state,"Debido a la falta de flexibilidad, es fácil perder el rumbo y la fuerte energía del cambio puede alterar el ritmo y dar lugar a variables inesperadas.",1
love_C_su_ex_earth,intro,Es un día en el que la comunicación emocional se bloquea y los conflictos se repiten en las relaciones.,1
love_C_su_ex_earth,effect,Una falla en la comunicación genera malentendidos y empeora las relaciones.,1
love_C_su_ex_earth,action,"En lugar de reaccionar emocionalmente, escuche primero lo que la otra persona tiene que decir.",1
love_C_su_ex_earth,state,"Es fácil que tu juicio se vea empañado por emociones desbordantes, y la energía turbia puede ralentizarte y hacer que tus pensamientos sean pesados.",1
love_C_su_ex_fire,intro,Es un día en el que la comunicación emocional se bloquea y los conflictos se repiten en las relaciones.,1
love_C_su_ex_fire,effect,Una falla en la comunicación genera malentendidos y empeora las relaciones.,1
love_C_su_ex_fire,action,"En lugar de reaccionar emocionalmente, escuche primero lo que la otra persona tiene que decir.",1
love_C_su_ex_fire,state,"El juicio puede verse fácilmente nublado por emociones desbordantes, y la energía clara puede fluir hacia una atmósfera excitada, que puede nublar la prudencia.",1
love_C_su_ex_water,intro,Es un día en el que la comunicación emocional se bloquea y los conflictos se repiten en las relaciones.,1
love_C_su_ex_water,effect,Una falla en la comunicación genera malentendidos y empeora las relaciones.,1
love_C_su_ex_water,action,"En lugar de reaccionar emocionalmente, escuche primero lo que la otra persona tiene que decir.",1
love_C_su_ex_water,state,"Es fácil que su juicio se nuble debido a emociones desbordantes, y la energía de la lluvia y la nieve puede estimular sus emociones y su ser interior, lo que puede aumentar el impacto.",1
love_C_su_ex_wood,intro,Es un día en el que la comunicación emocional se bloquea y los conflictos se repiten en las relaciones.,1
love_C_su_ex_wood,effect,Una falla en la comunicación genera malentendidos y empeora las relaciones.,1
love_C_su_ex_wood,action,"En lugar de reaccionar emocionalmente, escuche primero lo que la otra persona tiene que decir.",1
love_C_su_ex_wood,state,"El juicio puede verse fácilmente empañado por las emociones, y la fuerte energía del cambio puede alterar el ritmo y conducir a variables inesperadas.",1
love_C_to_df_earth,intro,Es un día en el que la estabilidad de las relaciones se tambalea y aumentan los conflictos y la ansiedad.,1
love_C_to_df_earth,effect,Una base de relación inestable puede destruir la confianza.,1
love_C_to_df_earth,action,Comparte tus sentimientos honestamente con tu pareja y alivia tu ansiedad.,1
love_C_to_df_earth,state,"Debido a que su centro está sacudido, es fácil dejarse llevar por el entorno, y la energía turbia puede ralentizarlo y hacer que sus pensamientos se vuelvan pesados.",1
love_C_to_df_fire,intro,Es un día en el que la estabilidad de las relaciones se tambalea y aumentan los conflictos y la ansiedad.,1
love_C_to_df_fire,effect,Una base de relación inestable puede destruir la confianza.,1
love_C_to_df_fire,action,Comparte tus sentimientos honestamente con tu pareja y alivia tu ansiedad.,1
love_C_to_df_fire,state,"Debido a que su centro está sacudido, es fácil dejarse llevar por quienes lo rodean, y su energía clara puede fluir hacia una atmósfera excitada, que puede nublar su prudencia.",1
love_C_to_df_water,intro,Es un día en el que la estabilidad de las relaciones se tambalea y aumentan los conflictos y la ansiedad.,1
love_C_to_df_water,effect,Una base de relación inestable puede destruir la confianza.,1
love_C_to_df_water,action,Comparte tus sentimientos honestamente con tu pareja y alivia tu ansiedad.,1
love_C_to_df_water,state,"Debido a que su centro está sacudido, es fácil dejarse llevar por el entorno, y la energía de la lluvia y la nieve puede estimular sus emociones y su ser interior, lo que puede aumentar el impacto.",1
love_C_to_df_wood,intro,Es un día en el que la estabilidad de las relaciones se tambalea y aumentan los conflictos y la ansiedad.,1
love_C_to_df_wood,effect,Una base de relación inestable puede destruir la confianza.,1
love_C_to_df_wood,action,Comparte tus sentimientos honestamente con tu pareja y alivia tu ansiedad.,1
love_C_to_df_wood,state,"Debido a que el centro se sacude, es fácil dejarse llevar por el entorno y la fuerte energía del cambio puede sacudir el ritmo y conducir a variables inesperadas.",1
love_C_to_ex_earth,intro,Es un día en el que la estabilidad de las relaciones se tambalea y aumentan los conflictos y la ansiedad.,1
love_C_to_ex_earth,effect,Una base de relación inestable puede destruir la confianza.,1
love_C_to_ex_earth,action,Comparte tus sentimientos honestamente con tu pareja y alivia tu ansiedad.,1
love_C_to_ex_earth,state,Una mente que se niega a cambiar puede bloquear oportunidades y la energía turbia puede ralentizar tu ritmo y hacer que tus pensamientos sean pesados.,1
love_C_to_ex_fire,intro,Es un día en el que la estabilidad de las relaciones se tambalea y aumentan los conflictos y la ansiedad.,1
love_C_to_ex_fire,effect,Una base de relación inestable puede destruir la confianza.,1
love_C_to_ex_fire,action,Comparte tus sentimientos honestamente con tu pareja y alivia tu ansiedad.,1
love_C_to_ex_fire,state,"Una mente que se niega a cambiar puede bloquear las oportunidades y la energía clara puede fluir hacia una atmósfera excitada, nublando la precaución.",1
love_C_to_ex_water,intro,Es un día en el que la estabilidad de las relaciones se tambalea y aumentan los conflictos y la ansiedad.,1
love_C_to_ex_water,effect,Una base de relación inestable puede destruir la confianza.,1
love_C_to_ex_water,action,Comparte tus sentimientos honestamente con tu pareja y alivia tu ansiedad.,1
love_C_to_ex_water,state,"Una mente que se niega a cambiar puede bloquear oportunidades, y la energía de la lluvia y la nieve puede estimular emociones y sentimientos internos, lo que puede aumentar el impacto.",1
love_C_to_ex_wood,intro,Es un día en el que la estabilidad de las relaciones se tambalea y aumentan los conflictos y la ansiedad.,1
love_C_to_ex_wood,effect,Una base de relación inestable puede destruir la confianza.,1
love_C_to_ex_wood,action,Comparte tus sentimientos honestamente con tu pareja y alivia tu ansiedad.,1
love_C_to_ex_wood,state,"Negarse al cambio puede bloquear oportunidades, y la fuerte energía del cambio puede alterar el ritmo y generar variables inesperadas.",1
love_C1,intro,"Hoy es un día en el que tu energía emocional está muy baja, lo que facilita que se produzcan malentendidos en las relaciones.",1
love_C1,intro,"La energía del amor es débil hoy, por lo que sería prudente minimizar la expresión emocional.",1
love_C1,effect,"Es mejor reducir la cantidad de palabras que pronuncia, ya que las palabras y acciones pequeñas pueden resultar sensibles para la otra persona.",1
love_C1,effect,Las conversaciones basadas en hechos son más eficaces para reducir los malentendidos que las conversaciones emocionales.,1
love_C1,action,"Hoy, priorice la razón sobre las emociones y trate a los demás cómodamente.",1
love_C1,action,"En lugar de intentar resolver el problema de inmediato, es mejor hablar de ello en un estado de calma unos días después.",1
love_C1_geum_df_earth,intro,Es un día en el que la energía amorosa baja mucho y mantener las relaciones se vuelve difícil.,1
love_C1_geum_df_earth,effect,La desconexión emocional puede crear una crisis grave en una relación.,1
love_C1_geum_df_earth,action,"No inicies una conversación con tu pareja hoy, pero hazlo cuando te sientas mejor.",1
love_C1_geum_df_earth,state,"Debido a la falta de determinación, es fácil que se acumulen opciones indecisas, y la energía turbia puede reducir la motivación y nublar el juicio.",1
love_C1_geum_df_fire,intro,Es un día en el que la energía amorosa baja mucho y mantener las relaciones se vuelve difícil.,1
love_C1_geum_df_fire,effect,La desconexión emocional puede crear una crisis grave en una relación.,1
love_C1_geum_df_fire,action,"No inicies una conversación con tu pareja hoy, pero hazlo cuando te sientas mejor.",1
love_C1_geum_df_fire,state,"Debido a la falta de determinación, es fácil tomar decisiones indecisas, y el Yang emocionado puede disipar la calma y provocar errores menores.",1
love_C1_geum_df_water,intro,Es un día en el que la energía amorosa baja mucho y mantener las relaciones se vuelve difícil.,1
love_C1_geum_df_water,effect,La desconexión emocional puede crear una crisis grave en una relación.,1
love_C1_geum_df_water,action,"No inicies una conversación con tu pareja hoy, pero hazlo cuando te sientas mejor.",1
love_C1_geum_df_water,state,"Debido a la falta de determinación, es fácil que se acumulen decisiones indecisas, y es posible que la energía de la lluvia y la nieve no calme sus emociones, lo que hace que su corazón se sienta pesado.",1
love_C1_geum_df_wood,intro,Es un día en el que la energía amorosa baja mucho y mantener las relaciones se vuelve difícil.,1
love_C1_geum_df_wood,effect,La desconexión emocional puede crear una crisis grave en una relación.,1
love_C1_geum_df_wood,action,"No inicies una conversación con tu pareja hoy, pero hazlo cuando te sientas mejor.",1
love_C1_geum_df_wood,state,"Debido a la falta de determinación, es fácil que se acumulen opciones indecisas y la energía del cambio puede seguir interfiriendo y alterando los planes.",1
love_C1_geum_ex_earth,intro,Es un día en el que la energía amorosa baja mucho y mantener las relaciones se vuelve difícil.,1
love_C1_geum_ex_earth,effect,La desconexión emocional puede crear una crisis grave en una relación.,1
love_C1_geum_ex_earth,action,"No inicies una conversación con tu pareja hoy, pero hazlo cuando te sientas mejor.",1
love_C1_geum_ex_earth,state,"La agudeza puede ir demasiado lejos y suponer una carga para quienes le rodean, y la energía turbia puede reducir la motivación y nublar su juicio.",1
love_C1_geum_ex_fire,intro,Es un día en el que la energía amorosa baja mucho y mantener las relaciones se vuelve difícil.,1
love_C1_geum_ex_fire,effect,La desconexión emocional puede crear una crisis grave en una relación.,1
love_C1_geum_ex_fire,action,"No inicies una conversación con tu pareja hoy, pero hazlo cuando te sientas mejor.",1
love_C1_geum_ex_fire,state,"Su agudeza puede ir demasiado lejos y suponer una carga para quienes le rodean, y su energía excitada puede disipar su calma y provocar errores menores.",1
love_C1_geum_ex_water,intro,Es un día en el que la energía amorosa baja mucho y mantener las relaciones se vuelve difícil.,1
love_C1_geum_ex_water,effect,La desconexión emocional puede crear una crisis grave en una relación.,1
love_C1_geum_ex_water,action,"No inicies una conversación con tu pareja hoy, pero hazlo cuando te sientas mejor.",1
love_C1_geum_ex_water,state,"Tu agudeza puede ir demasiado lejos y suponer una carga para quienes te rodean, y la energía de la lluvia y la nieve no puede calmar tus emociones, haciendo que tu corazón se sienta pesado.",1
love_C1_geum_ex_wood,intro,Es un día en el que la energía amorosa baja mucho y mantener las relaciones se vuelve difícil.,1
love_C1_geum_ex_wood,effect,La desconexión emocional puede crear una crisis grave en una relación.,1
love_C1_geum_ex_wood,action,"No inicies una conversación con tu pareja hoy, pero hazlo cuando te sientas mejor.",1
love_C1_geum_ex_wood,state,"Tu agudeza puede ir demasiado lejos y suponer una carga para quienes te rodean, y la energía del cambio puede seguir interfiriendo con tus planes.",1
love_C1_hwa_df_earth,intro,Es un día en el que la pasión amorosa casi desaparece y el entumecimiento se apodera de las relaciones.,1
love_C1_hwa_df_earth,effect,El agotamiento emocional puede causar un gran daño a las relaciones.,1
love_C1_hwa_df_earth,action,Evita hoy las decisiones emocionales y cuídate a ti mismo primero.,1
love_C1_hwa_df_earth,state,"Es fácil que sus sentimientos no se transmitan adecuadamente debido al bloqueo de la expresión, y la energía turbia puede reducir la motivación y nublar su juicio.",1
love_C1_hwa_df_fire,intro,Es un día en el que la pasión amorosa casi desaparece y el entumecimiento se apodera de las relaciones.,1
love_C1_hwa_df_fire,effect,El agotamiento emocional puede causar un gran daño a las relaciones.,1
love_C1_hwa_df_fire,action,Evita hoy las decisiones emocionales y cuídate a ti mismo primero.,1
love_C1_hwa_df_fire,state,"Es fácil que sus sentimientos no se transmitan adecuadamente debido al bloqueo de la expresión, y la energía excitada puede dispersar su calma y provocar errores menores.",1
love_C1_hwa_df_water,intro,Es un día en el que la pasión amorosa casi desaparece y el entumecimiento se apodera de las relaciones.,1
love_C1_hwa_df_water,effect,El agotamiento emocional puede causar un gran daño a las relaciones.,1
love_C1_hwa_df_water,action,Evita hoy las decisiones emocionales y cuídate a ti mismo primero.,1
love_C1_hwa_df_water,state,"Debido a que las expresiones están bloqueadas, es fácil que sus sentimientos no se transmitan adecuadamente y la energía de la lluvia y la nieve no puede calmar sus emociones, lo que puede hacer que su corazón se sienta pesado.",1
love_C1_hwa_df_wood,intro,Es un día en el que la pasión amorosa casi desaparece y el entumecimiento se apodera de las relaciones.,1
love_C1_hwa_df_wood,effect,El agotamiento emocional puede causar un gran daño a las relaciones.,1
love_C1_hwa_df_wood,action,Evita hoy las decisiones emocionales y cuídate a ti mismo primero.,1
love_C1_hwa_df_wood,state,"Es fácil que tus sentimientos no se transmitan adecuadamente debido al bloqueo de expresión, y la energía del cambio puede seguir interfiriendo y alterando tus planes.",1
love_C1_hwa_ex_earth,intro,Es un día en el que la pasión amorosa casi desaparece y el entumecimiento se apodera de las relaciones.,1
love_C1_hwa_ex_earth,effect,El agotamiento emocional puede causar un gran daño a las relaciones.,1
love_C1_hwa_ex_earth,action,Evita hoy las decisiones emocionales y cuídate a ti mismo primero.,1
love_C1_hwa_ex_earth,state,"Es fácil que las emociones causen fricción incluso por cosas pequeñas, y la energía turbia puede reducir la motivación y nublar el juicio.",1
love_C1_hwa_ex_fire,intro,Es un día en el que la pasión amorosa casi desaparece y el entumecimiento se apodera de las relaciones.,1
love_C1_hwa_ex_fire,effect,El agotamiento emocional puede causar un gran daño a las relaciones.,1
love_C1_hwa_ex_fire,action,Evita hoy las decisiones emocionales y cuídate a ti mismo primero.,1
love_C1_hwa_ex_fire,state,"Es fácil que las emociones causen fricción incluso por cosas pequeñas, y la energía excitada puede alterar la calma y provocar errores menores.",1
love_C1_hwa_ex_water,intro,Es un día en el que la pasión amorosa casi desaparece y el entumecimiento se apodera de las relaciones.,1
love_C1_hwa_ex_water,effect,El agotamiento emocional puede causar un gran daño a las relaciones.,1
love_C1_hwa_ex_water,action,Evita hoy las decisiones emocionales y cuídate a ti mismo primero.,1
love_C1_hwa_ex_water,state,"Es fácil que surjan emociones incluso por cosas pequeñas, y la energía de la lluvia y la nieve no puede calmar tus emociones, lo que hace que tu corazón se sienta pesado.",1
love_C1_hwa_ex_wood,intro,Es un día en el que la pasión amorosa casi desaparece y el entumecimiento se apodera de las relaciones.,1
love_C1_hwa_ex_wood,effect,El agotamiento emocional puede causar un gran daño a las relaciones.,1
love_C1_hwa_ex_wood,action,Evita hoy las decisiones emocionales y cuídate a ti mismo primero.,1
love_C1_hwa_ex_wood,state,"Si está impulsado emocionalmente, es fácil que surjan fricciones incluso por cosas pequeñas, y la energía del cambio puede seguir interfiriendo e interrumpiendo sus planes.",1
love_C1_mok_df_earth,intro,Este es el día en que el crecimiento de la relación se detiene por completo y la distancia aumenta.,1
love_C1_mok_df_earth,effect,El estancamiento en una relación puede llevar a una crisis de ruptura.,1
love_C1_mok_df_earth,action,"En lugar de intentar forzar cambios en su relación, tómese un momento para recuperar el aliento.",1
love_C1_mok_df_earth,state,"Si dudas durante mucho tiempo, es fácil que una oportunidad se te escape de las manos y la energía turbia puede reducir la motivación y nublar tu juicio.",1
love_C1_mok_df_fire,intro,Este es el día en que el crecimiento de la relación se detiene por completo y la distancia aumenta.,1
love_C1_mok_df_fire,effect,El estancamiento en una relación puede llevar a una crisis de ruptura.,1
love_C1_mok_df_fire,action,"En lugar de intentar forzar cambios en su relación, tómese un momento para recuperar el aliento.",1
love_C1_mok_df_fire,state,"Si dudas durante mucho tiempo, es fácil que se te escape una oportunidad y la energía excitada puede disipar tu calma y llevarte a errores menores.",1
love_C1_mok_df_water,intro,Este es el día en que el crecimiento de la relación se detiene por completo y la distancia aumenta.,1
love_C1_mok_df_water,effect,El estancamiento en una relación puede llevar a una crisis de ruptura.,1
love_C1_mok_df_water,action,"En lugar de intentar forzar cambios en su relación, tómese un momento para recuperar el aliento.",1
love_C1_mok_df_water,state,"Si dudas durante mucho tiempo, es fácil que una oportunidad se te escape de las manos y la energía de la lluvia y la nieve no pueda calmar tus emociones, haciendo que tu corazón se sienta pesado.",1
love_C1_mok_df_wood,intro,Este es el día en que el crecimiento de la relación se detiene por completo y la distancia aumenta.,1
love_C1_mok_df_wood,effect,El estancamiento en una relación puede llevar a una crisis de ruptura.,1
love_C1_mok_df_wood,action,"En lugar de intentar forzar cambios en su relación, tómese un momento para recuperar el aliento.",1
love_C1_mok_df_wood,state,"Si dudas durante mucho tiempo, es fácil que una oportunidad se te escape de las manos y la energía del cambio puede seguir interfiriendo y alterando tus planes.",1
love_C1_mok_ex_earth,intro,Este es el día en que el crecimiento de la relación se detiene por completo y la distancia aumenta.,1
love_C1_mok_ex_earth,effect,El estancamiento en una relación puede llevar a una crisis de ruptura.,1
love_C1_mok_ex_earth,action,"En lugar de intentar forzar cambios en su relación, tómese un momento para recuperar el aliento.",1
love_C1_mok_ex_earth,state,"Es fácil que la codicia conduzca a cosas que no se pueden captar, y la energía turbia puede reducir la motivación y nublar el juicio.",1
love_C1_mok_ex_fire,intro,Este es el día en que el crecimiento de la relación se detiene por completo y la distancia aumenta.,1
love_C1_mok_ex_fire,effect,El estancamiento en una relación puede llevar a una crisis de ruptura.,1
love_C1_mok_ex_fire,action,"En lugar de intentar forzar cambios en su relación, tómese un momento para recuperar el aliento.",1
love_C1_mok_ex_fire,state,"Es fácil volverse codicioso y hacer cosas que no puedes controlar, y la energía excitada puede perturbar tu calma y provocar errores menores.",1
love_C1_mok_ex_water,intro,Este es el día en que el crecimiento de la relación se detiene por completo y la distancia aumenta.,1
love_C1_mok_ex_water,effect,El estancamiento en una relación puede llevar a una crisis de ruptura.,1
love_C1_mok_ex_water,action,"En lugar de intentar forzar cambios en su relación, tómese un momento para recuperar el aliento.",1
love_C1_mok_ex_water,state,"Es fácil volverse codicioso y hacer cosas que no puedes controlar, y la energía de la lluvia y la nieve no puede calmar tus emociones, lo que hace que tu corazón se sienta pesado.",1
love_C1_mok_ex_wood,intro,Este es el día en que el crecimiento de la relación se detiene por completo y la distancia aumenta.,1
love_C1_mok_ex_wood,effect,El estancamiento en una relación puede llevar a una crisis de ruptura.,1
love_C1_mok_ex_wood,action,"En lugar de intentar forzar cambios en su relación, tómese un momento para recuperar el aliento.",1
love_C1_mok_ex_wood,state,"Es fácil volverse codicioso y terminar haciendo cosas que no puedes controlar, y la energía del cambio puede seguir interfiriendo e interrumpiendo tus planes.",1
love_C1_su_df_earth,intro,Es un día en el que la comunicación emocional puede verse seriamente perturbada y el conflicto puede estallar.,1
love_C1_su_df_earth,effect,Una serie de desconexiones emocionales y malentendidos ponen en riesgo las relaciones.,1
love_C1_su_df_earth,action,Evite conversaciones emocionales importantes hoy y mantenga la calma.,1
love_C1_su_df_earth,state,"Es fácil volverse terco y perder la noción de las cosas repetidamente, y la energía turbia puede reducir la motivación y nublar el juicio.",1
love_C1_su_df_fire,intro,Es un día en el que la comunicación emocional puede verse seriamente perturbada y el conflicto puede estallar.,1
love_C1_su_df_fire,effect,Una serie de desconexiones emocionales y malentendidos ponen en riesgo las relaciones.,1
love_C1_su_df_fire,action,Evite conversaciones emocionales importantes hoy y mantenga la calma.,1
love_C1_su_df_fire,state,"Es fácil volverse terco y perder la noción de la corriente, y la energía excitada puede perturbar su calma y provocar errores menores.",1
love_C1_su_df_water,intro,Es un día en el que la comunicación emocional puede verse seriamente perturbada y el conflicto puede estallar.,1
love_C1_su_df_water,effect,Una serie de desconexiones emocionales y malentendidos ponen en riesgo las relaciones.,1
love_C1_su_df_water,action,Evite conversaciones emocionales importantes hoy y mantenga la calma.,1
love_C1_su_df_water,state,"Es fácil volverse terco y perder la noción de la corriente, y la energía de la lluvia y la nieve no puede calmar tus emociones, lo que hace que tu corazón se sienta pesado.",1
love_C1_su_df_wood,intro,Es un día en el que la comunicación emocional puede verse seriamente perturbada y el conflicto puede estallar.,1
love_C1_su_df_wood,effect,Una serie de desconexiones emocionales y malentendidos ponen en riesgo las relaciones.,1
love_C1_su_df_wood,action,Evite conversaciones emocionales importantes hoy y mantenga la calma.,1
love_C1_su_df_wood,state,"Es fácil volverse terco y perder la noción de las cosas repetidamente, y la energía del cambio puede seguir interfiriendo y alterando sus planes.",1
love_C1_su_ex_earth,intro,Es un día en el que la comunicación emocional puede verse seriamente perturbada y el conflicto puede estallar.,1
love_C1_su_ex_earth,effect,Una serie de desconexiones emocionales y malentendidos ponen en riesgo las relaciones.,1
love_C1_su_ex_earth,action,Evite conversaciones emocionales importantes hoy y mantenga la calma.,1
love_C1_su_ex_earth,state,"Las emociones se vuelven más profundas, por lo que es fácil verse sacudido incluso por estímulos pequeños, y la energía turbia puede reducir la motivación y nublar el juicio.",1
love_C1_su_ex_fire,intro,Es un día en el que la comunicación emocional puede verse seriamente perturbada y el conflicto puede estallar.,1
love_C1_su_ex_fire,effect,Una serie de desconexiones emocionales y malentendidos ponen en riesgo las relaciones.,1
love_C1_su_ex_fire,action,Evite conversaciones emocionales importantes hoy y mantenga la calma.,1
love_C1_su_ex_fire,state,"Las emociones se vuelven profundas, por lo que es fácil verse sacudido incluso por el más mínimo estímulo, y la energía excitada puede alterar la calma y provocar errores menores.",1
love_C1_su_ex_water,intro,Es un día en el que la comunicación emocional puede verse seriamente perturbada y el conflicto puede estallar.,1
love_C1_su_ex_water,effect,Una serie de desconexiones emocionales y malentendidos ponen en riesgo las relaciones.,1
love_C1_su_ex_water,action,Evite conversaciones emocionales importantes hoy y mantenga la calma.,1
love_C1_su_ex_water,state,"A medida que las emociones se vuelven más profundas, es fácil verse sacudido incluso por el más mínimo estímulo, y es posible que la energía de la lluvia y la nieve no calme las emociones, lo que hace que el corazón se sienta pesado.",1
love_C1_su_ex_wood,intro,Es un día en el que la comunicación emocional puede verse seriamente perturbada y el conflicto puede estallar.,1
love_C1_su_ex_wood,effect,Una serie de desconexiones emocionales y malentendidos ponen en riesgo las relaciones.,1
love_C1_su_ex_wood,action,Evite conversaciones emocionales importantes hoy y mantenga la calma.,1
love_C1_su_ex_wood,state,"A medida que sus emociones se profundizan, es fácil verse sacudido incluso por el más mínimo estímulo, y la energía del cambio puede seguir interfiriendo e interrumpiendo sus planes.",1
love_C1_to_df_earth,intro,Es un día en el que la estabilidad de las relaciones se derrumba y la confianza se tambalea enormemente.,1
love_C1_to_df_earth,effect,Una base emocional inestable pone en peligro toda la relación.,1
love_C1_to_df_earth,action,Habla tranquilamente a solas con tu pareja y revisa vuestra relación.,1
love_C1_to_df_earth,state,"Debido a que no estás centrado, es fácil que tus decisiones cambien y la energía turbia puede reducir la motivación y nublar tu juicio.",1
love_C1_to_df_fire,intro,Es un día en el que la estabilidad de las relaciones se derrumba y la confianza se tambalea enormemente.,1
love_C1_to_df_fire,effect,Una base emocional inestable pone en peligro toda la relación.,1
love_C1_to_df_fire,action,Habla tranquilamente a solas con tu pareja y revisa vuestra relación.,1
love_C1_to_df_fire,state,"Debido a que no estás centrado, es fácil que tus decisiones cambien y tu energía excitada puede disipar tu calma y llevarte a errores menores.",1
love_C1_to_df_water,intro,Es un día en el que la estabilidad de las relaciones se derrumba y la confianza se tambalea enormemente.,1
love_C1_to_df_water,effect,Una base emocional inestable pone en peligro toda la relación.,1
love_C1_to_df_water,action,Habla tranquilamente a solas con tu pareja y revisa vuestra relación.,1
love_C1_to_df_water,state,"Debido a que no estás centrado, es fácil que tus decisiones cambien y la energía de la lluvia y la nieve no puede calmar tus emociones, lo que hace que tu corazón se sienta pesado.",1
love_C1_to_df_wood,intro,Es un día en el que la estabilidad de las relaciones se derrumba y la confianza se tambalea enormemente.,1
love_C1_to_df_wood,effect,Una base emocional inestable pone en peligro toda la relación.,1
love_C1_to_df_wood,action,Habla tranquilamente a solas con tu pareja y revisa vuestra relación.,1
love_C1_to_df_wood,state,"Como no estás centrado, es fácil que tus decisiones cambien y la energía del cambio puede seguir interfiriendo con tus planes.",1
love_C1_to_ex_earth,intro,Es un día en el que la estabilidad de las relaciones se derrumba y la confianza se tambalea enormemente.,1
love_C1_to_ex_earth,effect,Una base emocional inestable pone en peligro toda la relación.,1
love_C1_to_ex_earth,action,Habla tranquilamente a solas con tu pareja y revisa vuestra relación.,1
love_C1_to_ex_earth,state,"Es fácil ignorar los cambios que requieren una obstinada orientación hacia la estabilidad, y la energía turbia puede reducir la motivación y nublar el juicio.",1
love_C1_to_ex_fire,intro,Es un día en el que la estabilidad de las relaciones se derrumba y la confianza se tambalea enormemente.,1
love_C1_to_ex_fire,effect,Una base emocional inestable pone en peligro toda la relación.,1
love_C1_to_ex_fire,action,Habla tranquilamente a solas con tu pareja y revisa vuestra relación.,1
love_C1_to_ex_fire,state,"Es fácil ignorar los cambios que requieren una estabilidad tenaz, y la energía excitada puede perturbar la calma y provocar errores menores.",1
love_C1_to_ex_water,intro,Es un día en el que la estabilidad de las relaciones se derrumba y la confianza se tambalea enormemente.,1
love_C1_to_ex_water,effect,Una base emocional inestable pone en peligro toda la relación.,1
love_C1_to_ex_water,action,Habla tranquilamente a solas con tu pareja y revisa vuestra relación.,1
love_C1_to_ex_water,state,"Es fácil ignorar los cambios que requieren una estabilidad obstinada, y es posible que la energía de la lluvia y la nieve no calme sus emociones, lo que hace que su corazón se sienta pesado.",1
love_C1_to_ex_wood,intro,Es un día en el que la estabilidad de las relaciones se derrumba y la confianza se tambalea enormemente.,1
love_C1_to_ex_wood,effect,Una base emocional inestable pone en peligro toda la relación.,1
love_C1_to_ex_wood,action,Habla tranquilamente a solas con tu pareja y revisa vuestra relación.,1
love_C1_to_ex_wood,state,"Es fácil ignorar los cambios que requieren una obstinada orientación hacia la estabilidad, y la energía del cambio puede seguir interfiriendo y alterando sus planes.",1
love_D,intro,"La energía de las relaciones está por los suelos hoy, por lo que sería prudente evitar los conflictos y mantener la distancia.",1
love_D,intro,"Tu energía emocional estará muy débil hoy, por lo que lo mejor es minimizar el contacto con los demás.",1
love_D,effect,"No importa cuán buenas sean tus intenciones, el silencio puede ser lo mejor, ya que puede llevar a malentendidos.",1
love_D,effect,"A medida que tus emociones se vuelven extremadamente sensibles, incluso las cosas pequeñas pueden convertirse en grandes, por lo que hoy es mejor mantener la distancia.",1
love_D,action,Posponga las conversaciones importantes sobre relaciones durante unos días y concéntrese hoy en poner en orden sus sentimientos.,1
love_D,action,Es mejor pasar el día cuidándote a ti mismo en lugar de contactar a los demás.,1
love_D_geum_df_earth,intro,Es un día en el que tu energía amorosa está completamente agotada y tu relación está en crisis.,1
love_D_geum_df_earth,effect,El agotamiento emocional hace que las relaciones sean difíciles de reparar.,1
love_D_geum_df_earth,action,No tomes ninguna decisión romántica hoy.,1
love_D_geum_df_earth,state,"Tu determinación puede verse muy rota, y cualquier elección que hagas puede resultar en arrepentimiento, y la energía espesa y turbia puede ralentizar todo en gran medida.",1
love_D_geum_df_fire,intro,Es un día en el que tu energía amorosa está completamente agotada y tu relación está en crisis.,1
love_D_geum_df_fire,effect,El agotamiento emocional hace que las relaciones sean difíciles de reparar.,1
love_D_geum_df_fire,action,No tomes ninguna decisión romántica hoy.,1
love_D_geum_df_fire,state,"La capacidad de decisión puede verse muy debilitada y cualquier elección puede conducir al arrepentimiento, y un yang fuerte puede fomentar impulsos y conducir a acciones imprudentes.",1
love_D_geum_df_water,intro,Es un día en el que tu energía amorosa está completamente agotada y tu relación está en crisis.,1
love_D_geum_df_water,effect,El agotamiento emocional hace que las relaciones sean difíciles de reparar.,1
love_D_geum_df_water,action,No tomes ninguna decisión romántica hoy.,1
love_D_geum_df_water,state,"Su determinación puede verse alterada en gran medida, y cualquier elección que haga puede resultar en arrepentimiento, y la fuerza de las fuertes lluvias y nieves puede sacudir sus emociones violentamente, haciendo difícil controlarlas.",1
love_D_geum_df_wood,intro,Es un día en el que tu energía amorosa está completamente agotada y tu relación está en crisis.,1
love_D_geum_df_wood,effect,El agotamiento emocional hace que las relaciones sean difíciles de reparar.,1
love_D_geum_df_wood,action,No tomes ninguna decisión romántica hoy.,1
love_D_geum_df_wood,state,"Su determinación puede verse muy quebrantada, cualquier elección que haga puede terminar en arrepentimiento y la feroz energía del cambio puede hacer que todas sus predicciones se extravíen.",1
love_D_geum_ex_earth,intro,Es un día en el que tu energía amorosa está completamente agotada y tu relación está en crisis.,1
love_D_geum_ex_earth,effect,El agotamiento emocional hace que las relaciones sean difíciles de reparar.,1
love_D_geum_ex_earth,action,No tomes ninguna decisión romántica hoy.,1
love_D_geum_ex_earth,state,"Si la nitidez va demasiado lejos, puede crear una profunda grieta con el entorno, y la espesa energía turbia puede ralentizar todo enormemente.",1
love_D_geum_ex_fire,intro,Es un día en el que tu energía amorosa está completamente agotada y tu relación está en crisis.,1
love_D_geum_ex_fire,effect,El agotamiento emocional hace que las relaciones sean difíciles de reparar.,1
love_D_geum_ex_fire,action,No tomes ninguna decisión romántica hoy.,1
love_D_geum_ex_fire,state,"La agudeza puede ir demasiado lejos y crear profundas divisiones con quienes te rodean, y un yang fuerte puede fomentar impulsos y conducir a acciones imprudentes.",1
love_D_geum_ex_water,intro,Es un día en el que tu energía amorosa está completamente agotada y tu relación está en crisis.,1
love_D_geum_ex_water,effect,El agotamiento emocional hace que las relaciones sean difíciles de reparar.,1
love_D_geum_ex_water,action,No tomes ninguna decisión romántica hoy.,1
love_D_geum_ex_water,state,"La nitidez puede ir demasiado lejos y crear grietas profundas en el entorno, y la fuerza de la lluvia y la nieve intensas puede sacudir tus emociones violentamente, dificultando su control.",1
love_D_geum_ex_wood,intro,Es un día en el que tu energía amorosa está completamente agotada y tu relación está en crisis.,1
love_D_geum_ex_wood,effect,El agotamiento emocional hace que las relaciones sean difíciles de reparar.,1
love_D_geum_ex_wood,action,No tomes ninguna decisión romántica hoy.,1
love_D_geum_ex_wood,state,"La nitidez puede ir demasiado lejos y crear profundas grietas en el entorno, y la feroz energía del cambio puede desviar todas las predicciones.",1
love_D_hwa_df_earth,intro,Es un día en el que el sentido del amor está completamente bloqueado y la comunicación con la otra persona es imposible.,1
love_D_hwa_df_earth,effect,La desconexión emocional extrema deja heridas fatales en las relaciones.,1
love_D_hwa_df_earth,action,Abstenerse por completo de comportamientos emocionales y encontrar consuelo solo.,1
love_D_hwa_df_earth,state,"La forma de transmitir los propios sentimientos está completamente cerrada, lo que puede profundizar los malentendidos y la desconexión, y la energía espesa y turbia puede ralentizar todo enormemente.",1
love_D_hwa_df_fire,intro,Es un día en el que el sentido del amor está completamente bloqueado y la comunicación con la otra persona es imposible.,1
love_D_hwa_df_fire,effect,La desconexión emocional extrema deja heridas fatales en las relaciones.,1
love_D_hwa_df_fire,action,Abstenerse por completo de comportamientos emocionales y encontrar consuelo solo.,1
love_D_hwa_df_fire,state,"La forma de comunicar los propios sentimientos es completamente cerrada, lo que puede profundizar los malentendidos y la desconexión, y una fuerte energía positiva puede fomentar impulsos y conducir a acciones imprudentes.",1
love_D_hwa_df_water,intro,Es un día en el que el sentido del amor está completamente bloqueado y la comunicación con la otra persona es imposible.,1
love_D_hwa_df_water,effect,La desconexión emocional extrema deja heridas fatales en las relaciones.,1
love_D_hwa_df_water,action,Abstenerse por completo de comportamientos emocionales y encontrar consuelo solo.,1
love_D_hwa_df_water,state,"La forma de comunicar los propios sentimientos es completamente cerrada, lo que puede profundizar los malentendidos y la desconexión, y la fuerza de las fuertes lluvias y nieves puede sacudir las emociones violentamente, dificultando su control.",1
love_D_hwa_df_wood,intro,Es un día en el que el sentido del amor está completamente bloqueado y la comunicación con la otra persona es imposible.,1
love_D_hwa_df_wood,effect,La desconexión emocional extrema deja heridas fatales en las relaciones.,1
love_D_hwa_df_wood,action,Abstenerse por completo de comportamientos emocionales y encontrar consuelo solo.,1
love_D_hwa_df_wood,state,"La forma de comunicar los propios sentimientos está completamente cerrada, los malentendidos y la desconexión pueden profundizarse, y la feroz energía del cambio puede hacer que todas las predicciones se extravíen.",1
love_D_hwa_ex_earth,intro,Es un día en el que el sentido del amor está completamente bloqueado y la comunicación con la otra persona es imposible.,1
love_D_hwa_ex_earth,effect,La desconexión emocional extrema deja heridas fatales en las relaciones.,1
love_D_hwa_ex_earth,action,Abstenerse por completo de comportamientos emocionales y encontrar consuelo solo.,1
love_D_hwa_ex_earth,state,"Las emociones sobrecalentadas pueden convertirse en un conflicto irreparable, y la energía espesa y turbia puede ralentizar todo enormemente.",1
love_D_hwa_ex_fire,intro,Es un día en el que el sentido del amor está completamente bloqueado y la comunicación con la otra persona es imposible.,1
love_D_hwa_ex_fire,effect,La desconexión emocional extrema deja heridas fatales en las relaciones.,1
love_D_hwa_ex_fire,action,Abstenerse por completo de comportamientos emocionales y encontrar consuelo solo.,1
love_D_hwa_ex_fire,state,Las emociones sobrecalentadas pueden provocar conflictos irreversibles y un yang fuerte puede fomentar impulsos y conducir a acciones imprudentes.,1
love_D_hwa_ex_water,intro,Es un día en el que el sentido del amor está completamente bloqueado y la comunicación con la otra persona es imposible.,1
love_D_hwa_ex_water,effect,La desconexión emocional extrema deja heridas fatales en las relaciones.,1
love_D_hwa_ex_water,action,Abstenerse por completo de comportamientos emocionales y encontrar consuelo solo.,1
love_D_hwa_ex_water,state,"Las emociones sobrecalentadas pueden convertirse en un conflicto irreparable, y la fuerza de las fuertes lluvias y nieve sacude las emociones violentamente, dificultando el control.",1
love_D_hwa_ex_wood,intro,Es un día en el que el sentido del amor está completamente bloqueado y la comunicación con la otra persona es imposible.,1
love_D_hwa_ex_wood,effect,La desconexión emocional extrema deja heridas fatales en las relaciones.,1
love_D_hwa_ex_wood,action,Abstenerse por completo de comportamientos emocionales y encontrar consuelo solo.,1
love_D_hwa_ex_wood,state,"Las emociones sobrecalentadas pueden derivar en un conflicto irreparable, y la feroz energía del cambio puede hacer que todas las predicciones se extravíen.",1
love_D_mok_df_earth,intro,Este es un día en el que la energía para ampliar las relaciones se ha agotado por completo y cualquier intento es contraproducente.,1
love_D_mok_df_earth,effect,Todas las direcciones de la relación están bloqueadas y la crisis sólo se profundiza.,1
love_D_mok_df_earth,action,"Hoy, retírate por completo de la relación y espera la recuperación.",1
love_D_mok_df_earth,state,"El miedo puede impedirte por completo actuar e incluso hacerte perder oportunidades, y la energía espesa y turbia puede ralentizar todo enormemente.",1
love_D_mok_df_fire,intro,Este es un día en el que la energía para ampliar las relaciones se ha agotado por completo y cualquier intento es contraproducente.,1
love_D_mok_df_fire,effect,Todas las direcciones de la relación están bloqueadas y la crisis sólo se profundiza.,1
love_D_mok_df_fire,action,"Hoy, retírate por completo de la relación y espera la recuperación.",1
love_D_mok_df_fire,state,"El miedo puede detener por completo una acción e incluso provocar la pérdida de oportunidades, y una fuerte energía positiva puede fomentar impulsos y conducir a acciones imprudentes.",1
love_D_mok_df_water,intro,Este es un día en el que la energía para ampliar las relaciones se ha agotado por completo y cualquier intento es contraproducente.,1
love_D_mok_df_water,effect,Todas las direcciones de la relación están bloqueadas y la crisis sólo se profundiza.,1
love_D_mok_df_water,action,"Hoy, retírate por completo de la relación y espera la recuperación.",1
love_D_mok_df_water,state,"El miedo puede impedirle por completo actuar e incluso hacer que pierda oportunidades, y la fuerza de las fuertes lluvias y nieves puede sacudir tanto sus emociones que resulta difícil controlarlas.",1
love_D_mok_df_wood,intro,Este es un día en el que la energía para ampliar las relaciones se ha agotado por completo y cualquier intento es contraproducente.,1
love_D_mok_df_wood,effect,Todas las direcciones de la relación están bloqueadas y la crisis sólo se profundiza.,1
love_D_mok_df_wood,action,"Hoy, retírate por completo de la relación y espera la recuperación.",1
love_D_mok_df_wood,state,"El miedo puede detener por completo la acción e incluso conducir a la pérdida de oportunidades, y la feroz energía del cambio puede hacer que todas las predicciones se extravíen.",1
love_D_mok_ex_earth,intro,Este es un día en el que la energía para ampliar las relaciones se ha agotado por completo y cualquier intento es contraproducente.,1
love_D_mok_ex_earth,effect,Todas las direcciones de la relación están bloqueadas y la crisis sólo se profundiza.,1
love_D_mok_ex_earth,action,"Hoy, retírate por completo de la relación y espera la recuperación.",1
love_D_mok_ex_earth,state,La motivación incontrolable puede provocar accidentes irrazonables y la energía espesa y turbia puede ralentizar todo considerablemente.,1
love_D_mok_ex_fire,intro,Este es un día en el que la energía para ampliar las relaciones se ha agotado por completo y cualquier intento es contraproducente.,1
love_D_mok_ex_fire,effect,Todas las direcciones de la relación están bloqueadas y la crisis sólo se profundiza.,1
love_D_mok_ex_fire,action,"Hoy, retírate por completo de la relación y espera la recuperación.",1
love_D_mok_ex_fire,state,La motivación incontrolable puede provocar accidentes irrazonables y una fuerte energía positiva puede fomentar impulsos y conducir a acciones imprudentes.,1
love_D_mok_ex_water,intro,Este es un día en el que la energía para ampliar las relaciones se ha agotado por completo y cualquier intento es contraproducente.,1
love_D_mok_ex_water,effect,Todas las direcciones de la relación están bloqueadas y la crisis sólo se profundiza.,1
love_D_mok_ex_water,action,"Hoy, retírate por completo de la relación y espera la recuperación.",1
love_D_mok_ex_water,state,"La motivación incontrolable puede provocar accidentes irrazonables, y la fuerza de las fuertes lluvias y nieves puede sacudir violentamente las emociones, dificultando el control.",1
love_D_mok_ex_wood,intro,Este es un día en el que la energía para ampliar las relaciones se ha agotado por completo y cualquier intento es contraproducente.,1
love_D_mok_ex_wood,effect,Todas las direcciones de la relación están bloqueadas y la crisis sólo se profundiza.,1
love_D_mok_ex_wood,action,"Hoy, retírate por completo de la relación y espera la recuperación.",1
love_D_mok_ex_wood,state,La motivación incontrolable puede conducir a pensamientos irracionales y la feroz energía del cambio puede hacer que todas las predicciones se extravíen.,1
love_D_su_df_earth,intro,Es un día en el que la comunicación emocional se corta por completo y toda conversación se convierte en conflicto.,1
love_D_su_df_earth,effect,La incapacidad para comunicarse está llevando la relación a su peor momento.,1
love_D_su_df_earth,action,Detén todas las conversaciones emocionales hoy y espera con ansias el mañana.,1
love_D_su_df_earth,state,"Una actitud rígida bloquea todo flujo, dificultando el progreso, y la energía espesa y turbia puede ralentizar todo en gran medida.",1
love_D_su_df_fire,intro,Es un día en el que la comunicación emocional se corta por completo y toda conversación se convierte en conflicto.,1
love_D_su_df_fire,effect,La incapacidad para comunicarse está llevando la relación a su peor momento.,1
love_D_su_df_fire,action,Detén todas las conversaciones emocionales hoy y espera con ansias el mañana.,1
love_D_su_df_fire,state,"Una actitud rígida bloquea todo flujo, dificultando el progreso, y una fuerte energía positiva puede fomentar impulsos y conducir a acciones imprudentes.",1
love_D_su_df_water,intro,Es un día en el que la comunicación emocional se corta por completo y toda conversación se convierte en conflicto.,1
love_D_su_df_water,effect,La incapacidad para comunicarse está llevando la relación a su peor momento.,1
love_D_su_df_water,action,Detén todas las conversaciones emocionales hoy y espera con ansias el mañana.,1
love_D_su_df_water,state,"Una actitud rígida bloquea todo flujo, dificultando el progreso, y la fuerza de las fuertes lluvias y nieve sacude violentamente las emociones, dificultando el control.",1
love_D_su_df_wood,intro,Es un día en el que la comunicación emocional se corta por completo y toda conversación se convierte en conflicto.,1
love_D_su_df_wood,effect,La incapacidad para comunicarse está llevando la relación a su peor momento.,1
love_D_su_df_wood,action,Detén todas las conversaciones emocionales hoy y espera con ansias el mañana.,1
love_D_su_df_wood,state,"Una actitud rígida bloquea todo flujo, dificulta el progreso, y la feroz energía del cambio puede hacer que todas las predicciones se extravíen.",1
love_D_su_ex_earth,intro,Es un día en el que la comunicación emocional se corta por completo y toda conversación se convierte en conflicto.,1
love_D_su_ex_earth,effect,La incapacidad para comunicarse está llevando la relación a su peor momento.,1
love_D_su_ex_earth,action,Detén todas las conversaciones emocionales hoy y espera con ansias el mañana.,1
love_D_su_ex_earth,state,"El torrente de emociones puede abrumar la razón y conducir a grandes errores, y la energía espesa y turbia puede ralentizar todo enormemente.",1
love_D_su_ex_fire,intro,Es un día en el que la comunicación emocional se corta por completo y toda conversación se convierte en conflicto.,1
love_D_su_ex_fire,effect,La incapacidad para comunicarse está llevando la relación a su peor momento.,1
love_D_su_ex_fire,action,Detén todas las conversaciones emocionales hoy y espera con ansias el mañana.,1
love_D_su_ex_fire,state,"Un torrente de emociones puede abrumar la razón y provocar grandes errores, y una fuerte energía positiva puede fomentar impulsos y conducir a acciones imprudentes.",1
love_D_su_ex_water,intro,Es un día en el que la comunicación emocional se corta por completo y toda conversación se convierte en conflicto.,1
love_D_su_ex_water,effect,La incapacidad para comunicarse está llevando la relación a su peor momento.,1
love_D_su_ex_water,action,Detén todas las conversaciones emocionales hoy y espera con ansias el mañana.,1
love_D_su_ex_water,state,"Un torrente de emociones puede abrumar la razón y conducir a grandes errores, y la fuerza de una fuerte lluvia y nieve puede sacudir las emociones violentamente, haciendo difícil controlarlas.",1
love_D_su_ex_wood,intro,Es un día en el que la comunicación emocional se corta por completo y toda conversación se convierte en conflicto.,1
love_D_su_ex_wood,effect,La incapacidad para comunicarse está llevando la relación a su peor momento.,1
love_D_su_ex_wood,action,Detén todas las conversaciones emocionales hoy y espera con ansias el mañana.,1
love_D_su_ex_wood,state,"El torrente de emociones puede abrumar la razón y conducir a grandes errores, y la feroz energía del cambio puede hacer que todas las predicciones se extravíen.",1
love_D_to_df_earth,intro,Es un día en el que toda estabilidad en una relación se derrumba y cualquier acción romántica es peligrosa.,1
love_D_to_df_earth,effect,La inestabilidad extrema hace que sea difícil cambiar una relación.,1
love_D_to_df_earth,action,Deja de lado las citas por completo hoy y concéntrate en recuperarte.,1
love_D_to_df_earth,state,"Puedes perder completamente el equilibrio y todo puede salirse de control, y la energía espesa y turbia puede ralentizar todo enormemente.",1
love_D_to_df_fire,intro,Es un día en el que toda estabilidad en una relación se derrumba y cualquier acción romántica es peligrosa.,1
love_D_to_df_fire,effect,La inestabilidad extrema hace que sea difícil cambiar una relación.,1
love_D_to_df_fire,action,Deja de lado las citas por completo hoy y concéntrate en recuperarte.,1
love_D_to_df_fire,state,"Si pierdes completamente el equilibrio, todo puede salirse de control y una fuerte energía yang puede fomentar impulsos y llevarte a acciones imprudentes.",1
love_D_to_df_water,intro,Es un día en el que toda estabilidad en una relación se derrumba y cualquier acción romántica es peligrosa.,1
love_D_to_df_water,effect,La inestabilidad extrema hace que sea difícil cambiar una relación.,1
love_D_to_df_water,action,Deja de lado las citas por completo hoy y concéntrate en recuperarte.,1
love_D_to_df_water,state,"Puedes perder completamente el equilibrio y todo puede salirse de control, y la fuerza de la fuerte lluvia y la nieve puede sacudir tanto tus emociones que resulta difícil controlarlas.",1
love_D_to_df_wood,intro,Es un día en el que toda estabilidad en una relación se derrumba y cualquier acción romántica es peligrosa.,1
love_D_to_df_wood,effect,La inestabilidad extrema hace que sea difícil cambiar una relación.,1
love_D_to_df_wood,action,Deja de lado las citas por completo hoy y concéntrate en recuperarte.,1
love_D_to_df_wood,state,"Si pierdes completamente el equilibrio, todo puede salirse de control y la violenta energía del cambio puede desviar todas tus predicciones.",1
love_D_to_ex_earth,intro,Es un día en el que toda estabilidad en una relación se derrumba y cualquier acción romántica es peligrosa.,1
love_D_to_ex_earth,effect,La inestabilidad extrema hace que sea difícil cambiar una relación.,1
love_D_to_ex_earth,action,Deja de lado las citas por completo hoy y concéntrate en recuperarte.,1
love_D_to_ex_earth,state,"Negarse a cambiar puede agravar una crisis y dificultar la recuperación, y una atmósfera espesa y turbia puede ralentizar todo considerablemente.",1
love_D_to_ex_fire,intro,Es un día en el que toda estabilidad en una relación se derrumba y cualquier acción romántica es peligrosa.,1
love_D_to_ex_fire,effect,La inestabilidad extrema hace que sea difícil cambiar una relación.,1
love_D_to_ex_fire,action,Deja de lado las citas por completo hoy y concéntrate en recuperarte.,1
love_D_to_ex_fire,state,"Negarse a cambiar puede agravar la crisis y dificultar la recuperación, y una fuerte energía positiva puede fomentar impulsos y conducir a acciones imprudentes.",1
love_D_to_ex_water,intro,Es un día en el que toda estabilidad en una relación se derrumba y cualquier acción romántica es peligrosa.,1
love_D_to_ex_water,effect,La inestabilidad extrema hace que sea difícil cambiar una relación.,1
love_D_to_ex_water,action,Deja de lado las citas por completo hoy y concéntrate en recuperarte.,1
love_D_to_ex_water,state,"Negarse a cambiar puede agravar la crisis y dificultar la recuperación, y la fuerza de las fuertes lluvias y nieves puede sacudir violentamente las emociones, dificultando el control.",1
love_D_to_ex_wood,intro,Es un día en el que toda estabilidad en una relación se derrumba y cualquier acción romántica es peligrosa.,1
love_D_to_ex_wood,effect,La inestabilidad extrema hace que sea difícil cambiar una relación.,1
love_D_to_ex_wood,action,Deja de lado las citas por completo hoy y concéntrate en recuperarte.,1
love_D_to_ex_wood,state,"Negarse a cambiar puede agravar una crisis y dificultar la recuperación, y la feroz energía del cambio puede hacer que todas las predicciones se extravíen.",1
health_A,intro,"Hoy, tu cuerpo y tu mente están vibrantes y puedes realizar fácilmente cualquier actividad.",1
health_A,intro,"Hoy, tu energía saludable estará en su punto máximo, haciendo que tu día sea mucho más ligero y refrescante de lo habitual.",1
health_A,effect,Estás lleno de energía y puedes afrontar nuevos retos sin dificultad.,1
health_A,effect,"La condición se mantiene en su mejor momento, mostrando un alto nivel tanto de concentración como de resistencia.",1
health_A,action,Comienza hoy el ejercicio o los planes relacionados con la salud que has estado posponiendo.,1
health_A,action,Basta con confiar en las buenas señales que te dice tu cuerpo y pasar un día activo.,1
health_A_geum_df_earth,intro,Es un día en el que la energía de tu cuerpo está al máximo y podrás afrontar cualquier cosa en tus mejores condiciones.,1
health_A_geum_df_earth,effect,Las respuestas físicas agudas producen el máximo rendimiento en todas las actividades.,1
health_A_geum_df_earth,action,Pruebe ejercicios de alta intensidad o actividades físicas desafiantes.,1
health_A_geum_df_earth,state,"El juicio sereno aumenta la prudencia, lo que conduce a una percepción profunda, y la energía tranquila aumenta la prudencia, lo que conduce a buenos resultados.",1
health_A_geum_df_fire,intro,Es un día en el que la energía de tu cuerpo está al máximo y podrás afrontar cualquier cosa en tus mejores condiciones.,1
health_A_geum_df_fire,effect,Las respuestas físicas agudas producen el máximo rendimiento en todas las actividades.,1
health_A_geum_df_fire,action,Pruebe ejercicios de alta intensidad o actividades físicas desafiantes.,1
health_A_geum_df_fire,state,"El juicio tranquilo aumenta la prudencia, conduce a una visión profunda y la energía clara aumenta la vitalidad y crea un buen flujo.",1
health_A_geum_df_water,intro,Es un día en el que la energía de tu cuerpo está al máximo y podrás afrontar cualquier cosa en tus mejores condiciones.,1
health_A_geum_df_water,effect,Las respuestas físicas agudas producen el máximo rendimiento en todas las actividades.,1
health_A_geum_df_water,action,Pruebe ejercicios de alta intensidad o actividades físicas desafiantes.,1
health_A_geum_df_water,state,"El juicio tranquilo aumenta la prudencia y conduce a una visión profunda, y la energía húmeda refina profundamente la mente y abre una visión clara.",1
health_A_geum_df_wood,intro,Es un día en el que la energía de tu cuerpo está al máximo y podrás afrontar cualquier cosa en tus mejores condiciones.,1
health_A_geum_df_wood,effect,Las respuestas físicas agudas producen el máximo rendimiento en todas las actividades.,1
health_A_geum_df_wood,action,Pruebe ejercicios de alta intensidad o actividades físicas desafiantes.,1
health_A_geum_df_wood,state,"El juicio sereno aumenta la prudencia, conduce a una visión profunda y la energía dinámica abre nuevas posibilidades.",1
health_A_geum_ex_earth,intro,Es un día en el que la energía de tu cuerpo está al máximo y podrás afrontar cualquier cosa en tus mejores condiciones.,1
health_A_geum_ex_earth,effect,Las respuestas físicas agudas producen el máximo rendimiento en todas las actividades.,1
health_A_geum_ex_earth,action,Pruebe ejercicios de alta intensidad o actividades físicas desafiantes.,1
health_A_geum_ex_earth,state,"El juicio agudo penetra hasta lo más profundo y conduce a conclusiones claras, y la energía tranquila aumenta la prudencia y conduce a buenos resultados.",1
health_A_geum_ex_fire,intro,Es un día en el que la energía de tu cuerpo está al máximo y podrás afrontar cualquier cosa en tus mejores condiciones.,1
health_A_geum_ex_fire,effect,Las respuestas físicas agudas producen el máximo rendimiento en todas las actividades.,1
health_A_geum_ex_fire,action,Pruebe ejercicios de alta intensidad o actividades físicas desafiantes.,1
health_A_geum_ex_fire,state,"El juicio agudo penetra el núcleo y saca conclusiones claras, y la energía clara aumenta la vitalidad y crea un buen flujo.",1
health_A_geum_ex_water,intro,Es un día en el que la energía de tu cuerpo está al máximo y podrás afrontar cualquier cosa en tus mejores condiciones.,1
health_A_geum_ex_water,effect,Las respuestas físicas agudas producen el máximo rendimiento en todas las actividades.,1
health_A_geum_ex_water,action,Pruebe ejercicios de alta intensidad o actividades físicas desafiantes.,1
health_A_geum_ex_water,state,"El juicio agudo penetra el núcleo y saca conclusiones claras, y la energía húmeda refina profundamente la mente y abre una visión clara.",1
health_A_geum_ex_wood,intro,Es un día en el que la energía de tu cuerpo está al máximo y podrás afrontar cualquier cosa en tus mejores condiciones.,1
health_A_geum_ex_wood,effect,Las respuestas físicas agudas producen el máximo rendimiento en todas las actividades.,1
health_A_geum_ex_wood,action,Pruebe ejercicios de alta intensidad o actividades físicas desafiantes.,1
health_A_geum_ex_wood,state,"El juicio agudo penetra hasta lo más profundo y saca conclusiones claras, y la energía dinámica abre nuevas posibilidades.",1
health_A_hwa_df_earth,intro,Es un día en el que su vitalidad arde intensamente y su salud general es óptima.,1
health_A_hwa_df_earth,effect,La vitalidad desbordante aumenta la fuerza física y la inmunidad al mismo tiempo.,1
health_A_hwa_df_earth,action,"Cuando tengas mucha energía, diviértete y muévete con tus actividades favoritas.",1
health_A_hwa_df_earth,state,"Un yo interior tranquilo te da el poder de expresar plenamente tu sinceridad, y una energía tranquila aumenta la prudencia, lo que conduce a buenos resultados.",1
health_A_hwa_df_fire,intro,Es un día en el que su vitalidad arde intensamente y su salud general es óptima.,1
health_A_hwa_df_fire,effect,La vitalidad desbordante aumenta la fuerza física y la inmunidad al mismo tiempo.,1
health_A_hwa_df_fire,action,"Cuando tengas mucha energía, diviértete y muévete con tus actividades favoritas.",1
health_A_hwa_df_fire,state,"Un yo interior tranquilo te da el poder de expresar plenamente tu sinceridad, y la energía clara aumenta tu vitalidad y crea un buen flujo.",1
health_A_hwa_df_water,intro,Es un día en el que su vitalidad arde intensamente y su salud general es óptima.,1
health_A_hwa_df_water,effect,La vitalidad desbordante aumenta la fuerza física y la inmunidad al mismo tiempo.,1
health_A_hwa_df_water,action,"Cuando tengas mucha energía, diviértete y muévete con tus actividades favoritas.",1
health_A_hwa_df_water,state,"Un yo interior tranquilo te da el poder de expresar plenamente tus verdaderos sentimientos, y la energía húmeda refina profundamente tu mente y abre una visión clara.",1
health_A_hwa_df_wood,intro,Es un día en el que su vitalidad arde intensamente y su salud general es óptima.,1
health_A_hwa_df_wood,effect,La vitalidad desbordante aumenta la fuerza física y la inmunidad al mismo tiempo.,1
health_A_hwa_df_wood,action,"Cuando tengas mucha energía, diviértete y muévete con tus actividades favoritas.",1
health_A_hwa_df_wood,state,Un yo interior tranquilo te da el poder de expresar plenamente tu sinceridad y la energía dinámica abre nuevas posibilidades.,1
health_A_hwa_ex_earth,intro,Es un día en el que su vitalidad arde intensamente y su salud general es óptima.,1
health_A_hwa_ex_earth,effect,La vitalidad desbordante aumenta la fuerza física y la inmunidad al mismo tiempo.,1
health_A_hwa_ex_earth,action,"Cuando tengas mucha energía, diviértete y muévete con tus actividades favoritas.",1
health_A_hwa_ex_earth,state,"La pasión desbordante aumenta enormemente el impulso y crea un buen flujo, y la energía tranquila aumenta la prudencia, lo que conduce a buenos resultados.",1
health_A_hwa_ex_fire,intro,Es un día en el que su vitalidad arde intensamente y su salud general es óptima.,1
health_A_hwa_ex_fire,effect,La vitalidad desbordante aumenta la fuerza física y la inmunidad al mismo tiempo.,1
health_A_hwa_ex_fire,action,"Cuando tengas mucha energía, diviértete y muévete con tus actividades favoritas.",1
health_A_hwa_ex_fire,state,"La pasión desbordante aumenta enormemente la fuerza motriz y crea un buen flujo, y la energía clara aumenta la vitalidad y crea un buen flujo.",1
health_A_hwa_ex_water,intro,Es un día en el que su vitalidad arde intensamente y su salud general es óptima.,1
health_A_hwa_ex_water,effect,La vitalidad desbordante aumenta la fuerza física y la inmunidad al mismo tiempo.,1
health_A_hwa_ex_water,action,"Cuando tengas mucha energía, diviértete y muévete con tus actividades favoritas.",1
health_A_hwa_ex_water,state,"La pasión desbordante aumenta enormemente la fuerza motriz y crea un buen flujo, y la energía húmeda refina profundamente la mente y abre una visión clara.",1
health_A_hwa_ex_wood,intro,Es un día en el que su vitalidad arde intensamente y su salud general es óptima.,1
health_A_hwa_ex_wood,effect,La vitalidad desbordante aumenta la fuerza física y la inmunidad al mismo tiempo.,1
health_A_hwa_ex_wood,action,"Cuando tengas mucha energía, diviértete y muévete con tus actividades favoritas.",1
health_A_hwa_ex_wood,state,"La pasión desbordante aumenta enormemente la fuerza motriz, creando un buen flujo y la energía dinámica abre nuevas posibilidades.",1
health_A_mok_df_earth,intro,Es un día en el que la energía del crecimiento físico se activa y la salud general mejora.,1
health_A_mok_df_earth,effect,"A medida que aumenta su vitalidad física, también aumentan su resistencia y recuperación.",1
health_A_mok_df_earth,action,Pruebe hacer ejercicio con regularidad o comience un nuevo hábito de salud.,1
health_A_mok_df_earth,state,"En realidad, un enfoque cauteloso crea un comienzo sólido, y una energía tranquila aumenta la prudencia, lo que conduce a buenos resultados.",1
health_A_mok_df_fire,intro,Es un día en el que la energía del crecimiento físico se activa y la salud general mejora.,1
health_A_mok_df_fire,effect,"A medida que aumenta su vitalidad física, también aumentan su resistencia y recuperación.",1
health_A_mok_df_fire,action,Pruebe hacer ejercicio con regularidad o comience un nuevo hábito de salud.,1
health_A_mok_df_fire,state,"En realidad, un enfoque cauteloso crea un comienzo sólido, y la energía clara aumenta la vitalidad y crea un buen flujo.",1
health_A_mok_df_water,intro,Es un día en el que la energía del crecimiento físico se activa y la salud general mejora.,1
health_A_mok_df_water,effect,"A medida que aumenta su vitalidad física, también aumentan su resistencia y recuperación.",1
health_A_mok_df_water,action,Pruebe hacer ejercicio con regularidad o comience un nuevo hábito de salud.,1
health_A_mok_df_water,state,"En realidad, un enfoque cauteloso crea un comienzo sólido, y la energía húmeda refina profundamente la mente y abre una visión clara.",1
health_A_mok_df_wood,intro,Es un día en el que la energía del crecimiento físico se activa y la salud general mejora.,1
health_A_mok_df_wood,effect,"A medida que aumenta su vitalidad física, también aumentan su resistencia y recuperación.",1
health_A_mok_df_wood,action,Pruebe hacer ejercicio con regularidad o comience un nuevo hábito de salud.,1
health_A_mok_df_wood,state,Un enfoque cauteloso crea un comienzo sólido y la energía dinámica abre nuevas posibilidades.,1
health_A_mok_ex_earth,intro,Es un día en el que la energía del crecimiento físico se activa y la salud general mejora.,1
health_A_mok_ex_earth,effect,"A medida que aumenta su vitalidad física, también aumentan su resistencia y recuperación.",1
health_A_mok_ex_earth,action,Pruebe hacer ejercicio con regularidad o comience un nuevo hábito de salud.,1
health_A_mok_ex_earth,state,Una voluntad fuerte abre activamente nuevas oportunidades y una energía tranquila aumenta la prudencia y conduce a buenos resultados.,1
health_A_mok_ex_fire,intro,Es un día en el que la energía del crecimiento físico se activa y la salud general mejora.,1
health_A_mok_ex_fire,effect,"A medida que aumenta su vitalidad física, también aumentan su resistencia y recuperación.",1
health_A_mok_ex_fire,action,Pruebe hacer ejercicio con regularidad o comience un nuevo hábito de salud.,1
health_A_mok_ex_fire,state,Una voluntad fuerte abre activamente nuevas oportunidades y la energía clara aumenta la vitalidad y crea un buen flujo.,1
health_A_mok_ex_water,intro,Es un día en el que la energía del crecimiento físico se activa y la salud general mejora.,1
health_A_mok_ex_water,effect,"A medida que aumenta su vitalidad física, también aumentan su resistencia y recuperación.",1
health_A_mok_ex_water,action,Pruebe hacer ejercicio con regularidad o comience un nuevo hábito de salud.,1
health_A_mok_ex_water,state,Una voluntad fuerte abre activamente nuevas oportunidades y la energía húmeda refina profundamente la mente y abre una visión clara.,1
health_A_mok_ex_wood,intro,Es un día en el que la energía del crecimiento físico se activa y la salud general mejora.,1
health_A_mok_ex_wood,effect,"A medida que aumenta su vitalidad física, también aumentan su resistencia y recuperación.",1
health_A_mok_ex_wood,action,Pruebe hacer ejercicio con regularidad o comience un nuevo hábito de salud.,1
health_A_mok_ex_wood,state,Una voluntad fuerte abre activamente nuevas oportunidades y una energía dinámica abre nuevas posibilidades.,1
health_A_su_df_earth,intro,Es un día en el que el flujo del cuerpo circula sin obstrucciones y la salud se mantiene sin problemas.,1
health_A_su_df_earth,effect,La circulación fluida en el cuerpo ayuda a recuperarse de la fatiga y a mantener la inmunidad.,1
health_A_su_df_earth,action,Ayude a que su salud fluya bebiendo suficiente agua y estirándose.,1
health_A_su_df_earth,state,"Un centro sólido te ayuda a mantener tu dirección sin vacilar, y una energía tranquila aumenta la prudencia, lo que conduce a buenos resultados.",1
health_A_su_df_fire,intro,Es un día en el que el flujo del cuerpo circula sin obstrucciones y la salud se mantiene sin problemas.,1
health_A_su_df_fire,effect,La circulación fluida en el cuerpo ayuda a recuperarse de la fatiga y a mantener la inmunidad.,1
health_A_su_df_fire,action,Ayude a que su salud fluya bebiendo suficiente agua y estirándose.,1
health_A_su_df_fire,state,"Un centro sólido te mantiene en la dirección correcta sin vacilar, y la energía clara aumenta tu vitalidad y crea un buen flujo.",1
health_A_su_df_water,intro,Es un día en el que el flujo del cuerpo circula sin obstrucciones y la salud se mantiene sin problemas.,1
health_A_su_df_water,effect,La circulación fluida en el cuerpo ayuda a recuperarse de la fatiga y a mantener la inmunidad.,1
health_A_su_df_water,action,Ayude a que su salud fluya bebiendo suficiente agua y estirándose.,1
health_A_su_df_water,state,"Un centro sólido te ayuda a mantener tu dirección sin vacilar, y la energía húmeda refina profundamente tu mente y abre una visión clara.",1
health_A_su_df_wood,intro,Es un día en el que el flujo del cuerpo circula sin obstrucciones y la salud se mantiene sin problemas.,1
health_A_su_df_wood,effect,La circulación fluida en el cuerpo ayuda a recuperarse de la fatiga y a mantener la inmunidad.,1
health_A_su_df_wood,action,Ayude a que su salud fluya bebiendo suficiente agua y estirándose.,1
health_A_su_df_wood,state,Un centro sólido mantiene la dirección sin vacilar y la energía dinámica abre nuevas posibilidades.,1
health_A_su_ex_earth,intro,Es un día en el que el flujo del cuerpo circula sin obstrucciones y la salud se mantiene sin problemas.,1
health_A_su_ex_earth,effect,La circulación fluida en el cuerpo ayuda a recuperarse de la fatiga y a mantener la inmunidad.,1
health_A_su_ex_earth,action,Ayude a que su salud fluya bebiendo suficiente agua y estirándose.,1
health_A_su_ex_earth,state,"La rica sensibilidad conduce a una visión profunda y ayuda al buen juicio, y la energía tranquila aumenta la prudencia, lo que conduce a buenos resultados.",1
health_A_su_ex_fire,intro,Es un día en el que el flujo del cuerpo circula sin obstrucciones y la salud se mantiene sin problemas.,1
health_A_su_ex_fire,effect,La circulación fluida en el cuerpo ayuda a recuperarse de la fatiga y a mantener la inmunidad.,1
health_A_su_ex_fire,action,Ayude a que su salud fluya bebiendo suficiente agua y estirándose.,1
health_A_su_ex_fire,state,"La rica sensibilidad conduce a una visión profunda y ayuda a tomar buenas decisiones, y la energía clara aumenta la vitalidad y crea un buen flujo.",1
health_A_su_ex_water,intro,Es un día en el que el flujo del cuerpo circula sin obstrucciones y la salud se mantiene sin problemas.,1
health_A_su_ex_water,effect,La circulación fluida en el cuerpo ayuda a recuperarse de la fatiga y a mantener la inmunidad.,1
health_A_su_ex_water,action,Ayude a que su salud fluya bebiendo suficiente agua y estirándose.,1
health_A_su_ex_water,state,"La rica sensibilidad conduce a una visión profunda y ayuda al buen juicio, y la energía húmeda refina profundamente la mente y abre una visión clara.",1
health_A_su_ex_wood,intro,Es un día en el que el flujo del cuerpo circula sin obstrucciones y la salud se mantiene sin problemas.,1
health_A_su_ex_wood,effect,La circulación fluida en el cuerpo ayuda a recuperarse de la fatiga y a mantener la inmunidad.,1
health_A_su_ex_wood,action,Ayude a que su salud fluya bebiendo suficiente agua y estirándose.,1
health_A_su_ex_wood,state,"La rica sensibilidad conduce a una visión profunda y ayuda a tomar buenas decisiones, y la energía dinámica abre nuevas posibilidades.",1
health_A_to_df_earth,intro,Es un día en el que su salud es más estable ya que se mantienen sus bases de salud.,1
health_A_to_df_earth,effect,Una base física sólida previene eficazmente la fatiga y las enfermedades.,1
health_A_to_df_earth,action,Manténgase saludable comiendo regularmente y durmiendo lo suficiente.,1
health_A_to_df_earth,state,"Una actitud flexible te permite aceptar con naturalidad las nuevas tendencias, y una energía tranquila aumenta la prudencia, lo que conduce a buenos resultados.",1
health_A_to_df_fire,intro,Es un día en el que su salud es más estable ya que se mantienen sus bases de salud.,1
health_A_to_df_fire,effect,Una base física sólida previene eficazmente la fatiga y las enfermedades.,1
health_A_to_df_fire,action,Manténgase saludable comiendo regularmente y durmiendo lo suficiente.,1
health_A_to_df_fire,state,"Una actitud flexible le permite aceptar naturalmente las nuevas tendencias, y la energía clara aumenta la vitalidad y crea un buen flujo.",1
health_A_to_df_water,intro,Es un día en el que su salud es más estable ya que se mantienen sus bases de salud.,1
health_A_to_df_water,effect,Una base física sólida previene eficazmente la fatiga y las enfermedades.,1
health_A_to_df_water,action,Manténgase saludable comiendo regularmente y durmiendo lo suficiente.,1
health_A_to_df_water,state,"Una actitud flexible le permite aceptar naturalmente las nuevas tendencias, y la energía húmeda refina profundamente su mente y abre una visión clara.",1
health_A_to_df_wood,intro,Es un día en el que su salud es más estable ya que se mantienen sus bases de salud.,1
health_A_to_df_wood,effect,Una base física sólida previene eficazmente la fatiga y las enfermedades.,1
health_A_to_df_wood,action,Manténgase saludable comiendo regularmente y durmiendo lo suficiente.,1
health_A_to_df_wood,state,Una actitud flexible te permite aceptar naturalmente nuevas tendencias y una energía dinámica abre nuevas posibilidades.,1
health_A_to_ex_earth,intro,Es un día en el que su salud es más estable ya que se mantienen sus bases de salud.,1
health_A_to_ex_earth,effect,Una base física sólida previene eficazmente la fatiga y las enfermedades.,1
health_A_to_ex_earth,action,Manténgase saludable comiendo regularmente y durmiendo lo suficiente.,1
health_A_to_ex_earth,state,"Un fuerte sentido de estabilidad se convierte en una base sólida para todo, y una energía tranquila aumenta la prudencia, lo que conduce a buenos resultados.",1
health_A_to_ex_fire,intro,Es un día en el que su salud es más estable ya que se mantienen sus bases de salud.,1
health_A_to_ex_fire,effect,Una base física sólida previene eficazmente la fatiga y las enfermedades.,1
health_A_to_ex_fire,action,Manténgase saludable comiendo regularmente y durmiendo lo suficiente.,1
health_A_to_ex_fire,state,"Una fuerte sensación de estabilidad se convierte en una base sólida para todo, y la energía clara aumenta la vitalidad y crea un buen flujo.",1
health_A_to_ex_water,intro,Es un día en el que su salud es más estable ya que se mantienen sus bases de salud.,1
health_A_to_ex_water,effect,Una base física sólida previene eficazmente la fatiga y las enfermedades.,1
health_A_to_ex_water,action,Manténgase saludable comiendo regularmente y durmiendo lo suficiente.,1
health_A_to_ex_water,state,"Una fuerte sensación de estabilidad se convierte en una base sólida para todo, y la energía húmeda refina profundamente la mente y abre una visión clara.",1
health_A_to_ex_wood,intro,Es un día en el que su salud es más estable ya que se mantienen sus bases de salud.,1
health_A_to_ex_wood,effect,Una base física sólida previene eficazmente la fatiga y las enfermedades.,1
health_A_to_ex_wood,action,Manténgase saludable comiendo regularmente y durmiendo lo suficiente.,1
health_A_to_ex_wood,state,Una fuerte sensación de estabilidad proporciona una base sólida para todo y la energía dinámica abre nuevas posibilidades.,1
health_B,intro,"Hoy estaré lleno de energía saludable, por lo que tu cuerpo se sentirá liviano y tu vida diaria transcurrirá sin problemas.",1
health_B,intro,Hoy es un día en el que el ritmo de tu cuerpo se mantiene estable y es fácil controlar tu condición.,1
health_B,effect,Es un día en el que tu cuerpo responde bien y puedes digerir tu agenda diaria con facilidad.,1
health_B,effect,Un buen equilibrio entre el consumo de energía y la recuperación le permite mantenerse con energía durante todo el día.,1
health_B,action,"Cuando se sienta bien, intente agregar algo de ejercicio ligero o estiramiento.",1
health_B,action,"Para mantener el buen estado actual, la clave es beber suficiente agua y comer con regularidad.",1
health_B_geum_df_earth,intro,Este es un día en el que su salud general es buena y no existen restricciones importantes en sus actividades.,1
health_B_geum_df_earth,effect,La fuerza física estable apoya las actividades diarias con facilidad.,1
health_B_geum_df_earth,action,Mantenga su condición con ejercicio moderado y comidas regulares.,1
health_B_geum_df_earth,state,"Incluso si su determinación se vuelve algo aburrida, el flujo de la vida diaria continúa sin problemas y la energía turbia se suma a la atmósfera tranquila, creando una sensación de tranquilidad.",1
health_B_geum_df_fire,intro,Este es un día en el que su salud general es buena y no existen restricciones importantes en sus actividades.,1
health_B_geum_df_fire,effect,La fuerza física estable apoya las actividades diarias con facilidad.,1
health_B_geum_df_fire,action,Mantenga su condición con ejercicio moderado y comidas regulares.,1
health_B_geum_df_fire,state,"Incluso si tu determinación se vuelve algo aburrida, el flujo de tu vida diaria continúa sin problemas y la energía clara añade vitalidad luminosa, creando un flujo fluido.",1
health_B_geum_df_water,intro,Este es un día en el que su salud general es buena y no existen restricciones importantes en sus actividades.,1
health_B_geum_df_water,effect,La fuerza física estable apoya las actividades diarias con facilidad.,1
health_B_geum_df_water,action,Mantenga su condición con ejercicio moderado y comidas regulares.,1
health_B_geum_df_water,state,"Incluso si tu determinación se vuelve algo aburrida, el flujo de tu vida diaria continúa sin problemas y la energía húmeda añade una sensación de calma y persistencia a tus emociones.",1
health_B_geum_df_wood,intro,Este es un día en el que su salud general es buena y no existen restricciones importantes en sus actividades.,1
health_B_geum_df_wood,effect,La fuerza física estable apoya las actividades diarias con facilidad.,1
health_B_geum_df_wood,action,Mantenga su condición con ejercicio moderado y comidas regulares.,1
health_B_geum_df_wood,state,"Incluso si su determinación se vuelve algo aburrida, el flujo de la vida diaria continúa sin problemas y la ligera energía del cambio añade el estímulo adecuado.",1
health_B_geum_ex_earth,intro,Este es un día en el que su salud general es buena y no existen restricciones importantes en sus actividades.,1
health_B_geum_ex_earth,effect,La fuerza física estable apoya las actividades diarias con facilidad.,1
health_B_geum_ex_earth,action,Mantenga su condición con ejercicio moderado y comidas regulares.,1
health_B_geum_ex_earth,state,"El juicio analítico fluye naturalmente al ritmo habitual, y la energía turbia se suma a la atmósfera tranquila, creando una sensación de tranquilidad.",1
health_B_geum_ex_fire,intro,Este es un día en el que su salud general es buena y no existen restricciones importantes en sus actividades.,1
health_B_geum_ex_fire,effect,La fuerza física estable apoya las actividades diarias con facilidad.,1
health_B_geum_ex_fire,action,Mantenga su condición con ejercicio moderado y comidas regulares.,1
health_B_geum_ex_fire,state,"El juicio analítico sigue naturalmente el ritmo habitual y la energía clara añade vitalidad ligera, creando un flujo suave.",1
health_B_geum_ex_water,intro,Este es un día en el que su salud general es buena y no existen restricciones importantes en sus actividades.,1
health_B_geum_ex_water,effect,La fuerza física estable apoya las actividades diarias con facilidad.,1
health_B_geum_ex_water,action,Mantenga su condición con ejercicio moderado y comidas regulares.,1
health_B_geum_ex_water,state,El juicio analítico fluye naturalmente a su ritmo habitual y la energía húmeda añade una sensación de calma y persistencia a sus emociones.,1
health_B_geum_ex_wood,intro,Este es un día en el que su salud general es buena y no existen restricciones importantes en sus actividades.,1
health_B_geum_ex_wood,effect,La fuerza física estable apoya las actividades diarias con facilidad.,1
health_B_geum_ex_wood,action,Mantenga su condición con ejercicio moderado y comidas regulares.,1
health_B_geum_ex_wood,state,El juicio analítico sigue naturalmente el ritmo habitual y la ligera energía del cambio añade el estímulo adecuado.,1
health_B_hwa_df_earth,intro,Es un día con energía suficiente ya que tu vitalidad se mantiene por encima de lo normal.,1
health_B_hwa_df_earth,effect,La energía suficiente respalda sus actividades diarias.,1
health_B_hwa_df_earth,action,Mueve activamente tu cuerpo y gasta energía de forma saludable.,1
health_B_hwa_df_earth,state,"Aunque las expresiones son moderadas, la estabilidad de la relación se mantiene fácilmente y la energía turbia contribuye a la atmósfera tranquila, lo que lleva a una sensación de tranquilidad.",1
health_B_hwa_df_fire,intro,Es un día con energía suficiente ya que tu vitalidad se mantiene por encima de lo normal.,1
health_B_hwa_df_fire,effect,La energía suficiente respalda sus actividades diarias.,1
health_B_hwa_df_fire,action,Mueve activamente tu cuerpo y gasta energía de forma saludable.,1
health_B_hwa_df_fire,state,"Incluso si las expresiones son restringidas, la estabilidad de la relación se mantiene fácilmente y la energía clara añade vitalidad ligera, creando un flujo suave.",1
health_B_hwa_df_water,intro,Es un día con energía suficiente ya que tu vitalidad se mantiene por encima de lo normal.,1
health_B_hwa_df_water,effect,La energía suficiente respalda sus actividades diarias.,1
health_B_hwa_df_water,action,Mueve activamente tu cuerpo y gasta energía de forma saludable.,1
health_B_hwa_df_water,state,"Incluso si las expresiones son restringidas, la estabilidad de la relación se mantiene fácilmente y la energía húmeda añade un sentimiento de calma y persistencia a las emociones.",1
health_B_hwa_df_wood,intro,Es un día con energía suficiente ya que tu vitalidad se mantiene por encima de lo normal.,1
health_B_hwa_df_wood,effect,La energía suficiente respalda sus actividades diarias.,1
health_B_hwa_df_wood,action,Mueve activamente tu cuerpo y gasta energía de forma saludable.,1
health_B_hwa_df_wood,state,"Incluso si las expresiones son restringidas, la estabilidad de la relación se mantiene fácilmente y la ligera energía del cambio añade el estímulo apropiado.",1
health_B_hwa_ex_earth,intro,Es un día con energía suficiente ya que tu vitalidad se mantiene por encima de lo normal.,1
health_B_hwa_ex_earth,effect,La energía suficiente respalda sus actividades diarias.,1
health_B_hwa_ex_earth,action,Mueve activamente tu cuerpo y gasta energía de forma saludable.,1
health_B_hwa_ex_earth,state,"La pasión está viva, pero también se mantiene el equilibrio, lo que conduce a un día estable, y la energía turbia añade una atmósfera tranquila, lo que lleva a la serenidad.",1
health_B_hwa_ex_fire,intro,Es un día con energía suficiente ya que tu vitalidad se mantiene por encima de lo normal.,1
health_B_hwa_ex_fire,effect,La energía suficiente respalda sus actividades diarias.,1
health_B_hwa_ex_fire,action,Mueve activamente tu cuerpo y gasta energía de forma saludable.,1
health_B_hwa_ex_fire,state,"La pasión permanece viva y se mantiene el equilibrio, lo que conduce a un día estable, y la energía clara añade vitalidad ligera, creando un flujo suave.",1
health_B_hwa_ex_water,intro,Es un día con energía suficiente ya que tu vitalidad se mantiene por encima de lo normal.,1
health_B_hwa_ex_water,effect,La energía suficiente respalda sus actividades diarias.,1
health_B_hwa_ex_water,action,Mueve activamente tu cuerpo y gasta energía de forma saludable.,1
health_B_hwa_ex_water,state,"La pasión permanece viva y se mantiene el equilibrio, lo que conduce a un día estable, y la energía húmeda añade una sensación de calma y persistencia a las emociones.",1
health_B_hwa_ex_wood,intro,Es un día con energía suficiente ya que tu vitalidad se mantiene por encima de lo normal.,1
health_B_hwa_ex_wood,effect,La energía suficiente respalda sus actividades diarias.,1
health_B_hwa_ex_wood,action,Mueve activamente tu cuerpo y gasta energía de forma saludable.,1
health_B_hwa_ex_wood,state,"La pasión está viva y equilibrada, lo que conduce a un día estable, y la ligera energía del cambio añade la estimulación adecuada.",1
health_B_mok_df_earth,intro,Es un día en el que el cuerpo se recupera bien y el cansancio o malestar leve se alivia rápidamente.,1
health_B_mok_df_earth,effect,La energía de recuperación es activa y la fuerza física se mantiene de manera constante.,1
health_B_mok_df_earth,action,Manténgase activo constantemente dentro de un rango que no sea excesivo.,1
health_B_mok_df_earth,state,"Incluso si eres cauteloso al probar cosas nuevas, tu vida diaria fluye de manera constante y la energía turbia contribuye a la atmósfera tranquila, lo que genera una sensación de tranquilidad.",1
health_B_mok_df_fire,intro,Es un día en el que el cuerpo se recupera bien y el cansancio o malestar leve se alivia rápidamente.,1
health_B_mok_df_fire,effect,La energía de recuperación es activa y la fuerza física se mantiene de manera constante.,1
health_B_mok_df_fire,action,Manténgase activo constantemente dentro de un rango que no sea excesivo.,1
health_B_mok_df_fire,state,"Incluso si eres cauteloso al probar cosas nuevas, tu vida diaria fluye de manera constante y la energía clara añade vitalidad luminosa, creando un flujo suave.",1
health_B_mok_df_water,intro,Es un día en el que el cuerpo se recupera bien y el cansancio o malestar leve se alivia rápidamente.,1
health_B_mok_df_water,effect,La energía de recuperación es activa y la fuerza física se mantiene de manera constante.,1
health_B_mok_df_water,action,Manténgase activo constantemente dentro de un rango que no sea excesivo.,1
health_B_mok_df_water,state,"Incluso si eres cauteloso a la hora de probar cosas nuevas, tu vida diaria fluye de manera constante y la energía húmeda añade una sensación de calma y persistencia a tus emociones.",1
health_B_mok_df_wood,intro,Es un día en el que el cuerpo se recupera bien y el cansancio o malestar leve se alivia rápidamente.,1
health_B_mok_df_wood,effect,La energía de recuperación es activa y la fuerza física se mantiene de manera constante.,1
health_B_mok_df_wood,action,Manténgase activo constantemente dentro de un rango que no sea excesivo.,1
health_B_mok_df_wood,state,"Incluso si eres cauteloso a la hora de probar cosas nuevas, tu vida diaria fluye de manera constante y la ligera energía del cambio añade el estímulo adecuado.",1
health_B_mok_ex_earth,intro,Es un día en el que el cuerpo se recupera bien y el cansancio o malestar leve se alivia rápidamente.,1
health_B_mok_ex_earth,effect,La energía de recuperación es activa y la fuerza física se mantiene de manera constante.,1
health_B_mok_ex_earth,action,Manténgase activo constantemente dentro de un rango que no sea excesivo.,1
health_B_mok_ex_earth,state,"La motivación constante hace que el progreso avance paso a paso, y la energía turbia se suma a la atmósfera de calma, lo que lleva a la tranquilidad.",1
health_B_mok_ex_fire,intro,Es un día en el que el cuerpo se recupera bien y el cansancio o malestar leve se alivia rápidamente.,1
health_B_mok_ex_fire,effect,La energía de recuperación es activa y la fuerza física se mantiene de manera constante.,1
health_B_mok_ex_fire,action,Manténgase activo constantemente dentro de un rango que no sea excesivo.,1
health_B_mok_ex_fire,state,"La motivación constante hace que el progreso avance paso a paso, y la energía clara añade vitalidad ligera, creando un flujo suave.",1
health_B_mok_ex_water,intro,Es un día en el que el cuerpo se recupera bien y el cansancio o malestar leve se alivia rápidamente.,1
health_B_mok_ex_water,effect,La energía de recuperación es activa y la fuerza física se mantiene de manera constante.,1
health_B_mok_ex_water,action,Manténgase activo constantemente dentro de un rango que no sea excesivo.,1
health_B_mok_ex_water,state,"La motivación constante hace que el progreso avance paso a paso, y la energía húmeda añade una sensación de calma y persistencia a las emociones.",1
health_B_mok_ex_wood,intro,Es un día en el que el cuerpo se recupera bien y el cansancio o malestar leve se alivia rápidamente.,1
health_B_mok_ex_wood,effect,La energía de recuperación es activa y la fuerza física se mantiene de manera constante.,1
health_B_mok_ex_wood,action,Manténgase activo constantemente dentro de un rango que no sea excesivo.,1
health_B_mok_ex_wood,state,"La motivación constante hace que el progreso normal sea paso a paso, y la débil energía del cambio añade el estímulo apropiado.",1
health_B_su_df_earth,intro,Es un día en el que la circulación en el cuerpo es suave y puedes pasar el día sin fatiga.,1
health_B_su_df_earth,effect,"La circulación sanguínea suave aumenta el suministro de oxígeno, aumentando la concentración y la resistencia.",1
health_B_su_df_earth,action,Mantenga su condición bebiendo suficiente agua para mejorar la circulación.,1
health_B_su_df_earth,state,"Aunque falta algo de flexibilidad, el ritmo básico se mantiene sin dificultad y la energía turbia añade una atmósfera tranquila, lo que lleva a una sensación de tranquilidad.",1
health_B_su_df_fire,intro,Es un día en el que la circulación en el cuerpo es suave y puedes pasar el día sin fatiga.,1
health_B_su_df_fire,effect,"La circulación sanguínea suave aumenta el suministro de oxígeno, aumentando la concentración y la resistencia.",1
health_B_su_df_fire,action,Mantenga su condición bebiendo suficiente agua para mejorar la circulación.,1
health_B_su_df_fire,state,"Aunque falta algo de flexibilidad, el ritmo básico se mantiene sin dificultad y la energía clara añade vitalidad ligera, creando un flujo suave.",1
health_B_su_df_water,intro,Es un día en el que la circulación en el cuerpo es suave y puedes pasar el día sin fatiga.,1
health_B_su_df_water,effect,"La circulación sanguínea suave aumenta el suministro de oxígeno, aumentando la concentración y la resistencia.",1
health_B_su_df_water,action,Mantenga su condición bebiendo suficiente agua para mejorar la circulación.,1
health_B_su_df_water,state,"Aunque carece de flexibilidad, el ritmo básico se mantiene sin dificultad y la energía húmeda añade una sensación de calma y persistencia a las emociones.",1
health_B_su_df_wood,intro,Es un día en el que la circulación en el cuerpo es suave y puedes pasar el día sin fatiga.,1
health_B_su_df_wood,effect,"La circulación sanguínea suave aumenta el suministro de oxígeno, aumentando la concentración y la resistencia.",1
health_B_su_df_wood,action,Mantenga su condición bebiendo suficiente agua para mejorar la circulación.,1
health_B_su_df_wood,state,"Aunque falta algo de flexibilidad, el ritmo básico se mantiene sin dificultad y la ligera energía del cambio añade la estimulación adecuada.",1
health_B_su_ex_earth,intro,Es un día en el que la circulación en el cuerpo es suave y puedes pasar el día sin fatiga.,1
health_B_su_ex_earth,effect,"La circulación sanguínea suave aumenta el suministro de oxígeno, aumentando la concentración y la resistencia.",1
health_B_su_ex_earth,action,Mantenga su condición bebiendo suficiente agua para mejorar la circulación.,1
health_B_su_ex_earth,state,"El día está lleno de emociones, lo que lo convierte en un día más atento de lo habitual, y la energía nublada añade una atmósfera tranquila, lo que lleva a una sensación de tranquilidad.",1
health_B_su_ex_fire,intro,Es un día en el que la circulación en el cuerpo es suave y puedes pasar el día sin fatiga.,1
health_B_su_ex_fire,effect,"La circulación sanguínea suave aumenta el suministro de oxígeno, aumentando la concentración y la resistencia.",1
health_B_su_ex_fire,action,Mantenga su condición bebiendo suficiente agua para mejorar la circulación.,1
health_B_su_ex_fire,state,"El día es rico en emociones, lo que lo convierte en un día más atento de lo habitual, y la energía clara añade vitalidad luminosa, creando un flujo suave.",1
health_B_su_ex_water,intro,Es un día en el que la circulación en el cuerpo es suave y puedes pasar el día sin fatiga.,1
health_B_su_ex_water,effect,"La circulación sanguínea suave aumenta el suministro de oxígeno, aumentando la concentración y la resistencia.",1
health_B_su_ex_water,action,Mantenga su condición bebiendo suficiente agua para mejorar la circulación.,1
health_B_su_ex_water,state,"El día está lleno de emociones, lo que te hace estar más atento de lo habitual, y la energía húmeda añade un regusto calmante a tus emociones.",1
health_B_su_ex_wood,intro,Es un día en el que la circulación en el cuerpo es suave y puedes pasar el día sin fatiga.,1
health_B_su_ex_wood,effect,"La circulación sanguínea suave aumenta el suministro de oxígeno, aumentando la concentración y la resistencia.",1
health_B_su_ex_wood,action,Mantenga su condición bebiendo suficiente agua para mejorar la circulación.,1
health_B_su_ex_wood,state,"El día está lleno de emociones, lo que lo convierte en un día más atento de lo habitual, y la ligera energía del cambio añade la estimulación adecuada.",1
health_B_to_df_earth,intro,Es un día en el que tu salud es estable y podrás pasar el día sin mayores problemas.,1
health_B_to_df_earth,effect,Una condición física estable evita el desperdicio innecesario de fuerza física.,1
health_B_to_df_earth,action,Continúe una vida normal que mantenga su condición.,1
health_B_to_df_earth,state,"Incluso si el centro de gravedad está un poco sacudido, el equilibrio de la vida diaria se mantiene sin muchos problemas, y la energía turbia contribuye a la atmósfera tranquila, lo que lleva a una sensación de tranquilidad.",1
health_B_to_df_fire,intro,Es un día en el que tu salud es estable y podrás pasar el día sin mayores problemas.,1
health_B_to_df_fire,effect,Una condición física estable evita el desperdicio innecesario de fuerza física.,1
health_B_to_df_fire,action,Continúe una vida normal que mantenga su condición.,1
health_B_to_df_fire,state,"Incluso si el centro de gravedad se sacude un poco, el equilibrio de la vida diaria se mantiene sin muchos problemas y la energía clara añade vitalidad luminosa, creando un flujo suave.",1
health_B_to_df_water,intro,Es un día en el que tu salud es estable y podrás pasar el día sin mayores problemas.,1
health_B_to_df_water,effect,Una condición física estable evita el desperdicio innecesario de fuerza física.,1
health_B_to_df_water,action,Continúe una vida normal que mantenga su condición.,1
health_B_to_df_water,state,"Incluso si su centro de gravedad está algo sacudido, el equilibrio de su vida diaria se mantiene sin muchos problemas y la energía húmeda añade una sensación de calma y persistencia a sus emociones.",1
health_B_to_df_wood,intro,Es un día en el que tu salud es estable y podrás pasar el día sin mayores problemas.,1
health_B_to_df_wood,effect,Una condición física estable evita el desperdicio innecesario de fuerza física.,1
health_B_to_df_wood,action,Continúe una vida normal que mantenga su condición.,1
health_B_to_df_wood,state,"Incluso si el centro está algo sacudido, el equilibrio de la vida diaria se mantiene sin muchos problemas, y la ligera energía del cambio añade el estímulo apropiado.",1
health_B_to_ex_earth,intro,Es un día en el que tu salud es estable y podrás pasar el día sin mayores problemas.,1
health_B_to_ex_earth,effect,Una condición física estable evita el desperdicio innecesario de fuerza física.,1
health_B_to_ex_earth,action,Continúe una vida normal que mantenga su condición.,1
health_B_to_ex_earth,state,"Tiene una fuerte tendencia hacia la estabilidad, por lo que continúa en un día tranquilo sin ningún problema, y la energía nublada se suma a la atmósfera tranquila, lo que lleva a la serenidad.",1
health_B_to_ex_fire,intro,Es un día en el que tu salud es estable y podrás pasar el día sin mayores problemas.,1
health_B_to_ex_fire,effect,Una condición física estable evita el desperdicio innecesario de fuerza física.,1
health_B_to_ex_fire,action,Continúe una vida normal que mantenga su condición.,1
health_B_to_ex_fire,state,"Tiene una fuerte tendencia hacia la estabilidad, por lo que continúa suavemente en un día tranquilo, y la energía clara añade vitalidad luminosa, creando un flujo suave.",1
health_B_to_ex_water,intro,Es un día en el que tu salud es estable y podrás pasar el día sin mayores problemas.,1
health_B_to_ex_water,effect,Una condición física estable evita el desperdicio innecesario de fuerza física.,1
health_B_to_ex_water,action,Continúe una vida normal que mantenga su condición.,1
health_B_to_ex_water,state,"Tiene una fuerte naturaleza orientada a la estabilidad, por lo que puede conducir fácilmente a un día tranquilo, y la energía húmeda añade un regusto calmante a las emociones.",1
health_B_to_ex_wood,intro,Es un día en el que tu salud es estable y podrás pasar el día sin mayores problemas.,1
health_B_to_ex_wood,effect,Una condición física estable evita el desperdicio innecesario de fuerza física.,1
health_B_to_ex_wood,action,Continúe una vida normal que mantenga su condición.,1
health_B_to_ex_wood,state,"La orientación a la estabilidad es fuerte, por lo que continúa suavemente en un día tranquilo, y la ligera energía del cambio añade la estimulación adecuada.",1
health_B1,intro,Hoy tu energía de salud está tranquila y puedes mantener bien tu condición.,1
health_B1,intro,"Tu condición física se mantendrá estable hoy, por lo que podrás tener un día digno.",1
health_B1,effect,"Si tu condición se mantiene en un nivel promedio y no te excedes, será un día sin problemas.",1
health_B1,effect,El cuerpo se encuentra en un estado en el que puede afrontar el día sin mucho esfuerzo.,1
health_B1,action,"Hoy en día, es mejor mantener la rutina existente en lugar de gestionar condiciones especiales.",1
health_B1,action,"Si comes y duermes regularmente, podrás mantener una buena condición hoy.",1
health_B1_geum_df_earth,intro,Este es un día en el que tu salud está en un nivel medio y es posible que te sientas un poco cansado.,1
health_B1_geum_df_earth,effect,La fuerza física es algo baja y la fatiga se acumula rápidamente después de largos períodos de actividad.,1
health_B1_geum_df_earth,action,Evite la actividad excesiva y descanse lo suficiente antes de moverse.,1
health_B1_geum_df_earth,state,"Aunque las decisiones toman algo de tiempo, el día continúa sin mucha vacilación y la energía turbia te ayuda a mantener un ritmo tranquilo.",1
health_B1_geum_df_fire,intro,Este es un día en el que tu salud está en un nivel medio y es posible que te sientas un poco cansado.,1
health_B1_geum_df_fire,effect,La fuerza física es algo baja y la fatiga se acumula rápidamente después de largos períodos de actividad.,1
health_B1_geum_df_fire,action,Evite la actividad excesiva y descanse lo suficiente antes de moverse.,1
health_B1_geum_df_fire,state,"Aunque las decisiones toman algo de tiempo, el día continúa sin mucha vacilación y la energía clara añade serena vitalidad y continúa el día normal.",1
health_B1_geum_df_water,intro,Este es un día en el que tu salud está en un nivel medio y es posible que te sientas un poco cansado.,1
health_B1_geum_df_water,effect,La fuerza física es algo baja y la fatiga se acumula rápidamente después de largos períodos de actividad.,1
health_B1_geum_df_water,action,Evite la actividad excesiva y descanse lo suficiente antes de moverse.,1
health_B1_geum_df_water,state,"Aunque las decisiones toman algo de tiempo, el día transcurre sin muchas vacilaciones y la energía húmeda aumenta tus pensamientos pero no provoca mucha agitación.",1
health_B1_geum_df_wood,intro,Este es un día en el que tu salud está en un nivel medio y es posible que te sientas un poco cansado.,1
health_B1_geum_df_wood,effect,La fuerza física es algo baja y la fatiga se acumula rápidamente después de largos períodos de actividad.,1
health_B1_geum_df_wood,action,Evite la actividad excesiva y descanse lo suficiente antes de moverse.,1
health_B1_geum_df_wood,state,"La decisión puede ser lenta, pero el día transcurre sin mucha vacilación y la tranquila energía del cambio sólo sacude ligeramente el flujo normal.",1
health_B1_geum_ex_earth,intro,Este es un día en el que tu salud está en un nivel medio y es posible que te sientas un poco cansado.,1
health_B1_geum_ex_earth,effect,La fuerza física es algo baja y la fatiga se acumula rápidamente después de largos períodos de actividad.,1
health_B1_geum_ex_earth,action,Evite la actividad excesiva y descanse lo suficiente antes de moverse.,1
health_B1_geum_ex_earth,state,"El juicio es claro, pero termina con un resultado mediocre y la energía turbia ayuda a mantener un ritmo decente.",1
health_B1_geum_ex_fire,intro,Este es un día en el que tu salud está en un nivel medio y es posible que te sientas un poco cansado.,1
health_B1_geum_ex_fire,effect,La fuerza física es algo baja y la fatiga se acumula rápidamente después de largos períodos de actividad.,1
health_B1_geum_ex_fire,action,Evite la actividad excesiva y descanse lo suficiente antes de moverse.,1
health_B1_geum_ex_fire,state,"El juicio es claro, pero termina con un resultado ordinario, y la energía clara añade vitalidad tranquila y continúa el día ordinario.",1
health_B1_geum_ex_water,intro,Este es un día en el que tu salud está en un nivel medio y es posible que te sientas un poco cansado.,1
health_B1_geum_ex_water,effect,La fuerza física es algo baja y la fatiga se acumula rápidamente después de largos períodos de actividad.,1
health_B1_geum_ex_water,action,Evite la actividad excesiva y descanse lo suficiente antes de moverse.,1
health_B1_geum_ex_water,state,"El juicio es claro pero termina con un resultado simple, y la energía húmeda aumenta los pensamientos pero no causa mucha agitación.",1
health_B1_geum_ex_wood,intro,Este es un día en el que tu salud está en un nivel medio y es posible que te sientas un poco cansado.,1
health_B1_geum_ex_wood,effect,La fuerza física es algo baja y la fatiga se acumula rápidamente después de largos períodos de actividad.,1
health_B1_geum_ex_wood,action,Evite la actividad excesiva y descanse lo suficiente antes de moverse.,1
health_B1_geum_ex_wood,state,"El juicio es claro, pero termina con un resultado mediocre, y la tranquila energía del cambio no hace más que alterar levemente el flujo normal.",1
health_B1_hwa_df_earth,intro,Puede que tu vitalidad esté algo baja y que te sientas con poca energía.,1
health_B1_hwa_df_earth,effect,Es fácil perder la concentración por la tarde debido a la falta de energía.,1
health_B1_hwa_df_earth,action,Consuma comidas nutritivas para reponer energía.,1
health_B1_hwa_df_earth,state,"Aunque hay poca expresión, la relación no se ve muy afectada y la energía turbia ayuda a mantener un ritmo tranquilo.",1
health_B1_hwa_df_fire,intro,Puede que tu vitalidad esté algo baja y que te sientas con poca energía.,1
health_B1_hwa_df_fire,effect,Es fácil perder la concentración por la tarde debido a la falta de energía.,1
health_B1_hwa_df_fire,action,Consuma comidas nutritivas para reponer energía.,1
health_B1_hwa_df_fire,state,"Aunque hay pocas expresiones, la relación no se ve muy afectada y la energía clara agrega una vitalidad tranquila y continúa un día normal.",1
health_B1_hwa_df_water,intro,Puede que tu vitalidad esté algo baja y que te sientas con poca energía.,1
health_B1_hwa_df_water,effect,Es fácil perder la concentración por la tarde debido a la falta de energía.,1
health_B1_hwa_df_water,action,Consuma comidas nutritivas para reponer energía.,1
health_B1_hwa_df_water,state,"Aunque hay pocas expresiones, la relación no se ve muy afectada y la energía húmeda aumenta los pensamientos, pero no provoca mucha agitación.",1
health_B1_hwa_df_wood,intro,Puede que tu vitalidad esté algo baja y que te sientas con poca energía.,1
health_B1_hwa_df_wood,effect,Es fácil perder la concentración por la tarde debido a la falta de energía.,1
health_B1_hwa_df_wood,action,Consuma comidas nutritivas para reponer energía.,1
health_B1_hwa_df_wood,state,"Aunque hay poca expresión, la relación no se ve muy afectada y la tranquila energía del cambio solo es suficiente para sacudir ligeramente el flujo normal.",1
health_B1_hwa_ex_earth,intro,Puede que tu vitalidad esté algo baja y que te sientas con poca energía.,1
health_B1_hwa_ex_earth,effect,Es fácil perder la concentración por la tarde debido a la falta de energía.,1
health_B1_hwa_ex_earth,action,Consuma comidas nutritivas para reponer energía.,1
health_B1_hwa_ex_earth,state,El calor moderado hace que el día sea tranquilo y la energía nublada le ayuda a mantener un ritmo tranquilo.,1
health_B1_hwa_ex_fire,intro,Puede que tu vitalidad esté algo baja y que te sientas con poca energía.,1
health_B1_hwa_ex_fire,effect,Es fácil perder la concentración por la tarde debido a la falta de energía.,1
health_B1_hwa_ex_fire,action,Consuma comidas nutritivas para reponer energía.,1
health_B1_hwa_ex_fire,state,El calor moderado crea un día tranquilo y la energía clara añade vitalidad tranquila y continúa el día normal.,1
health_B1_hwa_ex_water,intro,Puede que tu vitalidad esté algo baja y que te sientas con poca energía.,1
health_B1_hwa_ex_water,effect,Es fácil perder la concentración por la tarde debido a la falta de energía.,1
health_B1_hwa_ex_water,action,Consuma comidas nutritivas para reponer energía.,1
health_B1_hwa_ex_water,state,El calor moderado hace que el día sea tranquilo y la energía húmeda aumenta tus pensamientos pero no causa mucha agitación.,1
health_B1_hwa_ex_wood,intro,Puede que tu vitalidad esté algo baja y que te sientas con poca energía.,1
health_B1_hwa_ex_wood,effect,Es fácil perder la concentración por la tarde debido a la falta de energía.,1
health_B1_hwa_ex_wood,action,Consuma comidas nutritivas para reponer energía.,1
health_B1_hwa_ex_wood,state,El calor moderado hace que el día sea tranquilo y la tranquila energía del cambio no hace más que alterar ligeramente el flujo normal.,1
health_B1_mok_df_earth,intro,"Es posible que su cuerpo se recupere un poco más lentamente, lo que dificulta la eliminación de la fatiga.",1
health_B1_mok_df_earth,effect,La recuperación lenta puede provocar fatiga.,1
health_B1_mok_df_earth,action,Ayude a su recuperación con suficiente sueño y nutrición.,1
health_B1_mok_df_earth,state,"Sigue siendo más familiar que nuevo, pero el flujo es ininterrumpido y la energía turbia te ayuda a mantener un ritmo tranquilo.",1
health_B1_mok_df_fire,intro,"Es posible que su cuerpo se recupere un poco más lentamente, lo que dificulta la eliminación de la fatiga.",1
health_B1_mok_df_fire,effect,La recuperación lenta puede provocar fatiga.,1
health_B1_mok_df_fire,action,Ayude a su recuperación con suficiente sueño y nutrición.,1
health_B1_mok_df_fire,state,"Aunque sigue siendo familiar más que nuevo, el flujo es ininterrumpido y la energía clara añade vitalidad tranquila y continúa el día normal.",1
health_B1_mok_df_water,intro,"Es posible que su cuerpo se recupere un poco más lentamente, lo que dificulta la eliminación de la fatiga.",1
health_B1_mok_df_water,effect,La recuperación lenta puede provocar fatiga.,1
health_B1_mok_df_water,action,Ayude a su recuperación con suficiente sueño y nutrición.,1
health_B1_mok_df_water,state,"Aunque sigue siendo más familiar que novedoso, el flujo es ininterrumpido y la energía húmeda aumenta los pensamientos pero no causa mucha agitación.",1
health_B1_mok_df_wood,intro,"Es posible que su cuerpo se recupere un poco más lentamente, lo que dificulta la eliminación de la fatiga.",1
health_B1_mok_df_wood,effect,La recuperación lenta puede provocar fatiga.,1
health_B1_mok_df_wood,action,Ayude a su recuperación con suficiente sueño y nutrición.,1
health_B1_mok_df_wood,state,"Aunque sigue siendo más familiar que nuevo, el flujo es ininterrumpido y la tranquila energía del cambio sólo sacude ligeramente el flujo normal.",1
health_B1_mok_ex_earth,intro,"Es posible que su cuerpo se recupere un poco más lentamente, lo que dificulta la eliminación de la fatiga.",1
health_B1_mok_ex_earth,effect,La recuperación lenta puede provocar fatiga.,1
health_B1_mok_ex_earth,action,Ayude a su recuperación con suficiente sueño y nutrición.,1
health_B1_mok_ex_earth,state,"Hay motivación, pero tu fuerza motriz se mantiene en un nivel mediocre y la energía turbia te ayuda a mantener un ritmo decente.",1
health_B1_mok_ex_fire,intro,"Es posible que su cuerpo se recupere un poco más lentamente, lo que dificulta la eliminación de la fatiga.",1
health_B1_mok_ex_fire,effect,La recuperación lenta puede provocar fatiga.,1
health_B1_mok_ex_fire,action,Ayude a su recuperación con suficiente sueño y nutrición.,1
health_B1_mok_ex_fire,state,"Aunque hay motivación, tu fuerza motriz se mantiene en un nivel promedio y la energía clara añade vitalidad tranquila y continúa con tu día normal.",1
health_B1_mok_ex_water,intro,"Es posible que su cuerpo se recupere un poco más lentamente, lo que dificulta la eliminación de la fatiga.",1
health_B1_mok_ex_water,effect,La recuperación lenta puede provocar fatiga.,1
health_B1_mok_ex_water,action,Ayude a su recuperación con suficiente sueño y nutrición.,1
health_B1_mok_ex_water,state,"Hay motivación, pero la fuerza impulsora permanece en un nivel normal y la energía húmeda aumenta los pensamientos, pero no causa mucha agitación.",1
health_B1_mok_ex_wood,intro,"Es posible que su cuerpo se recupere un poco más lentamente, lo que dificulta la eliminación de la fatiga.",1
health_B1_mok_ex_wood,effect,La recuperación lenta puede provocar fatiga.,1
health_B1_mok_ex_wood,action,Ayude a su recuperación con suficiente sueño y nutrición.,1
health_B1_mok_ex_wood,state,"Hay motivación, pero la fuerza motriz permanece en un nivel mediocre y la tranquila energía del cambio sólo es suficiente para alterar ligeramente el flujo normal.",1
health_B1_su_df_earth,intro,"La circulación en el cuerpo puede disminuir ligeramente, por lo que la fatiga puede persistir.",1
health_B1_su_df_earth,effect,La desaceleración circulatoria se manifiesta como disminución de la concentración y fatiga leve.,1
health_B1_su_df_earth,action,Estimule la circulación con ligeros estiramientos e hidratación.,1
health_B1_su_df_earth,state,"Aunque la flexibilidad ha disminuido, el flujo no se interrumpe significativamente y la energía turbia ayuda a mantener un ritmo decente.",1
health_B1_su_df_fire,intro,"La circulación en el cuerpo puede disminuir ligeramente, por lo que la fatiga puede persistir.",1
health_B1_su_df_fire,effect,La desaceleración circulatoria se manifiesta como disminución de la concentración y fatiga leve.,1
health_B1_su_df_fire,action,Estimule la circulación con ligeros estiramientos e hidratación.,1
health_B1_su_df_fire,state,"Aunque la flexibilidad ha disminuido, el flujo no se ve significativamente interrumpido y la energía clara añade vitalidad tranquila y continúa un día normal.",1
health_B1_su_df_water,intro,"La circulación en el cuerpo puede disminuir ligeramente, por lo que la fatiga puede persistir.",1
health_B1_su_df_water,effect,La desaceleración circulatoria se manifiesta como disminución de la concentración y fatiga leve.,1
health_B1_su_df_water,action,Estimule la circulación con ligeros estiramientos e hidratación.,1
health_B1_su_df_water,state,"La flexibilidad se reduce, pero el flujo no se interrumpe mucho y la energía húmeda aumenta los pensamientos, pero no causa mucha agitación.",1
health_B1_su_df_wood,intro,"La circulación en el cuerpo puede disminuir ligeramente, por lo que la fatiga puede persistir.",1
health_B1_su_df_wood,effect,La desaceleración circulatoria se manifiesta como disminución de la concentración y fatiga leve.,1
health_B1_su_df_wood,action,Estimule la circulación con ligeros estiramientos e hidratación.,1
health_B1_su_df_wood,state,"Aunque la flexibilidad ha disminuido, el flujo no se ve significativamente interrumpido y la tranquila energía del cambio sólo sacude ligeramente el flujo normal.",1
health_B1_su_ex_earth,intro,"La circulación en el cuerpo puede disminuir ligeramente, por lo que la fatiga puede persistir.",1
health_B1_su_ex_earth,effect,La desaceleración circulatoria se manifiesta como disminución de la concentración y fatiga leve.,1
health_B1_su_ex_earth,action,Estimule la circulación con ligeros estiramientos e hidratación.,1
health_B1_su_ex_earth,state,"Aunque tengo mucho en qué pensar, el día transcurre sin muchas perturbaciones y la energía nubosa te ayuda a mantener un ritmo tranquilo.",1
health_B1_su_ex_fire,intro,"La circulación en el cuerpo puede disminuir ligeramente, por lo que la fatiga puede persistir.",1
health_B1_su_ex_fire,effect,La desaceleración circulatoria se manifiesta como disminución de la concentración y fatiga leve.,1
health_B1_su_ex_fire,action,Estimule la circulación con ligeros estiramientos e hidratación.,1
health_B1_su_ex_fire,state,"Aunque tengo muchos pensamientos, el día transcurre sin muchas perturbaciones y la energía clara añade vitalidad tranquila y continúa el día normal.",1
health_B1_su_ex_water,intro,"La circulación en el cuerpo puede disminuir ligeramente, por lo que la fatiga puede persistir.",1
health_B1_su_ex_water,effect,La desaceleración circulatoria se manifiesta como disminución de la concentración y fatiga leve.,1
health_B1_su_ex_water,action,Estimule la circulación con ligeros estiramientos e hidratación.,1
health_B1_su_ex_water,state,"Incluso si tienes muchos pensamientos, el día transcurre sin mucha agitación y la energía húmeda aumenta tus pensamientos pero no causa mucha agitación.",1
health_B1_su_ex_wood,intro,"La circulación en el cuerpo puede disminuir ligeramente, por lo que la fatiga puede persistir.",1
health_B1_su_ex_wood,effect,La desaceleración circulatoria se manifiesta como disminución de la concentración y fatiga leve.,1
health_B1_su_ex_wood,action,Estimule la circulación con ligeros estiramientos e hidratación.,1
health_B1_su_ex_wood,state,"Aunque tengo muchos pensamientos, el día transcurre sin muchas perturbaciones y la tranquila energía del cambio sólo sacude ligeramente el flujo normal.",1
health_B1_to_df_earth,intro,"Si tiene una estabilidad de salud promedio, pueden ocurrir problemas de salud menores.",1
health_B1_to_df_earth,effect,El debilitamiento de la base de fuerza física suele provocar pequeñas molestias.,1
health_B1_to_df_earth,action,No ignore las señales de problemas de salud y responda de inmediato.,1
health_B1_to_df_earth,state,"Aunque hay algo de temblor, la vida diaria transcurre sin problemas y la energía turbia te ayuda a mantener un ritmo tranquilo.",1
health_B1_to_df_fire,intro,"Si tiene una estabilidad de salud promedio, pueden ocurrir problemas de salud menores.",1
health_B1_to_df_fire,effect,El debilitamiento de la base de fuerza física suele provocar pequeñas molestias.,1
health_B1_to_df_fire,action,No ignore las señales de problemas de salud y responda de inmediato.,1
health_B1_to_df_fire,state,"Aunque hay algo de temblor, la vida diaria fluye sin problemas y la energía clara añade vitalidad tranquila y continúa el día normal.",1
health_B1_to_df_water,intro,"Si tiene una estabilidad de salud promedio, pueden ocurrir problemas de salud menores.",1
health_B1_to_df_water,effect,El debilitamiento de la base de fuerza física suele provocar pequeñas molestias.,1
health_B1_to_df_water,action,No ignore las señales de problemas de salud y responda de inmediato.,1
health_B1_to_df_water,state,"Aunque hay temblores, la vida diaria fluye suavemente y la energía húmeda aumenta los pensamientos, pero no causa mucha agitación.",1
health_B1_to_df_wood,intro,"Si tiene una estabilidad de salud promedio, pueden ocurrir problemas de salud menores.",1
health_B1_to_df_wood,effect,El debilitamiento de la base de fuerza física suele provocar pequeñas molestias.,1
health_B1_to_df_wood,action,No ignore las señales de problemas de salud y responda de inmediato.,1
health_B1_to_df_wood,state,"Aunque hay fluctuaciones, la vida diaria fluye suavemente y la tranquila energía del cambio sólo sacude ligeramente el flujo normal.",1
health_B1_to_ex_earth,intro,"Si tiene una estabilidad de salud promedio, pueden ocurrir problemas de salud menores.",1
health_B1_to_ex_earth,effect,El debilitamiento de la base de fuerza física suele provocar pequeñas molestias.,1
health_B1_to_ex_earth,action,No ignore las señales de problemas de salud y responda de inmediato.,1
health_B1_to_ex_earth,state,Elegir la familiaridad en lugar del cambio te lleva a un día fácil y la energía turbia te ayuda a mantener un ritmo tranquilo.,1
health_B1_to_ex_fire,intro,"Si tiene una estabilidad de salud promedio, pueden ocurrir problemas de salud menores.",1
health_B1_to_ex_fire,effect,El debilitamiento de la base de fuerza física suele provocar pequeñas molestias.,1
health_B1_to_ex_fire,action,No ignore las señales de problemas de salud y responda de inmediato.,1
health_B1_to_ex_fire,state,"Elegir la familiaridad en lugar del cambio conduce a un día normal, y la energía clara añade vitalidad tranquila al día normal.",1
health_B1_to_ex_water,intro,"Si tiene una estabilidad de salud promedio, pueden ocurrir problemas de salud menores.",1
health_B1_to_ex_water,effect,El debilitamiento de la base de fuerza física suele provocar pequeñas molestias.,1
health_B1_to_ex_water,action,No ignore las señales de problemas de salud y responda de inmediato.,1
health_B1_to_ex_water,state,"Elegir la familiaridad en lugar del cambio conduce a un día normal, y la energía húmeda aumenta los pensamientos pero no causa mucha agitación.",1
health_B1_to_ex_wood,intro,"Si tiene una estabilidad de salud promedio, pueden ocurrir problemas de salud menores.",1
health_B1_to_ex_wood,effect,El debilitamiento de la base de fuerza física suele provocar pequeñas molestias.,1
health_B1_to_ex_wood,action,No ignore las señales de problemas de salud y responda de inmediato.,1
health_B1_to_ex_wood,state,"Elegir la familiaridad en lugar del cambio conduce a un día normal, y la tranquila energía del cambio sólo sacude ligeramente el flujo normal.",1
health_C,intro,"Tu energía corporal está algo baja hoy, por lo que es importante reducir tu gasto energético.",1
health_C,intro,"Hoy es un día para centrarse en la recuperación en lugar de en la actividad excesiva, ya que la energía de su salud es débil.",1
health_C,effect,"Es posible que se canse más fácilmente de lo habitual y que tenga problemas para concentrarse, por lo que necesita un descanso adecuado.",1
health_C,effect,"Si te excedes en un día en el que tu cuerpo pide recuperación, el día siguiente puede resultar más difícil.",1
health_C,action,"Por hoy, priorice el sueño suficiente y los suplementos nutricionales sobre el ejercicio.",1
health_C,action,"Si te sientes aunque sea un poco pesado, la opción más inteligente es acortar tu horario y descansar.",1
health_C_geum_df_earth,intro,Es un día en el que la energía para la salud es baja y el cansancio continúa durante todo el día.,1
health_C_geum_df_earth,effect,La disminución de la fuerza física reduce la eficiencia de todas las actividades.,1
health_C_geum_df_earth,action,Evite actividades extenuantes y descanse lo suficiente.,1
health_C_geum_df_earth,state,"A medida que su resolución se debilita, es fácil posponer decisiones importantes, y la energía turbia puede ralentizarlo y hacer que sus pensamientos sean pesados.",1
health_C_geum_df_fire,intro,Es un día en el que la energía para la salud es baja y el cansancio continúa durante todo el día.,1
health_C_geum_df_fire,effect,La disminución de la fuerza física reduce la eficiencia de todas las actividades.,1
health_C_geum_df_fire,action,Evite actividades extenuantes y descanse lo suficiente.,1
health_C_geum_df_fire,state,"A medida que su resolución se debilita, es fácil posponer decisiones importantes y su energía clara puede fluir hacia una atmósfera excitada, que puede nublar su prudencia.",1
health_C_geum_df_water,intro,Es un día en el que la energía para la salud es baja y el cansancio continúa durante todo el día.,1
health_C_geum_df_water,effect,La disminución de la fuerza física reduce la eficiencia de todas las actividades.,1
health_C_geum_df_water,action,Evite actividades extenuantes y descanse lo suficiente.,1
health_C_geum_df_water,state,"Es fácil posponer decisiones importantes a medida que su resolución se debilita y la energía de la lluvia y la nieve puede estimular sus emociones y su ser interior, lo que puede tener un impacto mayor.",1
health_C_geum_df_wood,intro,Es un día en el que la energía para la salud es baja y el cansancio continúa durante todo el día.,1
health_C_geum_df_wood,effect,La disminución de la fuerza física reduce la eficiencia de todas las actividades.,1
health_C_geum_df_wood,action,Evite actividades extenuantes y descanse lo suficiente.,1
health_C_geum_df_wood,state,"Es fácil posponer decisiones importantes debido a una determinación debilitada, y la fuerte energía del cambio puede alterar el ritmo y conducir a variables inesperadas.",1
health_C_geum_ex_earth,intro,Es un día en el que la energía para la salud es baja y el cansancio continúa durante todo el día.,1
health_C_geum_ex_earth,effect,La disminución de la fuerza física reduce la eficiencia de todas las actividades.,1
health_C_geum_ex_earth,action,Evite actividades extenuantes y descanse lo suficiente.,1
health_C_geum_ex_earth,state,Un juicio demasiado agudo puede enfriar las relaciones y la energía turbia puede ralentizar el ritmo y hacer que los pensamientos sean pesados.,1
health_C_geum_ex_fire,intro,Es un día en el que la energía para la salud es baja y el cansancio continúa durante todo el día.,1
health_C_geum_ex_fire,effect,La disminución de la fuerza física reduce la eficiencia de todas las actividades.,1
health_C_geum_ex_fire,action,Evite actividades extenuantes y descanse lo suficiente.,1
health_C_geum_ex_fire,state,"Un juicio excesivamente agudo puede enfriar las relaciones y la energía clara puede fluir hacia una atmósfera excitada, lo que puede nublar la prudencia.",1
health_C_geum_ex_water,intro,Es un día en el que la energía para la salud es baja y el cansancio continúa durante todo el día.,1
health_C_geum_ex_water,effect,La disminución de la fuerza física reduce la eficiencia de todas las actividades.,1
health_C_geum_ex_water,action,Evite actividades extenuantes y descanse lo suficiente.,1
health_C_geum_ex_water,state,"Un juicio demasiado agudo puede enfriar las relaciones, y la energía de la lluvia y la nieve puede estimular emociones y sentimientos internos, que pueden tener un impacto mayor.",1
health_C_geum_ex_wood,intro,Es un día en el que la energía para la salud es baja y el cansancio continúa durante todo el día.,1
health_C_geum_ex_wood,effect,La disminución de la fuerza física reduce la eficiencia de todas las actividades.,1
health_C_geum_ex_wood,action,Evite actividades extenuantes y descanse lo suficiente.,1
health_C_geum_ex_wood,state,"Un juicio demasiado agudo puede enfriar las relaciones, y la fuerte energía del cambio puede alterar el ritmo y provocar variables inesperadas.",1
health_C_hwa_df_earth,intro,Es un día en el que tu vitalidad baja significativamente y todo tu cuerpo se siente letárgico.,1
health_C_hwa_df_earth,effect,El agotamiento energético conduce a una disminución de la inmunidad y a un empeoramiento de la fatiga.,1
health_C_hwa_df_earth,action,Restaura tu vitalidad con suficiente sueño y suplementos nutricionales.,1
health_C_hwa_df_earth,state,"Es fácil que se produzcan malentendidos debido a la dificultad para expresarse, y la energía turbia puede ralentizarte y hacer que tus pensamientos sean pesados.",1
health_C_hwa_df_fire,intro,Es un día en el que tu vitalidad baja significativamente y todo tu cuerpo se siente letárgico.,1
health_C_hwa_df_fire,effect,El agotamiento energético conduce a una disminución de la inmunidad y a un empeoramiento de la fatiga.,1
health_C_hwa_df_fire,action,Restaura tu vitalidad con suficiente sueño y suplementos nutricionales.,1
health_C_hwa_df_fire,state,Es fácil que se produzcan malentendidos porque las expresiones son difíciles de entender y la energía clara puede fluir hacia una atmósfera excitada y hacer que la precaución se nuble.,1
health_C_hwa_df_water,intro,Es un día en el que tu vitalidad baja significativamente y todo tu cuerpo se siente letárgico.,1
health_C_hwa_df_water,effect,El agotamiento energético conduce a una disminución de la inmunidad y a un empeoramiento de la fatiga.,1
health_C_hwa_df_water,action,Restaura tu vitalidad con suficiente sueño y suplementos nutricionales.,1
health_C_hwa_df_water,state,"Es fácil que se produzcan malentendidos porque las expresiones son difíciles de entender y la energía de la lluvia y la nieve puede estimular emociones y sentimientos internos, que pueden tener un impacto mayor.",1
health_C_hwa_df_wood,intro,Es un día en el que tu vitalidad baja significativamente y todo tu cuerpo se siente letárgico.,1
health_C_hwa_df_wood,effect,El agotamiento energético conduce a una disminución de la inmunidad y a un empeoramiento de la fatiga.,1
health_C_hwa_df_wood,action,Restaura tu vitalidad con suficiente sueño y suplementos nutricionales.,1
health_C_hwa_df_wood,state,"Es fácil que surjan malentendidos debido a expresiones difíciles, y la fuerte energía del cambio puede alterar el ritmo y conducir a variables inesperadas.",1
health_C_hwa_ex_earth,intro,Es un día en el que tu vitalidad baja significativamente y todo tu cuerpo se siente letárgico.,1
health_C_hwa_ex_earth,effect,El agotamiento energético conduce a una disminución de la inmunidad y a un empeoramiento de la fatiga.,1
health_C_hwa_ex_earth,action,Restaura tu vitalidad con suficiente sueño y suplementos nutricionales.,1
health_C_hwa_ex_earth,state,Es fácil que las emociones choquen y la energía turbia puede ralentizarlo y hacer que sus pensamientos sean pesados.,1
health_C_hwa_ex_fire,intro,Es un día en el que tu vitalidad baja significativamente y todo tu cuerpo se siente letárgico.,1
health_C_hwa_ex_fire,effect,El agotamiento energético conduce a una disminución de la inmunidad y a un empeoramiento de la fatiga.,1
health_C_hwa_ex_fire,action,Restaura tu vitalidad con suficiente sueño y suplementos nutricionales.,1
health_C_hwa_ex_fire,state,"Es fácil que las emociones choquen y la energía clara puede fluir hacia una atmósfera excitada, haciendo que la precaución se nuble.",1
health_C_hwa_ex_water,intro,Es un día en el que tu vitalidad baja significativamente y todo tu cuerpo se siente letárgico.,1
health_C_hwa_ex_water,effect,El agotamiento energético conduce a una disminución de la inmunidad y a un empeoramiento de la fatiga.,1
health_C_hwa_ex_water,action,Restaura tu vitalidad con suficiente sueño y suplementos nutricionales.,1
health_C_hwa_ex_water,state,"Es fácil que las emociones entren en conflicto y la energía de la lluvia y la nieve puede estimular emociones y sentimientos internos, lo que puede aumentar el impacto.",1
health_C_hwa_ex_wood,intro,Es un día en el que tu vitalidad baja significativamente y todo tu cuerpo se siente letárgico.,1
health_C_hwa_ex_wood,effect,El agotamiento energético conduce a una disminución de la inmunidad y a un empeoramiento de la fatiga.,1
health_C_hwa_ex_wood,action,Restaura tu vitalidad con suficiente sueño y suplementos nutricionales.,1
health_C_hwa_ex_wood,state,Es fácil que las emociones choquen y la fuerte energía del cambio puede alterar el ritmo y provocar variables inesperadas.,1
health_C_mok_df_earth,intro,Es un día en el que al cuerpo le cuesta recuperarse y el cansancio se acumula fácilmente.,1
health_C_mok_df_earth,effect,"Debido a la menor recuperación, la fuerza física disminuye rápidamente incluso después de una actividad ligera.",1
health_C_mok_df_earth,action,Evite el ejercicio extenuante y priorice el descanso.,1
health_C_mok_df_earth,state,"La vacilación a la hora de probar cosas nuevas puede ralentizar el progreso, y la energía turbia puede ralentizar el ritmo y hacer que los pensamientos sean pesados.",1
health_C_mok_df_fire,intro,Es un día en el que al cuerpo le cuesta recuperarse y el cansancio se acumula fácilmente.,1
health_C_mok_df_fire,effect,"Debido a la menor recuperación, la fuerza física disminuye rápidamente incluso después de una actividad ligera.",1
health_C_mok_df_fire,action,Evite el ejercicio extenuante y priorice el descanso.,1
health_C_mok_df_fire,state,"La vacilación a la hora de probar cosas nuevas puede ralentizar el progreso, y la energía clara puede generar una atmósfera de excitación, que puede nublar la precaución.",1
health_C_mok_df_water,intro,Es un día en el que al cuerpo le cuesta recuperarse y el cansancio se acumula fácilmente.,1
health_C_mok_df_water,effect,"Debido a la menor recuperación, la fuerza física disminuye rápidamente incluso después de una actividad ligera.",1
health_C_mok_df_water,action,Evite el ejercicio extenuante y priorice el descanso.,1
health_C_mok_df_water,state,"La vacilación a la hora de probar cosas nuevas puede ralentizar el progreso, y la energía de la lluvia y la nieve puede estimular tus emociones y tu yo interior, lo que puede aumentar el impacto.",1
health_C_mok_df_wood,intro,Es un día en el que al cuerpo le cuesta recuperarse y el cansancio se acumula fácilmente.,1
health_C_mok_df_wood,effect,"Debido a la menor recuperación, la fuerza física disminuye rápidamente incluso después de una actividad ligera.",1
health_C_mok_df_wood,action,Evite el ejercicio extenuante y priorice el descanso.,1
health_C_mok_df_wood,state,"La vacilación a la hora de probar cosas nuevas puede ralentizar el progreso, y la fuerte energía del cambio puede alterar el ritmo y generar variables inesperadas.",1
health_C_mok_ex_earth,intro,Es un día en el que al cuerpo le cuesta recuperarse y el cansancio se acumula fácilmente.,1
health_C_mok_ex_earth,effect,"Debido a la menor recuperación, la fuerza física disminuye rápidamente incluso después de una actividad ligera.",1
health_C_mok_ex_earth,action,Evite el ejercicio extenuante y priorice el descanso.,1
health_C_mok_ex_earth,state,La motivación excesiva puede hacer que te excedas y la energía turbia puede ralentizarte y hacer que tus pensamientos sean pesados.,1
health_C_mok_ex_fire,intro,Es un día en el que al cuerpo le cuesta recuperarse y el cansancio se acumula fácilmente.,1
health_C_mok_ex_fire,effect,"Debido a la menor recuperación, la fuerza física disminuye rápidamente incluso después de una actividad ligera.",1
health_C_mok_ex_fire,action,Evite el ejercicio extenuante y priorice el descanso.,1
health_C_mok_ex_fire,state,"Si está demasiado motivado, puede esforzarse por hacer cosas y su energía clara puede fluir hacia una atmósfera excitada, que puede nublar su prudencia.",1
health_C_mok_ex_water,intro,Es un día en el que al cuerpo le cuesta recuperarse y el cansancio se acumula fácilmente.,1
health_C_mok_ex_water,effect,"Debido a la menor recuperación, la fuerza física disminuye rápidamente incluso después de una actividad ligera.",1
health_C_mok_ex_water,action,Evite el ejercicio extenuante y priorice el descanso.,1
health_C_mok_ex_water,state,"Si tienes demasiada motivación, puedes exagerar y la energía de la lluvia y la nieve puede estimular tus emociones y tu yo interior, lo que puede aumentar el impacto.",1
health_C_mok_ex_wood,intro,Es un día en el que al cuerpo le cuesta recuperarse y el cansancio se acumula fácilmente.,1
health_C_mok_ex_wood,effect,"Debido a la menor recuperación, la fuerza física disminuye rápidamente incluso después de una actividad ligera.",1
health_C_mok_ex_wood,action,Evite el ejercicio extenuante y priorice el descanso.,1
health_C_mok_ex_wood,state,"La motivación excesiva puede llevar a exagerar las cosas, y la fuerte energía del cambio puede alterar el ritmo y generar variables inesperadas.",1
health_C_su_df_earth,intro,Es un día en el que la circulación en el cuerpo está bloqueada y el cuerpo se siente pesado y congestionado.,1
health_C_su_df_earth,effect,La circulación reducida provoca fatiga crónica y falta de concentración.,1
health_C_su_df_earth,action,Restaura tu circulación poco a poco realizando caminatas ligeras o estiramientos.,1
health_C_su_df_earth,state,"Es fácil perder la noción del flujo debido a la falta de flexibilidad, y la energía turbia puede ralentizarlo y hacer que sus pensamientos sean pesados.",1
health_C_su_df_fire,intro,Es un día en el que la circulación en el cuerpo está bloqueada y el cuerpo se siente pesado y congestionado.,1
health_C_su_df_fire,effect,La circulación reducida provoca fatiga crónica y falta de concentración.,1
health_C_su_df_fire,action,Restaura tu circulación poco a poco realizando caminatas ligeras o estiramientos.,1
health_C_su_df_fire,state,"Debido a la falta de flexibilidad, es fácil perder el hilo y la energía clara puede fluir hacia una atmósfera excitada, lo que puede nublar su prudencia.",1
health_C_su_df_water,intro,Es un día en el que la circulación en el cuerpo está bloqueada y el cuerpo se siente pesado y congestionado.,1
health_C_su_df_water,effect,La circulación reducida provoca fatiga crónica y falta de concentración.,1
health_C_su_df_water,action,Restaura tu circulación poco a poco realizando caminatas ligeras o estiramientos.,1
health_C_su_df_water,state,"Debido a la falta de flexibilidad, es fácil perder la noción del flujo, y la energía de la lluvia y la nieve puede estimular las emociones y el yo interior, lo que puede aumentar el impacto.",1
health_C_su_df_wood,intro,Es un día en el que la circulación en el cuerpo está bloqueada y el cuerpo se siente pesado y congestionado.,1
health_C_su_df_wood,effect,La circulación reducida provoca fatiga crónica y falta de concentración.,1
health_C_su_df_wood,action,Restaura tu circulación poco a poco realizando caminatas ligeras o estiramientos.,1
health_C_su_df_wood,state,"Debido a la falta de flexibilidad, es fácil perder el rumbo y la fuerte energía del cambio puede alterar el ritmo y dar lugar a variables inesperadas.",1
health_C_su_ex_earth,intro,Es un día en el que la circulación en el cuerpo está bloqueada y el cuerpo se siente pesado y congestionado.,1
health_C_su_ex_earth,effect,La circulación reducida provoca fatiga crónica y falta de concentración.,1
health_C_su_ex_earth,action,Restaura tu circulación poco a poco realizando caminatas ligeras o estiramientos.,1
health_C_su_ex_earth,state,"Es fácil que tu juicio se vea empañado por emociones desbordantes, y la energía turbia puede ralentizarte y hacer que tus pensamientos sean pesados.",1
health_C_su_ex_fire,intro,Es un día en el que la circulación en el cuerpo está bloqueada y el cuerpo se siente pesado y congestionado.,1
health_C_su_ex_fire,effect,La circulación reducida provoca fatiga crónica y falta de concentración.,1
health_C_su_ex_fire,action,Restaura tu circulación poco a poco realizando caminatas ligeras o estiramientos.,1
health_C_su_ex_fire,state,"El juicio puede verse fácilmente nublado por emociones desbordantes, y la energía clara puede fluir hacia una atmósfera excitada, que puede nublar la prudencia.",1
health_C_su_ex_water,intro,Es un día en el que la circulación en el cuerpo está bloqueada y el cuerpo se siente pesado y congestionado.,1
health_C_su_ex_water,effect,La circulación reducida provoca fatiga crónica y falta de concentración.,1
health_C_su_ex_water,action,Restaura tu circulación poco a poco realizando caminatas ligeras o estiramientos.,1
health_C_su_ex_water,state,"Es fácil que su juicio se nuble debido a emociones desbordantes, y la energía de la lluvia y la nieve puede estimular sus emociones y su ser interior, lo que puede aumentar el impacto.",1
health_C_su_ex_wood,intro,Es un día en el que la circulación en el cuerpo está bloqueada y el cuerpo se siente pesado y congestionado.,1
health_C_su_ex_wood,effect,La circulación reducida provoca fatiga crónica y falta de concentración.,1
health_C_su_ex_wood,action,Restaura tu circulación poco a poco realizando caminatas ligeras o estiramientos.,1
health_C_su_ex_wood,state,"El juicio puede verse fácilmente empañado por las emociones, y la fuerte energía del cambio puede alterar el ritmo y conducir a variables inesperadas.",1
health_C_to_df_earth,intro,Es un día en el que los cimientos de tu salud se tambalean y tu condición física es inestable.,1
health_C_to_df_earth,effect,Una base de salud debilitada se manifiesta en fatiga frecuente y mala condición física.,1
health_C_to_df_earth,action,"No se exceda, descanse lo suficiente y mantenga un estilo de vida regular.",1
health_C_to_df_earth,state,"Debido a que su centro está sacudido, es fácil dejarse llevar por el entorno, y la energía turbia puede ralentizarlo y hacer que sus pensamientos se vuelvan pesados.",1
health_C_to_df_fire,intro,Es un día en el que los cimientos de tu salud se tambalean y tu condición física es inestable.,1
health_C_to_df_fire,effect,Una base de salud debilitada se manifiesta en fatiga frecuente y mala condición física.,1
health_C_to_df_fire,action,"No se exceda, descanse lo suficiente y mantenga un estilo de vida regular.",1
health_C_to_df_fire,state,"Debido a que su centro está sacudido, es fácil dejarse llevar por quienes lo rodean, y su energía clara puede fluir hacia una atmósfera excitada, que puede nublar su prudencia.",1
health_C_to_df_water,intro,Es un día en el que los cimientos de tu salud se tambalean y tu condición física es inestable.,1
health_C_to_df_water,effect,Una base de salud debilitada se manifiesta en fatiga frecuente y mala condición física.,1
health_C_to_df_water,action,"No se exceda, descanse lo suficiente y mantenga un estilo de vida regular.",1
health_C_to_df_water,state,"Debido a que su centro está sacudido, es fácil dejarse llevar por el entorno, y la energía de la lluvia y la nieve puede estimular sus emociones y su ser interior, lo que puede aumentar el impacto.",1
health_C_to_df_wood,intro,Es un día en el que los cimientos de tu salud se tambalean y tu condición física es inestable.,1
health_C_to_df_wood,effect,Una base de salud debilitada se manifiesta en fatiga frecuente y mala condición física.,1
health_C_to_df_wood,action,"No se exceda, descanse lo suficiente y mantenga un estilo de vida regular.",1
health_C_to_df_wood,state,"Debido a que el centro se sacude, es fácil dejarse llevar por el entorno y la fuerte energía del cambio puede sacudir el ritmo y conducir a variables inesperadas.",1
health_C_to_ex_earth,intro,Es un día en el que los cimientos de tu salud se tambalean y tu condición física es inestable.,1
health_C_to_ex_earth,effect,Una base de salud debilitada se manifiesta en fatiga frecuente y mala condición física.,1
health_C_to_ex_earth,action,"No se exceda, descanse lo suficiente y mantenga un estilo de vida regular.",1
health_C_to_ex_earth,state,Una mente que se niega a cambiar puede bloquear oportunidades y la energía turbia puede ralentizar tu ritmo y hacer que tus pensamientos sean pesados.,1
health_C_to_ex_fire,intro,Es un día en el que los cimientos de tu salud se tambalean y tu condición física es inestable.,1
health_C_to_ex_fire,effect,Una base de salud debilitada se manifiesta en fatiga frecuente y mala condición física.,1
health_C_to_ex_fire,action,"No se exceda, descanse lo suficiente y mantenga un estilo de vida regular.",1
health_C_to_ex_fire,state,"Una mente que se niega a cambiar puede bloquear las oportunidades y la energía clara puede fluir hacia una atmósfera excitada, nublando la precaución.",1
health_C_to_ex_water,intro,Es un día en el que los cimientos de tu salud se tambalean y tu condición física es inestable.,1
health_C_to_ex_water,effect,Una base de salud debilitada se manifiesta en fatiga frecuente y mala condición física.,1
health_C_to_ex_water,action,"No se exceda, descanse lo suficiente y mantenga un estilo de vida regular.",1
health_C_to_ex_water,state,"Una mente que se niega a cambiar puede bloquear oportunidades, y la energía de la lluvia y la nieve puede estimular emociones y sentimientos internos, lo que puede aumentar el impacto.",1
health_C_to_ex_wood,intro,Es un día en el que los cimientos de tu salud se tambalean y tu condición física es inestable.,1
health_C_to_ex_wood,effect,Una base de salud debilitada se manifiesta en fatiga frecuente y mala condición física.,1
health_C_to_ex_wood,action,"No se exceda, descanse lo suficiente y mantenga un estilo de vida regular.",1
health_C_to_ex_wood,state,"Negarse al cambio puede bloquear oportunidades, y la fuerte energía del cambio puede alterar el ritmo y generar variables inesperadas.",1
health_C1,intro,Hoy es un día en el que tu cuerpo está bastante débil y se necesita desesperadamente descansar lo suficiente.,1
health_C1,intro,"Tu energía para la salud es significativamente baja hoy, por lo que debes ser sensible a las señales que envía tu cuerpo.",1
health_C1,effect,"Tu inmunidad y resistencia son mucho más bajas de lo habitual, por lo que incluso un grupo pequeño puede ser una carga.",1
health_C1,effect,"Es un día en el que tu cuerpo quiere descansar, y el descanso es lo suficientemente importante como para reducir drásticamente tu agenda.",1
health_C1,action,Sea conservador hoy en lo que respecta a su salud y minimice cualquier actividad.,1
health_C1,action,Simplemente comer alimentos calientes y dormir lo suficiente puede ayudar enormemente a que su cuerpo se recupere.,1
health_C1_geum_df_earth,intro,Es un día en el que su salud se debilita tanto que sus actividades físicas se ven gravemente limitadas.,1
health_C1_geum_df_earth,effect,Una fuerza física significativamente reducida dificulta incluso las actividades diarias.,1
health_C1_geum_df_earth,action,Haz una actividad mínima hoy y dale a tu cuerpo el mayor descanso posible.,1
health_C1_geum_df_earth,state,"Debido a la falta de determinación, es fácil que se acumulen opciones indecisas, y la energía turbia puede reducir la motivación y nublar el juicio.",1
health_C1_geum_df_fire,intro,Es un día en el que su salud se debilita tanto que sus actividades físicas se ven gravemente limitadas.,1
health_C1_geum_df_fire,effect,Una fuerza física significativamente reducida dificulta incluso las actividades diarias.,1
health_C1_geum_df_fire,action,Haz una actividad mínima hoy y dale a tu cuerpo el mayor descanso posible.,1
health_C1_geum_df_fire,state,"Debido a la falta de determinación, es fácil tomar decisiones indecisas, y el Yang emocionado puede disipar la calma y provocar errores menores.",1
health_C1_geum_df_water,intro,Es un día en el que su salud se debilita tanto que sus actividades físicas se ven gravemente limitadas.,1
health_C1_geum_df_water,effect,Una fuerza física significativamente reducida dificulta incluso las actividades diarias.,1
health_C1_geum_df_water,action,Haz una actividad mínima hoy y dale a tu cuerpo el mayor descanso posible.,1
health_C1_geum_df_water,state,"Debido a la falta de determinación, es fácil que se acumulen decisiones indecisas, y es posible que la energía de la lluvia y la nieve no calme sus emociones, lo que hace que su corazón se sienta pesado.",1
health_C1_geum_df_wood,intro,Es un día en el que su salud se debilita tanto que sus actividades físicas se ven gravemente limitadas.,1
health_C1_geum_df_wood,effect,Una fuerza física significativamente reducida dificulta incluso las actividades diarias.,1
health_C1_geum_df_wood,action,Haz una actividad mínima hoy y dale a tu cuerpo el mayor descanso posible.,1
health_C1_geum_df_wood,state,"Debido a la falta de determinación, es fácil que se acumulen opciones indecisas y la energía del cambio puede seguir interfiriendo y alterando los planes.",1
health_C1_geum_ex_earth,intro,Es un día en el que su salud se debilita tanto que sus actividades físicas se ven gravemente limitadas.,1
health_C1_geum_ex_earth,effect,Una fuerza física significativamente reducida dificulta incluso las actividades diarias.,1
health_C1_geum_ex_earth,action,Haz una actividad mínima hoy y dale a tu cuerpo el mayor descanso posible.,1
health_C1_geum_ex_earth,state,"La agudeza puede ir demasiado lejos y suponer una carga para quienes le rodean, y la energía turbia puede reducir la motivación y nublar su juicio.",1
health_C1_geum_ex_fire,intro,Es un día en el que su salud se debilita tanto que sus actividades físicas se ven gravemente limitadas.,1
health_C1_geum_ex_fire,effect,Una fuerza física significativamente reducida dificulta incluso las actividades diarias.,1
health_C1_geum_ex_fire,action,Haz una actividad mínima hoy y dale a tu cuerpo el mayor descanso posible.,1
health_C1_geum_ex_fire,state,"Su agudeza puede ir demasiado lejos y suponer una carga para quienes le rodean, y su energía excitada puede disipar su calma y provocar errores menores.",1
health_C1_geum_ex_water,intro,Es un día en el que su salud se debilita tanto que sus actividades físicas se ven gravemente limitadas.,1
health_C1_geum_ex_water,effect,Una fuerza física significativamente reducida dificulta incluso las actividades diarias.,1
health_C1_geum_ex_water,action,Haz una actividad mínima hoy y dale a tu cuerpo el mayor descanso posible.,1
health_C1_geum_ex_water,state,"Tu agudeza puede ir demasiado lejos y suponer una carga para quienes te rodean, y la energía de la lluvia y la nieve no puede calmar tus emociones, haciendo que tu corazón se sienta pesado.",1
health_C1_geum_ex_wood,intro,Es un día en el que su salud se debilita tanto que sus actividades físicas se ven gravemente limitadas.,1
health_C1_geum_ex_wood,effect,Una fuerza física significativamente reducida dificulta incluso las actividades diarias.,1
health_C1_geum_ex_wood,action,Haz una actividad mínima hoy y dale a tu cuerpo el mayor descanso posible.,1
health_C1_geum_ex_wood,state,"Tu agudeza puede ir demasiado lejos y suponer una carga para quienes te rodean, y la energía del cambio puede seguir interfiriendo con tus planes.",1
health_C1_hwa_df_earth,intro,Es un día difícil en el que tu vitalidad baja notablemente y todo tu cuerpo está agotado.,1
health_C1_hwa_df_earth,effect,El agotamiento de energía debilita la inmunidad y dificulta la recuperación.,1
health_C1_hwa_df_earth,action,No ignores las señales de tu cuerpo de descansar y descansa inmediatamente.,1
health_C1_hwa_df_earth,state,"Es fácil que sus sentimientos no se transmitan adecuadamente debido al bloqueo de la expresión, y la energía turbia puede reducir la motivación y nublar su juicio.",1
health_C1_hwa_df_fire,intro,Es un día difícil en el que tu vitalidad baja notablemente y todo tu cuerpo está agotado.,1
health_C1_hwa_df_fire,effect,El agotamiento de energía debilita la inmunidad y dificulta la recuperación.,1
health_C1_hwa_df_fire,action,No ignores las señales de tu cuerpo de descansar y descansa inmediatamente.,1
health_C1_hwa_df_fire,state,"Es fácil que sus sentimientos no se transmitan adecuadamente debido al bloqueo de la expresión, y la energía excitada puede dispersar su calma y provocar errores menores.",1
health_C1_hwa_df_water,intro,Es un día difícil en el que tu vitalidad baja notablemente y todo tu cuerpo está agotado.,1
health_C1_hwa_df_water,effect,El agotamiento de energía debilita la inmunidad y dificulta la recuperación.,1
health_C1_hwa_df_water,action,No ignores las señales de tu cuerpo de descansar y descansa inmediatamente.,1
health_C1_hwa_df_water,state,"Debido a que las expresiones están bloqueadas, es fácil que sus sentimientos no se transmitan adecuadamente y la energía de la lluvia y la nieve no puede calmar sus emociones, lo que puede hacer que su corazón se sienta pesado.",1
health_C1_hwa_df_wood,intro,Es un día difícil en el que tu vitalidad baja notablemente y todo tu cuerpo está agotado.,1
health_C1_hwa_df_wood,effect,El agotamiento de energía debilita la inmunidad y dificulta la recuperación.,1
health_C1_hwa_df_wood,action,No ignores las señales de tu cuerpo de descansar y descansa inmediatamente.,1
health_C1_hwa_df_wood,state,"Es fácil que tus sentimientos no se transmitan adecuadamente debido al bloqueo de expresión, y la energía del cambio puede seguir interfiriendo y alterando tus planes.",1
health_C1_hwa_ex_earth,intro,Es un día difícil en el que tu vitalidad baja notablemente y todo tu cuerpo está agotado.,1
health_C1_hwa_ex_earth,effect,El agotamiento de energía debilita la inmunidad y dificulta la recuperación.,1
health_C1_hwa_ex_earth,action,No ignores las señales de tu cuerpo de descansar y descansa inmediatamente.,1
health_C1_hwa_ex_earth,state,"Es fácil que las emociones causen fricción incluso por cosas pequeñas, y la energía turbia puede reducir la motivación y nublar el juicio.",1
health_C1_hwa_ex_fire,intro,Es un día difícil en el que tu vitalidad baja notablemente y todo tu cuerpo está agotado.,1
health_C1_hwa_ex_fire,effect,El agotamiento de energía debilita la inmunidad y dificulta la recuperación.,1
health_C1_hwa_ex_fire,action,No ignores las señales de tu cuerpo de descansar y descansa inmediatamente.,1
health_C1_hwa_ex_fire,state,"Es fácil que las emociones causen fricción incluso por cosas pequeñas, y la energía excitada puede alterar la calma y provocar errores menores.",1
health_C1_hwa_ex_water,intro,Es un día difícil en el que tu vitalidad baja notablemente y todo tu cuerpo está agotado.,1
health_C1_hwa_ex_water,effect,El agotamiento de energía debilita la inmunidad y dificulta la recuperación.,1
health_C1_hwa_ex_water,action,No ignores las señales de tu cuerpo de descansar y descansa inmediatamente.,1
health_C1_hwa_ex_water,state,"Es fácil que surjan emociones incluso por cosas pequeñas, y la energía de la lluvia y la nieve no puede calmar tus emociones, lo que hace que tu corazón se sienta pesado.",1
health_C1_hwa_ex_wood,intro,Es un día difícil en el que tu vitalidad baja notablemente y todo tu cuerpo está agotado.,1
health_C1_hwa_ex_wood,effect,El agotamiento de energía debilita la inmunidad y dificulta la recuperación.,1
health_C1_hwa_ex_wood,action,No ignores las señales de tu cuerpo de descansar y descansa inmediatamente.,1
health_C1_hwa_ex_wood,state,"Si está impulsado emocionalmente, es fácil que surjan fricciones incluso por cosas pequeñas, y la energía del cambio puede seguir interfiriendo e interrumpiendo sus planes.",1
health_C1_mok_df_earth,intro,Es un día en el que la recuperación del organismo se reduce mucho y el cansancio rara vez desaparece.,1
health_C1_mok_df_earth,effect,La resiliencia debilitada puede causar fatiga crónica y problemas de salud.,1
health_C1_mok_df_earth,action,Ayude activamente a su recuperación mediante suplementos nutricionales o comidas suficientes.,1
health_C1_mok_df_earth,state,"Si dudas durante mucho tiempo, es fácil que una oportunidad se te escape de las manos y la energía turbia puede reducir la motivación y nublar tu juicio.",1
health_C1_mok_df_fire,intro,Es un día en el que la recuperación del organismo se reduce mucho y el cansancio rara vez desaparece.,1
health_C1_mok_df_fire,effect,La resiliencia debilitada puede causar fatiga crónica y problemas de salud.,1
health_C1_mok_df_fire,action,Ayude activamente a su recuperación mediante suplementos nutricionales o comidas suficientes.,1
health_C1_mok_df_fire,state,"Si dudas durante mucho tiempo, es fácil que se te escape una oportunidad y la energía excitada puede disipar tu calma y llevarte a errores menores.",1
health_C1_mok_df_water,intro,Es un día en el que la recuperación del organismo se reduce mucho y el cansancio rara vez desaparece.,1
health_C1_mok_df_water,effect,La resiliencia debilitada puede causar fatiga crónica y problemas de salud.,1
health_C1_mok_df_water,action,Ayude activamente a su recuperación mediante suplementos nutricionales o comidas suficientes.,1
health_C1_mok_df_water,state,"Si dudas durante mucho tiempo, es fácil que una oportunidad se te escape de las manos y la energía de la lluvia y la nieve no pueda calmar tus emociones, haciendo que tu corazón se sienta pesado.",1
health_C1_mok_df_wood,intro,Es un día en el que la recuperación del organismo se reduce mucho y el cansancio rara vez desaparece.,1
health_C1_mok_df_wood,effect,La resiliencia debilitada puede causar fatiga crónica y problemas de salud.,1
health_C1_mok_df_wood,action,Ayude activamente a su recuperación mediante suplementos nutricionales o comidas suficientes.,1
health_C1_mok_df_wood,state,"Si dudas durante mucho tiempo, es fácil que una oportunidad se te escape de las manos y la energía del cambio puede seguir interfiriendo y alterando tus planes.",1
health_C1_mok_ex_earth,intro,Es un día en el que la recuperación del organismo se reduce mucho y el cansancio rara vez desaparece.,1
health_C1_mok_ex_earth,effect,La resiliencia debilitada puede causar fatiga crónica y problemas de salud.,1
health_C1_mok_ex_earth,action,Ayude activamente a su recuperación mediante suplementos nutricionales o comidas suficientes.,1
health_C1_mok_ex_earth,state,"Es fácil que la codicia conduzca a cosas que no se pueden captar, y la energía turbia puede reducir la motivación y nublar el juicio.",1
health_C1_mok_ex_fire,intro,Es un día en el que la recuperación del organismo se reduce mucho y el cansancio rara vez desaparece.,1
health_C1_mok_ex_fire,effect,La resiliencia debilitada puede causar fatiga crónica y problemas de salud.,1
health_C1_mok_ex_fire,action,Ayude activamente a su recuperación mediante suplementos nutricionales o comidas suficientes.,1
health_C1_mok_ex_fire,state,"Es fácil volverse codicioso y hacer cosas que no puedes controlar, y la energía excitada puede perturbar tu calma y provocar errores menores.",1
health_C1_mok_ex_water,intro,Es un día en el que la recuperación del organismo se reduce mucho y el cansancio rara vez desaparece.,1
health_C1_mok_ex_water,effect,La resiliencia debilitada puede causar fatiga crónica y problemas de salud.,1
health_C1_mok_ex_water,action,Ayude activamente a su recuperación mediante suplementos nutricionales o comidas suficientes.,1
health_C1_mok_ex_water,state,"Es fácil volverse codicioso y hacer cosas que no puedes controlar, y la energía de la lluvia y la nieve no puede calmar tus emociones, lo que hace que tu corazón se sienta pesado.",1
health_C1_mok_ex_wood,intro,Es un día en el que la recuperación del organismo se reduce mucho y el cansancio rara vez desaparece.,1
health_C1_mok_ex_wood,effect,La resiliencia debilitada puede causar fatiga crónica y problemas de salud.,1
health_C1_mok_ex_wood,action,Ayude activamente a su recuperación mediante suplementos nutricionales o comidas suficientes.,1
health_C1_mok_ex_wood,state,"Es fácil volverse codicioso y terminar haciendo cosas que no puedes controlar, y la energía del cambio puede seguir interfiriendo e interrumpiendo tus planes.",1
health_C1_su_df_earth,intro,Es un día en el que la circulación en el cuerpo está gravemente bloqueada y el cuerpo se siente pesado y doloroso.,1
health_C1_su_df_earth,effect,Los problemas de circulación pueden empeorar y provocar dolores de cabeza o malestar.,1
health_C1_su_df_earth,action,"Si es posible, ayude a la circulación con un baño ligero y tibio o un masaje.",1
health_C1_su_df_earth,state,"Es fácil volverse terco y perder la noción de las cosas repetidamente, y la energía turbia puede reducir la motivación y nublar el juicio.",1
health_C1_su_df_fire,intro,Es un día en el que la circulación en el cuerpo está gravemente bloqueada y el cuerpo se siente pesado y doloroso.,1
health_C1_su_df_fire,effect,Los problemas de circulación pueden empeorar y provocar dolores de cabeza o malestar.,1
health_C1_su_df_fire,action,"Si es posible, ayude a la circulación con un baño ligero y tibio o un masaje.",1
health_C1_su_df_fire,state,"Es fácil volverse terco y perder la noción de la corriente, y la energía excitada puede perturbar su calma y provocar errores menores.",1
health_C1_su_df_water,intro,Es un día en el que la circulación en el cuerpo está gravemente bloqueada y el cuerpo se siente pesado y doloroso.,1
health_C1_su_df_water,effect,Los problemas de circulación pueden empeorar y provocar dolores de cabeza o malestar.,1
health_C1_su_df_water,action,"Si es posible, ayude a la circulación con un baño ligero y tibio o un masaje.",1
health_C1_su_df_water,state,"Es fácil volverse terco y perder la noción de la corriente, y la energía de la lluvia y la nieve no puede calmar tus emociones, lo que hace que tu corazón se sienta pesado.",1
health_C1_su_df_wood,intro,Es un día en el que la circulación en el cuerpo está gravemente bloqueada y el cuerpo se siente pesado y doloroso.,1
health_C1_su_df_wood,effect,Los problemas de circulación pueden empeorar y provocar dolores de cabeza o malestar.,1
health_C1_su_df_wood,action,"Si es posible, ayude a la circulación con un baño ligero y tibio o un masaje.",1
health_C1_su_df_wood,state,"Es fácil volverse terco y perder la noción de las cosas repetidamente, y la energía del cambio puede seguir interfiriendo y alterando sus planes.",1
health_C1_su_ex_earth,intro,Es un día en el que la circulación en el cuerpo está gravemente bloqueada y el cuerpo se siente pesado y doloroso.,1
health_C1_su_ex_earth,effect,Los problemas de circulación pueden empeorar y provocar dolores de cabeza o malestar.,1
health_C1_su_ex_earth,action,"Si es posible, ayude a la circulación con un baño ligero y tibio o un masaje.",1
health_C1_su_ex_earth,state,"Las emociones se vuelven más profundas, por lo que es fácil verse sacudido incluso por estímulos pequeños, y la energía turbia puede reducir la motivación y nublar el juicio.",1
health_C1_su_ex_fire,intro,Es un día en el que la circulación en el cuerpo está gravemente bloqueada y el cuerpo se siente pesado y doloroso.,1
health_C1_su_ex_fire,effect,Los problemas de circulación pueden empeorar y provocar dolores de cabeza o malestar.,1
health_C1_su_ex_fire,action,"Si es posible, ayude a la circulación con un baño ligero y tibio o un masaje.",1
health_C1_su_ex_fire,state,"Las emociones se vuelven profundas, por lo que es fácil verse sacudido incluso por el más mínimo estímulo, y la energía excitada puede alterar la calma y provocar errores menores.",1
health_C1_su_ex_water,intro,Es un día en el que la circulación en el cuerpo está gravemente bloqueada y el cuerpo se siente pesado y doloroso.,1
health_C1_su_ex_water,effect,Los problemas de circulación pueden empeorar y provocar dolores de cabeza o malestar.,1
health_C1_su_ex_water,action,"Si es posible, ayude a la circulación con un baño ligero y tibio o un masaje.",1
health_C1_su_ex_water,state,"A medida que las emociones se vuelven más profundas, es fácil verse sacudido incluso por el más mínimo estímulo, y es posible que la energía de la lluvia y la nieve no calme las emociones, lo que hace que el corazón se sienta pesado.",1
health_C1_su_ex_wood,intro,Es un día en el que la circulación en el cuerpo está gravemente bloqueada y el cuerpo se siente pesado y doloroso.,1
health_C1_su_ex_wood,effect,Los problemas de circulación pueden empeorar y provocar dolores de cabeza o malestar.,1
health_C1_su_ex_wood,action,"Si es posible, ayude a la circulación con un baño ligero y tibio o un masaje.",1
health_C1_su_ex_wood,state,"A medida que sus emociones se profundizan, es fácil verse sacudido incluso por el más mínimo estímulo, y la energía del cambio puede seguir interfiriendo e interrumpiendo sus planes.",1
health_C1_to_df_earth,intro,Es un día en el que la base de tu salud se debilita seriamente y tu cuerpo reacciona incluso al más mínimo estímulo.,1
health_C1_to_df_earth,effect,Una base sanitaria extremadamente débil crea una cascada de problemas de salud.,1
health_C1_to_df_earth,action,Obtenga ayuda de un profesional médico o descanse por completo hoy.,1
health_C1_to_df_earth,state,"Debido a que no estás centrado, es fácil que tus decisiones cambien y la energía turbia puede reducir la motivación y nublar tu juicio.",1
health_C1_to_df_fire,intro,Es un día en el que la base de tu salud se debilita seriamente y tu cuerpo reacciona incluso al más mínimo estímulo.,1
health_C1_to_df_fire,effect,Una base sanitaria extremadamente débil crea una cascada de problemas de salud.,1
health_C1_to_df_fire,action,Obtenga ayuda de un profesional médico o descanse por completo hoy.,1
health_C1_to_df_fire,state,"Debido a que no estás centrado, es fácil que tus decisiones cambien y tu energía excitada puede disipar tu calma y llevarte a errores menores.",1
health_C1_to_df_water,intro,Es un día en el que la base de tu salud se debilita seriamente y tu cuerpo reacciona incluso al más mínimo estímulo.,1
health_C1_to_df_water,effect,Una base sanitaria extremadamente débil crea una cascada de problemas de salud.,1
health_C1_to_df_water,action,Obtenga ayuda de un profesional médico o descanse por completo hoy.,1
health_C1_to_df_water,state,"Debido a que no estás centrado, es fácil que tus decisiones cambien y la energía de la lluvia y la nieve no puede calmar tus emociones, lo que hace que tu corazón se sienta pesado.",1
health_C1_to_df_wood,intro,Es un día en el que la base de tu salud se debilita seriamente y tu cuerpo reacciona incluso al más mínimo estímulo.,1
health_C1_to_df_wood,effect,Una base sanitaria extremadamente débil crea una cascada de problemas de salud.,1
health_C1_to_df_wood,action,Obtenga ayuda de un profesional médico o descanse por completo hoy.,1
health_C1_to_df_wood,state,"Como no estás centrado, es fácil que tus decisiones cambien y la energía del cambio puede seguir interfiriendo con tus planes.",1
health_C1_to_ex_earth,intro,Es un día en el que la base de tu salud se debilita seriamente y tu cuerpo reacciona incluso al más mínimo estímulo.,1
health_C1_to_ex_earth,effect,Una base sanitaria extremadamente débil crea una cascada de problemas de salud.,1
health_C1_to_ex_earth,action,Obtenga ayuda de un profesional médico o descanse por completo hoy.,1
health_C1_to_ex_earth,state,"Es fácil ignorar los cambios que requieren una obstinada orientación hacia la estabilidad, y la energía turbia puede reducir la motivación y nublar el juicio.",1
health_C1_to_ex_fire,intro,Es un día en el que la base de tu salud se debilita seriamente y tu cuerpo reacciona incluso al más mínimo estímulo.,1
health_C1_to_ex_fire,effect,Una base sanitaria extremadamente débil crea una cascada de problemas de salud.,1
health_C1_to_ex_fire,action,Obtenga ayuda de un profesional médico o descanse por completo hoy.,1
health_C1_to_ex_fire,state,"Es fácil ignorar los cambios que requieren una estabilidad tenaz, y la energía excitada puede perturbar la calma y provocar errores menores.",1
health_C1_to_ex_water,intro,Es un día en el que la base de tu salud se debilita seriamente y tu cuerpo reacciona incluso al más mínimo estímulo.,1
health_C1_to_ex_water,effect,Una base sanitaria extremadamente débil crea una cascada de problemas de salud.,1
health_C1_to_ex_water,action,Obtenga ayuda de un profesional médico o descanse por completo hoy.,1
health_C1_to_ex_water,state,"Es fácil ignorar los cambios que requieren una estabilidad obstinada, y es posible que la energía de la lluvia y la nieve no calme sus emociones, lo que hace que su corazón se sienta pesado.",1
health_C1_to_ex_wood,intro,Es un día en el que la base de tu salud se debilita seriamente y tu cuerpo reacciona incluso al más mínimo estímulo.,1
health_C1_to_ex_wood,effect,Una base sanitaria extremadamente débil crea una cascada de problemas de salud.,1
health_C1_to_ex_wood,action,Obtenga ayuda de un profesional médico o descanse por completo hoy.,1
health_C1_to_ex_wood,state,"Es fácil ignorar los cambios que requieren una obstinada orientación hacia la estabilidad, y la energía del cambio puede seguir interfiriendo y alterando sus planes.",1
health_D,intro,"Hoy tu energía de salud está cerca del fondo, por lo que necesitas responder de inmediato a todas las señales de tu cuerpo.",1
health_D,intro,Hoy es un día en el que tu condición física es tan débil que no tolero ningún esfuerzo.,1
health_D,effect,"El cuerpo puede reaccionar mucho incluso ante multitudes pequeñas, por lo que es importante minimizar su horario diario.",1
health_D,effect,"Es un día en el que tu inmunidad está muy reducida, lo que puede provocar un fuerte descenso de tu condición física al día siguiente.",1
health_D,action,Hoy es un día para tu cuerpo y no te queda más remedio que el descanso total.,1
health_D,action,"Minimiza cualquier actividad, mantente abrigado y concéntrate solo en la hidratación y la nutrición.",1
health_D_geum_df_earth,intro,Son los días en los que la salud es peor y cualquier actividad física puede resultar peligrosa.,1
health_D_geum_df_earth,effect,La disminución extrema de la fuerza física hace imposibles todas las actividades.,1
health_D_geum_df_earth,action,Descanse completamente hoy y consulte a un médico si es necesario.,1
health_D_geum_df_earth,state,"Tu determinación puede verse muy rota, y cualquier elección que hagas puede resultar en arrepentimiento, y la energía espesa y turbia puede ralentizar todo en gran medida.",1
health_D_geum_df_fire,intro,Son los días en los que la salud es peor y cualquier actividad física puede resultar peligrosa.,1
health_D_geum_df_fire,effect,La disminución extrema de la fuerza física hace imposibles todas las actividades.,1
health_D_geum_df_fire,action,Descanse completamente hoy y consulte a un médico si es necesario.,1
health_D_geum_df_fire,state,"La capacidad de decisión puede verse muy debilitada y cualquier elección puede conducir al arrepentimiento, y un yang fuerte puede fomentar impulsos y conducir a acciones imprudentes.",1
health_D_geum_df_water,intro,Son los días en los que la salud es peor y cualquier actividad física puede resultar peligrosa.,1
health_D_geum_df_water,effect,La disminución extrema de la fuerza física hace imposibles todas las actividades.,1
health_D_geum_df_water,action,Descanse completamente hoy y consulte a un médico si es necesario.,1
health_D_geum_df_water,state,"Su determinación puede verse alterada en gran medida, y cualquier elección que haga puede resultar en arrepentimiento, y la fuerza de las fuertes lluvias y nieves puede sacudir sus emociones violentamente, haciendo difícil controlarlas.",1
health_D_geum_df_wood,intro,Son los días en los que la salud es peor y cualquier actividad física puede resultar peligrosa.,1
health_D_geum_df_wood,effect,La disminución extrema de la fuerza física hace imposibles todas las actividades.,1
health_D_geum_df_wood,action,Descanse completamente hoy y consulte a un médico si es necesario.,1
health_D_geum_df_wood,state,"Su determinación puede verse muy quebrantada, cualquier elección que haga puede terminar en arrepentimiento y la feroz energía del cambio puede hacer que todas sus predicciones se extravíen.",1
health_D_geum_ex_earth,intro,Son los días en los que la salud es peor y cualquier actividad física puede resultar peligrosa.,1
health_D_geum_ex_earth,effect,La disminución extrema de la fuerza física hace imposibles todas las actividades.,1
health_D_geum_ex_earth,action,Descanse completamente hoy y consulte a un médico si es necesario.,1
health_D_geum_ex_earth,state,"Si la nitidez va demasiado lejos, puede crear una profunda grieta con el entorno, y la espesa energía turbia puede ralentizar todo enormemente.",1
health_D_geum_ex_fire,intro,Son los días en los que la salud es peor y cualquier actividad física puede resultar peligrosa.,1
health_D_geum_ex_fire,effect,La disminución extrema de la fuerza física hace imposibles todas las actividades.,1
health_D_geum_ex_fire,action,Descanse completamente hoy y consulte a un médico si es necesario.,1
health_D_geum_ex_fire,state,"La agudeza puede ir demasiado lejos y crear profundas divisiones con quienes te rodean, y un yang fuerte puede fomentar impulsos y conducir a acciones imprudentes.",1
health_D_geum_ex_water,intro,Son los días en los que la salud es peor y cualquier actividad física puede resultar peligrosa.,1
health_D_geum_ex_water,effect,La disminución extrema de la fuerza física hace imposibles todas las actividades.,1
health_D_geum_ex_water,action,Descanse completamente hoy y consulte a un médico si es necesario.,1
health_D_geum_ex_water,state,"La nitidez puede ir demasiado lejos y crear grietas profundas en el entorno, y la fuerza de la lluvia y la nieve intensas puede sacudir tus emociones violentamente, dificultando su control.",1
health_D_geum_ex_wood,intro,Son los días en los que la salud es peor y cualquier actividad física puede resultar peligrosa.,1
health_D_geum_ex_wood,effect,La disminución extrema de la fuerza física hace imposibles todas las actividades.,1
health_D_geum_ex_wood,action,Descanse completamente hoy y consulte a un médico si es necesario.,1
health_D_geum_ex_wood,state,"La nitidez puede ir demasiado lejos y crear profundas grietas en el entorno, y la feroz energía del cambio puede desviar todas las predicciones.",1
health_D_hwa_df_earth,intro,Es un día en el que tu vitalidad está completamente agotada y todo tu cuerpo está extremadamente agotado.,1
health_D_hwa_df_earth,effect,El agotamiento total de la energía hace que la inmunidad caiga al suelo.,1
health_D_hwa_df_earth,action,Detenga cualquier actividad y concéntrese en el descanso y la recuperación de inmediato.,1
health_D_hwa_df_earth,state,"La forma de transmitir los propios sentimientos está completamente cerrada, lo que puede profundizar los malentendidos y la desconexión, y la energía espesa y turbia puede ralentizar todo enormemente.",1
health_D_hwa_df_fire,intro,Es un día en el que tu vitalidad está completamente agotada y todo tu cuerpo está extremadamente agotado.,1
health_D_hwa_df_fire,effect,El agotamiento total de la energía hace que la inmunidad caiga al suelo.,1
health_D_hwa_df_fire,action,Detenga cualquier actividad y concéntrese en el descanso y la recuperación de inmediato.,1
health_D_hwa_df_fire,state,"La forma de comunicar los propios sentimientos es completamente cerrada, lo que puede profundizar los malentendidos y la desconexión, y una fuerte energía positiva puede fomentar impulsos y conducir a acciones imprudentes.",1
health_D_hwa_df_water,intro,Es un día en el que tu vitalidad está completamente agotada y todo tu cuerpo está extremadamente agotado.,1
health_D_hwa_df_water,effect,El agotamiento total de la energía hace que la inmunidad caiga al suelo.,1
health_D_hwa_df_water,action,Detenga cualquier actividad y concéntrese en el descanso y la recuperación de inmediato.,1
health_D_hwa_df_water,state,"La forma de comunicar los propios sentimientos es completamente cerrada, lo que puede profundizar los malentendidos y la desconexión, y la fuerza de las fuertes lluvias y nieves puede sacudir las emociones violentamente, dificultando su control.",1
health_D_hwa_df_wood,intro,Es un día en el que tu vitalidad está completamente agotada y todo tu cuerpo está extremadamente agotado.,1
health_D_hwa_df_wood,effect,El agotamiento total de la energía hace que la inmunidad caiga al suelo.,1
health_D_hwa_df_wood,action,Detenga cualquier actividad y concéntrese en el descanso y la recuperación de inmediato.,1
health_D_hwa_df_wood,state,"La forma de comunicar los propios sentimientos está completamente cerrada, los malentendidos y la desconexión pueden profundizarse, y la feroz energía del cambio puede hacer que todas las predicciones se extravíen.",1
health_D_hwa_ex_earth,intro,Es un día en el que tu vitalidad está completamente agotada y todo tu cuerpo está extremadamente agotado.,1
health_D_hwa_ex_earth,effect,El agotamiento total de la energía hace que la inmunidad caiga al suelo.,1
health_D_hwa_ex_earth,action,Detenga cualquier actividad y concéntrese en el descanso y la recuperación de inmediato.,1
health_D_hwa_ex_earth,state,"Las emociones sobrecalentadas pueden convertirse en un conflicto irreparable, y la energía espesa y turbia puede ralentizar todo enormemente.",1
health_D_hwa_ex_fire,intro,Es un día en el que tu vitalidad está completamente agotada y todo tu cuerpo está extremadamente agotado.,1
health_D_hwa_ex_fire,effect,El agotamiento total de la energía hace que la inmunidad caiga al suelo.,1
health_D_hwa_ex_fire,action,Detenga cualquier actividad y concéntrese en el descanso y la recuperación de inmediato.,1
health_D_hwa_ex_fire,state,Las emociones sobrecalentadas pueden provocar conflictos irreversibles y un yang fuerte puede fomentar impulsos y conducir a acciones imprudentes.,1
health_D_hwa_ex_water,intro,Es un día en el que tu vitalidad está completamente agotada y todo tu cuerpo está extremadamente agotado.,1
health_D_hwa_ex_water,effect,El agotamiento total de la energía hace que la inmunidad caiga al suelo.,1
health_D_hwa_ex_water,action,Detenga cualquier actividad y concéntrese en el descanso y la recuperación de inmediato.,1
health_D_hwa_ex_water,state,"Las emociones sobrecalentadas pueden convertirse en un conflicto irreparable, y la fuerza de las fuertes lluvias y nieve sacude las emociones violentamente, dificultando el control.",1
health_D_hwa_ex_wood,intro,Es un día en el que tu vitalidad está completamente agotada y todo tu cuerpo está extremadamente agotado.,1
health_D_hwa_ex_wood,effect,El agotamiento total de la energía hace que la inmunidad caiga al suelo.,1
health_D_hwa_ex_wood,action,Detenga cualquier actividad y concéntrese en el descanso y la recuperación de inmediato.,1
health_D_hwa_ex_wood,state,"Las emociones sobrecalentadas pueden derivar en un conflicto irreparable, y la feroz energía del cambio puede hacer que todas las predicciones se extravíen.",1
health_D_mok_df_earth,intro,Este es el día en que la función de recuperación de su cuerpo se detiene por completo y su salud se deteriora rápidamente.,1
health_D_mok_df_earth,effect,El agotamiento total de la resiliencia pone en riesgo su salud general.,1
health_D_mok_df_earth,action,Detén todas las actividades hoy y concéntrate sólo en recuperar tu salud.,1
health_D_mok_df_earth,state,"El miedo puede impedirte por completo actuar e incluso hacerte perder oportunidades, y la energía espesa y turbia puede ralentizar todo enormemente.",1
health_D_mok_df_fire,intro,Este es el día en que la función de recuperación de su cuerpo se detiene por completo y su salud se deteriora rápidamente.,1
health_D_mok_df_fire,effect,El agotamiento total de la resiliencia pone en riesgo su salud general.,1
health_D_mok_df_fire,action,Detén todas las actividades hoy y concéntrate sólo en recuperar tu salud.,1
health_D_mok_df_fire,state,"El miedo puede detener por completo una acción e incluso provocar la pérdida de oportunidades, y una fuerte energía positiva puede fomentar impulsos y conducir a acciones imprudentes.",1
health_D_mok_df_water,intro,Este es el día en que la función de recuperación de su cuerpo se detiene por completo y su salud se deteriora rápidamente.,1
health_D_mok_df_water,effect,El agotamiento total de la resiliencia pone en riesgo su salud general.,1
health_D_mok_df_water,action,Detén todas las actividades hoy y concéntrate sólo en recuperar tu salud.,1
health_D_mok_df_water,state,"El miedo puede impedirle por completo actuar e incluso hacer que pierda oportunidades, y la fuerza de las fuertes lluvias y nieves puede sacudir tanto sus emociones que resulta difícil controlarlas.",1
health_D_mok_df_wood,intro,Este es el día en que la función de recuperación de su cuerpo se detiene por completo y su salud se deteriora rápidamente.,1
health_D_mok_df_wood,effect,El agotamiento total de la resiliencia pone en riesgo su salud general.,1
health_D_mok_df_wood,action,Detén todas las actividades hoy y concéntrate sólo en recuperar tu salud.,1
health_D_mok_df_wood,state,"El miedo puede detener por completo la acción e incluso conducir a la pérdida de oportunidades, y la feroz energía del cambio puede hacer que todas las predicciones se extravíen.",1
health_D_mok_ex_earth,intro,Este es el día en que la función de recuperación de su cuerpo se detiene por completo y su salud se deteriora rápidamente.,1
health_D_mok_ex_earth,effect,El agotamiento total de la resiliencia pone en riesgo su salud general.,1
health_D_mok_ex_earth,action,Detén todas las actividades hoy y concéntrate sólo en recuperar tu salud.,1
health_D_mok_ex_earth,state,La motivación incontrolable puede provocar accidentes irrazonables y la energía espesa y turbia puede ralentizar todo considerablemente.,1
health_D_mok_ex_fire,intro,Este es el día en que la función de recuperación de su cuerpo se detiene por completo y su salud se deteriora rápidamente.,1
health_D_mok_ex_fire,effect,El agotamiento total de la resiliencia pone en riesgo su salud general.,1
health_D_mok_ex_fire,action,Detén todas las actividades hoy y concéntrate sólo en recuperar tu salud.,1
health_D_mok_ex_fire,state,La motivación incontrolable puede provocar accidentes irrazonables y una fuerte energía positiva puede fomentar impulsos y conducir a acciones imprudentes.,1
health_D_mok_ex_water,intro,Este es el día en que la función de recuperación de su cuerpo se detiene por completo y su salud se deteriora rápidamente.,1
health_D_mok_ex_water,effect,El agotamiento total de la resiliencia pone en riesgo su salud general.,1
health_D_mok_ex_water,action,Detén todas las actividades hoy y concéntrate sólo en recuperar tu salud.,1
health_D_mok_ex_water,state,"La motivación incontrolable puede provocar accidentes irrazonables, y la fuerza de las fuertes lluvias y nieves puede sacudir violentamente las emociones, dificultando el control.",1
health_D_mok_ex_wood,intro,Este es el día en que la función de recuperación de su cuerpo se detiene por completo y su salud se deteriora rápidamente.,1
health_D_mok_ex_wood,effect,El agotamiento total de la resiliencia pone en riesgo su salud general.,1
health_D_mok_ex_wood,action,Detén todas las actividades hoy y concéntrate sólo en recuperar tu salud.,1
health_D_mok_ex_wood,state,La motivación incontrolable puede conducir a pensamientos irracionales y la feroz energía del cambio puede hacer que todas las predicciones se extravíen.,1
health_D_su_df_earth,intro,Es un día en el que la circulación en el cuerpo está completamente bloqueada y todo el cuerpo se siente extremadamente incómodo.,1
health_D_su_df_earth,effect,El bloqueo completo de la circulación reduce todas las funciones del cuerpo.,1
health_D_su_df_earth,action,Busque ayuda médica profesional o descanse lo suficiente de inmediato.,1
health_D_su_df_earth,state,"Una actitud rígida bloquea todo flujo, dificultando el progreso, y la energía espesa y turbia puede ralentizar todo en gran medida.",1
health_D_su_df_fire,intro,Es un día en el que la circulación en el cuerpo está completamente bloqueada y todo el cuerpo se siente extremadamente incómodo.,1
health_D_su_df_fire,effect,El bloqueo completo de la circulación reduce todas las funciones del cuerpo.,1
health_D_su_df_fire,action,Busque ayuda médica profesional o descanse lo suficiente de inmediato.,1
health_D_su_df_fire,state,"Una actitud rígida bloquea todo flujo, dificultando el progreso, y una fuerte energía positiva puede fomentar impulsos y conducir a acciones imprudentes.",1
health_D_su_df_water,intro,Es un día en el que la circulación en el cuerpo está completamente bloqueada y todo el cuerpo se siente extremadamente incómodo.,1
health_D_su_df_water,effect,El bloqueo completo de la circulación reduce todas las funciones del cuerpo.,1
health_D_su_df_water,action,Busque ayuda médica profesional o descanse lo suficiente de inmediato.,1
health_D_su_df_water,state,"Una actitud rígida bloquea todo flujo, dificultando el progreso, y la fuerza de las fuertes lluvias y nieve sacude violentamente las emociones, dificultando el control.",1
health_D_su_df_wood,intro,Es un día en el que la circulación en el cuerpo está completamente bloqueada y todo el cuerpo se siente extremadamente incómodo.,1
health_D_su_df_wood,effect,El bloqueo completo de la circulación reduce todas las funciones del cuerpo.,1
health_D_su_df_wood,action,Busque ayuda médica profesional o descanse lo suficiente de inmediato.,1
health_D_su_df_wood,state,"Una actitud rígida bloquea todo flujo, dificulta el progreso, y la feroz energía del cambio puede hacer que todas las predicciones se extravíen.",1
health_D_su_ex_earth,intro,Es un día en el que la circulación en el cuerpo está completamente bloqueada y todo el cuerpo se siente extremadamente incómodo.,1
health_D_su_ex_earth,effect,El bloqueo completo de la circulación reduce todas las funciones del cuerpo.,1
health_D_su_ex_earth,action,Busque ayuda médica profesional o descanse lo suficiente de inmediato.,1
health_D_su_ex_earth,state,"El torrente de emociones puede abrumar la razón y conducir a grandes errores, y la energía espesa y turbia puede ralentizar todo enormemente.",1
health_D_su_ex_fire,intro,Es un día en el que la circulación en el cuerpo está completamente bloqueada y todo el cuerpo se siente extremadamente incómodo.,1
health_D_su_ex_fire,effect,El bloqueo completo de la circulación reduce todas las funciones del cuerpo.,1
health_D_su_ex_fire,action,Busque ayuda médica profesional o descanse lo suficiente de inmediato.,1
health_D_su_ex_fire,state,"Un torrente de emociones puede abrumar la razón y provocar grandes errores, y una fuerte energía positiva puede fomentar impulsos y conducir a acciones imprudentes.",1
health_D_su_ex_water,intro,Es un día en el que la circulación en el cuerpo está completamente bloqueada y todo el cuerpo se siente extremadamente incómodo.,1
health_D_su_ex_water,effect,El bloqueo completo de la circulación reduce todas las funciones del cuerpo.,1
health_D_su_ex_water,action,Busque ayuda médica profesional o descanse lo suficiente de inmediato.,1
health_D_su_ex_water,state,"Un torrente de emociones puede abrumar la razón y conducir a grandes errores, y la fuerza de una fuerte lluvia y nieve puede sacudir las emociones violentamente, haciendo difícil controlarlas.",1
health_D_su_ex_wood,intro,Es un día en el que la circulación en el cuerpo está completamente bloqueada y todo el cuerpo se siente extremadamente incómodo.,1
health_D_su_ex_wood,effect,El bloqueo completo de la circulación reduce todas las funciones del cuerpo.,1
health_D_su_ex_wood,action,Busque ayuda médica profesional o descanse lo suficiente de inmediato.,1
health_D_su_ex_wood,state,"El torrente de emociones puede abrumar la razón y conducir a grandes errores, y la feroz energía del cambio puede hacer que todas las predicciones se extravíen.",1
health_D_to_df_earth,intro,Es un día en el que los cimientos de la salud están completamente rotos y cualquier actividad es peligrosa.,1
health_D_to_df_earth,effect,La inestabilidad extrema de la salud puede crear una condición irreversible.,1
health_D_to_df_earth,action,Descanse completamente hoy y busque ayuda médica de inmediato si es necesario.,1
health_D_to_df_earth,state,"Puedes perder completamente el equilibrio y todo puede salirse de control, y la energía espesa y turbia puede ralentizar todo enormemente.",1
health_D_to_df_fire,intro,Es un día en el que los cimientos de la salud están completamente rotos y cualquier actividad es peligrosa.,1
health_D_to_df_fire,effect,La inestabilidad extrema de la salud puede crear una condición irreversible.,1
health_D_to_df_fire,action,Descanse completamente hoy y busque ayuda médica de inmediato si es necesario.,1
health_D_to_df_fire,state,"Si pierdes completamente el equilibrio, todo puede salirse de control y una fuerte energía yang puede fomentar impulsos y llevarte a acciones imprudentes.",1
health_D_to_df_water,intro,Es un día en el que los cimientos de la salud están completamente rotos y cualquier actividad es peligrosa.,1
health_D_to_df_water,effect,La inestabilidad extrema de la salud puede crear una condición irreversible.,1
health_D_to_df_water,action,Descanse completamente hoy y busque ayuda médica de inmediato si es necesario.,1
health_D_to_df_water,state,"Puedes perder completamente el equilibrio y todo puede salirse de control, y la fuerza de la fuerte lluvia y la nieve puede sacudir tanto tus emociones que resulta difícil controlarlas.",1
health_D_to_df_wood,intro,Es un día en el que los cimientos de la salud están completamente rotos y cualquier actividad es peligrosa.,1
health_D_to_df_wood,effect,La inestabilidad extrema de la salud puede crear una condición irreversible.,1
health_D_to_df_wood,action,Descanse completamente hoy y busque ayuda médica de inmediato si es necesario.,1
health_D_to_df_wood,state,"Si pierdes completamente el equilibrio, todo puede salirse de control y la violenta energía del cambio puede desviar todas tus predicciones.",1
health_D_to_ex_earth,intro,Es un día en el que los cimientos de la salud están completamente rotos y cualquier actividad es peligrosa.,1
health_D_to_ex_earth,effect,La inestabilidad extrema de la salud puede crear una condición irreversible.,1
health_D_to_ex_earth,action,Descanse completamente hoy y busque ayuda médica de inmediato si es necesario.,1
health_D_to_ex_earth,state,"Negarse a cambiar puede agravar una crisis y dificultar la recuperación, y una atmósfera espesa y turbia puede ralentizar todo considerablemente.",1
health_D_to_ex_fire,intro,Es un día en el que los cimientos de la salud están completamente rotos y cualquier actividad es peligrosa.,1
health_D_to_ex_fire,effect,La inestabilidad extrema de la salud puede crear una condición irreversible.,1
health_D_to_ex_fire,action,Descanse completamente hoy y busque ayuda médica de inmediato si es necesario.,1
health_D_to_ex_fire,state,"Negarse a cambiar puede agravar la crisis y dificultar la recuperación, y una fuerte energía positiva puede fomentar impulsos y conducir a acciones imprudentes.",1
health_D_to_ex_water,intro,Es un día en el que los cimientos de la salud están completamente rotos y cualquier actividad es peligrosa.,1
health_D_to_ex_water,effect,La inestabilidad extrema de la salud puede crear una condición irreversible.,1
health_D_to_ex_water,action,Descanse completamente hoy y busque ayuda médica de inmediato si es necesario.,1
health_D_to_ex_water,state,"Negarse a cambiar puede agravar la crisis y dificultar la recuperación, y la fuerza de las fuertes lluvias y nieves puede sacudir violentamente las emociones, dificultando el control.",1
health_D_to_ex_wood,intro,Es un día en el que los cimientos de la salud están completamente rotos y cualquier actividad es peligrosa.,1
health_D_to_ex_wood,effect,La inestabilidad extrema de la salud puede crear una condición irreversible.,1
health_D_to_ex_wood,action,Descanse completamente hoy y busque ayuda médica de inmediato si es necesario.,1
health_D_to_ex_wood,state,"Negarse a cambiar puede agravar una crisis y dificultar la recuperación, y la feroz energía del cambio puede hacer que todas las predicciones se extravíen.",1
