code,type,text,weight
overall_A,intro,आज वह दिन है जब आपकी ऊर्जा खुल जाती है और आप आत्मविश्वास से कुछ भी करने की कोशिश कर सकते हैं।,1
overall_A,intro,आज सभी दिशाओं से शुभ धाराएँ एकत्रित होने से उत्तम भाग्योदय का योग है।,1
overall_A,effect,"आप जितने अधिक सक्रिय होंगे, परिणाम उतने ही बड़े होंगे और सहयोग की चमक भी उतनी ही अधिक होगी।",1
overall_A,effect,"आज आप जो काम शुरू करेंगे, उसके बाद में अच्छे परिणाम मिलने की संभावना है।",1
overall_A,action,"अगर आप झिझकें नहीं और पहला कदम उठाएं, तो आज भाग्य आपका भरपूर साथ देगा।",1
overall_A,action,आज उस महत्वपूर्ण चुनौती को शुरू करने का सबसे अच्छा दिन है जिसे आप टालते आ रहे हैं।,1
overall_A_geum_df_earth,intro,आज वह दिन है जब आपकी सारी किस्मत साफ है और आप कुल मिलाकर सबसे अच्छी स्थिति में हैं।,1
overall_A_geum_df_earth,effect,समग्र भाग्य में तेज वृद्धि सभी क्षेत्रों में अच्छे परिणाम देती है।,1
overall_A_geum_df_earth,action,"अगर आज आप साहसिक कदम उठाएंगे, तो परिणाम आपकी उम्मीदों से ज़्यादा मिलेंगे।",1
overall_A_geum_df_earth,state,"शांत निर्णय से विवेक बढ़ता है, जिससे गहरी अंतर्दृष्टि प्राप्त होती है, और शांत ऊर्जा से विवेक बढ़ता है, जिससे अच्छे परिणाम मिलते हैं।",1
overall_A_geum_df_fire,intro,आज वह दिन है जब आपकी सारी किस्मत साफ है और आप कुल मिलाकर सबसे अच्छी स्थिति में हैं।,1
overall_A_geum_df_fire,effect,समग्र भाग्य में तेज वृद्धि सभी क्षेत्रों में अच्छे परिणाम देती है।,1
overall_A_geum_df_fire,action,"अगर आज आप साहसिक कदम उठाएंगे, तो परिणाम आपकी उम्मीदों से ज़्यादा मिलेंगे।",1
overall_A_geum_df_fire,state,"शांत निर्णय विवेक को बढ़ाता है, गहरी अंतर्दृष्टि की ओर ले जाता है, और स्पष्ट ऊर्जा जीवन शक्ति को बढ़ाती है और एक अच्छा प्रवाह बनाती है।",1
overall_A_geum_df_water,intro,आज वह दिन है जब आपकी सारी किस्मत साफ है और आप कुल मिलाकर सबसे अच्छी स्थिति में हैं।,1
overall_A_geum_df_water,effect,समग्र भाग्य में तेज वृद्धि सभी क्षेत्रों में अच्छे परिणाम देती है।,1
overall_A_geum_df_water,action,"अगर आज आप साहसिक कदम उठाएंगे, तो परिणाम आपकी उम्मीदों से ज़्यादा मिलेंगे।",1
overall_A_geum_df_water,state,"शांत निर्णय विवेक को बढ़ाता है और गहरी अंतर्दृष्टि की ओर ले जाता है, और नम ऊर्जा मन को गहराई से परिष्कृत करती है और स्पष्ट दृष्टि खोलती है।",1
overall_A_geum_df_wood,intro,आज वह दिन है जब आपकी सारी किस्मत साफ है और आप कुल मिलाकर सबसे अच्छी स्थिति में हैं।,1
overall_A_geum_df_wood,effect,समग्र भाग्य में तेज वृद्धि सभी क्षेत्रों में अच्छे परिणाम देती है।,1
overall_A_geum_df_wood,action,"अगर आज आप साहसिक कदम उठाएंगे, तो परिणाम आपकी उम्मीदों से ज़्यादा मिलेंगे।",1
overall_A_geum_df_wood,state,"शांत निर्णय विवेक को बढ़ाता है, गहरी अंतर्दृष्टि की ओर ले जाता है और गतिशील ऊर्जा नई संभावनाओं को खोलती है।",1
overall_A_geum_ex_earth,intro,आज वह दिन है जब आपकी सारी किस्मत साफ है और आप कुल मिलाकर सबसे अच्छी स्थिति में हैं।,1
overall_A_geum_ex_earth,effect,समग्र भाग्य में तेज वृद्धि सभी क्षेत्रों में अच्छे परिणाम देती है।,1
overall_A_geum_ex_earth,action,"अगर आज आप साहसिक कदम उठाएंगे, तो परिणाम आपकी उम्मीदों से ज़्यादा मिलेंगे।",1
overall_A_geum_ex_earth,state,"तीव्र निर्णय मूल में प्रवेश करता है और स्पष्ट निष्कर्ष की ओर ले जाता है, और शांत ऊर्जा विवेक को बढ़ाती है, जिससे अच्छे परिणाम मिलते हैं।",1
overall_A_geum_ex_fire,intro,आज वह दिन है जब आपकी सारी किस्मत साफ है और आप कुल मिलाकर सबसे अच्छी स्थिति में हैं।,1
overall_A_geum_ex_fire,effect,समग्र भाग्य में तेज वृद्धि सभी क्षेत्रों में अच्छे परिणाम देती है।,1
overall_A_geum_ex_fire,action,"अगर आज आप साहसिक कदम उठाएंगे, तो परिणाम आपकी उम्मीदों से ज़्यादा मिलेंगे।",1
overall_A_geum_ex_fire,state,"तीव्र निर्णय मूल में प्रवेश करता है और स्पष्ट निष्कर्ष निकालता है, और स्पष्ट ऊर्जा जीवन शक्ति को बढ़ाती है और एक अच्छा प्रवाह बनाती है।",1
overall_A_geum_ex_water,intro,आज वह दिन है जब आपकी सारी किस्मत साफ है और आप कुल मिलाकर सबसे अच्छी स्थिति में हैं।,1
overall_A_geum_ex_water,effect,समग्र भाग्य में तेज वृद्धि सभी क्षेत्रों में अच्छे परिणाम देती है।,1
overall_A_geum_ex_water,action,"अगर आज आप साहसिक कदम उठाएंगे, तो परिणाम आपकी उम्मीदों से ज़्यादा मिलेंगे।",1
overall_A_geum_ex_water,state,"तीव्र निर्णय मूल में प्रवेश करता है और स्पष्ट निष्कर्ष निकालता है, और नम ऊर्जा मन को गहराई से परिष्कृत करती है और स्पष्ट दृष्टि खोलती है।",1
overall_A_geum_ex_wood,intro,आज वह दिन है जब आपकी सारी किस्मत साफ है और आप कुल मिलाकर सबसे अच्छी स्थिति में हैं।,1
overall_A_geum_ex_wood,effect,समग्र भाग्य में तेज वृद्धि सभी क्षेत्रों में अच्छे परिणाम देती है।,1
overall_A_geum_ex_wood,action,"अगर आज आप साहसिक कदम उठाएंगे, तो परिणाम आपकी उम्मीदों से ज़्यादा मिलेंगे।",1
overall_A_geum_ex_wood,state,"तीव्र निर्णय मूल में प्रवेश करता है और स्पष्ट निष्कर्ष निकालता है, और गतिशील ऊर्जा नई संभावनाओं को खोलती है।",1
overall_A_hwa_df_earth,intro,यह एक उज्ज्वल दिन है जिसमें सभी दिशाओं से अच्छी ऊर्जा आ रही है।,1
overall_A_hwa_df_earth,effect,सभी दिशाओं में ऊर्जा अधिकतम हो जाती है और सब कुछ ठीक हो जाता है।,1
overall_A_hwa_df_earth,action,आज वह प्रयास करें जो आप सबसे अधिक करना चाहते थे।,1
overall_A_hwa_df_earth,state,"एक शांत आंतरिक आत्म आपको अपनी ईमानदारी को पूरी तरह से व्यक्त करने की शक्ति देता है, और एक शांत ऊर्जा विवेक को बढ़ाती है, जिससे अच्छे परिणाम मिलते हैं।",1
overall_A_hwa_df_fire,intro,यह एक उज्ज्वल दिन है जिसमें सभी दिशाओं से अच्छी ऊर्जा आ रही है।,1
overall_A_hwa_df_fire,effect,सभी दिशाओं में ऊर्जा अधिकतम हो जाती है और सब कुछ ठीक हो जाता है।,1
overall_A_hwa_df_fire,action,आज वह प्रयास करें जो आप सबसे अधिक करना चाहते थे।,1
overall_A_hwa_df_fire,state,"एक शांत आंतरिक आत्म आपको अपनी ईमानदारी को पूरी तरह से व्यक्त करने की शक्ति देता है, और स्पष्ट ऊर्जा आपकी जीवन शक्ति को बढ़ाती है और एक अच्छा प्रवाह बनाती है।",1
overall_A_hwa_df_water,intro,यह एक उज्ज्वल दिन है जिसमें सभी दिशाओं से अच्छी ऊर्जा आ रही है।,1
overall_A_hwa_df_water,effect,सभी दिशाओं में ऊर्जा अधिकतम हो जाती है और सब कुछ ठीक हो जाता है।,1
overall_A_hwa_df_water,action,आज वह प्रयास करें जो आप सबसे अधिक करना चाहते थे।,1
overall_A_hwa_df_water,state,"एक शांत आंतरिक आत्म आपको अपनी सच्ची भावनाओं को पूरी तरह से व्यक्त करने की शक्ति देता है, और नम ऊर्जा आपके दिमाग को गहराई से परिष्कृत करती है और स्पष्ट दृष्टि खोलती है।",1
overall_A_hwa_df_wood,intro,यह एक उज्ज्वल दिन है जिसमें सभी दिशाओं से अच्छी ऊर्जा आ रही है।,1
overall_A_hwa_df_wood,effect,सभी दिशाओं में ऊर्जा अधिकतम हो जाती है और सब कुछ ठीक हो जाता है।,1
overall_A_hwa_df_wood,action,आज वह प्रयास करें जो आप सबसे अधिक करना चाहते थे।,1
overall_A_hwa_df_wood,state,"एक शांत आंतरिक आत्म आपको अपनी ईमानदारी को पूरी तरह से व्यक्त करने की शक्ति देता है, और गतिशील ऊर्जा नई संभावनाओं को खोलती है।",1
overall_A_hwa_ex_earth,intro,यह एक उज्ज्वल दिन है जिसमें सभी दिशाओं से अच्छी ऊर्जा आ रही है।,1
overall_A_hwa_ex_earth,effect,सभी दिशाओं में ऊर्जा अधिकतम हो जाती है और सब कुछ ठीक हो जाता है।,1
overall_A_hwa_ex_earth,action,आज वह प्रयास करें जो आप सबसे अधिक करना चाहते थे।,1
overall_A_hwa_ex_earth,state,"उमड़ता हुआ जुनून गति को बहुत बढ़ाता है और एक अच्छा प्रवाह बनाता है, और शांत ऊर्जा विवेक को बढ़ाती है, जिससे अच्छे परिणाम मिलते हैं।",1
overall_A_hwa_ex_fire,intro,यह एक उज्ज्वल दिन है जिसमें सभी दिशाओं से अच्छी ऊर्जा आ रही है।,1
overall_A_hwa_ex_fire,effect,सभी दिशाओं में ऊर्जा अधिकतम हो जाती है और सब कुछ ठीक हो जाता है।,1
overall_A_hwa_ex_fire,action,आज वह प्रयास करें जो आप सबसे अधिक करना चाहते थे।,1
overall_A_hwa_ex_fire,state,"अत्यधिक जुनून प्रेरणा शक्ति को बढ़ाता है और एक अच्छा प्रवाह बनाता है, और स्पष्ट ऊर्जा जीवन शक्ति को बढ़ाती है और एक अच्छा प्रवाह बनाती है।",1
overall_A_hwa_ex_water,intro,यह एक उज्ज्वल दिन है जिसमें सभी दिशाओं से अच्छी ऊर्जा आ रही है।,1
overall_A_hwa_ex_water,effect,सभी दिशाओं में ऊर्जा अधिकतम हो जाती है और सब कुछ ठीक हो जाता है।,1
overall_A_hwa_ex_water,action,आज वह प्रयास करें जो आप सबसे अधिक करना चाहते थे।,1
overall_A_hwa_ex_water,state,"उमड़ता हुआ जुनून प्रेरक शक्ति को बहुत बढ़ाता है और एक अच्छा प्रवाह बनाता है, और नम ऊर्जा मन को गहराई से परिष्कृत करती है और स्पष्ट दृष्टि खोलती है।",1
overall_A_hwa_ex_wood,intro,यह एक उज्ज्वल दिन है जिसमें सभी दिशाओं से अच्छी ऊर्जा आ रही है।,1
overall_A_hwa_ex_wood,effect,सभी दिशाओं में ऊर्जा अधिकतम हो जाती है और सब कुछ ठीक हो जाता है।,1
overall_A_hwa_ex_wood,action,आज वह प्रयास करें जो आप सबसे अधिक करना चाहते थे।,1
overall_A_hwa_ex_wood,state,"उमड़ता हुआ जुनून प्रेरक शक्ति को बहुत बढ़ाता है, एक अच्छा प्रवाह बनाता है और गतिशील ऊर्जा नई संभावनाओं को खोलती है।",1
overall_A_mok_df_earth,intro,यह एक ऐसा दिन है जब समग्र राशिफल विकास ऊर्जा और विकास के अवसरों से भरा होता है।,1
overall_A_mok_df_earth,effect,सर्वांगीण विकास की ऊर्जा सभी क्षेत्रों में अवसर पैदा करती है।,1
overall_A_mok_df_earth,action,यदि आप सक्रिय रूप से नई चुनौतियों का सामना करेंगे तो अच्छे परिणाम मिलेंगे।,1
overall_A_mok_df_earth,state,"एक सतर्क दृष्टिकोण वास्तव में एक ठोस शुरुआत करता है, और एक शांत ऊर्जा विवेक को बढ़ाती है, जिससे अच्छे परिणाम मिलते हैं।",1
overall_A_mok_df_fire,intro,यह एक ऐसा दिन है जब समग्र राशिफल विकास ऊर्जा और विकास के अवसरों से भरा होता है।,1
overall_A_mok_df_fire,effect,सर्वांगीण विकास की ऊर्जा सभी क्षेत्रों में अवसर पैदा करती है।,1
overall_A_mok_df_fire,action,यदि आप सक्रिय रूप से नई चुनौतियों का सामना करेंगे तो अच्छे परिणाम मिलेंगे।,1
overall_A_mok_df_fire,state,"एक सतर्क दृष्टिकोण वास्तव में एक ठोस शुरुआत बनाता है, और स्पष्ट ऊर्जा जीवन शक्ति को बढ़ाती है और एक अच्छा प्रवाह बनाती है।",1
overall_A_mok_df_water,intro,यह एक ऐसा दिन है जब समग्र राशिफल विकास ऊर्जा और विकास के अवसरों से भरा होता है।,1
overall_A_mok_df_water,effect,सर्वांगीण विकास की ऊर्जा सभी क्षेत्रों में अवसर पैदा करती है।,1
overall_A_mok_df_water,action,यदि आप सक्रिय रूप से नई चुनौतियों का सामना करेंगे तो अच्छे परिणाम मिलेंगे।,1
overall_A_mok_df_water,state,"एक सतर्क दृष्टिकोण वास्तव में एक ठोस शुरुआत करता है, और नम ऊर्जा मन को गहराई से परिष्कृत करती है और स्पष्ट दृष्टि खोलती है।",1
overall_A_mok_df_wood,intro,यह एक ऐसा दिन है जब समग्र राशिफल विकास ऊर्जा और विकास के अवसरों से भरा होता है।,1
overall_A_mok_df_wood,effect,सर्वांगीण विकास की ऊर्जा सभी क्षेत्रों में अवसर पैदा करती है।,1
overall_A_mok_df_wood,action,यदि आप सक्रिय रूप से नई चुनौतियों का सामना करेंगे तो अच्छे परिणाम मिलेंगे।,1
overall_A_mok_df_wood,state,"एक सतर्क दृष्टिकोण एक ठोस शुरुआत बनाता है, और गतिशील ऊर्जा नई संभावनाओं को खोलती है।",1
overall_A_mok_ex_earth,intro,यह एक ऐसा दिन है जब समग्र राशिफल विकास ऊर्जा और विकास के अवसरों से भरा होता है।,1
overall_A_mok_ex_earth,effect,सर्वांगीण विकास की ऊर्जा सभी क्षेत्रों में अवसर पैदा करती है।,1
overall_A_mok_ex_earth,action,यदि आप सक्रिय रूप से नई चुनौतियों का सामना करेंगे तो अच्छे परिणाम मिलेंगे।,1
overall_A_mok_ex_earth,state,"एक मजबूत इच्छाशक्ति सक्रिय रूप से नए अवसर खोलती है, और एक शांत ऊर्जा विवेक को बढ़ाती है, जिससे अच्छे परिणाम मिलते हैं।",1
overall_A_mok_ex_fire,intro,यह एक ऐसा दिन है जब समग्र राशिफल विकास ऊर्जा और विकास के अवसरों से भरा होता है।,1
overall_A_mok_ex_fire,effect,सर्वांगीण विकास की ऊर्जा सभी क्षेत्रों में अवसर पैदा करती है।,1
overall_A_mok_ex_fire,action,यदि आप सक्रिय रूप से नई चुनौतियों का सामना करेंगे तो अच्छे परिणाम मिलेंगे।,1
overall_A_mok_ex_fire,state,"एक मजबूत इच्छाशक्ति सक्रिय रूप से नए अवसर खोलती है, और स्पष्ट ऊर्जा जीवन शक्ति बढ़ाती है और एक अच्छा प्रवाह बनाती है।",1
overall_A_mok_ex_water,intro,यह एक ऐसा दिन है जब समग्र राशिफल विकास ऊर्जा और विकास के अवसरों से भरा होता है।,1
overall_A_mok_ex_water,effect,सर्वांगीण विकास की ऊर्जा सभी क्षेत्रों में अवसर पैदा करती है।,1
overall_A_mok_ex_water,action,यदि आप सक्रिय रूप से नई चुनौतियों का सामना करेंगे तो अच्छे परिणाम मिलेंगे।,1
overall_A_mok_ex_water,state,"एक मजबूत इच्छाशक्ति सक्रिय रूप से नए अवसरों को खोलती है, और नम ऊर्जा मन को गहराई से परिष्कृत करती है और स्पष्ट दृष्टि खोलती है।",1
overall_A_mok_ex_wood,intro,यह एक ऐसा दिन है जब समग्र राशिफल विकास ऊर्जा और विकास के अवसरों से भरा होता है।,1
overall_A_mok_ex_wood,effect,सर्वांगीण विकास की ऊर्जा सभी क्षेत्रों में अवसर पैदा करती है।,1
overall_A_mok_ex_wood,action,यदि आप सक्रिय रूप से नई चुनौतियों का सामना करेंगे तो अच्छे परिणाम मिलेंगे।,1
overall_A_mok_ex_wood,state,"एक मजबूत इच्छाशक्ति सक्रिय रूप से नए अवसरों को खोलती है, और एक गतिशील ऊर्जा नई संभावनाओं को खोलती है।",1
overall_A_su_df_earth,intro,"सब कुछ स्वाभाविक रूप से प्रवाहित होता है, जिससे पूरा दिन सुचारू रहता है।",1
overall_A_su_df_earth,effect,भाग्य का निर्बाध प्रवाह आपके सभी प्रयासों को सफल बनाता है।,1
overall_A_su_df_earth,action,"यदि आप प्रवाह के साथ चलते हैं और स्वाभाविक रूप से आगे बढ़ते हैं, तो आपको वही परिणाम मिलेंगे जो आप चाहते हैं।",1
overall_A_su_df_earth,state,"एक ठोस केंद्र आपको बिना डगमगाए अपनी दिशा बनाए रखने में मदद करता है, और एक शांत ऊर्जा विवेक को बढ़ाती है, जिससे अच्छे परिणाम मिलते हैं।",1
overall_A_su_df_fire,intro,"सब कुछ स्वाभाविक रूप से प्रवाहित होता है, जिससे पूरा दिन सुचारू रहता है।",1
overall_A_su_df_fire,effect,भाग्य का निर्बाध प्रवाह आपके सभी प्रयासों को सफल बनाता है।,1
overall_A_su_df_fire,action,"यदि आप प्रवाह के साथ चलते हैं और स्वाभाविक रूप से आगे बढ़ते हैं, तो आपको वही परिणाम मिलेंगे जो आप चाहते हैं।",1
overall_A_su_df_fire,state,"एक ठोस केंद्र आपको बिना डगमगाए सही दिशा में रखता है, और स्पष्ट ऊर्जा आपकी जीवन शक्ति को बढ़ाती है और एक अच्छा प्रवाह बनाती है।",1
overall_A_su_df_water,intro,"सब कुछ स्वाभाविक रूप से प्रवाहित होता है, जिससे पूरा दिन सुचारू रहता है।",1
overall_A_su_df_water,effect,भाग्य का निर्बाध प्रवाह आपके सभी प्रयासों को सफल बनाता है।,1
overall_A_su_df_water,action,"यदि आप प्रवाह के साथ चलते हैं और स्वाभाविक रूप से आगे बढ़ते हैं, तो आपको वही परिणाम मिलेंगे जो आप चाहते हैं।",1
overall_A_su_df_water,state,"एक ठोस केंद्र आपको बिना डगमगाए अपनी दिशा बनाए रखने में मदद करता है, और नम ऊर्जा आपके दिमाग को गहराई से परिष्कृत करती है और स्पष्ट दृष्टि खोलती है।",1
overall_A_su_df_wood,intro,"सब कुछ स्वाभाविक रूप से प्रवाहित होता है, जिससे पूरा दिन सुचारू रहता है।",1
overall_A_su_df_wood,effect,भाग्य का निर्बाध प्रवाह आपके सभी प्रयासों को सफल बनाता है।,1
overall_A_su_df_wood,action,"यदि आप प्रवाह के साथ चलते हैं और स्वाभाविक रूप से आगे बढ़ते हैं, तो आपको वही परिणाम मिलेंगे जो आप चाहते हैं।",1
overall_A_su_df_wood,state,"एक ठोस केंद्र बिना डगमगाए दिशा बनाए रखता है, और गतिशील ऊर्जा नई संभावनाओं को खोलती है।",1
overall_A_su_ex_earth,intro,"सब कुछ स्वाभाविक रूप से प्रवाहित होता है, जिससे पूरा दिन सुचारू रहता है।",1
overall_A_su_ex_earth,effect,भाग्य का निर्बाध प्रवाह आपके सभी प्रयासों को सफल बनाता है।,1
overall_A_su_ex_earth,action,"यदि आप प्रवाह के साथ चलते हैं और स्वाभाविक रूप से आगे बढ़ते हैं, तो आपको वही परिणाम मिलेंगे जो आप चाहते हैं।",1
overall_A_su_ex_earth,state,"समृद्ध संवेदनशीलता गहरी अंतर्दृष्टि की ओर ले जाती है और अच्छे निर्णय लेने में मदद करती है, और शांत ऊर्जा विवेक को बढ़ाती है, जिससे अच्छे परिणाम मिलते हैं।",1
overall_A_su_ex_fire,intro,"सब कुछ स्वाभाविक रूप से प्रवाहित होता है, जिससे पूरा दिन सुचारू रहता है।",1
overall_A_su_ex_fire,effect,भाग्य का निर्बाध प्रवाह आपके सभी प्रयासों को सफल बनाता है।,1
overall_A_su_ex_fire,action,"यदि आप प्रवाह के साथ चलते हैं और स्वाभाविक रूप से आगे बढ़ते हैं, तो आपको वही परिणाम मिलेंगे जो आप चाहते हैं।",1
overall_A_su_ex_fire,state,"समृद्ध संवेदनशीलता गहरी अंतर्दृष्टि की ओर ले जाती है और अच्छे निर्णय लेने में मदद करती है, और स्पष्ट ऊर्जा जीवन शक्ति बढ़ाती है और एक अच्छा प्रवाह बनाती है।",1
overall_A_su_ex_water,intro,"सब कुछ स्वाभाविक रूप से प्रवाहित होता है, जिससे पूरा दिन सुचारू रहता है।",1
overall_A_su_ex_water,effect,भाग्य का निर्बाध प्रवाह आपके सभी प्रयासों को सफल बनाता है।,1
overall_A_su_ex_water,action,"यदि आप प्रवाह के साथ चलते हैं और स्वाभाविक रूप से आगे बढ़ते हैं, तो आपको वही परिणाम मिलेंगे जो आप चाहते हैं।",1
overall_A_su_ex_water,state,"समृद्ध संवेदनशीलता गहरी अंतर्दृष्टि की ओर ले जाती है और अच्छे निर्णय में मदद करती है, और नम ऊर्जा मन को गहराई से परिष्कृत करती है और स्पष्ट दृष्टि खोलती है।",1
overall_A_su_ex_wood,intro,"सब कुछ स्वाभाविक रूप से प्रवाहित होता है, जिससे पूरा दिन सुचारू रहता है।",1
overall_A_su_ex_wood,effect,भाग्य का निर्बाध प्रवाह आपके सभी प्रयासों को सफल बनाता है।,1
overall_A_su_ex_wood,action,"यदि आप प्रवाह के साथ चलते हैं और स्वाभाविक रूप से आगे बढ़ते हैं, तो आपको वही परिणाम मिलेंगे जो आप चाहते हैं।",1
overall_A_su_ex_wood,state,"समृद्ध संवेदनशीलता गहरी अंतर्दृष्टि की ओर ले जाती है और अच्छे निर्णय लेने में मदद करती है, और गतिशील ऊर्जा नई संभावनाओं को खोलती है।",1
overall_A_to_df_earth,intro,यह एक शांतिपूर्ण और स्थिर दिन है जिसमें पूरे दिन समग्र रूप से शांतिदायक ऊर्जा प्रवाहित होती रहती है।,1
overall_A_to_df_earth,effect,एक ठोस समग्र वित्तीय आधार सभी क्षेत्रों में स्थिर प्रदर्शन की गारंटी देता है।,1
overall_A_to_df_earth,action,"यदि आप सावधानीपूर्वक और लगातार आगे बढ़ते हैं, तो आप ठोस परिणाम प्राप्त करेंगे।",1
overall_A_to_df_earth,state,"एक लचीला रवैया आपको स्वाभाविक रूप से नए रुझानों को स्वीकार करने की अनुमति देता है, और एक शांत ऊर्जा विवेक को बढ़ाती है, जिससे अच्छे परिणाम मिलते हैं।",1
overall_A_to_df_fire,intro,यह एक शांतिपूर्ण और स्थिर दिन है जिसमें पूरे दिन समग्र रूप से शांतिदायक ऊर्जा प्रवाहित होती रहती है।,1
overall_A_to_df_fire,effect,एक ठोस समग्र वित्तीय आधार सभी क्षेत्रों में स्थिर प्रदर्शन की गारंटी देता है।,1
overall_A_to_df_fire,action,"यदि आप सावधानीपूर्वक और लगातार आगे बढ़ते हैं, तो आप ठोस परिणाम प्राप्त करेंगे।",1
overall_A_to_df_fire,state,"एक लचीला रवैया आपको स्वाभाविक रूप से नए रुझानों को स्वीकार करने की अनुमति देता है, और स्पष्ट ऊर्जा जीवन शक्ति बढ़ाती है और एक अच्छा प्रवाह बनाती है।",1
overall_A_to_df_water,intro,यह एक शांतिपूर्ण और स्थिर दिन है जिसमें पूरे दिन समग्र रूप से शांतिदायक ऊर्जा प्रवाहित होती रहती है।,1
overall_A_to_df_water,effect,एक ठोस समग्र वित्तीय आधार सभी क्षेत्रों में स्थिर प्रदर्शन की गारंटी देता है।,1
overall_A_to_df_water,action,"यदि आप सावधानीपूर्वक और लगातार आगे बढ़ते हैं, तो आप ठोस परिणाम प्राप्त करेंगे।",1
overall_A_to_df_water,state,"एक लचीला रवैया आपको स्वाभाविक रूप से नए रुझानों को स्वीकार करने की अनुमति देता है, और नम ऊर्जा आपके दिमाग को गहराई से परिष्कृत करती है और स्पष्ट दृष्टि खोलती है।",1
overall_A_to_df_wood,intro,यह एक शांतिपूर्ण और स्थिर दिन है जिसमें पूरे दिन समग्र रूप से शांतिदायक ऊर्जा प्रवाहित होती रहती है।,1
overall_A_to_df_wood,effect,एक ठोस समग्र वित्तीय आधार सभी क्षेत्रों में स्थिर प्रदर्शन की गारंटी देता है।,1
overall_A_to_df_wood,action,"यदि आप सावधानीपूर्वक और लगातार आगे बढ़ते हैं, तो आप ठोस परिणाम प्राप्त करेंगे।",1
overall_A_to_df_wood,state,"एक लचीला रवैया आपको स्वाभाविक रूप से नए रुझानों को स्वीकार करने की अनुमति देता है, और एक गतिशील ऊर्जा नई संभावनाओं को खोलती है।",1
overall_A_to_ex_earth,intro,यह एक शांतिपूर्ण और स्थिर दिन है जिसमें पूरे दिन समग्र रूप से शांतिदायक ऊर्जा प्रवाहित होती रहती है।,1
overall_A_to_ex_earth,effect,एक ठोस समग्र वित्तीय आधार सभी क्षेत्रों में स्थिर प्रदर्शन की गारंटी देता है।,1
overall_A_to_ex_earth,action,"यदि आप सावधानीपूर्वक और लगातार आगे बढ़ते हैं, तो आप ठोस परिणाम प्राप्त करेंगे।",1
overall_A_to_ex_earth,state,"स्थिरता की एक मजबूत भावना हर चीज के लिए एक ठोस आधार बन जाती है, और एक शांत ऊर्जा विवेक को बढ़ाती है, जिससे अच्छे परिणाम मिलते हैं।",1
overall_A_to_ex_fire,intro,यह एक शांतिपूर्ण और स्थिर दिन है जिसमें पूरे दिन समग्र रूप से शांतिदायक ऊर्जा प्रवाहित होती रहती है।,1
overall_A_to_ex_fire,effect,एक ठोस समग्र वित्तीय आधार सभी क्षेत्रों में स्थिर प्रदर्शन की गारंटी देता है।,1
overall_A_to_ex_fire,action,"यदि आप सावधानीपूर्वक और लगातार आगे बढ़ते हैं, तो आप ठोस परिणाम प्राप्त करेंगे।",1
overall_A_to_ex_fire,state,"स्थिरता की एक मजबूत भावना हर चीज के लिए एक ठोस आधार बन जाती है, और स्पष्ट ऊर्जा जीवन शक्ति को बढ़ाती है और एक अच्छा प्रवाह बनाती है।",1
overall_A_to_ex_water,intro,यह एक शांतिपूर्ण और स्थिर दिन है जिसमें पूरे दिन समग्र रूप से शांतिदायक ऊर्जा प्रवाहित होती रहती है।,1
overall_A_to_ex_water,effect,एक ठोस समग्र वित्तीय आधार सभी क्षेत्रों में स्थिर प्रदर्शन की गारंटी देता है।,1
overall_A_to_ex_water,action,"यदि आप सावधानीपूर्वक और लगातार आगे बढ़ते हैं, तो आप ठोस परिणाम प्राप्त करेंगे।",1
overall_A_to_ex_water,state,"स्थिरता की एक मजबूत भावना हर चीज के लिए एक ठोस आधार बन जाती है, और नम ऊर्जा मन को गहराई से परिष्कृत करती है और स्पष्ट दृष्टि खोलती है।",1
overall_A_to_ex_wood,intro,यह एक शांतिपूर्ण और स्थिर दिन है जिसमें पूरे दिन समग्र रूप से शांतिदायक ऊर्जा प्रवाहित होती रहती है।,1
overall_A_to_ex_wood,effect,एक ठोस समग्र वित्तीय आधार सभी क्षेत्रों में स्थिर प्रदर्शन की गारंटी देता है।,1
overall_A_to_ex_wood,action,"यदि आप सावधानीपूर्वक और लगातार आगे बढ़ते हैं, तो आप ठोस परिणाम प्राप्त करेंगे।",1
overall_A_to_ex_wood,state,"स्थिरता की एक मजबूत भावना हर चीज़ के लिए एक ठोस आधार प्रदान करती है, और गतिशील ऊर्जा नई संभावनाओं को खोलती है।",1
overall_B,intro,आज दिन का पहला भाग सुचारु रूप से गुजरेगा और अच्छा प्रवाह रहेगा।,1
overall_B,intro,"आज आपकी ऊर्जा स्थिर रहेगी, जिससे आप शांति से वह काम कर सकेंगे जो आप करना चाहते हैं।",1
overall_B,effect,अगर आप थोड़ा और ध्यान देंगे तो संभावना है कि आपको अपनी उम्मीदों से कहीं ज़्यादा परिणाम मिलेंगे।,1
overall_B,effect,बड़े और छोटे रुझान आमतौर पर मेरे पक्ष में काम करते हैं।,1
overall_B,action,आज जब आपके पास अच्छी ऊर्जा होगी तो सबसे महत्वपूर्ण काम पहले निपटाएंगे तो कार्यक्षमता बढ़ेगी।,1
overall_B,action,"चूँकि आप सामान्य से अधिक प्रेरित हैं, इसलिए जिन कार्यों को आप टाल रहे हैं उन्हें एक-एक करके हल करने पर ध्यान केंद्रित करने का प्रयास करें।",1
overall_B_geum_df_earth,intro,कुल मिलाकर राशिफल अच्छा है और दिन का अधिकांश समय सुचारू रूप से चलता है।,1
overall_B_geum_df_earth,effect,स्थिर समग्र भाग्य प्रमुख गतिविधियों में अच्छे परिणामों का समर्थन करता है।,1
overall_B_geum_df_earth,action,महत्वपूर्ण गतिविधियों पर ध्यान केंद्रित करें और स्थिर परिणाम बनाएं।,1
overall_B_geum_df_earth,state,"भले ही आपका दृढ़ संकल्प कुछ हद तक सुस्त हो जाए, दैनिक जीवन का प्रवाह सुचारू रूप से जारी रहता है, और बादल वाली ऊर्जा शांत वातावरण में जुड़ जाती है, जिससे शांति की भावना पैदा होती है।",1
overall_B_geum_df_fire,intro,कुल मिलाकर राशिफल अच्छा है और दिन का अधिकांश समय सुचारू रूप से चलता है।,1
overall_B_geum_df_fire,effect,स्थिर समग्र भाग्य प्रमुख गतिविधियों में अच्छे परिणामों का समर्थन करता है।,1
overall_B_geum_df_fire,action,महत्वपूर्ण गतिविधियों पर ध्यान केंद्रित करें और स्थिर परिणाम बनाएं।,1
overall_B_geum_df_fire,state,"भले ही आपका दृढ़ संकल्प कुछ हद तक सुस्त हो जाए, आपके दैनिक जीवन का प्रवाह सुचारू रूप से जारी रहता है, और स्पष्ट ऊर्जा प्रकाश जीवन शक्ति जोड़ती है, जिससे एक सहज प्रवाह बनता है।",1
overall_B_geum_df_water,intro,कुल मिलाकर राशिफल अच्छा है और दिन का अधिकांश समय सुचारू रूप से चलता है।,1
overall_B_geum_df_water,effect,स्थिर समग्र भाग्य प्रमुख गतिविधियों में अच्छे परिणामों का समर्थन करता है।,1
overall_B_geum_df_water,action,महत्वपूर्ण गतिविधियों पर ध्यान केंद्रित करें और स्थिर परिणाम बनाएं।,1
overall_B_geum_df_water,state,"भले ही आपका दृढ़ संकल्प कुछ हद तक सुस्त हो जाए, आपके दैनिक जीवन का प्रवाह सुचारू रूप से जारी रहता है, और नम ऊर्जा आपकी भावनाओं में एक शांत, लंबे समय तक रहने वाली अनुभूति जोड़ती है।",1
overall_B_geum_df_wood,intro,कुल मिलाकर राशिफल अच्छा है और दिन का अधिकांश समय सुचारू रूप से चलता है।,1
overall_B_geum_df_wood,effect,स्थिर समग्र भाग्य प्रमुख गतिविधियों में अच्छे परिणामों का समर्थन करता है।,1
overall_B_geum_df_wood,action,महत्वपूर्ण गतिविधियों पर ध्यान केंद्रित करें और स्थिर परिणाम बनाएं।,1
overall_B_geum_df_wood,state,"भले ही आपका दृढ़ संकल्प कुछ हद तक सुस्त हो जाए, दैनिक जीवन का प्रवाह सुचारू रूप से जारी रहता है और परिवर्तन की थोड़ी सी ऊर्जा उचित उत्तेजना जोड़ती है।",1
overall_B_geum_ex_earth,intro,कुल मिलाकर राशिफल अच्छा है और दिन का अधिकांश समय सुचारू रूप से चलता है।,1
overall_B_geum_ex_earth,effect,स्थिर समग्र भाग्य प्रमुख गतिविधियों में अच्छे परिणामों का समर्थन करता है।,1
overall_B_geum_ex_earth,action,महत्वपूर्ण गतिविधियों पर ध्यान केंद्रित करें और स्थिर परिणाम बनाएं।,1
overall_B_geum_ex_earth,state,"विश्लेषणात्मक निर्णय स्वाभाविक रूप से सामान्य गति से प्रवाहित होता है, और बादल वाली ऊर्जा शांत वातावरण में जुड़ जाती है, जिससे शांति की भावना पैदा होती है।",1
overall_B_geum_ex_fire,intro,कुल मिलाकर राशिफल अच्छा है और दिन का अधिकांश समय सुचारू रूप से चलता है।,1
overall_B_geum_ex_fire,effect,स्थिर समग्र भाग्य प्रमुख गतिविधियों में अच्छे परिणामों का समर्थन करता है।,1
overall_B_geum_ex_fire,action,महत्वपूर्ण गतिविधियों पर ध्यान केंद्रित करें और स्थिर परिणाम बनाएं।,1
overall_B_geum_ex_fire,state,"विश्लेषणात्मक निर्णय स्वाभाविक रूप से सामान्य गति का अनुसरण करता है, और स्पष्ट ऊर्जा प्रकाश जीवन शक्ति जोड़ती है, जिससे एक सहज प्रवाह बनता है।",1
overall_B_geum_ex_water,intro,कुल मिलाकर राशिफल अच्छा है और दिन का अधिकांश समय सुचारू रूप से चलता है।,1
overall_B_geum_ex_water,effect,स्थिर समग्र भाग्य प्रमुख गतिविधियों में अच्छे परिणामों का समर्थन करता है।,1
overall_B_geum_ex_water,action,महत्वपूर्ण गतिविधियों पर ध्यान केंद्रित करें और स्थिर परिणाम बनाएं।,1
overall_B_geum_ex_water,state,"विश्लेषणात्मक निर्णय आपकी सामान्य गति से स्वाभाविक रूप से प्रवाहित होता है, और नम ऊर्जा आपकी भावनाओं में एक शांत, लंबे समय तक रहने वाली अनुभूति जोड़ती है।",1
overall_B_geum_ex_wood,intro,कुल मिलाकर राशिफल अच्छा है और दिन का अधिकांश समय सुचारू रूप से चलता है।,1
overall_B_geum_ex_wood,effect,स्थिर समग्र भाग्य प्रमुख गतिविधियों में अच्छे परिणामों का समर्थन करता है।,1
overall_B_geum_ex_wood,action,महत्वपूर्ण गतिविधियों पर ध्यान केंद्रित करें और स्थिर परिणाम बनाएं।,1
overall_B_geum_ex_wood,state,"विश्लेषणात्मक निर्णय स्वाभाविक रूप से सामान्य गति का अनुसरण करता है, और परिवर्तन की थोड़ी सी ऊर्जा उचित उत्तेजना जोड़ती है।",1
overall_B_hwa_df_earth,intro,यह प्रेरित होने के लिए एक अच्छा दिन है क्योंकि आपकी समग्र ऊर्जा औसत से ऊपर बनी हुई है।,1
overall_B_hwa_df_earth,effect,पर्याप्त ऊर्जा विभिन्न क्षेत्रों में संतुलित परिणाम देती है।,1
overall_B_hwa_df_earth,action,जब आप ऊर्जा से भरपूर हों तो सबसे महत्वपूर्ण कार्य पहले निपटा लें।,1
overall_B_hwa_df_earth,state,"भले ही अभिव्यक्तियाँ संयमित हों, रिश्ते की स्थिरता आसानी से बनी रहती है, और बादल भरी ऊर्जा शांत वातावरण में जुड़ जाती है, जिससे शांति का एहसास होता है।",1
overall_B_hwa_df_fire,intro,यह प्रेरित होने के लिए एक अच्छा दिन है क्योंकि आपकी समग्र ऊर्जा औसत से ऊपर बनी हुई है।,1
overall_B_hwa_df_fire,effect,पर्याप्त ऊर्जा विभिन्न क्षेत्रों में संतुलित परिणाम देती है।,1
overall_B_hwa_df_fire,action,जब आप ऊर्जा से भरपूर हों तो सबसे महत्वपूर्ण कार्य पहले निपटा लें।,1
overall_B_hwa_df_fire,state,"भले ही अभिव्यक्तियां संयमित हों, रिश्ते की स्थिरता आसानी से बनी रहती है, और स्पष्ट ऊर्जा प्रकाश जीवन शक्ति जोड़ती है, जिससे एक सहज प्रवाह बनता है।",1
overall_B_hwa_df_water,intro,यह प्रेरित होने के लिए एक अच्छा दिन है क्योंकि आपकी समग्र ऊर्जा औसत से ऊपर बनी हुई है।,1
overall_B_hwa_df_water,effect,पर्याप्त ऊर्जा विभिन्न क्षेत्रों में संतुलित परिणाम देती है।,1
overall_B_hwa_df_water,action,जब आप ऊर्जा से भरपूर हों तो सबसे महत्वपूर्ण कार्य पहले निपटा लें।,1
overall_B_hwa_df_water,state,"भले ही अभिव्यक्तियाँ संयमित हों, रिश्ते की स्थिरता आसानी से बनी रहती है, और नम ऊर्जा भावनाओं में एक शांत दीर्घकालिक एहसास जोड़ती है।",1
overall_B_hwa_df_wood,intro,यह प्रेरित होने के लिए एक अच्छा दिन है क्योंकि आपकी समग्र ऊर्जा औसत से ऊपर बनी हुई है।,1
overall_B_hwa_df_wood,effect,पर्याप्त ऊर्जा विभिन्न क्षेत्रों में संतुलित परिणाम देती है।,1
overall_B_hwa_df_wood,action,जब आप ऊर्जा से भरपूर हों तो सबसे महत्वपूर्ण कार्य पहले निपटा लें।,1
overall_B_hwa_df_wood,state,"भले ही अभिव्यक्ति पर लगाम लगाई जाए, रिश्ते की स्थिरता आसानी से बनी रहती है, और परिवर्तन की थोड़ी सी ऊर्जा उचित उत्तेजना जोड़ती है।",1
overall_B_hwa_ex_earth,intro,यह प्रेरित होने के लिए एक अच्छा दिन है क्योंकि आपकी समग्र ऊर्जा औसत से ऊपर बनी हुई है।,1
overall_B_hwa_ex_earth,effect,पर्याप्त ऊर्जा विभिन्न क्षेत्रों में संतुलित परिणाम देती है।,1
overall_B_hwa_ex_earth,action,जब आप ऊर्जा से भरपूर हों तो सबसे महत्वपूर्ण कार्य पहले निपटा लें।,1
overall_B_hwa_ex_earth,state,"जुनून जीवित है, लेकिन संतुलन भी बनाए रखा जाता है, जिससे दिन स्थिर रहता है, और बादल वाली ऊर्जा एक शांत वातावरण जोड़ती है, जिससे शांति बनी रहती है।",1
overall_B_hwa_ex_fire,intro,यह प्रेरित होने के लिए एक अच्छा दिन है क्योंकि आपकी समग्र ऊर्जा औसत से ऊपर बनी हुई है।,1
overall_B_hwa_ex_fire,effect,पर्याप्त ऊर्जा विभिन्न क्षेत्रों में संतुलित परिणाम देती है।,1
overall_B_hwa_ex_fire,action,जब आप ऊर्जा से भरपूर हों तो सबसे महत्वपूर्ण कार्य पहले निपटा लें।,1
overall_B_hwa_ex_fire,state,"जुनून जीवित रहता है और संतुलन बना रहता है, जिससे दिन स्थिर रहता है, और स्पष्ट ऊर्जा प्रकाश जीवन शक्ति जोड़ती है, जिससे एक सहज प्रवाह बनता है।",1
overall_B_hwa_ex_water,intro,यह प्रेरित होने के लिए एक अच्छा दिन है क्योंकि आपकी समग्र ऊर्जा औसत से ऊपर बनी हुई है।,1
overall_B_hwa_ex_water,effect,पर्याप्त ऊर्जा विभिन्न क्षेत्रों में संतुलित परिणाम देती है।,1
overall_B_hwa_ex_water,action,जब आप ऊर्जा से भरपूर हों तो सबसे महत्वपूर्ण कार्य पहले निपटा लें।,1
overall_B_hwa_ex_water,state,"जुनून जीवित रहता है और संतुलन बना रहता है, जिससे एक स्थिर दिन होता है, और नम ऊर्जा भावनाओं में एक शांत, लंबे समय तक रहने वाली अनुभूति जोड़ती है।",1
overall_B_hwa_ex_wood,intro,यह प्रेरित होने के लिए एक अच्छा दिन है क्योंकि आपकी समग्र ऊर्जा औसत से ऊपर बनी हुई है।,1
overall_B_hwa_ex_wood,effect,पर्याप्त ऊर्जा विभिन्न क्षेत्रों में संतुलित परिणाम देती है।,1
overall_B_hwa_ex_wood,action,जब आप ऊर्जा से भरपूर हों तो सबसे महत्वपूर्ण कार्य पहले निपटा लें।,1
overall_B_hwa_ex_wood,state,"जुनून जीवंत और संतुलित है, जो एक स्थिर दिन की ओर ले जाता है, और परिवर्तन की थोड़ी सी ऊर्जा उचित उत्तेजना जोड़ती है।",1
overall_B_mok_df_earth,intro,यह एक ऐसा दिन है जब व्यापक विकास ऊर्जा सक्रिय रूप से संचालित होती है और समग्र विकास होता है।,1
overall_B_mok_df_earth,effect,"विकास ऊर्जा विभिन्न क्षेत्रों में काम कर रही है, जिससे समग्र रूप से ऊपर की ओर रुझान बढ़ रहा है।",1
overall_B_mok_df_earth,action,सक्रिय रूप से विकास के अवसरों का लाभ उठाकर अपनी प्रगति जारी रखें।,1
overall_B_mok_df_earth,state,"यहां तक कि अगर आप नई चीजों को आजमाने में सतर्क रहते हैं, तो भी आपका दैनिक जीवन स्थिर रूप से चलता है, और बादल वाली ऊर्जा शांत वातावरण में जुड़ जाती है, जिससे शांति का एहसास होता है।",1
overall_B_mok_df_fire,intro,यह एक ऐसा दिन है जब व्यापक विकास ऊर्जा सक्रिय रूप से संचालित होती है और समग्र विकास होता है।,1
overall_B_mok_df_fire,effect,"विकास ऊर्जा विभिन्न क्षेत्रों में काम कर रही है, जिससे समग्र रूप से ऊपर की ओर रुझान बढ़ रहा है।",1
overall_B_mok_df_fire,action,सक्रिय रूप से विकास के अवसरों का लाभ उठाकर अपनी प्रगति जारी रखें।,1
overall_B_mok_df_fire,state,"भले ही आप नई चीजें आज़माते समय सतर्क रहें, आपका दैनिक जीवन स्थिर रूप से प्रवाहित होता है, और स्पष्ट ऊर्जा प्रकाश जीवन शक्ति जोड़ती है, जिससे एक सहज प्रवाह बनता है।",1
overall_B_mok_df_water,intro,यह एक ऐसा दिन है जब व्यापक विकास ऊर्जा सक्रिय रूप से संचालित होती है और समग्र विकास होता है।,1
overall_B_mok_df_water,effect,"विकास ऊर्जा विभिन्न क्षेत्रों में काम कर रही है, जिससे समग्र रूप से ऊपर की ओर रुझान बढ़ रहा है।",1
overall_B_mok_df_water,action,सक्रिय रूप से विकास के अवसरों का लाभ उठाकर अपनी प्रगति जारी रखें।,1
overall_B_mok_df_water,state,"भले ही आप नई चीजों को आजमाने में सतर्क हों, आपका दैनिक जीवन स्थिर रूप से प्रवाहित होता है और नम ऊर्जा आपकी भावनाओं में एक शांत और लंबे समय तक रहने वाली अनुभूति जोड़ती है।",1
overall_B_mok_df_wood,intro,यह एक ऐसा दिन है जब व्यापक विकास ऊर्जा सक्रिय रूप से संचालित होती है और समग्र विकास होता है।,1
overall_B_mok_df_wood,effect,"विकास ऊर्जा विभिन्न क्षेत्रों में काम कर रही है, जिससे समग्र रूप से ऊपर की ओर रुझान बढ़ रहा है।",1
overall_B_mok_df_wood,action,सक्रिय रूप से विकास के अवसरों का लाभ उठाकर अपनी प्रगति जारी रखें।,1
overall_B_mok_df_wood,state,"भले ही आप नई चीजों को आजमाने में सतर्क हों, आपका दैनिक जीवन स्थिर रूप से चलता है और परिवर्तन की थोड़ी सी ऊर्जा उचित उत्तेजना जोड़ती है।",1
overall_B_mok_ex_earth,intro,यह एक ऐसा दिन है जब व्यापक विकास ऊर्जा सक्रिय रूप से संचालित होती है और समग्र विकास होता है।,1
overall_B_mok_ex_earth,effect,"विकास ऊर्जा विभिन्न क्षेत्रों में काम कर रही है, जिससे समग्र रूप से ऊपर की ओर रुझान बढ़ रहा है।",1
overall_B_mok_ex_earth,action,सक्रिय रूप से विकास के अवसरों का लाभ उठाकर अपनी प्रगति जारी रखें।,1
overall_B_mok_ex_earth,state,"स्थिर प्रेरणा कदम-दर-कदम प्रगति करती है, और बादल भरी ऊर्जा शांत वातावरण में जुड़ जाती है, जिससे शांति मिलती है।",1
overall_B_mok_ex_fire,intro,यह एक ऐसा दिन है जब व्यापक विकास ऊर्जा सक्रिय रूप से संचालित होती है और समग्र विकास होता है।,1
overall_B_mok_ex_fire,effect,"विकास ऊर्जा विभिन्न क्षेत्रों में काम कर रही है, जिससे समग्र रूप से ऊपर की ओर रुझान बढ़ रहा है।",1
overall_B_mok_ex_fire,action,सक्रिय रूप से विकास के अवसरों का लाभ उठाकर अपनी प्रगति जारी रखें।,1
overall_B_mok_ex_fire,state,"स्थिर प्रेरणा कदम दर कदम प्रगति करती है, और स्पष्ट ऊर्जा प्रकाश जीवन शक्ति जोड़ती है, जिससे एक सहज प्रवाह बनता है।",1
overall_B_mok_ex_water,intro,यह एक ऐसा दिन है जब व्यापक विकास ऊर्जा सक्रिय रूप से संचालित होती है और समग्र विकास होता है।,1
overall_B_mok_ex_water,effect,"विकास ऊर्जा विभिन्न क्षेत्रों में काम कर रही है, जिससे समग्र रूप से ऊपर की ओर रुझान बढ़ रहा है।",1
overall_B_mok_ex_water,action,सक्रिय रूप से विकास के अवसरों का लाभ उठाकर अपनी प्रगति जारी रखें।,1
overall_B_mok_ex_water,state,"स्थिर प्रेरणा कदम-दर-कदम प्रगति करती है, और नम ऊर्जा भावनाओं में एक शांत दीर्घकालिक एहसास जोड़ती है।",1
overall_B_mok_ex_wood,intro,यह एक ऐसा दिन है जब व्यापक विकास ऊर्जा सक्रिय रूप से संचालित होती है और समग्र विकास होता है।,1
overall_B_mok_ex_wood,effect,"विकास ऊर्जा विभिन्न क्षेत्रों में काम कर रही है, जिससे समग्र रूप से ऊपर की ओर रुझान बढ़ रहा है।",1
overall_B_mok_ex_wood,action,सक्रिय रूप से विकास के अवसरों का लाभ उठाकर अपनी प्रगति जारी रखें।,1
overall_B_mok_ex_wood,state,"स्थिर प्रेरणा कदम दर कदम सामान्य प्रगति करती है, और परिवर्तन की कमजोर ऊर्जा उचित उत्तेजना जोड़ती है।",1
overall_B_su_df_earth,intro,"समग्र प्रवाह स्थिर है, जिससे दिन समान रूप से अच्छा दिन बन जाता है।",1
overall_B_su_df_earth,effect,एक सहज प्रवाह सभी गतिविधियों को सुचारू रूप से जोड़ता है।,1
overall_B_su_df_earth,action,"यदि आप प्रवाह के साथ चलते हैं और योजना के अनुसार आगे बढ़ते हैं, तो आप अपने इच्छित परिणाम प्राप्त कर सकते हैं।",1
overall_B_su_df_earth,state,"यद्यपि लचीलेपन में कुछ हद तक कमी है, मूल लय को बिना किसी कठिनाई के बनाए रखा जाता है, और बादल वाली ऊर्जा एक शांत वातावरण जोड़ती है, जिससे शांति का एहसास होता है।",1
overall_B_su_df_fire,intro,"समग्र प्रवाह स्थिर है, जिससे दिन समान रूप से अच्छा दिन बन जाता है।",1
overall_B_su_df_fire,effect,एक सहज प्रवाह सभी गतिविधियों को सुचारू रूप से जोड़ता है।,1
overall_B_su_df_fire,action,"यदि आप प्रवाह के साथ चलते हैं और योजना के अनुसार आगे बढ़ते हैं, तो आप अपने इच्छित परिणाम प्राप्त कर सकते हैं।",1
overall_B_su_df_fire,state,"यद्यपि लचीलेपन में कुछ हद तक कमी है, मूल लय को बिना किसी कठिनाई के बनाए रखा जाता है, और स्पष्ट ऊर्जा प्रकाश जीवन शक्ति जोड़ती है, जिससे एक सहज प्रवाह बनता है।",1
overall_B_su_df_water,intro,"समग्र प्रवाह स्थिर है, जिससे दिन समान रूप से अच्छा दिन बन जाता है।",1
overall_B_su_df_water,effect,एक सहज प्रवाह सभी गतिविधियों को सुचारू रूप से जोड़ता है।,1
overall_B_su_df_water,action,"यदि आप प्रवाह के साथ चलते हैं और योजना के अनुसार आगे बढ़ते हैं, तो आप अपने इच्छित परिणाम प्राप्त कर सकते हैं।",1
overall_B_su_df_water,state,"हालाँकि इसमें लचीलेपन की कमी है, लेकिन मूल लय बिना किसी कठिनाई के बनी रहती है, और नम ऊर्जा भावनाओं में एक शांत, लंबे समय तक रहने वाली अनुभूति जोड़ती है।",1
overall_B_su_df_wood,intro,"समग्र प्रवाह स्थिर है, जिससे दिन समान रूप से अच्छा दिन बन जाता है।",1
overall_B_su_df_wood,effect,एक सहज प्रवाह सभी गतिविधियों को सुचारू रूप से जोड़ता है।,1
overall_B_su_df_wood,action,"यदि आप प्रवाह के साथ चलते हैं और योजना के अनुसार आगे बढ़ते हैं, तो आप अपने इच्छित परिणाम प्राप्त कर सकते हैं।",1
overall_B_su_df_wood,state,"यद्यपि लचीलेपन में कुछ हद तक कमी है, मूल लय बिना किसी कठिनाई के बनाए रखी जाती है, और परिवर्तन की थोड़ी सी ऊर्जा उचित उत्तेजना जोड़ती है।",1
overall_B_su_ex_earth,intro,"समग्र प्रवाह स्थिर है, जिससे दिन समान रूप से अच्छा दिन बन जाता है।",1
overall_B_su_ex_earth,effect,एक सहज प्रवाह सभी गतिविधियों को सुचारू रूप से जोड़ता है।,1
overall_B_su_ex_earth,action,"यदि आप प्रवाह के साथ चलते हैं और योजना के अनुसार आगे बढ़ते हैं, तो आप अपने इच्छित परिणाम प्राप्त कर सकते हैं।",1
overall_B_su_ex_earth,state,"दिन भावनाओं से भरा होता है, जिससे यह सामान्य से अधिक ध्यान देने वाला दिन बन जाता है, और बादल भरी ऊर्जा एक शांत वातावरण जोड़ती है, जिससे शांति का एहसास होता है।",1
overall_B_su_ex_fire,intro,"समग्र प्रवाह स्थिर है, जिससे दिन समान रूप से अच्छा दिन बन जाता है।",1
overall_B_su_ex_fire,effect,एक सहज प्रवाह सभी गतिविधियों को सुचारू रूप से जोड़ता है।,1
overall_B_su_ex_fire,action,"यदि आप प्रवाह के साथ चलते हैं और योजना के अनुसार आगे बढ़ते हैं, तो आप अपने इच्छित परिणाम प्राप्त कर सकते हैं।",1
overall_B_su_ex_fire,state,"दिन भावनाओं से भरपूर है, जो इसे सामान्य से अधिक ध्यानपूर्ण दिन बनाता है, और स्पष्ट ऊर्जा प्रकाश जीवन शक्ति जोड़ती है, जिससे एक सहज प्रवाह बनता है।",1
overall_B_su_ex_water,intro,"समग्र प्रवाह स्थिर है, जिससे दिन समान रूप से अच्छा दिन बन जाता है।",1
overall_B_su_ex_water,effect,एक सहज प्रवाह सभी गतिविधियों को सुचारू रूप से जोड़ता है।,1
overall_B_su_ex_water,action,"यदि आप प्रवाह के साथ चलते हैं और योजना के अनुसार आगे बढ़ते हैं, तो आप अपने इच्छित परिणाम प्राप्त कर सकते हैं।",1
overall_B_su_ex_water,state,"दिन भावनाओं से भरा है, जो आपको सामान्य से अधिक चौकस बनाता है, और नम ऊर्जा आपकी भावनाओं में एक शांत स्वाद जोड़ती है।",1
overall_B_su_ex_wood,intro,"समग्र प्रवाह स्थिर है, जिससे दिन समान रूप से अच्छा दिन बन जाता है।",1
overall_B_su_ex_wood,effect,एक सहज प्रवाह सभी गतिविधियों को सुचारू रूप से जोड़ता है।,1
overall_B_su_ex_wood,action,"यदि आप प्रवाह के साथ चलते हैं और योजना के अनुसार आगे बढ़ते हैं, तो आप अपने इच्छित परिणाम प्राप्त कर सकते हैं।",1
overall_B_su_ex_wood,state,"दिन भावनाओं से भरा है, जो इसे सामान्य से अधिक ध्यान देने वाला दिन बनाता है, और परिवर्तन की थोड़ी सी ऊर्जा उचित उत्तेजना जोड़ती है।",1
overall_B_to_df_earth,intro,यह एक ऐसा दिन है जब समग्र स्थिरता बनी रहती है और आप मन की शांति के साथ दिन बिता सकते हैं।,1
overall_B_to_df_earth,effect,स्थिर समग्र भाग्य अनावश्यक गलतियों को कम करता है और प्रदर्शन को बढ़ाता है।,1
overall_B_to_df_earth,action,स्थिरता की अपनी वर्तमान भावना को बनाए रखें और लगातार आगे बढ़ें।,1
overall_B_to_df_earth,state,"भले ही गुरुत्वाकर्षण का केंद्र कुछ हद तक हिल गया हो, दैनिक जीवन का संतुलन बिना किसी परेशानी के बना रहता है, और बादल वाली ऊर्जा शांत वातावरण में जुड़ जाती है, जिससे शांति का एहसास होता है।",1
overall_B_to_df_fire,intro,यह एक ऐसा दिन है जब समग्र स्थिरता बनी रहती है और आप मन की शांति के साथ दिन बिता सकते हैं।,1
overall_B_to_df_fire,effect,स्थिर समग्र भाग्य अनावश्यक गलतियों को कम करता है और प्रदर्शन को बढ़ाता है।,1
overall_B_to_df_fire,action,स्थिरता की अपनी वर्तमान भावना को बनाए रखें और लगातार आगे बढ़ें।,1
overall_B_to_df_fire,state,"भले ही गुरुत्वाकर्षण का केंद्र कुछ हद तक हिल गया हो, दैनिक जीवन का संतुलन बिना किसी परेशानी के बनाए रखा जाता है, और स्पष्ट ऊर्जा प्रकाश जीवन शक्ति जोड़ती है, जिससे एक सहज प्रवाह बनता है।",1
overall_B_to_df_water,intro,यह एक ऐसा दिन है जब समग्र स्थिरता बनी रहती है और आप मन की शांति के साथ दिन बिता सकते हैं।,1
overall_B_to_df_water,effect,स्थिर समग्र भाग्य अनावश्यक गलतियों को कम करता है और प्रदर्शन को बढ़ाता है।,1
overall_B_to_df_water,action,स्थिरता की अपनी वर्तमान भावना को बनाए रखें और लगातार आगे बढ़ें।,1
overall_B_to_df_water,state,"भले ही आपके गुरुत्वाकर्षण का केंद्र कुछ हद तक हिल गया हो, आपके दैनिक जीवन का संतुलन बिना किसी परेशानी के बना रहता है, और नम ऊर्जा आपकी भावनाओं में एक शांत और लंबे समय तक रहने वाली भावना जोड़ती है।",1
overall_B_to_df_wood,intro,यह एक ऐसा दिन है जब समग्र स्थिरता बनी रहती है और आप मन की शांति के साथ दिन बिता सकते हैं।,1
overall_B_to_df_wood,effect,स्थिर समग्र भाग्य अनावश्यक गलतियों को कम करता है और प्रदर्शन को बढ़ाता है।,1
overall_B_to_df_wood,action,स्थिरता की अपनी वर्तमान भावना को बनाए रखें और लगातार आगे बढ़ें।,1
overall_B_to_df_wood,state,"भले ही केंद्र कुछ हद तक हिल गया हो, दैनिक जीवन का संतुलन बिना किसी परेशानी के बना रहता है, और परिवर्तन की थोड़ी सी ऊर्जा उचित उत्तेजना जोड़ती है।",1
overall_B_to_ex_earth,intro,यह एक ऐसा दिन है जब समग्र स्थिरता बनी रहती है और आप मन की शांति के साथ दिन बिता सकते हैं।,1
overall_B_to_ex_earth,effect,स्थिर समग्र भाग्य अनावश्यक गलतियों को कम करता है और प्रदर्शन को बढ़ाता है।,1
overall_B_to_ex_earth,action,स्थिरता की अपनी वर्तमान भावना को बनाए रखें और लगातार आगे बढ़ें।,1
overall_B_to_ex_earth,state,"इसमें स्थिरता की ओर एक मजबूत प्रवृत्ति होती है, इसलिए यह बिना किसी समस्या के एक शांत दिन में जारी रहता है, और बादल वाली ऊर्जा शांत वातावरण में जुड़ जाती है, जिससे शांति बनी रहती है।",1
overall_B_to_ex_fire,intro,यह एक ऐसा दिन है जब समग्र स्थिरता बनी रहती है और आप मन की शांति के साथ दिन बिता सकते हैं।,1
overall_B_to_ex_fire,effect,स्थिर समग्र भाग्य अनावश्यक गलतियों को कम करता है और प्रदर्शन को बढ़ाता है।,1
overall_B_to_ex_fire,action,स्थिरता की अपनी वर्तमान भावना को बनाए रखें और लगातार आगे बढ़ें।,1
overall_B_to_ex_fire,state,"इसमें स्थिरता की ओर एक मजबूत प्रवृत्ति होती है, इसलिए यह एक शांत दिन में भी सुचारू रूप से जारी रहती है, और स्पष्ट ऊर्जा प्रकाश जीवन शक्ति जोड़ती है, जिससे एक सहज प्रवाह बनता है।",1
overall_B_to_ex_water,intro,यह एक ऐसा दिन है जब समग्र स्थिरता बनी रहती है और आप मन की शांति के साथ दिन बिता सकते हैं।,1
overall_B_to_ex_water,effect,स्थिर समग्र भाग्य अनावश्यक गलतियों को कम करता है और प्रदर्शन को बढ़ाता है।,1
overall_B_to_ex_water,action,स्थिरता की अपनी वर्तमान भावना को बनाए रखें और लगातार आगे बढ़ें।,1
overall_B_to_ex_water,state,"इसकी एक मजबूत स्थिरता-उन्मुख प्रकृति है, इसलिए यह आसानी से एक शांत दिन का नेतृत्व कर सकती है, और नम ऊर्जा भावनाओं में एक शांत स्वाद जोड़ती है।",1
overall_B_to_ex_wood,intro,यह एक ऐसा दिन है जब समग्र स्थिरता बनी रहती है और आप मन की शांति के साथ दिन बिता सकते हैं।,1
overall_B_to_ex_wood,effect,स्थिर समग्र भाग्य अनावश्यक गलतियों को कम करता है और प्रदर्शन को बढ़ाता है।,1
overall_B_to_ex_wood,action,स्थिरता की अपनी वर्तमान भावना को बनाए रखें और लगातार आगे बढ़ें।,1
overall_B_to_ex_wood,state,"स्थिरता-अभिविन्यास मजबूत है, इसलिए यह एक शांत दिन में भी सुचारू रूप से जारी रहता है, और परिवर्तन की थोड़ी सी ऊर्जा उचित उत्तेजना जोड़ती है।",1
overall_B1,intro,"आज अगर आपमें औसत से अधिक ऊर्जा है और आप लगातार आगे बढ़ते हैं, तो यह फायदेमंद रहेगा।",1
overall_B1,intro,"आज, समग्र प्रवाह सुचारू और स्थिर रूप से जारी है।",1
overall_B1,effect,"यह एक ऐसा दिन है जहां यदि आप ध्यान केंद्रित करते हैं और आगे बढ़ते हैं, तो आप अपने इच्छित परिणामों के करीब पहुंच जाएंगे।",1
overall_B1,effect,दिन बिना किसी बड़े परिवर्तन के धीरे-धीरे बीतता है और योजनाबद्ध कार्य शांति से संपन्न होते हैं।,1
overall_B1,action,"यह कोई बुरा दिन नहीं है, इसलिए ज़रूरी काम आज ही निपटा लें।",1
overall_B1,action,"यदि आप बिना अति किए अपनी योजनाओं को एक-एक करके पूरा करते हैं, तो आपका दिन अच्छा रहेगा।",1
overall_B1_geum_df_earth,intro,"यह एक ऐसा दिन है जहां कुल मिलाकर भाग्य औसत है, लेकिन निराशा के कुछ क्षेत्र भी हैं।",1
overall_B1_geum_df_earth,effect,"भाग्य का समग्र प्रवाह कुछ हद तक ख़राब हो सकता है, और कुछ परिणाम उम्मीदों से कम हो सकते हैं।",1
overall_B1_geum_df_earth,action,महत्वपूर्ण गतिविधियों पर ध्यान दें और अनावश्यक प्रयास कम करें।,1
overall_B1_geum_df_earth,state,"हालाँकि मैं निर्णय लेने में धीमा हूँ, दिन बिना किसी हिचकिचाहट के चलता रहता है, और बादल भरी ऊर्जा मुझे आसान गति बनाए रखने में मदद करती है।",1
overall_B1_geum_df_fire,intro,"यह एक ऐसा दिन है जहां कुल मिलाकर भाग्य औसत है, लेकिन निराशा के कुछ क्षेत्र भी हैं।",1
overall_B1_geum_df_fire,effect,"भाग्य का समग्र प्रवाह कुछ हद तक ख़राब हो सकता है, और कुछ परिणाम उम्मीदों से कम हो सकते हैं।",1
overall_B1_geum_df_fire,action,महत्वपूर्ण गतिविधियों पर ध्यान दें और अनावश्यक प्रयास कम करें।,1
overall_B1_geum_df_fire,state,"हालाँकि मैं निर्णय लेने में धीमा हूँ, दिन बिना किसी हिचकिचाहट के बीतता है, और स्पष्ट ऊर्जा शांत जीवन शक्ति जोड़ती है, जिससे दिन सामान्य हो जाता है।",1
overall_B1_geum_df_water,intro,"यह एक ऐसा दिन है जहां कुल मिलाकर भाग्य औसत है, लेकिन निराशा के कुछ क्षेत्र भी हैं।",1
overall_B1_geum_df_water,effect,"भाग्य का समग्र प्रवाह कुछ हद तक ख़राब हो सकता है, और कुछ परिणाम उम्मीदों से कम हो सकते हैं।",1
overall_B1_geum_df_water,action,महत्वपूर्ण गतिविधियों पर ध्यान दें और अनावश्यक प्रयास कम करें।,1
overall_B1_geum_df_water,state,"हालाँकि मैं निर्णय लेने में धीमा हूँ, दिन बिना किसी हिचकिचाहट के बीतता है, और नम ऊर्जा मेरे विचारों को बढ़ाती है लेकिन ज्यादा हलचल पैदा नहीं करती है।",1
overall_B1_geum_df_wood,intro,"यह एक ऐसा दिन है जहां कुल मिलाकर भाग्य औसत है, लेकिन निराशा के कुछ क्षेत्र भी हैं।",1
overall_B1_geum_df_wood,effect,"भाग्य का समग्र प्रवाह कुछ हद तक ख़राब हो सकता है, और कुछ परिणाम उम्मीदों से कम हो सकते हैं।",1
overall_B1_geum_df_wood,action,महत्वपूर्ण गतिविधियों पर ध्यान दें और अनावश्यक प्रयास कम करें।,1
overall_B1_geum_df_wood,state,"निर्णय धीमा हो सकता है, लेकिन दिन बिना किसी हिचकिचाहट के चलता रहता है, और परिवर्तन की शांत ऊर्जा सामान्य प्रवाह को केवल थोड़ा सा हिलाती है।",1
overall_B1_geum_ex_earth,intro,"यह एक ऐसा दिन है जहां कुल मिलाकर भाग्य औसत है, लेकिन निराशा के कुछ क्षेत्र भी हैं।",1
overall_B1_geum_ex_earth,effect,"भाग्य का समग्र प्रवाह कुछ हद तक ख़राब हो सकता है, और कुछ परिणाम उम्मीदों से कम हो सकते हैं।",1
overall_B1_geum_ex_earth,action,महत्वपूर्ण गतिविधियों पर ध्यान दें और अनावश्यक प्रयास कम करें।,1
overall_B1_geum_ex_earth,state,"निर्णय स्पष्ट है, लेकिन यह एक औसत परिणाम के साथ समाप्त होता है, और बादल वाली ऊर्जा एक सभ्य गति बनाए रखने में मदद करती है।",1
overall_B1_geum_ex_fire,intro,"यह एक ऐसा दिन है जहां कुल मिलाकर भाग्य औसत है, लेकिन निराशा के कुछ क्षेत्र भी हैं।",1
overall_B1_geum_ex_fire,effect,"भाग्य का समग्र प्रवाह कुछ हद तक ख़राब हो सकता है, और कुछ परिणाम उम्मीदों से कम हो सकते हैं।",1
overall_B1_geum_ex_fire,action,महत्वपूर्ण गतिविधियों पर ध्यान दें और अनावश्यक प्रयास कम करें।,1
overall_B1_geum_ex_fire,state,"निर्णय स्पष्ट है, लेकिन यह एक सामान्य परिणाम के साथ समाप्त होता है, और स्पष्ट ऊर्जा शांत जीवन शक्ति जोड़ती है और सामान्य दिन को जारी रखती है।",1
overall_B1_geum_ex_water,intro,"यह एक ऐसा दिन है जहां कुल मिलाकर भाग्य औसत है, लेकिन निराशा के कुछ क्षेत्र भी हैं।",1
overall_B1_geum_ex_water,effect,"भाग्य का समग्र प्रवाह कुछ हद तक ख़राब हो सकता है, और कुछ परिणाम उम्मीदों से कम हो सकते हैं।",1
overall_B1_geum_ex_water,action,महत्वपूर्ण गतिविधियों पर ध्यान दें और अनावश्यक प्रयास कम करें।,1
overall_B1_geum_ex_water,state,"निर्णय स्पष्ट है लेकिन एक साधारण परिणाम के साथ समाप्त होता है, और नम ऊर्जा विचारों को बढ़ाती है लेकिन ज्यादा उत्तेजना पैदा नहीं करती है।",1
overall_B1_geum_ex_wood,intro,"यह एक ऐसा दिन है जहां कुल मिलाकर भाग्य औसत है, लेकिन निराशा के कुछ क्षेत्र भी हैं।",1
overall_B1_geum_ex_wood,effect,"भाग्य का समग्र प्रवाह कुछ हद तक ख़राब हो सकता है, और कुछ परिणाम उम्मीदों से कम हो सकते हैं।",1
overall_B1_geum_ex_wood,action,महत्वपूर्ण गतिविधियों पर ध्यान दें और अनावश्यक प्रयास कम करें।,1
overall_B1_geum_ex_wood,state,"निर्णय स्पष्ट है, लेकिन यह एक औसत परिणाम के साथ समाप्त होता है, और परिवर्तन की शांत ऊर्जा सामान्य प्रवाह को थोड़ा सा हिलाने के अलावा और कुछ नहीं करती है।",1
overall_B1_hwa_df_earth,intro,आपकी समग्र ऊर्जा औसत से कम हो सकती है और आपका दिन सुस्ती भरा लग सकता है।,1
overall_B1_hwa_df_earth,effect,ऊर्जा की कमी एक साथ कई क्षेत्रों में प्रदर्शन को कम कर देती है।,1
overall_B1_hwa_df_earth,action,अपनी प्राथमिकताएँ निर्धारित करें और उस चीज़ पर ध्यान केंद्रित करें जो सबसे अधिक मायने रखती है।,1
overall_B1_hwa_df_earth,state,"हालाँकि बहुत कम अभिव्यक्ति होती है, लेकिन रिश्ता बहुत अधिक नहीं हिलता है, और धुंधली ऊर्जा एक आसान गति बनाए रखने में मदद करती है।",1
overall_B1_hwa_df_fire,intro,आपकी समग्र ऊर्जा औसत से कम हो सकती है और आपका दिन सुस्ती भरा लग सकता है।,1
overall_B1_hwa_df_fire,effect,ऊर्जा की कमी एक साथ कई क्षेत्रों में प्रदर्शन को कम कर देती है।,1
overall_B1_hwa_df_fire,action,अपनी प्राथमिकताएँ निर्धारित करें और उस चीज़ पर ध्यान केंद्रित करें जो सबसे अधिक मायने रखती है।,1
overall_B1_hwa_df_fire,state,"हालाँकि कुछ अभिव्यक्तियाँ हैं, रिश्ता बहुत अधिक नहीं हिला है, और स्पष्ट ऊर्जा शांत जीवन शक्ति जोड़ती है और एक सामान्य दिन जारी रखती है।",1
overall_B1_hwa_df_water,intro,आपकी समग्र ऊर्जा औसत से कम हो सकती है और आपका दिन सुस्ती भरा लग सकता है।,1
overall_B1_hwa_df_water,effect,ऊर्जा की कमी एक साथ कई क्षेत्रों में प्रदर्शन को कम कर देती है।,1
overall_B1_hwa_df_water,action,अपनी प्राथमिकताएँ निर्धारित करें और उस चीज़ पर ध्यान केंद्रित करें जो सबसे अधिक मायने रखती है।,1
overall_B1_hwa_df_water,state,"हालाँकि कुछ अभिव्यक्तियाँ हैं, रिश्ते बहुत अधिक हिलते नहीं हैं, और नम ऊर्जा विचारों को बढ़ाती है, लेकिन बहुत अधिक हलचल पैदा नहीं करती है।",1
overall_B1_hwa_df_wood,intro,आपकी समग्र ऊर्जा औसत से कम हो सकती है और आपका दिन सुस्ती भरा लग सकता है।,1
overall_B1_hwa_df_wood,effect,ऊर्जा की कमी एक साथ कई क्षेत्रों में प्रदर्शन को कम कर देती है।,1
overall_B1_hwa_df_wood,action,अपनी प्राथमिकताएँ निर्धारित करें और उस चीज़ पर ध्यान केंद्रित करें जो सबसे अधिक मायने रखती है।,1
overall_B1_hwa_df_wood,state,"यद्यपि बहुत कम अभिव्यक्ति है, संबंध बहुत अधिक नहीं हिला है, और परिवर्तन की शांत ऊर्जा केवल सामान्य प्रवाह को थोड़ा हिलाने के लिए पर्याप्त है।",1
overall_B1_hwa_ex_earth,intro,आपकी समग्र ऊर्जा औसत से कम हो सकती है और आपका दिन सुस्ती भरा लग सकता है।,1
overall_B1_hwa_ex_earth,effect,ऊर्जा की कमी एक साथ कई क्षेत्रों में प्रदर्शन को कम कर देती है।,1
overall_B1_hwa_ex_earth,action,अपनी प्राथमिकताएँ निर्धारित करें और उस चीज़ पर ध्यान केंद्रित करें जो सबसे अधिक मायने रखती है।,1
overall_B1_hwa_ex_earth,state,"मध्यम गर्मी एक सहज दिन बनाती है, और बादल वाली ऊर्जा आपको एक आसान गति बनाए रखने में मदद करती है।",1
overall_B1_hwa_ex_fire,intro,आपकी समग्र ऊर्जा औसत से कम हो सकती है और आपका दिन सुस्ती भरा लग सकता है।,1
overall_B1_hwa_ex_fire,effect,ऊर्जा की कमी एक साथ कई क्षेत्रों में प्रदर्शन को कम कर देती है।,1
overall_B1_hwa_ex_fire,action,अपनी प्राथमिकताएँ निर्धारित करें और उस चीज़ पर ध्यान केंद्रित करें जो सबसे अधिक मायने रखती है।,1
overall_B1_hwa_ex_fire,state,"मध्यम गर्मी एक सहज दिन बनाती है, और स्पष्ट ऊर्जा शांत जीवन शक्ति जोड़ती है और सामान्य दिन को जारी रखती है।",1
overall_B1_hwa_ex_water,intro,आपकी समग्र ऊर्जा औसत से कम हो सकती है और आपका दिन सुस्ती भरा लग सकता है।,1
overall_B1_hwa_ex_water,effect,ऊर्जा की कमी एक साथ कई क्षेत्रों में प्रदर्शन को कम कर देती है।,1
overall_B1_hwa_ex_water,action,अपनी प्राथमिकताएँ निर्धारित करें और उस चीज़ पर ध्यान केंद्रित करें जो सबसे अधिक मायने रखती है।,1
overall_B1_hwa_ex_water,state,"मध्यम गर्मी एक सुहाना दिन बनाती है, और नम ऊर्जा आपके विचारों को बढ़ाती है लेकिन ज्यादा उत्तेजना पैदा नहीं करती है।",1
overall_B1_hwa_ex_wood,intro,आपकी समग्र ऊर्जा औसत से कम हो सकती है और आपका दिन सुस्ती भरा लग सकता है।,1
overall_B1_hwa_ex_wood,effect,ऊर्जा की कमी एक साथ कई क्षेत्रों में प्रदर्शन को कम कर देती है।,1
overall_B1_hwa_ex_wood,action,अपनी प्राथमिकताएँ निर्धारित करें और उस चीज़ पर ध्यान केंद्रित करें जो सबसे अधिक मायने रखती है।,1
overall_B1_hwa_ex_wood,state,"मध्यम गर्मी एक सहज दिन बनाती है, और परिवर्तन की शांत ऊर्जा सामान्य प्रवाह को थोड़ा सा हिलाने के अलावा और कुछ नहीं करती है।",1
overall_B1_mok_df_earth,intro,यह एक ऐसा दिन है जब समग्र विकास ऊर्जा कुछ हद तक कमजोर हो जाती है और प्रगति धीमी महसूस होती है।,1
overall_B1_mok_df_earth,effect,"समग्र विकास रुक गया है, जिससे कई क्षेत्रों में निराशा पैदा हो गई है।",1
overall_B1_mok_df_earth,action,सबसे व्यावहारिक चीज़ों पर ध्यान केंद्रित करें जो आप अभी कर सकते हैं।,1
overall_B1_mok_df_earth,state,"यह नए की तुलना में अधिक परिचित रहता है, लेकिन प्रवाह निर्बाध है और बादलदार ऊर्जा आपको आसान गति बनाए रखने में मदद करती है।",1
overall_B1_mok_df_fire,intro,यह एक ऐसा दिन है जब समग्र विकास ऊर्जा कुछ हद तक कमजोर हो जाती है और प्रगति धीमी महसूस होती है।,1
overall_B1_mok_df_fire,effect,"समग्र विकास रुक गया है, जिससे कई क्षेत्रों में निराशा पैदा हो गई है।",1
overall_B1_mok_df_fire,action,सबसे व्यावहारिक चीज़ों पर ध्यान केंद्रित करें जो आप अभी कर सकते हैं।,1
overall_B1_mok_df_fire,state,"यद्यपि यह नए के बजाय परिचित बना हुआ है, प्रवाह निर्बाध है और स्पष्ट ऊर्जा शांत जीवन शक्ति जोड़ती है और सामान्य दिन को जारी रखती है।",1
overall_B1_mok_df_water,intro,यह एक ऐसा दिन है जब समग्र विकास ऊर्जा कुछ हद तक कमजोर हो जाती है और प्रगति धीमी महसूस होती है।,1
overall_B1_mok_df_water,effect,"समग्र विकास रुक गया है, जिससे कई क्षेत्रों में निराशा पैदा हो गई है।",1
overall_B1_mok_df_water,action,सबसे व्यावहारिक चीज़ों पर ध्यान केंद्रित करें जो आप अभी कर सकते हैं।,1
overall_B1_mok_df_water,state,"यद्यपि यह उपन्यास के बजाय परिचित रहता है, प्रवाह निर्बाध है और नम ऊर्जा विचारों को बढ़ाती है लेकिन ज्यादा हलचल पैदा नहीं करती है।",1
overall_B1_mok_df_wood,intro,यह एक ऐसा दिन है जब समग्र विकास ऊर्जा कुछ हद तक कमजोर हो जाती है और प्रगति धीमी महसूस होती है।,1
overall_B1_mok_df_wood,effect,"समग्र विकास रुक गया है, जिससे कई क्षेत्रों में निराशा पैदा हो गई है।",1
overall_B1_mok_df_wood,action,सबसे व्यावहारिक चीज़ों पर ध्यान केंद्रित करें जो आप अभी कर सकते हैं।,1
overall_B1_mok_df_wood,state,"हालाँकि यह नए की तुलना में अधिक परिचित है, प्रवाह निर्बाध है और परिवर्तन की शांत ऊर्जा सामान्य प्रवाह को केवल थोड़ा सा हिलाती है।",1
overall_B1_mok_ex_earth,intro,यह एक ऐसा दिन है जब समग्र विकास ऊर्जा कुछ हद तक कमजोर हो जाती है और प्रगति धीमी महसूस होती है।,1
overall_B1_mok_ex_earth,effect,"समग्र विकास रुक गया है, जिससे कई क्षेत्रों में निराशा पैदा हो गई है।",1
overall_B1_mok_ex_earth,action,सबसे व्यावहारिक चीज़ों पर ध्यान केंद्रित करें जो आप अभी कर सकते हैं।,1
overall_B1_mok_ex_earth,state,"मैं प्रेरित हूं, लेकिन मेरी प्रेरक शक्ति औसत स्तर पर बनी हुई है, और बादल भरी ऊर्जा मुझे एक अच्छी गति बनाए रखने में मदद करती है।",1
overall_B1_mok_ex_fire,intro,यह एक ऐसा दिन है जब समग्र विकास ऊर्जा कुछ हद तक कमजोर हो जाती है और प्रगति धीमी महसूस होती है।,1
overall_B1_mok_ex_fire,effect,"समग्र विकास रुक गया है, जिससे कई क्षेत्रों में निराशा पैदा हो गई है।",1
overall_B1_mok_ex_fire,action,सबसे व्यावहारिक चीज़ों पर ध्यान केंद्रित करें जो आप अभी कर सकते हैं।,1
overall_B1_mok_ex_fire,state,"यद्यपि मैं प्रेरित हूं, मेरी प्रेरक शक्ति औसत स्तर पर बनी हुई है, और स्पष्ट ऊर्जा शांत जीवन शक्ति जोड़ती है और मेरे सामान्य दिन को जारी रखती है।",1
overall_B1_mok_ex_water,intro,यह एक ऐसा दिन है जब समग्र विकास ऊर्जा कुछ हद तक कमजोर हो जाती है और प्रगति धीमी महसूस होती है।,1
overall_B1_mok_ex_water,effect,"समग्र विकास रुक गया है, जिससे कई क्षेत्रों में निराशा पैदा हो गई है।",1
overall_B1_mok_ex_water,action,सबसे व्यावहारिक चीज़ों पर ध्यान केंद्रित करें जो आप अभी कर सकते हैं।,1
overall_B1_mok_ex_water,state,"प्रेरणा होती है, लेकिन प्रेरक शक्ति सामान्य स्तर पर रहती है, और नम ऊर्जा विचारों को बढ़ाती है, लेकिन ज्यादा उत्तेजना पैदा नहीं करती है।",1
overall_B1_mok_ex_wood,intro,यह एक ऐसा दिन है जब समग्र विकास ऊर्जा कुछ हद तक कमजोर हो जाती है और प्रगति धीमी महसूस होती है।,1
overall_B1_mok_ex_wood,effect,"समग्र विकास रुक गया है, जिससे कई क्षेत्रों में निराशा पैदा हो गई है।",1
overall_B1_mok_ex_wood,action,सबसे व्यावहारिक चीज़ों पर ध्यान केंद्रित करें जो आप अभी कर सकते हैं।,1
overall_B1_mok_ex_wood,state,"प्रेरणा है, लेकिन प्रेरक शक्ति औसत स्तर पर बनी हुई है, और परिवर्तन की शांत ऊर्जा सामान्य प्रवाह को थोड़ा सा हिलाने के लिए पर्याप्त है।",1
overall_B1_su_df_earth,intro,यह एक ऐसा दिन है जब समग्र प्रवाह थोड़ा धीमा हो जाता है और चीजें इच्छानुसार नहीं होती हैं।,1
overall_B1_su_df_earth,effect,प्रवाह से विचलन कई क्षेत्रों में छोटे व्यवधानों के रूप में प्रकट होता है।,1
overall_B1_su_df_earth,action,अपनी योजना में लचीले रहें और प्रवाह के साथ चलें।,1
overall_B1_su_df_earth,state,"यद्यपि लचीलेपन में कमी आई है, प्रवाह में उल्लेखनीय रूप से रुकावट नहीं आई है, और बादल वाली ऊर्जा एक सभ्य गति बनाए रखने में मदद करती है।",1
overall_B1_su_df_fire,intro,यह एक ऐसा दिन है जब समग्र प्रवाह थोड़ा धीमा हो जाता है और चीजें इच्छानुसार नहीं होती हैं।,1
overall_B1_su_df_fire,effect,प्रवाह से विचलन कई क्षेत्रों में छोटे व्यवधानों के रूप में प्रकट होता है।,1
overall_B1_su_df_fire,action,अपनी योजना में लचीले रहें और प्रवाह के साथ चलें।,1
overall_B1_su_df_fire,state,"यद्यपि लचीलेपन में कमी आई है, प्रवाह में उल्लेखनीय रूप से बाधा नहीं आई है, और स्पष्ट ऊर्जा शांत जीवन शक्ति जोड़ती है और एक सामान्य दिन जारी रखती है।",1
overall_B1_su_df_water,intro,यह एक ऐसा दिन है जब समग्र प्रवाह थोड़ा धीमा हो जाता है और चीजें इच्छानुसार नहीं होती हैं।,1
overall_B1_su_df_water,effect,प्रवाह से विचलन कई क्षेत्रों में छोटे व्यवधानों के रूप में प्रकट होता है।,1
overall_B1_su_df_water,action,अपनी योजना में लचीले रहें और प्रवाह के साथ चलें।,1
overall_B1_su_df_water,state,"लचीलापन कम हो जाता है, लेकिन प्रवाह बहुत अधिक बाधित नहीं होता है, और नम ऊर्जा विचारों को बढ़ाती है, लेकिन अधिक उत्तेजना पैदा नहीं करती है।",1
overall_B1_su_df_wood,intro,यह एक ऐसा दिन है जब समग्र प्रवाह थोड़ा धीमा हो जाता है और चीजें इच्छानुसार नहीं होती हैं।,1
overall_B1_su_df_wood,effect,प्रवाह से विचलन कई क्षेत्रों में छोटे व्यवधानों के रूप में प्रकट होता है।,1
overall_B1_su_df_wood,action,अपनी योजना में लचीले रहें और प्रवाह के साथ चलें।,1
overall_B1_su_df_wood,state,"यद्यपि लचीलेपन में कमी आई है, प्रवाह में कोई विशेष बाधा नहीं आई है, और परिवर्तन की शांत ऊर्जा सामान्य प्रवाह को केवल थोड़ा सा हिलाती है।",1
overall_B1_su_ex_earth,intro,यह एक ऐसा दिन है जब समग्र प्रवाह थोड़ा धीमा हो जाता है और चीजें इच्छानुसार नहीं होती हैं।,1
overall_B1_su_ex_earth,effect,प्रवाह से विचलन कई क्षेत्रों में छोटे व्यवधानों के रूप में प्रकट होता है।,1
overall_B1_su_ex_earth,action,अपनी योजना में लचीले रहें और प्रवाह के साथ चलें।,1
overall_B1_su_ex_earth,state,"हालाँकि मेरे पास सोचने के लिए बहुत कुछ है, फिर भी दिन बिना किसी परेशानी के बीत जाता है, और बादल भरी ऊर्जा मुझे आसान गति बनाए रखने में मदद करती है।",1
overall_B1_su_ex_fire,intro,यह एक ऐसा दिन है जब समग्र प्रवाह थोड़ा धीमा हो जाता है और चीजें इच्छानुसार नहीं होती हैं।,1
overall_B1_su_ex_fire,effect,प्रवाह से विचलन कई क्षेत्रों में छोटे व्यवधानों के रूप में प्रकट होता है।,1
overall_B1_su_ex_fire,action,अपनी योजना में लचीले रहें और प्रवाह के साथ चलें।,1
overall_B1_su_ex_fire,state,"भले ही मेरे पास बहुत सारे विचार हैं, दिन बिना किसी परेशानी के बीत जाता है, और स्पष्ट ऊर्जा शांत जीवन शक्ति जोड़ती है और सामान्य दिन को जारी रखती है।",1
overall_B1_su_ex_water,intro,यह एक ऐसा दिन है जब समग्र प्रवाह थोड़ा धीमा हो जाता है और चीजें इच्छानुसार नहीं होती हैं।,1
overall_B1_su_ex_water,effect,प्रवाह से विचलन कई क्षेत्रों में छोटे व्यवधानों के रूप में प्रकट होता है।,1
overall_B1_su_ex_water,action,अपनी योजना में लचीले रहें और प्रवाह के साथ चलें।,1
overall_B1_su_ex_water,state,"भले ही आपके मन में बहुत सारे विचार हों, दिन बिना ज्यादा हलचल के बीत जाता है और नम ऊर्जा आपके विचारों को बढ़ा देती है लेकिन ज्यादा हलचल पैदा नहीं करती।",1
overall_B1_su_ex_wood,intro,यह एक ऐसा दिन है जब समग्र प्रवाह थोड़ा धीमा हो जाता है और चीजें इच्छानुसार नहीं होती हैं।,1
overall_B1_su_ex_wood,effect,प्रवाह से विचलन कई क्षेत्रों में छोटे व्यवधानों के रूप में प्रकट होता है।,1
overall_B1_su_ex_wood,action,अपनी योजना में लचीले रहें और प्रवाह के साथ चलें।,1
overall_B1_su_ex_wood,state,"भले ही मेरे मन में बहुत सारे विचार हों, दिन बिना किसी व्यवधान के बीत जाता है, और परिवर्तन की शांत ऊर्जा सामान्य प्रवाह को केवल थोड़ा सा हिलाती है।",1
overall_B1_to_df_earth,intro,यह एक ऐसा दिन है जब छोटी-मोटी चिंता जारी रहती है क्योंकि स्थिरता की समग्र भावना औसत से नीचे है।,1
overall_B1_to_df_earth,effect,कमजोर समग्र स्थिरता आधार कई क्षेत्रों में अस्थिरता पैदा करता है।,1
overall_B1_to_df_earth,action,चिंताजनक विचारों के बजाय इस पर ध्यान केंद्रित करें कि आप अभी क्या कर सकते हैं।,1
overall_B1_to_df_earth,state,"भले ही कुछ कंपन हो, दैनिक जीवन सुचारू रूप से चलता है और बादल वाली ऊर्जा मुझे आसान गति बनाए रखने में मदद करती है।",1
overall_B1_to_df_fire,intro,यह एक ऐसा दिन है जब छोटी-मोटी चिंता जारी रहती है क्योंकि स्थिरता की समग्र भावना औसत से नीचे है।,1
overall_B1_to_df_fire,effect,कमजोर समग्र स्थिरता आधार कई क्षेत्रों में अस्थिरता पैदा करता है।,1
overall_B1_to_df_fire,action,चिंताजनक विचारों के बजाय इस पर ध्यान केंद्रित करें कि आप अभी क्या कर सकते हैं।,1
overall_B1_to_df_fire,state,"हालाँकि कुछ कंपन है, दैनिक जीवन सुचारू रूप से चलता है, और स्पष्ट ऊर्जा शांत जीवन शक्ति जोड़ती है और सामान्य दिन को जारी रखती है।",1
overall_B1_to_df_water,intro,यह एक ऐसा दिन है जब छोटी-मोटी चिंता जारी रहती है क्योंकि स्थिरता की समग्र भावना औसत से नीचे है।,1
overall_B1_to_df_water,effect,कमजोर समग्र स्थिरता आधार कई क्षेत्रों में अस्थिरता पैदा करता है।,1
overall_B1_to_df_water,action,चिंताजनक विचारों के बजाय इस पर ध्यान केंद्रित करें कि आप अभी क्या कर सकते हैं।,1
overall_B1_to_df_water,state,"यद्यपि कंपन होता है, दैनिक जीवन सुचारू रूप से चलता है, और नम ऊर्जा विचारों को बढ़ाती है, लेकिन अधिक हलचल पैदा नहीं करती है।",1
overall_B1_to_df_wood,intro,यह एक ऐसा दिन है जब छोटी-मोटी चिंता जारी रहती है क्योंकि स्थिरता की समग्र भावना औसत से नीचे है।,1
overall_B1_to_df_wood,effect,कमजोर समग्र स्थिरता आधार कई क्षेत्रों में अस्थिरता पैदा करता है।,1
overall_B1_to_df_wood,action,चिंताजनक विचारों के बजाय इस पर ध्यान केंद्रित करें कि आप अभी क्या कर सकते हैं।,1
overall_B1_to_df_wood,state,"यद्यपि उतार-चढ़ाव होते हैं, दैनिक जीवन सुचारू रूप से चलता है, और परिवर्तन की शांत ऊर्जा सामान्य प्रवाह को केवल थोड़ा सा हिलाती है।",1
overall_B1_to_ex_earth,intro,यह एक ऐसा दिन है जब छोटी-मोटी चिंता जारी रहती है क्योंकि स्थिरता की समग्र भावना औसत से नीचे है।,1
overall_B1_to_ex_earth,effect,कमजोर समग्र स्थिरता आधार कई क्षेत्रों में अस्थिरता पैदा करता है।,1
overall_B1_to_ex_earth,action,चिंताजनक विचारों के बजाय इस पर ध्यान केंद्रित करें कि आप अभी क्या कर सकते हैं।,1
overall_B1_to_ex_earth,state,"परिवर्तन के स्थान पर परिचितता को चुनने से दिन आसान हो जाता है, और बादल भरी ऊर्जा मुझे आसान गति बनाए रखने में मदद करती है।",1
overall_B1_to_ex_fire,intro,यह एक ऐसा दिन है जब छोटी-मोटी चिंता जारी रहती है क्योंकि स्थिरता की समग्र भावना औसत से नीचे है।,1
overall_B1_to_ex_fire,effect,कमजोर समग्र स्थिरता आधार कई क्षेत्रों में अस्थिरता पैदा करता है।,1
overall_B1_to_ex_fire,action,चिंताजनक विचारों के बजाय इस पर ध्यान केंद्रित करें कि आप अभी क्या कर सकते हैं।,1
overall_B1_to_ex_fire,state,"परिवर्तन के स्थान पर परिचितता को चुनने से एक सामान्य दिन बन जाता है, और स्पष्ट ऊर्जा सामान्य दिन में शांत जीवन शक्ति जोड़ती है।",1
overall_B1_to_ex_water,intro,यह एक ऐसा दिन है जब छोटी-मोटी चिंता जारी रहती है क्योंकि स्थिरता की समग्र भावना औसत से नीचे है।,1
overall_B1_to_ex_water,effect,कमजोर समग्र स्थिरता आधार कई क्षेत्रों में अस्थिरता पैदा करता है।,1
overall_B1_to_ex_water,action,चिंताजनक विचारों के बजाय इस पर ध्यान केंद्रित करें कि आप अभी क्या कर सकते हैं।,1
overall_B1_to_ex_water,state,"परिवर्तन के स्थान पर परिचितता को चुनने से दिन सामान्य हो जाता है, और नम ऊर्जा विचारों को बढ़ाती है लेकिन अधिक उत्तेजना पैदा नहीं करती है।",1
overall_B1_to_ex_wood,intro,यह एक ऐसा दिन है जब छोटी-मोटी चिंता जारी रहती है क्योंकि स्थिरता की समग्र भावना औसत से नीचे है।,1
overall_B1_to_ex_wood,effect,कमजोर समग्र स्थिरता आधार कई क्षेत्रों में अस्थिरता पैदा करता है।,1
overall_B1_to_ex_wood,action,चिंताजनक विचारों के बजाय इस पर ध्यान केंद्रित करें कि आप अभी क्या कर सकते हैं।,1
overall_B1_to_ex_wood,state,"परिवर्तन के स्थान पर परिचितता को चुनने से दिन सामान्य हो जाता है, और परिवर्तन की शांत ऊर्जा सामान्य प्रवाह को केवल थोड़ा सा हिला देती है।",1
overall_C,intro,"Today is a bit of a lull in energy, so it's a good idea to plan your day carefully.",1
overall_C,intro,"आज ऊर्जा सामान्य से कम है, इसलिए ज़्यादा योजना बनाने के बजाय अपना समय लेना बेहतर है।",1
overall_C,effect,यह एक ऐसा दिन है जिसमें धैर्य की आवश्यकता है क्योंकि परिणाम उम्मीद से धीमी गति से आ सकते हैं।,1
overall_C,effect,"छोटी-छोटी चीज़ों में भी अप्रत्याशित परिवर्तन उत्पन्न हो सकते हैं, इसलिए कुछ समय लेना सुरक्षित है।",1
overall_C,action,आज नई चुनौतियां लेने की बजाय मौजूदा चीजों को अच्छे से खत्म करने पर ध्यान दें।,1
overall_C,action,आप अपनी ऊर्जा का कुशलतापूर्वक उपयोग कर सकते हैं यदि आप केवल उस सीमा के भीतर चलते हैं जो आप अभी कर सकते हैं।,1
overall_C_geum_df_earth,intro,"कुल मिलाकर भाग्य ख़राब है, इसलिए दिन का पहला भाग आसान नहीं है।",1
overall_C_geum_df_earth,effect,समग्र भाग्य में गिरावट एक साथ कई क्षेत्रों में कठिनाइयाँ पैदा करती है।,1
overall_C_geum_df_earth,action,अपने लालच को त्यागें और केवल आवश्यक चीजों को ही सावधानी से संभालें।,1
overall_C_geum_df_earth,state,"जैसे-जैसे आपका संकल्प कमजोर होता है, महत्वपूर्ण विकल्पों को टालना आसान हो जाता है, और धुंधली ऊर्जा आपको धीमा कर सकती है और आपके विचारों को भारी बना सकती है।",1
overall_C_geum_df_fire,intro,"कुल मिलाकर भाग्य ख़राब है, इसलिए दिन का पहला भाग आसान नहीं है।",1
overall_C_geum_df_fire,effect,समग्र भाग्य में गिरावट एक साथ कई क्षेत्रों में कठिनाइयाँ पैदा करती है।,1
overall_C_geum_df_fire,action,अपने लालच को त्यागें और केवल आवश्यक चीजों को ही सावधानी से संभालें।,1
overall_C_geum_df_fire,state,"जैसे-जैसे आपका संकल्प कमजोर होता है, महत्वपूर्ण विकल्पों को टालना आसान हो जाता है, और आपकी स्पष्ट ऊर्जा उत्साहित माहौल में प्रवाहित हो सकती है, जो आपके विवेक को धूमिल कर सकती है।",1
overall_C_geum_df_water,intro,"कुल मिलाकर भाग्य ख़राब है, इसलिए दिन का पहला भाग आसान नहीं है।",1
overall_C_geum_df_water,effect,समग्र भाग्य में गिरावट एक साथ कई क्षेत्रों में कठिनाइयाँ पैदा करती है।,1
overall_C_geum_df_water,action,अपने लालच को त्यागें और केवल आवश्यक चीजों को ही सावधानी से संभालें।,1
overall_C_geum_df_water,state,"महत्वपूर्ण विकल्पों को स्थगित करना आसान है क्योंकि आपका संकल्प कमजोर हो जाता है, और बारिश और बर्फ की ऊर्जा आपकी भावनाओं और आंतरिक आत्म को उत्तेजित कर सकती है, जिसका बड़ा प्रभाव हो सकता है।",1
overall_C_geum_df_wood,intro,"कुल मिलाकर भाग्य ख़राब है, इसलिए दिन का पहला भाग आसान नहीं है।",1
overall_C_geum_df_wood,effect,समग्र भाग्य में गिरावट एक साथ कई क्षेत्रों में कठिनाइयाँ पैदा करती है।,1
overall_C_geum_df_wood,action,अपने लालच को त्यागें और केवल आवश्यक चीजों को ही सावधानी से संभालें।,1
overall_C_geum_df_wood,state,"कमजोर दृढ़ संकल्प के कारण महत्वपूर्ण विकल्पों को स्थगित करना आसान है, और परिवर्तन की मजबूत ऊर्जा लय को हिला सकती है और अप्रत्याशित परिवर्तन ला सकती है।",1
overall_C_geum_ex_earth,intro,"कुल मिलाकर भाग्य ख़राब है, इसलिए दिन का पहला भाग आसान नहीं है।",1
overall_C_geum_ex_earth,effect,समग्र भाग्य में गिरावट एक साथ कई क्षेत्रों में कठिनाइयाँ पैदा करती है।,1
overall_C_geum_ex_earth,action,अपने लालच को त्यागें और केवल आवश्यक चीजों को ही सावधानी से संभालें।,1
overall_C_geum_ex_earth,state,"अत्यधिक तीखा निर्णय रिश्तों को ठंडा बना सकता है, और धुंधली ऊर्जा आपकी गति को धीमा कर सकती है और आपके विचारों को भारी बना सकती है।",1
overall_C_geum_ex_fire,intro,"कुल मिलाकर भाग्य ख़राब है, इसलिए दिन का पहला भाग आसान नहीं है।",1
overall_C_geum_ex_fire,effect,समग्र भाग्य में गिरावट एक साथ कई क्षेत्रों में कठिनाइयाँ पैदा करती है।,1
overall_C_geum_ex_fire,action,अपने लालच को त्यागें और केवल आवश्यक चीजों को ही सावधानी से संभालें।,1
overall_C_geum_ex_fire,state,"अत्यधिक तीखा निर्णय रिश्तों को ठंडा बना सकता है, और स्पष्ट ऊर्जा उत्तेजित वातावरण में प्रवाहित हो सकती है, जो विवेक को धूमिल कर सकती है।",1
overall_C_geum_ex_water,intro,"कुल मिलाकर भाग्य ख़राब है, इसलिए दिन का पहला भाग आसान नहीं है।",1
overall_C_geum_ex_water,effect,समग्र भाग्य में गिरावट एक साथ कई क्षेत्रों में कठिनाइयाँ पैदा करती है।,1
overall_C_geum_ex_water,action,अपने लालच को त्यागें और केवल आवश्यक चीजों को ही सावधानी से संभालें।,1
overall_C_geum_ex_water,state,"अत्यधिक तीखा निर्णय रिश्तों को ठंडा बना सकता है, और बारिश और बर्फ की ऊर्जा भावनाओं और आंतरिक भावनाओं को उत्तेजित कर सकती है, जिसका बड़ा प्रभाव हो सकता है।",1
overall_C_geum_ex_wood,intro,"कुल मिलाकर भाग्य ख़राब है, इसलिए दिन का पहला भाग आसान नहीं है।",1
overall_C_geum_ex_wood,effect,समग्र भाग्य में गिरावट एक साथ कई क्षेत्रों में कठिनाइयाँ पैदा करती है।,1
overall_C_geum_ex_wood,action,अपने लालच को त्यागें और केवल आवश्यक चीजों को ही सावधानी से संभालें।,1
overall_C_geum_ex_wood,state,"अत्यधिक तीखा निर्णय रिश्तों को ठंडा बना सकता है, और परिवर्तन की मजबूत ऊर्जा लय को हिला सकती है और अप्रत्याशित परिवर्तन ला सकती है।",1
overall_C_hwa_df_earth,intro,पूरा दिन कठिन है क्योंकि मुझमें समग्र ऊर्जा की बहुत कमी है।,1
overall_C_hwa_df_earth,effect,ऊर्जा कम होने से सभी गतिविधियों की कार्यक्षमता एक साथ कम हो जाती है।,1
overall_C_hwa_df_earth,action,किसी भी चीज़ की अति न करें और केवल वही करें जो आवश्यक हो।,1
overall_C_hwa_df_earth,state,"स्वयं को अभिव्यक्त करने में कठिनाई के कारण गलतफहमियाँ उत्पन्न होना आसान है, और धुंधली ऊर्जा आपको धीमा कर सकती है और आपके विचारों को भारी बना सकती है।",1
overall_C_hwa_df_fire,intro,पूरा दिन कठिन है क्योंकि मुझमें समग्र ऊर्जा की बहुत कमी है।,1
overall_C_hwa_df_fire,effect,ऊर्जा कम होने से सभी गतिविधियों की कार्यक्षमता एक साथ कम हो जाती है।,1
overall_C_hwa_df_fire,action,किसी भी चीज़ की अति न करें और केवल वही करें जो आवश्यक हो।,1
overall_C_hwa_df_fire,state,"ग़लतफहमियाँ पैदा होना आसान है क्योंकि भावों को समझना कठिन होता है, और स्पष्ट ऊर्जा उत्तेजित वातावरण में प्रवाहित हो सकती है और सावधानी को धूमिल कर सकती है।",1
overall_C_hwa_df_water,intro,पूरा दिन कठिन है क्योंकि मुझमें समग्र ऊर्जा की बहुत कमी है।,1
overall_C_hwa_df_water,effect,ऊर्जा कम होने से सभी गतिविधियों की कार्यक्षमता एक साथ कम हो जाती है।,1
overall_C_hwa_df_water,action,किसी भी चीज़ की अति न करें और केवल वही करें जो आवश्यक हो।,1
overall_C_hwa_df_water,state,"गलतफहमियां पैदा होना आसान है क्योंकि भावों को समझना मुश्किल होता है, और बारिश और बर्फ की ऊर्जा भावनाओं और आंतरिक भावनाओं को उत्तेजित कर सकती है, जिसका बड़ा प्रभाव हो सकता है।",1
overall_C_hwa_df_wood,intro,पूरा दिन कठिन है क्योंकि मुझमें समग्र ऊर्जा की बहुत कमी है।,1
overall_C_hwa_df_wood,effect,ऊर्जा कम होने से सभी गतिविधियों की कार्यक्षमता एक साथ कम हो जाती है।,1
overall_C_hwa_df_wood,action,किसी भी चीज़ की अति न करें और केवल वही करें जो आवश्यक हो।,1
overall_C_hwa_df_wood,state,"कठिन अभिव्यक्तियों के कारण गलतफहमी उत्पन्न होना आसान है, और परिवर्तन की मजबूत ऊर्जा लय को हिला सकती है और अप्रत्याशित परिवर्तन ला सकती है।",1
overall_C_hwa_ex_earth,intro,पूरा दिन कठिन है क्योंकि मुझमें समग्र ऊर्जा की बहुत कमी है।,1
overall_C_hwa_ex_earth,effect,ऊर्जा कम होने से सभी गतिविधियों की कार्यक्षमता एक साथ कम हो जाती है।,1
overall_C_hwa_ex_earth,action,किसी भी चीज़ की अति न करें और केवल वही करें जो आवश्यक हो।,1
overall_C_hwa_ex_earth,state,"भावनाओं का टकराना आसान है, और धुंधली ऊर्जा आपको धीमा कर सकती है और आपके विचारों को भारी बना सकती है।",1
overall_C_hwa_ex_fire,intro,पूरा दिन कठिन है क्योंकि मुझमें समग्र ऊर्जा की बहुत कमी है।,1
overall_C_hwa_ex_fire,effect,ऊर्जा कम होने से सभी गतिविधियों की कार्यक्षमता एक साथ कम हो जाती है।,1
overall_C_hwa_ex_fire,action,किसी भी चीज़ की अति न करें और केवल वही करें जो आवश्यक हो।,1
overall_C_hwa_ex_fire,state,"भावनाओं का टकराना आसान है, और स्पष्ट ऊर्जा उत्तेजित माहौल में प्रवाहित हो सकती है, जिससे सावधानी धुंधली हो सकती है।",1
overall_C_hwa_ex_water,intro,पूरा दिन कठिन है क्योंकि मुझमें समग्र ऊर्जा की बहुत कमी है।,1
overall_C_hwa_ex_water,effect,ऊर्जा कम होने से सभी गतिविधियों की कार्यक्षमता एक साथ कम हो जाती है।,1
overall_C_hwa_ex_water,action,किसी भी चीज़ की अति न करें और केवल वही करें जो आवश्यक हो।,1
overall_C_hwa_ex_water,state,"भावनाओं का संघर्ष में आना आसान है, और बारिश और बर्फ की ऊर्जा भावनाओं और आंतरिक भावनाओं को उत्तेजित कर सकती है, जिससे प्रभाव बढ़ सकता है।",1
overall_C_hwa_ex_wood,intro,पूरा दिन कठिन है क्योंकि मुझमें समग्र ऊर्जा की बहुत कमी है।,1
overall_C_hwa_ex_wood,effect,ऊर्जा कम होने से सभी गतिविधियों की कार्यक्षमता एक साथ कम हो जाती है।,1
overall_C_hwa_ex_wood,action,किसी भी चीज़ की अति न करें और केवल वही करें जो आवश्यक हो।,1
overall_C_hwa_ex_wood,state,"भावनाओं का टकराना आसान है, और परिवर्तन की मजबूत ऊर्जा लय को हिला सकती है और अप्रत्याशित परिवर्तन ला सकती है।",1
overall_C_mok_df_earth,intro,यह एक ऐसा दिन है जब व्यापक विकास ऊर्जा अवरुद्ध हो जाती है और किसी भी प्रगति की उम्मीद करना मुश्किल होता है।,1
overall_C_mok_df_earth,effect,विकास ऊर्जा का अवरोध सभी क्षेत्रों में ठहराव और प्रतिगमन पैदा करता है।,1
overall_C_mok_df_earth,action,आज प्रगति की बजाय यथास्थिति बनाए रखने पर ध्यान दें।,1
overall_C_mok_df_earth,state,"नई चीजों को आजमाने में झिझक प्रगति को धीमा कर सकती है, और धूमिल ऊर्जा आपकी गति को धीमा कर सकती है और आपके विचारों को भारी बना सकती है।",1
overall_C_mok_df_fire,intro,यह एक ऐसा दिन है जब व्यापक विकास ऊर्जा अवरुद्ध हो जाती है और किसी भी प्रगति की उम्मीद करना मुश्किल होता है।,1
overall_C_mok_df_fire,effect,विकास ऊर्जा का अवरोध सभी क्षेत्रों में ठहराव और प्रतिगमन पैदा करता है।,1
overall_C_mok_df_fire,action,आज प्रगति की बजाय यथास्थिति बनाए रखने पर ध्यान दें।,1
overall_C_mok_df_fire,state,"नई चीजों को आजमाने में झिझक प्रगति को धीमा कर सकती है, और स्पष्ट ऊर्जा से उत्साहित माहौल बन सकता है, जो सावधानी को धूमिल कर सकता है।",1
overall_C_mok_df_water,intro,यह एक ऐसा दिन है जब व्यापक विकास ऊर्जा अवरुद्ध हो जाती है और किसी भी प्रगति की उम्मीद करना मुश्किल होता है।,1
overall_C_mok_df_water,effect,विकास ऊर्जा का अवरोध सभी क्षेत्रों में ठहराव और प्रतिगमन पैदा करता है।,1
overall_C_mok_df_water,action,आज प्रगति की बजाय यथास्थिति बनाए रखने पर ध्यान दें।,1
overall_C_mok_df_water,state,"नई चीजों को आजमाने में झिझक प्रगति को धीमा कर सकती है, और बारिश और बर्फ की ऊर्जा आपकी भावनाओं और आंतरिक आत्म को उत्तेजित कर सकती है, जिससे प्रभाव बढ़ सकता है।",1
overall_C_mok_df_wood,intro,यह एक ऐसा दिन है जब व्यापक विकास ऊर्जा अवरुद्ध हो जाती है और किसी भी प्रगति की उम्मीद करना मुश्किल होता है।,1
overall_C_mok_df_wood,effect,विकास ऊर्जा का अवरोध सभी क्षेत्रों में ठहराव और प्रतिगमन पैदा करता है।,1
overall_C_mok_df_wood,action,आज प्रगति की बजाय यथास्थिति बनाए रखने पर ध्यान दें।,1
overall_C_mok_df_wood,state,"नई चीजों को आजमाने में झिझक प्रगति को धीमा कर सकती है, और परिवर्तन की मजबूत ऊर्जा लय को हिला सकती है और अप्रत्याशित परिवर्तन ला सकती है।",1
overall_C_mok_ex_earth,intro,यह एक ऐसा दिन है जब व्यापक विकास ऊर्जा अवरुद्ध हो जाती है और किसी भी प्रगति की उम्मीद करना मुश्किल होता है।,1
overall_C_mok_ex_earth,effect,विकास ऊर्जा का अवरोध सभी क्षेत्रों में ठहराव और प्रतिगमन पैदा करता है।,1
overall_C_mok_ex_earth,action,आज प्रगति की बजाय यथास्थिति बनाए रखने पर ध्यान दें।,1
overall_C_mok_ex_earth,state,"अत्यधिक प्रेरणा के कारण आप चीजों को अति कर सकते हैं, और धूमिल ऊर्जा आपको धीमा कर सकती है और आपके विचारों को भारी बना सकती है।",1
overall_C_mok_ex_fire,intro,यह एक ऐसा दिन है जब व्यापक विकास ऊर्जा अवरुद्ध हो जाती है और किसी भी प्रगति की उम्मीद करना मुश्किल होता है।,1
overall_C_mok_ex_fire,effect,विकास ऊर्जा का अवरोध सभी क्षेत्रों में ठहराव और प्रतिगमन पैदा करता है।,1
overall_C_mok_ex_fire,action,आज प्रगति की बजाय यथास्थिति बनाए रखने पर ध्यान दें।,1
overall_C_mok_ex_fire,state,"यदि आप बहुत अधिक प्रेरित हैं, तो आप खुद को काम करने के लिए प्रेरित कर सकते हैं, और आपकी स्पष्ट ऊर्जा एक उत्साहित माहौल में प्रवाहित हो सकती है, जो आपके विवेक को धूमिल कर सकती है।",1
overall_C_mok_ex_water,intro,यह एक ऐसा दिन है जब व्यापक विकास ऊर्जा अवरुद्ध हो जाती है और किसी भी प्रगति की उम्मीद करना मुश्किल होता है।,1
overall_C_mok_ex_water,effect,विकास ऊर्जा का अवरोध सभी क्षेत्रों में ठहराव और प्रतिगमन पैदा करता है।,1
overall_C_mok_ex_water,action,आज प्रगति की बजाय यथास्थिति बनाए रखने पर ध्यान दें।,1
overall_C_mok_ex_water,state,"यदि आपके पास बहुत अधिक प्रेरणा है, तो आप चीजों को अति कर सकते हैं, और बारिश और बर्फ की ऊर्जा आपकी भावनाओं और आंतरिक आत्म को उत्तेजित कर सकती है, जिससे प्रभाव बढ़ सकता है।",1
overall_C_mok_ex_wood,intro,यह एक ऐसा दिन है जब व्यापक विकास ऊर्जा अवरुद्ध हो जाती है और किसी भी प्रगति की उम्मीद करना मुश्किल होता है।,1
overall_C_mok_ex_wood,effect,विकास ऊर्जा का अवरोध सभी क्षेत्रों में ठहराव और प्रतिगमन पैदा करता है।,1
overall_C_mok_ex_wood,action,आज प्रगति की बजाय यथास्थिति बनाए रखने पर ध्यान दें।,1
overall_C_mok_ex_wood,state,"अत्यधिक प्रेरणा चीजों को अति करने के लिए प्रेरित कर सकती है, और परिवर्तन की मजबूत ऊर्जा लय को हिला सकती है और अप्रत्याशित परिवर्तन ला सकती है।",1
overall_C_su_df_earth,intro,यह एक ऐसा दिन है जहां पूरा प्रवाह विपरीत दिशा में चला जाता है और दिन सुचारू रूप से नहीं बीतता।,1
overall_C_su_df_earth,effect,प्रवाह का उलटा होना एक साथ कई क्षेत्रों में नुकसान और विफलताएं पैदा करता है।,1
overall_C_su_df_earth,action,धारा के विपरीत जाने की बजाय एक क्षण रुकें और स्थिति का निरीक्षण करें।,1
overall_C_su_df_earth,state,"लचीलेपन की कमी के कारण प्रवाह का ट्रैक खोना आसान है, और बादल वाली ऊर्जा आपको धीमा कर सकती है और आपके विचारों को भारी बना सकती है।",1
overall_C_su_df_fire,intro,यह एक ऐसा दिन है जहां पूरा प्रवाह विपरीत दिशा में चला जाता है और दिन सुचारू रूप से नहीं बीतता।,1
overall_C_su_df_fire,effect,प्रवाह का उलटा होना एक साथ कई क्षेत्रों में नुकसान और विफलताएं पैदा करता है।,1
overall_C_su_df_fire,action,धारा के विपरीत जाने की बजाय एक क्षण रुकें और स्थिति का निरीक्षण करें।,1
overall_C_su_df_fire,state,"लचीलेपन की कमी के कारण, प्रवाह का ट्रैक खोना आसान है, और स्पष्ट ऊर्जा उत्तेजित वातावरण में प्रवाहित हो सकती है, जो आपके विवेक को धूमिल कर सकती है।",1
overall_C_su_df_water,intro,यह एक ऐसा दिन है जहां पूरा प्रवाह विपरीत दिशा में चला जाता है और दिन सुचारू रूप से नहीं बीतता।,1
overall_C_su_df_water,effect,प्रवाह का उलटा होना एक साथ कई क्षेत्रों में नुकसान और विफलताएं पैदा करता है।,1
overall_C_su_df_water,action,धारा के विपरीत जाने की बजाय एक क्षण रुकें और स्थिति का निरीक्षण करें।,1
overall_C_su_df_water,state,"लचीलेपन की कमी के कारण, प्रवाह का ट्रैक खोना आसान है, और बारिश और बर्फ की ऊर्जा भावनाओं और आंतरिक आत्म को उत्तेजित कर सकती है, जिससे प्रभाव बढ़ सकता है।",1
overall_C_su_df_wood,intro,यह एक ऐसा दिन है जहां पूरा प्रवाह विपरीत दिशा में चला जाता है और दिन सुचारू रूप से नहीं बीतता।,1
overall_C_su_df_wood,effect,प्रवाह का उलटा होना एक साथ कई क्षेत्रों में नुकसान और विफलताएं पैदा करता है।,1
overall_C_su_df_wood,action,धारा के विपरीत जाने की बजाय एक क्षण रुकें और स्थिति का निरीक्षण करें।,1
overall_C_su_df_wood,state,"लचीलेपन की कमी के कारण, प्रवाह का ट्रैक खोना आसान है, और परिवर्तन की मजबूत ऊर्जा लय को हिला सकती है और अप्रत्याशित परिवर्तन को जन्म दे सकती है।",1
overall_C_su_ex_earth,intro,यह एक ऐसा दिन है जहां पूरा प्रवाह विपरीत दिशा में चला जाता है और दिन सुचारू रूप से नहीं बीतता।,1
overall_C_su_ex_earth,effect,प्रवाह का उलटा होना एक साथ कई क्षेत्रों में नुकसान और विफलताएं पैदा करता है।,1
overall_C_su_ex_earth,action,धारा के विपरीत जाने की बजाय एक क्षण रुकें और स्थिति का निरीक्षण करें।,1
overall_C_su_ex_earth,state,"उमड़ती हुई भावनाओं के कारण आपके निर्णय पर पर्दा पड़ना आसान है, और धुंधली ऊर्जा आपको धीमा कर सकती है और आपके विचारों को भारी बना सकती है।",1
overall_C_su_ex_fire,intro,यह एक ऐसा दिन है जहां पूरा प्रवाह विपरीत दिशा में चला जाता है और दिन सुचारू रूप से नहीं बीतता।,1
overall_C_su_ex_fire,effect,प्रवाह का उलटा होना एक साथ कई क्षेत्रों में नुकसान और विफलताएं पैदा करता है।,1
overall_C_su_ex_fire,action,धारा के विपरीत जाने की बजाय एक क्षण रुकें और स्थिति का निरीक्षण करें।,1
overall_C_su_ex_fire,state,"भावनाओं के उमड़ने से निर्णय आसानी से धुंधला हो सकता है, और स्पष्ट ऊर्जा उत्तेजित वातावरण में प्रवाहित हो सकती है, जो विवेक को धूमिल कर सकती है।",1
overall_C_su_ex_water,intro,यह एक ऐसा दिन है जहां पूरा प्रवाह विपरीत दिशा में चला जाता है और दिन सुचारू रूप से नहीं बीतता।,1
overall_C_su_ex_water,effect,प्रवाह का उलटा होना एक साथ कई क्षेत्रों में नुकसान और विफलताएं पैदा करता है।,1
overall_C_su_ex_water,action,धारा के विपरीत जाने की बजाय एक क्षण रुकें और स्थिति का निरीक्षण करें।,1
overall_C_su_ex_water,state,"उमड़ती भावनाओं के कारण आपके निर्णय पर बादल छा जाना आसान है, और बारिश और बर्फ की ऊर्जा आपकी भावनाओं और आंतरिक स्व को उत्तेजित कर सकती है, जिससे प्रभाव बढ़ सकता है।",1
overall_C_su_ex_wood,intro,यह एक ऐसा दिन है जहां पूरा प्रवाह विपरीत दिशा में चला जाता है और दिन सुचारू रूप से नहीं बीतता।,1
overall_C_su_ex_wood,effect,प्रवाह का उलटा होना एक साथ कई क्षेत्रों में नुकसान और विफलताएं पैदा करता है।,1
overall_C_su_ex_wood,action,धारा के विपरीत जाने की बजाय एक क्षण रुकें और स्थिति का निरीक्षण करें।,1
overall_C_su_ex_wood,state,"निर्णय आसानी से भावनाओं से ढका जा सकता है, और परिवर्तन की मजबूत ऊर्जा लय को हिला सकती है और अप्रत्याशित परिवर्तन ला सकती है।",1
overall_C_to_df_earth,intro,यह पूरे दिन एक अस्थिर दिन है क्योंकि समग्र स्थिर नींव हिल गई है।,1
overall_C_to_df_earth,effect,समग्र भाग्य का अस्थिर होना कई क्षेत्रों में अप्रत्याशित समस्याएँ पैदा करता है।,1
overall_C_to_df_earth,action,किसी भी निर्णय में जल्दबाजी न करें और पहले स्थिरता खोजें।,1
overall_C_to_df_earth,state,"क्योंकि आपका केंद्र हिल गया है, आपके परिवेश से प्रभावित होना आसान है, और बादल वाली ऊर्जा आपको धीमा कर सकती है और आपके विचारों को भारी बना सकती है।",1
overall_C_to_df_fire,intro,यह पूरे दिन एक अस्थिर दिन है क्योंकि समग्र स्थिर नींव हिल गई है।,1
overall_C_to_df_fire,effect,समग्र भाग्य का अस्थिर होना कई क्षेत्रों में अप्रत्याशित समस्याएँ पैदा करता है।,1
overall_C_to_df_fire,action,किसी भी निर्णय में जल्दबाजी न करें और पहले स्थिरता खोजें।,1
overall_C_to_df_fire,state,"क्योंकि आपका केंद्र हिल गया है, आपके आस-पास के लोगों द्वारा प्रभावित होना आसान है, और आपकी स्पष्ट ऊर्जा एक उत्साहित वातावरण में प्रवाहित हो सकती है, जो आपके विवेक को धूमिल कर सकती है।",1
overall_C_to_df_water,intro,यह पूरे दिन एक अस्थिर दिन है क्योंकि समग्र स्थिर नींव हिल गई है।,1
overall_C_to_df_water,effect,समग्र भाग्य का अस्थिर होना कई क्षेत्रों में अप्रत्याशित समस्याएँ पैदा करता है।,1
overall_C_to_df_water,action,किसी भी निर्णय में जल्दबाजी न करें और पहले स्थिरता खोजें।,1
overall_C_to_df_water,state,"क्योंकि आपका केंद्र हिल गया है, आपके परिवेश से प्रभावित होना आसान है, और बारिश और बर्फ की ऊर्जा आपकी भावनाओं और आंतरिक स्व को उत्तेजित कर सकती है, जिससे प्रभाव बढ़ सकता है।",1
overall_C_to_df_wood,intro,यह पूरे दिन एक अस्थिर दिन है क्योंकि समग्र स्थिर नींव हिल गई है।,1
overall_C_to_df_wood,effect,समग्र भाग्य का अस्थिर होना कई क्षेत्रों में अप्रत्याशित समस्याएँ पैदा करता है।,1
overall_C_to_df_wood,action,किसी भी निर्णय में जल्दबाजी न करें और पहले स्थिरता खोजें।,1
overall_C_to_df_wood,state,"क्योंकि केंद्र हिल गया है, परिवेश से प्रभावित होना आसान है, और परिवर्तन की मजबूत ऊर्जा लय को हिला सकती है और अप्रत्याशित परिवर्तन ला सकती है।",1
overall_C_to_ex_earth,intro,यह पूरे दिन एक अस्थिर दिन है क्योंकि समग्र स्थिर नींव हिल गई है।,1
overall_C_to_ex_earth,effect,समग्र भाग्य का अस्थिर होना कई क्षेत्रों में अप्रत्याशित समस्याएँ पैदा करता है।,1
overall_C_to_ex_earth,action,किसी भी निर्णय में जल्दबाजी न करें और पहले स्थिरता खोजें।,1
overall_C_to_ex_earth,state,"जो मन परिवर्तन से इनकार करता है वह अवसरों को अवरुद्ध कर सकता है, और बादल भरी ऊर्जा आपकी गति को धीमा कर सकती है और आपके विचारों को भारी बना सकती है।",1
overall_C_to_ex_fire,intro,यह पूरे दिन एक अस्थिर दिन है क्योंकि समग्र स्थिर नींव हिल गई है।,1
overall_C_to_ex_fire,effect,समग्र भाग्य का अस्थिर होना कई क्षेत्रों में अप्रत्याशित समस्याएँ पैदा करता है।,1
overall_C_to_ex_fire,action,किसी भी निर्णय में जल्दबाजी न करें और पहले स्थिरता खोजें।,1
overall_C_to_ex_fire,state,"एक मन जो परिवर्तन से इनकार करता है वह अवसरों को अवरुद्ध कर सकता है, और स्पष्ट ऊर्जा एक उत्साहित माहौल में प्रवाहित हो सकती है, जिससे सावधानी बरतती है।",1
overall_C_to_ex_water,intro,यह पूरे दिन एक अस्थिर दिन है क्योंकि समग्र स्थिर नींव हिल गई है।,1
overall_C_to_ex_water,effect,समग्र भाग्य का अस्थिर होना कई क्षेत्रों में अप्रत्याशित समस्याएँ पैदा करता है।,1
overall_C_to_ex_water,action,किसी भी निर्णय में जल्दबाजी न करें और पहले स्थिरता खोजें।,1
overall_C_to_ex_water,state,"एक मन जो परिवर्तन से इनकार करता है वह अवसरों को अवरुद्ध कर सकता है, और बारिश और बर्फ की ऊर्जा भावनाओं और आंतरिक भावनाओं को उत्तेजित कर सकती है, जो प्रभाव को बढ़ा सकती है।",1
overall_C_to_ex_wood,intro,यह पूरे दिन एक अस्थिर दिन है क्योंकि समग्र स्थिर नींव हिल गई है।,1
overall_C_to_ex_wood,effect,समग्र भाग्य का अस्थिर होना कई क्षेत्रों में अप्रत्याशित समस्याएँ पैदा करता है।,1
overall_C_to_ex_wood,action,किसी भी निर्णय में जल्दबाजी न करें और पहले स्थिरता खोजें।,1
overall_C_to_ex_wood,state,"परिवर्तन से इनकार अवसरों को अवरुद्ध कर सकता है, और परिवर्तन की मजबूत ऊर्जा लय को हिला सकती है और अप्रत्याशित परिवर्तन को जन्म दे सकती है।",1
overall_C1,intro,"आज, मेरी ऊर्जा काफी कम है, इसलिए यह बड़े कदम उठाने के बजाय चुपचाप ताकत बनाने का दिन है।",1
overall_C1,intro,"आज परिस्थितियाँ अनुकूल नहीं हो सकती हैं, इसलिए आपको सावधानी से काम करने की ज़रूरत है।",1
overall_C1,effect,ऊर्जा का संरक्षण करना महत्वपूर्ण है क्योंकि बहुत अधिक प्रयास करने से नुकसान हो सकता है।,1
overall_C1,effect,"एक छोटी सी गलती या लापरवाही बड़े नतीजों का कारण बन सकती है, इसलिए बेहतर होगा कि हर चीज को एक बार और जांच लिया जाए।",1
overall_C1,action,यह एक ऐसा दिन है जब आपके पास जो कुछ है उसे बनाए रखने के लिए आप काफी अच्छे हैं।,1
overall_C1,action,आज आप नई चीजों को आजमाने के बजाय मौजूदा कार्यों को निपटाने और अपने अगले कदम की तैयारी पर ध्यान केंद्रित करें।,1
overall_C1_geum_df_earth,intro,"कई क्षेत्रों में कठिनाइयों के साथ, यह आपके समग्र भाग्य के लिए बहुत बुरा दिन है।",1
overall_C1_geum_df_earth,effect,समग्र भाग्य में भारी गिरावट सभी प्रयासों में बाधाएँ पैदा करती है।,1
overall_C1_geum_df_earth,action,आज नई चीज़ें आज़माना बंद करें और यथास्थिति बनाए रखने पर ध्यान दें।,1
overall_C1_geum_df_earth,state,"दृढ़ संकल्प की कमी के कारण, अनिर्णायक विकल्पों को जमा करना आसान होता है, और अस्पष्ट ऊर्जा प्रेरणा और अस्पष्ट निर्णय को कम कर सकती है।",1
overall_C1_geum_df_fire,intro,"कई क्षेत्रों में कठिनाइयों के साथ, यह आपके समग्र भाग्य के लिए बहुत बुरा दिन है।",1
overall_C1_geum_df_fire,effect,समग्र भाग्य में भारी गिरावट सभी प्रयासों में बाधाएँ पैदा करती है।,1
overall_C1_geum_df_fire,action,आज नई चीज़ें आज़माना बंद करें और यथास्थिति बनाए रखने पर ध्यान दें।,1
overall_C1_geum_df_fire,state,"दृढ़ संकल्प की कमी के कारण, अनिर्णायक विकल्प चुनना आसान है, और उत्साहित यांग शांति भंग कर सकता है और छोटी गलतियों को जन्म दे सकता है।",1
overall_C1_geum_df_water,intro,"कई क्षेत्रों में कठिनाइयों के साथ, यह आपके समग्र भाग्य के लिए बहुत बुरा दिन है।",1
overall_C1_geum_df_water,effect,समग्र भाग्य में भारी गिरावट सभी प्रयासों में बाधाएँ पैदा करती है।,1
overall_C1_geum_df_water,action,आज नई चीज़ें आज़माना बंद करें और यथास्थिति बनाए रखने पर ध्यान दें।,1
overall_C1_geum_df_water,state,"दृढ़ संकल्प की कमी के कारण, अनिर्णायक विकल्पों का ढेर लगना आसान होता है, और बारिश और बर्फ़ की ऊर्जा आपकी भावनाओं को शांत नहीं कर पाती है, जिससे आपका दिल भारी हो जाता है।",1
overall_C1_geum_df_wood,intro,"कई क्षेत्रों में कठिनाइयों के साथ, यह आपके समग्र भाग्य के लिए बहुत बुरा दिन है।",1
overall_C1_geum_df_wood,effect,समग्र भाग्य में भारी गिरावट सभी प्रयासों में बाधाएँ पैदा करती है।,1
overall_C1_geum_df_wood,action,आज नई चीज़ें आज़माना बंद करें और यथास्थिति बनाए रखने पर ध्यान दें।,1
overall_C1_geum_df_wood,state,"दृढ़ संकल्प की कमी के कारण, अनिर्णायक विकल्पों का ढेर लगना आसान है, और परिवर्तन की ऊर्जा योजनाओं में हस्तक्षेप और बाधा डालती रह सकती है।",1
overall_C1_geum_ex_earth,intro,"कई क्षेत्रों में कठिनाइयों के साथ, यह आपके समग्र भाग्य के लिए बहुत बुरा दिन है।",1
overall_C1_geum_ex_earth,effect,समग्र भाग्य में भारी गिरावट सभी प्रयासों में बाधाएँ पैदा करती है।,1
overall_C1_geum_ex_earth,action,आज नई चीज़ें आज़माना बंद करें और यथास्थिति बनाए रखने पर ध्यान दें।,1
overall_C1_geum_ex_earth,state,"तीक्ष्णता बहुत दूर तक जा सकती है और आपके आस-पास के लोगों पर बोझ डाल सकती है, और धूमिल ऊर्जा प्रेरणा को कम कर सकती है और आपके निर्णय को धूमिल कर सकती है।",1
overall_C1_geum_ex_fire,intro,"कई क्षेत्रों में कठिनाइयों के साथ, यह आपके समग्र भाग्य के लिए बहुत बुरा दिन है।",1
overall_C1_geum_ex_fire,effect,समग्र भाग्य में भारी गिरावट सभी प्रयासों में बाधाएँ पैदा करती है।,1
overall_C1_geum_ex_fire,action,आज नई चीज़ें आज़माना बंद करें और यथास्थिति बनाए रखने पर ध्यान दें।,1
overall_C1_geum_ex_fire,state,"आपकी तीक्ष्णता बहुत दूर तक जा सकती है और आपके आस-पास के लोगों पर बोझ डाल सकती है, और आपकी उत्तेजित ऊर्जा आपकी शांति को ख़त्म कर सकती है और छोटी-मोटी गलतियों को जन्म दे सकती है।",1
overall_C1_geum_ex_water,intro,"कई क्षेत्रों में कठिनाइयों के साथ, यह आपके समग्र भाग्य के लिए बहुत बुरा दिन है।",1
overall_C1_geum_ex_water,effect,समग्र भाग्य में भारी गिरावट सभी प्रयासों में बाधाएँ पैदा करती है।,1
overall_C1_geum_ex_water,action,आज नई चीज़ें आज़माना बंद करें और यथास्थिति बनाए रखने पर ध्यान दें।,1
overall_C1_geum_ex_water,state,"आपकी तीक्ष्णता बहुत दूर तक जा सकती है और आपके आस-पास के लोगों पर बोझ डाल सकती है, और बारिश और बर्फ की ऊर्जा आपकी भावनाओं को शांत नहीं कर सकती है, जिससे आपका दिल भारी हो जाएगा।",1
overall_C1_geum_ex_wood,intro,"कई क्षेत्रों में कठिनाइयों के साथ, यह आपके समग्र भाग्य के लिए बहुत बुरा दिन है।",1
overall_C1_geum_ex_wood,effect,समग्र भाग्य में भारी गिरावट सभी प्रयासों में बाधाएँ पैदा करती है।,1
overall_C1_geum_ex_wood,action,आज नई चीज़ें आज़माना बंद करें और यथास्थिति बनाए रखने पर ध्यान दें।,1
overall_C1_geum_ex_wood,state,"आपकी तीक्ष्णता बहुत दूर तक जा सकती है और आपके आस-पास के लोगों पर बोझ डाल सकती है, और परिवर्तन की ऊर्जा आपकी योजनाओं में हस्तक्षेप कर सकती है।",1
overall_C1_hwa_df_earth,intro,"आपकी समग्र ऊर्जा बेहद कम है, जिससे आपका पूरा दिन सुस्ती भरा दिन बन गया है।",1
overall_C1_hwa_df_earth,effect,ऊर्जा की पूर्ण समाप्ति सभी क्षेत्रों में प्रदर्शन को अवरुद्ध करती है।,1
overall_C1_hwa_df_earth,action,न्यूनतम गतिविधि करें और ऊर्जा पुनः प्राप्त करने पर ध्यान केंद्रित करें।,1
overall_C1_hwa_df_earth,state,"अभिव्यक्ति में रुकावट के कारण आपकी भावनाओं को ठीक से व्यक्त नहीं किया जाना आसान है, और धूमिल ऊर्जा प्रेरणा को कम कर सकती है और आपके निर्णय को धूमिल कर सकती है।",1
overall_C1_hwa_df_fire,intro,"आपकी समग्र ऊर्जा बेहद कम है, जिससे आपका पूरा दिन सुस्ती भरा दिन बन गया है।",1
overall_C1_hwa_df_fire,effect,ऊर्जा की पूर्ण समाप्ति सभी क्षेत्रों में प्रदर्शन को अवरुद्ध करती है।,1
overall_C1_hwa_df_fire,action,न्यूनतम गतिविधि करें और ऊर्जा पुनः प्राप्त करने पर ध्यान केंद्रित करें।,1
overall_C1_hwa_df_fire,state,"अभिव्यक्ति में रुकावट के कारण आपकी भावनाओं को ठीक से व्यक्त नहीं किया जाना आसान है, और उत्तेजित ऊर्जा आपकी शांति को बिखेर सकती है और छोटी-मोटी गलतियों को जन्म दे सकती है।",1
overall_C1_hwa_df_water,intro,"आपकी समग्र ऊर्जा बेहद कम है, जिससे आपका पूरा दिन सुस्ती भरा दिन बन गया है।",1
overall_C1_hwa_df_water,effect,ऊर्जा की पूर्ण समाप्ति सभी क्षेत्रों में प्रदर्शन को अवरुद्ध करती है।,1
overall_C1_hwa_df_water,action,न्यूनतम गतिविधि करें और ऊर्जा पुनः प्राप्त करने पर ध्यान केंद्रित करें।,1
overall_C1_hwa_df_water,state,"चूँकि अभिव्यक्तियाँ अवरुद्ध हैं, इसलिए आपकी भावनाओं को ठीक से व्यक्त नहीं किया जाना आसान है, और बारिश और बर्फ की ऊर्जा आपकी भावनाओं को शांत नहीं कर सकती है, जिससे आपका दिल भारी हो सकता है।",1
overall_C1_hwa_df_wood,intro,"आपकी समग्र ऊर्जा बेहद कम है, जिससे आपका पूरा दिन सुस्ती भरा दिन बन गया है।",1
overall_C1_hwa_df_wood,effect,ऊर्जा की पूर्ण समाप्ति सभी क्षेत्रों में प्रदर्शन को अवरुद्ध करती है।,1
overall_C1_hwa_df_wood,action,न्यूनतम गतिविधि करें और ऊर्जा पुनः प्राप्त करने पर ध्यान केंद्रित करें।,1
overall_C1_hwa_df_wood,state,"अभिव्यक्ति में रुकावट के कारण आपकी भावनाओं को ठीक से व्यक्त नहीं किया जाना आसान है, और परिवर्तन की ऊर्जा आपकी योजनाओं में हस्तक्षेप और बाधा डाल सकती है।",1
overall_C1_hwa_ex_earth,intro,"आपकी समग्र ऊर्जा बेहद कम है, जिससे आपका पूरा दिन सुस्ती भरा दिन बन गया है।",1
overall_C1_hwa_ex_earth,effect,ऊर्जा की पूर्ण समाप्ति सभी क्षेत्रों में प्रदर्शन को अवरुद्ध करती है।,1
overall_C1_hwa_ex_earth,action,न्यूनतम गतिविधि करें और ऊर्जा पुनः प्राप्त करने पर ध्यान केंद्रित करें।,1
overall_C1_hwa_ex_earth,state,"भावनाओं के लिए छोटी-छोटी बातों पर भी घर्षण पैदा करना आसान होता है, और धुंधली ऊर्जा प्रेरणा और अस्पष्ट निर्णय को कम कर सकती है।",1
overall_C1_hwa_ex_fire,intro,"आपकी समग्र ऊर्जा बेहद कम है, जिससे आपका पूरा दिन सुस्ती भरा दिन बन गया है।",1
overall_C1_hwa_ex_fire,effect,ऊर्जा की पूर्ण समाप्ति सभी क्षेत्रों में प्रदर्शन को अवरुद्ध करती है।,1
overall_C1_hwa_ex_fire,action,न्यूनतम गतिविधि करें और ऊर्जा पुनः प्राप्त करने पर ध्यान केंद्रित करें।,1
overall_C1_hwa_ex_fire,state,"भावनाओं के लिए छोटी-छोटी बातों पर भी घर्षण पैदा करना आसान है, और उत्तेजित ऊर्जा आपकी शांति को भंग कर सकती है और छोटी-छोटी गलतियों को जन्म दे सकती है।",1
overall_C1_hwa_ex_water,intro,"आपकी समग्र ऊर्जा बेहद कम है, जिससे आपका पूरा दिन सुस्ती भरा दिन बन गया है।",1
overall_C1_hwa_ex_water,effect,ऊर्जा की पूर्ण समाप्ति सभी क्षेत्रों में प्रदर्शन को अवरुद्ध करती है।,1
overall_C1_hwa_ex_water,action,न्यूनतम गतिविधि करें और ऊर्जा पुनः प्राप्त करने पर ध्यान केंद्रित करें।,1
overall_C1_hwa_ex_water,state,"छोटी-छोटी बातों पर भी भावनाएँ उत्पन्न होना आसान है, और बारिश और बर्फ़ की ऊर्जा आपकी भावनाओं को शांत नहीं कर पाती है, जिससे आपका दिल भारी हो जाता है।",1
overall_C1_hwa_ex_wood,intro,"आपकी समग्र ऊर्जा बेहद कम है, जिससे आपका पूरा दिन सुस्ती भरा दिन बन गया है।",1
overall_C1_hwa_ex_wood,effect,ऊर्जा की पूर्ण समाप्ति सभी क्षेत्रों में प्रदर्शन को अवरुद्ध करती है।,1
overall_C1_hwa_ex_wood,action,न्यूनतम गतिविधि करें और ऊर्जा पुनः प्राप्त करने पर ध्यान केंद्रित करें।,1
overall_C1_hwa_ex_wood,state,"यदि आप भावनात्मक रूप से प्रेरित हैं, तो छोटी-छोटी बातों पर भी मनमुटाव पैदा होना आसान है, और परिवर्तन की ऊर्जा आपकी योजनाओं में हस्तक्षेप और बाधा डालती रह सकती है।",1
overall_C1_mok_df_earth,intro,"यह एक ऐसा दिन है जब व्यापक विकास ऊर्जा पूरी तरह से अवरुद्ध हो जाती है, जिससे किसी भी प्रयास का फल मिलना मुश्किल हो जाता है।",1
overall_C1_mok_df_earth,effect,विकास ऊर्जा में रुकावट सभी क्षेत्रों में प्रतिगमन और हताशा पैदा करती है।,1
overall_C1_mok_df_earth,action,आज कुछ भी नया शुरू न करें और कल के लिए तैयारी करें।,1
overall_C1_mok_df_earth,state,"यदि आप लंबे समय तक झिझकते हैं, तो अवसर आपके हाथ से निकल जाना आसान है, और धूमिल ऊर्जा प्रेरणा को कम कर सकती है और आपके निर्णय को धूमिल कर सकती है।",1
overall_C1_mok_df_fire,intro,"यह एक ऐसा दिन है जब व्यापक विकास ऊर्जा पूरी तरह से अवरुद्ध हो जाती है, जिससे किसी भी प्रयास का फल मिलना मुश्किल हो जाता है।",1
overall_C1_mok_df_fire,effect,विकास ऊर्जा में रुकावट सभी क्षेत्रों में प्रतिगमन और हताशा पैदा करती है।,1
overall_C1_mok_df_fire,action,आज कुछ भी नया शुरू न करें और कल के लिए तैयारी करें।,1
overall_C1_mok_df_fire,state,"यदि आप लंबे समय तक झिझकते हैं, तो अवसर आपके हाथ से निकल जाना आसान है, और उत्साहित ऊर्जा आपकी शांति को नष्ट कर सकती है और छोटी-मोटी गलतियों को जन्म दे सकती है।",1
overall_C1_mok_df_water,intro,"यह एक ऐसा दिन है जब व्यापक विकास ऊर्जा पूरी तरह से अवरुद्ध हो जाती है, जिससे किसी भी प्रयास का फल मिलना मुश्किल हो जाता है।",1
overall_C1_mok_df_water,effect,विकास ऊर्जा में रुकावट सभी क्षेत्रों में प्रतिगमन और हताशा पैदा करती है।,1
overall_C1_mok_df_water,action,आज कुछ भी नया शुरू न करें और कल के लिए तैयारी करें।,1
overall_C1_mok_df_water,state,"यदि आप लंबे समय तक झिझकते हैं, तो अवसर आसानी से आपके हाथ से निकल जाता है, और बारिश और बर्फ की ऊर्जा आपकी भावनाओं को शांत नहीं कर पाती है, जिससे आपका दिल भारी हो जाता है।",1
overall_C1_mok_df_wood,intro,"यह एक ऐसा दिन है जब व्यापक विकास ऊर्जा पूरी तरह से अवरुद्ध हो जाती है, जिससे किसी भी प्रयास का फल मिलना मुश्किल हो जाता है।",1
overall_C1_mok_df_wood,effect,विकास ऊर्जा में रुकावट सभी क्षेत्रों में प्रतिगमन और हताशा पैदा करती है।,1
overall_C1_mok_df_wood,action,आज कुछ भी नया शुरू न करें और कल के लिए तैयारी करें।,1
overall_C1_mok_df_wood,state,"यदि आप लंबे समय तक झिझकते हैं, तो अवसर आपके हाथ से निकल जाना आसान है, और परिवर्तन की ऊर्जा हस्तक्षेप करती रह सकती है और आपकी योजनाओं को बाधित कर सकती है।",1
overall_C1_mok_ex_earth,intro,"यह एक ऐसा दिन है जब व्यापक विकास ऊर्जा पूरी तरह से अवरुद्ध हो जाती है, जिससे किसी भी प्रयास का फल मिलना मुश्किल हो जाता है।",1
overall_C1_mok_ex_earth,effect,विकास ऊर्जा में रुकावट सभी क्षेत्रों में प्रतिगमन और हताशा पैदा करती है।,1
overall_C1_mok_ex_earth,action,आज कुछ भी नया शुरू न करें और कल के लिए तैयारी करें।,1
overall_C1_mok_ex_earth,state,"लालच के लिए उन चीज़ों की ओर ले जाना आसान है जिन्हें समझा नहीं जा सकता है, और अस्पष्ट ऊर्जा प्रेरणा और अस्पष्ट निर्णय को कम कर सकती है।",1
overall_C1_mok_ex_fire,intro,"यह एक ऐसा दिन है जब व्यापक विकास ऊर्जा पूरी तरह से अवरुद्ध हो जाती है, जिससे किसी भी प्रयास का फल मिलना मुश्किल हो जाता है।",1
overall_C1_mok_ex_fire,effect,विकास ऊर्जा में रुकावट सभी क्षेत्रों में प्रतिगमन और हताशा पैदा करती है।,1
overall_C1_mok_ex_fire,action,आज कुछ भी नया शुरू न करें और कल के लिए तैयारी करें।,1
overall_C1_mok_ex_fire,state,"लालच करना और ऐसे काम करना आसान है जिन पर आप नियंत्रण नहीं कर सकते, और उत्तेजित ऊर्जा आपकी शांति को भंग कर सकती है और छोटी-मोटी गलतियों को जन्म दे सकती है।",1
overall_C1_mok_ex_water,intro,"यह एक ऐसा दिन है जब व्यापक विकास ऊर्जा पूरी तरह से अवरुद्ध हो जाती है, जिससे किसी भी प्रयास का फल मिलना मुश्किल हो जाता है।",1
overall_C1_mok_ex_water,effect,विकास ऊर्जा में रुकावट सभी क्षेत्रों में प्रतिगमन और हताशा पैदा करती है।,1
overall_C1_mok_ex_water,action,आज कुछ भी नया शुरू न करें और कल के लिए तैयारी करें।,1
overall_C1_mok_ex_water,state,"लालच करना और ऐसे काम करना आसान है जिन्हें आप नियंत्रित नहीं कर सकते, और बारिश और बर्फ की ऊर्जा आपकी भावनाओं को शांत नहीं कर सकती है, जिससे आपका दिल भारी हो जाता है।",1
overall_C1_mok_ex_wood,intro,"यह एक ऐसा दिन है जब व्यापक विकास ऊर्जा पूरी तरह से अवरुद्ध हो जाती है, जिससे किसी भी प्रयास का फल मिलना मुश्किल हो जाता है।",1
overall_C1_mok_ex_wood,effect,विकास ऊर्जा में रुकावट सभी क्षेत्रों में प्रतिगमन और हताशा पैदा करती है।,1
overall_C1_mok_ex_wood,action,आज कुछ भी नया शुरू न करें और कल के लिए तैयारी करें।,1
overall_C1_mok_ex_wood,state,"लालची होना और ऐसे काम करना आसान है जिन्हें आप नियंत्रित नहीं कर सकते, और परिवर्तन की ऊर्जा आपकी योजनाओं में हस्तक्षेप और बाधा डाल सकती है।",1
overall_C1_su_df_earth,intro,संपूर्ण प्रवाह पूरी तरह से अवरुद्ध है और दिन का पहला भाग कठिन है।,1
overall_C1_su_df_earth,effect,प्रवाह में रुकावट एक साथ सभी क्षेत्रों में विफलताएं और नुकसान पैदा करती है।,1
overall_C1_su_df_earth,action,प्रवाह के विरुद्ध न जाएं और केवल सबसे सुरक्षित विकल्प चुनें।,1
overall_C1_su_df_earth,state,"जिद्दी होना और बार-बार चीजों पर नज़र रखना आसान है, और धूमिल ऊर्जा प्रेरणा को कम कर सकती है और आपके निर्णय को धूमिल कर सकती है।",1
overall_C1_su_df_fire,intro,संपूर्ण प्रवाह पूरी तरह से अवरुद्ध है और दिन का पहला भाग कठिन है।,1
overall_C1_su_df_fire,effect,प्रवाह में रुकावट एक साथ सभी क्षेत्रों में विफलताएं और नुकसान पैदा करती है।,1
overall_C1_su_df_fire,action,प्रवाह के विरुद्ध न जाएं और केवल सबसे सुरक्षित विकल्प चुनें।,1
overall_C1_su_df_fire,state,"जिद्दी होना और प्रवाह का ट्रैक खोना आसान है, और उत्तेजित ऊर्जा आपकी शांति को भंग कर सकती है और छोटी-मोटी गलतियों को जन्म दे सकती है।",1
overall_C1_su_df_water,intro,संपूर्ण प्रवाह पूरी तरह से अवरुद्ध है और दिन का पहला भाग कठिन है।,1
overall_C1_su_df_water,effect,प्रवाह में रुकावट एक साथ सभी क्षेत्रों में विफलताएं और नुकसान पैदा करती है।,1
overall_C1_su_df_water,action,प्रवाह के विरुद्ध न जाएं और केवल सबसे सुरक्षित विकल्प चुनें।,1
overall_C1_su_df_water,state,"जिद्दी बनना और प्रवाह का ट्रैक खोना आसान है, और बारिश और बर्फ की ऊर्जा आपकी भावनाओं को शांत नहीं कर सकती है, जिससे आपका दिल भारी हो जाता है।",1
overall_C1_su_df_wood,intro,संपूर्ण प्रवाह पूरी तरह से अवरुद्ध है और दिन का पहला भाग कठिन है।,1
overall_C1_su_df_wood,effect,प्रवाह में रुकावट एक साथ सभी क्षेत्रों में विफलताएं और नुकसान पैदा करती है।,1
overall_C1_su_df_wood,action,प्रवाह के विरुद्ध न जाएं और केवल सबसे सुरक्षित विकल्प चुनें।,1
overall_C1_su_df_wood,state,"ज़िद्दी होना और बार-बार चीज़ों से भटक जाना आसान है, और परिवर्तन की ऊर्जा आपकी योजनाओं में हस्तक्षेप और बाधा डाल सकती है।",1
overall_C1_su_ex_earth,intro,संपूर्ण प्रवाह पूरी तरह से अवरुद्ध है और दिन का पहला भाग कठिन है।,1
overall_C1_su_ex_earth,effect,प्रवाह में रुकावट एक साथ सभी क्षेत्रों में विफलताएं और नुकसान पैदा करती है।,1
overall_C1_su_ex_earth,action,प्रवाह के विरुद्ध न जाएं और केवल सबसे सुरक्षित विकल्प चुनें।,1
overall_C1_su_ex_earth,state,"भावनाएँ गहरी हो जाती हैं, इसलिए छोटी-छोटी उत्तेजनाओं से भी हिलना आसान होता है, और धुंधली ऊर्जा प्रेरणा और बादल निर्णय को कम कर सकती है।",1
overall_C1_su_ex_fire,intro,संपूर्ण प्रवाह पूरी तरह से अवरुद्ध है और दिन का पहला भाग कठिन है।,1
overall_C1_su_ex_fire,effect,प्रवाह में रुकावट एक साथ सभी क्षेत्रों में विफलताएं और नुकसान पैदा करती है।,1
overall_C1_su_ex_fire,action,प्रवाह के विरुद्ध न जाएं और केवल सबसे सुरक्षित विकल्प चुनें।,1
overall_C1_su_ex_fire,state,"भावनाएँ गहरी हो जाती हैं, इसलिए थोड़ी सी भी उत्तेजना से हिलना आसान होता है, और उत्तेजित ऊर्जा शांति को भंग कर सकती है और छोटी-मोटी गलतियाँ कर सकती है।",1
overall_C1_su_ex_water,intro,संपूर्ण प्रवाह पूरी तरह से अवरुद्ध है और दिन का पहला भाग कठिन है।,1
overall_C1_su_ex_water,effect,प्रवाह में रुकावट एक साथ सभी क्षेत्रों में विफलताएं और नुकसान पैदा करती है।,1
overall_C1_su_ex_water,action,प्रवाह के विरुद्ध न जाएं और केवल सबसे सुरक्षित विकल्प चुनें।,1
overall_C1_su_ex_water,state,"जैसे-जैसे भावनाएँ गहरी होती जाती हैं, थोड़ी सी भी उत्तेजना से हिलना आसान हो जाता है, और बारिश और बर्फ़ की ऊर्जा भावनाओं को शांत नहीं कर पाती है, जिससे दिल भारी हो जाता है।",1
overall_C1_su_ex_wood,intro,संपूर्ण प्रवाह पूरी तरह से अवरुद्ध है और दिन का पहला भाग कठिन है।,1
overall_C1_su_ex_wood,effect,प्रवाह में रुकावट एक साथ सभी क्षेत्रों में विफलताएं और नुकसान पैदा करती है।,1
overall_C1_su_ex_wood,action,प्रवाह के विरुद्ध न जाएं और केवल सबसे सुरक्षित विकल्प चुनें।,1
overall_C1_su_ex_wood,state,"जैसे-जैसे आपकी भावनाएँ गहरी होती जाती हैं, थोड़ी सी भी उत्तेजना से हिलना आसान हो जाता है, और परिवर्तन की ऊर्जा आपकी योजनाओं में हस्तक्षेप और बाधा डालती रह सकती है।",1
overall_C1_to_df_earth,intro,यह एक ऐसा दिन है जब आपकी स्थिरता की समग्र भावना गंभीर रूप से बाधित हो गई है और किसी भी चीज़ पर विश्वास करना मुश्किल है।,1
overall_C1_to_df_earth,effect,अस्थिर समग्र भाग्य आधार समस्याओं की एक श्रृंखला का कारण बनता है।,1
overall_C1_to_df_earth,action,आज सभी महत्वपूर्ण निर्णय स्थगित कर दें और केवल स्थिरता प्राप्त करने पर ध्यान केंद्रित करें।,1
overall_C1_to_df_earth,state,"चूँकि आप केन्द्रित नहीं हैं, इसलिए आपके निर्णयों को बदलना आसान है, और धूमिल ऊर्जा प्रेरणा को कम कर सकती है और आपके निर्णय को धूमिल कर सकती है।",1
overall_C1_to_df_fire,intro,यह एक ऐसा दिन है जब आपकी स्थिरता की समग्र भावना गंभीर रूप से बाधित हो गई है और किसी भी चीज़ पर विश्वास करना मुश्किल है।,1
overall_C1_to_df_fire,effect,अस्थिर समग्र भाग्य आधार समस्याओं की एक श्रृंखला का कारण बनता है।,1
overall_C1_to_df_fire,action,आज सभी महत्वपूर्ण निर्णय स्थगित कर दें और केवल स्थिरता प्राप्त करने पर ध्यान केंद्रित करें।,1
overall_C1_to_df_fire,state,"चूँकि आप केन्द्रित नहीं हैं, इसलिए आपके निर्णयों को बदलना आसान है, और आपकी उत्तेजित ऊर्जा आपकी शांति को नष्ट कर सकती है और छोटी-मोटी गलतियों को जन्म दे सकती है।",1
overall_C1_to_df_water,intro,यह एक ऐसा दिन है जब आपकी स्थिरता की समग्र भावना गंभीर रूप से बाधित हो गई है और किसी भी चीज़ पर विश्वास करना मुश्किल है।,1
overall_C1_to_df_water,effect,अस्थिर समग्र भाग्य आधार समस्याओं की एक श्रृंखला का कारण बनता है।,1
overall_C1_to_df_water,action,आज सभी महत्वपूर्ण निर्णय स्थगित कर दें और केवल स्थिरता प्राप्त करने पर ध्यान केंद्रित करें।,1
overall_C1_to_df_water,state,"क्योंकि आप केंद्रित नहीं हैं, इसलिए आपके निर्णय बदलना आसान है, और बारिश और बर्फ की ऊर्जा आपकी भावनाओं को शांत नहीं कर सकती है, जिससे आपका दिल भारी हो जाता है।",1
overall_C1_to_df_wood,intro,यह एक ऐसा दिन है जब आपकी स्थिरता की समग्र भावना गंभीर रूप से बाधित हो गई है और किसी भी चीज़ पर विश्वास करना मुश्किल है।,1
overall_C1_to_df_wood,effect,अस्थिर समग्र भाग्य आधार समस्याओं की एक श्रृंखला का कारण बनता है।,1
overall_C1_to_df_wood,action,आज सभी महत्वपूर्ण निर्णय स्थगित कर दें और केवल स्थिरता प्राप्त करने पर ध्यान केंद्रित करें।,1
overall_C1_to_df_wood,state,"चूँकि आप केन्द्रित नहीं हैं, इसलिए आपके निर्णयों को बदलना आसान है, और परिवर्तन की ऊर्जा आपकी योजनाओं में हस्तक्षेप कर सकती है।",1
overall_C1_to_ex_earth,intro,यह एक ऐसा दिन है जब आपकी स्थिरता की समग्र भावना गंभीर रूप से बाधित हो गई है और किसी भी चीज़ पर विश्वास करना मुश्किल है।,1
overall_C1_to_ex_earth,effect,अस्थिर समग्र भाग्य आधार समस्याओं की एक श्रृंखला का कारण बनता है।,1
overall_C1_to_ex_earth,action,आज सभी महत्वपूर्ण निर्णय स्थगित कर दें और केवल स्थिरता प्राप्त करने पर ध्यान केंद्रित करें।,1
overall_C1_to_ex_earth,state,"उन परिवर्तनों को अनदेखा करना आसान है जिनके लिए जिद्दी स्थिरता अभिविन्यास की आवश्यकता होती है, और बादल वाली ऊर्जा प्रेरणा और बादल निर्णय को कम कर सकती है।",1
overall_C1_to_ex_fire,intro,यह एक ऐसा दिन है जब आपकी स्थिरता की समग्र भावना गंभीर रूप से बाधित हो गई है और किसी भी चीज़ पर विश्वास करना मुश्किल है।,1
overall_C1_to_ex_fire,effect,अस्थिर समग्र भाग्य आधार समस्याओं की एक श्रृंखला का कारण बनता है।,1
overall_C1_to_ex_fire,action,आज सभी महत्वपूर्ण निर्णय स्थगित कर दें और केवल स्थिरता प्राप्त करने पर ध्यान केंद्रित करें।,1
overall_C1_to_ex_fire,state,"उन परिवर्तनों को अनदेखा करना आसान है जिनके लिए जिद्दी स्थिरता की आवश्यकता होती है, और उत्तेजित ऊर्जा शांति को परेशान कर सकती है और छोटी गलतियों को जन्म दे सकती है।",1
overall_C1_to_ex_water,intro,यह एक ऐसा दिन है जब आपकी स्थिरता की समग्र भावना गंभीर रूप से बाधित हो गई है और किसी भी चीज़ पर विश्वास करना मुश्किल है।,1
overall_C1_to_ex_water,effect,अस्थिर समग्र भाग्य आधार समस्याओं की एक श्रृंखला का कारण बनता है।,1
overall_C1_to_ex_water,action,आज सभी महत्वपूर्ण निर्णय स्थगित कर दें और केवल स्थिरता प्राप्त करने पर ध्यान केंद्रित करें।,1
overall_C1_to_ex_water,state,"उन परिवर्तनों को अनदेखा करना आसान है जिनके लिए जिद्दी स्थिरता की आवश्यकता होती है, और बारिश और बर्फ की ऊर्जा आपकी भावनाओं को शांत नहीं कर सकती है, जिससे आपका दिल भारी हो जाता है।",1
overall_C1_to_ex_wood,intro,यह एक ऐसा दिन है जब आपकी स्थिरता की समग्र भावना गंभीर रूप से बाधित हो गई है और किसी भी चीज़ पर विश्वास करना मुश्किल है।,1
overall_C1_to_ex_wood,effect,अस्थिर समग्र भाग्य आधार समस्याओं की एक श्रृंखला का कारण बनता है।,1
overall_C1_to_ex_wood,action,आज सभी महत्वपूर्ण निर्णय स्थगित कर दें और केवल स्थिरता प्राप्त करने पर ध्यान केंद्रित करें।,1
overall_C1_to_ex_wood,state,"उन परिवर्तनों को अनदेखा करना आसान है जिनके लिए जिद्दी स्थिरता अभिविन्यास की आवश्यकता होती है, और परिवर्तन की ऊर्जा आपकी योजनाओं में हस्तक्षेप और बाधित कर सकती है।",1
overall_D,intro,"आज, मेरी ऊर्जा निचले स्तर पर है, इसलिए मुझे अपने लालच को पूरी तरह से त्यागने के लिए एक दिन की आवश्यकता है।",1
overall_D,intro,"भाग्य का प्रवाह आज काफी हद तक बंद है, इसलिए सब कुछ न्यूनतम रखना ही सबसे अच्छा है।",1
overall_D,effect,"किसी भी क्षेत्र में योजना के अनुसार चलने के लिए यह एक कठिन दिन है, जिसमें धैर्य और संयम की आवश्यकता है।",1
overall_D,effect,"ऊर्जा निचले स्तर के करीब है, इसलिए छोटे प्रयास भी बड़ी थकावट का कारण बन सकते हैं, इसलिए ऊर्जा का संरक्षण महत्वपूर्ण है।",1
overall_D,action,आज अस्तित्व ही काफी है. अगर आप कुछ नहीं करते हैं तो भी यह एक अच्छा दिन है।,1
overall_D,action,कल के लिए ऊर्जा बचाना सबसे बुद्धिमानी भरा काम है जो आप आज कर सकते हैं।,1
overall_D_geum_df_earth,intro,आज का दिन बहुत कठिन है क्योंकि आपका कुल भाग्य अपने सबसे निचले स्तर पर है।,1
overall_D_geum_df_earth,effect,सभी भाग्य में पूर्ण गिरावट किसी भी प्रयास को निष्फल बना देती है।,1
overall_D_geum_df_earth,action,आज एक शांत दिन बिताएं और कल का इंतज़ार करें।,1
overall_D_geum_df_earth,state,"आपका दृढ़ संकल्प बहुत टूट सकता है, और आपके द्वारा चुने गए किसी भी विकल्प के परिणामस्वरूप पछतावा हो सकता है, और मोटी, धुंधली ऊर्जा हर चीज को बहुत धीमा कर सकती है।",1
overall_D_geum_df_fire,intro,आज का दिन बहुत कठिन है क्योंकि आपका कुल भाग्य अपने सबसे निचले स्तर पर है।,1
overall_D_geum_df_fire,effect,सभी भाग्य में पूर्ण गिरावट किसी भी प्रयास को निष्फल बना देती है।,1
overall_D_geum_df_fire,action,आज एक शांत दिन बिताएं और कल का इंतज़ार करें।,1
overall_D_geum_df_fire,state,"निर्णय लेने की क्षमता को बहुत कमजोर किया जा सकता है, और कोई भी विकल्प पछतावे का कारण बन सकता है, और मजबूत यांग आवेगों को प्रोत्साहित कर सकता है और लापरवाह कार्यों को जन्म दे सकता है।",1
overall_D_geum_df_water,intro,आज का दिन बहुत कठिन है क्योंकि आपका कुल भाग्य अपने सबसे निचले स्तर पर है।,1
overall_D_geum_df_water,effect,सभी भाग्य में पूर्ण गिरावट किसी भी प्रयास को निष्फल बना देती है।,1
overall_D_geum_df_water,action,आज एक शांत दिन बिताएं और कल का इंतज़ार करें।,1
overall_D_geum_df_water,state,"आपका दृढ़ संकल्प बुरी तरह टूट सकता है, और आपके द्वारा चुने गए किसी भी विकल्प के परिणामस्वरूप पछतावा हो सकता है, और भारी बारिश और बर्फ़ की तीव्रता आपकी भावनाओं को हिंसक रूप से झकझोर सकती है, जिससे उन्हें नियंत्रित करना मुश्किल हो जाएगा।",1
overall_D_geum_df_wood,intro,आज का दिन बहुत कठिन है क्योंकि आपका कुल भाग्य अपने सबसे निचले स्तर पर है।,1
overall_D_geum_df_wood,effect,सभी भाग्य में पूर्ण गिरावट किसी भी प्रयास को निष्फल बना देती है।,1
overall_D_geum_df_wood,action,आज एक शांत दिन बिताएं और कल का इंतज़ार करें।,1
overall_D_geum_df_wood,state,"आपका दृढ़ संकल्प बुरी तरह टूट सकता है, आपके द्वारा किया गया कोई भी विकल्प पछतावे में समाप्त हो सकता है, और परिवर्तन की प्रचंड ऊर्जा के कारण आपकी सभी भविष्यवाणियाँ भटक सकती हैं।",1
overall_D_geum_ex_earth,intro,आज का दिन बहुत कठिन है क्योंकि आपका कुल भाग्य अपने सबसे निचले स्तर पर है।,1
overall_D_geum_ex_earth,effect,सभी भाग्य में पूर्ण गिरावट किसी भी प्रयास को निष्फल बना देती है।,1
overall_D_geum_ex_earth,action,आज एक शांत दिन बिताएं और कल का इंतज़ार करें।,1
overall_D_geum_ex_earth,state,"यदि तीक्ष्णता बहुत दूर तक जाती है, तो यह आसपास के वातावरण के साथ एक गहरी दरार पैदा कर सकती है, और घनी बादल वाली ऊर्जा हर चीज़ को बहुत धीमा कर सकती है।",1
overall_D_geum_ex_fire,intro,आज का दिन बहुत कठिन है क्योंकि आपका कुल भाग्य अपने सबसे निचले स्तर पर है।,1
overall_D_geum_ex_fire,effect,सभी भाग्य में पूर्ण गिरावट किसी भी प्रयास को निष्फल बना देती है।,1
overall_D_geum_ex_fire,action,आज एक शांत दिन बिताएं और कल का इंतज़ार करें।,1
overall_D_geum_ex_fire,state,"तीखापन बहुत दूर तक जा सकता है और आपके आस-पास के लोगों के साथ गहरी दरार पैदा कर सकता है, और मजबूत यांग आवेगों को प्रोत्साहित कर सकता है और लापरवाह कार्यों को जन्म दे सकता है।",1
overall_D_geum_ex_water,intro,आज का दिन बहुत कठिन है क्योंकि आपका कुल भाग्य अपने सबसे निचले स्तर पर है।,1
overall_D_geum_ex_water,effect,सभी भाग्य में पूर्ण गिरावट किसी भी प्रयास को निष्फल बना देती है।,1
overall_D_geum_ex_water,action,आज एक शांत दिन बिताएं और कल का इंतज़ार करें।,1
overall_D_geum_ex_water,state,"तीव्रता बहुत दूर तक जा सकती है और आसपास के वातावरण में गहरी दरारें पैदा कर सकती है, और भारी बारिश और बर्फ की ताकत आपकी भावनाओं को हिंसक रूप से झकझोर सकती है, जिससे उन्हें नियंत्रित करना मुश्किल हो जाता है।",1
overall_D_geum_ex_wood,intro,आज का दिन बहुत कठिन है क्योंकि आपका कुल भाग्य अपने सबसे निचले स्तर पर है।,1
overall_D_geum_ex_wood,effect,सभी भाग्य में पूर्ण गिरावट किसी भी प्रयास को निष्फल बना देती है।,1
overall_D_geum_ex_wood,action,आज एक शांत दिन बिताएं और कल का इंतज़ार करें।,1
overall_D_geum_ex_wood,state,"तीक्ष्णता बहुत दूर तक जा सकती है और परिवेश में गहरी दरारें पैदा कर सकती है, और परिवर्तन की प्रचंड ऊर्जा सभी भविष्यवाणियों को भटका सकती है।",1
overall_D_hwa_df_earth,intro,यह एक ऐसा दिन है जब आपकी समग्र ऊर्जा पूरी तरह से समाप्त हो जाती है और कोई भी गतिविधि मुश्किल हो जाती है।,1
overall_D_hwa_df_earth,effect,पूर्ण ऊर्जा ह्रास के कारण सभी क्षेत्र एक साथ ढह जाते हैं।,1
overall_D_hwa_df_earth,action,आज कोई भी गतिविधि कम करें और पूरा आराम करें।,1
overall_D_hwa_df_earth,state,"किसी की भावनाओं को व्यक्त करने का रास्ता पूरी तरह से बंद है, जो गलतफहमियों और वियोग को गहरा कर सकता है, और मोटी, धुंधली ऊर्जा हर चीज को बहुत धीमा कर सकती है।",1
overall_D_hwa_df_fire,intro,यह एक ऐसा दिन है जब आपकी समग्र ऊर्जा पूरी तरह से समाप्त हो जाती है और कोई भी गतिविधि मुश्किल हो जाती है।,1
overall_D_hwa_df_fire,effect,पूर्ण ऊर्जा ह्रास के कारण सभी क्षेत्र एक साथ ढह जाते हैं।,1
overall_D_hwa_df_fire,action,आज कोई भी गतिविधि कम करें और पूरा आराम करें।,1
overall_D_hwa_df_fire,state,"किसी की भावनाओं को संप्रेषित करने का रास्ता पूरी तरह से बंद है, जिससे गलतफहमी और अलगाव गहरा हो सकता है, और मजबूत सकारात्मक ऊर्जा आवेगों को प्रोत्साहित कर सकती है और लापरवाह कार्यों को जन्म दे सकती है।",1
overall_D_hwa_df_water,intro,यह एक ऐसा दिन है जब आपकी समग्र ऊर्जा पूरी तरह से समाप्त हो जाती है और कोई भी गतिविधि मुश्किल हो जाती है।,1
overall_D_hwa_df_water,effect,पूर्ण ऊर्जा ह्रास के कारण सभी क्षेत्र एक साथ ढह जाते हैं।,1
overall_D_hwa_df_water,action,आज कोई भी गतिविधि कम करें और पूरा आराम करें।,1
overall_D_hwa_df_water,state,"किसी की भावनाओं को संप्रेषित करने का रास्ता पूरी तरह से बंद है, जिससे गलतफहमियां और वियोग गहरा सकता है, और भारी बारिश और बर्फ की ताकत भावनाओं को हिंसक रूप से झकझोर सकती है, जिससे उन्हें नियंत्रित करना मुश्किल हो जाता है।",1
overall_D_hwa_df_wood,intro,यह एक ऐसा दिन है जब आपकी समग्र ऊर्जा पूरी तरह से समाप्त हो जाती है और कोई भी गतिविधि मुश्किल हो जाती है।,1
overall_D_hwa_df_wood,effect,पूर्ण ऊर्जा ह्रास के कारण सभी क्षेत्र एक साथ ढह जाते हैं।,1
overall_D_hwa_df_wood,action,आज कोई भी गतिविधि कम करें और पूरा आराम करें।,1
overall_D_hwa_df_wood,state,"किसी की भावनाओं को संप्रेषित करने का रास्ता पूरी तरह से बंद हो जाता है, गलतफहमियाँ और वियोग गहरा हो सकता है, और परिवर्तन की उग्र ऊर्जा सभी भविष्यवाणियों को भटका सकती है।",1
overall_D_hwa_ex_earth,intro,यह एक ऐसा दिन है जब आपकी समग्र ऊर्जा पूरी तरह से समाप्त हो जाती है और कोई भी गतिविधि मुश्किल हो जाती है।,1
overall_D_hwa_ex_earth,effect,पूर्ण ऊर्जा ह्रास के कारण सभी क्षेत्र एक साथ ढह जाते हैं।,1
overall_D_hwa_ex_earth,action,आज कोई भी गतिविधि कम करें और पूरा आराम करें।,1
overall_D_hwa_ex_earth,state,"अत्यधिक गरम भावनाएँ एक अपूरणीय संघर्ष में फैल सकती हैं, और घनी बादल वाली ऊर्जा सब कुछ बहुत धीमा कर सकती है।",1
overall_D_hwa_ex_fire,intro,यह एक ऐसा दिन है जब आपकी समग्र ऊर्जा पूरी तरह से समाप्त हो जाती है और कोई भी गतिविधि मुश्किल हो जाती है।,1
overall_D_hwa_ex_fire,effect,पूर्ण ऊर्जा ह्रास के कारण सभी क्षेत्र एक साथ ढह जाते हैं।,1
overall_D_hwa_ex_fire,action,आज कोई भी गतिविधि कम करें और पूरा आराम करें।,1
overall_D_hwa_ex_fire,state,"अत्यधिक गरम भावनाएं अपरिवर्तनीय संघर्ष का कारण बन सकती हैं, और मजबूत यांग आवेगों को प्रोत्साहित कर सकता है और लापरवाह कार्यों को जन्म दे सकता है।",1
overall_D_hwa_ex_water,intro,यह एक ऐसा दिन है जब आपकी समग्र ऊर्जा पूरी तरह से समाप्त हो जाती है और कोई भी गतिविधि मुश्किल हो जाती है।,1
overall_D_hwa_ex_water,effect,पूर्ण ऊर्जा ह्रास के कारण सभी क्षेत्र एक साथ ढह जाते हैं।,1
overall_D_hwa_ex_water,action,आज कोई भी गतिविधि कम करें और पूरा आराम करें।,1
overall_D_hwa_ex_water,state,"अत्यधिक गरम भावनाएं एक अपूरणीय संघर्ष में फैल सकती हैं, और भारी बारिश और बर्फ की ताकत भावनाओं को हिंसक रूप से हिला देती है, जिससे नियंत्रण मुश्किल हो जाता है।",1
overall_D_hwa_ex_wood,intro,यह एक ऐसा दिन है जब आपकी समग्र ऊर्जा पूरी तरह से समाप्त हो जाती है और कोई भी गतिविधि मुश्किल हो जाती है।,1
overall_D_hwa_ex_wood,effect,पूर्ण ऊर्जा ह्रास के कारण सभी क्षेत्र एक साथ ढह जाते हैं।,1
overall_D_hwa_ex_wood,action,आज कोई भी गतिविधि कम करें और पूरा आराम करें।,1
overall_D_hwa_ex_wood,state,"अत्यधिक गरम भावनाएँ एक अपूरणीय संघर्ष में फैल सकती हैं, और परिवर्तन की उग्र ऊर्जा सभी भविष्यवाणियों को भटका सकती है।",1
overall_D_mok_df_earth,intro,यह आपके जीवन का सबसे बुरा दिन हो सकता है क्योंकि आपकी समग्र विकास ऊर्जा पूरी तरह से नष्ट हो गई है।,1
overall_D_mok_df_earth,effect,विकास ऊर्जा का पूर्ण नुकसान पूरे क्षेत्र को बदतर बना देता है।,1
overall_D_mok_df_earth,action,आज कुछ भी नया न करें और इसे कल तक के लिए टाल दें।,1
overall_D_mok_df_earth,state,"डर आपको कार्रवाई करने से पूरी तरह से रोक सकता है और यहां तक ​​कि आपको अवसरों को खोने का कारण भी बन सकता है, और घनी बादल वाली ऊर्जा हर चीज को बहुत धीमा कर सकती है।",1
overall_D_mok_df_fire,intro,यह आपके जीवन का सबसे बुरा दिन हो सकता है क्योंकि आपकी समग्र विकास ऊर्जा पूरी तरह से नष्ट हो गई है।,1
overall_D_mok_df_fire,effect,विकास ऊर्जा का पूर्ण नुकसान पूरे क्षेत्र को बदतर बना देता है।,1
overall_D_mok_df_fire,action,आज कुछ भी नया न करें और इसे कल तक के लिए टाल दें।,1
overall_D_mok_df_fire,state,"डर किसी कार्य को पूरी तरह से रोक सकता है और यहां तक कि अवसरों की हानि भी हो सकती है, और मजबूत सकारात्मक ऊर्जा आवेगों को प्रोत्साहित कर सकती है और लापरवाह कार्यों को जन्म दे सकती है।",1
overall_D_mok_df_water,intro,यह आपके जीवन का सबसे बुरा दिन हो सकता है क्योंकि आपकी समग्र विकास ऊर्जा पूरी तरह से नष्ट हो गई है।,1
overall_D_mok_df_water,effect,विकास ऊर्जा का पूर्ण नुकसान पूरे क्षेत्र को बदतर बना देता है।,1
overall_D_mok_df_water,action,आज कुछ भी नया न करें और इसे कल तक के लिए टाल दें।,1
overall_D_mok_df_water,state,"डर आपको कार्रवाई करने से पूरी तरह से रोक सकता है और यहां तक कि आपके लिए अवसर भी खो सकता है, और भारी बारिश और बर्फबारी की ताकत आपकी भावनाओं को इतना हिला सकती है कि उन्हें नियंत्रित करना मुश्किल हो जाता है।",1
overall_D_mok_df_wood,intro,यह आपके जीवन का सबसे बुरा दिन हो सकता है क्योंकि आपकी समग्र विकास ऊर्जा पूरी तरह से नष्ट हो गई है।,1
overall_D_mok_df_wood,effect,विकास ऊर्जा का पूर्ण नुकसान पूरे क्षेत्र को बदतर बना देता है।,1
overall_D_mok_df_wood,action,आज कुछ भी नया न करें और इसे कल तक के लिए टाल दें।,1
overall_D_mok_df_wood,state,"डर कार्रवाई को पूरी तरह से रोक सकता है और यहां तक कि अवसरों की हानि भी हो सकती है, और परिवर्तन की प्रचंड ऊर्जा सभी भविष्यवाणियों को भटका सकती है।",1
overall_D_mok_ex_earth,intro,यह आपके जीवन का सबसे बुरा दिन हो सकता है क्योंकि आपकी समग्र विकास ऊर्जा पूरी तरह से नष्ट हो गई है।,1
overall_D_mok_ex_earth,effect,विकास ऊर्जा का पूर्ण नुकसान पूरे क्षेत्र को बदतर बना देता है।,1
overall_D_mok_ex_earth,action,आज कुछ भी नया न करें और इसे कल तक के लिए टाल दें।,1
overall_D_mok_ex_earth,state,"अनियंत्रित प्रेरणा अनुचित दुर्घटनाओं को जन्म दे सकती है, और घनी धुंधली ऊर्जा हर चीज़ को बहुत धीमा कर सकती है।",1
overall_D_mok_ex_fire,intro,यह आपके जीवन का सबसे बुरा दिन हो सकता है क्योंकि आपकी समग्र विकास ऊर्जा पूरी तरह से नष्ट हो गई है।,1
overall_D_mok_ex_fire,effect,विकास ऊर्जा का पूर्ण नुकसान पूरे क्षेत्र को बदतर बना देता है।,1
overall_D_mok_ex_fire,action,आज कुछ भी नया न करें और इसे कल तक के लिए टाल दें।,1
overall_D_mok_ex_fire,state,"अनियंत्रित प्रेरणा अनुचित दुर्घटनाओं को जन्म दे सकती है, और मजबूत सकारात्मक ऊर्जा आवेगों को प्रोत्साहित कर सकती है और लापरवाह कार्यों को जन्म दे सकती है।",1
overall_D_mok_ex_water,intro,यह आपके जीवन का सबसे बुरा दिन हो सकता है क्योंकि आपकी समग्र विकास ऊर्जा पूरी तरह से नष्ट हो गई है।,1
overall_D_mok_ex_water,effect,विकास ऊर्जा का पूर्ण नुकसान पूरे क्षेत्र को बदतर बना देता है।,1
overall_D_mok_ex_water,action,आज कुछ भी नया न करें और इसे कल तक के लिए टाल दें।,1
overall_D_mok_ex_water,state,"अनियंत्रित प्रेरणा अनुचित दुर्घटनाओं को जन्म दे सकती है, और भारी बारिश और बर्फ की ताकत भावनाओं को हिंसक रूप से हिला सकती है, जिससे नियंत्रण मुश्किल हो जाता है।",1
overall_D_mok_ex_wood,intro,यह आपके जीवन का सबसे बुरा दिन हो सकता है क्योंकि आपकी समग्र विकास ऊर्जा पूरी तरह से नष्ट हो गई है।,1
overall_D_mok_ex_wood,effect,विकास ऊर्जा का पूर्ण नुकसान पूरे क्षेत्र को बदतर बना देता है।,1
overall_D_mok_ex_wood,action,आज कुछ भी नया न करें और इसे कल तक के लिए टाल दें।,1
overall_D_mok_ex_wood,state,"अनियंत्रित प्रेरणा अनुचित सोच को जन्म दे सकती है, और परिवर्तन की प्रचंड ऊर्जा सभी भविष्यवाणियों को भटका सकती है।",1
overall_D_su_df_earth,intro,यह एक ऐसा दिन है जब पूरी प्रवृत्ति पूरी तरह से उलट जाती है और कोई भी प्रयास प्रतिकूल होता है।,1
overall_D_su_df_earth,effect,प्रवाह का पूर्ण उलटाव सभी प्रयासों को विफल कर देता है।,1
overall_D_su_df_earth,action,आज अपनी सभी योजनाएं बंद कर दें और स्थिति के ठीक होने का इंतजार करें।,1
overall_D_su_df_earth,state,"एक कठोर रवैया सभी प्रवाह को अवरुद्ध कर देता है, जिससे प्रगति कठिन हो जाती है, और मोटी, धुंधली ऊर्जा हर चीज को बहुत धीमा कर सकती है।",1
overall_D_su_df_fire,intro,यह एक ऐसा दिन है जब पूरी प्रवृत्ति पूरी तरह से उलट जाती है और कोई भी प्रयास प्रतिकूल होता है।,1
overall_D_su_df_fire,effect,प्रवाह का पूर्ण उलटाव सभी प्रयासों को विफल कर देता है।,1
overall_D_su_df_fire,action,आज अपनी सभी योजनाएं बंद कर दें और स्थिति के ठीक होने का इंतजार करें।,1
overall_D_su_df_fire,state,"एक कठोर रवैया सभी प्रवाह को अवरुद्ध करता है, प्रगति को कठिन बनाता है, और मजबूत सकारात्मक ऊर्जा आवेगों को प्रोत्साहित कर सकती है और लापरवाह कार्यों को जन्म दे सकती है।",1
overall_D_su_df_water,intro,यह एक ऐसा दिन है जब पूरी प्रवृत्ति पूरी तरह से उलट जाती है और कोई भी प्रयास प्रतिकूल होता है।,1
overall_D_su_df_water,effect,प्रवाह का पूर्ण उलटाव सभी प्रयासों को विफल कर देता है।,1
overall_D_su_df_water,action,आज अपनी सभी योजनाएं बंद कर दें और स्थिति के ठीक होने का इंतजार करें।,1
overall_D_su_df_water,state,"एक कठोर रवैया सभी प्रवाह को अवरुद्ध कर देता है, जिससे प्रगति मुश्किल हो जाती है, और भारी बारिश और बर्फ की ताकत भावनाओं को हिंसक रूप से हिला देती है, जिससे नियंत्रण मुश्किल हो जाता है।",1
overall_D_su_df_wood,intro,यह एक ऐसा दिन है जब पूरी प्रवृत्ति पूरी तरह से उलट जाती है और कोई भी प्रयास प्रतिकूल होता है।,1
overall_D_su_df_wood,effect,प्रवाह का पूर्ण उलटाव सभी प्रयासों को विफल कर देता है।,1
overall_D_su_df_wood,action,आज अपनी सभी योजनाएं बंद कर दें और स्थिति के ठीक होने का इंतजार करें।,1
overall_D_su_df_wood,state,"एक कठोर रवैया सभी प्रवाह को अवरुद्ध कर देता है, जिससे प्रगति कठिन हो जाती है, और परिवर्तन की उग्र ऊर्जा सभी भविष्यवाणियों को भटका सकती है।",1
overall_D_su_ex_earth,intro,यह एक ऐसा दिन है जब पूरी प्रवृत्ति पूरी तरह से उलट जाती है और कोई भी प्रयास प्रतिकूल होता है।,1
overall_D_su_ex_earth,effect,प्रवाह का पूर्ण उलटाव सभी प्रयासों को विफल कर देता है।,1
overall_D_su_ex_earth,action,आज अपनी सभी योजनाएं बंद कर दें और स्थिति के ठीक होने का इंतजार करें।,1
overall_D_su_ex_earth,state,"भावनाओं का तूफ़ान तर्क पर हावी हो सकता है और बड़ी ग़लतियों को जन्म दे सकता है, और मोटी, धुंधली ऊर्जा हर चीज़ को बहुत धीमा कर सकती है।",1
overall_D_su_ex_fire,intro,यह एक ऐसा दिन है जब पूरी प्रवृत्ति पूरी तरह से उलट जाती है और कोई भी प्रयास प्रतिकूल होता है।,1
overall_D_su_ex_fire,effect,प्रवाह का पूर्ण उलटाव सभी प्रयासों को विफल कर देता है।,1
overall_D_su_ex_fire,action,आज अपनी सभी योजनाएं बंद कर दें और स्थिति के ठीक होने का इंतजार करें।,1
overall_D_su_ex_fire,state,"भावनाओं का सैलाब तर्क पर हावी हो सकता है और बड़ी गलतियों को जन्म दे सकता है, और मजबूत सकारात्मक ऊर्जा आवेगों को प्रोत्साहित कर सकती है और लापरवाह कार्यों को जन्म दे सकती है।",1
overall_D_su_ex_water,intro,यह एक ऐसा दिन है जब पूरी प्रवृत्ति पूरी तरह से उलट जाती है और कोई भी प्रयास प्रतिकूल होता है।,1
overall_D_su_ex_water,effect,प्रवाह का पूर्ण उलटाव सभी प्रयासों को विफल कर देता है।,1
overall_D_su_ex_water,action,आज अपनी सभी योजनाएं बंद कर दें और स्थिति के ठीक होने का इंतजार करें।,1
overall_D_su_ex_water,state,"भावनाओं का सैलाब तर्क पर हावी हो सकता है और बड़ी ग़लतियों को जन्म दे सकता है, और भारी बारिश और बर्फ़ की तीव्रता भावनाओं को हिंसक रूप से झकझोर सकती है, जिससे उन्हें नियंत्रित करना मुश्किल हो जाता है।",1
overall_D_su_ex_wood,intro,यह एक ऐसा दिन है जब पूरी प्रवृत्ति पूरी तरह से उलट जाती है और कोई भी प्रयास प्रतिकूल होता है।,1
overall_D_su_ex_wood,effect,प्रवाह का पूर्ण उलटाव सभी प्रयासों को विफल कर देता है।,1
overall_D_su_ex_wood,action,आज अपनी सभी योजनाएं बंद कर दें और स्थिति के ठीक होने का इंतजार करें।,1
overall_D_su_ex_wood,state,"भावनाओं का सैलाब तर्क पर हावी हो सकता है और बड़ी गलतियों को जन्म दे सकता है, और परिवर्तन की प्रचंड ऊर्जा सभी भविष्यवाणियों को भटका सकती है।",1
overall_D_to_df_earth,intro,आज संकट का दिन है क्योंकि स्थिरता की मेरी समग्र भावना पूरी तरह से ध्वस्त हो गई है।,1
overall_D_to_df_earth,effect,एक पूरी तरह से ध्वस्त स्थिर नींव सभी क्षेत्रों में सबसे खराब परिणाम उत्पन्न करती है।,1
overall_D_to_df_earth,action,आज पूरी तरह से ब्रेक लें और सिर्फ रिकवरी पर ध्यान दें।,1
overall_D_to_df_earth,state,"आप अपना संतुलन पूरी तरह से खो सकते हैं और सब कुछ नियंत्रण से बाहर हो सकता है, और घने बादलों वाली ऊर्जा हर चीज़ को बहुत धीमा कर सकती है।",1
overall_D_to_df_fire,intro,आज संकट का दिन है क्योंकि स्थिरता की मेरी समग्र भावना पूरी तरह से ध्वस्त हो गई है।,1
overall_D_to_df_fire,effect,एक पूरी तरह से ध्वस्त स्थिर नींव सभी क्षेत्रों में सबसे खराब परिणाम उत्पन्न करती है।,1
overall_D_to_df_fire,action,आज पूरी तरह से ब्रेक लें और सिर्फ रिकवरी पर ध्यान दें।,1
overall_D_to_df_fire,state,"यदि आप पूरी तरह से अपना संतुलन खो देते हैं, तो सब कुछ नियंत्रण से बाहर हो सकता है, और मजबूत यांग ऊर्जा आवेगों को प्रोत्साहित कर सकती है और आपको लापरवाह कार्यों के लिए प्रेरित कर सकती है।",1
overall_D_to_df_water,intro,आज संकट का दिन है क्योंकि स्थिरता की मेरी समग्र भावना पूरी तरह से ध्वस्त हो गई है।,1
overall_D_to_df_water,effect,एक पूरी तरह से ध्वस्त स्थिर नींव सभी क्षेत्रों में सबसे खराब परिणाम उत्पन्न करती है।,1
overall_D_to_df_water,action,आज पूरी तरह से ब्रेक लें और सिर्फ रिकवरी पर ध्यान दें।,1
overall_D_to_df_water,state,"आप पूरी तरह से अपना संतुलन खो सकते हैं और सब कुछ नियंत्रण से बाहर हो सकता है, और भारी बारिश और बर्फ़ की तीव्रता आपकी भावनाओं को इतना हिला सकती है कि उन्हें नियंत्रित करना मुश्किल हो जाता है।",1
overall_D_to_df_wood,intro,आज संकट का दिन है क्योंकि स्थिरता की मेरी समग्र भावना पूरी तरह से ध्वस्त हो गई है।,1
overall_D_to_df_wood,effect,एक पूरी तरह से ध्वस्त स्थिर नींव सभी क्षेत्रों में सबसे खराब परिणाम उत्पन्न करती है।,1
overall_D_to_df_wood,action,आज पूरी तरह से ब्रेक लें और सिर्फ रिकवरी पर ध्यान दें।,1
overall_D_to_df_wood,state,"यदि आप अपना संतुलन पूरी तरह से खो देते हैं, तो सब कुछ नियंत्रण से बाहर हो सकता है, और परिवर्तन की हिंसक ऊर्जा आपकी सभी भविष्यवाणियों को भटका सकती है।",1
overall_D_to_ex_earth,intro,आज संकट का दिन है क्योंकि स्थिरता की मेरी समग्र भावना पूरी तरह से ध्वस्त हो गई है।,1
overall_D_to_ex_earth,effect,एक पूरी तरह से ध्वस्त स्थिर नींव सभी क्षेत्रों में सबसे खराब परिणाम उत्पन्न करती है।,1
overall_D_to_ex_earth,action,आज पूरी तरह से ब्रेक लें और सिर्फ रिकवरी पर ध्यान दें।,1
overall_D_to_ex_earth,state,"परिवर्तन से इनकार करने से संकट बढ़ सकता है और पुनर्प्राप्ति कठिन हो सकती है, और घना, बादल भरा वातावरण सब कुछ बहुत धीमा कर सकता है।",1
overall_D_to_ex_fire,intro,आज संकट का दिन है क्योंकि स्थिरता की मेरी समग्र भावना पूरी तरह से ध्वस्त हो गई है।,1
overall_D_to_ex_fire,effect,एक पूरी तरह से ध्वस्त स्थिर नींव सभी क्षेत्रों में सबसे खराब परिणाम उत्पन्न करती है।,1
overall_D_to_ex_fire,action,आज पूरी तरह से ब्रेक लें और सिर्फ रिकवरी पर ध्यान दें।,1
overall_D_to_ex_fire,state,"परिवर्तन से इनकार करने से संकट बढ़ सकता है और पुनर्प्राप्ति कठिन हो सकती है, और मजबूत सकारात्मक ऊर्जा आवेगों को प्रोत्साहित कर सकती है और लापरवाह कार्यों को जन्म दे सकती है।",1
overall_D_to_ex_water,intro,आज संकट का दिन है क्योंकि स्थिरता की मेरी समग्र भावना पूरी तरह से ध्वस्त हो गई है।,1
overall_D_to_ex_water,effect,एक पूरी तरह से ध्वस्त स्थिर नींव सभी क्षेत्रों में सबसे खराब परिणाम उत्पन्न करती है।,1
overall_D_to_ex_water,action,आज पूरी तरह से ब्रेक लें और सिर्फ रिकवरी पर ध्यान दें।,1
overall_D_to_ex_water,state,"परिवर्तन से इनकार करने से संकट बढ़ सकता है और पुनर्प्राप्ति कठिन हो सकती है, और भारी बारिश और बर्फ़ की तीव्रता भावनाओं को हिंसक रूप से हिला सकती है, जिससे नियंत्रण मुश्किल हो जाता है।",1
overall_D_to_ex_wood,intro,आज संकट का दिन है क्योंकि स्थिरता की मेरी समग्र भावना पूरी तरह से ध्वस्त हो गई है।,1
overall_D_to_ex_wood,effect,एक पूरी तरह से ध्वस्त स्थिर नींव सभी क्षेत्रों में सबसे खराब परिणाम उत्पन्न करती है।,1
overall_D_to_ex_wood,action,आज पूरी तरह से ब्रेक लें और सिर्फ रिकवरी पर ध्यान दें।,1
overall_D_to_ex_wood,state,"परिवर्तन से इनकार करने से संकट बढ़ सकता है और पुनर्प्राप्ति कठिन हो सकती है, और परिवर्तन की प्रचंड ऊर्जा सभी भविष्यवाणियों को भटका सकती है।",1
decision_A,intro,आज वह दिन है जब आपका निर्णय अपने चरम पर है और आप जटिल परिस्थितियों को स्पष्ट रूप से देख सकते हैं।,1
decision_A,intro,आज वह दिन है जब निर्णय लेने की ऊर्जा अच्छी है और लंबे समय से चली आ रही चिंताओं का स्पष्ट समाधान होगा।,1
decision_A,effect,"अंतर्ज्ञान और तर्क एक साथ काम करते हैं, जिससे आप बिना पछतावे के महत्वपूर्ण विकल्प चुन सकते हैं।",1
decision_A,effect,"आपका निर्णय तेज़ हो जाता है, जिससे आप मुख्य बिंदुओं को तुरंत समझ सकते हैं और सही निष्कर्ष पर पहुँच सकते हैं।",1
decision_A,action,"आज आप जो निर्णय लेंगे उस पर भरोसा किया जा सकता है, इसलिए आत्मविश्वास के साथ कार्य करें।",1
decision_A,action,"अगर आप आज कोई महत्वपूर्ण निर्णय लेते हैं जिसे आप लंबे समय से टाल रहे थे, तो चीजें अच्छी दिशा में आगे बढ़ेंगी।",1
decision_A_geum_df_earth,intro,यह वह दिन है जब आपका तीक्ष्ण निर्णय अपने चरम पर होता है और कोई भी निर्णय स्पष्ट हो जाता है।,1
decision_A_geum_df_earth,effect,तीव्र विश्लेषण मूल में प्रवेश करता है और सर्वोत्तम विकल्प की ओर ले जाता है।,1
decision_A_geum_df_earth,action,"यदि आप अपने अंतर्ज्ञान पर भरोसा करते हैं और निर्णय लेते हैं, तो भी कोई पछतावा नहीं होगा।",1
decision_A_geum_df_earth,state,"शांत निर्णय से विवेक बढ़ता है, जिससे गहरी अंतर्दृष्टि प्राप्त होती है, और शांत ऊर्जा से विवेक बढ़ता है, जिससे अच्छे परिणाम मिलते हैं।",1
decision_A_geum_df_fire,intro,यह वह दिन है जब आपका तीक्ष्ण निर्णय अपने चरम पर होता है और कोई भी निर्णय स्पष्ट हो जाता है।,1
decision_A_geum_df_fire,effect,तीव्र विश्लेषण मूल में प्रवेश करता है और सर्वोत्तम विकल्प की ओर ले जाता है।,1
decision_A_geum_df_fire,action,"यदि आप अपने अंतर्ज्ञान पर भरोसा करते हैं और निर्णय लेते हैं, तो भी कोई पछतावा नहीं होगा।",1
decision_A_geum_df_fire,state,"शांत निर्णय विवेक को बढ़ाता है, गहरी अंतर्दृष्टि की ओर ले जाता है, और स्पष्ट ऊर्जा जीवन शक्ति को बढ़ाती है और एक अच्छा प्रवाह बनाती है।",1
decision_A_geum_df_water,intro,यह वह दिन है जब आपका तीक्ष्ण निर्णय अपने चरम पर होता है और कोई भी निर्णय स्पष्ट हो जाता है।,1
decision_A_geum_df_water,effect,तीव्र विश्लेषण मूल में प्रवेश करता है और सर्वोत्तम विकल्प की ओर ले जाता है।,1
decision_A_geum_df_water,action,"यदि आप अपने अंतर्ज्ञान पर भरोसा करते हैं और निर्णय लेते हैं, तो भी कोई पछतावा नहीं होगा।",1
decision_A_geum_df_water,state,"शांत निर्णय विवेक को बढ़ाता है और गहरी अंतर्दृष्टि की ओर ले जाता है, और नम ऊर्जा मन को गहराई से परिष्कृत करती है और स्पष्ट दृष्टि खोलती है।",1
decision_A_geum_df_wood,intro,यह वह दिन है जब आपका तीक्ष्ण निर्णय अपने चरम पर होता है और कोई भी निर्णय स्पष्ट हो जाता है।,1
decision_A_geum_df_wood,effect,तीव्र विश्लेषण मूल में प्रवेश करता है और सर्वोत्तम विकल्प की ओर ले जाता है।,1
decision_A_geum_df_wood,action,"यदि आप अपने अंतर्ज्ञान पर भरोसा करते हैं और निर्णय लेते हैं, तो भी कोई पछतावा नहीं होगा।",1
decision_A_geum_df_wood,state,"शांत निर्णय विवेक को बढ़ाता है, गहरी अंतर्दृष्टि की ओर ले जाता है और गतिशील ऊर्जा नई संभावनाओं को खोलती है।",1
decision_A_geum_ex_earth,intro,यह वह दिन है जब आपका तीक्ष्ण निर्णय अपने चरम पर होता है और कोई भी निर्णय स्पष्ट हो जाता है।,1
decision_A_geum_ex_earth,effect,तीव्र विश्लेषण मूल में प्रवेश करता है और सर्वोत्तम विकल्प की ओर ले जाता है।,1
decision_A_geum_ex_earth,action,"यदि आप अपने अंतर्ज्ञान पर भरोसा करते हैं और निर्णय लेते हैं, तो भी कोई पछतावा नहीं होगा।",1
decision_A_geum_ex_earth,state,"तीव्र निर्णय मूल में प्रवेश करता है और स्पष्ट निष्कर्ष की ओर ले जाता है, और शांत ऊर्जा विवेक को बढ़ाती है, जिससे अच्छे परिणाम मिलते हैं।",1
decision_A_geum_ex_fire,intro,यह वह दिन है जब आपका तीक्ष्ण निर्णय अपने चरम पर होता है और कोई भी निर्णय स्पष्ट हो जाता है।,1
decision_A_geum_ex_fire,effect,तीव्र विश्लेषण मूल में प्रवेश करता है और सर्वोत्तम विकल्प की ओर ले जाता है।,1
decision_A_geum_ex_fire,action,"यदि आप अपने अंतर्ज्ञान पर भरोसा करते हैं और निर्णय लेते हैं, तो भी कोई पछतावा नहीं होगा।",1
decision_A_geum_ex_fire,state,"तीव्र निर्णय मूल में प्रवेश करता है और स्पष्ट निष्कर्ष निकालता है, और स्पष्ट ऊर्जा जीवन शक्ति को बढ़ाती है और एक अच्छा प्रवाह बनाती है।",1
decision_A_geum_ex_water,intro,यह वह दिन है जब आपका तीक्ष्ण निर्णय अपने चरम पर होता है और कोई भी निर्णय स्पष्ट हो जाता है।,1
decision_A_geum_ex_water,effect,तीव्र विश्लेषण मूल में प्रवेश करता है और सर्वोत्तम विकल्प की ओर ले जाता है।,1
decision_A_geum_ex_water,action,"यदि आप अपने अंतर्ज्ञान पर भरोसा करते हैं और निर्णय लेते हैं, तो भी कोई पछतावा नहीं होगा।",1
decision_A_geum_ex_water,state,"तीव्र निर्णय मूल में प्रवेश करता है और स्पष्ट निष्कर्ष निकालता है, और नम ऊर्जा मन को गहराई से परिष्कृत करती है और स्पष्ट दृष्टि खोलती है।",1
decision_A_geum_ex_wood,intro,यह वह दिन है जब आपका तीक्ष्ण निर्णय अपने चरम पर होता है और कोई भी निर्णय स्पष्ट हो जाता है।,1
decision_A_geum_ex_wood,effect,तीव्र विश्लेषण मूल में प्रवेश करता है और सर्वोत्तम विकल्प की ओर ले जाता है।,1
decision_A_geum_ex_wood,action,"यदि आप अपने अंतर्ज्ञान पर भरोसा करते हैं और निर्णय लेते हैं, तो भी कोई पछतावा नहीं होगा।",1
decision_A_geum_ex_wood,state,"तीव्र निर्णय मूल में प्रवेश करता है और स्पष्ट निष्कर्ष निकालता है, और गतिशील ऊर्जा नई संभावनाओं को खोलती है।",1
decision_A_hwa_df_earth,intro,यह एक ऐसा दिन है जब आपका अंतर्ज्ञान चमकता है और आप आत्मविश्वास से महत्वपूर्ण निर्णय ले सकते हैं।,1
decision_A_hwa_df_earth,effect,"संवेदी निर्णय तुरंत एक साथ आते हैं, जिससे निर्णय लेने में तेजी आती है।",1
decision_A_hwa_df_earth,action,अपनी भावनाओं से निर्देशित होकर साहसपूर्वक चुनाव करना ठीक है।,1
decision_A_hwa_df_earth,state,"एक शांत आंतरिक आत्म आपको अपनी ईमानदारी को पूरी तरह से व्यक्त करने की शक्ति देता है, और एक शांत ऊर्जा विवेक को बढ़ाती है, जिससे अच्छे परिणाम मिलते हैं।",1
decision_A_hwa_df_fire,intro,यह एक ऐसा दिन है जब आपका अंतर्ज्ञान चमकता है और आप आत्मविश्वास से महत्वपूर्ण निर्णय ले सकते हैं।,1
decision_A_hwa_df_fire,effect,"संवेदी निर्णय तुरंत एक साथ आते हैं, जिससे निर्णय लेने में तेजी आती है।",1
decision_A_hwa_df_fire,action,अपनी भावनाओं से निर्देशित होकर साहसपूर्वक चुनाव करना ठीक है।,1
decision_A_hwa_df_fire,state,"एक शांत आंतरिक आत्म आपको अपनी ईमानदारी को पूरी तरह से व्यक्त करने की शक्ति देता है, और स्पष्ट ऊर्जा आपकी जीवन शक्ति को बढ़ाती है और एक अच्छा प्रवाह बनाती है।",1
decision_A_hwa_df_water,intro,यह एक ऐसा दिन है जब आपका अंतर्ज्ञान चमकता है और आप आत्मविश्वास से महत्वपूर्ण निर्णय ले सकते हैं।,1
decision_A_hwa_df_water,effect,"संवेदी निर्णय तुरंत एक साथ आते हैं, जिससे निर्णय लेने में तेजी आती है।",1
decision_A_hwa_df_water,action,अपनी भावनाओं से निर्देशित होकर साहसपूर्वक चुनाव करना ठीक है।,1
decision_A_hwa_df_water,state,"एक शांत आंतरिक आत्म आपको अपनी सच्ची भावनाओं को पूरी तरह से व्यक्त करने की शक्ति देता है, और नम ऊर्जा आपके दिमाग को गहराई से परिष्कृत करती है और स्पष्ट दृष्टि खोलती है।",1
decision_A_hwa_df_wood,intro,यह एक ऐसा दिन है जब आपका अंतर्ज्ञान चमकता है और आप आत्मविश्वास से महत्वपूर्ण निर्णय ले सकते हैं।,1
decision_A_hwa_df_wood,effect,"संवेदी निर्णय तुरंत एक साथ आते हैं, जिससे निर्णय लेने में तेजी आती है।",1
decision_A_hwa_df_wood,action,अपनी भावनाओं से निर्देशित होकर साहसपूर्वक चुनाव करना ठीक है।,1
decision_A_hwa_df_wood,state,"एक शांत आंतरिक आत्म आपको अपनी ईमानदारी को पूरी तरह से व्यक्त करने की शक्ति देता है, और गतिशील ऊर्जा नई संभावनाओं को खोलती है।",1
decision_A_hwa_ex_earth,intro,यह एक ऐसा दिन है जब आपका अंतर्ज्ञान चमकता है और आप आत्मविश्वास से महत्वपूर्ण निर्णय ले सकते हैं।,1
decision_A_hwa_ex_earth,effect,"संवेदी निर्णय तुरंत एक साथ आते हैं, जिससे निर्णय लेने में तेजी आती है।",1
decision_A_hwa_ex_earth,action,अपनी भावनाओं से निर्देशित होकर साहसपूर्वक चुनाव करना ठीक है।,1
decision_A_hwa_ex_earth,state,"उमड़ता हुआ जुनून गति को बहुत बढ़ाता है और एक अच्छा प्रवाह बनाता है, और शांत ऊर्जा विवेक को बढ़ाती है, जिससे अच्छे परिणाम मिलते हैं।",1
decision_A_hwa_ex_fire,intro,यह एक ऐसा दिन है जब आपका अंतर्ज्ञान चमकता है और आप आत्मविश्वास से महत्वपूर्ण निर्णय ले सकते हैं।,1
decision_A_hwa_ex_fire,effect,"संवेदी निर्णय तुरंत एक साथ आते हैं, जिससे निर्णय लेने में तेजी आती है।",1
decision_A_hwa_ex_fire,action,अपनी भावनाओं से निर्देशित होकर साहसपूर्वक चुनाव करना ठीक है।,1
decision_A_hwa_ex_fire,state,"अत्यधिक जुनून प्रेरणा शक्ति को बढ़ाता है और एक अच्छा प्रवाह बनाता है, और स्पष्ट ऊर्जा जीवन शक्ति को बढ़ाती है और एक अच्छा प्रवाह बनाती है।",1
decision_A_hwa_ex_water,intro,यह एक ऐसा दिन है जब आपका अंतर्ज्ञान चमकता है और आप आत्मविश्वास से महत्वपूर्ण निर्णय ले सकते हैं।,1
decision_A_hwa_ex_water,effect,"संवेदी निर्णय तुरंत एक साथ आते हैं, जिससे निर्णय लेने में तेजी आती है।",1
decision_A_hwa_ex_water,action,अपनी भावनाओं से निर्देशित होकर साहसपूर्वक चुनाव करना ठीक है।,1
decision_A_hwa_ex_water,state,"उमड़ता हुआ जुनून प्रेरक शक्ति को बहुत बढ़ाता है और एक अच्छा प्रवाह बनाता है, और नम ऊर्जा मन को गहराई से परिष्कृत करती है और स्पष्ट दृष्टि खोलती है।",1
decision_A_hwa_ex_wood,intro,यह एक ऐसा दिन है जब आपका अंतर्ज्ञान चमकता है और आप आत्मविश्वास से महत्वपूर्ण निर्णय ले सकते हैं।,1
decision_A_hwa_ex_wood,effect,"संवेदी निर्णय तुरंत एक साथ आते हैं, जिससे निर्णय लेने में तेजी आती है।",1
decision_A_hwa_ex_wood,action,अपनी भावनाओं से निर्देशित होकर साहसपूर्वक चुनाव करना ठीक है।,1
decision_A_hwa_ex_wood,state,"उमड़ता हुआ जुनून प्रेरक शक्ति को बहुत बढ़ाता है, एक अच्छा प्रवाह बनाता है और गतिशील ऊर्जा नई संभावनाओं को खोलती है।",1
decision_A_mok_df_earth,intro,यह एक ऐसा दिन है जब लचीली सोच को खोला जा सकता है और विभिन्न विकल्पों की स्पष्ट रूप से तुलना की जा सकती है।,1
decision_A_mok_df_earth,effect,"निर्णय का दायरा विस्तारित होता है, जिससे जटिल परिस्थितियों में भी संतुलित निष्कर्ष निकाले जा सकते हैं।",1
decision_A_mok_df_earth,action,अपने क्षितिज का विस्तार करें और सक्रिय रूप से बेहतर विकल्प तलाशें।,1
decision_A_mok_df_earth,state,"एक सतर्क दृष्टिकोण वास्तव में एक ठोस शुरुआत करता है, और एक शांत ऊर्जा विवेक को बढ़ाती है, जिससे अच्छे परिणाम मिलते हैं।",1
decision_A_mok_df_fire,intro,यह एक ऐसा दिन है जब लचीली सोच को खोला जा सकता है और विभिन्न विकल्पों की स्पष्ट रूप से तुलना की जा सकती है।,1
decision_A_mok_df_fire,effect,"निर्णय का दायरा विस्तारित होता है, जिससे जटिल परिस्थितियों में भी संतुलित निष्कर्ष निकाले जा सकते हैं।",1
decision_A_mok_df_fire,action,अपने क्षितिज का विस्तार करें और सक्रिय रूप से बेहतर विकल्प तलाशें।,1
decision_A_mok_df_fire,state,"एक सतर्क दृष्टिकोण वास्तव में एक ठोस शुरुआत बनाता है, और स्पष्ट ऊर्जा जीवन शक्ति को बढ़ाती है और एक अच्छा प्रवाह बनाती है।",1
decision_A_mok_df_water,intro,यह एक ऐसा दिन है जब लचीली सोच को खोला जा सकता है और विभिन्न विकल्पों की स्पष्ट रूप से तुलना की जा सकती है।,1
decision_A_mok_df_water,effect,"निर्णय का दायरा विस्तारित होता है, जिससे जटिल परिस्थितियों में भी संतुलित निष्कर्ष निकाले जा सकते हैं।",1
decision_A_mok_df_water,action,अपने क्षितिज का विस्तार करें और सक्रिय रूप से बेहतर विकल्प तलाशें।,1
decision_A_mok_df_water,state,"एक सतर्क दृष्टिकोण वास्तव में एक ठोस शुरुआत करता है, और नम ऊर्जा मन को गहराई से परिष्कृत करती है और स्पष्ट दृष्टि खोलती है।",1
decision_A_mok_df_wood,intro,यह एक ऐसा दिन है जब लचीली सोच को खोला जा सकता है और विभिन्न विकल्पों की स्पष्ट रूप से तुलना की जा सकती है।,1
decision_A_mok_df_wood,effect,"निर्णय का दायरा विस्तारित होता है, जिससे जटिल परिस्थितियों में भी संतुलित निष्कर्ष निकाले जा सकते हैं।",1
decision_A_mok_df_wood,action,अपने क्षितिज का विस्तार करें और सक्रिय रूप से बेहतर विकल्प तलाशें।,1
decision_A_mok_df_wood,state,"एक सतर्क दृष्टिकोण एक ठोस शुरुआत बनाता है, और गतिशील ऊर्जा नई संभावनाओं को खोलती है।",1
decision_A_mok_ex_earth,intro,यह एक ऐसा दिन है जब लचीली सोच को खोला जा सकता है और विभिन्न विकल्पों की स्पष्ट रूप से तुलना की जा सकती है।,1
decision_A_mok_ex_earth,effect,"निर्णय का दायरा विस्तारित होता है, जिससे जटिल परिस्थितियों में भी संतुलित निष्कर्ष निकाले जा सकते हैं।",1
decision_A_mok_ex_earth,action,अपने क्षितिज का विस्तार करें और सक्रिय रूप से बेहतर विकल्प तलाशें।,1
decision_A_mok_ex_earth,state,"एक मजबूत इच्छाशक्ति सक्रिय रूप से नए अवसर खोलती है, और एक शांत ऊर्जा विवेक को बढ़ाती है, जिससे अच्छे परिणाम मिलते हैं।",1
decision_A_mok_ex_fire,intro,यह एक ऐसा दिन है जब लचीली सोच को खोला जा सकता है और विभिन्न विकल्पों की स्पष्ट रूप से तुलना की जा सकती है।,1
decision_A_mok_ex_fire,effect,"निर्णय का दायरा विस्तारित होता है, जिससे जटिल परिस्थितियों में भी संतुलित निष्कर्ष निकाले जा सकते हैं।",1
decision_A_mok_ex_fire,action,अपने क्षितिज का विस्तार करें और सक्रिय रूप से बेहतर विकल्प तलाशें।,1
decision_A_mok_ex_fire,state,"एक मजबूत इच्छाशक्ति सक्रिय रूप से नए अवसर खोलती है, और स्पष्ट ऊर्जा जीवन शक्ति बढ़ाती है और एक अच्छा प्रवाह बनाती है।",1
decision_A_mok_ex_water,intro,यह एक ऐसा दिन है जब लचीली सोच को खोला जा सकता है और विभिन्न विकल्पों की स्पष्ट रूप से तुलना की जा सकती है।,1
decision_A_mok_ex_water,effect,"निर्णय का दायरा विस्तारित होता है, जिससे जटिल परिस्थितियों में भी संतुलित निष्कर्ष निकाले जा सकते हैं।",1
decision_A_mok_ex_water,action,अपने क्षितिज का विस्तार करें और सक्रिय रूप से बेहतर विकल्प तलाशें।,1
decision_A_mok_ex_water,state,"एक मजबूत इच्छाशक्ति सक्रिय रूप से नए अवसरों को खोलती है, और नम ऊर्जा मन को गहराई से परिष्कृत करती है और स्पष्ट दृष्टि खोलती है।",1
decision_A_mok_ex_wood,intro,यह एक ऐसा दिन है जब लचीली सोच को खोला जा सकता है और विभिन्न विकल्पों की स्पष्ट रूप से तुलना की जा सकती है।,1
decision_A_mok_ex_wood,effect,"निर्णय का दायरा विस्तारित होता है, जिससे जटिल परिस्थितियों में भी संतुलित निष्कर्ष निकाले जा सकते हैं।",1
decision_A_mok_ex_wood,action,अपने क्षितिज का विस्तार करें और सक्रिय रूप से बेहतर विकल्प तलाशें।,1
decision_A_mok_ex_wood,state,"एक मजबूत इच्छाशक्ति सक्रिय रूप से नए अवसरों को खोलती है, और एक गतिशील ऊर्जा नई संभावनाओं को खोलती है।",1
decision_A_su_df_earth,intro,यह एक ऐसा दिन है जब प्रवाह को पढ़ने की आपकी समझ तीव्र हो जाती है और निर्णय लेने का समय सटीक हो जाता है।,1
decision_A_su_df_earth,effect,स्थिति के प्रवाह के साथ चलने का निर्णय अच्छे परिणाम देता है।,1
decision_A_su_df_earth,action,जबरदस्ती निष्कर्ष न निकालें; अपने प्राकृतिक समय का उपयोग करें.,1
decision_A_su_df_earth,state,"एक ठोस केंद्र आपको बिना डगमगाए अपनी दिशा बनाए रखने में मदद करता है, और एक शांत ऊर्जा विवेक को बढ़ाती है, जिससे अच्छे परिणाम मिलते हैं।",1
decision_A_su_df_fire,intro,यह एक ऐसा दिन है जब प्रवाह को पढ़ने की आपकी समझ तीव्र हो जाती है और निर्णय लेने का समय सटीक हो जाता है।,1
decision_A_su_df_fire,effect,स्थिति के प्रवाह के साथ चलने का निर्णय अच्छे परिणाम देता है।,1
decision_A_su_df_fire,action,जबरदस्ती निष्कर्ष न निकालें; अपने प्राकृतिक समय का उपयोग करें.,1
decision_A_su_df_fire,state,"एक ठोस केंद्र आपको बिना डगमगाए सही दिशा में रखता है, और स्पष्ट ऊर्जा आपकी जीवन शक्ति को बढ़ाती है और एक अच्छा प्रवाह बनाती है।",1
decision_A_su_df_water,intro,यह एक ऐसा दिन है जब प्रवाह को पढ़ने की आपकी समझ तीव्र हो जाती है और निर्णय लेने का समय सटीक हो जाता है।,1
decision_A_su_df_water,effect,स्थिति के प्रवाह के साथ चलने का निर्णय अच्छे परिणाम देता है।,1
decision_A_su_df_water,action,जबरदस्ती निष्कर्ष न निकालें; अपने प्राकृतिक समय का उपयोग करें.,1
decision_A_su_df_water,state,"एक ठोस केंद्र आपको बिना डगमगाए अपनी दिशा बनाए रखने में मदद करता है, और नम ऊर्जा आपके दिमाग को गहराई से परिष्कृत करती है और स्पष्ट दृष्टि खोलती है।",1
decision_A_su_df_wood,intro,यह एक ऐसा दिन है जब प्रवाह को पढ़ने की आपकी समझ तीव्र हो जाती है और निर्णय लेने का समय सटीक हो जाता है।,1
decision_A_su_df_wood,effect,स्थिति के प्रवाह के साथ चलने का निर्णय अच्छे परिणाम देता है।,1
decision_A_su_df_wood,action,जबरदस्ती निष्कर्ष न निकालें; अपने प्राकृतिक समय का उपयोग करें.,1
decision_A_su_df_wood,state,"एक ठोस केंद्र बिना डगमगाए दिशा बनाए रखता है, और गतिशील ऊर्जा नई संभावनाओं को खोलती है।",1
decision_A_su_ex_earth,intro,यह एक ऐसा दिन है जब प्रवाह को पढ़ने की आपकी समझ तीव्र हो जाती है और निर्णय लेने का समय सटीक हो जाता है।,1
decision_A_su_ex_earth,effect,स्थिति के प्रवाह के साथ चलने का निर्णय अच्छे परिणाम देता है।,1
decision_A_su_ex_earth,action,जबरदस्ती निष्कर्ष न निकालें; अपने प्राकृतिक समय का उपयोग करें.,1
decision_A_su_ex_earth,state,"समृद्ध संवेदनशीलता गहरी अंतर्दृष्टि की ओर ले जाती है और अच्छे निर्णय लेने में मदद करती है, और शांत ऊर्जा विवेक को बढ़ाती है, जिससे अच्छे परिणाम मिलते हैं।",1
decision_A_su_ex_fire,intro,यह एक ऐसा दिन है जब प्रवाह को पढ़ने की आपकी समझ तीव्र हो जाती है और निर्णय लेने का समय सटीक हो जाता है।,1
decision_A_su_ex_fire,effect,स्थिति के प्रवाह के साथ चलने का निर्णय अच्छे परिणाम देता है।,1
decision_A_su_ex_fire,action,जबरदस्ती निष्कर्ष न निकालें; अपने प्राकृतिक समय का उपयोग करें.,1
decision_A_su_ex_fire,state,"समृद्ध संवेदनशीलता गहरी अंतर्दृष्टि की ओर ले जाती है और अच्छे निर्णय लेने में मदद करती है, और स्पष्ट ऊर्जा जीवन शक्ति बढ़ाती है और एक अच्छा प्रवाह बनाती है।",1
decision_A_su_ex_water,intro,यह एक ऐसा दिन है जब प्रवाह को पढ़ने की आपकी समझ तीव्र हो जाती है और निर्णय लेने का समय सटीक हो जाता है।,1
decision_A_su_ex_water,effect,स्थिति के प्रवाह के साथ चलने का निर्णय अच्छे परिणाम देता है।,1
decision_A_su_ex_water,action,जबरदस्ती निष्कर्ष न निकालें; अपने प्राकृतिक समय का उपयोग करें.,1
decision_A_su_ex_water,state,"समृद्ध संवेदनशीलता गहरी अंतर्दृष्टि की ओर ले जाती है और अच्छे निर्णय में मदद करती है, और नम ऊर्जा मन को गहराई से परिष्कृत करती है और स्पष्ट दृष्टि खोलती है।",1
decision_A_su_ex_wood,intro,यह एक ऐसा दिन है जब प्रवाह को पढ़ने की आपकी समझ तीव्र हो जाती है और निर्णय लेने का समय सटीक हो जाता है।,1
decision_A_su_ex_wood,effect,स्थिति के प्रवाह के साथ चलने का निर्णय अच्छे परिणाम देता है।,1
decision_A_su_ex_wood,action,जबरदस्ती निष्कर्ष न निकालें; अपने प्राकृतिक समय का उपयोग करें.,1
decision_A_su_ex_wood,state,"समृद्ध संवेदनशीलता गहरी अंतर्दृष्टि की ओर ले जाती है और अच्छे निर्णय लेने में मदद करती है, और गतिशील ऊर्जा नई संभावनाओं को खोलती है।",1
decision_A_to_df_earth,intro,यह एक ऐसा दिन है जब आप स्थिर निर्णय के आधार पर बिना रुके निर्णय ले सकते हैं।,1
decision_A_to_df_earth,effect,सावधानीपूर्वक और संतुलित निर्णय गलतियों को कम करता है और सुरक्षित परिणाम देता है।,1
decision_A_to_df_earth,action,यदि आप अपने विश्वास के आधार पर निर्णय लेंगे तो अच्छे परिणाम मिलेंगे।,1
decision_A_to_df_earth,state,"एक लचीला रवैया आपको स्वाभाविक रूप से नए रुझानों को स्वीकार करने की अनुमति देता है, और एक शांत ऊर्जा विवेक को बढ़ाती है, जिससे अच्छे परिणाम मिलते हैं।",1
decision_A_to_df_fire,intro,यह एक ऐसा दिन है जब आप स्थिर निर्णय के आधार पर बिना रुके निर्णय ले सकते हैं।,1
decision_A_to_df_fire,effect,सावधानीपूर्वक और संतुलित निर्णय गलतियों को कम करता है और सुरक्षित परिणाम देता है।,1
decision_A_to_df_fire,action,यदि आप अपने विश्वास के आधार पर निर्णय लेंगे तो अच्छे परिणाम मिलेंगे।,1
decision_A_to_df_fire,state,"एक लचीला रवैया आपको स्वाभाविक रूप से नए रुझानों को स्वीकार करने की अनुमति देता है, और स्पष्ट ऊर्जा जीवन शक्ति बढ़ाती है और एक अच्छा प्रवाह बनाती है।",1
decision_A_to_df_water,intro,यह एक ऐसा दिन है जब आप स्थिर निर्णय के आधार पर बिना रुके निर्णय ले सकते हैं।,1
decision_A_to_df_water,effect,सावधानीपूर्वक और संतुलित निर्णय गलतियों को कम करता है और सुरक्षित परिणाम देता है।,1
decision_A_to_df_water,action,यदि आप अपने विश्वास के आधार पर निर्णय लेंगे तो अच्छे परिणाम मिलेंगे।,1
decision_A_to_df_water,state,"एक लचीला रवैया आपको स्वाभाविक रूप से नए रुझानों को स्वीकार करने की अनुमति देता है, और नम ऊर्जा आपके दिमाग को गहराई से परिष्कृत करती है और स्पष्ट दृष्टि खोलती है।",1
decision_A_to_df_wood,intro,यह एक ऐसा दिन है जब आप स्थिर निर्णय के आधार पर बिना रुके निर्णय ले सकते हैं।,1
decision_A_to_df_wood,effect,सावधानीपूर्वक और संतुलित निर्णय गलतियों को कम करता है और सुरक्षित परिणाम देता है।,1
decision_A_to_df_wood,action,यदि आप अपने विश्वास के आधार पर निर्णय लेंगे तो अच्छे परिणाम मिलेंगे।,1
decision_A_to_df_wood,state,"एक लचीला रवैया आपको स्वाभाविक रूप से नए रुझानों को स्वीकार करने की अनुमति देता है, और एक गतिशील ऊर्जा नई संभावनाओं को खोलती है।",1
decision_A_to_ex_earth,intro,यह एक ऐसा दिन है जब आप स्थिर निर्णय के आधार पर बिना रुके निर्णय ले सकते हैं।,1
decision_A_to_ex_earth,effect,सावधानीपूर्वक और संतुलित निर्णय गलतियों को कम करता है और सुरक्षित परिणाम देता है।,1
decision_A_to_ex_earth,action,यदि आप अपने विश्वास के आधार पर निर्णय लेंगे तो अच्छे परिणाम मिलेंगे।,1
decision_A_to_ex_earth,state,"स्थिरता की एक मजबूत भावना हर चीज के लिए एक ठोस आधार बन जाती है, और एक शांत ऊर्जा विवेक को बढ़ाती है, जिससे अच्छे परिणाम मिलते हैं।",1
decision_A_to_ex_fire,intro,यह एक ऐसा दिन है जब आप स्थिर निर्णय के आधार पर बिना रुके निर्णय ले सकते हैं।,1
decision_A_to_ex_fire,effect,सावधानीपूर्वक और संतुलित निर्णय गलतियों को कम करता है और सुरक्षित परिणाम देता है।,1
decision_A_to_ex_fire,action,यदि आप अपने विश्वास के आधार पर निर्णय लेंगे तो अच्छे परिणाम मिलेंगे।,1
decision_A_to_ex_fire,state,"स्थिरता की एक मजबूत भावना हर चीज के लिए एक ठोस आधार बन जाती है, और स्पष्ट ऊर्जा जीवन शक्ति को बढ़ाती है और एक अच्छा प्रवाह बनाती है।",1
decision_A_to_ex_water,intro,यह एक ऐसा दिन है जब आप स्थिर निर्णय के आधार पर बिना रुके निर्णय ले सकते हैं।,1
decision_A_to_ex_water,effect,सावधानीपूर्वक और संतुलित निर्णय गलतियों को कम करता है और सुरक्षित परिणाम देता है।,1
decision_A_to_ex_water,action,यदि आप अपने विश्वास के आधार पर निर्णय लेंगे तो अच्छे परिणाम मिलेंगे।,1
decision_A_to_ex_water,state,"स्थिरता की एक मजबूत भावना हर चीज के लिए एक ठोस आधार बन जाती है, और नम ऊर्जा मन को गहराई से परिष्कृत करती है और स्पष्ट दृष्टि खोलती है।",1
decision_A_to_ex_wood,intro,यह एक ऐसा दिन है जब आप स्थिर निर्णय के आधार पर बिना रुके निर्णय ले सकते हैं।,1
decision_A_to_ex_wood,effect,सावधानीपूर्वक और संतुलित निर्णय गलतियों को कम करता है और सुरक्षित परिणाम देता है।,1
decision_A_to_ex_wood,action,यदि आप अपने विश्वास के आधार पर निर्णय लेंगे तो अच्छे परिणाम मिलेंगे।,1
decision_A_to_ex_wood,state,"स्थिरता की एक मजबूत भावना हर चीज़ के लिए एक ठोस आधार प्रदान करती है, और गतिशील ऊर्जा नई संभावनाओं को खोलती है।",1
decision_B,intro,आज आपकी सोच स्पष्ट रहेगी और आप महत्वपूर्ण निर्णय अपेक्षाकृत आसानी से ले पाएंगे।,1
decision_B,intro,आज आप अच्छा निर्णय लेंगे और अपने विकल्पों को शीघ्रता से सुलझाने और सही निष्कर्ष पर पहुंचने में सक्षम होंगे।,1
decision_B,effect,स्थिति को निष्पक्ष रूप से समझने की क्षमता मजबूत है और निर्णय में त्रुटियों को कम कर सकती है।,1
decision_B,effect,निर्णय लेने के लिए आवश्यक जानकारी स्वाभाविक रूप से एकत्र की जाती है और मुख्य बिंदु स्पष्ट रूप से दिखाई देते हैं।,1
decision_B,action,"बहुत लंबा सोचने के बजाय, अभी अपने स्पष्ट निर्णय पर भरोसा करें और अपना चुनाव करें।",1
decision_B,action,"यदि आप आज कोई निर्णय लेते हैं, तो बाद में पीछे मुड़कर देखने पर आपके संतुष्ट होने की अधिक संभावना है।",1
decision_B_geum_df_earth,intro,यह वह दिन है जब आपका निर्णय आम तौर पर स्थिर रहेगा और आप कठिन निर्णयों को आसानी से संभालने में सक्षम होंगे।,1
decision_B_geum_df_earth,effect,केंद्रित विश्लेषण सार को पकड़ता है और गलत विकल्पों को कम करता है।,1
decision_B_geum_df_earth,action,महत्वपूर्ण निर्णय सोच-समझकर लें।,1
decision_B_geum_df_earth,state,"भले ही आपका दृढ़ संकल्प कुछ हद तक सुस्त हो जाए, दैनिक जीवन का प्रवाह सुचारू रूप से जारी रहता है, और बादल वाली ऊर्जा शांत वातावरण में जुड़ जाती है, जिससे शांति की भावना पैदा होती है।",1
decision_B_geum_df_fire,intro,यह वह दिन है जब आपका निर्णय आम तौर पर स्थिर रहेगा और आप कठिन निर्णयों को आसानी से संभालने में सक्षम होंगे।,1
decision_B_geum_df_fire,effect,केंद्रित विश्लेषण सार को पकड़ता है और गलत विकल्पों को कम करता है।,1
decision_B_geum_df_fire,action,महत्वपूर्ण निर्णय सोच-समझकर लें।,1
decision_B_geum_df_fire,state,"भले ही आपका दृढ़ संकल्प कुछ हद तक सुस्त हो जाए, आपके दैनिक जीवन का प्रवाह सुचारू रूप से जारी रहता है, और स्पष्ट ऊर्जा प्रकाश जीवन शक्ति जोड़ती है, जिससे एक सहज प्रवाह बनता है।",1
decision_B_geum_df_water,intro,यह वह दिन है जब आपका निर्णय आम तौर पर स्थिर रहेगा और आप कठिन निर्णयों को आसानी से संभालने में सक्षम होंगे।,1
decision_B_geum_df_water,effect,केंद्रित विश्लेषण सार को पकड़ता है और गलत विकल्पों को कम करता है।,1
decision_B_geum_df_water,action,महत्वपूर्ण निर्णय सोच-समझकर लें।,1
decision_B_geum_df_water,state,"भले ही आपका दृढ़ संकल्प कुछ हद तक सुस्त हो जाए, आपके दैनिक जीवन का प्रवाह सुचारू रूप से जारी रहता है, और नम ऊर्जा आपकी भावनाओं में एक शांत, लंबे समय तक रहने वाली अनुभूति जोड़ती है।",1
decision_B_geum_df_wood,intro,यह वह दिन है जब आपका निर्णय आम तौर पर स्थिर रहेगा और आप कठिन निर्णयों को आसानी से संभालने में सक्षम होंगे।,1
decision_B_geum_df_wood,effect,केंद्रित विश्लेषण सार को पकड़ता है और गलत विकल्पों को कम करता है।,1
decision_B_geum_df_wood,action,महत्वपूर्ण निर्णय सोच-समझकर लें।,1
decision_B_geum_df_wood,state,"भले ही आपका दृढ़ संकल्प कुछ हद तक सुस्त हो जाए, दैनिक जीवन का प्रवाह सुचारू रूप से जारी रहता है और परिवर्तन की थोड़ी सी ऊर्जा उचित उत्तेजना जोड़ती है।",1
decision_B_geum_ex_earth,intro,यह वह दिन है जब आपका निर्णय आम तौर पर स्थिर रहेगा और आप कठिन निर्णयों को आसानी से संभालने में सक्षम होंगे।,1
decision_B_geum_ex_earth,effect,केंद्रित विश्लेषण सार को पकड़ता है और गलत विकल्पों को कम करता है।,1
decision_B_geum_ex_earth,action,महत्वपूर्ण निर्णय सोच-समझकर लें।,1
decision_B_geum_ex_earth,state,"विश्लेषणात्मक निर्णय स्वाभाविक रूप से सामान्य गति से प्रवाहित होता है, और बादल वाली ऊर्जा शांत वातावरण में जुड़ जाती है, जिससे शांति की भावना पैदा होती है।",1
decision_B_geum_ex_fire,intro,यह वह दिन है जब आपका निर्णय आम तौर पर स्थिर रहेगा और आप कठिन निर्णयों को आसानी से संभालने में सक्षम होंगे।,1
decision_B_geum_ex_fire,effect,केंद्रित विश्लेषण सार को पकड़ता है और गलत विकल्पों को कम करता है।,1
decision_B_geum_ex_fire,action,महत्वपूर्ण निर्णय सोच-समझकर लें।,1
decision_B_geum_ex_fire,state,"विश्लेषणात्मक निर्णय स्वाभाविक रूप से सामान्य गति का अनुसरण करता है, और स्पष्ट ऊर्जा प्रकाश जीवन शक्ति जोड़ती है, जिससे एक सहज प्रवाह बनता है।",1
decision_B_geum_ex_water,intro,यह वह दिन है जब आपका निर्णय आम तौर पर स्थिर रहेगा और आप कठिन निर्णयों को आसानी से संभालने में सक्षम होंगे।,1
decision_B_geum_ex_water,effect,केंद्रित विश्लेषण सार को पकड़ता है और गलत विकल्पों को कम करता है।,1
decision_B_geum_ex_water,action,महत्वपूर्ण निर्णय सोच-समझकर लें।,1
decision_B_geum_ex_water,state,"विश्लेषणात्मक निर्णय आपकी सामान्य गति से स्वाभाविक रूप से प्रवाहित होता है, और नम ऊर्जा आपकी भावनाओं में एक शांत, लंबे समय तक रहने वाली अनुभूति जोड़ती है।",1
decision_B_geum_ex_wood,intro,यह वह दिन है जब आपका निर्णय आम तौर पर स्थिर रहेगा और आप कठिन निर्णयों को आसानी से संभालने में सक्षम होंगे।,1
decision_B_geum_ex_wood,effect,केंद्रित विश्लेषण सार को पकड़ता है और गलत विकल्पों को कम करता है।,1
decision_B_geum_ex_wood,action,महत्वपूर्ण निर्णय सोच-समझकर लें।,1
decision_B_geum_ex_wood,state,"विश्लेषणात्मक निर्णय स्वाभाविक रूप से सामान्य गति का अनुसरण करता है, और परिवर्तन की थोड़ी सी ऊर्जा उचित उत्तेजना जोड़ती है।",1
decision_B_hwa_df_earth,intro,यह एक ऐसा दिन है जब अंतर्ज्ञान समान रूप से सक्रिय होता है और संवेदी निर्णयों में गलतियाँ कम होती हैं।,1
decision_B_hwa_df_earth,effect,"भावना और तर्क संतुलित होते हैं, जिससे निर्णयों की गुणवत्ता में सुधार होता है।",1
decision_B_hwa_df_earth,action,"अपने अंतर्ज्ञान पर भरोसा करें, लेकिन मुख्य बिंदुओं की दोबारा जांच करें।",1
decision_B_hwa_df_earth,state,"भले ही अभिव्यक्तियाँ संयमित हों, रिश्ते की स्थिरता आसानी से बनी रहती है, और बादल भरी ऊर्जा शांत वातावरण में जुड़ जाती है, जिससे शांति का एहसास होता है।",1
decision_B_hwa_df_fire,intro,यह एक ऐसा दिन है जब अंतर्ज्ञान समान रूप से सक्रिय होता है और संवेदी निर्णयों में गलतियाँ कम होती हैं।,1
decision_B_hwa_df_fire,effect,"भावना और तर्क संतुलित होते हैं, जिससे निर्णयों की गुणवत्ता में सुधार होता है।",1
decision_B_hwa_df_fire,action,"अपने अंतर्ज्ञान पर भरोसा करें, लेकिन मुख्य बिंदुओं की दोबारा जांच करें।",1
decision_B_hwa_df_fire,state,"भले ही अभिव्यक्तियां संयमित हों, रिश्ते की स्थिरता आसानी से बनी रहती है, और स्पष्ट ऊर्जा प्रकाश जीवन शक्ति जोड़ती है, जिससे एक सहज प्रवाह बनता है।",1
decision_B_hwa_df_water,intro,यह एक ऐसा दिन है जब अंतर्ज्ञान समान रूप से सक्रिय होता है और संवेदी निर्णयों में गलतियाँ कम होती हैं।,1
decision_B_hwa_df_water,effect,"भावना और तर्क संतुलित होते हैं, जिससे निर्णयों की गुणवत्ता में सुधार होता है।",1
decision_B_hwa_df_water,action,"अपने अंतर्ज्ञान पर भरोसा करें, लेकिन मुख्य बिंदुओं की दोबारा जांच करें।",1
decision_B_hwa_df_water,state,"भले ही अभिव्यक्तियाँ संयमित हों, रिश्ते की स्थिरता आसानी से बनी रहती है, और नम ऊर्जा भावनाओं में एक शांत दीर्घकालिक एहसास जोड़ती है।",1
decision_B_hwa_df_wood,intro,यह एक ऐसा दिन है जब अंतर्ज्ञान समान रूप से सक्रिय होता है और संवेदी निर्णयों में गलतियाँ कम होती हैं।,1
decision_B_hwa_df_wood,effect,"भावना और तर्क संतुलित होते हैं, जिससे निर्णयों की गुणवत्ता में सुधार होता है।",1
decision_B_hwa_df_wood,action,"अपने अंतर्ज्ञान पर भरोसा करें, लेकिन मुख्य बिंदुओं की दोबारा जांच करें।",1
decision_B_hwa_df_wood,state,"भले ही अभिव्यक्ति पर लगाम लगाई जाए, रिश्ते की स्थिरता आसानी से बनी रहती है, और परिवर्तन की थोड़ी सी ऊर्जा उचित उत्तेजना जोड़ती है।",1
decision_B_hwa_ex_earth,intro,यह एक ऐसा दिन है जब अंतर्ज्ञान समान रूप से सक्रिय होता है और संवेदी निर्णयों में गलतियाँ कम होती हैं।,1
decision_B_hwa_ex_earth,effect,"भावना और तर्क संतुलित होते हैं, जिससे निर्णयों की गुणवत्ता में सुधार होता है।",1
decision_B_hwa_ex_earth,action,"अपने अंतर्ज्ञान पर भरोसा करें, लेकिन मुख्य बिंदुओं की दोबारा जांच करें।",1
decision_B_hwa_ex_earth,state,"जुनून जीवित है, लेकिन संतुलन भी बनाए रखा जाता है, जिससे दिन स्थिर रहता है, और बादल वाली ऊर्जा एक शांत वातावरण जोड़ती है, जिससे शांति बनी रहती है।",1
decision_B_hwa_ex_fire,intro,यह एक ऐसा दिन है जब अंतर्ज्ञान समान रूप से सक्रिय होता है और संवेदी निर्णयों में गलतियाँ कम होती हैं।,1
decision_B_hwa_ex_fire,effect,"भावना और तर्क संतुलित होते हैं, जिससे निर्णयों की गुणवत्ता में सुधार होता है।",1
decision_B_hwa_ex_fire,action,"अपने अंतर्ज्ञान पर भरोसा करें, लेकिन मुख्य बिंदुओं की दोबारा जांच करें।",1
decision_B_hwa_ex_fire,state,"जुनून जीवित रहता है और संतुलन बना रहता है, जिससे दिन स्थिर रहता है, और स्पष्ट ऊर्जा प्रकाश जीवन शक्ति जोड़ती है, जिससे एक सहज प्रवाह बनता है।",1
decision_B_hwa_ex_water,intro,यह एक ऐसा दिन है जब अंतर्ज्ञान समान रूप से सक्रिय होता है और संवेदी निर्णयों में गलतियाँ कम होती हैं।,1
decision_B_hwa_ex_water,effect,"भावना और तर्क संतुलित होते हैं, जिससे निर्णयों की गुणवत्ता में सुधार होता है।",1
decision_B_hwa_ex_water,action,"अपने अंतर्ज्ञान पर भरोसा करें, लेकिन मुख्य बिंदुओं की दोबारा जांच करें।",1
decision_B_hwa_ex_water,state,"जुनून जीवित रहता है और संतुलन बना रहता है, जिससे एक स्थिर दिन होता है, और नम ऊर्जा भावनाओं में एक शांत, लंबे समय तक रहने वाली अनुभूति जोड़ती है।",1
decision_B_hwa_ex_wood,intro,यह एक ऐसा दिन है जब अंतर्ज्ञान समान रूप से सक्रिय होता है और संवेदी निर्णयों में गलतियाँ कम होती हैं।,1
decision_B_hwa_ex_wood,effect,"भावना और तर्क संतुलित होते हैं, जिससे निर्णयों की गुणवत्ता में सुधार होता है।",1
decision_B_hwa_ex_wood,action,"अपने अंतर्ज्ञान पर भरोसा करें, लेकिन मुख्य बिंदुओं की दोबारा जांच करें।",1
decision_B_hwa_ex_wood,state,"जुनून जीवंत और संतुलित है, जो एक स्थिर दिन की ओर ले जाता है, और परिवर्तन की थोड़ी सी ऊर्जा उचित उत्तेजना जोड़ती है।",1
decision_B_mok_df_earth,intro,यह एक ऐसा दिन है जब आपका दिमाग लचीले ढंग से काम करता है और कई विकल्पों की तुलना करना आसान होता है।,1
decision_B_mok_df_earth,effect,निर्णय प्रक्रिया के दौरान विभिन्न दृष्टिकोणों को खोलना और बेहतर विकल्पों की खोज करना।,1
decision_B_mok_df_earth,action,अपने विकल्पों पर गौर करें और सबसे यथार्थवादी विकल्प चुनें।,1
decision_B_mok_df_earth,state,"यहां तक कि अगर आप नई चीजों को आजमाने में सतर्क रहते हैं, तो भी आपका दैनिक जीवन स्थिर रूप से चलता है, और बादल वाली ऊर्जा शांत वातावरण में जुड़ जाती है, जिससे शांति का एहसास होता है।",1
decision_B_mok_df_fire,intro,यह एक ऐसा दिन है जब आपका दिमाग लचीले ढंग से काम करता है और कई विकल्पों की तुलना करना आसान होता है।,1
decision_B_mok_df_fire,effect,निर्णय प्रक्रिया के दौरान विभिन्न दृष्टिकोणों को खोलना और बेहतर विकल्पों की खोज करना।,1
decision_B_mok_df_fire,action,अपने विकल्पों पर गौर करें और सबसे यथार्थवादी विकल्प चुनें।,1
decision_B_mok_df_fire,state,"भले ही आप नई चीजें आज़माते समय सतर्क रहें, आपका दैनिक जीवन स्थिर रूप से प्रवाहित होता है, और स्पष्ट ऊर्जा प्रकाश जीवन शक्ति जोड़ती है, जिससे एक सहज प्रवाह बनता है।",1
decision_B_mok_df_water,intro,यह एक ऐसा दिन है जब आपका दिमाग लचीले ढंग से काम करता है और कई विकल्पों की तुलना करना आसान होता है।,1
decision_B_mok_df_water,effect,निर्णय प्रक्रिया के दौरान विभिन्न दृष्टिकोणों को खोलना और बेहतर विकल्पों की खोज करना।,1
decision_B_mok_df_water,action,अपने विकल्पों पर गौर करें और सबसे यथार्थवादी विकल्प चुनें।,1
decision_B_mok_df_water,state,"भले ही आप नई चीजों को आजमाने में सतर्क हों, आपका दैनिक जीवन स्थिर रूप से प्रवाहित होता है और नम ऊर्जा आपकी भावनाओं में एक शांत और लंबे समय तक रहने वाली अनुभूति जोड़ती है।",1
decision_B_mok_df_wood,intro,यह एक ऐसा दिन है जब आपका दिमाग लचीले ढंग से काम करता है और कई विकल्पों की तुलना करना आसान होता है।,1
decision_B_mok_df_wood,effect,निर्णय प्रक्रिया के दौरान विभिन्न दृष्टिकोणों को खोलना और बेहतर विकल्पों की खोज करना।,1
decision_B_mok_df_wood,action,अपने विकल्पों पर गौर करें और सबसे यथार्थवादी विकल्प चुनें।,1
decision_B_mok_df_wood,state,"भले ही आप नई चीजों को आजमाने में सतर्क हों, आपका दैनिक जीवन स्थिर रूप से चलता है और परिवर्तन की थोड़ी सी ऊर्जा उचित उत्तेजना जोड़ती है।",1
decision_B_mok_ex_earth,intro,यह एक ऐसा दिन है जब आपका दिमाग लचीले ढंग से काम करता है और कई विकल्पों की तुलना करना आसान होता है।,1
decision_B_mok_ex_earth,effect,निर्णय प्रक्रिया के दौरान विभिन्न दृष्टिकोणों को खोलना और बेहतर विकल्पों की खोज करना।,1
decision_B_mok_ex_earth,action,अपने विकल्पों पर गौर करें और सबसे यथार्थवादी विकल्प चुनें।,1
decision_B_mok_ex_earth,state,"स्थिर प्रेरणा कदम-दर-कदम प्रगति करती है, और बादल भरी ऊर्जा शांत वातावरण में जुड़ जाती है, जिससे शांति मिलती है।",1
decision_B_mok_ex_fire,intro,यह एक ऐसा दिन है जब आपका दिमाग लचीले ढंग से काम करता है और कई विकल्पों की तुलना करना आसान होता है।,1
decision_B_mok_ex_fire,effect,निर्णय प्रक्रिया के दौरान विभिन्न दृष्टिकोणों को खोलना और बेहतर विकल्पों की खोज करना।,1
decision_B_mok_ex_fire,action,अपने विकल्पों पर गौर करें और सबसे यथार्थवादी विकल्प चुनें।,1
decision_B_mok_ex_fire,state,"स्थिर प्रेरणा कदम दर कदम प्रगति करती है, और स्पष्ट ऊर्जा प्रकाश जीवन शक्ति जोड़ती है, जिससे एक सहज प्रवाह बनता है।",1
decision_B_mok_ex_water,intro,यह एक ऐसा दिन है जब आपका दिमाग लचीले ढंग से काम करता है और कई विकल्पों की तुलना करना आसान होता है।,1
decision_B_mok_ex_water,effect,निर्णय प्रक्रिया के दौरान विभिन्न दृष्टिकोणों को खोलना और बेहतर विकल्पों की खोज करना।,1
decision_B_mok_ex_water,action,अपने विकल्पों पर गौर करें और सबसे यथार्थवादी विकल्प चुनें।,1
decision_B_mok_ex_water,state,"स्थिर प्रेरणा कदम-दर-कदम प्रगति करती है, और नम ऊर्जा भावनाओं में एक शांत दीर्घकालिक एहसास जोड़ती है।",1
decision_B_mok_ex_wood,intro,यह एक ऐसा दिन है जब आपका दिमाग लचीले ढंग से काम करता है और कई विकल्पों की तुलना करना आसान होता है।,1
decision_B_mok_ex_wood,effect,निर्णय प्रक्रिया के दौरान विभिन्न दृष्टिकोणों को खोलना और बेहतर विकल्पों की खोज करना।,1
decision_B_mok_ex_wood,action,अपने विकल्पों पर गौर करें और सबसे यथार्थवादी विकल्प चुनें।,1
decision_B_mok_ex_wood,state,"स्थिर प्रेरणा कदम दर कदम सामान्य प्रगति करती है, और परिवर्तन की कमजोर ऊर्जा उचित उत्तेजना जोड़ती है।",1
decision_B_su_df_earth,intro,यह एक ऐसा दिन है जब आप स्थिति का विश्वसनीय ढंग से आकलन कर सकते हैं और समय को अच्छी तरह से समझ सकते हैं।,1
decision_B_su_df_earth,effect,प्रवाह के साथ लिए गए निर्णय अवसर खोने से रोकते हैं।,1
decision_B_su_df_earth,action,ज़्यादा जल्दबाजी न करें और स्थिति को बदलते हुए देखते हुए निर्णय लें।,1
decision_B_su_df_earth,state,"यद्यपि लचीलेपन में कुछ हद तक कमी है, मूल लय को बिना किसी कठिनाई के बनाए रखा जाता है, और बादल वाली ऊर्जा एक शांत वातावरण जोड़ती है, जिससे शांति का एहसास होता है।",1
decision_B_su_df_fire,intro,यह एक ऐसा दिन है जब आप स्थिति का विश्वसनीय ढंग से आकलन कर सकते हैं और समय को अच्छी तरह से समझ सकते हैं।,1
decision_B_su_df_fire,effect,प्रवाह के साथ लिए गए निर्णय अवसर खोने से रोकते हैं।,1
decision_B_su_df_fire,action,ज़्यादा जल्दबाजी न करें और स्थिति को बदलते हुए देखते हुए निर्णय लें।,1
decision_B_su_df_fire,state,"यद्यपि लचीलेपन में कुछ हद तक कमी है, मूल लय को बिना किसी कठिनाई के बनाए रखा जाता है, और स्पष्ट ऊर्जा प्रकाश जीवन शक्ति जोड़ती है, जिससे एक सहज प्रवाह बनता है।",1
decision_B_su_df_water,intro,यह एक ऐसा दिन है जब आप स्थिति का विश्वसनीय ढंग से आकलन कर सकते हैं और समय को अच्छी तरह से समझ सकते हैं।,1
decision_B_su_df_water,effect,प्रवाह के साथ लिए गए निर्णय अवसर खोने से रोकते हैं।,1
decision_B_su_df_water,action,ज़्यादा जल्दबाजी न करें और स्थिति को बदलते हुए देखते हुए निर्णय लें।,1
decision_B_su_df_water,state,"हालाँकि इसमें लचीलेपन की कमी है, लेकिन मूल लय बिना किसी कठिनाई के बनी रहती है, और नम ऊर्जा भावनाओं में एक शांत, लंबे समय तक रहने वाली अनुभूति जोड़ती है।",1
decision_B_su_df_wood,intro,यह एक ऐसा दिन है जब आप स्थिति का विश्वसनीय ढंग से आकलन कर सकते हैं और समय को अच्छी तरह से समझ सकते हैं।,1
decision_B_su_df_wood,effect,प्रवाह के साथ लिए गए निर्णय अवसर खोने से रोकते हैं।,1
decision_B_su_df_wood,action,ज़्यादा जल्दबाजी न करें और स्थिति को बदलते हुए देखते हुए निर्णय लें।,1
decision_B_su_df_wood,state,"यद्यपि लचीलेपन में कुछ हद तक कमी है, मूल लय बिना किसी कठिनाई के बनाए रखी जाती है, और परिवर्तन की थोड़ी सी ऊर्जा उचित उत्तेजना जोड़ती है।",1
decision_B_su_ex_earth,intro,यह एक ऐसा दिन है जब आप स्थिति का विश्वसनीय ढंग से आकलन कर सकते हैं और समय को अच्छी तरह से समझ सकते हैं।,1
decision_B_su_ex_earth,effect,प्रवाह के साथ लिए गए निर्णय अवसर खोने से रोकते हैं।,1
decision_B_su_ex_earth,action,ज़्यादा जल्दबाजी न करें और स्थिति को बदलते हुए देखते हुए निर्णय लें।,1
decision_B_su_ex_earth,state,"दिन भावनाओं से भरा होता है, जिससे यह सामान्य से अधिक ध्यान देने वाला दिन बन जाता है, और बादल भरी ऊर्जा एक शांत वातावरण जोड़ती है, जिससे शांति का एहसास होता है।",1
decision_B_su_ex_fire,intro,यह एक ऐसा दिन है जब आप स्थिति का विश्वसनीय ढंग से आकलन कर सकते हैं और समय को अच्छी तरह से समझ सकते हैं।,1
decision_B_su_ex_fire,effect,प्रवाह के साथ लिए गए निर्णय अवसर खोने से रोकते हैं।,1
decision_B_su_ex_fire,action,ज़्यादा जल्दबाजी न करें और स्थिति को बदलते हुए देखते हुए निर्णय लें।,1
decision_B_su_ex_fire,state,"दिन भावनाओं से भरपूर है, जो इसे सामान्य से अधिक ध्यानपूर्ण दिन बनाता है, और स्पष्ट ऊर्जा प्रकाश जीवन शक्ति जोड़ती है, जिससे एक सहज प्रवाह बनता है।",1
decision_B_su_ex_water,intro,यह एक ऐसा दिन है जब आप स्थिति का विश्वसनीय ढंग से आकलन कर सकते हैं और समय को अच्छी तरह से समझ सकते हैं।,1
decision_B_su_ex_water,effect,प्रवाह के साथ लिए गए निर्णय अवसर खोने से रोकते हैं।,1
decision_B_su_ex_water,action,ज़्यादा जल्दबाजी न करें और स्थिति को बदलते हुए देखते हुए निर्णय लें।,1
decision_B_su_ex_water,state,"दिन भावनाओं से भरा है, जो आपको सामान्य से अधिक चौकस बनाता है, और नम ऊर्जा आपकी भावनाओं में एक शांत स्वाद जोड़ती है।",1
decision_B_su_ex_wood,intro,यह एक ऐसा दिन है जब आप स्थिति का विश्वसनीय ढंग से आकलन कर सकते हैं और समय को अच्छी तरह से समझ सकते हैं।,1
decision_B_su_ex_wood,effect,प्रवाह के साथ लिए गए निर्णय अवसर खोने से रोकते हैं।,1
decision_B_su_ex_wood,action,ज़्यादा जल्दबाजी न करें और स्थिति को बदलते हुए देखते हुए निर्णय लें।,1
decision_B_su_ex_wood,state,"दिन भावनाओं से भरा है, जो इसे सामान्य से अधिक ध्यान देने वाला दिन बनाता है, और परिवर्तन की थोड़ी सी ऊर्जा उचित उत्तेजना जोड़ती है।",1
decision_B_to_df_earth,intro,यह एक ऐसा दिन है जब आप शांतचित्त रहकर विवेकपूर्ण निर्णय ले सकते हैं।,1
decision_B_to_df_earth,effect,स्थिर आधार पर निकाले गए निष्कर्ष लंबे समय तक टिके रहते हैं।,1
decision_B_to_df_earth,action,गैर-जरूरी मामलों में धीरे-धीरे सोचें और निर्णय लें।,1
decision_B_to_df_earth,state,"भले ही गुरुत्वाकर्षण का केंद्र कुछ हद तक हिल गया हो, दैनिक जीवन का संतुलन बिना किसी परेशानी के बना रहता है, और बादल वाली ऊर्जा शांत वातावरण में जुड़ जाती है, जिससे शांति का एहसास होता है।",1
decision_B_to_df_fire,intro,यह एक ऐसा दिन है जब आप शांतचित्त रहकर विवेकपूर्ण निर्णय ले सकते हैं।,1
decision_B_to_df_fire,effect,स्थिर आधार पर निकाले गए निष्कर्ष लंबे समय तक टिके रहते हैं।,1
decision_B_to_df_fire,action,गैर-जरूरी मामलों में धीरे-धीरे सोचें और निर्णय लें।,1
decision_B_to_df_fire,state,"भले ही गुरुत्वाकर्षण का केंद्र कुछ हद तक हिल गया हो, दैनिक जीवन का संतुलन बिना किसी परेशानी के बनाए रखा जाता है, और स्पष्ट ऊर्जा प्रकाश जीवन शक्ति जोड़ती है, जिससे एक सहज प्रवाह बनता है।",1
decision_B_to_df_water,intro,यह एक ऐसा दिन है जब आप शांतचित्त रहकर विवेकपूर्ण निर्णय ले सकते हैं।,1
decision_B_to_df_water,effect,स्थिर आधार पर निकाले गए निष्कर्ष लंबे समय तक टिके रहते हैं।,1
decision_B_to_df_water,action,गैर-जरूरी मामलों में धीरे-धीरे सोचें और निर्णय लें।,1
decision_B_to_df_water,state,"भले ही आपके गुरुत्वाकर्षण का केंद्र कुछ हद तक हिल गया हो, आपके दैनिक जीवन का संतुलन बिना किसी परेशानी के बना रहता है, और नम ऊर्जा आपकी भावनाओं में एक शांत और लंबे समय तक रहने वाली भावना जोड़ती है।",1
decision_B_to_df_wood,intro,यह एक ऐसा दिन है जब आप शांतचित्त रहकर विवेकपूर्ण निर्णय ले सकते हैं।,1
decision_B_to_df_wood,effect,स्थिर आधार पर निकाले गए निष्कर्ष लंबे समय तक टिके रहते हैं।,1
decision_B_to_df_wood,action,गैर-जरूरी मामलों में धीरे-धीरे सोचें और निर्णय लें।,1
decision_B_to_df_wood,state,"भले ही केंद्र कुछ हद तक हिल गया हो, दैनिक जीवन का संतुलन बिना किसी परेशानी के बना रहता है, और परिवर्तन की थोड़ी सी ऊर्जा उचित उत्तेजना जोड़ती है।",1
decision_B_to_ex_earth,intro,यह एक ऐसा दिन है जब आप शांतचित्त रहकर विवेकपूर्ण निर्णय ले सकते हैं।,1
decision_B_to_ex_earth,effect,स्थिर आधार पर निकाले गए निष्कर्ष लंबे समय तक टिके रहते हैं।,1
decision_B_to_ex_earth,action,गैर-जरूरी मामलों में धीरे-धीरे सोचें और निर्णय लें।,1
decision_B_to_ex_earth,state,"इसमें स्थिरता की ओर एक मजबूत प्रवृत्ति होती है, इसलिए यह बिना किसी समस्या के एक शांत दिन में जारी रहता है, और बादल वाली ऊर्जा शांत वातावरण में जुड़ जाती है, जिससे शांति बनी रहती है।",1
decision_B_to_ex_fire,intro,यह एक ऐसा दिन है जब आप शांतचित्त रहकर विवेकपूर्ण निर्णय ले सकते हैं।,1
decision_B_to_ex_fire,effect,स्थिर आधार पर निकाले गए निष्कर्ष लंबे समय तक टिके रहते हैं।,1
decision_B_to_ex_fire,action,गैर-जरूरी मामलों में धीरे-धीरे सोचें और निर्णय लें।,1
decision_B_to_ex_fire,state,"इसमें स्थिरता की ओर एक मजबूत प्रवृत्ति होती है, इसलिए यह एक शांत दिन में भी सुचारू रूप से जारी रहती है, और स्पष्ट ऊर्जा प्रकाश जीवन शक्ति जोड़ती है, जिससे एक सहज प्रवाह बनता है।",1
decision_B_to_ex_water,intro,यह एक ऐसा दिन है जब आप शांतचित्त रहकर विवेकपूर्ण निर्णय ले सकते हैं।,1
decision_B_to_ex_water,effect,स्थिर आधार पर निकाले गए निष्कर्ष लंबे समय तक टिके रहते हैं।,1
decision_B_to_ex_water,action,गैर-जरूरी मामलों में धीरे-धीरे सोचें और निर्णय लें।,1
decision_B_to_ex_water,state,"इसकी एक मजबूत स्थिरता-उन्मुख प्रकृति है, इसलिए यह आसानी से एक शांत दिन का नेतृत्व कर सकती है, और नम ऊर्जा भावनाओं में एक शांत स्वाद जोड़ती है।",1
decision_B_to_ex_wood,intro,यह एक ऐसा दिन है जब आप शांतचित्त रहकर विवेकपूर्ण निर्णय ले सकते हैं।,1
decision_B_to_ex_wood,effect,स्थिर आधार पर निकाले गए निष्कर्ष लंबे समय तक टिके रहते हैं।,1
decision_B_to_ex_wood,action,गैर-जरूरी मामलों में धीरे-धीरे सोचें और निर्णय लें।,1
decision_B_to_ex_wood,state,"स्थिरता-अभिविन्यास मजबूत है, इसलिए यह एक शांत दिन में भी सुचारू रूप से जारी रहता है, और परिवर्तन की थोड़ी सी ऊर्जा उचित उत्तेजना जोड़ती है।",1
decision_B1,intro,आज आपका निर्णय दृढ़ता से काम करेगा और आप बड़ी गलतियाँ किए बिना निर्णय लेने में सक्षम होंगे।,1
decision_B1,intro,"आज के विचार अपेक्षाकृत स्पष्ट हैं, जिससे यह मानक निर्धारित करने और विकल्प चुनने के लिए उपयुक्त दिन है।",1
decision_B1,effect,शांति से स्थिति का विश्लेषण करने से सही निर्णय मिलने की संभावना है।,1
decision_B1,effect,"भले ही निर्णय जटिल लगे, यदि आप मानदंड स्पष्ट कर देंगे तो आपको रास्ता दिख जाएगा।",1
decision_B1,action,"महत्वपूर्ण निर्णयों के लिए, पक्ष और विपक्ष को संक्षेप में लिखने से आपको अपने विचारों को व्यवस्थित करने में मदद मिलेगी।",1
decision_B1,action,आज ही अपने स्थिर निर्णय पर भरोसा करें और छोटे-छोटे विकल्पों को अमल में लाना शुरू करें।,1
decision_B1_geum_df_earth,intro,"आपका निर्णय औसत है, लेकिन जटिल निर्णयों पर पुनर्विचार की आवश्यकता हो सकती है।",1
decision_B1_geum_df_earth,effect,"विश्लेषण कुछ हद तक सही है, लेकिन विवरण में खामियां हैं।",1
decision_B1_geum_df_earth,action,महत्वपूर्ण निर्णय लेने से पहले एक बार और जाँच लें।,1
decision_B1_geum_df_earth,state,"हालाँकि मैं निर्णय लेने में धीमा हूँ, दिन बिना किसी हिचकिचाहट के चलता रहता है, और बादल भरी ऊर्जा मुझे आसान गति बनाए रखने में मदद करती है।",1
decision_B1_geum_df_fire,intro,"आपका निर्णय औसत है, लेकिन जटिल निर्णयों पर पुनर्विचार की आवश्यकता हो सकती है।",1
decision_B1_geum_df_fire,effect,"विश्लेषण कुछ हद तक सही है, लेकिन विवरण में खामियां हैं।",1
decision_B1_geum_df_fire,action,महत्वपूर्ण निर्णय लेने से पहले एक बार और जाँच लें।,1
decision_B1_geum_df_fire,state,"हालाँकि मैं निर्णय लेने में धीमा हूँ, दिन बिना किसी हिचकिचाहट के बीतता है, और स्पष्ट ऊर्जा शांत जीवन शक्ति जोड़ती है, जिससे दिन सामान्य हो जाता है।",1
decision_B1_geum_df_water,intro,"आपका निर्णय औसत है, लेकिन जटिल निर्णयों पर पुनर्विचार की आवश्यकता हो सकती है।",1
decision_B1_geum_df_water,effect,"विश्लेषण कुछ हद तक सही है, लेकिन विवरण में खामियां हैं।",1
decision_B1_geum_df_water,action,महत्वपूर्ण निर्णय लेने से पहले एक बार और जाँच लें।,1
decision_B1_geum_df_water,state,"हालाँकि मैं निर्णय लेने में धीमा हूँ, दिन बिना किसी हिचकिचाहट के बीतता है, और नम ऊर्जा मेरे विचारों को बढ़ाती है लेकिन ज्यादा हलचल पैदा नहीं करती है।",1
decision_B1_geum_df_wood,intro,"आपका निर्णय औसत है, लेकिन जटिल निर्णयों पर पुनर्विचार की आवश्यकता हो सकती है।",1
decision_B1_geum_df_wood,effect,"विश्लेषण कुछ हद तक सही है, लेकिन विवरण में खामियां हैं।",1
decision_B1_geum_df_wood,action,महत्वपूर्ण निर्णय लेने से पहले एक बार और जाँच लें।,1
decision_B1_geum_df_wood,state,"निर्णय धीमा हो सकता है, लेकिन दिन बिना किसी हिचकिचाहट के चलता रहता है, और परिवर्तन की शांत ऊर्जा सामान्य प्रवाह को केवल थोड़ा सा हिलाती है।",1
decision_B1_geum_ex_earth,intro,"आपका निर्णय औसत है, लेकिन जटिल निर्णयों पर पुनर्विचार की आवश्यकता हो सकती है।",1
decision_B1_geum_ex_earth,effect,"विश्लेषण कुछ हद तक सही है, लेकिन विवरण में खामियां हैं।",1
decision_B1_geum_ex_earth,action,महत्वपूर्ण निर्णय लेने से पहले एक बार और जाँच लें।,1
decision_B1_geum_ex_earth,state,"निर्णय स्पष्ट है, लेकिन यह एक औसत परिणाम के साथ समाप्त होता है, और बादल वाली ऊर्जा एक सभ्य गति बनाए रखने में मदद करती है।",1
decision_B1_geum_ex_fire,intro,"आपका निर्णय औसत है, लेकिन जटिल निर्णयों पर पुनर्विचार की आवश्यकता हो सकती है।",1
decision_B1_geum_ex_fire,effect,"विश्लेषण कुछ हद तक सही है, लेकिन विवरण में खामियां हैं।",1
decision_B1_geum_ex_fire,action,महत्वपूर्ण निर्णय लेने से पहले एक बार और जाँच लें।,1
decision_B1_geum_ex_fire,state,"निर्णय स्पष्ट है, लेकिन यह एक सामान्य परिणाम के साथ समाप्त होता है, और स्पष्ट ऊर्जा शांत जीवन शक्ति जोड़ती है और सामान्य दिन को जारी रखती है।",1
decision_B1_geum_ex_water,intro,"आपका निर्णय औसत है, लेकिन जटिल निर्णयों पर पुनर्विचार की आवश्यकता हो सकती है।",1
decision_B1_geum_ex_water,effect,"विश्लेषण कुछ हद तक सही है, लेकिन विवरण में खामियां हैं।",1
decision_B1_geum_ex_water,action,महत्वपूर्ण निर्णय लेने से पहले एक बार और जाँच लें।,1
decision_B1_geum_ex_water,state,"निर्णय स्पष्ट है लेकिन एक साधारण परिणाम के साथ समाप्त होता है, और नम ऊर्जा विचारों को बढ़ाती है लेकिन ज्यादा उत्तेजना पैदा नहीं करती है।",1
decision_B1_geum_ex_wood,intro,"आपका निर्णय औसत है, लेकिन जटिल निर्णयों पर पुनर्विचार की आवश्यकता हो सकती है।",1
decision_B1_geum_ex_wood,effect,"विश्लेषण कुछ हद तक सही है, लेकिन विवरण में खामियां हैं।",1
decision_B1_geum_ex_wood,action,महत्वपूर्ण निर्णय लेने से पहले एक बार और जाँच लें।,1
decision_B1_geum_ex_wood,state,"निर्णय स्पष्ट है, लेकिन यह एक औसत परिणाम के साथ समाप्त होता है, और परिवर्तन की शांत ऊर्जा सामान्य प्रवाह को थोड़ा सा हिलाने के अलावा और कुछ नहीं करती है।",1
decision_B1_hwa_df_earth,intro,"चूंकि अंतर्ज्ञान पूरी तरह से जीवित नहीं है, इसलिए संवेदी निर्णय में त्रुटियां हो सकती हैं।",1
decision_B1_hwa_df_earth,effect,"भावनाएँ धूमिल हो जाती हैं, जिससे निर्णयों में अनिश्चितता रह जाती है।",1
decision_B1_hwa_df_earth,action,"केवल अपने अंतर्ज्ञान पर भरोसा न करें, साथ में ठोस जानकारी की जाँच करें।",1
decision_B1_hwa_df_earth,state,"हालाँकि बहुत कम अभिव्यक्ति होती है, लेकिन रिश्ता बहुत अधिक नहीं हिलता है, और धुंधली ऊर्जा एक आसान गति बनाए रखने में मदद करती है।",1
decision_B1_hwa_df_fire,intro,"चूंकि अंतर्ज्ञान पूरी तरह से जीवित नहीं है, इसलिए संवेदी निर्णय में त्रुटियां हो सकती हैं।",1
decision_B1_hwa_df_fire,effect,"भावनाएँ धूमिल हो जाती हैं, जिससे निर्णयों में अनिश्चितता रह जाती है।",1
decision_B1_hwa_df_fire,action,"केवल अपने अंतर्ज्ञान पर भरोसा न करें, साथ में ठोस जानकारी की जाँच करें।",1
decision_B1_hwa_df_fire,state,"हालाँकि कुछ अभिव्यक्तियाँ हैं, रिश्ता बहुत अधिक नहीं हिला है, और स्पष्ट ऊर्जा शांत जीवन शक्ति जोड़ती है और एक सामान्य दिन जारी रखती है।",1
decision_B1_hwa_df_water,intro,"चूंकि अंतर्ज्ञान पूरी तरह से जीवित नहीं है, इसलिए संवेदी निर्णय में त्रुटियां हो सकती हैं।",1
decision_B1_hwa_df_water,effect,"भावनाएँ धूमिल हो जाती हैं, जिससे निर्णयों में अनिश्चितता रह जाती है।",1
decision_B1_hwa_df_water,action,"केवल अपने अंतर्ज्ञान पर भरोसा न करें, साथ में ठोस जानकारी की जाँच करें।",1
decision_B1_hwa_df_water,state,"हालाँकि कुछ अभिव्यक्तियाँ हैं, रिश्ते बहुत अधिक हिलते नहीं हैं, और नम ऊर्जा विचारों को बढ़ाती है, लेकिन बहुत अधिक हलचल पैदा नहीं करती है।",1
decision_B1_hwa_df_wood,intro,"चूंकि अंतर्ज्ञान पूरी तरह से जीवित नहीं है, इसलिए संवेदी निर्णय में त्रुटियां हो सकती हैं।",1
decision_B1_hwa_df_wood,effect,"भावनाएँ धूमिल हो जाती हैं, जिससे निर्णयों में अनिश्चितता रह जाती है।",1
decision_B1_hwa_df_wood,action,"केवल अपने अंतर्ज्ञान पर भरोसा न करें, साथ में ठोस जानकारी की जाँच करें।",1
decision_B1_hwa_df_wood,state,"यद्यपि बहुत कम अभिव्यक्ति है, संबंध बहुत अधिक नहीं हिला है, और परिवर्तन की शांत ऊर्जा केवल सामान्य प्रवाह को थोड़ा हिलाने के लिए पर्याप्त है।",1
decision_B1_hwa_ex_earth,intro,"चूंकि अंतर्ज्ञान पूरी तरह से जीवित नहीं है, इसलिए संवेदी निर्णय में त्रुटियां हो सकती हैं।",1
decision_B1_hwa_ex_earth,effect,"भावनाएँ धूमिल हो जाती हैं, जिससे निर्णयों में अनिश्चितता रह जाती है।",1
decision_B1_hwa_ex_earth,action,"केवल अपने अंतर्ज्ञान पर भरोसा न करें, साथ में ठोस जानकारी की जाँच करें।",1
decision_B1_hwa_ex_earth,state,"मध्यम गर्मी एक सहज दिन बनाती है, और बादल वाली ऊर्जा आपको एक आसान गति बनाए रखने में मदद करती है।",1
decision_B1_hwa_ex_fire,intro,"चूंकि अंतर्ज्ञान पूरी तरह से जीवित नहीं है, इसलिए संवेदी निर्णय में त्रुटियां हो सकती हैं।",1
decision_B1_hwa_ex_fire,effect,"भावनाएँ धूमिल हो जाती हैं, जिससे निर्णयों में अनिश्चितता रह जाती है।",1
decision_B1_hwa_ex_fire,action,"केवल अपने अंतर्ज्ञान पर भरोसा न करें, साथ में ठोस जानकारी की जाँच करें।",1
decision_B1_hwa_ex_fire,state,"मध्यम गर्मी एक सहज दिन बनाती है, और स्पष्ट ऊर्जा शांत जीवन शक्ति जोड़ती है और सामान्य दिन को जारी रखती है।",1
decision_B1_hwa_ex_water,intro,"चूंकि अंतर्ज्ञान पूरी तरह से जीवित नहीं है, इसलिए संवेदी निर्णय में त्रुटियां हो सकती हैं।",1
decision_B1_hwa_ex_water,effect,"भावनाएँ धूमिल हो जाती हैं, जिससे निर्णयों में अनिश्चितता रह जाती है।",1
decision_B1_hwa_ex_water,action,"केवल अपने अंतर्ज्ञान पर भरोसा न करें, साथ में ठोस जानकारी की जाँच करें।",1
decision_B1_hwa_ex_water,state,"मध्यम गर्मी एक सुहाना दिन बनाती है, और नम ऊर्जा आपके विचारों को बढ़ाती है लेकिन ज्यादा उत्तेजना पैदा नहीं करती है।",1
decision_B1_hwa_ex_wood,intro,"चूंकि अंतर्ज्ञान पूरी तरह से जीवित नहीं है, इसलिए संवेदी निर्णय में त्रुटियां हो सकती हैं।",1
decision_B1_hwa_ex_wood,effect,"भावनाएँ धूमिल हो जाती हैं, जिससे निर्णयों में अनिश्चितता रह जाती है।",1
decision_B1_hwa_ex_wood,action,"केवल अपने अंतर्ज्ञान पर भरोसा न करें, साथ में ठोस जानकारी की जाँच करें।",1
decision_B1_hwa_ex_wood,state,"मध्यम गर्मी एक सहज दिन बनाती है, और परिवर्तन की शांत ऊर्जा सामान्य प्रवाह को थोड़ा सा हिलाने के अलावा और कुछ नहीं करती है।",1
decision_B1_mok_df_earth,intro,"आपका निर्णय कुछ हद तक संकुचित हो सकता है, जिससे आपके विकल्पों पर पूरी तरह विचार करना मुश्किल हो जाएगा।",1
decision_B1_mok_df_earth,effect,"क्योंकि आपकी दृष्टि का क्षेत्र सीमित है, आप बेहतर विकल्पों से चूक सकते हैं।",1
decision_B1_mok_df_earth,action,निर्णय लेने से पहले सक्रिय रूप से अपने आस-पास के लोगों से राय और अतिरिक्त जानकारी इकट्ठा करें।,1
decision_B1_mok_df_earth,state,"यह नए की तुलना में अधिक परिचित रहता है, लेकिन प्रवाह निर्बाध है और बादलदार ऊर्जा आपको आसान गति बनाए रखने में मदद करती है।",1
decision_B1_mok_df_fire,intro,"आपका निर्णय कुछ हद तक संकुचित हो सकता है, जिससे आपके विकल्पों पर पूरी तरह विचार करना मुश्किल हो जाएगा।",1
decision_B1_mok_df_fire,effect,"क्योंकि आपकी दृष्टि का क्षेत्र सीमित है, आप बेहतर विकल्पों से चूक सकते हैं।",1
decision_B1_mok_df_fire,action,निर्णय लेने से पहले सक्रिय रूप से अपने आस-पास के लोगों से राय और अतिरिक्त जानकारी इकट्ठा करें।,1
decision_B1_mok_df_fire,state,"यद्यपि यह नए के बजाय परिचित बना हुआ है, प्रवाह निर्बाध है और स्पष्ट ऊर्जा शांत जीवन शक्ति जोड़ती है और सामान्य दिन को जारी रखती है।",1
decision_B1_mok_df_water,intro,"आपका निर्णय कुछ हद तक संकुचित हो सकता है, जिससे आपके विकल्पों पर पूरी तरह विचार करना मुश्किल हो जाएगा।",1
decision_B1_mok_df_water,effect,"क्योंकि आपकी दृष्टि का क्षेत्र सीमित है, आप बेहतर विकल्पों से चूक सकते हैं।",1
decision_B1_mok_df_water,action,निर्णय लेने से पहले सक्रिय रूप से अपने आस-पास के लोगों से राय और अतिरिक्त जानकारी इकट्ठा करें।,1
decision_B1_mok_df_water,state,"यद्यपि यह उपन्यास के बजाय परिचित रहता है, प्रवाह निर्बाध है और नम ऊर्जा विचारों को बढ़ाती है लेकिन ज्यादा हलचल पैदा नहीं करती है।",1
decision_B1_mok_df_wood,intro,"आपका निर्णय कुछ हद तक संकुचित हो सकता है, जिससे आपके विकल्पों पर पूरी तरह विचार करना मुश्किल हो जाएगा।",1
decision_B1_mok_df_wood,effect,"क्योंकि आपकी दृष्टि का क्षेत्र सीमित है, आप बेहतर विकल्पों से चूक सकते हैं।",1
decision_B1_mok_df_wood,action,निर्णय लेने से पहले सक्रिय रूप से अपने आस-पास के लोगों से राय और अतिरिक्त जानकारी इकट्ठा करें।,1
decision_B1_mok_df_wood,state,"हालाँकि यह नए की तुलना में अधिक परिचित है, प्रवाह निर्बाध है और परिवर्तन की शांत ऊर्जा सामान्य प्रवाह को केवल थोड़ा सा हिलाती है।",1
decision_B1_mok_ex_earth,intro,"आपका निर्णय कुछ हद तक संकुचित हो सकता है, जिससे आपके विकल्पों पर पूरी तरह विचार करना मुश्किल हो जाएगा।",1
decision_B1_mok_ex_earth,effect,"क्योंकि आपकी दृष्टि का क्षेत्र सीमित है, आप बेहतर विकल्पों से चूक सकते हैं।",1
decision_B1_mok_ex_earth,action,निर्णय लेने से पहले सक्रिय रूप से अपने आस-पास के लोगों से राय और अतिरिक्त जानकारी इकट्ठा करें।,1
decision_B1_mok_ex_earth,state,"मैं प्रेरित हूं, लेकिन मेरी प्रेरक शक्ति औसत स्तर पर बनी हुई है, और बादल भरी ऊर्जा मुझे एक अच्छी गति बनाए रखने में मदद करती है।",1
decision_B1_mok_ex_fire,intro,"आपका निर्णय कुछ हद तक संकुचित हो सकता है, जिससे आपके विकल्पों पर पूरी तरह विचार करना मुश्किल हो जाएगा।",1
decision_B1_mok_ex_fire,effect,"क्योंकि आपकी दृष्टि का क्षेत्र सीमित है, आप बेहतर विकल्पों से चूक सकते हैं।",1
decision_B1_mok_ex_fire,action,निर्णय लेने से पहले सक्रिय रूप से अपने आस-पास के लोगों से राय और अतिरिक्त जानकारी इकट्ठा करें।,1
decision_B1_mok_ex_fire,state,"यद्यपि मैं प्रेरित हूं, मेरी प्रेरक शक्ति औसत स्तर पर बनी हुई है, और स्पष्ट ऊर्जा शांत जीवन शक्ति जोड़ती है और मेरे सामान्य दिन को जारी रखती है।",1
decision_B1_mok_ex_water,intro,"आपका निर्णय कुछ हद तक संकुचित हो सकता है, जिससे आपके विकल्पों पर पूरी तरह विचार करना मुश्किल हो जाएगा।",1
decision_B1_mok_ex_water,effect,"क्योंकि आपकी दृष्टि का क्षेत्र सीमित है, आप बेहतर विकल्पों से चूक सकते हैं।",1
decision_B1_mok_ex_water,action,निर्णय लेने से पहले सक्रिय रूप से अपने आस-पास के लोगों से राय और अतिरिक्त जानकारी इकट्ठा करें।,1
decision_B1_mok_ex_water,state,"प्रेरणा होती है, लेकिन प्रेरक शक्ति सामान्य स्तर पर रहती है, और नम ऊर्जा विचारों को बढ़ाती है, लेकिन ज्यादा उत्तेजना पैदा नहीं करती है।",1
decision_B1_mok_ex_wood,intro,"आपका निर्णय कुछ हद तक संकुचित हो सकता है, जिससे आपके विकल्पों पर पूरी तरह विचार करना मुश्किल हो जाएगा।",1
decision_B1_mok_ex_wood,effect,"क्योंकि आपकी दृष्टि का क्षेत्र सीमित है, आप बेहतर विकल्पों से चूक सकते हैं।",1
decision_B1_mok_ex_wood,action,निर्णय लेने से पहले सक्रिय रूप से अपने आस-पास के लोगों से राय और अतिरिक्त जानकारी इकट्ठा करें।,1
decision_B1_mok_ex_wood,state,"प्रेरणा है, लेकिन प्रेरक शक्ति औसत स्तर पर बनी हुई है, और परिवर्तन की शांत ऊर्जा सामान्य प्रवाह को थोड़ा सा हिलाने के लिए पर्याप्त है।",1
decision_B1_su_df_earth,intro,"प्रवाह को पढ़ने की मेरी समझ थोड़ी सुस्त हो गई है, इसलिए मुझे समय का आकलन करने में परेशानी हो रही है।",1
decision_B1_su_df_earth,effect,निर्णय का समय थोड़ा ख़राब हो सकता है और परिणाम उम्मीद से कम हो सकते हैं।,1
decision_B1_su_df_earth,action,"निर्णय लेने में जल्दबाजी न करें, स्थिति स्पष्ट होने तक प्रतीक्षा करें।",1
decision_B1_su_df_earth,state,"यद्यपि लचीलेपन में कमी आई है, प्रवाह में उल्लेखनीय रूप से रुकावट नहीं आई है, और बादल वाली ऊर्जा एक सभ्य गति बनाए रखने में मदद करती है।",1
decision_B1_su_df_fire,intro,"प्रवाह को पढ़ने की मेरी समझ थोड़ी सुस्त हो गई है, इसलिए मुझे समय का आकलन करने में परेशानी हो रही है।",1
decision_B1_su_df_fire,effect,निर्णय का समय थोड़ा ख़राब हो सकता है और परिणाम उम्मीद से कम हो सकते हैं।,1
decision_B1_su_df_fire,action,"निर्णय लेने में जल्दबाजी न करें, स्थिति स्पष्ट होने तक प्रतीक्षा करें।",1
decision_B1_su_df_fire,state,"यद्यपि लचीलेपन में कमी आई है, प्रवाह में उल्लेखनीय रूप से बाधा नहीं आई है, और स्पष्ट ऊर्जा शांत जीवन शक्ति जोड़ती है और एक सामान्य दिन जारी रखती है।",1
decision_B1_su_df_water,intro,"प्रवाह को पढ़ने की मेरी समझ थोड़ी सुस्त हो गई है, इसलिए मुझे समय का आकलन करने में परेशानी हो रही है।",1
decision_B1_su_df_water,effect,निर्णय का समय थोड़ा ख़राब हो सकता है और परिणाम उम्मीद से कम हो सकते हैं।,1
decision_B1_su_df_water,action,"निर्णय लेने में जल्दबाजी न करें, स्थिति स्पष्ट होने तक प्रतीक्षा करें।",1
decision_B1_su_df_water,state,"लचीलापन कम हो जाता है, लेकिन प्रवाह बहुत अधिक बाधित नहीं होता है, और नम ऊर्जा विचारों को बढ़ाती है, लेकिन अधिक उत्तेजना पैदा नहीं करती है।",1
decision_B1_su_df_wood,intro,"प्रवाह को पढ़ने की मेरी समझ थोड़ी सुस्त हो गई है, इसलिए मुझे समय का आकलन करने में परेशानी हो रही है।",1
decision_B1_su_df_wood,effect,निर्णय का समय थोड़ा ख़राब हो सकता है और परिणाम उम्मीद से कम हो सकते हैं।,1
decision_B1_su_df_wood,action,"निर्णय लेने में जल्दबाजी न करें, स्थिति स्पष्ट होने तक प्रतीक्षा करें।",1
decision_B1_su_df_wood,state,"यद्यपि लचीलेपन में कमी आई है, प्रवाह में कोई विशेष बाधा नहीं आई है, और परिवर्तन की शांत ऊर्जा सामान्य प्रवाह को केवल थोड़ा सा हिलाती है।",1
decision_B1_su_ex_earth,intro,"प्रवाह को पढ़ने की मेरी समझ थोड़ी सुस्त हो गई है, इसलिए मुझे समय का आकलन करने में परेशानी हो रही है।",1
decision_B1_su_ex_earth,effect,निर्णय का समय थोड़ा ख़राब हो सकता है और परिणाम उम्मीद से कम हो सकते हैं।,1
decision_B1_su_ex_earth,action,"निर्णय लेने में जल्दबाजी न करें, स्थिति स्पष्ट होने तक प्रतीक्षा करें।",1
decision_B1_su_ex_earth,state,"हालाँकि मेरे पास सोचने के लिए बहुत कुछ है, फिर भी दिन बिना किसी परेशानी के बीत जाता है, और बादल भरी ऊर्जा मुझे आसान गति बनाए रखने में मदद करती है।",1
decision_B1_su_ex_fire,intro,"प्रवाह को पढ़ने की मेरी समझ थोड़ी सुस्त हो गई है, इसलिए मुझे समय का आकलन करने में परेशानी हो रही है।",1
decision_B1_su_ex_fire,effect,निर्णय का समय थोड़ा ख़राब हो सकता है और परिणाम उम्मीद से कम हो सकते हैं।,1
decision_B1_su_ex_fire,action,"निर्णय लेने में जल्दबाजी न करें, स्थिति स्पष्ट होने तक प्रतीक्षा करें।",1
decision_B1_su_ex_fire,state,"भले ही मेरे पास बहुत सारे विचार हैं, दिन बिना किसी परेशानी के बीत जाता है, और स्पष्ट ऊर्जा शांत जीवन शक्ति जोड़ती है और सामान्य दिन को जारी रखती है।",1
decision_B1_su_ex_water,intro,"प्रवाह को पढ़ने की मेरी समझ थोड़ी सुस्त हो गई है, इसलिए मुझे समय का आकलन करने में परेशानी हो रही है।",1
decision_B1_su_ex_water,effect,निर्णय का समय थोड़ा ख़राब हो सकता है और परिणाम उम्मीद से कम हो सकते हैं।,1
decision_B1_su_ex_water,action,"निर्णय लेने में जल्दबाजी न करें, स्थिति स्पष्ट होने तक प्रतीक्षा करें।",1
decision_B1_su_ex_water,state,"भले ही आपके मन में बहुत सारे विचार हों, दिन बिना ज्यादा हलचल के बीत जाता है और नम ऊर्जा आपके विचारों को बढ़ा देती है लेकिन ज्यादा हलचल पैदा नहीं करती।",1
decision_B1_su_ex_wood,intro,"प्रवाह को पढ़ने की मेरी समझ थोड़ी सुस्त हो गई है, इसलिए मुझे समय का आकलन करने में परेशानी हो रही है।",1
decision_B1_su_ex_wood,effect,निर्णय का समय थोड़ा ख़राब हो सकता है और परिणाम उम्मीद से कम हो सकते हैं।,1
decision_B1_su_ex_wood,action,"निर्णय लेने में जल्दबाजी न करें, स्थिति स्पष्ट होने तक प्रतीक्षा करें।",1
decision_B1_su_ex_wood,state,"भले ही मेरे मन में बहुत सारे विचार हों, दिन बिना किसी व्यवधान के बीत जाता है, और परिवर्तन की शांत ऊर्जा सामान्य प्रवाह को केवल थोड़ा सा हिलाती है।",1
decision_B1_to_df_earth,intro,"निर्णय की स्थिरता औसत स्तर पर बनी रहती है, लेकिन उतार-चढ़ाव हो सकता है।",1
decision_B1_to_df_earth,effect,"संतुलन थोड़ा गड़बड़ा सकता है, जिससे महत्वपूर्ण निर्णयों में गलतियाँ हो सकती हैं।",1
decision_B1_to_df_earth,action,चीज़ों पर सामान्य से अधिक ध्यान से विचार करें और बिना जल्दबाजी के निर्णय लें।,1
decision_B1_to_df_earth,state,"भले ही कुछ कंपन हो, दैनिक जीवन सुचारू रूप से चलता है और बादल वाली ऊर्जा मुझे आसान गति बनाए रखने में मदद करती है।",1
decision_B1_to_df_fire,intro,"निर्णय की स्थिरता औसत स्तर पर बनी रहती है, लेकिन उतार-चढ़ाव हो सकता है।",1
decision_B1_to_df_fire,effect,"संतुलन थोड़ा गड़बड़ा सकता है, जिससे महत्वपूर्ण निर्णयों में गलतियाँ हो सकती हैं।",1
decision_B1_to_df_fire,action,चीज़ों पर सामान्य से अधिक ध्यान से विचार करें और बिना जल्दबाजी के निर्णय लें।,1
decision_B1_to_df_fire,state,"हालाँकि कुछ कंपन है, दैनिक जीवन सुचारू रूप से चलता है, और स्पष्ट ऊर्जा शांत जीवन शक्ति जोड़ती है और सामान्य दिन को जारी रखती है।",1
decision_B1_to_df_water,intro,"निर्णय की स्थिरता औसत स्तर पर बनी रहती है, लेकिन उतार-चढ़ाव हो सकता है।",1
decision_B1_to_df_water,effect,"संतुलन थोड़ा गड़बड़ा सकता है, जिससे महत्वपूर्ण निर्णयों में गलतियाँ हो सकती हैं।",1
decision_B1_to_df_water,action,चीज़ों पर सामान्य से अधिक ध्यान से विचार करें और बिना जल्दबाजी के निर्णय लें।,1
decision_B1_to_df_water,state,"यद्यपि कंपन होता है, दैनिक जीवन सुचारू रूप से चलता है, और नम ऊर्जा विचारों को बढ़ाती है, लेकिन अधिक हलचल पैदा नहीं करती है।",1
decision_B1_to_df_wood,intro,"निर्णय की स्थिरता औसत स्तर पर बनी रहती है, लेकिन उतार-चढ़ाव हो सकता है।",1
decision_B1_to_df_wood,effect,"संतुलन थोड़ा गड़बड़ा सकता है, जिससे महत्वपूर्ण निर्णयों में गलतियाँ हो सकती हैं।",1
decision_B1_to_df_wood,action,चीज़ों पर सामान्य से अधिक ध्यान से विचार करें और बिना जल्दबाजी के निर्णय लें।,1
decision_B1_to_df_wood,state,"यद्यपि उतार-चढ़ाव होते हैं, दैनिक जीवन सुचारू रूप से चलता है, और परिवर्तन की शांत ऊर्जा सामान्य प्रवाह को केवल थोड़ा सा हिलाती है।",1
decision_B1_to_ex_earth,intro,"निर्णय की स्थिरता औसत स्तर पर बनी रहती है, लेकिन उतार-चढ़ाव हो सकता है।",1
decision_B1_to_ex_earth,effect,"संतुलन थोड़ा गड़बड़ा सकता है, जिससे महत्वपूर्ण निर्णयों में गलतियाँ हो सकती हैं।",1
decision_B1_to_ex_earth,action,चीज़ों पर सामान्य से अधिक ध्यान से विचार करें और बिना जल्दबाजी के निर्णय लें।,1
decision_B1_to_ex_earth,state,"परिवर्तन के स्थान पर परिचितता को चुनने से दिन आसान हो जाता है, और बादल भरी ऊर्जा मुझे आसान गति बनाए रखने में मदद करती है।",1
decision_B1_to_ex_fire,intro,"निर्णय की स्थिरता औसत स्तर पर बनी रहती है, लेकिन उतार-चढ़ाव हो सकता है।",1
decision_B1_to_ex_fire,effect,"संतुलन थोड़ा गड़बड़ा सकता है, जिससे महत्वपूर्ण निर्णयों में गलतियाँ हो सकती हैं।",1
decision_B1_to_ex_fire,action,चीज़ों पर सामान्य से अधिक ध्यान से विचार करें और बिना जल्दबाजी के निर्णय लें।,1
decision_B1_to_ex_fire,state,"परिवर्तन के स्थान पर परिचितता को चुनने से एक सामान्य दिन बन जाता है, और स्पष्ट ऊर्जा सामान्य दिन में शांत जीवन शक्ति जोड़ती है।",1
decision_B1_to_ex_water,intro,"निर्णय की स्थिरता औसत स्तर पर बनी रहती है, लेकिन उतार-चढ़ाव हो सकता है।",1
decision_B1_to_ex_water,effect,"संतुलन थोड़ा गड़बड़ा सकता है, जिससे महत्वपूर्ण निर्णयों में गलतियाँ हो सकती हैं।",1
decision_B1_to_ex_water,action,चीज़ों पर सामान्य से अधिक ध्यान से विचार करें और बिना जल्दबाजी के निर्णय लें।,1
decision_B1_to_ex_water,state,"परिवर्तन के स्थान पर परिचितता को चुनने से दिन सामान्य हो जाता है, और नम ऊर्जा विचारों को बढ़ाती है लेकिन अधिक उत्तेजना पैदा नहीं करती है।",1
decision_B1_to_ex_wood,intro,"निर्णय की स्थिरता औसत स्तर पर बनी रहती है, लेकिन उतार-चढ़ाव हो सकता है।",1
decision_B1_to_ex_wood,effect,"संतुलन थोड़ा गड़बड़ा सकता है, जिससे महत्वपूर्ण निर्णयों में गलतियाँ हो सकती हैं।",1
decision_B1_to_ex_wood,action,चीज़ों पर सामान्य से अधिक ध्यान से विचार करें और बिना जल्दबाजी के निर्णय लें।,1
decision_B1_to_ex_wood,state,"परिवर्तन के स्थान पर परिचितता को चुनने से दिन सामान्य हो जाता है, और परिवर्तन की शांत ऊर्जा सामान्य प्रवाह को केवल थोड़ा सा हिला देती है।",1
decision_C,intro,"आज आपका निर्णय कुछ हद तक ख़राब हो सकता है, इसलिए महत्वपूर्ण निर्णयों को स्थगित करना सुरक्षित है।",1
decision_C,intro,"आज मेरे पास निर्णय लेने की ऊर्जा नहीं है, इसलिए स्वयं निर्णय लेने के बजाय किसी और की राय लेना बेहतर है।",1
decision_C,effect,"आज आप जो चुनाव करेंगे, वह बाद में पछतावा हो सकता है, इसलिए आपको इसे यथासंभव सावधानी से करने की आवश्यकता है।",1
decision_C,effect,"जानकारी या भावनाओं की कमी आपके निर्णय को धूमिल कर सकती है, इसलिए अपना समय लेना और समीक्षा करना सबसे अच्छा है।",1
decision_C,action,"यदि आप निर्णय लेने से पहले केवल मुख्य बिंदुओं को लिख लेते हैं, तो आप अपने दिमाग को व्यवस्थित कर सकते हैं और गलतियाँ कम कर सकते हैं।",1
decision_C,action,आज निकाले गए निष्कर्षों की कल फिर से समीक्षा करना और फिर उन्हें कार्यान्वित करना अधिक सुरक्षित है।,1
decision_C_geum_df_earth,intro,यह एक ऐसा दिन है जब निर्णय ख़राब होता है और जटिल निर्णयों में गलतियाँ होने की संभावना होती है।,1
decision_C_geum_df_earth,effect,विश्लेषण की सटीकता कम हो सकती है और गलत निष्कर्ष निकल सकते हैं।,1
decision_C_geum_df_earth,action,आज महत्वपूर्ण निर्णय लेने से बचें और उन पर किसी भरोसेमंद व्यक्ति से चर्चा करें।,1
decision_C_geum_df_earth,state,"जैसे-जैसे आपका संकल्प कमजोर होता है, महत्वपूर्ण विकल्पों को टालना आसान हो जाता है, और धुंधली ऊर्जा आपको धीमा कर सकती है और आपके विचारों को भारी बना सकती है।",1
decision_C_geum_df_fire,intro,यह एक ऐसा दिन है जब निर्णय ख़राब होता है और जटिल निर्णयों में गलतियाँ होने की संभावना होती है।,1
decision_C_geum_df_fire,effect,विश्लेषण की सटीकता कम हो सकती है और गलत निष्कर्ष निकल सकते हैं।,1
decision_C_geum_df_fire,action,आज महत्वपूर्ण निर्णय लेने से बचें और उन पर किसी भरोसेमंद व्यक्ति से चर्चा करें।,1
decision_C_geum_df_fire,state,"जैसे-जैसे आपका संकल्प कमजोर होता है, महत्वपूर्ण विकल्पों को टालना आसान हो जाता है, और आपकी स्पष्ट ऊर्जा उत्साहित माहौल में प्रवाहित हो सकती है, जो आपके विवेक को धूमिल कर सकती है।",1
decision_C_geum_df_water,intro,यह एक ऐसा दिन है जब निर्णय ख़राब होता है और जटिल निर्णयों में गलतियाँ होने की संभावना होती है।,1
decision_C_geum_df_water,effect,विश्लेषण की सटीकता कम हो सकती है और गलत निष्कर्ष निकल सकते हैं।,1
decision_C_geum_df_water,action,आज महत्वपूर्ण निर्णय लेने से बचें और उन पर किसी भरोसेमंद व्यक्ति से चर्चा करें।,1
decision_C_geum_df_water,state,"महत्वपूर्ण विकल्पों को स्थगित करना आसान है क्योंकि आपका संकल्प कमजोर हो जाता है, और बारिश और बर्फ की ऊर्जा आपकी भावनाओं और आंतरिक आत्म को उत्तेजित कर सकती है, जिसका बड़ा प्रभाव हो सकता है।",1
decision_C_geum_df_wood,intro,यह एक ऐसा दिन है जब निर्णय ख़राब होता है और जटिल निर्णयों में गलतियाँ होने की संभावना होती है।,1
decision_C_geum_df_wood,effect,विश्लेषण की सटीकता कम हो सकती है और गलत निष्कर्ष निकल सकते हैं।,1
decision_C_geum_df_wood,action,आज महत्वपूर्ण निर्णय लेने से बचें और उन पर किसी भरोसेमंद व्यक्ति से चर्चा करें।,1
decision_C_geum_df_wood,state,"कमजोर दृढ़ संकल्प के कारण महत्वपूर्ण विकल्पों को स्थगित करना आसान है, और परिवर्तन की मजबूत ऊर्जा लय को हिला सकती है और अप्रत्याशित परिवर्तन ला सकती है।",1
decision_C_geum_ex_earth,intro,यह एक ऐसा दिन है जब निर्णय ख़राब होता है और जटिल निर्णयों में गलतियाँ होने की संभावना होती है।,1
decision_C_geum_ex_earth,effect,विश्लेषण की सटीकता कम हो सकती है और गलत निष्कर्ष निकल सकते हैं।,1
decision_C_geum_ex_earth,action,आज महत्वपूर्ण निर्णय लेने से बचें और उन पर किसी भरोसेमंद व्यक्ति से चर्चा करें।,1
decision_C_geum_ex_earth,state,"अत्यधिक तीखा निर्णय रिश्तों को ठंडा बना सकता है, और धुंधली ऊर्जा आपकी गति को धीमा कर सकती है और आपके विचारों को भारी बना सकती है।",1
decision_C_geum_ex_fire,intro,यह एक ऐसा दिन है जब निर्णय ख़राब होता है और जटिल निर्णयों में गलतियाँ होने की संभावना होती है।,1
decision_C_geum_ex_fire,effect,विश्लेषण की सटीकता कम हो सकती है और गलत निष्कर्ष निकल सकते हैं।,1
decision_C_geum_ex_fire,action,आज महत्वपूर्ण निर्णय लेने से बचें और उन पर किसी भरोसेमंद व्यक्ति से चर्चा करें।,1
decision_C_geum_ex_fire,state,"अत्यधिक तीखा निर्णय रिश्तों को ठंडा बना सकता है, और स्पष्ट ऊर्जा उत्तेजित वातावरण में प्रवाहित हो सकती है, जो विवेक को धूमिल कर सकती है।",1
decision_C_geum_ex_water,intro,यह एक ऐसा दिन है जब निर्णय ख़राब होता है और जटिल निर्णयों में गलतियाँ होने की संभावना होती है।,1
decision_C_geum_ex_water,effect,विश्लेषण की सटीकता कम हो सकती है और गलत निष्कर्ष निकल सकते हैं।,1
decision_C_geum_ex_water,action,आज महत्वपूर्ण निर्णय लेने से बचें और उन पर किसी भरोसेमंद व्यक्ति से चर्चा करें।,1
decision_C_geum_ex_water,state,"अत्यधिक तीखा निर्णय रिश्तों को ठंडा बना सकता है, और बारिश और बर्फ की ऊर्जा भावनाओं और आंतरिक भावनाओं को उत्तेजित कर सकती है, जिसका बड़ा प्रभाव हो सकता है।",1
decision_C_geum_ex_wood,intro,यह एक ऐसा दिन है जब निर्णय ख़राब होता है और जटिल निर्णयों में गलतियाँ होने की संभावना होती है।,1
decision_C_geum_ex_wood,effect,विश्लेषण की सटीकता कम हो सकती है और गलत निष्कर्ष निकल सकते हैं।,1
decision_C_geum_ex_wood,action,आज महत्वपूर्ण निर्णय लेने से बचें और उन पर किसी भरोसेमंद व्यक्ति से चर्चा करें।,1
decision_C_geum_ex_wood,state,"अत्यधिक तीखा निर्णय रिश्तों को ठंडा बना सकता है, और परिवर्तन की मजबूत ऊर्जा लय को हिला सकती है और अप्रत्याशित परिवर्तन ला सकती है।",1
decision_C_hwa_df_earth,intro,यह एक ऐसा दिन है जब अंतर्ज्ञान धुंधला हो जाता है और संवेदी निर्णय पर भरोसा करना मुश्किल हो जाता है।,1
decision_C_hwa_df_earth,effect,"यदि आपकी भावनाएँ वास्तविकता से भिन्न हैं, तो आपके निर्णयों पर पछतावा हो सकता है।",1
decision_C_hwa_df_earth,action,भावनाओं के बजाय वस्तुनिष्ठ तथ्यों के आधार पर सावधानीपूर्वक निर्णय लें।,1
decision_C_hwa_df_earth,state,"स्वयं को अभिव्यक्त करने में कठिनाई के कारण गलतफहमियाँ उत्पन्न होना आसान है, और धुंधली ऊर्जा आपको धीमा कर सकती है और आपके विचारों को भारी बना सकती है।",1
decision_C_hwa_df_fire,intro,यह एक ऐसा दिन है जब अंतर्ज्ञान धुंधला हो जाता है और संवेदी निर्णय पर भरोसा करना मुश्किल हो जाता है।,1
decision_C_hwa_df_fire,effect,"यदि आपकी भावनाएँ वास्तविकता से भिन्न हैं, तो आपके निर्णयों पर पछतावा हो सकता है।",1
decision_C_hwa_df_fire,action,भावनाओं के बजाय वस्तुनिष्ठ तथ्यों के आधार पर सावधानीपूर्वक निर्णय लें।,1
decision_C_hwa_df_fire,state,"ग़लतफहमियाँ पैदा होना आसान है क्योंकि भावों को समझना कठिन होता है, और स्पष्ट ऊर्जा उत्तेजित वातावरण में प्रवाहित हो सकती है और सावधानी को धूमिल कर सकती है।",1
decision_C_hwa_df_water,intro,यह एक ऐसा दिन है जब अंतर्ज्ञान धुंधला हो जाता है और संवेदी निर्णय पर भरोसा करना मुश्किल हो जाता है।,1
decision_C_hwa_df_water,effect,"यदि आपकी भावनाएँ वास्तविकता से भिन्न हैं, तो आपके निर्णयों पर पछतावा हो सकता है।",1
decision_C_hwa_df_water,action,भावनाओं के बजाय वस्तुनिष्ठ तथ्यों के आधार पर सावधानीपूर्वक निर्णय लें।,1
decision_C_hwa_df_water,state,"गलतफहमियां पैदा होना आसान है क्योंकि भावों को समझना मुश्किल होता है, और बारिश और बर्फ की ऊर्जा भावनाओं और आंतरिक भावनाओं को उत्तेजित कर सकती है, जिसका बड़ा प्रभाव हो सकता है।",1
decision_C_hwa_df_wood,intro,यह एक ऐसा दिन है जब अंतर्ज्ञान धुंधला हो जाता है और संवेदी निर्णय पर भरोसा करना मुश्किल हो जाता है।,1
decision_C_hwa_df_wood,effect,"यदि आपकी भावनाएँ वास्तविकता से भिन्न हैं, तो आपके निर्णयों पर पछतावा हो सकता है।",1
decision_C_hwa_df_wood,action,भावनाओं के बजाय वस्तुनिष्ठ तथ्यों के आधार पर सावधानीपूर्वक निर्णय लें।,1
decision_C_hwa_df_wood,state,"कठिन अभिव्यक्तियों के कारण गलतफहमी उत्पन्न होना आसान है, और परिवर्तन की मजबूत ऊर्जा लय को हिला सकती है और अप्रत्याशित परिवर्तन ला सकती है।",1
decision_C_hwa_ex_earth,intro,यह एक ऐसा दिन है जब अंतर्ज्ञान धुंधला हो जाता है और संवेदी निर्णय पर भरोसा करना मुश्किल हो जाता है।,1
decision_C_hwa_ex_earth,effect,"यदि आपकी भावनाएँ वास्तविकता से भिन्न हैं, तो आपके निर्णयों पर पछतावा हो सकता है।",1
decision_C_hwa_ex_earth,action,भावनाओं के बजाय वस्तुनिष्ठ तथ्यों के आधार पर सावधानीपूर्वक निर्णय लें।,1
decision_C_hwa_ex_earth,state,"भावनाओं का टकराना आसान है, और धुंधली ऊर्जा आपको धीमा कर सकती है और आपके विचारों को भारी बना सकती है।",1
decision_C_hwa_ex_fire,intro,यह एक ऐसा दिन है जब अंतर्ज्ञान धुंधला हो जाता है और संवेदी निर्णय पर भरोसा करना मुश्किल हो जाता है।,1
decision_C_hwa_ex_fire,effect,"यदि आपकी भावनाएँ वास्तविकता से भिन्न हैं, तो आपके निर्णयों पर पछतावा हो सकता है।",1
decision_C_hwa_ex_fire,action,भावनाओं के बजाय वस्तुनिष्ठ तथ्यों के आधार पर सावधानीपूर्वक निर्णय लें।,1
decision_C_hwa_ex_fire,state,"भावनाओं का टकराना आसान है, और स्पष्ट ऊर्जा उत्तेजित माहौल में प्रवाहित हो सकती है, जिससे सावधानी धुंधली हो सकती है।",1
decision_C_hwa_ex_water,intro,यह एक ऐसा दिन है जब अंतर्ज्ञान धुंधला हो जाता है और संवेदी निर्णय पर भरोसा करना मुश्किल हो जाता है।,1
decision_C_hwa_ex_water,effect,"यदि आपकी भावनाएँ वास्तविकता से भिन्न हैं, तो आपके निर्णयों पर पछतावा हो सकता है।",1
decision_C_hwa_ex_water,action,भावनाओं के बजाय वस्तुनिष्ठ तथ्यों के आधार पर सावधानीपूर्वक निर्णय लें।,1
decision_C_hwa_ex_water,state,"भावनाओं का संघर्ष में आना आसान है, और बारिश और बर्फ की ऊर्जा भावनाओं और आंतरिक भावनाओं को उत्तेजित कर सकती है, जिससे प्रभाव बढ़ सकता है।",1
decision_C_hwa_ex_wood,intro,यह एक ऐसा दिन है जब अंतर्ज्ञान धुंधला हो जाता है और संवेदी निर्णय पर भरोसा करना मुश्किल हो जाता है।,1
decision_C_hwa_ex_wood,effect,"यदि आपकी भावनाएँ वास्तविकता से भिन्न हैं, तो आपके निर्णयों पर पछतावा हो सकता है।",1
decision_C_hwa_ex_wood,action,भावनाओं के बजाय वस्तुनिष्ठ तथ्यों के आधार पर सावधानीपूर्वक निर्णय लें।,1
decision_C_hwa_ex_wood,state,"भावनाओं का टकराना आसान है, और परिवर्तन की मजबूत ऊर्जा लय को हिला सकती है और अप्रत्याशित परिवर्तन ला सकती है।",1
decision_C_mok_df_earth,intro,"यह एक ऐसा दिन है जब निर्णय लेने में आपका लचीलापन कम हो जाता है, जिससे नई परिस्थितियों के अनुकूल ढलना मुश्किल हो जाता है।",1
decision_C_mok_df_earth,effect,एक निश्चित परिप्रेक्ष्य बेहतर विकल्पों को अस्पष्ट कर देता है और आपको अवसरों से चूकने का कारण बनता है।,1
decision_C_mok_df_earth,action,साँचे को तोड़ने और विविध दृष्टिकोणों के लिए खुले रहने के प्रयासों की आवश्यकता है।,1
decision_C_mok_df_earth,state,"नई चीजों को आजमाने में झिझक प्रगति को धीमा कर सकती है, और धूमिल ऊर्जा आपकी गति को धीमा कर सकती है और आपके विचारों को भारी बना सकती है।",1
decision_C_mok_df_fire,intro,"यह एक ऐसा दिन है जब निर्णय लेने में आपका लचीलापन कम हो जाता है, जिससे नई परिस्थितियों के अनुकूल ढलना मुश्किल हो जाता है।",1
decision_C_mok_df_fire,effect,एक निश्चित परिप्रेक्ष्य बेहतर विकल्पों को अस्पष्ट कर देता है और आपको अवसरों से चूकने का कारण बनता है।,1
decision_C_mok_df_fire,action,साँचे को तोड़ने और विविध दृष्टिकोणों के लिए खुले रहने के प्रयासों की आवश्यकता है।,1
decision_C_mok_df_fire,state,"नई चीजों को आजमाने में झिझक प्रगति को धीमा कर सकती है, और स्पष्ट ऊर्जा से उत्साहित माहौल बन सकता है, जो सावधानी को धूमिल कर सकता है।",1
decision_C_mok_df_water,intro,"यह एक ऐसा दिन है जब निर्णय लेने में आपका लचीलापन कम हो जाता है, जिससे नई परिस्थितियों के अनुकूल ढलना मुश्किल हो जाता है।",1
decision_C_mok_df_water,effect,एक निश्चित परिप्रेक्ष्य बेहतर विकल्पों को अस्पष्ट कर देता है और आपको अवसरों से चूकने का कारण बनता है।,1
decision_C_mok_df_water,action,साँचे को तोड़ने और विविध दृष्टिकोणों के लिए खुले रहने के प्रयासों की आवश्यकता है।,1
decision_C_mok_df_water,state,"नई चीजों को आजमाने में झिझक प्रगति को धीमा कर सकती है, और बारिश और बर्फ की ऊर्जा आपकी भावनाओं और आंतरिक आत्म को उत्तेजित कर सकती है, जिससे प्रभाव बढ़ सकता है।",1
decision_C_mok_df_wood,intro,"यह एक ऐसा दिन है जब निर्णय लेने में आपका लचीलापन कम हो जाता है, जिससे नई परिस्थितियों के अनुकूल ढलना मुश्किल हो जाता है।",1
decision_C_mok_df_wood,effect,एक निश्चित परिप्रेक्ष्य बेहतर विकल्पों को अस्पष्ट कर देता है और आपको अवसरों से चूकने का कारण बनता है।,1
decision_C_mok_df_wood,action,साँचे को तोड़ने और विविध दृष्टिकोणों के लिए खुले रहने के प्रयासों की आवश्यकता है।,1
decision_C_mok_df_wood,state,"नई चीजों को आजमाने में झिझक प्रगति को धीमा कर सकती है, और परिवर्तन की मजबूत ऊर्जा लय को हिला सकती है और अप्रत्याशित परिवर्तन ला सकती है।",1
decision_C_mok_ex_earth,intro,"यह एक ऐसा दिन है जब निर्णय लेने में आपका लचीलापन कम हो जाता है, जिससे नई परिस्थितियों के अनुकूल ढलना मुश्किल हो जाता है।",1
decision_C_mok_ex_earth,effect,एक निश्चित परिप्रेक्ष्य बेहतर विकल्पों को अस्पष्ट कर देता है और आपको अवसरों से चूकने का कारण बनता है।,1
decision_C_mok_ex_earth,action,साँचे को तोड़ने और विविध दृष्टिकोणों के लिए खुले रहने के प्रयासों की आवश्यकता है।,1
decision_C_mok_ex_earth,state,"अत्यधिक प्रेरणा के कारण आप चीजों को अति कर सकते हैं, और धूमिल ऊर्जा आपको धीमा कर सकती है और आपके विचारों को भारी बना सकती है।",1
decision_C_mok_ex_fire,intro,"यह एक ऐसा दिन है जब निर्णय लेने में आपका लचीलापन कम हो जाता है, जिससे नई परिस्थितियों के अनुकूल ढलना मुश्किल हो जाता है।",1
decision_C_mok_ex_fire,effect,एक निश्चित परिप्रेक्ष्य बेहतर विकल्पों को अस्पष्ट कर देता है और आपको अवसरों से चूकने का कारण बनता है।,1
decision_C_mok_ex_fire,action,साँचे को तोड़ने और विविध दृष्टिकोणों के लिए खुले रहने के प्रयासों की आवश्यकता है।,1
decision_C_mok_ex_fire,state,"यदि आप बहुत अधिक प्रेरित हैं, तो आप खुद को काम करने के लिए प्रेरित कर सकते हैं, और आपकी स्पष्ट ऊर्जा एक उत्साहित माहौल में प्रवाहित हो सकती है, जो आपके विवेक को धूमिल कर सकती है।",1
decision_C_mok_ex_water,intro,"यह एक ऐसा दिन है जब निर्णय लेने में आपका लचीलापन कम हो जाता है, जिससे नई परिस्थितियों के अनुकूल ढलना मुश्किल हो जाता है।",1
decision_C_mok_ex_water,effect,एक निश्चित परिप्रेक्ष्य बेहतर विकल्पों को अस्पष्ट कर देता है और आपको अवसरों से चूकने का कारण बनता है।,1
decision_C_mok_ex_water,action,साँचे को तोड़ने और विविध दृष्टिकोणों के लिए खुले रहने के प्रयासों की आवश्यकता है।,1
decision_C_mok_ex_water,state,"यदि आपके पास बहुत अधिक प्रेरणा है, तो आप चीजों को अति कर सकते हैं, और बारिश और बर्फ की ऊर्जा आपकी भावनाओं और आंतरिक आत्म को उत्तेजित कर सकती है, जिससे प्रभाव बढ़ सकता है।",1
decision_C_mok_ex_wood,intro,"यह एक ऐसा दिन है जब निर्णय लेने में आपका लचीलापन कम हो जाता है, जिससे नई परिस्थितियों के अनुकूल ढलना मुश्किल हो जाता है।",1
decision_C_mok_ex_wood,effect,एक निश्चित परिप्रेक्ष्य बेहतर विकल्पों को अस्पष्ट कर देता है और आपको अवसरों से चूकने का कारण बनता है।,1
decision_C_mok_ex_wood,action,साँचे को तोड़ने और विविध दृष्टिकोणों के लिए खुले रहने के प्रयासों की आवश्यकता है।,1
decision_C_mok_ex_wood,state,"अत्यधिक प्रेरणा चीजों को अति करने के लिए प्रेरित कर सकती है, और परिवर्तन की मजबूत ऊर्जा लय को हिला सकती है और अप्रत्याशित परिवर्तन ला सकती है।",1
decision_C_su_df_earth,intro,यह एक ऐसा दिन है जब आपके प्रवाह की भावना सुस्त हो जाती है और निर्णय लेने के समय को चूकना आसान होता है।,1
decision_C_su_df_earth,effect,ग़लत समय पर लिया गया निर्णय उम्मीद से ज़्यादा ख़राब परिणाम देता है।,1
decision_C_su_df_earth,action,किसी निर्णय को टाल दें या किसी विशेषज्ञ की राय लें।,1
decision_C_su_df_earth,state,"लचीलेपन की कमी के कारण प्रवाह का ट्रैक खोना आसान है, और बादल वाली ऊर्जा आपको धीमा कर सकती है और आपके विचारों को भारी बना सकती है।",1
decision_C_su_df_fire,intro,यह एक ऐसा दिन है जब आपके प्रवाह की भावना सुस्त हो जाती है और निर्णय लेने के समय को चूकना आसान होता है।,1
decision_C_su_df_fire,effect,ग़लत समय पर लिया गया निर्णय उम्मीद से ज़्यादा ख़राब परिणाम देता है।,1
decision_C_su_df_fire,action,किसी निर्णय को टाल दें या किसी विशेषज्ञ की राय लें।,1
decision_C_su_df_fire,state,"लचीलेपन की कमी के कारण, प्रवाह का ट्रैक खोना आसान है, और स्पष्ट ऊर्जा उत्तेजित वातावरण में प्रवाहित हो सकती है, जो आपके विवेक को धूमिल कर सकती है।",1
decision_C_su_df_water,intro,यह एक ऐसा दिन है जब आपके प्रवाह की भावना सुस्त हो जाती है और निर्णय लेने के समय को चूकना आसान होता है।,1
decision_C_su_df_water,effect,ग़लत समय पर लिया गया निर्णय उम्मीद से ज़्यादा ख़राब परिणाम देता है।,1
decision_C_su_df_water,action,किसी निर्णय को टाल दें या किसी विशेषज्ञ की राय लें।,1
decision_C_su_df_water,state,"लचीलेपन की कमी के कारण, प्रवाह का ट्रैक खोना आसान है, और बारिश और बर्फ की ऊर्जा भावनाओं और आंतरिक आत्म को उत्तेजित कर सकती है, जिससे प्रभाव बढ़ सकता है।",1
decision_C_su_df_wood,intro,यह एक ऐसा दिन है जब आपके प्रवाह की भावना सुस्त हो जाती है और निर्णय लेने के समय को चूकना आसान होता है।,1
decision_C_su_df_wood,effect,ग़लत समय पर लिया गया निर्णय उम्मीद से ज़्यादा ख़राब परिणाम देता है।,1
decision_C_su_df_wood,action,किसी निर्णय को टाल दें या किसी विशेषज्ञ की राय लें।,1
decision_C_su_df_wood,state,"लचीलेपन की कमी के कारण, प्रवाह का ट्रैक खोना आसान है, और परिवर्तन की मजबूत ऊर्जा लय को हिला सकती है और अप्रत्याशित परिवर्तन को जन्म दे सकती है।",1
decision_C_su_ex_earth,intro,यह एक ऐसा दिन है जब आपके प्रवाह की भावना सुस्त हो जाती है और निर्णय लेने के समय को चूकना आसान होता है।,1
decision_C_su_ex_earth,effect,ग़लत समय पर लिया गया निर्णय उम्मीद से ज़्यादा ख़राब परिणाम देता है।,1
decision_C_su_ex_earth,action,किसी निर्णय को टाल दें या किसी विशेषज्ञ की राय लें।,1
decision_C_su_ex_earth,state,"उमड़ती हुई भावनाओं के कारण आपके निर्णय पर पर्दा पड़ना आसान है, और धुंधली ऊर्जा आपको धीमा कर सकती है और आपके विचारों को भारी बना सकती है।",1
decision_C_su_ex_fire,intro,यह एक ऐसा दिन है जब आपके प्रवाह की भावना सुस्त हो जाती है और निर्णय लेने के समय को चूकना आसान होता है।,1
decision_C_su_ex_fire,effect,ग़लत समय पर लिया गया निर्णय उम्मीद से ज़्यादा ख़राब परिणाम देता है।,1
decision_C_su_ex_fire,action,किसी निर्णय को टाल दें या किसी विशेषज्ञ की राय लें।,1
decision_C_su_ex_fire,state,"भावनाओं के उमड़ने से निर्णय आसानी से धुंधला हो सकता है, और स्पष्ट ऊर्जा उत्तेजित वातावरण में प्रवाहित हो सकती है, जो विवेक को धूमिल कर सकती है।",1
decision_C_su_ex_water,intro,यह एक ऐसा दिन है जब आपके प्रवाह की भावना सुस्त हो जाती है और निर्णय लेने के समय को चूकना आसान होता है।,1
decision_C_su_ex_water,effect,ग़लत समय पर लिया गया निर्णय उम्मीद से ज़्यादा ख़राब परिणाम देता है।,1
decision_C_su_ex_water,action,किसी निर्णय को टाल दें या किसी विशेषज्ञ की राय लें।,1
decision_C_su_ex_water,state,"उमड़ती भावनाओं के कारण आपके निर्णय पर बादल छा जाना आसान है, और बारिश और बर्फ की ऊर्जा आपकी भावनाओं और आंतरिक स्व को उत्तेजित कर सकती है, जिससे प्रभाव बढ़ सकता है।",1
decision_C_su_ex_wood,intro,यह एक ऐसा दिन है जब आपके प्रवाह की भावना सुस्त हो जाती है और निर्णय लेने के समय को चूकना आसान होता है।,1
decision_C_su_ex_wood,effect,ग़लत समय पर लिया गया निर्णय उम्मीद से ज़्यादा ख़राब परिणाम देता है।,1
decision_C_su_ex_wood,action,किसी निर्णय को टाल दें या किसी विशेषज्ञ की राय लें।,1
decision_C_su_ex_wood,state,"निर्णय आसानी से भावनाओं से ढका जा सकता है, और परिवर्तन की मजबूत ऊर्जा लय को हिला सकती है और अप्रत्याशित परिवर्तन ला सकती है।",1
decision_C_to_df_earth,intro,यह एक ऐसा दिन है जब आपकी स्थिरता की भावना हिल जाती है और निर्णय प्रक्रिया के दौरान चिंता बढ़ जाती है।,1
decision_C_to_df_earth,effect,चिंता में लिए गए निर्णयों से गलतियाँ होने की संभावना रहती है।,1
decision_C_to_df_earth,action,अपने मन को शांत करें और स्थिर अवस्था में निर्णय लें।,1
decision_C_to_df_earth,state,"क्योंकि आपका केंद्र हिल गया है, आपके परिवेश से प्रभावित होना आसान है, और बादल वाली ऊर्जा आपको धीमा कर सकती है और आपके विचारों को भारी बना सकती है।",1
decision_C_to_df_fire,intro,यह एक ऐसा दिन है जब आपकी स्थिरता की भावना हिल जाती है और निर्णय प्रक्रिया के दौरान चिंता बढ़ जाती है।,1
decision_C_to_df_fire,effect,चिंता में लिए गए निर्णयों से गलतियाँ होने की संभावना रहती है।,1
decision_C_to_df_fire,action,अपने मन को शांत करें और स्थिर अवस्था में निर्णय लें।,1
decision_C_to_df_fire,state,"क्योंकि आपका केंद्र हिल गया है, आपके आस-पास के लोगों द्वारा प्रभावित होना आसान है, और आपकी स्पष्ट ऊर्जा एक उत्साहित वातावरण में प्रवाहित हो सकती है, जो आपके विवेक को धूमिल कर सकती है।",1
decision_C_to_df_water,intro,यह एक ऐसा दिन है जब आपकी स्थिरता की भावना हिल जाती है और निर्णय प्रक्रिया के दौरान चिंता बढ़ जाती है।,1
decision_C_to_df_water,effect,चिंता में लिए गए निर्णयों से गलतियाँ होने की संभावना रहती है।,1
decision_C_to_df_water,action,अपने मन को शांत करें और स्थिर अवस्था में निर्णय लें।,1
decision_C_to_df_water,state,"क्योंकि आपका केंद्र हिल गया है, आपके परिवेश से प्रभावित होना आसान है, और बारिश और बर्फ की ऊर्जा आपकी भावनाओं और आंतरिक स्व को उत्तेजित कर सकती है, जिससे प्रभाव बढ़ सकता है।",1
decision_C_to_df_wood,intro,यह एक ऐसा दिन है जब आपकी स्थिरता की भावना हिल जाती है और निर्णय प्रक्रिया के दौरान चिंता बढ़ जाती है।,1
decision_C_to_df_wood,effect,चिंता में लिए गए निर्णयों से गलतियाँ होने की संभावना रहती है।,1
decision_C_to_df_wood,action,अपने मन को शांत करें और स्थिर अवस्था में निर्णय लें।,1
decision_C_to_df_wood,state,"क्योंकि केंद्र हिल गया है, परिवेश से प्रभावित होना आसान है, और परिवर्तन की मजबूत ऊर्जा लय को हिला सकती है और अप्रत्याशित परिवर्तन ला सकती है।",1
decision_C_to_ex_earth,intro,यह एक ऐसा दिन है जब आपकी स्थिरता की भावना हिल जाती है और निर्णय प्रक्रिया के दौरान चिंता बढ़ जाती है।,1
decision_C_to_ex_earth,effect,चिंता में लिए गए निर्णयों से गलतियाँ होने की संभावना रहती है।,1
decision_C_to_ex_earth,action,अपने मन को शांत करें और स्थिर अवस्था में निर्णय लें।,1
decision_C_to_ex_earth,state,"जो मन परिवर्तन से इनकार करता है वह अवसरों को अवरुद्ध कर सकता है, और बादल भरी ऊर्जा आपकी गति को धीमा कर सकती है और आपके विचारों को भारी बना सकती है।",1
decision_C_to_ex_fire,intro,यह एक ऐसा दिन है जब आपकी स्थिरता की भावना हिल जाती है और निर्णय प्रक्रिया के दौरान चिंता बढ़ जाती है।,1
decision_C_to_ex_fire,effect,चिंता में लिए गए निर्णयों से गलतियाँ होने की संभावना रहती है।,1
decision_C_to_ex_fire,action,अपने मन को शांत करें और स्थिर अवस्था में निर्णय लें।,1
decision_C_to_ex_fire,state,"एक मन जो परिवर्तन से इनकार करता है वह अवसरों को अवरुद्ध कर सकता है, और स्पष्ट ऊर्जा एक उत्साहित माहौल में प्रवाहित हो सकती है, जिससे सावधानी बरतती है।",1
decision_C_to_ex_water,intro,यह एक ऐसा दिन है जब आपकी स्थिरता की भावना हिल जाती है और निर्णय प्रक्रिया के दौरान चिंता बढ़ जाती है।,1
decision_C_to_ex_water,effect,चिंता में लिए गए निर्णयों से गलतियाँ होने की संभावना रहती है।,1
decision_C_to_ex_water,action,अपने मन को शांत करें और स्थिर अवस्था में निर्णय लें।,1
decision_C_to_ex_water,state,"एक मन जो परिवर्तन से इनकार करता है वह अवसरों को अवरुद्ध कर सकता है, और बारिश और बर्फ की ऊर्जा भावनाओं और आंतरिक भावनाओं को उत्तेजित कर सकती है, जो प्रभाव को बढ़ा सकती है।",1
decision_C_to_ex_wood,intro,यह एक ऐसा दिन है जब आपकी स्थिरता की भावना हिल जाती है और निर्णय प्रक्रिया के दौरान चिंता बढ़ जाती है।,1
decision_C_to_ex_wood,effect,चिंता में लिए गए निर्णयों से गलतियाँ होने की संभावना रहती है।,1
decision_C_to_ex_wood,action,अपने मन को शांत करें और स्थिर अवस्था में निर्णय लें।,1
decision_C_to_ex_wood,state,"परिवर्तन से इनकार अवसरों को अवरुद्ध कर सकता है, और परिवर्तन की मजबूत ऊर्जा लय को हिला सकती है और अप्रत्याशित परिवर्तन को जन्म दे सकती है।",1
decision_C1,intro,"आज आपका निर्णय काफी कमज़ोर रहेगा, इसलिए जितना संभव हो सके महत्वपूर्ण निर्णयों को स्थगित करना ही बेहतर होगा।",1
decision_C1,intro,"आज निर्णय लेने की ऊर्जा बहुत कमज़ोर है, इसलिए अपने निर्णय पर ज़्यादा भरोसा न करना ही सुरक्षित है।",1
decision_C1,effect,"इस बात की बहुत अधिक संभावना है कि आज लिया गया कोई निर्णय पछतावे का कारण बनेगा, इसलिए इसे स्थगित करने पर सक्रिय रूप से विचार करना बेहतर है।",1
decision_C1,effect,"चूँकि भावनाएँ या बाहरी उत्तेजनाएँ निर्णय को विकृत कर सकती हैं, इसलिए पहले जानकारी एकत्र करना बेहतर है।",1
decision_C1,action,आज निर्णय लेने के बजाय अपने विकल्पों को इकट्ठा करने और व्यवस्थित करने में समय व्यतीत करें।,1
decision_C1,action,"पहले किसी ऐसे व्यक्ति की राय लें जिस पर आप भरोसा करते हैं, फिर अंतिम निर्णय कल पर छोड़ दें।",1
decision_C1_geum_df_earth,intro,आपका निर्णय बहुत क्षीण रहेगा और आज आपको अपने निर्णयों में बहुत सावधानी बरतने की आवश्यकता होगी।,1
decision_C1_geum_df_earth,effect,विश्लेषणात्मक क्षमता कम होने से महत्वपूर्ण निर्णयों में गलत निर्णय हो सकते हैं।,1
decision_C1_geum_df_earth,action,आज महत्वपूर्ण निर्णय न लें; जब तक संभव हो उन्हें दूर रखें।,1
decision_C1_geum_df_earth,state,"दृढ़ संकल्प की कमी के कारण, अनिर्णायक विकल्पों को जमा करना आसान होता है, और अस्पष्ट ऊर्जा प्रेरणा और अस्पष्ट निर्णय को कम कर सकती है।",1
decision_C1_geum_df_fire,intro,आपका निर्णय बहुत क्षीण रहेगा और आज आपको अपने निर्णयों में बहुत सावधानी बरतने की आवश्यकता होगी।,1
decision_C1_geum_df_fire,effect,विश्लेषणात्मक क्षमता कम होने से महत्वपूर्ण निर्णयों में गलत निर्णय हो सकते हैं।,1
decision_C1_geum_df_fire,action,आज महत्वपूर्ण निर्णय न लें; जब तक संभव हो उन्हें दूर रखें।,1
decision_C1_geum_df_fire,state,"दृढ़ संकल्प की कमी के कारण, अनिर्णायक विकल्प चुनना आसान है, और उत्साहित यांग शांति भंग कर सकता है और छोटी गलतियों को जन्म दे सकता है।",1
decision_C1_geum_df_water,intro,आपका निर्णय बहुत क्षीण रहेगा और आज आपको अपने निर्णयों में बहुत सावधानी बरतने की आवश्यकता होगी।,1
decision_C1_geum_df_water,effect,विश्लेषणात्मक क्षमता कम होने से महत्वपूर्ण निर्णयों में गलत निर्णय हो सकते हैं।,1
decision_C1_geum_df_water,action,आज महत्वपूर्ण निर्णय न लें; जब तक संभव हो उन्हें दूर रखें।,1
decision_C1_geum_df_water,state,"दृढ़ संकल्प की कमी के कारण, अनिर्णायक विकल्पों का ढेर लगना आसान होता है, और बारिश और बर्फ़ की ऊर्जा आपकी भावनाओं को शांत नहीं कर पाती है, जिससे आपका दिल भारी हो जाता है।",1
decision_C1_geum_df_wood,intro,आपका निर्णय बहुत क्षीण रहेगा और आज आपको अपने निर्णयों में बहुत सावधानी बरतने की आवश्यकता होगी।,1
decision_C1_geum_df_wood,effect,विश्लेषणात्मक क्षमता कम होने से महत्वपूर्ण निर्णयों में गलत निर्णय हो सकते हैं।,1
decision_C1_geum_df_wood,action,आज महत्वपूर्ण निर्णय न लें; जब तक संभव हो उन्हें दूर रखें।,1
decision_C1_geum_df_wood,state,"दृढ़ संकल्प की कमी के कारण, अनिर्णायक विकल्पों का ढेर लगना आसान है, और परिवर्तन की ऊर्जा योजनाओं में हस्तक्षेप और बाधा डालती रह सकती है।",1
decision_C1_geum_ex_earth,intro,आपका निर्णय बहुत क्षीण रहेगा और आज आपको अपने निर्णयों में बहुत सावधानी बरतने की आवश्यकता होगी।,1
decision_C1_geum_ex_earth,effect,विश्लेषणात्मक क्षमता कम होने से महत्वपूर्ण निर्णयों में गलत निर्णय हो सकते हैं।,1
decision_C1_geum_ex_earth,action,आज महत्वपूर्ण निर्णय न लें; जब तक संभव हो उन्हें दूर रखें।,1
decision_C1_geum_ex_earth,state,"तीक्ष्णता बहुत दूर तक जा सकती है और आपके आस-पास के लोगों पर बोझ डाल सकती है, और धूमिल ऊर्जा प्रेरणा को कम कर सकती है और आपके निर्णय को धूमिल कर सकती है।",1
decision_C1_geum_ex_fire,intro,आपका निर्णय बहुत क्षीण रहेगा और आज आपको अपने निर्णयों में बहुत सावधानी बरतने की आवश्यकता होगी।,1
decision_C1_geum_ex_fire,effect,विश्लेषणात्मक क्षमता कम होने से महत्वपूर्ण निर्णयों में गलत निर्णय हो सकते हैं।,1
decision_C1_geum_ex_fire,action,आज महत्वपूर्ण निर्णय न लें; जब तक संभव हो उन्हें दूर रखें।,1
decision_C1_geum_ex_fire,state,"आपकी तीक्ष्णता बहुत दूर तक जा सकती है और आपके आस-पास के लोगों पर बोझ डाल सकती है, और आपकी उत्तेजित ऊर्जा आपकी शांति को ख़त्म कर सकती है और छोटी-मोटी गलतियों को जन्म दे सकती है।",1
decision_C1_geum_ex_water,intro,आपका निर्णय बहुत क्षीण रहेगा और आज आपको अपने निर्णयों में बहुत सावधानी बरतने की आवश्यकता होगी।,1
decision_C1_geum_ex_water,effect,विश्लेषणात्मक क्षमता कम होने से महत्वपूर्ण निर्णयों में गलत निर्णय हो सकते हैं।,1
decision_C1_geum_ex_water,action,आज महत्वपूर्ण निर्णय न लें; जब तक संभव हो उन्हें दूर रखें।,1
decision_C1_geum_ex_water,state,"आपकी तीक्ष्णता बहुत दूर तक जा सकती है और आपके आस-पास के लोगों पर बोझ डाल सकती है, और बारिश और बर्फ की ऊर्जा आपकी भावनाओं को शांत नहीं कर सकती है, जिससे आपका दिल भारी हो जाएगा।",1
decision_C1_geum_ex_wood,intro,आपका निर्णय बहुत क्षीण रहेगा और आज आपको अपने निर्णयों में बहुत सावधानी बरतने की आवश्यकता होगी।,1
decision_C1_geum_ex_wood,effect,विश्लेषणात्मक क्षमता कम होने से महत्वपूर्ण निर्णयों में गलत निर्णय हो सकते हैं।,1
decision_C1_geum_ex_wood,action,आज महत्वपूर्ण निर्णय न लें; जब तक संभव हो उन्हें दूर रखें।,1
decision_C1_geum_ex_wood,state,"आपकी तीक्ष्णता बहुत दूर तक जा सकती है और आपके आस-पास के लोगों पर बोझ डाल सकती है, और परिवर्तन की ऊर्जा आपकी योजनाओं में हस्तक्षेप कर सकती है।",1
decision_C1_hwa_df_earth,intro,"अंतर्ज्ञान शायद ही कभी काम करता है, इसलिए निर्णय लेने के लिए अपनी इंद्रियों पर निर्भर रहना जोखिम भरा है।",1
decision_C1_hwa_df_earth,effect,भावना पूरी तरह से तालमेल से बाहर हो जाती है और गलत विकल्प को सही ठहराने लगती है।,1
decision_C1_hwa_df_earth,action,"इससे कोई फर्क नहीं पड़ता कि आप कितने आश्वस्त हैं, आज संवेदी निर्णय लेने से बचें।",1
decision_C1_hwa_df_earth,state,"अभिव्यक्ति में रुकावट के कारण आपकी भावनाओं को ठीक से व्यक्त नहीं किया जाना आसान है, और धूमिल ऊर्जा प्रेरणा को कम कर सकती है और आपके निर्णय को धूमिल कर सकती है।",1
decision_C1_hwa_df_fire,intro,"अंतर्ज्ञान शायद ही कभी काम करता है, इसलिए निर्णय लेने के लिए अपनी इंद्रियों पर निर्भर रहना जोखिम भरा है।",1
decision_C1_hwa_df_fire,effect,भावना पूरी तरह से तालमेल से बाहर हो जाती है और गलत विकल्प को सही ठहराने लगती है।,1
decision_C1_hwa_df_fire,action,"इससे कोई फर्क नहीं पड़ता कि आप कितने आश्वस्त हैं, आज संवेदी निर्णय लेने से बचें।",1
decision_C1_hwa_df_fire,state,"अभिव्यक्ति में रुकावट के कारण आपकी भावनाओं को ठीक से व्यक्त नहीं किया जाना आसान है, और उत्तेजित ऊर्जा आपकी शांति को बिखेर सकती है और छोटी-मोटी गलतियों को जन्म दे सकती है।",1
decision_C1_hwa_df_water,intro,"अंतर्ज्ञान शायद ही कभी काम करता है, इसलिए निर्णय लेने के लिए अपनी इंद्रियों पर निर्भर रहना जोखिम भरा है।",1
decision_C1_hwa_df_water,effect,भावना पूरी तरह से तालमेल से बाहर हो जाती है और गलत विकल्प को सही ठहराने लगती है।,1
decision_C1_hwa_df_water,action,"इससे कोई फर्क नहीं पड़ता कि आप कितने आश्वस्त हैं, आज संवेदी निर्णय लेने से बचें।",1
decision_C1_hwa_df_water,state,"चूँकि अभिव्यक्तियाँ अवरुद्ध हैं, इसलिए आपकी भावनाओं को ठीक से व्यक्त नहीं किया जाना आसान है, और बारिश और बर्फ की ऊर्जा आपकी भावनाओं को शांत नहीं कर सकती है, जिससे आपका दिल भारी हो सकता है।",1
decision_C1_hwa_df_wood,intro,"अंतर्ज्ञान शायद ही कभी काम करता है, इसलिए निर्णय लेने के लिए अपनी इंद्रियों पर निर्भर रहना जोखिम भरा है।",1
decision_C1_hwa_df_wood,effect,भावना पूरी तरह से तालमेल से बाहर हो जाती है और गलत विकल्प को सही ठहराने लगती है।,1
decision_C1_hwa_df_wood,action,"इससे कोई फर्क नहीं पड़ता कि आप कितने आश्वस्त हैं, आज संवेदी निर्णय लेने से बचें।",1
decision_C1_hwa_df_wood,state,"अभिव्यक्ति में रुकावट के कारण आपकी भावनाओं को ठीक से व्यक्त नहीं किया जाना आसान है, और परिवर्तन की ऊर्जा आपकी योजनाओं में हस्तक्षेप और बाधा डाल सकती है।",1
decision_C1_hwa_ex_earth,intro,"अंतर्ज्ञान शायद ही कभी काम करता है, इसलिए निर्णय लेने के लिए अपनी इंद्रियों पर निर्भर रहना जोखिम भरा है।",1
decision_C1_hwa_ex_earth,effect,भावना पूरी तरह से तालमेल से बाहर हो जाती है और गलत विकल्प को सही ठहराने लगती है।,1
decision_C1_hwa_ex_earth,action,"इससे कोई फर्क नहीं पड़ता कि आप कितने आश्वस्त हैं, आज संवेदी निर्णय लेने से बचें।",1
decision_C1_hwa_ex_earth,state,"भावनाओं के लिए छोटी-छोटी बातों पर भी घर्षण पैदा करना आसान होता है, और धुंधली ऊर्जा प्रेरणा और अस्पष्ट निर्णय को कम कर सकती है।",1
decision_C1_hwa_ex_fire,intro,"अंतर्ज्ञान शायद ही कभी काम करता है, इसलिए निर्णय लेने के लिए अपनी इंद्रियों पर निर्भर रहना जोखिम भरा है।",1
decision_C1_hwa_ex_fire,effect,भावना पूरी तरह से तालमेल से बाहर हो जाती है और गलत विकल्प को सही ठहराने लगती है।,1
decision_C1_hwa_ex_fire,action,"इससे कोई फर्क नहीं पड़ता कि आप कितने आश्वस्त हैं, आज संवेदी निर्णय लेने से बचें।",1
decision_C1_hwa_ex_fire,state,"भावनाओं के लिए छोटी-छोटी बातों पर भी घर्षण पैदा करना आसान है, और उत्तेजित ऊर्जा आपकी शांति को भंग कर सकती है और छोटी-छोटी गलतियों को जन्म दे सकती है।",1
decision_C1_hwa_ex_water,intro,"अंतर्ज्ञान शायद ही कभी काम करता है, इसलिए निर्णय लेने के लिए अपनी इंद्रियों पर निर्भर रहना जोखिम भरा है।",1
decision_C1_hwa_ex_water,effect,भावना पूरी तरह से तालमेल से बाहर हो जाती है और गलत विकल्प को सही ठहराने लगती है।,1
decision_C1_hwa_ex_water,action,"इससे कोई फर्क नहीं पड़ता कि आप कितने आश्वस्त हैं, आज संवेदी निर्णय लेने से बचें।",1
decision_C1_hwa_ex_water,state,"छोटी-छोटी बातों पर भी भावनाएँ उत्पन्न होना आसान है, और बारिश और बर्फ़ की ऊर्जा आपकी भावनाओं को शांत नहीं कर पाती है, जिससे आपका दिल भारी हो जाता है।",1
decision_C1_hwa_ex_wood,intro,"अंतर्ज्ञान शायद ही कभी काम करता है, इसलिए निर्णय लेने के लिए अपनी इंद्रियों पर निर्भर रहना जोखिम भरा है।",1
decision_C1_hwa_ex_wood,effect,भावना पूरी तरह से तालमेल से बाहर हो जाती है और गलत विकल्प को सही ठहराने लगती है।,1
decision_C1_hwa_ex_wood,action,"इससे कोई फर्क नहीं पड़ता कि आप कितने आश्वस्त हैं, आज संवेदी निर्णय लेने से बचें।",1
decision_C1_hwa_ex_wood,state,"यदि आप भावनात्मक रूप से प्रेरित हैं, तो छोटी-छोटी बातों पर भी मनमुटाव पैदा होना आसान है, और परिवर्तन की ऊर्जा आपकी योजनाओं में हस्तक्षेप और बाधा डालती रह सकती है।",1
decision_C1_mok_df_earth,intro,आपका दृष्टिकोण बहुत संकुचित हो जाएगा और आप महत्वपूर्ण विकल्प चूक सकते हैं।,1
decision_C1_mok_df_earth,effect,सीमित दृष्टिकोण बार-बार गलत निष्कर्षों की ओर ले जाता है।,1
decision_C1_mok_df_earth,action,स्वयं निर्णय न लें; किसी ऐसे व्यक्ति से मदद लें जिस पर आप भरोसा करते हैं।,1
decision_C1_mok_df_earth,state,"यदि आप लंबे समय तक झिझकते हैं, तो अवसर आपके हाथ से निकल जाना आसान है, और धूमिल ऊर्जा प्रेरणा को कम कर सकती है और आपके निर्णय को धूमिल कर सकती है।",1
decision_C1_mok_df_fire,intro,आपका दृष्टिकोण बहुत संकुचित हो जाएगा और आप महत्वपूर्ण विकल्प चूक सकते हैं।,1
decision_C1_mok_df_fire,effect,सीमित दृष्टिकोण बार-बार गलत निष्कर्षों की ओर ले जाता है।,1
decision_C1_mok_df_fire,action,स्वयं निर्णय न लें; किसी ऐसे व्यक्ति से मदद लें जिस पर आप भरोसा करते हैं।,1
decision_C1_mok_df_fire,state,"यदि आप लंबे समय तक झिझकते हैं, तो अवसर आपके हाथ से निकल जाना आसान है, और उत्साहित ऊर्जा आपकी शांति को नष्ट कर सकती है और छोटी-मोटी गलतियों को जन्म दे सकती है।",1
decision_C1_mok_df_water,intro,आपका दृष्टिकोण बहुत संकुचित हो जाएगा और आप महत्वपूर्ण विकल्प चूक सकते हैं।,1
decision_C1_mok_df_water,effect,सीमित दृष्टिकोण बार-बार गलत निष्कर्षों की ओर ले जाता है।,1
decision_C1_mok_df_water,action,स्वयं निर्णय न लें; किसी ऐसे व्यक्ति से मदद लें जिस पर आप भरोसा करते हैं।,1
decision_C1_mok_df_water,state,"यदि आप लंबे समय तक झिझकते हैं, तो अवसर आसानी से आपके हाथ से निकल जाता है, और बारिश और बर्फ की ऊर्जा आपकी भावनाओं को शांत नहीं कर पाती है, जिससे आपका दिल भारी हो जाता है।",1
decision_C1_mok_df_wood,intro,आपका दृष्टिकोण बहुत संकुचित हो जाएगा और आप महत्वपूर्ण विकल्प चूक सकते हैं।,1
decision_C1_mok_df_wood,effect,सीमित दृष्टिकोण बार-बार गलत निष्कर्षों की ओर ले जाता है।,1
decision_C1_mok_df_wood,action,स्वयं निर्णय न लें; किसी ऐसे व्यक्ति से मदद लें जिस पर आप भरोसा करते हैं।,1
decision_C1_mok_df_wood,state,"यदि आप लंबे समय तक झिझकते हैं, तो अवसर आपके हाथ से निकल जाना आसान है, और परिवर्तन की ऊर्जा हस्तक्षेप करती रह सकती है और आपकी योजनाओं को बाधित कर सकती है।",1
decision_C1_mok_ex_earth,intro,आपका दृष्टिकोण बहुत संकुचित हो जाएगा और आप महत्वपूर्ण विकल्प चूक सकते हैं।,1
decision_C1_mok_ex_earth,effect,सीमित दृष्टिकोण बार-बार गलत निष्कर्षों की ओर ले जाता है।,1
decision_C1_mok_ex_earth,action,स्वयं निर्णय न लें; किसी ऐसे व्यक्ति से मदद लें जिस पर आप भरोसा करते हैं।,1
decision_C1_mok_ex_earth,state,"लालच के लिए उन चीज़ों की ओर ले जाना आसान है जिन्हें समझा नहीं जा सकता है, और अस्पष्ट ऊर्जा प्रेरणा और अस्पष्ट निर्णय को कम कर सकती है।",1
decision_C1_mok_ex_fire,intro,आपका दृष्टिकोण बहुत संकुचित हो जाएगा और आप महत्वपूर्ण विकल्प चूक सकते हैं।,1
decision_C1_mok_ex_fire,effect,सीमित दृष्टिकोण बार-बार गलत निष्कर्षों की ओर ले जाता है।,1
decision_C1_mok_ex_fire,action,स्वयं निर्णय न लें; किसी ऐसे व्यक्ति से मदद लें जिस पर आप भरोसा करते हैं।,1
decision_C1_mok_ex_fire,state,"लालच करना और ऐसे काम करना आसान है जिन पर आप नियंत्रण नहीं कर सकते, और उत्तेजित ऊर्जा आपकी शांति को भंग कर सकती है और छोटी-मोटी गलतियों को जन्म दे सकती है।",1
decision_C1_mok_ex_water,intro,आपका दृष्टिकोण बहुत संकुचित हो जाएगा और आप महत्वपूर्ण विकल्प चूक सकते हैं।,1
decision_C1_mok_ex_water,effect,सीमित दृष्टिकोण बार-बार गलत निष्कर्षों की ओर ले जाता है।,1
decision_C1_mok_ex_water,action,स्वयं निर्णय न लें; किसी ऐसे व्यक्ति से मदद लें जिस पर आप भरोसा करते हैं।,1
decision_C1_mok_ex_water,state,"लालच करना और ऐसे काम करना आसान है जिन्हें आप नियंत्रित नहीं कर सकते, और बारिश और बर्फ की ऊर्जा आपकी भावनाओं को शांत नहीं कर सकती है, जिससे आपका दिल भारी हो जाता है।",1
decision_C1_mok_ex_wood,intro,आपका दृष्टिकोण बहुत संकुचित हो जाएगा और आप महत्वपूर्ण विकल्प चूक सकते हैं।,1
decision_C1_mok_ex_wood,effect,सीमित दृष्टिकोण बार-बार गलत निष्कर्षों की ओर ले जाता है।,1
decision_C1_mok_ex_wood,action,स्वयं निर्णय न लें; किसी ऐसे व्यक्ति से मदद लें जिस पर आप भरोसा करते हैं।,1
decision_C1_mok_ex_wood,state,"लालची होना और ऐसे काम करना आसान है जिन्हें आप नियंत्रित नहीं कर सकते, और परिवर्तन की ऊर्जा आपकी योजनाओं में हस्तक्षेप और बाधा डाल सकती है।",1
decision_C1_su_df_earth,intro,"प्रवाह की भावना गंभीर रूप से बाधित हो सकती है, जिससे बार-बार समय निर्धारण संबंधी त्रुटियां हो सकती हैं।",1
decision_C1_su_df_earth,effect,ऐसे कई निर्णय हैं जो स्थिति को गलत समझने के कारण नुकसान का कारण बनते हैं।,1
decision_C1_su_df_earth,action,आज कोई नया निर्णय लेने की अपेक्षा अपनी मौजूदा योजना पर कायम रहना अधिक सुरक्षित है।,1
decision_C1_su_df_earth,state,"जिद्दी होना और बार-बार चीजों पर नज़र रखना आसान है, और धूमिल ऊर्जा प्रेरणा को कम कर सकती है और आपके निर्णय को धूमिल कर सकती है।",1
decision_C1_su_df_fire,intro,"प्रवाह की भावना गंभीर रूप से बाधित हो सकती है, जिससे बार-बार समय निर्धारण संबंधी त्रुटियां हो सकती हैं।",1
decision_C1_su_df_fire,effect,ऐसे कई निर्णय हैं जो स्थिति को गलत समझने के कारण नुकसान का कारण बनते हैं।,1
decision_C1_su_df_fire,action,आज कोई नया निर्णय लेने की अपेक्षा अपनी मौजूदा योजना पर कायम रहना अधिक सुरक्षित है।,1
decision_C1_su_df_fire,state,"जिद्दी होना और प्रवाह का ट्रैक खोना आसान है, और उत्तेजित ऊर्जा आपकी शांति को भंग कर सकती है और छोटी-मोटी गलतियों को जन्म दे सकती है।",1
decision_C1_su_df_water,intro,"प्रवाह की भावना गंभीर रूप से बाधित हो सकती है, जिससे बार-बार समय निर्धारण संबंधी त्रुटियां हो सकती हैं।",1
decision_C1_su_df_water,effect,ऐसे कई निर्णय हैं जो स्थिति को गलत समझने के कारण नुकसान का कारण बनते हैं।,1
decision_C1_su_df_water,action,आज कोई नया निर्णय लेने की अपेक्षा अपनी मौजूदा योजना पर कायम रहना अधिक सुरक्षित है।,1
decision_C1_su_df_water,state,"जिद्दी बनना और प्रवाह का ट्रैक खोना आसान है, और बारिश और बर्फ की ऊर्जा आपकी भावनाओं को शांत नहीं कर सकती है, जिससे आपका दिल भारी हो जाता है।",1
decision_C1_su_df_wood,intro,"प्रवाह की भावना गंभीर रूप से बाधित हो सकती है, जिससे बार-बार समय निर्धारण संबंधी त्रुटियां हो सकती हैं।",1
decision_C1_su_df_wood,effect,ऐसे कई निर्णय हैं जो स्थिति को गलत समझने के कारण नुकसान का कारण बनते हैं।,1
decision_C1_su_df_wood,action,आज कोई नया निर्णय लेने की अपेक्षा अपनी मौजूदा योजना पर कायम रहना अधिक सुरक्षित है।,1
decision_C1_su_df_wood,state,"ज़िद्दी होना और बार-बार चीज़ों से भटक जाना आसान है, और परिवर्तन की ऊर्जा आपकी योजनाओं में हस्तक्षेप और बाधा डाल सकती है।",1
decision_C1_su_ex_earth,intro,"प्रवाह की भावना गंभीर रूप से बाधित हो सकती है, जिससे बार-बार समय निर्धारण संबंधी त्रुटियां हो सकती हैं।",1
decision_C1_su_ex_earth,effect,ऐसे कई निर्णय हैं जो स्थिति को गलत समझने के कारण नुकसान का कारण बनते हैं।,1
decision_C1_su_ex_earth,action,आज कोई नया निर्णय लेने की अपेक्षा अपनी मौजूदा योजना पर कायम रहना अधिक सुरक्षित है।,1
decision_C1_su_ex_earth,state,"भावनाएँ गहरी हो जाती हैं, इसलिए छोटी-छोटी उत्तेजनाओं से भी हिलना आसान होता है, और धुंधली ऊर्जा प्रेरणा और बादल निर्णय को कम कर सकती है।",1
decision_C1_su_ex_fire,intro,"प्रवाह की भावना गंभीर रूप से बाधित हो सकती है, जिससे बार-बार समय निर्धारण संबंधी त्रुटियां हो सकती हैं।",1
decision_C1_su_ex_fire,effect,ऐसे कई निर्णय हैं जो स्थिति को गलत समझने के कारण नुकसान का कारण बनते हैं।,1
decision_C1_su_ex_fire,action,आज कोई नया निर्णय लेने की अपेक्षा अपनी मौजूदा योजना पर कायम रहना अधिक सुरक्षित है।,1
decision_C1_su_ex_fire,state,"भावनाएँ गहरी हो जाती हैं, इसलिए थोड़ी सी भी उत्तेजना से हिलना आसान होता है, और उत्तेजित ऊर्जा शांति को भंग कर सकती है और छोटी-मोटी गलतियाँ कर सकती है।",1
decision_C1_su_ex_water,intro,"प्रवाह की भावना गंभीर रूप से बाधित हो सकती है, जिससे बार-बार समय निर्धारण संबंधी त्रुटियां हो सकती हैं।",1
decision_C1_su_ex_water,effect,ऐसे कई निर्णय हैं जो स्थिति को गलत समझने के कारण नुकसान का कारण बनते हैं।,1
decision_C1_su_ex_water,action,आज कोई नया निर्णय लेने की अपेक्षा अपनी मौजूदा योजना पर कायम रहना अधिक सुरक्षित है।,1
decision_C1_su_ex_water,state,"जैसे-जैसे भावनाएँ गहरी होती जाती हैं, थोड़ी सी भी उत्तेजना से हिलना आसान हो जाता है, और बारिश और बर्फ़ की ऊर्जा भावनाओं को शांत नहीं कर पाती है, जिससे दिल भारी हो जाता है।",1
decision_C1_su_ex_wood,intro,"प्रवाह की भावना गंभीर रूप से बाधित हो सकती है, जिससे बार-बार समय निर्धारण संबंधी त्रुटियां हो सकती हैं।",1
decision_C1_su_ex_wood,effect,ऐसे कई निर्णय हैं जो स्थिति को गलत समझने के कारण नुकसान का कारण बनते हैं।,1
decision_C1_su_ex_wood,action,आज कोई नया निर्णय लेने की अपेक्षा अपनी मौजूदा योजना पर कायम रहना अधिक सुरक्षित है।,1
decision_C1_su_ex_wood,state,"जैसे-जैसे आपकी भावनाएँ गहरी होती जाती हैं, थोड़ी सी भी उत्तेजना से हिलना आसान हो जाता है, और परिवर्तन की ऊर्जा आपकी योजनाओं में हस्तक्षेप और बाधा डालती रह सकती है।",1
decision_C1_to_df_earth,intro,यह एक ऐसा दिन है जब निर्णय का आधार अस्थिर हो जाता है और किसी भी निर्णय पर भरोसा करना मुश्किल हो जाता है।,1
decision_C1_to_df_earth,effect,अस्थिर बुनियाद पर लिए गए निर्णय पछतावे और नुकसान का कारण बनते हैं।,1
decision_C1_to_df_earth,action,आज महत्वपूर्ण निर्णय लेने से बचें और यथास्थिति बनाए रखने को प्राथमिकता दें।,1
decision_C1_to_df_earth,state,"चूँकि आप केन्द्रित नहीं हैं, इसलिए आपके निर्णयों को बदलना आसान है, और धूमिल ऊर्जा प्रेरणा को कम कर सकती है और आपके निर्णय को धूमिल कर सकती है।",1
decision_C1_to_df_fire,intro,यह एक ऐसा दिन है जब निर्णय का आधार अस्थिर हो जाता है और किसी भी निर्णय पर भरोसा करना मुश्किल हो जाता है।,1
decision_C1_to_df_fire,effect,अस्थिर बुनियाद पर लिए गए निर्णय पछतावे और नुकसान का कारण बनते हैं।,1
decision_C1_to_df_fire,action,आज महत्वपूर्ण निर्णय लेने से बचें और यथास्थिति बनाए रखने को प्राथमिकता दें।,1
decision_C1_to_df_fire,state,"चूँकि आप केन्द्रित नहीं हैं, इसलिए आपके निर्णयों को बदलना आसान है, और आपकी उत्तेजित ऊर्जा आपकी शांति को नष्ट कर सकती है और छोटी-मोटी गलतियों को जन्म दे सकती है।",1
decision_C1_to_df_water,intro,यह एक ऐसा दिन है जब निर्णय का आधार अस्थिर हो जाता है और किसी भी निर्णय पर भरोसा करना मुश्किल हो जाता है।,1
decision_C1_to_df_water,effect,अस्थिर बुनियाद पर लिए गए निर्णय पछतावे और नुकसान का कारण बनते हैं।,1
decision_C1_to_df_water,action,आज महत्वपूर्ण निर्णय लेने से बचें और यथास्थिति बनाए रखने को प्राथमिकता दें।,1
decision_C1_to_df_water,state,"क्योंकि आप केंद्रित नहीं हैं, इसलिए आपके निर्णय बदलना आसान है, और बारिश और बर्फ की ऊर्जा आपकी भावनाओं को शांत नहीं कर सकती है, जिससे आपका दिल भारी हो जाता है।",1
decision_C1_to_df_wood,intro,यह एक ऐसा दिन है जब निर्णय का आधार अस्थिर हो जाता है और किसी भी निर्णय पर भरोसा करना मुश्किल हो जाता है।,1
decision_C1_to_df_wood,effect,अस्थिर बुनियाद पर लिए गए निर्णय पछतावे और नुकसान का कारण बनते हैं।,1
decision_C1_to_df_wood,action,आज महत्वपूर्ण निर्णय लेने से बचें और यथास्थिति बनाए रखने को प्राथमिकता दें।,1
decision_C1_to_df_wood,state,"चूँकि आप केन्द्रित नहीं हैं, इसलिए आपके निर्णयों को बदलना आसान है, और परिवर्तन की ऊर्जा आपकी योजनाओं में हस्तक्षेप कर सकती है।",1
decision_C1_to_ex_earth,intro,यह एक ऐसा दिन है जब निर्णय का आधार अस्थिर हो जाता है और किसी भी निर्णय पर भरोसा करना मुश्किल हो जाता है।,1
decision_C1_to_ex_earth,effect,अस्थिर बुनियाद पर लिए गए निर्णय पछतावे और नुकसान का कारण बनते हैं।,1
decision_C1_to_ex_earth,action,आज महत्वपूर्ण निर्णय लेने से बचें और यथास्थिति बनाए रखने को प्राथमिकता दें।,1
decision_C1_to_ex_earth,state,"उन परिवर्तनों को अनदेखा करना आसान है जिनके लिए जिद्दी स्थिरता अभिविन्यास की आवश्यकता होती है, और बादल वाली ऊर्जा प्रेरणा और बादल निर्णय को कम कर सकती है।",1
decision_C1_to_ex_fire,intro,यह एक ऐसा दिन है जब निर्णय का आधार अस्थिर हो जाता है और किसी भी निर्णय पर भरोसा करना मुश्किल हो जाता है।,1
decision_C1_to_ex_fire,effect,अस्थिर बुनियाद पर लिए गए निर्णय पछतावे और नुकसान का कारण बनते हैं।,1
decision_C1_to_ex_fire,action,आज महत्वपूर्ण निर्णय लेने से बचें और यथास्थिति बनाए रखने को प्राथमिकता दें।,1
decision_C1_to_ex_fire,state,"उन परिवर्तनों को अनदेखा करना आसान है जिनके लिए जिद्दी स्थिरता की आवश्यकता होती है, और उत्तेजित ऊर्जा शांति को परेशान कर सकती है और छोटी गलतियों को जन्म दे सकती है।",1
decision_C1_to_ex_water,intro,यह एक ऐसा दिन है जब निर्णय का आधार अस्थिर हो जाता है और किसी भी निर्णय पर भरोसा करना मुश्किल हो जाता है।,1
decision_C1_to_ex_water,effect,अस्थिर बुनियाद पर लिए गए निर्णय पछतावे और नुकसान का कारण बनते हैं।,1
decision_C1_to_ex_water,action,आज महत्वपूर्ण निर्णय लेने से बचें और यथास्थिति बनाए रखने को प्राथमिकता दें।,1
decision_C1_to_ex_water,state,"उन परिवर्तनों को अनदेखा करना आसान है जिनके लिए जिद्दी स्थिरता की आवश्यकता होती है, और बारिश और बर्फ की ऊर्जा आपकी भावनाओं को शांत नहीं कर सकती है, जिससे आपका दिल भारी हो जाता है।",1
decision_C1_to_ex_wood,intro,यह एक ऐसा दिन है जब निर्णय का आधार अस्थिर हो जाता है और किसी भी निर्णय पर भरोसा करना मुश्किल हो जाता है।,1
decision_C1_to_ex_wood,effect,अस्थिर बुनियाद पर लिए गए निर्णय पछतावे और नुकसान का कारण बनते हैं।,1
decision_C1_to_ex_wood,action,आज महत्वपूर्ण निर्णय लेने से बचें और यथास्थिति बनाए रखने को प्राथमिकता दें।,1
decision_C1_to_ex_wood,state,"उन परिवर्तनों को अनदेखा करना आसान है जिनके लिए जिद्दी स्थिरता अभिविन्यास की आवश्यकता होती है, और परिवर्तन की ऊर्जा आपकी योजनाओं में हस्तक्षेप और बाधित कर सकती है।",1
decision_D,intro,आज आपका निर्णय गंभीर रूप से क्षीण हो सकता है और बेहतर होगा कि आप कोई भी निर्णय न लें।,1
decision_D,intro,"आज निर्णय लेने की ऊर्जा पूरी तरह से अवरुद्ध है, इसलिए सभी विकल्पों को कल के बाद के लिए टाल देना ही सही है।",1
decision_D,effect,"आज निकाले गए निष्कर्ष लगभग हमेशा बाद में पछतावे का कारण बनते हैं, इसलिए निर्णय को पूरी तरह से रोक देना सुरक्षित है।",1
decision_D,effect,"यह वह दिन है जब आपका निर्णय अपने निम्नतम बिंदु पर होता है, और जो निर्णय आमतौर पर आसान होते हैं वे आज गलतियों का कारण बन सकते हैं।",1
decision_D,action,यह नियम बना लें कि आज कोई निर्णय न लें और अगले निर्णय पर आगे बढ़ें।,1
decision_D,action,"जब ऐसी स्थिति उत्पन्न होती है जिसके लिए विकल्प की आवश्यकता होती है, तो ईमानदार होना और यह कहना सबसे बुद्धिमानी है कि आप अभी कोई निर्णय नहीं ले सकते।",1
decision_D_geum_df_earth,intro,यह एक ऐसा दिन है जब आपका निर्णय अपने निम्नतम स्तर पर होता है और सभी निर्णयों को रोक देना पड़ता है।,1
decision_D_geum_df_earth,effect,"निर्णय लेने की क्षमता बेहद कम हो गई है, जिससे किसी भी विश्लेषण पर भरोसा करना मुश्किल हो गया है।",1
decision_D_geum_df_earth,action,आज के निर्णयों को जितना हो सके टाल दें और कल के लिए छोड़ दें।,1
decision_D_geum_df_earth,state,"आपका दृढ़ संकल्प बहुत टूट सकता है, और आपके द्वारा चुने गए किसी भी विकल्प के परिणामस्वरूप पछतावा हो सकता है, और मोटी, धुंधली ऊर्जा हर चीज को बहुत धीमा कर सकती है।",1
decision_D_geum_df_fire,intro,यह एक ऐसा दिन है जब आपका निर्णय अपने निम्नतम स्तर पर होता है और सभी निर्णयों को रोक देना पड़ता है।,1
decision_D_geum_df_fire,effect,"निर्णय लेने की क्षमता बेहद कम हो गई है, जिससे किसी भी विश्लेषण पर भरोसा करना मुश्किल हो गया है।",1
decision_D_geum_df_fire,action,आज के निर्णयों को जितना हो सके टाल दें और कल के लिए छोड़ दें।,1
decision_D_geum_df_fire,state,"निर्णय लेने की क्षमता को बहुत कमजोर किया जा सकता है, और कोई भी विकल्प पछतावे का कारण बन सकता है, और मजबूत यांग आवेगों को प्रोत्साहित कर सकता है और लापरवाह कार्यों को जन्म दे सकता है।",1
decision_D_geum_df_water,intro,यह एक ऐसा दिन है जब आपका निर्णय अपने निम्नतम स्तर पर होता है और सभी निर्णयों को रोक देना पड़ता है।,1
decision_D_geum_df_water,effect,"निर्णय लेने की क्षमता बेहद कम हो गई है, जिससे किसी भी विश्लेषण पर भरोसा करना मुश्किल हो गया है।",1
decision_D_geum_df_water,action,आज के निर्णयों को जितना हो सके टाल दें और कल के लिए छोड़ दें।,1
decision_D_geum_df_water,state,"आपका दृढ़ संकल्प बुरी तरह टूट सकता है, और आपके द्वारा चुने गए किसी भी विकल्प के परिणामस्वरूप पछतावा हो सकता है, और भारी बारिश और बर्फ़ की तीव्रता आपकी भावनाओं को हिंसक रूप से झकझोर सकती है, जिससे उन्हें नियंत्रित करना मुश्किल हो जाएगा।",1
decision_D_geum_df_wood,intro,यह एक ऐसा दिन है जब आपका निर्णय अपने निम्नतम स्तर पर होता है और सभी निर्णयों को रोक देना पड़ता है।,1
decision_D_geum_df_wood,effect,"निर्णय लेने की क्षमता बेहद कम हो गई है, जिससे किसी भी विश्लेषण पर भरोसा करना मुश्किल हो गया है।",1
decision_D_geum_df_wood,action,आज के निर्णयों को जितना हो सके टाल दें और कल के लिए छोड़ दें।,1
decision_D_geum_df_wood,state,"आपका दृढ़ संकल्प बुरी तरह टूट सकता है, आपके द्वारा किया गया कोई भी विकल्प पछतावे में समाप्त हो सकता है, और परिवर्तन की प्रचंड ऊर्जा के कारण आपकी सभी भविष्यवाणियाँ भटक सकती हैं।",1
decision_D_geum_ex_earth,intro,यह एक ऐसा दिन है जब आपका निर्णय अपने निम्नतम स्तर पर होता है और सभी निर्णयों को रोक देना पड़ता है।,1
decision_D_geum_ex_earth,effect,"निर्णय लेने की क्षमता बेहद कम हो गई है, जिससे किसी भी विश्लेषण पर भरोसा करना मुश्किल हो गया है।",1
decision_D_geum_ex_earth,action,आज के निर्णयों को जितना हो सके टाल दें और कल के लिए छोड़ दें।,1
decision_D_geum_ex_earth,state,"यदि तीक्ष्णता बहुत दूर तक जाती है, तो यह आसपास के वातावरण के साथ एक गहरी दरार पैदा कर सकती है, और घनी बादल वाली ऊर्जा हर चीज़ को बहुत धीमा कर सकती है।",1
decision_D_geum_ex_fire,intro,यह एक ऐसा दिन है जब आपका निर्णय अपने निम्नतम स्तर पर होता है और सभी निर्णयों को रोक देना पड़ता है।,1
decision_D_geum_ex_fire,effect,"निर्णय लेने की क्षमता बेहद कम हो गई है, जिससे किसी भी विश्लेषण पर भरोसा करना मुश्किल हो गया है।",1
decision_D_geum_ex_fire,action,आज के निर्णयों को जितना हो सके टाल दें और कल के लिए छोड़ दें।,1
decision_D_geum_ex_fire,state,"तीखापन बहुत दूर तक जा सकता है और आपके आस-पास के लोगों के साथ गहरी दरार पैदा कर सकता है, और मजबूत यांग आवेगों को प्रोत्साहित कर सकता है और लापरवाह कार्यों को जन्म दे सकता है।",1
decision_D_geum_ex_water,intro,यह एक ऐसा दिन है जब आपका निर्णय अपने निम्नतम स्तर पर होता है और सभी निर्णयों को रोक देना पड़ता है।,1
decision_D_geum_ex_water,effect,"निर्णय लेने की क्षमता बेहद कम हो गई है, जिससे किसी भी विश्लेषण पर भरोसा करना मुश्किल हो गया है।",1
decision_D_geum_ex_water,action,आज के निर्णयों को जितना हो सके टाल दें और कल के लिए छोड़ दें।,1
decision_D_geum_ex_water,state,"तीव्रता बहुत दूर तक जा सकती है और आसपास के वातावरण में गहरी दरारें पैदा कर सकती है, और भारी बारिश और बर्फ की ताकत आपकी भावनाओं को हिंसक रूप से झकझोर सकती है, जिससे उन्हें नियंत्रित करना मुश्किल हो जाता है।",1
decision_D_geum_ex_wood,intro,यह एक ऐसा दिन है जब आपका निर्णय अपने निम्नतम स्तर पर होता है और सभी निर्णयों को रोक देना पड़ता है।,1
decision_D_geum_ex_wood,effect,"निर्णय लेने की क्षमता बेहद कम हो गई है, जिससे किसी भी विश्लेषण पर भरोसा करना मुश्किल हो गया है।",1
decision_D_geum_ex_wood,action,आज के निर्णयों को जितना हो सके टाल दें और कल के लिए छोड़ दें।,1
decision_D_geum_ex_wood,state,"तीक्ष्णता बहुत दूर तक जा सकती है और परिवेश में गहरी दरारें पैदा कर सकती है, और परिवर्तन की प्रचंड ऊर्जा सभी भविष्यवाणियों को भटका सकती है।",1
decision_D_hwa_df_earth,intro,यह एक ऐसा दिन है जब अंतर्ज्ञान पूरी तरह से अवरुद्ध हो जाता है और संवेदी निर्णय बिल्कुल भी काम नहीं करता है।,1
decision_D_hwa_df_earth,effect,ग़लत भावनाएँ आपके पूरे निर्णय को धूमिल कर देती हैं और हानि का कारण बनती हैं।,1
decision_D_hwa_df_earth,action,अपने सहज निर्णय को पूरी तरह से त्याग दें और आज कुछ भी निर्णय न लें।,1
decision_D_hwa_df_earth,state,"किसी की भावनाओं को व्यक्त करने का रास्ता पूरी तरह से बंद है, जो गलतफहमियों और वियोग को गहरा कर सकता है, और मोटी, धुंधली ऊर्जा हर चीज को बहुत धीमा कर सकती है।",1
decision_D_hwa_df_fire,intro,यह एक ऐसा दिन है जब अंतर्ज्ञान पूरी तरह से अवरुद्ध हो जाता है और संवेदी निर्णय बिल्कुल भी काम नहीं करता है।,1
decision_D_hwa_df_fire,effect,ग़लत भावनाएँ आपके पूरे निर्णय को धूमिल कर देती हैं और हानि का कारण बनती हैं।,1
decision_D_hwa_df_fire,action,अपने सहज निर्णय को पूरी तरह से त्याग दें और आज कुछ भी निर्णय न लें।,1
decision_D_hwa_df_fire,state,"किसी की भावनाओं को संप्रेषित करने का रास्ता पूरी तरह से बंद है, जिससे गलतफहमी और अलगाव गहरा हो सकता है, और मजबूत सकारात्मक ऊर्जा आवेगों को प्रोत्साहित कर सकती है और लापरवाह कार्यों को जन्म दे सकती है।",1
decision_D_hwa_df_water,intro,यह एक ऐसा दिन है जब अंतर्ज्ञान पूरी तरह से अवरुद्ध हो जाता है और संवेदी निर्णय बिल्कुल भी काम नहीं करता है।,1
decision_D_hwa_df_water,effect,ग़लत भावनाएँ आपके पूरे निर्णय को धूमिल कर देती हैं और हानि का कारण बनती हैं।,1
decision_D_hwa_df_water,action,अपने सहज निर्णय को पूरी तरह से त्याग दें और आज कुछ भी निर्णय न लें।,1
decision_D_hwa_df_water,state,"किसी की भावनाओं को संप्रेषित करने का रास्ता पूरी तरह से बंद है, जिससे गलतफहमियां और वियोग गहरा सकता है, और भारी बारिश और बर्फ की ताकत भावनाओं को हिंसक रूप से झकझोर सकती है, जिससे उन्हें नियंत्रित करना मुश्किल हो जाता है।",1
decision_D_hwa_df_wood,intro,यह एक ऐसा दिन है जब अंतर्ज्ञान पूरी तरह से अवरुद्ध हो जाता है और संवेदी निर्णय बिल्कुल भी काम नहीं करता है।,1
decision_D_hwa_df_wood,effect,ग़लत भावनाएँ आपके पूरे निर्णय को धूमिल कर देती हैं और हानि का कारण बनती हैं।,1
decision_D_hwa_df_wood,action,अपने सहज निर्णय को पूरी तरह से त्याग दें और आज कुछ भी निर्णय न लें।,1
decision_D_hwa_df_wood,state,"किसी की भावनाओं को संप्रेषित करने का रास्ता पूरी तरह से बंद हो जाता है, गलतफहमियाँ और वियोग गहरा हो सकता है, और परिवर्तन की उग्र ऊर्जा सभी भविष्यवाणियों को भटका सकती है।",1
decision_D_hwa_ex_earth,intro,यह एक ऐसा दिन है जब अंतर्ज्ञान पूरी तरह से अवरुद्ध हो जाता है और संवेदी निर्णय बिल्कुल भी काम नहीं करता है।,1
decision_D_hwa_ex_earth,effect,ग़लत भावनाएँ आपके पूरे निर्णय को धूमिल कर देती हैं और हानि का कारण बनती हैं।,1
decision_D_hwa_ex_earth,action,अपने सहज निर्णय को पूरी तरह से त्याग दें और आज कुछ भी निर्णय न लें।,1
decision_D_hwa_ex_earth,state,"अत्यधिक गरम भावनाएँ एक अपूरणीय संघर्ष में फैल सकती हैं, और घनी बादल वाली ऊर्जा सब कुछ बहुत धीमा कर सकती है।",1
decision_D_hwa_ex_fire,intro,यह एक ऐसा दिन है जब अंतर्ज्ञान पूरी तरह से अवरुद्ध हो जाता है और संवेदी निर्णय बिल्कुल भी काम नहीं करता है।,1
decision_D_hwa_ex_fire,effect,ग़लत भावनाएँ आपके पूरे निर्णय को धूमिल कर देती हैं और हानि का कारण बनती हैं।,1
decision_D_hwa_ex_fire,action,अपने सहज निर्णय को पूरी तरह से त्याग दें और आज कुछ भी निर्णय न लें।,1
decision_D_hwa_ex_fire,state,"अत्यधिक गरम भावनाएं अपरिवर्तनीय संघर्ष का कारण बन सकती हैं, और मजबूत यांग आवेगों को प्रोत्साहित कर सकता है और लापरवाह कार्यों को जन्म दे सकता है।",1
decision_D_hwa_ex_water,intro,यह एक ऐसा दिन है जब अंतर्ज्ञान पूरी तरह से अवरुद्ध हो जाता है और संवेदी निर्णय बिल्कुल भी काम नहीं करता है।,1
decision_D_hwa_ex_water,effect,ग़लत भावनाएँ आपके पूरे निर्णय को धूमिल कर देती हैं और हानि का कारण बनती हैं।,1
decision_D_hwa_ex_water,action,अपने सहज निर्णय को पूरी तरह से त्याग दें और आज कुछ भी निर्णय न लें।,1
decision_D_hwa_ex_water,state,"अत्यधिक गरम भावनाएं एक अपूरणीय संघर्ष में फैल सकती हैं, और भारी बारिश और बर्फ की ताकत भावनाओं को हिंसक रूप से हिला देती है, जिससे नियंत्रण मुश्किल हो जाता है।",1
decision_D_hwa_ex_wood,intro,यह एक ऐसा दिन है जब अंतर्ज्ञान पूरी तरह से अवरुद्ध हो जाता है और संवेदी निर्णय बिल्कुल भी काम नहीं करता है।,1
decision_D_hwa_ex_wood,effect,ग़लत भावनाएँ आपके पूरे निर्णय को धूमिल कर देती हैं और हानि का कारण बनती हैं।,1
decision_D_hwa_ex_wood,action,अपने सहज निर्णय को पूरी तरह से त्याग दें और आज कुछ भी निर्णय न लें।,1
decision_D_hwa_ex_wood,state,"अत्यधिक गरम भावनाएँ एक अपूरणीय संघर्ष में फैल सकती हैं, और परिवर्तन की उग्र ऊर्जा सभी भविष्यवाणियों को भटका सकती है।",1
decision_D_mok_df_earth,intro,यह एक ऐसा दिन है जब निर्णय का दायरा बेहद संकीर्ण हो जाता है और कोई भी विकल्प स्पष्ट नहीं होता है।,1
decision_D_mok_df_earth,effect,सीमित दृष्टि सभी महत्वपूर्ण अवसरों को अस्पष्ट कर देती है और बार-बार गलत निर्णय लेने की ओर ले जाती है।,1
decision_D_mok_df_earth,action,परिस्थितियाँ बदलने तक महत्वपूर्ण निर्णय स्थगित करना सुनिश्चित करें।,1
decision_D_mok_df_earth,state,"डर आपको कार्रवाई करने से पूरी तरह से रोक सकता है और यहां तक ​​कि आपको अवसरों को खोने का कारण भी बन सकता है, और घनी बादल वाली ऊर्जा हर चीज को बहुत धीमा कर सकती है।",1
decision_D_mok_df_fire,intro,यह एक ऐसा दिन है जब निर्णय का दायरा बेहद संकीर्ण हो जाता है और कोई भी विकल्प स्पष्ट नहीं होता है।,1
decision_D_mok_df_fire,effect,सीमित दृष्टि सभी महत्वपूर्ण अवसरों को अस्पष्ट कर देती है और बार-बार गलत निर्णय लेने की ओर ले जाती है।,1
decision_D_mok_df_fire,action,परिस्थितियाँ बदलने तक महत्वपूर्ण निर्णय स्थगित करना सुनिश्चित करें।,1
decision_D_mok_df_fire,state,"डर किसी कार्य को पूरी तरह से रोक सकता है और यहां तक कि अवसरों की हानि भी हो सकती है, और मजबूत सकारात्मक ऊर्जा आवेगों को प्रोत्साहित कर सकती है और लापरवाह कार्यों को जन्म दे सकती है।",1
decision_D_mok_df_water,intro,यह एक ऐसा दिन है जब निर्णय का दायरा बेहद संकीर्ण हो जाता है और कोई भी विकल्प स्पष्ट नहीं होता है।,1
decision_D_mok_df_water,effect,सीमित दृष्टि सभी महत्वपूर्ण अवसरों को अस्पष्ट कर देती है और बार-बार गलत निर्णय लेने की ओर ले जाती है।,1
decision_D_mok_df_water,action,परिस्थितियाँ बदलने तक महत्वपूर्ण निर्णय स्थगित करना सुनिश्चित करें।,1
decision_D_mok_df_water,state,"डर आपको कार्रवाई करने से पूरी तरह से रोक सकता है और यहां तक कि आपके लिए अवसर भी खो सकता है, और भारी बारिश और बर्फबारी की ताकत आपकी भावनाओं को इतना हिला सकती है कि उन्हें नियंत्रित करना मुश्किल हो जाता है।",1
decision_D_mok_df_wood,intro,यह एक ऐसा दिन है जब निर्णय का दायरा बेहद संकीर्ण हो जाता है और कोई भी विकल्प स्पष्ट नहीं होता है।,1
decision_D_mok_df_wood,effect,सीमित दृष्टि सभी महत्वपूर्ण अवसरों को अस्पष्ट कर देती है और बार-बार गलत निर्णय लेने की ओर ले जाती है।,1
decision_D_mok_df_wood,action,परिस्थितियाँ बदलने तक महत्वपूर्ण निर्णय स्थगित करना सुनिश्चित करें।,1
decision_D_mok_df_wood,state,"डर कार्रवाई को पूरी तरह से रोक सकता है और यहां तक कि अवसरों की हानि भी हो सकती है, और परिवर्तन की प्रचंड ऊर्जा सभी भविष्यवाणियों को भटका सकती है।",1
decision_D_mok_ex_earth,intro,यह एक ऐसा दिन है जब निर्णय का दायरा बेहद संकीर्ण हो जाता है और कोई भी विकल्प स्पष्ट नहीं होता है।,1
decision_D_mok_ex_earth,effect,सीमित दृष्टि सभी महत्वपूर्ण अवसरों को अस्पष्ट कर देती है और बार-बार गलत निर्णय लेने की ओर ले जाती है।,1
decision_D_mok_ex_earth,action,परिस्थितियाँ बदलने तक महत्वपूर्ण निर्णय स्थगित करना सुनिश्चित करें।,1
decision_D_mok_ex_earth,state,"अनियंत्रित प्रेरणा अनुचित दुर्घटनाओं को जन्म दे सकती है, और घनी धुंधली ऊर्जा हर चीज़ को बहुत धीमा कर सकती है।",1
decision_D_mok_ex_fire,intro,यह एक ऐसा दिन है जब निर्णय का दायरा बेहद संकीर्ण हो जाता है और कोई भी विकल्प स्पष्ट नहीं होता है।,1
decision_D_mok_ex_fire,effect,सीमित दृष्टि सभी महत्वपूर्ण अवसरों को अस्पष्ट कर देती है और बार-बार गलत निर्णय लेने की ओर ले जाती है।,1
decision_D_mok_ex_fire,action,परिस्थितियाँ बदलने तक महत्वपूर्ण निर्णय स्थगित करना सुनिश्चित करें।,1
decision_D_mok_ex_fire,state,"अनियंत्रित प्रेरणा अनुचित दुर्घटनाओं को जन्म दे सकती है, और मजबूत सकारात्मक ऊर्जा आवेगों को प्रोत्साहित कर सकती है और लापरवाह कार्यों को जन्म दे सकती है।",1
decision_D_mok_ex_water,intro,यह एक ऐसा दिन है जब निर्णय का दायरा बेहद संकीर्ण हो जाता है और कोई भी विकल्प स्पष्ट नहीं होता है।,1
decision_D_mok_ex_water,effect,सीमित दृष्टि सभी महत्वपूर्ण अवसरों को अस्पष्ट कर देती है और बार-बार गलत निर्णय लेने की ओर ले जाती है।,1
decision_D_mok_ex_water,action,परिस्थितियाँ बदलने तक महत्वपूर्ण निर्णय स्थगित करना सुनिश्चित करें।,1
decision_D_mok_ex_water,state,"अनियंत्रित प्रेरणा अनुचित दुर्घटनाओं को जन्म दे सकती है, और भारी बारिश और बर्फ की ताकत भावनाओं को हिंसक रूप से हिला सकती है, जिससे नियंत्रण मुश्किल हो जाता है।",1
decision_D_mok_ex_wood,intro,यह एक ऐसा दिन है जब निर्णय का दायरा बेहद संकीर्ण हो जाता है और कोई भी विकल्प स्पष्ट नहीं होता है।,1
decision_D_mok_ex_wood,effect,सीमित दृष्टि सभी महत्वपूर्ण अवसरों को अस्पष्ट कर देती है और बार-बार गलत निर्णय लेने की ओर ले जाती है।,1
decision_D_mok_ex_wood,action,परिस्थितियाँ बदलने तक महत्वपूर्ण निर्णय स्थगित करना सुनिश्चित करें।,1
decision_D_mok_ex_wood,state,"अनियंत्रित प्रेरणा अनुचित सोच को जन्म दे सकती है, और परिवर्तन की प्रचंड ऊर्जा सभी भविष्यवाणियों को भटका सकती है।",1
decision_D_su_df_earth,intro,यह एक ऐसा दिन है जब आप पूरी तरह से प्रवाह खो देते हैं और कोई भी समय निकालना मुश्किल हो जाता है।,1
decision_D_su_df_earth,effect,"समय संबंधी त्रुटियाँ एक के बाद एक होती रहती हैं, जिसके परिणामस्वरूप निर्णय का सबसे खराब परिणाम संभव होता है।",1
decision_D_su_df_earth,action,आज नए निर्णय लेने के बजाय जो आपके पास पहले से है उसे सुरक्षित रखने पर ध्यान दें।,1
decision_D_su_df_earth,state,"एक कठोर रवैया सभी प्रवाह को अवरुद्ध कर देता है, जिससे प्रगति कठिन हो जाती है, और मोटी, धुंधली ऊर्जा हर चीज को बहुत धीमा कर सकती है।",1
decision_D_su_df_fire,intro,यह एक ऐसा दिन है जब आप पूरी तरह से प्रवाह खो देते हैं और कोई भी समय निकालना मुश्किल हो जाता है।,1
decision_D_su_df_fire,effect,"समय संबंधी त्रुटियाँ एक के बाद एक होती रहती हैं, जिसके परिणामस्वरूप निर्णय का सबसे खराब परिणाम संभव होता है।",1
decision_D_su_df_fire,action,आज नए निर्णय लेने के बजाय जो आपके पास पहले से है उसे सुरक्षित रखने पर ध्यान दें।,1
decision_D_su_df_fire,state,"एक कठोर रवैया सभी प्रवाह को अवरुद्ध करता है, प्रगति को कठिन बनाता है, और मजबूत सकारात्मक ऊर्जा आवेगों को प्रोत्साहित कर सकती है और लापरवाह कार्यों को जन्म दे सकती है।",1
decision_D_su_df_water,intro,यह एक ऐसा दिन है जब आप पूरी तरह से प्रवाह खो देते हैं और कोई भी समय निकालना मुश्किल हो जाता है।,1
decision_D_su_df_water,effect,"समय संबंधी त्रुटियाँ एक के बाद एक होती रहती हैं, जिसके परिणामस्वरूप निर्णय का सबसे खराब परिणाम संभव होता है।",1
decision_D_su_df_water,action,आज नए निर्णय लेने के बजाय जो आपके पास पहले से है उसे सुरक्षित रखने पर ध्यान दें।,1
decision_D_su_df_water,state,"एक कठोर रवैया सभी प्रवाह को अवरुद्ध कर देता है, जिससे प्रगति मुश्किल हो जाती है, और भारी बारिश और बर्फ की ताकत भावनाओं को हिंसक रूप से हिला देती है, जिससे नियंत्रण मुश्किल हो जाता है।",1
decision_D_su_df_wood,intro,यह एक ऐसा दिन है जब आप पूरी तरह से प्रवाह खो देते हैं और कोई भी समय निकालना मुश्किल हो जाता है।,1
decision_D_su_df_wood,effect,"समय संबंधी त्रुटियाँ एक के बाद एक होती रहती हैं, जिसके परिणामस्वरूप निर्णय का सबसे खराब परिणाम संभव होता है।",1
decision_D_su_df_wood,action,आज नए निर्णय लेने के बजाय जो आपके पास पहले से है उसे सुरक्षित रखने पर ध्यान दें।,1
decision_D_su_df_wood,state,"एक कठोर रवैया सभी प्रवाह को अवरुद्ध कर देता है, जिससे प्रगति कठिन हो जाती है, और परिवर्तन की उग्र ऊर्जा सभी भविष्यवाणियों को भटका सकती है।",1
decision_D_su_ex_earth,intro,यह एक ऐसा दिन है जब आप पूरी तरह से प्रवाह खो देते हैं और कोई भी समय निकालना मुश्किल हो जाता है।,1
decision_D_su_ex_earth,effect,"समय संबंधी त्रुटियाँ एक के बाद एक होती रहती हैं, जिसके परिणामस्वरूप निर्णय का सबसे खराब परिणाम संभव होता है।",1
decision_D_su_ex_earth,action,आज नए निर्णय लेने के बजाय जो आपके पास पहले से है उसे सुरक्षित रखने पर ध्यान दें।,1
decision_D_su_ex_earth,state,"भावनाओं का तूफ़ान तर्क पर हावी हो सकता है और बड़ी ग़लतियों को जन्म दे सकता है, और मोटी, धुंधली ऊर्जा हर चीज़ को बहुत धीमा कर सकती है।",1
decision_D_su_ex_fire,intro,यह एक ऐसा दिन है जब आप पूरी तरह से प्रवाह खो देते हैं और कोई भी समय निकालना मुश्किल हो जाता है।,1
decision_D_su_ex_fire,effect,"समय संबंधी त्रुटियाँ एक के बाद एक होती रहती हैं, जिसके परिणामस्वरूप निर्णय का सबसे खराब परिणाम संभव होता है।",1
decision_D_su_ex_fire,action,आज नए निर्णय लेने के बजाय जो आपके पास पहले से है उसे सुरक्षित रखने पर ध्यान दें।,1
decision_D_su_ex_fire,state,"भावनाओं का सैलाब तर्क पर हावी हो सकता है और बड़ी गलतियों को जन्म दे सकता है, और मजबूत सकारात्मक ऊर्जा आवेगों को प्रोत्साहित कर सकती है और लापरवाह कार्यों को जन्म दे सकती है।",1
decision_D_su_ex_water,intro,यह एक ऐसा दिन है जब आप पूरी तरह से प्रवाह खो देते हैं और कोई भी समय निकालना मुश्किल हो जाता है।,1
decision_D_su_ex_water,effect,"समय संबंधी त्रुटियाँ एक के बाद एक होती रहती हैं, जिसके परिणामस्वरूप निर्णय का सबसे खराब परिणाम संभव होता है।",1
decision_D_su_ex_water,action,आज नए निर्णय लेने के बजाय जो आपके पास पहले से है उसे सुरक्षित रखने पर ध्यान दें।,1
decision_D_su_ex_water,state,"भावनाओं का सैलाब तर्क पर हावी हो सकता है और बड़ी ग़लतियों को जन्म दे सकता है, और भारी बारिश और बर्फ़ की तीव्रता भावनाओं को हिंसक रूप से झकझोर सकती है, जिससे उन्हें नियंत्रित करना मुश्किल हो जाता है।",1
decision_D_su_ex_wood,intro,यह एक ऐसा दिन है जब आप पूरी तरह से प्रवाह खो देते हैं और कोई भी समय निकालना मुश्किल हो जाता है।,1
decision_D_su_ex_wood,effect,"समय संबंधी त्रुटियाँ एक के बाद एक होती रहती हैं, जिसके परिणामस्वरूप निर्णय का सबसे खराब परिणाम संभव होता है।",1
decision_D_su_ex_wood,action,आज नए निर्णय लेने के बजाय जो आपके पास पहले से है उसे सुरक्षित रखने पर ध्यान दें।,1
decision_D_su_ex_wood,state,"भावनाओं का सैलाब तर्क पर हावी हो सकता है और बड़ी गलतियों को जन्म दे सकता है, और परिवर्तन की प्रचंड ऊर्जा सभी भविष्यवाणियों को भटका सकती है।",1
decision_D_to_df_earth,intro,"यह एक ऐसा दिन है जब निर्णय और स्थिरता दोनों ही ज़मीन पर गिर जाते हैं, जिससे कोई भी निर्णय खतरनाक हो जाता है।",1
decision_D_to_df_earth,effect,अस्थिर निर्णयों से कई प्रकार के बुरे परिणाम सामने आते हैं।,1
decision_D_to_df_earth,action,आज ही निर्णय लेना बंद करें और सुधार पर ध्यान दें।,1
decision_D_to_df_earth,state,"आप अपना संतुलन पूरी तरह से खो सकते हैं और सब कुछ नियंत्रण से बाहर हो सकता है, और घने बादलों वाली ऊर्जा हर चीज़ को बहुत धीमा कर सकती है।",1
decision_D_to_df_fire,intro,"यह एक ऐसा दिन है जब निर्णय और स्थिरता दोनों ही ज़मीन पर गिर जाते हैं, जिससे कोई भी निर्णय खतरनाक हो जाता है।",1
decision_D_to_df_fire,effect,अस्थिर निर्णयों से कई प्रकार के बुरे परिणाम सामने आते हैं।,1
decision_D_to_df_fire,action,आज ही निर्णय लेना बंद करें और सुधार पर ध्यान दें।,1
decision_D_to_df_fire,state,"यदि आप पूरी तरह से अपना संतुलन खो देते हैं, तो सब कुछ नियंत्रण से बाहर हो सकता है, और मजबूत यांग ऊर्जा आवेगों को प्रोत्साहित कर सकती है और आपको लापरवाह कार्यों के लिए प्रेरित कर सकती है।",1
decision_D_to_df_water,intro,"यह एक ऐसा दिन है जब निर्णय और स्थिरता दोनों ही ज़मीन पर गिर जाते हैं, जिससे कोई भी निर्णय खतरनाक हो जाता है।",1
decision_D_to_df_water,effect,अस्थिर निर्णयों से कई प्रकार के बुरे परिणाम सामने आते हैं।,1
decision_D_to_df_water,action,आज ही निर्णय लेना बंद करें और सुधार पर ध्यान दें।,1
decision_D_to_df_water,state,"आप पूरी तरह से अपना संतुलन खो सकते हैं और सब कुछ नियंत्रण से बाहर हो सकता है, और भारी बारिश और बर्फ़ की तीव्रता आपकी भावनाओं को इतना हिला सकती है कि उन्हें नियंत्रित करना मुश्किल हो जाता है।",1
decision_D_to_df_wood,intro,"यह एक ऐसा दिन है जब निर्णय और स्थिरता दोनों ही ज़मीन पर गिर जाते हैं, जिससे कोई भी निर्णय खतरनाक हो जाता है।",1
decision_D_to_df_wood,effect,अस्थिर निर्णयों से कई प्रकार के बुरे परिणाम सामने आते हैं।,1
decision_D_to_df_wood,action,आज ही निर्णय लेना बंद करें और सुधार पर ध्यान दें।,1
decision_D_to_df_wood,state,"यदि आप अपना संतुलन पूरी तरह से खो देते हैं, तो सब कुछ नियंत्रण से बाहर हो सकता है, और परिवर्तन की हिंसक ऊर्जा आपकी सभी भविष्यवाणियों को भटका सकती है।",1
decision_D_to_ex_earth,intro,"यह एक ऐसा दिन है जब निर्णय और स्थिरता दोनों ही ज़मीन पर गिर जाते हैं, जिससे कोई भी निर्णय खतरनाक हो जाता है।",1
decision_D_to_ex_earth,effect,अस्थिर निर्णयों से कई प्रकार के बुरे परिणाम सामने आते हैं।,1
decision_D_to_ex_earth,action,आज ही निर्णय लेना बंद करें और सुधार पर ध्यान दें।,1
decision_D_to_ex_earth,state,"परिवर्तन से इनकार करने से संकट बढ़ सकता है और पुनर्प्राप्ति कठिन हो सकती है, और घना, बादल भरा वातावरण सब कुछ बहुत धीमा कर सकता है।",1
decision_D_to_ex_fire,intro,"यह एक ऐसा दिन है जब निर्णय और स्थिरता दोनों ही ज़मीन पर गिर जाते हैं, जिससे कोई भी निर्णय खतरनाक हो जाता है।",1
decision_D_to_ex_fire,effect,अस्थिर निर्णयों से कई प्रकार के बुरे परिणाम सामने आते हैं।,1
decision_D_to_ex_fire,action,आज ही निर्णय लेना बंद करें और सुधार पर ध्यान दें।,1
decision_D_to_ex_fire,state,"परिवर्तन से इनकार करने से संकट बढ़ सकता है और पुनर्प्राप्ति कठिन हो सकती है, और मजबूत सकारात्मक ऊर्जा आवेगों को प्रोत्साहित कर सकती है और लापरवाह कार्यों को जन्म दे सकती है।",1
decision_D_to_ex_water,intro,"यह एक ऐसा दिन है जब निर्णय और स्थिरता दोनों ही ज़मीन पर गिर जाते हैं, जिससे कोई भी निर्णय खतरनाक हो जाता है।",1
decision_D_to_ex_water,effect,अस्थिर निर्णयों से कई प्रकार के बुरे परिणाम सामने आते हैं।,1
decision_D_to_ex_water,action,आज ही निर्णय लेना बंद करें और सुधार पर ध्यान दें।,1
decision_D_to_ex_water,state,"परिवर्तन से इनकार करने से संकट बढ़ सकता है और पुनर्प्राप्ति कठिन हो सकती है, और भारी बारिश और बर्फ़ की तीव्रता भावनाओं को हिंसक रूप से हिला सकती है, जिससे नियंत्रण मुश्किल हो जाता है।",1
decision_D_to_ex_wood,intro,"यह एक ऐसा दिन है जब निर्णय और स्थिरता दोनों ही ज़मीन पर गिर जाते हैं, जिससे कोई भी निर्णय खतरनाक हो जाता है।",1
decision_D_to_ex_wood,effect,अस्थिर निर्णयों से कई प्रकार के बुरे परिणाम सामने आते हैं।,1
decision_D_to_ex_wood,action,आज ही निर्णय लेना बंद करें और सुधार पर ध्यान दें।,1
decision_D_to_ex_wood,state,"परिवर्तन से इनकार करने से संकट बढ़ सकता है और पुनर्प्राप्ति कठिन हो सकती है, और परिवर्तन की प्रचंड ऊर्जा सभी भविष्यवाणियों को भटका सकती है।",1
money_A,intro,"आज आपका वित्तीय प्रवाह काफी हद तक खुल सकता है, जिससे अप्रत्याशित लाभ होगा।",1
money_A,intro,आज आप धन की ऊर्जा से भरपूर रहेंगे और आपकी योजनाबद्ध मुनाफ़ा हकीकत बन जाएगा।,1
money_A,effect,निवेश या लेन-देन में अनुकूल परिस्थितियाँ बन सकती हैं और परिणाम उम्मीद से बेहतर हो सकते हैं।,1
money_A,effect,वित्तीय स्वतंत्रता की प्रवृत्ति होती है और लंबे समय से प्रतीक्षित वित्तीय प्रवाह जारी हो जाता है।,1
money_A,action,"आज, रूढ़िवादी विकल्पों की तुलना में सक्रिय वित्तीय निर्णय अधिक फायदेमंद हैं।",1
money_A,action,आज मुख्य बात यह है कि संकोच न करें और यदि अवसर मिले तो कार्रवाई करें।,1
money_A_geum_df_earth,intro,"यह एक ऐसा दिन है जब धन का प्रवाह बिना किसी रुकावट के खुलता है, जिससे उम्मीद से अधिक लाभ होता है।",1
money_A_geum_df_earth,effect,उनके पास गहरी वित्तीय समझ होती है और वे लाभ के अवसरों को सटीक रूप से पहचान लेते हैं।,1
money_A_geum_df_earth,action,"आप अभी जो धन का अवसर देख रहे हैं, उसका साहसपूर्वक लाभ उठा सकते हैं।",1
money_A_geum_df_earth,state,"शांत निर्णय से विवेक बढ़ता है, जिससे गहरी अंतर्दृष्टि प्राप्त होती है, और शांत ऊर्जा से विवेक बढ़ता है, जिससे अच्छे परिणाम मिलते हैं।",1
money_A_geum_df_fire,intro,"यह एक ऐसा दिन है जब धन का प्रवाह बिना किसी रुकावट के खुलता है, जिससे उम्मीद से अधिक लाभ होता है।",1
money_A_geum_df_fire,effect,उनके पास गहरी वित्तीय समझ होती है और वे लाभ के अवसरों को सटीक रूप से पहचान लेते हैं।,1
money_A_geum_df_fire,action,"आप अभी जो धन का अवसर देख रहे हैं, उसका साहसपूर्वक लाभ उठा सकते हैं।",1
money_A_geum_df_fire,state,"शांत निर्णय विवेक को बढ़ाता है, गहरी अंतर्दृष्टि की ओर ले जाता है, और स्पष्ट ऊर्जा जीवन शक्ति को बढ़ाती है और एक अच्छा प्रवाह बनाती है।",1
money_A_geum_df_water,intro,"यह एक ऐसा दिन है जब धन का प्रवाह बिना किसी रुकावट के खुलता है, जिससे उम्मीद से अधिक लाभ होता है।",1
money_A_geum_df_water,effect,उनके पास गहरी वित्तीय समझ होती है और वे लाभ के अवसरों को सटीक रूप से पहचान लेते हैं।,1
money_A_geum_df_water,action,"आप अभी जो धन का अवसर देख रहे हैं, उसका साहसपूर्वक लाभ उठा सकते हैं।",1
money_A_geum_df_water,state,"शांत निर्णय विवेक को बढ़ाता है और गहरी अंतर्दृष्टि की ओर ले जाता है, और नम ऊर्जा मन को गहराई से परिष्कृत करती है और स्पष्ट दृष्टि खोलती है।",1
money_A_geum_df_wood,intro,"यह एक ऐसा दिन है जब धन का प्रवाह बिना किसी रुकावट के खुलता है, जिससे उम्मीद से अधिक लाभ होता है।",1
money_A_geum_df_wood,effect,उनके पास गहरी वित्तीय समझ होती है और वे लाभ के अवसरों को सटीक रूप से पहचान लेते हैं।,1
money_A_geum_df_wood,action,"आप अभी जो धन का अवसर देख रहे हैं, उसका साहसपूर्वक लाभ उठा सकते हैं।",1
money_A_geum_df_wood,state,"शांत निर्णय विवेक को बढ़ाता है, गहरी अंतर्दृष्टि की ओर ले जाता है और गतिशील ऊर्जा नई संभावनाओं को खोलती है।",1
money_A_geum_ex_earth,intro,"यह एक ऐसा दिन है जब धन का प्रवाह बिना किसी रुकावट के खुलता है, जिससे उम्मीद से अधिक लाभ होता है।",1
money_A_geum_ex_earth,effect,उनके पास गहरी वित्तीय समझ होती है और वे लाभ के अवसरों को सटीक रूप से पहचान लेते हैं।,1
money_A_geum_ex_earth,action,"आप अभी जो धन का अवसर देख रहे हैं, उसका साहसपूर्वक लाभ उठा सकते हैं।",1
money_A_geum_ex_earth,state,"तीव्र निर्णय मूल में प्रवेश करता है और स्पष्ट निष्कर्ष की ओर ले जाता है, और शांत ऊर्जा विवेक को बढ़ाती है, जिससे अच्छे परिणाम मिलते हैं।",1
money_A_geum_ex_fire,intro,"यह एक ऐसा दिन है जब धन का प्रवाह बिना किसी रुकावट के खुलता है, जिससे उम्मीद से अधिक लाभ होता है।",1
money_A_geum_ex_fire,effect,उनके पास गहरी वित्तीय समझ होती है और वे लाभ के अवसरों को सटीक रूप से पहचान लेते हैं।,1
money_A_geum_ex_fire,action,"आप अभी जो धन का अवसर देख रहे हैं, उसका साहसपूर्वक लाभ उठा सकते हैं।",1
money_A_geum_ex_fire,state,"तीव्र निर्णय मूल में प्रवेश करता है और स्पष्ट निष्कर्ष निकालता है, और स्पष्ट ऊर्जा जीवन शक्ति को बढ़ाती है और एक अच्छा प्रवाह बनाती है।",1
money_A_geum_ex_water,intro,"यह एक ऐसा दिन है जब धन का प्रवाह बिना किसी रुकावट के खुलता है, जिससे उम्मीद से अधिक लाभ होता है।",1
money_A_geum_ex_water,effect,उनके पास गहरी वित्तीय समझ होती है और वे लाभ के अवसरों को सटीक रूप से पहचान लेते हैं।,1
money_A_geum_ex_water,action,"आप अभी जो धन का अवसर देख रहे हैं, उसका साहसपूर्वक लाभ उठा सकते हैं।",1
money_A_geum_ex_water,state,"तीव्र निर्णय मूल में प्रवेश करता है और स्पष्ट निष्कर्ष निकालता है, और नम ऊर्जा मन को गहराई से परिष्कृत करती है और स्पष्ट दृष्टि खोलती है।",1
money_A_geum_ex_wood,intro,"यह एक ऐसा दिन है जब धन का प्रवाह बिना किसी रुकावट के खुलता है, जिससे उम्मीद से अधिक लाभ होता है।",1
money_A_geum_ex_wood,effect,उनके पास गहरी वित्तीय समझ होती है और वे लाभ के अवसरों को सटीक रूप से पहचान लेते हैं।,1
money_A_geum_ex_wood,action,"आप अभी जो धन का अवसर देख रहे हैं, उसका साहसपूर्वक लाभ उठा सकते हैं।",1
money_A_geum_ex_wood,state,"तीव्र निर्णय मूल में प्रवेश करता है और स्पष्ट निष्कर्ष निकालता है, और गतिशील ऊर्जा नई संभावनाओं को खोलती है।",1
money_A_hwa_df_earth,intro,यह एक ऐसा दिन है जब धन के लिए आपकी प्रवृत्ति उत्कृष्ट हो जाती है और आप पैसा बनाने के अवसरों को तुरंत पहचान लेते हैं।,1
money_A_hwa_df_earth,effect,सहज ज्ञान युक्त निर्णय धन के प्रवाह से सटीक रूप से मेल खाता है और लाभ की ओर ले जाता है।,1
money_A_hwa_df_earth,action,अपनी भावनाओं के आधार पर चुनाव करने में संकोच न करें।,1
money_A_hwa_df_earth,state,"एक शांत आंतरिक आत्म आपको अपनी ईमानदारी को पूरी तरह से व्यक्त करने की शक्ति देता है, और एक शांत ऊर्जा विवेक को बढ़ाती है, जिससे अच्छे परिणाम मिलते हैं।",1
money_A_hwa_df_fire,intro,यह एक ऐसा दिन है जब धन के लिए आपकी प्रवृत्ति उत्कृष्ट हो जाती है और आप पैसा बनाने के अवसरों को तुरंत पहचान लेते हैं।,1
money_A_hwa_df_fire,effect,सहज ज्ञान युक्त निर्णय धन के प्रवाह से सटीक रूप से मेल खाता है और लाभ की ओर ले जाता है।,1
money_A_hwa_df_fire,action,अपनी भावनाओं के आधार पर चुनाव करने में संकोच न करें।,1
money_A_hwa_df_fire,state,"एक शांत आंतरिक आत्म आपको अपनी ईमानदारी को पूरी तरह से व्यक्त करने की शक्ति देता है, और स्पष्ट ऊर्जा आपकी जीवन शक्ति को बढ़ाती है और एक अच्छा प्रवाह बनाती है।",1
money_A_hwa_df_water,intro,यह एक ऐसा दिन है जब धन के लिए आपकी प्रवृत्ति उत्कृष्ट हो जाती है और आप पैसा बनाने के अवसरों को तुरंत पहचान लेते हैं।,1
money_A_hwa_df_water,effect,सहज ज्ञान युक्त निर्णय धन के प्रवाह से सटीक रूप से मेल खाता है और लाभ की ओर ले जाता है।,1
money_A_hwa_df_water,action,अपनी भावनाओं के आधार पर चुनाव करने में संकोच न करें।,1
money_A_hwa_df_water,state,"एक शांत आंतरिक आत्म आपको अपनी सच्ची भावनाओं को पूरी तरह से व्यक्त करने की शक्ति देता है, और नम ऊर्जा आपके दिमाग को गहराई से परिष्कृत करती है और स्पष्ट दृष्टि खोलती है।",1
money_A_hwa_df_wood,intro,यह एक ऐसा दिन है जब धन के लिए आपकी प्रवृत्ति उत्कृष्ट हो जाती है और आप पैसा बनाने के अवसरों को तुरंत पहचान लेते हैं।,1
money_A_hwa_df_wood,effect,सहज ज्ञान युक्त निर्णय धन के प्रवाह से सटीक रूप से मेल खाता है और लाभ की ओर ले जाता है।,1
money_A_hwa_df_wood,action,अपनी भावनाओं के आधार पर चुनाव करने में संकोच न करें।,1
money_A_hwa_df_wood,state,"एक शांत आंतरिक आत्म आपको अपनी ईमानदारी को पूरी तरह से व्यक्त करने की शक्ति देता है, और गतिशील ऊर्जा नई संभावनाओं को खोलती है।",1
money_A_hwa_ex_earth,intro,यह एक ऐसा दिन है जब धन के लिए आपकी प्रवृत्ति उत्कृष्ट हो जाती है और आप पैसा बनाने के अवसरों को तुरंत पहचान लेते हैं।,1
money_A_hwa_ex_earth,effect,सहज ज्ञान युक्त निर्णय धन के प्रवाह से सटीक रूप से मेल खाता है और लाभ की ओर ले जाता है।,1
money_A_hwa_ex_earth,action,अपनी भावनाओं के आधार पर चुनाव करने में संकोच न करें।,1
money_A_hwa_ex_earth,state,"उमड़ता हुआ जुनून गति को बहुत बढ़ाता है और एक अच्छा प्रवाह बनाता है, और शांत ऊर्जा विवेक को बढ़ाती है, जिससे अच्छे परिणाम मिलते हैं।",1
money_A_hwa_ex_fire,intro,यह एक ऐसा दिन है जब धन के लिए आपकी प्रवृत्ति उत्कृष्ट हो जाती है और आप पैसा बनाने के अवसरों को तुरंत पहचान लेते हैं।,1
money_A_hwa_ex_fire,effect,सहज ज्ञान युक्त निर्णय धन के प्रवाह से सटीक रूप से मेल खाता है और लाभ की ओर ले जाता है।,1
money_A_hwa_ex_fire,action,अपनी भावनाओं के आधार पर चुनाव करने में संकोच न करें।,1
money_A_hwa_ex_fire,state,"अत्यधिक जुनून प्रेरणा शक्ति को बढ़ाता है और एक अच्छा प्रवाह बनाता है, और स्पष्ट ऊर्जा जीवन शक्ति को बढ़ाती है और एक अच्छा प्रवाह बनाती है।",1
money_A_hwa_ex_water,intro,यह एक ऐसा दिन है जब धन के लिए आपकी प्रवृत्ति उत्कृष्ट हो जाती है और आप पैसा बनाने के अवसरों को तुरंत पहचान लेते हैं।,1
money_A_hwa_ex_water,effect,सहज ज्ञान युक्त निर्णय धन के प्रवाह से सटीक रूप से मेल खाता है और लाभ की ओर ले जाता है।,1
money_A_hwa_ex_water,action,अपनी भावनाओं के आधार पर चुनाव करने में संकोच न करें।,1
money_A_hwa_ex_water,state,"उमड़ता हुआ जुनून प्रेरक शक्ति को बहुत बढ़ाता है और एक अच्छा प्रवाह बनाता है, और नम ऊर्जा मन को गहराई से परिष्कृत करती है और स्पष्ट दृष्टि खोलती है।",1
money_A_hwa_ex_wood,intro,यह एक ऐसा दिन है जब धन के लिए आपकी प्रवृत्ति उत्कृष्ट हो जाती है और आप पैसा बनाने के अवसरों को तुरंत पहचान लेते हैं।,1
money_A_hwa_ex_wood,effect,सहज ज्ञान युक्त निर्णय धन के प्रवाह से सटीक रूप से मेल खाता है और लाभ की ओर ले जाता है।,1
money_A_hwa_ex_wood,action,अपनी भावनाओं के आधार पर चुनाव करने में संकोच न करें।,1
money_A_hwa_ex_wood,state,"उमड़ता हुआ जुनून प्रेरक शक्ति को बहुत बढ़ाता है, एक अच्छा प्रवाह बनाता है और गतिशील ऊर्जा नई संभावनाओं को खोलती है।",1
money_A_mok_df_earth,intro,यह वह दिन है जब धन का विस्तार करने की ऊर्जा अपने चरम पर होती है और कई दिशाओं से आय आती है।,1
money_A_mok_df_earth,effect,"जैसे-जैसे विभिन्न धन चैनल एक साथ खुलते हैं, कुल लाभ में उल्लेखनीय वृद्धि होती है।",1
money_A_mok_df_earth,action,सक्रिय रूप से आय के नए स्रोत तलाशें।,1
money_A_mok_df_earth,state,"एक सतर्क दृष्टिकोण वास्तव में एक ठोस शुरुआत करता है, और एक शांत ऊर्जा विवेक को बढ़ाती है, जिससे अच्छे परिणाम मिलते हैं।",1
money_A_mok_df_fire,intro,यह वह दिन है जब धन का विस्तार करने की ऊर्जा अपने चरम पर होती है और कई दिशाओं से आय आती है।,1
money_A_mok_df_fire,effect,"जैसे-जैसे विभिन्न धन चैनल एक साथ खुलते हैं, कुल लाभ में उल्लेखनीय वृद्धि होती है।",1
money_A_mok_df_fire,action,सक्रिय रूप से आय के नए स्रोत तलाशें।,1
money_A_mok_df_fire,state,"एक सतर्क दृष्टिकोण वास्तव में एक ठोस शुरुआत बनाता है, और स्पष्ट ऊर्जा जीवन शक्ति को बढ़ाती है और एक अच्छा प्रवाह बनाती है।",1
money_A_mok_df_water,intro,यह वह दिन है जब धन का विस्तार करने की ऊर्जा अपने चरम पर होती है और कई दिशाओं से आय आती है।,1
money_A_mok_df_water,effect,"जैसे-जैसे विभिन्न धन चैनल एक साथ खुलते हैं, कुल लाभ में उल्लेखनीय वृद्धि होती है।",1
money_A_mok_df_water,action,सक्रिय रूप से आय के नए स्रोत तलाशें।,1
money_A_mok_df_water,state,"एक सतर्क दृष्टिकोण वास्तव में एक ठोस शुरुआत करता है, और नम ऊर्जा मन को गहराई से परिष्कृत करती है और स्पष्ट दृष्टि खोलती है।",1
money_A_mok_df_wood,intro,यह वह दिन है जब धन का विस्तार करने की ऊर्जा अपने चरम पर होती है और कई दिशाओं से आय आती है।,1
money_A_mok_df_wood,effect,"जैसे-जैसे विभिन्न धन चैनल एक साथ खुलते हैं, कुल लाभ में उल्लेखनीय वृद्धि होती है।",1
money_A_mok_df_wood,action,सक्रिय रूप से आय के नए स्रोत तलाशें।,1
money_A_mok_df_wood,state,"एक सतर्क दृष्टिकोण एक ठोस शुरुआत बनाता है, और गतिशील ऊर्जा नई संभावनाओं को खोलती है।",1
money_A_mok_ex_earth,intro,यह वह दिन है जब धन का विस्तार करने की ऊर्जा अपने चरम पर होती है और कई दिशाओं से आय आती है।,1
money_A_mok_ex_earth,effect,"जैसे-जैसे विभिन्न धन चैनल एक साथ खुलते हैं, कुल लाभ में उल्लेखनीय वृद्धि होती है।",1
money_A_mok_ex_earth,action,सक्रिय रूप से आय के नए स्रोत तलाशें।,1
money_A_mok_ex_earth,state,"एक मजबूत इच्छाशक्ति सक्रिय रूप से नए अवसर खोलती है, और एक शांत ऊर्जा विवेक को बढ़ाती है, जिससे अच्छे परिणाम मिलते हैं।",1
money_A_mok_ex_fire,intro,यह वह दिन है जब धन का विस्तार करने की ऊर्जा अपने चरम पर होती है और कई दिशाओं से आय आती है।,1
money_A_mok_ex_fire,effect,"जैसे-जैसे विभिन्न धन चैनल एक साथ खुलते हैं, कुल लाभ में उल्लेखनीय वृद्धि होती है।",1
money_A_mok_ex_fire,action,सक्रिय रूप से आय के नए स्रोत तलाशें।,1
money_A_mok_ex_fire,state,"एक मजबूत इच्छाशक्ति सक्रिय रूप से नए अवसर खोलती है, और स्पष्ट ऊर्जा जीवन शक्ति बढ़ाती है और एक अच्छा प्रवाह बनाती है।",1
money_A_mok_ex_water,intro,यह वह दिन है जब धन का विस्तार करने की ऊर्जा अपने चरम पर होती है और कई दिशाओं से आय आती है।,1
money_A_mok_ex_water,effect,"जैसे-जैसे विभिन्न धन चैनल एक साथ खुलते हैं, कुल लाभ में उल्लेखनीय वृद्धि होती है।",1
money_A_mok_ex_water,action,सक्रिय रूप से आय के नए स्रोत तलाशें।,1
money_A_mok_ex_water,state,"एक मजबूत इच्छाशक्ति सक्रिय रूप से नए अवसरों को खोलती है, और नम ऊर्जा मन को गहराई से परिष्कृत करती है और स्पष्ट दृष्टि खोलती है।",1
money_A_mok_ex_wood,intro,यह वह दिन है जब धन का विस्तार करने की ऊर्जा अपने चरम पर होती है और कई दिशाओं से आय आती है।,1
money_A_mok_ex_wood,effect,"जैसे-जैसे विभिन्न धन चैनल एक साथ खुलते हैं, कुल लाभ में उल्लेखनीय वृद्धि होती है।",1
money_A_mok_ex_wood,action,सक्रिय रूप से आय के नए स्रोत तलाशें।,1
money_A_mok_ex_wood,state,"एक मजबूत इच्छाशक्ति सक्रिय रूप से नए अवसरों को खोलती है, और एक गतिशील ऊर्जा नई संभावनाओं को खोलती है।",1
money_A_su_df_earth,intro,यह एक ऐसा दिन है जब पैसा अच्छे समय पर आता है क्योंकि आपके पास धन के प्रवाह की सवारी करने की उत्कृष्ट समझ होती है।,1
money_A_su_df_earth,effect,प्रवाह के साथ चलने का निर्णय अपेक्षाओं से अधिक परिणाम देता है।,1
money_A_su_df_earth,action,समय न चूकें और सक्रिय रूप से कार्य करें।,1
money_A_su_df_earth,state,"एक ठोस केंद्र आपको बिना डगमगाए अपनी दिशा बनाए रखने में मदद करता है, और एक शांत ऊर्जा विवेक को बढ़ाती है, जिससे अच्छे परिणाम मिलते हैं।",1
money_A_su_df_fire,intro,यह एक ऐसा दिन है जब पैसा अच्छे समय पर आता है क्योंकि आपके पास धन के प्रवाह की सवारी करने की उत्कृष्ट समझ होती है।,1
money_A_su_df_fire,effect,प्रवाह के साथ चलने का निर्णय अपेक्षाओं से अधिक परिणाम देता है।,1
money_A_su_df_fire,action,समय न चूकें और सक्रिय रूप से कार्य करें।,1
money_A_su_df_fire,state,"एक ठोस केंद्र आपको बिना डगमगाए सही दिशा में रखता है, और स्पष्ट ऊर्जा आपकी जीवन शक्ति को बढ़ाती है और एक अच्छा प्रवाह बनाती है।",1
money_A_su_df_water,intro,यह एक ऐसा दिन है जब पैसा अच्छे समय पर आता है क्योंकि आपके पास धन के प्रवाह की सवारी करने की उत्कृष्ट समझ होती है।,1
money_A_su_df_water,effect,प्रवाह के साथ चलने का निर्णय अपेक्षाओं से अधिक परिणाम देता है।,1
money_A_su_df_water,action,समय न चूकें और सक्रिय रूप से कार्य करें।,1
money_A_su_df_water,state,"एक ठोस केंद्र आपको बिना डगमगाए अपनी दिशा बनाए रखने में मदद करता है, और नम ऊर्जा आपके दिमाग को गहराई से परिष्कृत करती है और स्पष्ट दृष्टि खोलती है।",1
money_A_su_df_wood,intro,यह एक ऐसा दिन है जब पैसा अच्छे समय पर आता है क्योंकि आपके पास धन के प्रवाह की सवारी करने की उत्कृष्ट समझ होती है।,1
money_A_su_df_wood,effect,प्रवाह के साथ चलने का निर्णय अपेक्षाओं से अधिक परिणाम देता है।,1
money_A_su_df_wood,action,समय न चूकें और सक्रिय रूप से कार्य करें।,1
money_A_su_df_wood,state,"एक ठोस केंद्र बिना डगमगाए दिशा बनाए रखता है, और गतिशील ऊर्जा नई संभावनाओं को खोलती है।",1
money_A_su_ex_earth,intro,यह एक ऐसा दिन है जब पैसा अच्छे समय पर आता है क्योंकि आपके पास धन के प्रवाह की सवारी करने की उत्कृष्ट समझ होती है।,1
money_A_su_ex_earth,effect,प्रवाह के साथ चलने का निर्णय अपेक्षाओं से अधिक परिणाम देता है।,1
money_A_su_ex_earth,action,समय न चूकें और सक्रिय रूप से कार्य करें।,1
money_A_su_ex_earth,state,"समृद्ध संवेदनशीलता गहरी अंतर्दृष्टि की ओर ले जाती है और अच्छे निर्णय लेने में मदद करती है, और शांत ऊर्जा विवेक को बढ़ाती है, जिससे अच्छे परिणाम मिलते हैं।",1
money_A_su_ex_fire,intro,यह एक ऐसा दिन है जब पैसा अच्छे समय पर आता है क्योंकि आपके पास धन के प्रवाह की सवारी करने की उत्कृष्ट समझ होती है।,1
money_A_su_ex_fire,effect,प्रवाह के साथ चलने का निर्णय अपेक्षाओं से अधिक परिणाम देता है।,1
money_A_su_ex_fire,action,समय न चूकें और सक्रिय रूप से कार्य करें।,1
money_A_su_ex_fire,state,"समृद्ध संवेदनशीलता गहरी अंतर्दृष्टि की ओर ले जाती है और अच्छे निर्णय लेने में मदद करती है, और स्पष्ट ऊर्जा जीवन शक्ति बढ़ाती है और एक अच्छा प्रवाह बनाती है।",1
money_A_su_ex_water,intro,यह एक ऐसा दिन है जब पैसा अच्छे समय पर आता है क्योंकि आपके पास धन के प्रवाह की सवारी करने की उत्कृष्ट समझ होती है।,1
money_A_su_ex_water,effect,प्रवाह के साथ चलने का निर्णय अपेक्षाओं से अधिक परिणाम देता है।,1
money_A_su_ex_water,action,समय न चूकें और सक्रिय रूप से कार्य करें।,1
money_A_su_ex_water,state,"समृद्ध संवेदनशीलता गहरी अंतर्दृष्टि की ओर ले जाती है और अच्छे निर्णय में मदद करती है, और नम ऊर्जा मन को गहराई से परिष्कृत करती है और स्पष्ट दृष्टि खोलती है।",1
money_A_su_ex_wood,intro,यह एक ऐसा दिन है जब पैसा अच्छे समय पर आता है क्योंकि आपके पास धन के प्रवाह की सवारी करने की उत्कृष्ट समझ होती है।,1
money_A_su_ex_wood,effect,प्रवाह के साथ चलने का निर्णय अपेक्षाओं से अधिक परिणाम देता है।,1
money_A_su_ex_wood,action,समय न चूकें और सक्रिय रूप से कार्य करें।,1
money_A_su_ex_wood,state,"समृद्ध संवेदनशीलता गहरी अंतर्दृष्टि की ओर ले जाती है और अच्छे निर्णय लेने में मदद करती है, और गतिशील ऊर्जा नई संभावनाओं को खोलती है।",1
money_A_to_df_earth,intro,यह एक ऐसा दिन है जब एक स्थिर वित्तीय नींव मजबूती से बनती है और आय स्थिर बनी रहती है।,1
money_A_to_df_earth,effect,धन का अटूट प्रवाह स्थिर अपेक्षित आय की गारंटी देता है।,1
money_A_to_df_earth,action,स्थिर निवेश या बचत पर ध्यान केंद्रित करके अपना धन आधार बढ़ाएँ।,1
money_A_to_df_earth,state,"एक लचीला रवैया आपको स्वाभाविक रूप से नए रुझानों को स्वीकार करने की अनुमति देता है, और एक शांत ऊर्जा विवेक को बढ़ाती है, जिससे अच्छे परिणाम मिलते हैं।",1
money_A_to_df_fire,intro,यह एक ऐसा दिन है जब एक स्थिर वित्तीय नींव मजबूती से बनती है और आय स्थिर बनी रहती है।,1
money_A_to_df_fire,effect,धन का अटूट प्रवाह स्थिर अपेक्षित आय की गारंटी देता है।,1
money_A_to_df_fire,action,स्थिर निवेश या बचत पर ध्यान केंद्रित करके अपना धन आधार बढ़ाएँ।,1
money_A_to_df_fire,state,"एक लचीला रवैया आपको स्वाभाविक रूप से नए रुझानों को स्वीकार करने की अनुमति देता है, और स्पष्ट ऊर्जा जीवन शक्ति बढ़ाती है और एक अच्छा प्रवाह बनाती है।",1
money_A_to_df_water,intro,यह एक ऐसा दिन है जब एक स्थिर वित्तीय नींव मजबूती से बनती है और आय स्थिर बनी रहती है।,1
money_A_to_df_water,effect,धन का अटूट प्रवाह स्थिर अपेक्षित आय की गारंटी देता है।,1
money_A_to_df_water,action,स्थिर निवेश या बचत पर ध्यान केंद्रित करके अपना धन आधार बढ़ाएँ।,1
money_A_to_df_water,state,"एक लचीला रवैया आपको स्वाभाविक रूप से नए रुझानों को स्वीकार करने की अनुमति देता है, और नम ऊर्जा आपके दिमाग को गहराई से परिष्कृत करती है और स्पष्ट दृष्टि खोलती है।",1
money_A_to_df_wood,intro,यह एक ऐसा दिन है जब एक स्थिर वित्तीय नींव मजबूती से बनती है और आय स्थिर बनी रहती है।,1
money_A_to_df_wood,effect,धन का अटूट प्रवाह स्थिर अपेक्षित आय की गारंटी देता है।,1
money_A_to_df_wood,action,स्थिर निवेश या बचत पर ध्यान केंद्रित करके अपना धन आधार बढ़ाएँ।,1
money_A_to_df_wood,state,"एक लचीला रवैया आपको स्वाभाविक रूप से नए रुझानों को स्वीकार करने की अनुमति देता है, और एक गतिशील ऊर्जा नई संभावनाओं को खोलती है।",1
money_A_to_ex_earth,intro,यह एक ऐसा दिन है जब एक स्थिर वित्तीय नींव मजबूती से बनती है और आय स्थिर बनी रहती है।,1
money_A_to_ex_earth,effect,धन का अटूट प्रवाह स्थिर अपेक्षित आय की गारंटी देता है।,1
money_A_to_ex_earth,action,स्थिर निवेश या बचत पर ध्यान केंद्रित करके अपना धन आधार बढ़ाएँ।,1
money_A_to_ex_earth,state,"स्थिरता की एक मजबूत भावना हर चीज के लिए एक ठोस आधार बन जाती है, और एक शांत ऊर्जा विवेक को बढ़ाती है, जिससे अच्छे परिणाम मिलते हैं।",1
money_A_to_ex_fire,intro,यह एक ऐसा दिन है जब एक स्थिर वित्तीय नींव मजबूती से बनती है और आय स्थिर बनी रहती है।,1
money_A_to_ex_fire,effect,धन का अटूट प्रवाह स्थिर अपेक्षित आय की गारंटी देता है।,1
money_A_to_ex_fire,action,स्थिर निवेश या बचत पर ध्यान केंद्रित करके अपना धन आधार बढ़ाएँ।,1
money_A_to_ex_fire,state,"स्थिरता की एक मजबूत भावना हर चीज के लिए एक ठोस आधार बन जाती है, और स्पष्ट ऊर्जा जीवन शक्ति को बढ़ाती है और एक अच्छा प्रवाह बनाती है।",1
money_A_to_ex_water,intro,यह एक ऐसा दिन है जब एक स्थिर वित्तीय नींव मजबूती से बनती है और आय स्थिर बनी रहती है।,1
money_A_to_ex_water,effect,धन का अटूट प्रवाह स्थिर अपेक्षित आय की गारंटी देता है।,1
money_A_to_ex_water,action,स्थिर निवेश या बचत पर ध्यान केंद्रित करके अपना धन आधार बढ़ाएँ।,1
money_A_to_ex_water,state,"स्थिरता की एक मजबूत भावना हर चीज के लिए एक ठोस आधार बन जाती है, और नम ऊर्जा मन को गहराई से परिष्कृत करती है और स्पष्ट दृष्टि खोलती है।",1
money_A_to_ex_wood,intro,यह एक ऐसा दिन है जब एक स्थिर वित्तीय नींव मजबूती से बनती है और आय स्थिर बनी रहती है।,1
money_A_to_ex_wood,effect,धन का अटूट प्रवाह स्थिर अपेक्षित आय की गारंटी देता है।,1
money_A_to_ex_wood,action,स्थिर निवेश या बचत पर ध्यान केंद्रित करके अपना धन आधार बढ़ाएँ।,1
money_A_to_ex_wood,state,"स्थिरता की एक मजबूत भावना हर चीज़ के लिए एक ठोस आधार प्रदान करती है, और गतिशील ऊर्जा नई संभावनाओं को खोलती है।",1
money_B,intro,आज वह दिन है जब धन का प्रवाह सुचारू रूप से होगा और आप अपने वित्त को अच्छी तरह से संतुलित कर सकते हैं।,1
money_B,intro,आज आपकी वित्तीय ऊर्जा स्थिर है और आपकी आय और व्यय संतुलन में हैं।,1
money_B,effect,अपेक्षित राजस्व आने या खर्चों में कमी आने पर सकारात्मक रुझान जारी रहता है।,1
money_B,effect,"धन का प्रवाह जीवंत है, इसलिए यदि आप छोटे अवसरों का लाभ उठाते हैं, तो आप बहुत सारा पैसा कमा सकते हैं।",1
money_B,action,आज आप अपने अर्जित धन को अच्छी तरह से व्यवस्थित करके और अनावश्यक खर्चों को कम करके अपने वित्तीय भाग्य को अधिकतम कर सकते हैं।,1
money_B,action,"यदि आपके पास कोई नया वित्तीय विचार है, तो आज उसकी समीक्षा करने का अच्छा दिन है।",1
money_B_geum_df_earth,intro,यह एक ऐसा दिन है जब धन का प्रवाह सुचारू रूप से होता है और स्थिर आय बनी रहती है।,1
money_B_geum_df_earth,effect,वित्तीय प्रवाह संतुलित है और मुनाफा अपेक्षित सीमा के भीतर उत्पन्न होता है।,1
money_B_geum_df_earth,action,अत्यधिक निवेश के बजाय स्थिर वित्तीय प्रबंधन पर ध्यान दें।,1
money_B_geum_df_earth,state,"भले ही आपका दृढ़ संकल्प कुछ हद तक सुस्त हो जाए, दैनिक जीवन का प्रवाह सुचारू रूप से जारी रहता है, और बादल वाली ऊर्जा शांत वातावरण में जुड़ जाती है, जिससे शांति की भावना पैदा होती है।",1
money_B_geum_df_fire,intro,यह एक ऐसा दिन है जब धन का प्रवाह सुचारू रूप से होता है और स्थिर आय बनी रहती है।,1
money_B_geum_df_fire,effect,वित्तीय प्रवाह संतुलित है और मुनाफा अपेक्षित सीमा के भीतर उत्पन्न होता है।,1
money_B_geum_df_fire,action,अत्यधिक निवेश के बजाय स्थिर वित्तीय प्रबंधन पर ध्यान दें।,1
money_B_geum_df_fire,state,"भले ही आपका दृढ़ संकल्प कुछ हद तक सुस्त हो जाए, आपके दैनिक जीवन का प्रवाह सुचारू रूप से जारी रहता है, और स्पष्ट ऊर्जा प्रकाश जीवन शक्ति जोड़ती है, जिससे एक सहज प्रवाह बनता है।",1
money_B_geum_df_water,intro,यह एक ऐसा दिन है जब धन का प्रवाह सुचारू रूप से होता है और स्थिर आय बनी रहती है।,1
money_B_geum_df_water,effect,वित्तीय प्रवाह संतुलित है और मुनाफा अपेक्षित सीमा के भीतर उत्पन्न होता है।,1
money_B_geum_df_water,action,अत्यधिक निवेश के बजाय स्थिर वित्तीय प्रबंधन पर ध्यान दें।,1
money_B_geum_df_water,state,"भले ही आपका दृढ़ संकल्प कुछ हद तक सुस्त हो जाए, आपके दैनिक जीवन का प्रवाह सुचारू रूप से जारी रहता है, और नम ऊर्जा आपकी भावनाओं में एक शांत, लंबे समय तक रहने वाली अनुभूति जोड़ती है।",1
money_B_geum_df_wood,intro,यह एक ऐसा दिन है जब धन का प्रवाह सुचारू रूप से होता है और स्थिर आय बनी रहती है।,1
money_B_geum_df_wood,effect,वित्तीय प्रवाह संतुलित है और मुनाफा अपेक्षित सीमा के भीतर उत्पन्न होता है।,1
money_B_geum_df_wood,action,अत्यधिक निवेश के बजाय स्थिर वित्तीय प्रबंधन पर ध्यान दें।,1
money_B_geum_df_wood,state,"भले ही आपका दृढ़ संकल्प कुछ हद तक सुस्त हो जाए, दैनिक जीवन का प्रवाह सुचारू रूप से जारी रहता है और परिवर्तन की थोड़ी सी ऊर्जा उचित उत्तेजना जोड़ती है।",1
money_B_geum_ex_earth,intro,यह एक ऐसा दिन है जब धन का प्रवाह सुचारू रूप से होता है और स्थिर आय बनी रहती है।,1
money_B_geum_ex_earth,effect,वित्तीय प्रवाह संतुलित है और मुनाफा अपेक्षित सीमा के भीतर उत्पन्न होता है।,1
money_B_geum_ex_earth,action,अत्यधिक निवेश के बजाय स्थिर वित्तीय प्रबंधन पर ध्यान दें।,1
money_B_geum_ex_earth,state,"विश्लेषणात्मक निर्णय स्वाभाविक रूप से सामान्य गति से प्रवाहित होता है, और बादल वाली ऊर्जा शांत वातावरण में जुड़ जाती है, जिससे शांति की भावना पैदा होती है।",1
money_B_geum_ex_fire,intro,यह एक ऐसा दिन है जब धन का प्रवाह सुचारू रूप से होता है और स्थिर आय बनी रहती है।,1
money_B_geum_ex_fire,effect,वित्तीय प्रवाह संतुलित है और मुनाफा अपेक्षित सीमा के भीतर उत्पन्न होता है।,1
money_B_geum_ex_fire,action,अत्यधिक निवेश के बजाय स्थिर वित्तीय प्रबंधन पर ध्यान दें।,1
money_B_geum_ex_fire,state,"विश्लेषणात्मक निर्णय स्वाभाविक रूप से सामान्य गति का अनुसरण करता है, और स्पष्ट ऊर्जा प्रकाश जीवन शक्ति जोड़ती है, जिससे एक सहज प्रवाह बनता है।",1
money_B_geum_ex_water,intro,यह एक ऐसा दिन है जब धन का प्रवाह सुचारू रूप से होता है और स्थिर आय बनी रहती है।,1
money_B_geum_ex_water,effect,वित्तीय प्रवाह संतुलित है और मुनाफा अपेक्षित सीमा के भीतर उत्पन्न होता है।,1
money_B_geum_ex_water,action,अत्यधिक निवेश के बजाय स्थिर वित्तीय प्रबंधन पर ध्यान दें।,1
money_B_geum_ex_water,state,"विश्लेषणात्मक निर्णय आपकी सामान्य गति से स्वाभाविक रूप से प्रवाहित होता है, और नम ऊर्जा आपकी भावनाओं में एक शांत, लंबे समय तक रहने वाली अनुभूति जोड़ती है।",1
money_B_geum_ex_wood,intro,यह एक ऐसा दिन है जब धन का प्रवाह सुचारू रूप से होता है और स्थिर आय बनी रहती है।,1
money_B_geum_ex_wood,effect,वित्तीय प्रवाह संतुलित है और मुनाफा अपेक्षित सीमा के भीतर उत्पन्न होता है।,1
money_B_geum_ex_wood,action,अत्यधिक निवेश के बजाय स्थिर वित्तीय प्रबंधन पर ध्यान दें।,1
money_B_geum_ex_wood,state,"विश्लेषणात्मक निर्णय स्वाभाविक रूप से सामान्य गति का अनुसरण करता है, और परिवर्तन की थोड़ी सी ऊर्जा उचित उत्तेजना जोड़ती है।",1
money_B_hwa_df_earth,intro,यह एक ऐसा दिन है जब आपको धन की अच्छी समझ होती है और आप धन से संबंधित निर्णयों में कम गलतियाँ करते हैं।,1
money_B_hwa_df_earth,effect,सहज ज्ञान युक्त धन निर्णय औसत से ऊपर परिणाम उत्पन्न करता है।,1
money_B_hwa_df_earth,action,अच्छे अवसरों का सक्रिय रूप से लाभ उठाने के लिए अपनी धन की भावना का उपयोग करें।,1
money_B_hwa_df_earth,state,"भले ही अभिव्यक्तियाँ संयमित हों, रिश्ते की स्थिरता आसानी से बनी रहती है, और बादल भरी ऊर्जा शांत वातावरण में जुड़ जाती है, जिससे शांति का एहसास होता है।",1
money_B_hwa_df_fire,intro,यह एक ऐसा दिन है जब आपको धन की अच्छी समझ होती है और आप धन से संबंधित निर्णयों में कम गलतियाँ करते हैं।,1
money_B_hwa_df_fire,effect,सहज ज्ञान युक्त धन निर्णय औसत से ऊपर परिणाम उत्पन्न करता है।,1
money_B_hwa_df_fire,action,अच्छे अवसरों का सक्रिय रूप से लाभ उठाने के लिए अपनी धन की भावना का उपयोग करें।,1
money_B_hwa_df_fire,state,"भले ही अभिव्यक्तियां संयमित हों, रिश्ते की स्थिरता आसानी से बनी रहती है, और स्पष्ट ऊर्जा प्रकाश जीवन शक्ति जोड़ती है, जिससे एक सहज प्रवाह बनता है।",1
money_B_hwa_df_water,intro,यह एक ऐसा दिन है जब आपको धन की अच्छी समझ होती है और आप धन से संबंधित निर्णयों में कम गलतियाँ करते हैं।,1
money_B_hwa_df_water,effect,सहज ज्ञान युक्त धन निर्णय औसत से ऊपर परिणाम उत्पन्न करता है।,1
money_B_hwa_df_water,action,अच्छे अवसरों का सक्रिय रूप से लाभ उठाने के लिए अपनी धन की भावना का उपयोग करें।,1
money_B_hwa_df_water,state,"भले ही अभिव्यक्तियाँ संयमित हों, रिश्ते की स्थिरता आसानी से बनी रहती है, और नम ऊर्जा भावनाओं में एक शांत दीर्घकालिक एहसास जोड़ती है।",1
money_B_hwa_df_wood,intro,यह एक ऐसा दिन है जब आपको धन की अच्छी समझ होती है और आप धन से संबंधित निर्णयों में कम गलतियाँ करते हैं।,1
money_B_hwa_df_wood,effect,सहज ज्ञान युक्त धन निर्णय औसत से ऊपर परिणाम उत्पन्न करता है।,1
money_B_hwa_df_wood,action,अच्छे अवसरों का सक्रिय रूप से लाभ उठाने के लिए अपनी धन की भावना का उपयोग करें।,1
money_B_hwa_df_wood,state,"भले ही अभिव्यक्ति पर लगाम लगाई जाए, रिश्ते की स्थिरता आसानी से बनी रहती है, और परिवर्तन की थोड़ी सी ऊर्जा उचित उत्तेजना जोड़ती है।",1
money_B_hwa_ex_earth,intro,यह एक ऐसा दिन है जब आपको धन की अच्छी समझ होती है और आप धन से संबंधित निर्णयों में कम गलतियाँ करते हैं।,1
money_B_hwa_ex_earth,effect,सहज ज्ञान युक्त धन निर्णय औसत से ऊपर परिणाम उत्पन्न करता है।,1
money_B_hwa_ex_earth,action,अच्छे अवसरों का सक्रिय रूप से लाभ उठाने के लिए अपनी धन की भावना का उपयोग करें।,1
money_B_hwa_ex_earth,state,"जुनून जीवित है, लेकिन संतुलन भी बनाए रखा जाता है, जिससे दिन स्थिर रहता है, और बादल वाली ऊर्जा एक शांत वातावरण जोड़ती है, जिससे शांति बनी रहती है।",1
money_B_hwa_ex_fire,intro,यह एक ऐसा दिन है जब आपको धन की अच्छी समझ होती है और आप धन से संबंधित निर्णयों में कम गलतियाँ करते हैं।,1
money_B_hwa_ex_fire,effect,सहज ज्ञान युक्त धन निर्णय औसत से ऊपर परिणाम उत्पन्न करता है।,1
money_B_hwa_ex_fire,action,अच्छे अवसरों का सक्रिय रूप से लाभ उठाने के लिए अपनी धन की भावना का उपयोग करें।,1
money_B_hwa_ex_fire,state,"जुनून जीवित रहता है और संतुलन बना रहता है, जिससे दिन स्थिर रहता है, और स्पष्ट ऊर्जा प्रकाश जीवन शक्ति जोड़ती है, जिससे एक सहज प्रवाह बनता है।",1
money_B_hwa_ex_water,intro,यह एक ऐसा दिन है जब आपको धन की अच्छी समझ होती है और आप धन से संबंधित निर्णयों में कम गलतियाँ करते हैं।,1
money_B_hwa_ex_water,effect,सहज ज्ञान युक्त धन निर्णय औसत से ऊपर परिणाम उत्पन्न करता है।,1
money_B_hwa_ex_water,action,अच्छे अवसरों का सक्रिय रूप से लाभ उठाने के लिए अपनी धन की भावना का उपयोग करें।,1
money_B_hwa_ex_water,state,"जुनून जीवित रहता है और संतुलन बना रहता है, जिससे एक स्थिर दिन होता है, और नम ऊर्जा भावनाओं में एक शांत, लंबे समय तक रहने वाली अनुभूति जोड़ती है।",1
money_B_hwa_ex_wood,intro,यह एक ऐसा दिन है जब आपको धन की अच्छी समझ होती है और आप धन से संबंधित निर्णयों में कम गलतियाँ करते हैं।,1
money_B_hwa_ex_wood,effect,सहज ज्ञान युक्त धन निर्णय औसत से ऊपर परिणाम उत्पन्न करता है।,1
money_B_hwa_ex_wood,action,अच्छे अवसरों का सक्रिय रूप से लाभ उठाने के लिए अपनी धन की भावना का उपयोग करें।,1
money_B_hwa_ex_wood,state,"जुनून जीवंत और संतुलित है, जो एक स्थिर दिन की ओर ले जाता है, और परिवर्तन की थोड़ी सी ऊर्जा उचित उत्तेजना जोड़ती है।",1
money_B_mok_df_earth,intro,यह वह दिन है जब धन धीरे-धीरे बढ़ता है।,1
money_B_mok_df_earth,effect,धन के निरंतर विस्तार से कुल आय में वृद्धि होती है।,1
money_B_mok_df_earth,action,लंबी अवधि में धन वृद्धि के लिए निवेश या बचत शुरू करें।,1
money_B_mok_df_earth,state,"यहां तक कि अगर आप नई चीजों को आजमाने में सतर्क रहते हैं, तो भी आपका दैनिक जीवन स्थिर रूप से चलता है, और बादल वाली ऊर्जा शांत वातावरण में जुड़ जाती है, जिससे शांति का एहसास होता है।",1
money_B_mok_df_fire,intro,यह वह दिन है जब धन धीरे-धीरे बढ़ता है।,1
money_B_mok_df_fire,effect,धन के निरंतर विस्तार से कुल आय में वृद्धि होती है।,1
money_B_mok_df_fire,action,लंबी अवधि में धन वृद्धि के लिए निवेश या बचत शुरू करें।,1
money_B_mok_df_fire,state,"भले ही आप नई चीजें आज़माते समय सतर्क रहें, आपका दैनिक जीवन स्थिर रूप से प्रवाहित होता है, और स्पष्ट ऊर्जा प्रकाश जीवन शक्ति जोड़ती है, जिससे एक सहज प्रवाह बनता है।",1
money_B_mok_df_water,intro,यह वह दिन है जब धन धीरे-धीरे बढ़ता है।,1
money_B_mok_df_water,effect,धन के निरंतर विस्तार से कुल आय में वृद्धि होती है।,1
money_B_mok_df_water,action,लंबी अवधि में धन वृद्धि के लिए निवेश या बचत शुरू करें।,1
money_B_mok_df_water,state,"भले ही आप नई चीजों को आजमाने में सतर्क हों, आपका दैनिक जीवन स्थिर रूप से प्रवाहित होता है और नम ऊर्जा आपकी भावनाओं में एक शांत और लंबे समय तक रहने वाली अनुभूति जोड़ती है।",1
money_B_mok_df_wood,intro,यह वह दिन है जब धन धीरे-धीरे बढ़ता है।,1
money_B_mok_df_wood,effect,धन के निरंतर विस्तार से कुल आय में वृद्धि होती है।,1
money_B_mok_df_wood,action,लंबी अवधि में धन वृद्धि के लिए निवेश या बचत शुरू करें।,1
money_B_mok_df_wood,state,"भले ही आप नई चीजों को आजमाने में सतर्क हों, आपका दैनिक जीवन स्थिर रूप से चलता है और परिवर्तन की थोड़ी सी ऊर्जा उचित उत्तेजना जोड़ती है।",1
money_B_mok_ex_earth,intro,यह वह दिन है जब धन धीरे-धीरे बढ़ता है।,1
money_B_mok_ex_earth,effect,धन के निरंतर विस्तार से कुल आय में वृद्धि होती है।,1
money_B_mok_ex_earth,action,लंबी अवधि में धन वृद्धि के लिए निवेश या बचत शुरू करें।,1
money_B_mok_ex_earth,state,"स्थिर प्रेरणा कदम-दर-कदम प्रगति करती है, और बादल भरी ऊर्जा शांत वातावरण में जुड़ जाती है, जिससे शांति मिलती है।",1
money_B_mok_ex_fire,intro,यह वह दिन है जब धन धीरे-धीरे बढ़ता है।,1
money_B_mok_ex_fire,effect,धन के निरंतर विस्तार से कुल आय में वृद्धि होती है।,1
money_B_mok_ex_fire,action,लंबी अवधि में धन वृद्धि के लिए निवेश या बचत शुरू करें।,1
money_B_mok_ex_fire,state,"स्थिर प्रेरणा कदम दर कदम प्रगति करती है, और स्पष्ट ऊर्जा प्रकाश जीवन शक्ति जोड़ती है, जिससे एक सहज प्रवाह बनता है।",1
money_B_mok_ex_water,intro,यह वह दिन है जब धन धीरे-धीरे बढ़ता है।,1
money_B_mok_ex_water,effect,धन के निरंतर विस्तार से कुल आय में वृद्धि होती है।,1
money_B_mok_ex_water,action,लंबी अवधि में धन वृद्धि के लिए निवेश या बचत शुरू करें।,1
money_B_mok_ex_water,state,"स्थिर प्रेरणा कदम-दर-कदम प्रगति करती है, और नम ऊर्जा भावनाओं में एक शांत दीर्घकालिक एहसास जोड़ती है।",1
money_B_mok_ex_wood,intro,यह वह दिन है जब धन धीरे-धीरे बढ़ता है।,1
money_B_mok_ex_wood,effect,धन के निरंतर विस्तार से कुल आय में वृद्धि होती है।,1
money_B_mok_ex_wood,action,लंबी अवधि में धन वृद्धि के लिए निवेश या बचत शुरू करें।,1
money_B_mok_ex_wood,state,"स्थिर प्रेरणा कदम दर कदम सामान्य प्रगति करती है, और परिवर्तन की कमजोर ऊर्जा उचित उत्तेजना जोड़ती है।",1
money_B_su_df_earth,intro,यह एक ऐसा दिन है जब धन स्वाभाविक रूप से प्रवाहित होता है और आपकी ज़रूरत का पैसा आता है।,1
money_B_su_df_earth,effect,प्रवाह के अनुरूप वित्तीय निर्णय लेने से हानि के बिना स्थिर लाभ होता है।,1
money_B_su_df_earth,action,वर्तमान प्रवाह को बनाए रखें और अति किए बिना अपने धन का प्रबंधन करें।,1
money_B_su_df_earth,state,"यद्यपि लचीलेपन में कुछ हद तक कमी है, मूल लय को बिना किसी कठिनाई के बनाए रखा जाता है, और बादल वाली ऊर्जा एक शांत वातावरण जोड़ती है, जिससे शांति का एहसास होता है।",1
money_B_su_df_fire,intro,यह एक ऐसा दिन है जब धन स्वाभाविक रूप से प्रवाहित होता है और आपकी ज़रूरत का पैसा आता है।,1
money_B_su_df_fire,effect,प्रवाह के अनुरूप वित्तीय निर्णय लेने से हानि के बिना स्थिर लाभ होता है।,1
money_B_su_df_fire,action,वर्तमान प्रवाह को बनाए रखें और अति किए बिना अपने धन का प्रबंधन करें।,1
money_B_su_df_fire,state,"यद्यपि लचीलेपन में कुछ हद तक कमी है, मूल लय को बिना किसी कठिनाई के बनाए रखा जाता है, और स्पष्ट ऊर्जा प्रकाश जीवन शक्ति जोड़ती है, जिससे एक सहज प्रवाह बनता है।",1
money_B_su_df_water,intro,यह एक ऐसा दिन है जब धन स्वाभाविक रूप से प्रवाहित होता है और आपकी ज़रूरत का पैसा आता है।,1
money_B_su_df_water,effect,प्रवाह के अनुरूप वित्तीय निर्णय लेने से हानि के बिना स्थिर लाभ होता है।,1
money_B_su_df_water,action,वर्तमान प्रवाह को बनाए रखें और अति किए बिना अपने धन का प्रबंधन करें।,1
money_B_su_df_water,state,"हालाँकि इसमें लचीलेपन की कमी है, लेकिन मूल लय बिना किसी कठिनाई के बनी रहती है, और नम ऊर्जा भावनाओं में एक शांत, लंबे समय तक रहने वाली अनुभूति जोड़ती है।",1
money_B_su_df_wood,intro,यह एक ऐसा दिन है जब धन स्वाभाविक रूप से प्रवाहित होता है और आपकी ज़रूरत का पैसा आता है।,1
money_B_su_df_wood,effect,प्रवाह के अनुरूप वित्तीय निर्णय लेने से हानि के बिना स्थिर लाभ होता है।,1
money_B_su_df_wood,action,वर्तमान प्रवाह को बनाए रखें और अति किए बिना अपने धन का प्रबंधन करें।,1
money_B_su_df_wood,state,"यद्यपि लचीलेपन में कुछ हद तक कमी है, मूल लय बिना किसी कठिनाई के बनाए रखी जाती है, और परिवर्तन की थोड़ी सी ऊर्जा उचित उत्तेजना जोड़ती है।",1
money_B_su_ex_earth,intro,यह एक ऐसा दिन है जब धन स्वाभाविक रूप से प्रवाहित होता है और आपकी ज़रूरत का पैसा आता है।,1
money_B_su_ex_earth,effect,प्रवाह के अनुरूप वित्तीय निर्णय लेने से हानि के बिना स्थिर लाभ होता है।,1
money_B_su_ex_earth,action,वर्तमान प्रवाह को बनाए रखें और अति किए बिना अपने धन का प्रबंधन करें।,1
money_B_su_ex_earth,state,"दिन भावनाओं से भरा होता है, जिससे यह सामान्य से अधिक ध्यान देने वाला दिन बन जाता है, और बादल भरी ऊर्जा एक शांत वातावरण जोड़ती है, जिससे शांति का एहसास होता है।",1
money_B_su_ex_fire,intro,यह एक ऐसा दिन है जब धन स्वाभाविक रूप से प्रवाहित होता है और आपकी ज़रूरत का पैसा आता है।,1
money_B_su_ex_fire,effect,प्रवाह के अनुरूप वित्तीय निर्णय लेने से हानि के बिना स्थिर लाभ होता है।,1
money_B_su_ex_fire,action,वर्तमान प्रवाह को बनाए रखें और अति किए बिना अपने धन का प्रबंधन करें।,1
money_B_su_ex_fire,state,"दिन भावनाओं से भरपूर है, जो इसे सामान्य से अधिक ध्यानपूर्ण दिन बनाता है, और स्पष्ट ऊर्जा प्रकाश जीवन शक्ति जोड़ती है, जिससे एक सहज प्रवाह बनता है।",1
money_B_su_ex_water,intro,यह एक ऐसा दिन है जब धन स्वाभाविक रूप से प्रवाहित होता है और आपकी ज़रूरत का पैसा आता है।,1
money_B_su_ex_water,effect,प्रवाह के अनुरूप वित्तीय निर्णय लेने से हानि के बिना स्थिर लाभ होता है।,1
money_B_su_ex_water,action,वर्तमान प्रवाह को बनाए रखें और अति किए बिना अपने धन का प्रबंधन करें।,1
money_B_su_ex_water,state,"दिन भावनाओं से भरा है, जो आपको सामान्य से अधिक चौकस बनाता है, और नम ऊर्जा आपकी भावनाओं में एक शांत स्वाद जोड़ती है।",1
money_B_su_ex_wood,intro,यह एक ऐसा दिन है जब धन स्वाभाविक रूप से प्रवाहित होता है और आपकी ज़रूरत का पैसा आता है।,1
money_B_su_ex_wood,effect,प्रवाह के अनुरूप वित्तीय निर्णय लेने से हानि के बिना स्थिर लाभ होता है।,1
money_B_su_ex_wood,action,वर्तमान प्रवाह को बनाए रखें और अति किए बिना अपने धन का प्रबंधन करें।,1
money_B_su_ex_wood,state,"दिन भावनाओं से भरा है, जो इसे सामान्य से अधिक ध्यान देने वाला दिन बनाता है, और परिवर्तन की थोड़ी सी ऊर्जा उचित उत्तेजना जोड़ती है।",1
money_B_to_df_earth,intro,यह एक ऐसा दिन है जब वित्तीय स्थिरता बनी रहती है और व्यय और आय संतुलित रहती है।,1
money_B_to_df_earth,effect,एक स्थिर वित्तीय आधार अप्रत्याशित खर्चों का सामना कर सकता है।,1
money_B_to_df_earth,action,अपना खर्च कम करें और स्थिर वित्तीय आधार बनाए रखें।,1
money_B_to_df_earth,state,"भले ही गुरुत्वाकर्षण का केंद्र कुछ हद तक हिल गया हो, दैनिक जीवन का संतुलन बिना किसी परेशानी के बना रहता है, और बादल वाली ऊर्जा शांत वातावरण में जुड़ जाती है, जिससे शांति का एहसास होता है।",1
money_B_to_df_fire,intro,यह एक ऐसा दिन है जब वित्तीय स्थिरता बनी रहती है और व्यय और आय संतुलित रहती है।,1
money_B_to_df_fire,effect,एक स्थिर वित्तीय आधार अप्रत्याशित खर्चों का सामना कर सकता है।,1
money_B_to_df_fire,action,अपना खर्च कम करें और स्थिर वित्तीय आधार बनाए रखें।,1
money_B_to_df_fire,state,"भले ही गुरुत्वाकर्षण का केंद्र कुछ हद तक हिल गया हो, दैनिक जीवन का संतुलन बिना किसी परेशानी के बनाए रखा जाता है, और स्पष्ट ऊर्जा प्रकाश जीवन शक्ति जोड़ती है, जिससे एक सहज प्रवाह बनता है।",1
money_B_to_df_water,intro,यह एक ऐसा दिन है जब वित्तीय स्थिरता बनी रहती है और व्यय और आय संतुलित रहती है।,1
money_B_to_df_water,effect,एक स्थिर वित्तीय आधार अप्रत्याशित खर्चों का सामना कर सकता है।,1
money_B_to_df_water,action,अपना खर्च कम करें और स्थिर वित्तीय आधार बनाए रखें।,1
money_B_to_df_water,state,"भले ही आपके गुरुत्वाकर्षण का केंद्र कुछ हद तक हिल गया हो, आपके दैनिक जीवन का संतुलन बिना किसी परेशानी के बना रहता है, और नम ऊर्जा आपकी भावनाओं में एक शांत और लंबे समय तक रहने वाली भावना जोड़ती है।",1
money_B_to_df_wood,intro,यह एक ऐसा दिन है जब वित्तीय स्थिरता बनी रहती है और व्यय और आय संतुलित रहती है।,1
money_B_to_df_wood,effect,एक स्थिर वित्तीय आधार अप्रत्याशित खर्चों का सामना कर सकता है।,1
money_B_to_df_wood,action,अपना खर्च कम करें और स्थिर वित्तीय आधार बनाए रखें।,1
money_B_to_df_wood,state,"भले ही केंद्र कुछ हद तक हिल गया हो, दैनिक जीवन का संतुलन बिना किसी परेशानी के बना रहता है, और परिवर्तन की थोड़ी सी ऊर्जा उचित उत्तेजना जोड़ती है।",1
money_B_to_ex_earth,intro,यह एक ऐसा दिन है जब वित्तीय स्थिरता बनी रहती है और व्यय और आय संतुलित रहती है।,1
money_B_to_ex_earth,effect,एक स्थिर वित्तीय आधार अप्रत्याशित खर्चों का सामना कर सकता है।,1
money_B_to_ex_earth,action,अपना खर्च कम करें और स्थिर वित्तीय आधार बनाए रखें।,1
money_B_to_ex_earth,state,"इसमें स्थिरता की ओर एक मजबूत प्रवृत्ति होती है, इसलिए यह बिना किसी समस्या के एक शांत दिन में जारी रहता है, और बादल वाली ऊर्जा शांत वातावरण में जुड़ जाती है, जिससे शांति बनी रहती है।",1
money_B_to_ex_fire,intro,यह एक ऐसा दिन है जब वित्तीय स्थिरता बनी रहती है और व्यय और आय संतुलित रहती है।,1
money_B_to_ex_fire,effect,एक स्थिर वित्तीय आधार अप्रत्याशित खर्चों का सामना कर सकता है।,1
money_B_to_ex_fire,action,अपना खर्च कम करें और स्थिर वित्तीय आधार बनाए रखें।,1
money_B_to_ex_fire,state,"इसमें स्थिरता की ओर एक मजबूत प्रवृत्ति होती है, इसलिए यह एक शांत दिन में भी सुचारू रूप से जारी रहती है, और स्पष्ट ऊर्जा प्रकाश जीवन शक्ति जोड़ती है, जिससे एक सहज प्रवाह बनता है।",1
money_B_to_ex_water,intro,यह एक ऐसा दिन है जब वित्तीय स्थिरता बनी रहती है और व्यय और आय संतुलित रहती है।,1
money_B_to_ex_water,effect,एक स्थिर वित्तीय आधार अप्रत्याशित खर्चों का सामना कर सकता है।,1
money_B_to_ex_water,action,अपना खर्च कम करें और स्थिर वित्तीय आधार बनाए रखें।,1
money_B_to_ex_water,state,"इसकी एक मजबूत स्थिरता-उन्मुख प्रकृति है, इसलिए यह आसानी से एक शांत दिन का नेतृत्व कर सकती है, और नम ऊर्जा भावनाओं में एक शांत स्वाद जोड़ती है।",1
money_B_to_ex_wood,intro,यह एक ऐसा दिन है जब वित्तीय स्थिरता बनी रहती है और व्यय और आय संतुलित रहती है।,1
money_B_to_ex_wood,effect,एक स्थिर वित्तीय आधार अप्रत्याशित खर्चों का सामना कर सकता है।,1
money_B_to_ex_wood,action,अपना खर्च कम करें और स्थिर वित्तीय आधार बनाए रखें।,1
money_B_to_ex_wood,state,"स्थिरता-अभिविन्यास मजबूत है, इसलिए यह एक शांत दिन में भी सुचारू रूप से जारी रहता है, और परिवर्तन की थोड़ी सी ऊर्जा उचित उत्तेजना जोड़ती है।",1
money_B1,intro,आज धन ऊर्जा लगातार प्रवाहित होगी और आप बिना किसी बड़े नुकसान के संतुलन बनाए रखने में सक्षम होंगे।,1
money_B1,intro,"आज धन का प्रवाह सामान्य है, इसलिए छोटे-मोटे लाभ कमाने का अवसर है।",1
money_B1,effect,आय और व्यय को अपेक्षाकृत संतुलित बनाए रखकर वित्तीय स्थिरता बनाए रखी जा सकती है।,1
money_B1,effect,छोटे लाभ या बचत के अवसर स्वाभाविक रूप से आते हैं।,1
money_B1,action,अपने वित्त पर नियंत्रण रखें और छोटी बचत की आदतें अपनाएं।,1
money_B1,action,आज के धन का लाभ उठाने के लिए बस अपने खर्च को ध्यान से देखना ही काफी है।,1
money_B1_geum_df_earth,intro,"धन का प्रवाह सामान्य रहेगा, लेकिन कुछ अप्रत्याशित खर्चे सामने आ सकते हैं।",1
money_B1_geum_df_earth,effect,धन प्रवाह का कुछ हिस्सा अवरुद्ध हो सकता है और मुनाफ़ा उम्मीद से कम हो सकता है।,1
money_B1_geum_df_earth,action,अनावश्यक खर्च कम करें और अपने वित्त का अच्छी तरह प्रबंधन करें।,1
money_B1_geum_df_earth,state,"हालाँकि मैं निर्णय लेने में धीमा हूँ, दिन बिना किसी हिचकिचाहट के चलता रहता है, और बादल भरी ऊर्जा मुझे आसान गति बनाए रखने में मदद करती है।",1
money_B1_geum_df_fire,intro,"धन का प्रवाह सामान्य रहेगा, लेकिन कुछ अप्रत्याशित खर्चे सामने आ सकते हैं।",1
money_B1_geum_df_fire,effect,धन प्रवाह का कुछ हिस्सा अवरुद्ध हो सकता है और मुनाफ़ा उम्मीद से कम हो सकता है।,1
money_B1_geum_df_fire,action,अनावश्यक खर्च कम करें और अपने वित्त का अच्छी तरह प्रबंधन करें।,1
money_B1_geum_df_fire,state,"हालाँकि मैं निर्णय लेने में धीमा हूँ, दिन बिना किसी हिचकिचाहट के बीतता है, और स्पष्ट ऊर्जा शांत जीवन शक्ति जोड़ती है, जिससे दिन सामान्य हो जाता है।",1
money_B1_geum_df_water,intro,"धन का प्रवाह सामान्य रहेगा, लेकिन कुछ अप्रत्याशित खर्चे सामने आ सकते हैं।",1
money_B1_geum_df_water,effect,धन प्रवाह का कुछ हिस्सा अवरुद्ध हो सकता है और मुनाफ़ा उम्मीद से कम हो सकता है।,1
money_B1_geum_df_water,action,अनावश्यक खर्च कम करें और अपने वित्त का अच्छी तरह प्रबंधन करें।,1
money_B1_geum_df_water,state,"हालाँकि मैं निर्णय लेने में धीमा हूँ, दिन बिना किसी हिचकिचाहट के बीतता है, और नम ऊर्जा मेरे विचारों को बढ़ाती है लेकिन ज्यादा हलचल पैदा नहीं करती है।",1
money_B1_geum_df_wood,intro,"धन का प्रवाह सामान्य रहेगा, लेकिन कुछ अप्रत्याशित खर्चे सामने आ सकते हैं।",1
money_B1_geum_df_wood,effect,धन प्रवाह का कुछ हिस्सा अवरुद्ध हो सकता है और मुनाफ़ा उम्मीद से कम हो सकता है।,1
money_B1_geum_df_wood,action,अनावश्यक खर्च कम करें और अपने वित्त का अच्छी तरह प्रबंधन करें।,1
money_B1_geum_df_wood,state,"निर्णय धीमा हो सकता है, लेकिन दिन बिना किसी हिचकिचाहट के चलता रहता है, और परिवर्तन की शांत ऊर्जा सामान्य प्रवाह को केवल थोड़ा सा हिलाती है।",1
money_B1_geum_ex_earth,intro,"धन का प्रवाह सामान्य रहेगा, लेकिन कुछ अप्रत्याशित खर्चे सामने आ सकते हैं।",1
money_B1_geum_ex_earth,effect,धन प्रवाह का कुछ हिस्सा अवरुद्ध हो सकता है और मुनाफ़ा उम्मीद से कम हो सकता है।,1
money_B1_geum_ex_earth,action,अनावश्यक खर्च कम करें और अपने वित्त का अच्छी तरह प्रबंधन करें।,1
money_B1_geum_ex_earth,state,"निर्णय स्पष्ट है, लेकिन यह एक औसत परिणाम के साथ समाप्त होता है, और बादल वाली ऊर्जा एक सभ्य गति बनाए रखने में मदद करती है।",1
money_B1_geum_ex_fire,intro,"धन का प्रवाह सामान्य रहेगा, लेकिन कुछ अप्रत्याशित खर्चे सामने आ सकते हैं।",1
money_B1_geum_ex_fire,effect,धन प्रवाह का कुछ हिस्सा अवरुद्ध हो सकता है और मुनाफ़ा उम्मीद से कम हो सकता है।,1
money_B1_geum_ex_fire,action,अनावश्यक खर्च कम करें और अपने वित्त का अच्छी तरह प्रबंधन करें।,1
money_B1_geum_ex_fire,state,"निर्णय स्पष्ट है, लेकिन यह एक सामान्य परिणाम के साथ समाप्त होता है, और स्पष्ट ऊर्जा शांत जीवन शक्ति जोड़ती है और सामान्य दिन को जारी रखती है।",1
money_B1_geum_ex_water,intro,"धन का प्रवाह सामान्य रहेगा, लेकिन कुछ अप्रत्याशित खर्चे सामने आ सकते हैं।",1
money_B1_geum_ex_water,effect,धन प्रवाह का कुछ हिस्सा अवरुद्ध हो सकता है और मुनाफ़ा उम्मीद से कम हो सकता है।,1
money_B1_geum_ex_water,action,अनावश्यक खर्च कम करें और अपने वित्त का अच्छी तरह प्रबंधन करें।,1
money_B1_geum_ex_water,state,"निर्णय स्पष्ट है लेकिन एक साधारण परिणाम के साथ समाप्त होता है, और नम ऊर्जा विचारों को बढ़ाती है लेकिन ज्यादा उत्तेजना पैदा नहीं करती है।",1
money_B1_geum_ex_wood,intro,"धन का प्रवाह सामान्य रहेगा, लेकिन कुछ अप्रत्याशित खर्चे सामने आ सकते हैं।",1
money_B1_geum_ex_wood,effect,धन प्रवाह का कुछ हिस्सा अवरुद्ध हो सकता है और मुनाफ़ा उम्मीद से कम हो सकता है।,1
money_B1_geum_ex_wood,action,अनावश्यक खर्च कम करें और अपने वित्त का अच्छी तरह प्रबंधन करें।,1
money_B1_geum_ex_wood,state,"निर्णय स्पष्ट है, लेकिन यह एक औसत परिणाम के साथ समाप्त होता है, और परिवर्तन की शांत ऊर्जा सामान्य प्रवाह को थोड़ा सा हिलाने के अलावा और कुछ नहीं करती है।",1
money_B1_hwa_df_earth,intro,"आपका वित्तीय अंतर्ज्ञान सही नहीं है, इसलिए आपको आवेगपूर्ण वित्तीय निर्णयों में सावधान रहने की आवश्यकता है।",1
money_B1_hwa_df_earth,effect,संवेदी वित्तीय निर्णय ऐसे परिणाम दे सकते हैं जो आपकी अपेक्षा से भिन्न हों।,1
money_B1_hwa_df_earth,action,वित्तीय निर्णय आवेग के बजाय योजना के आधार पर लें।,1
money_B1_hwa_df_earth,state,"हालाँकि बहुत कम अभिव्यक्ति होती है, लेकिन रिश्ता बहुत अधिक नहीं हिलता है, और धुंधली ऊर्जा एक आसान गति बनाए रखने में मदद करती है।",1
money_B1_hwa_df_fire,intro,"आपका वित्तीय अंतर्ज्ञान सही नहीं है, इसलिए आपको आवेगपूर्ण वित्तीय निर्णयों में सावधान रहने की आवश्यकता है।",1
money_B1_hwa_df_fire,effect,संवेदी वित्तीय निर्णय ऐसे परिणाम दे सकते हैं जो आपकी अपेक्षा से भिन्न हों।,1
money_B1_hwa_df_fire,action,वित्तीय निर्णय आवेग के बजाय योजना के आधार पर लें।,1
money_B1_hwa_df_fire,state,"हालाँकि कुछ अभिव्यक्तियाँ हैं, रिश्ता बहुत अधिक नहीं हिला है, और स्पष्ट ऊर्जा शांत जीवन शक्ति जोड़ती है और एक सामान्य दिन जारी रखती है।",1
money_B1_hwa_df_water,intro,"आपका वित्तीय अंतर्ज्ञान सही नहीं है, इसलिए आपको आवेगपूर्ण वित्तीय निर्णयों में सावधान रहने की आवश्यकता है।",1
money_B1_hwa_df_water,effect,संवेदी वित्तीय निर्णय ऐसे परिणाम दे सकते हैं जो आपकी अपेक्षा से भिन्न हों।,1
money_B1_hwa_df_water,action,वित्तीय निर्णय आवेग के बजाय योजना के आधार पर लें।,1
money_B1_hwa_df_water,state,"हालाँकि कुछ अभिव्यक्तियाँ हैं, रिश्ते बहुत अधिक हिलते नहीं हैं, और नम ऊर्जा विचारों को बढ़ाती है, लेकिन बहुत अधिक हलचल पैदा नहीं करती है।",1
money_B1_hwa_df_wood,intro,"आपका वित्तीय अंतर्ज्ञान सही नहीं है, इसलिए आपको आवेगपूर्ण वित्तीय निर्णयों में सावधान रहने की आवश्यकता है।",1
money_B1_hwa_df_wood,effect,संवेदी वित्तीय निर्णय ऐसे परिणाम दे सकते हैं जो आपकी अपेक्षा से भिन्न हों।,1
money_B1_hwa_df_wood,action,वित्तीय निर्णय आवेग के बजाय योजना के आधार पर लें।,1
money_B1_hwa_df_wood,state,"यद्यपि बहुत कम अभिव्यक्ति है, संबंध बहुत अधिक नहीं हिला है, और परिवर्तन की शांत ऊर्जा केवल सामान्य प्रवाह को थोड़ा हिलाने के लिए पर्याप्त है।",1
money_B1_hwa_ex_earth,intro,"आपका वित्तीय अंतर्ज्ञान सही नहीं है, इसलिए आपको आवेगपूर्ण वित्तीय निर्णयों में सावधान रहने की आवश्यकता है।",1
money_B1_hwa_ex_earth,effect,संवेदी वित्तीय निर्णय ऐसे परिणाम दे सकते हैं जो आपकी अपेक्षा से भिन्न हों।,1
money_B1_hwa_ex_earth,action,वित्तीय निर्णय आवेग के बजाय योजना के आधार पर लें।,1
money_B1_hwa_ex_earth,state,"मध्यम गर्मी एक सहज दिन बनाती है, और बादल वाली ऊर्जा आपको एक आसान गति बनाए रखने में मदद करती है।",1
money_B1_hwa_ex_fire,intro,"आपका वित्तीय अंतर्ज्ञान सही नहीं है, इसलिए आपको आवेगपूर्ण वित्तीय निर्णयों में सावधान रहने की आवश्यकता है।",1
money_B1_hwa_ex_fire,effect,संवेदी वित्तीय निर्णय ऐसे परिणाम दे सकते हैं जो आपकी अपेक्षा से भिन्न हों।,1
money_B1_hwa_ex_fire,action,वित्तीय निर्णय आवेग के बजाय योजना के आधार पर लें।,1
money_B1_hwa_ex_fire,state,"मध्यम गर्मी एक सहज दिन बनाती है, और स्पष्ट ऊर्जा शांत जीवन शक्ति जोड़ती है और सामान्य दिन को जारी रखती है।",1
money_B1_hwa_ex_water,intro,"आपका वित्तीय अंतर्ज्ञान सही नहीं है, इसलिए आपको आवेगपूर्ण वित्तीय निर्णयों में सावधान रहने की आवश्यकता है।",1
money_B1_hwa_ex_water,effect,संवेदी वित्तीय निर्णय ऐसे परिणाम दे सकते हैं जो आपकी अपेक्षा से भिन्न हों।,1
money_B1_hwa_ex_water,action,वित्तीय निर्णय आवेग के बजाय योजना के आधार पर लें।,1
money_B1_hwa_ex_water,state,"मध्यम गर्मी एक सुहाना दिन बनाती है, और नम ऊर्जा आपके विचारों को बढ़ाती है लेकिन ज्यादा उत्तेजना पैदा नहीं करती है।",1
money_B1_hwa_ex_wood,intro,"आपका वित्तीय अंतर्ज्ञान सही नहीं है, इसलिए आपको आवेगपूर्ण वित्तीय निर्णयों में सावधान रहने की आवश्यकता है।",1
money_B1_hwa_ex_wood,effect,संवेदी वित्तीय निर्णय ऐसे परिणाम दे सकते हैं जो आपकी अपेक्षा से भिन्न हों।,1
money_B1_hwa_ex_wood,action,वित्तीय निर्णय आवेग के बजाय योजना के आधार पर लें।,1
money_B1_hwa_ex_wood,state,"मध्यम गर्मी एक सहज दिन बनाती है, और परिवर्तन की शांत ऊर्जा सामान्य प्रवाह को थोड़ा सा हिलाने के अलावा और कुछ नहीं करती है।",1
money_B1_mok_df_earth,intro,"जैसे-जैसे आपकी वित्तीय वृद्धि धीमी होगी, आय के नए स्रोत ढूंढना मुश्किल हो सकता है।",1
money_B1_mok_df_earth,effect,धन का विस्तार सीमित है और आय वृद्धि अपेक्षा से धीमी है।,1
money_B1_mok_df_earth,action,अपनी मौजूदा आय को बनाए रखने पर ध्यान दें।,1
money_B1_mok_df_earth,state,"यह नए की तुलना में अधिक परिचित रहता है, लेकिन प्रवाह निर्बाध है और बादलदार ऊर्जा आपको आसान गति बनाए रखने में मदद करती है।",1
money_B1_mok_df_fire,intro,"जैसे-जैसे आपकी वित्तीय वृद्धि धीमी होगी, आय के नए स्रोत ढूंढना मुश्किल हो सकता है।",1
money_B1_mok_df_fire,effect,धन का विस्तार सीमित है और आय वृद्धि अपेक्षा से धीमी है।,1
money_B1_mok_df_fire,action,अपनी मौजूदा आय को बनाए रखने पर ध्यान दें।,1
money_B1_mok_df_fire,state,"यद्यपि यह नए के बजाय परिचित बना हुआ है, प्रवाह निर्बाध है और स्पष्ट ऊर्जा शांत जीवन शक्ति जोड़ती है और सामान्य दिन को जारी रखती है।",1
money_B1_mok_df_water,intro,"जैसे-जैसे आपकी वित्तीय वृद्धि धीमी होगी, आय के नए स्रोत ढूंढना मुश्किल हो सकता है।",1
money_B1_mok_df_water,effect,धन का विस्तार सीमित है और आय वृद्धि अपेक्षा से धीमी है।,1
money_B1_mok_df_water,action,अपनी मौजूदा आय को बनाए रखने पर ध्यान दें।,1
money_B1_mok_df_water,state,"यद्यपि यह उपन्यास के बजाय परिचित रहता है, प्रवाह निर्बाध है और नम ऊर्जा विचारों को बढ़ाती है लेकिन ज्यादा हलचल पैदा नहीं करती है।",1
money_B1_mok_df_wood,intro,"जैसे-जैसे आपकी वित्तीय वृद्धि धीमी होगी, आय के नए स्रोत ढूंढना मुश्किल हो सकता है।",1
money_B1_mok_df_wood,effect,धन का विस्तार सीमित है और आय वृद्धि अपेक्षा से धीमी है।,1
money_B1_mok_df_wood,action,अपनी मौजूदा आय को बनाए रखने पर ध्यान दें।,1
money_B1_mok_df_wood,state,"हालाँकि यह नए की तुलना में अधिक परिचित है, प्रवाह निर्बाध है और परिवर्तन की शांत ऊर्जा सामान्य प्रवाह को केवल थोड़ा सा हिलाती है।",1
money_B1_mok_ex_earth,intro,"जैसे-जैसे आपकी वित्तीय वृद्धि धीमी होगी, आय के नए स्रोत ढूंढना मुश्किल हो सकता है।",1
money_B1_mok_ex_earth,effect,धन का विस्तार सीमित है और आय वृद्धि अपेक्षा से धीमी है।,1
money_B1_mok_ex_earth,action,अपनी मौजूदा आय को बनाए रखने पर ध्यान दें।,1
money_B1_mok_ex_earth,state,"मैं प्रेरित हूं, लेकिन मेरी प्रेरक शक्ति औसत स्तर पर बनी हुई है, और बादल भरी ऊर्जा मुझे एक अच्छी गति बनाए रखने में मदद करती है।",1
money_B1_mok_ex_fire,intro,"जैसे-जैसे आपकी वित्तीय वृद्धि धीमी होगी, आय के नए स्रोत ढूंढना मुश्किल हो सकता है।",1
money_B1_mok_ex_fire,effect,धन का विस्तार सीमित है और आय वृद्धि अपेक्षा से धीमी है।,1
money_B1_mok_ex_fire,action,अपनी मौजूदा आय को बनाए रखने पर ध्यान दें।,1
money_B1_mok_ex_fire,state,"यद्यपि मैं प्रेरित हूं, मेरी प्रेरक शक्ति औसत स्तर पर बनी हुई है, और स्पष्ट ऊर्जा शांत जीवन शक्ति जोड़ती है और मेरे सामान्य दिन को जारी रखती है।",1
money_B1_mok_ex_water,intro,"जैसे-जैसे आपकी वित्तीय वृद्धि धीमी होगी, आय के नए स्रोत ढूंढना मुश्किल हो सकता है।",1
money_B1_mok_ex_water,effect,धन का विस्तार सीमित है और आय वृद्धि अपेक्षा से धीमी है।,1
money_B1_mok_ex_water,action,अपनी मौजूदा आय को बनाए रखने पर ध्यान दें।,1
money_B1_mok_ex_water,state,"प्रेरणा होती है, लेकिन प्रेरक शक्ति सामान्य स्तर पर रहती है, और नम ऊर्जा विचारों को बढ़ाती है, लेकिन ज्यादा उत्तेजना पैदा नहीं करती है।",1
money_B1_mok_ex_wood,intro,"जैसे-जैसे आपकी वित्तीय वृद्धि धीमी होगी, आय के नए स्रोत ढूंढना मुश्किल हो सकता है।",1
money_B1_mok_ex_wood,effect,धन का विस्तार सीमित है और आय वृद्धि अपेक्षा से धीमी है।,1
money_B1_mok_ex_wood,action,अपनी मौजूदा आय को बनाए रखने पर ध्यान दें।,1
money_B1_mok_ex_wood,state,"प्रेरणा है, लेकिन प्रेरक शक्ति औसत स्तर पर बनी हुई है, और परिवर्तन की शांत ऊर्जा सामान्य प्रवाह को थोड़ा सा हिलाने के लिए पर्याप्त है।",1
money_B1_su_df_earth,intro,"यदि आपका समय थोड़ा सा गड़बड़ है, तो आप एक अच्छा अवसर चूक सकते हैं।",1
money_B1_su_df_earth,effect,प्रवाह से भटकने वाले वित्तीय निर्णयों से मामूली नुकसान हो सकता है।,1
money_B1_su_df_earth,action,"वित्तीय निर्णय लेने में जल्दबाजी न करें, बल्कि समय का पूरा ध्यान रखें।",1
money_B1_su_df_earth,state,"यद्यपि लचीलेपन में कमी आई है, प्रवाह में उल्लेखनीय रूप से रुकावट नहीं आई है, और बादल वाली ऊर्जा एक सभ्य गति बनाए रखने में मदद करती है।",1
money_B1_su_df_fire,intro,"यदि आपका समय थोड़ा सा गड़बड़ है, तो आप एक अच्छा अवसर चूक सकते हैं।",1
money_B1_su_df_fire,effect,प्रवाह से भटकने वाले वित्तीय निर्णयों से मामूली नुकसान हो सकता है।,1
money_B1_su_df_fire,action,"वित्तीय निर्णय लेने में जल्दबाजी न करें, बल्कि समय का पूरा ध्यान रखें।",1
money_B1_su_df_fire,state,"यद्यपि लचीलेपन में कमी आई है, प्रवाह में उल्लेखनीय रूप से बाधा नहीं आई है, और स्पष्ट ऊर्जा शांत जीवन शक्ति जोड़ती है और एक सामान्य दिन जारी रखती है।",1
money_B1_su_df_water,intro,"यदि आपका समय थोड़ा सा गड़बड़ है, तो आप एक अच्छा अवसर चूक सकते हैं।",1
money_B1_su_df_water,effect,प्रवाह से भटकने वाले वित्तीय निर्णयों से मामूली नुकसान हो सकता है।,1
money_B1_su_df_water,action,"वित्तीय निर्णय लेने में जल्दबाजी न करें, बल्कि समय का पूरा ध्यान रखें।",1
money_B1_su_df_water,state,"लचीलापन कम हो जाता है, लेकिन प्रवाह बहुत अधिक बाधित नहीं होता है, और नम ऊर्जा विचारों को बढ़ाती है, लेकिन अधिक उत्तेजना पैदा नहीं करती है।",1
money_B1_su_df_wood,intro,"यदि आपका समय थोड़ा सा गड़बड़ है, तो आप एक अच्छा अवसर चूक सकते हैं।",1
money_B1_su_df_wood,effect,प्रवाह से भटकने वाले वित्तीय निर्णयों से मामूली नुकसान हो सकता है।,1
money_B1_su_df_wood,action,"वित्तीय निर्णय लेने में जल्दबाजी न करें, बल्कि समय का पूरा ध्यान रखें।",1
money_B1_su_df_wood,state,"यद्यपि लचीलेपन में कमी आई है, प्रवाह में कोई विशेष बाधा नहीं आई है, और परिवर्तन की शांत ऊर्जा सामान्य प्रवाह को केवल थोड़ा सा हिलाती है।",1
money_B1_su_ex_earth,intro,"यदि आपका समय थोड़ा सा गड़बड़ है, तो आप एक अच्छा अवसर चूक सकते हैं।",1
money_B1_su_ex_earth,effect,प्रवाह से भटकने वाले वित्तीय निर्णयों से मामूली नुकसान हो सकता है।,1
money_B1_su_ex_earth,action,"वित्तीय निर्णय लेने में जल्दबाजी न करें, बल्कि समय का पूरा ध्यान रखें।",1
money_B1_su_ex_earth,state,"हालाँकि मेरे पास सोचने के लिए बहुत कुछ है, फिर भी दिन बिना किसी परेशानी के बीत जाता है, और बादल भरी ऊर्जा मुझे आसान गति बनाए रखने में मदद करती है।",1
money_B1_su_ex_fire,intro,"यदि आपका समय थोड़ा सा गड़बड़ है, तो आप एक अच्छा अवसर चूक सकते हैं।",1
money_B1_su_ex_fire,effect,प्रवाह से भटकने वाले वित्तीय निर्णयों से मामूली नुकसान हो सकता है।,1
money_B1_su_ex_fire,action,"वित्तीय निर्णय लेने में जल्दबाजी न करें, बल्कि समय का पूरा ध्यान रखें।",1
money_B1_su_ex_fire,state,"भले ही मेरे पास बहुत सारे विचार हैं, दिन बिना किसी परेशानी के बीत जाता है, और स्पष्ट ऊर्जा शांत जीवन शक्ति जोड़ती है और सामान्य दिन को जारी रखती है।",1
money_B1_su_ex_water,intro,"यदि आपका समय थोड़ा सा गड़बड़ है, तो आप एक अच्छा अवसर चूक सकते हैं।",1
money_B1_su_ex_water,effect,प्रवाह से भटकने वाले वित्तीय निर्णयों से मामूली नुकसान हो सकता है।,1
money_B1_su_ex_water,action,"वित्तीय निर्णय लेने में जल्दबाजी न करें, बल्कि समय का पूरा ध्यान रखें।",1
money_B1_su_ex_water,state,"भले ही आपके मन में बहुत सारे विचार हों, दिन बिना ज्यादा हलचल के बीत जाता है और नम ऊर्जा आपके विचारों को बढ़ा देती है लेकिन ज्यादा हलचल पैदा नहीं करती।",1
money_B1_su_ex_wood,intro,"यदि आपका समय थोड़ा सा गड़बड़ है, तो आप एक अच्छा अवसर चूक सकते हैं।",1
money_B1_su_ex_wood,effect,प्रवाह से भटकने वाले वित्तीय निर्णयों से मामूली नुकसान हो सकता है।,1
money_B1_su_ex_wood,action,"वित्तीय निर्णय लेने में जल्दबाजी न करें, बल्कि समय का पूरा ध्यान रखें।",1
money_B1_su_ex_wood,state,"भले ही मेरे मन में बहुत सारे विचार हों, दिन बिना किसी व्यवधान के बीत जाता है, और परिवर्तन की शांत ऊर्जा सामान्य प्रवाह को केवल थोड़ा सा हिलाती है।",1
money_B1_to_df_earth,intro,धन का संतुलन कुछ हद तक डगमगा सकता है और व्यय आय से थोड़ा अधिक हो सकता है।,1
money_B1_to_df_earth,effect,"जैसे-जैसे आपकी वित्तीय सुरक्षा की भावना कमज़ोर होती जाती है, अप्रत्याशित ख़र्चे बोझ बन जाते हैं।",1
money_B1_to_df_earth,action,अपनी वित्तीय स्थिति की जाँच करें और अनावश्यक खर्च कम करें।,1
money_B1_to_df_earth,state,"भले ही कुछ कंपन हो, दैनिक जीवन सुचारू रूप से चलता है और बादल वाली ऊर्जा मुझे आसान गति बनाए रखने में मदद करती है।",1
money_B1_to_df_fire,intro,धन का संतुलन कुछ हद तक डगमगा सकता है और व्यय आय से थोड़ा अधिक हो सकता है।,1
money_B1_to_df_fire,effect,"जैसे-जैसे आपकी वित्तीय सुरक्षा की भावना कमज़ोर होती जाती है, अप्रत्याशित ख़र्चे बोझ बन जाते हैं।",1
money_B1_to_df_fire,action,अपनी वित्तीय स्थिति की जाँच करें और अनावश्यक खर्च कम करें।,1
money_B1_to_df_fire,state,"हालाँकि कुछ कंपन है, दैनिक जीवन सुचारू रूप से चलता है, और स्पष्ट ऊर्जा शांत जीवन शक्ति जोड़ती है और सामान्य दिन को जारी रखती है।",1
money_B1_to_df_water,intro,धन का संतुलन कुछ हद तक डगमगा सकता है और व्यय आय से थोड़ा अधिक हो सकता है।,1
money_B1_to_df_water,effect,"जैसे-जैसे आपकी वित्तीय सुरक्षा की भावना कमज़ोर होती जाती है, अप्रत्याशित ख़र्चे बोझ बन जाते हैं।",1
money_B1_to_df_water,action,अपनी वित्तीय स्थिति की जाँच करें और अनावश्यक खर्च कम करें।,1
money_B1_to_df_water,state,"यद्यपि कंपन होता है, दैनिक जीवन सुचारू रूप से चलता है, और नम ऊर्जा विचारों को बढ़ाती है, लेकिन अधिक हलचल पैदा नहीं करती है।",1
money_B1_to_df_wood,intro,धन का संतुलन कुछ हद तक डगमगा सकता है और व्यय आय से थोड़ा अधिक हो सकता है।,1
money_B1_to_df_wood,effect,"जैसे-जैसे आपकी वित्तीय सुरक्षा की भावना कमज़ोर होती जाती है, अप्रत्याशित ख़र्चे बोझ बन जाते हैं।",1
money_B1_to_df_wood,action,अपनी वित्तीय स्थिति की जाँच करें और अनावश्यक खर्च कम करें।,1
money_B1_to_df_wood,state,"यद्यपि उतार-चढ़ाव होते हैं, दैनिक जीवन सुचारू रूप से चलता है, और परिवर्तन की शांत ऊर्जा सामान्य प्रवाह को केवल थोड़ा सा हिलाती है।",1
money_B1_to_ex_earth,intro,धन का संतुलन कुछ हद तक डगमगा सकता है और व्यय आय से थोड़ा अधिक हो सकता है।,1
money_B1_to_ex_earth,effect,"जैसे-जैसे आपकी वित्तीय सुरक्षा की भावना कमज़ोर होती जाती है, अप्रत्याशित ख़र्चे बोझ बन जाते हैं।",1
money_B1_to_ex_earth,action,अपनी वित्तीय स्थिति की जाँच करें और अनावश्यक खर्च कम करें।,1
money_B1_to_ex_earth,state,"परिवर्तन के स्थान पर परिचितता को चुनने से दिन आसान हो जाता है, और बादल भरी ऊर्जा मुझे आसान गति बनाए रखने में मदद करती है।",1
money_B1_to_ex_fire,intro,धन का संतुलन कुछ हद तक डगमगा सकता है और व्यय आय से थोड़ा अधिक हो सकता है।,1
money_B1_to_ex_fire,effect,"जैसे-जैसे आपकी वित्तीय सुरक्षा की भावना कमज़ोर होती जाती है, अप्रत्याशित ख़र्चे बोझ बन जाते हैं।",1
money_B1_to_ex_fire,action,अपनी वित्तीय स्थिति की जाँच करें और अनावश्यक खर्च कम करें।,1
money_B1_to_ex_fire,state,"परिवर्तन के स्थान पर परिचितता को चुनने से एक सामान्य दिन बन जाता है, और स्पष्ट ऊर्जा सामान्य दिन में शांत जीवन शक्ति जोड़ती है।",1
money_B1_to_ex_water,intro,धन का संतुलन कुछ हद तक डगमगा सकता है और व्यय आय से थोड़ा अधिक हो सकता है।,1
money_B1_to_ex_water,effect,"जैसे-जैसे आपकी वित्तीय सुरक्षा की भावना कमज़ोर होती जाती है, अप्रत्याशित ख़र्चे बोझ बन जाते हैं।",1
money_B1_to_ex_water,action,अपनी वित्तीय स्थिति की जाँच करें और अनावश्यक खर्च कम करें।,1
money_B1_to_ex_water,state,"परिवर्तन के स्थान पर परिचितता को चुनने से दिन सामान्य हो जाता है, और नम ऊर्जा विचारों को बढ़ाती है लेकिन अधिक उत्तेजना पैदा नहीं करती है।",1
money_B1_to_ex_wood,intro,धन का संतुलन कुछ हद तक डगमगा सकता है और व्यय आय से थोड़ा अधिक हो सकता है।,1
money_B1_to_ex_wood,effect,"जैसे-जैसे आपकी वित्तीय सुरक्षा की भावना कमज़ोर होती जाती है, अप्रत्याशित ख़र्चे बोझ बन जाते हैं।",1
money_B1_to_ex_wood,action,अपनी वित्तीय स्थिति की जाँच करें और अनावश्यक खर्च कम करें।,1
money_B1_to_ex_wood,state,"परिवर्तन के स्थान पर परिचितता को चुनने से दिन सामान्य हो जाता है, और परिवर्तन की शांत ऊर्जा सामान्य प्रवाह को केवल थोड़ा सा हिला देती है।",1
money_C,intro,"धन ऊर्जा आज कमजोर है, इसलिए आपको अपने वित्तीय प्रवाह पर पूरा ध्यान देने की जरूरत है।",1
money_C,intro,"आज धन ऊर्जा कम है, इसलिए अनावश्यक ख़र्चों में कटौती करना ही बुद्धिमानी होगी।",1
money_C,effect,ऐसी संभावना है कि अनियोजित व्यय उत्पन्न हो सकते हैं या अपेक्षित आय में देरी हो सकती है।,1
money_C,effect,"यह एक ऐसा समय है जब धन का प्रवाह कुछ हद तक अवरुद्ध है, इसलिए नए निवेश करने की तुलना में यथास्थिति बनाए रखना अधिक फायदेमंद है।",1
money_C,action,अपने खर्च का विस्तृत रिकॉर्ड रखें और आवेगपूर्ण खर्च को एक दिन के लिए स्थगित कर दें।,1
money_C,action,"आज, बचत और बचत पर ध्यान केंद्रित करना अपने धन को प्रबंधित करने का सबसे बुद्धिमान तरीका है।",1
money_C_geum_df_earth,intro,यह एक ऐसा दिन है जब धन का प्रवाह अवरुद्ध हो जाता है और वित्तीय नुकसान होने की संभावना होती है।,1
money_C_geum_df_earth,effect,पैसे की समझ की कमी के कारण ख़राब वित्तीय निर्णय हो सकते हैं।,1
money_C_geum_df_earth,action,आज नए निवेश या बड़े खर्चों से बचें।,1
money_C_geum_df_earth,state,"जैसे-जैसे आपका संकल्प कमजोर होता है, महत्वपूर्ण विकल्पों को टालना आसान हो जाता है, और धुंधली ऊर्जा आपको धीमा कर सकती है और आपके विचारों को भारी बना सकती है।",1
money_C_geum_df_fire,intro,यह एक ऐसा दिन है जब धन का प्रवाह अवरुद्ध हो जाता है और वित्तीय नुकसान होने की संभावना होती है।,1
money_C_geum_df_fire,effect,पैसे की समझ की कमी के कारण ख़राब वित्तीय निर्णय हो सकते हैं।,1
money_C_geum_df_fire,action,आज नए निवेश या बड़े खर्चों से बचें।,1
money_C_geum_df_fire,state,"जैसे-जैसे आपका संकल्प कमजोर होता है, महत्वपूर्ण विकल्पों को टालना आसान हो जाता है, और आपकी स्पष्ट ऊर्जा उत्साहित माहौल में प्रवाहित हो सकती है, जो आपके विवेक को धूमिल कर सकती है।",1
money_C_geum_df_water,intro,यह एक ऐसा दिन है जब धन का प्रवाह अवरुद्ध हो जाता है और वित्तीय नुकसान होने की संभावना होती है।,1
money_C_geum_df_water,effect,पैसे की समझ की कमी के कारण ख़राब वित्तीय निर्णय हो सकते हैं।,1
money_C_geum_df_water,action,आज नए निवेश या बड़े खर्चों से बचें।,1
money_C_geum_df_water,state,"महत्वपूर्ण विकल्पों को स्थगित करना आसान है क्योंकि आपका संकल्प कमजोर हो जाता है, और बारिश और बर्फ की ऊर्जा आपकी भावनाओं और आंतरिक आत्म को उत्तेजित कर सकती है, जिसका बड़ा प्रभाव हो सकता है।",1
money_C_geum_df_wood,intro,यह एक ऐसा दिन है जब धन का प्रवाह अवरुद्ध हो जाता है और वित्तीय नुकसान होने की संभावना होती है।,1
money_C_geum_df_wood,effect,पैसे की समझ की कमी के कारण ख़राब वित्तीय निर्णय हो सकते हैं।,1
money_C_geum_df_wood,action,आज नए निवेश या बड़े खर्चों से बचें।,1
money_C_geum_df_wood,state,"कमजोर दृढ़ संकल्प के कारण महत्वपूर्ण विकल्पों को स्थगित करना आसान है, और परिवर्तन की मजबूत ऊर्जा लय को हिला सकती है और अप्रत्याशित परिवर्तन ला सकती है।",1
money_C_geum_ex_earth,intro,यह एक ऐसा दिन है जब धन का प्रवाह अवरुद्ध हो जाता है और वित्तीय नुकसान होने की संभावना होती है।,1
money_C_geum_ex_earth,effect,पैसे की समझ की कमी के कारण ख़राब वित्तीय निर्णय हो सकते हैं।,1
money_C_geum_ex_earth,action,आज नए निवेश या बड़े खर्चों से बचें।,1
money_C_geum_ex_earth,state,"अत्यधिक तीखा निर्णय रिश्तों को ठंडा बना सकता है, और धुंधली ऊर्जा आपकी गति को धीमा कर सकती है और आपके विचारों को भारी बना सकती है।",1
money_C_geum_ex_fire,intro,यह एक ऐसा दिन है जब धन का प्रवाह अवरुद्ध हो जाता है और वित्तीय नुकसान होने की संभावना होती है।,1
money_C_geum_ex_fire,effect,पैसे की समझ की कमी के कारण ख़राब वित्तीय निर्णय हो सकते हैं।,1
money_C_geum_ex_fire,action,आज नए निवेश या बड़े खर्चों से बचें।,1
money_C_geum_ex_fire,state,"अत्यधिक तीखा निर्णय रिश्तों को ठंडा बना सकता है, और स्पष्ट ऊर्जा उत्तेजित वातावरण में प्रवाहित हो सकती है, जो विवेक को धूमिल कर सकती है।",1
money_C_geum_ex_water,intro,यह एक ऐसा दिन है जब धन का प्रवाह अवरुद्ध हो जाता है और वित्तीय नुकसान होने की संभावना होती है।,1
money_C_geum_ex_water,effect,पैसे की समझ की कमी के कारण ख़राब वित्तीय निर्णय हो सकते हैं।,1
money_C_geum_ex_water,action,आज नए निवेश या बड़े खर्चों से बचें।,1
money_C_geum_ex_water,state,"अत्यधिक तीखा निर्णय रिश्तों को ठंडा बना सकता है, और बारिश और बर्फ की ऊर्जा भावनाओं और आंतरिक भावनाओं को उत्तेजित कर सकती है, जिसका बड़ा प्रभाव हो सकता है।",1
money_C_geum_ex_wood,intro,यह एक ऐसा दिन है जब धन का प्रवाह अवरुद्ध हो जाता है और वित्तीय नुकसान होने की संभावना होती है।,1
money_C_geum_ex_wood,effect,पैसे की समझ की कमी के कारण ख़राब वित्तीय निर्णय हो सकते हैं।,1
money_C_geum_ex_wood,action,आज नए निवेश या बड़े खर्चों से बचें।,1
money_C_geum_ex_wood,state,"अत्यधिक तीखा निर्णय रिश्तों को ठंडा बना सकता है, और परिवर्तन की मजबूत ऊर्जा लय को हिला सकती है और अप्रत्याशित परिवर्तन ला सकती है।",1
money_C_hwa_df_earth,intro,यह एक ऐसा दिन है जब धन के बारे में आपका अंतर्ज्ञान धूमिल हो जाता है और आप धन से संबंधित निर्णयों में कई गलतियाँ करते हैं।,1
money_C_hwa_df_earth,effect,आवेगपूर्ण वित्तीय निर्णय अफसोसजनक खर्च का कारण बनते हैं।,1
money_C_hwa_df_earth,action,धन के संबंध में किसी भी समझदार निर्णय की दोबारा जांच करना और उसे लागू करना सुनिश्चित करें।,1
money_C_hwa_df_earth,state,"स्वयं को अभिव्यक्त करने में कठिनाई के कारण गलतफहमियाँ उत्पन्न होना आसान है, और धुंधली ऊर्जा आपको धीमा कर सकती है और आपके विचारों को भारी बना सकती है।",1
money_C_hwa_df_fire,intro,यह एक ऐसा दिन है जब धन के बारे में आपका अंतर्ज्ञान धूमिल हो जाता है और आप धन से संबंधित निर्णयों में कई गलतियाँ करते हैं।,1
money_C_hwa_df_fire,effect,आवेगपूर्ण वित्तीय निर्णय अफसोसजनक खर्च का कारण बनते हैं।,1
money_C_hwa_df_fire,action,धन के संबंध में किसी भी समझदार निर्णय की दोबारा जांच करना और उसे लागू करना सुनिश्चित करें।,1
money_C_hwa_df_fire,state,"ग़लतफहमियाँ पैदा होना आसान है क्योंकि भावों को समझना कठिन होता है, और स्पष्ट ऊर्जा उत्तेजित वातावरण में प्रवाहित हो सकती है और सावधानी को धूमिल कर सकती है।",1
money_C_hwa_df_water,intro,यह एक ऐसा दिन है जब धन के बारे में आपका अंतर्ज्ञान धूमिल हो जाता है और आप धन से संबंधित निर्णयों में कई गलतियाँ करते हैं।,1
money_C_hwa_df_water,effect,आवेगपूर्ण वित्तीय निर्णय अफसोसजनक खर्च का कारण बनते हैं।,1
money_C_hwa_df_water,action,धन के संबंध में किसी भी समझदार निर्णय की दोबारा जांच करना और उसे लागू करना सुनिश्चित करें।,1
money_C_hwa_df_water,state,"गलतफहमियां पैदा होना आसान है क्योंकि भावों को समझना मुश्किल होता है, और बारिश और बर्फ की ऊर्जा भावनाओं और आंतरिक भावनाओं को उत्तेजित कर सकती है, जिसका बड़ा प्रभाव हो सकता है।",1
money_C_hwa_df_wood,intro,यह एक ऐसा दिन है जब धन के बारे में आपका अंतर्ज्ञान धूमिल हो जाता है और आप धन से संबंधित निर्णयों में कई गलतियाँ करते हैं।,1
money_C_hwa_df_wood,effect,आवेगपूर्ण वित्तीय निर्णय अफसोसजनक खर्च का कारण बनते हैं।,1
money_C_hwa_df_wood,action,धन के संबंध में किसी भी समझदार निर्णय की दोबारा जांच करना और उसे लागू करना सुनिश्चित करें।,1
money_C_hwa_df_wood,state,"कठिन अभिव्यक्तियों के कारण गलतफहमी उत्पन्न होना आसान है, और परिवर्तन की मजबूत ऊर्जा लय को हिला सकती है और अप्रत्याशित परिवर्तन ला सकती है।",1
money_C_hwa_ex_earth,intro,यह एक ऐसा दिन है जब धन के बारे में आपका अंतर्ज्ञान धूमिल हो जाता है और आप धन से संबंधित निर्णयों में कई गलतियाँ करते हैं।,1
money_C_hwa_ex_earth,effect,आवेगपूर्ण वित्तीय निर्णय अफसोसजनक खर्च का कारण बनते हैं।,1
money_C_hwa_ex_earth,action,धन के संबंध में किसी भी समझदार निर्णय की दोबारा जांच करना और उसे लागू करना सुनिश्चित करें।,1
money_C_hwa_ex_earth,state,"भावनाओं का टकराना आसान है, और धुंधली ऊर्जा आपको धीमा कर सकती है और आपके विचारों को भारी बना सकती है।",1
money_C_hwa_ex_fire,intro,यह एक ऐसा दिन है जब धन के बारे में आपका अंतर्ज्ञान धूमिल हो जाता है और आप धन से संबंधित निर्णयों में कई गलतियाँ करते हैं।,1
money_C_hwa_ex_fire,effect,आवेगपूर्ण वित्तीय निर्णय अफसोसजनक खर्च का कारण बनते हैं।,1
money_C_hwa_ex_fire,action,धन के संबंध में किसी भी समझदार निर्णय की दोबारा जांच करना और उसे लागू करना सुनिश्चित करें।,1
money_C_hwa_ex_fire,state,"भावनाओं का टकराना आसान है, और स्पष्ट ऊर्जा उत्तेजित माहौल में प्रवाहित हो सकती है, जिससे सावधानी धुंधली हो सकती है।",1
money_C_hwa_ex_water,intro,यह एक ऐसा दिन है जब धन के बारे में आपका अंतर्ज्ञान धूमिल हो जाता है और आप धन से संबंधित निर्णयों में कई गलतियाँ करते हैं।,1
money_C_hwa_ex_water,effect,आवेगपूर्ण वित्तीय निर्णय अफसोसजनक खर्च का कारण बनते हैं।,1
money_C_hwa_ex_water,action,धन के संबंध में किसी भी समझदार निर्णय की दोबारा जांच करना और उसे लागू करना सुनिश्चित करें।,1
money_C_hwa_ex_water,state,"भावनाओं का संघर्ष में आना आसान है, और बारिश और बर्फ की ऊर्जा भावनाओं और आंतरिक भावनाओं को उत्तेजित कर सकती है, जिससे प्रभाव बढ़ सकता है।",1
money_C_hwa_ex_wood,intro,यह एक ऐसा दिन है जब धन के बारे में आपका अंतर्ज्ञान धूमिल हो जाता है और आप धन से संबंधित निर्णयों में कई गलतियाँ करते हैं।,1
money_C_hwa_ex_wood,effect,आवेगपूर्ण वित्तीय निर्णय अफसोसजनक खर्च का कारण बनते हैं।,1
money_C_hwa_ex_wood,action,धन के संबंध में किसी भी समझदार निर्णय की दोबारा जांच करना और उसे लागू करना सुनिश्चित करें।,1
money_C_hwa_ex_wood,state,"भावनाओं का टकराना आसान है, और परिवर्तन की मजबूत ऊर्जा लय को हिला सकती है और अप्रत्याशित परिवर्तन ला सकती है।",1
money_C_mok_df_earth,intro,यह एक ऐसा दिन है जब आपके धन का विस्तार अवरुद्ध हो सकता है और नई आय के आपके प्रयास विफल हो सकते हैं।,1
money_C_mok_df_earth,effect,"जैसे-जैसे धन चैनल संकीर्ण होते जाएंगे, आय वास्तव में कम हो सकती है।",1
money_C_mok_df_earth,action,नई वित्तीय चुनौतियों का सामना करने के बजाय अपनी मौजूदा आय को बनाए रखने पर ध्यान दें।,1
money_C_mok_df_earth,state,"नई चीजों को आजमाने में झिझक प्रगति को धीमा कर सकती है, और धूमिल ऊर्जा आपकी गति को धीमा कर सकती है और आपके विचारों को भारी बना सकती है।",1
money_C_mok_df_fire,intro,यह एक ऐसा दिन है जब आपके धन का विस्तार अवरुद्ध हो सकता है और नई आय के आपके प्रयास विफल हो सकते हैं।,1
money_C_mok_df_fire,effect,"जैसे-जैसे धन चैनल संकीर्ण होते जाएंगे, आय वास्तव में कम हो सकती है।",1
money_C_mok_df_fire,action,नई वित्तीय चुनौतियों का सामना करने के बजाय अपनी मौजूदा आय को बनाए रखने पर ध्यान दें।,1
money_C_mok_df_fire,state,"नई चीजों को आजमाने में झिझक प्रगति को धीमा कर सकती है, और स्पष्ट ऊर्जा से उत्साहित माहौल बन सकता है, जो सावधानी को धूमिल कर सकता है।",1
money_C_mok_df_water,intro,यह एक ऐसा दिन है जब आपके धन का विस्तार अवरुद्ध हो सकता है और नई आय के आपके प्रयास विफल हो सकते हैं।,1
money_C_mok_df_water,effect,"जैसे-जैसे धन चैनल संकीर्ण होते जाएंगे, आय वास्तव में कम हो सकती है।",1
money_C_mok_df_water,action,नई वित्तीय चुनौतियों का सामना करने के बजाय अपनी मौजूदा आय को बनाए रखने पर ध्यान दें।,1
money_C_mok_df_water,state,"नई चीजों को आजमाने में झिझक प्रगति को धीमा कर सकती है, और बारिश और बर्फ की ऊर्जा आपकी भावनाओं और आंतरिक आत्म को उत्तेजित कर सकती है, जिससे प्रभाव बढ़ सकता है।",1
money_C_mok_df_wood,intro,यह एक ऐसा दिन है जब आपके धन का विस्तार अवरुद्ध हो सकता है और नई आय के आपके प्रयास विफल हो सकते हैं।,1
money_C_mok_df_wood,effect,"जैसे-जैसे धन चैनल संकीर्ण होते जाएंगे, आय वास्तव में कम हो सकती है।",1
money_C_mok_df_wood,action,नई वित्तीय चुनौतियों का सामना करने के बजाय अपनी मौजूदा आय को बनाए रखने पर ध्यान दें।,1
money_C_mok_df_wood,state,"नई चीजों को आजमाने में झिझक प्रगति को धीमा कर सकती है, और परिवर्तन की मजबूत ऊर्जा लय को हिला सकती है और अप्रत्याशित परिवर्तन ला सकती है।",1
money_C_mok_ex_earth,intro,यह एक ऐसा दिन है जब आपके धन का विस्तार अवरुद्ध हो सकता है और नई आय के आपके प्रयास विफल हो सकते हैं।,1
money_C_mok_ex_earth,effect,"जैसे-जैसे धन चैनल संकीर्ण होते जाएंगे, आय वास्तव में कम हो सकती है।",1
money_C_mok_ex_earth,action,नई वित्तीय चुनौतियों का सामना करने के बजाय अपनी मौजूदा आय को बनाए रखने पर ध्यान दें।,1
money_C_mok_ex_earth,state,"अत्यधिक प्रेरणा के कारण आप चीजों को अति कर सकते हैं, और धूमिल ऊर्जा आपको धीमा कर सकती है और आपके विचारों को भारी बना सकती है।",1
money_C_mok_ex_fire,intro,यह एक ऐसा दिन है जब आपके धन का विस्तार अवरुद्ध हो सकता है और नई आय के आपके प्रयास विफल हो सकते हैं।,1
money_C_mok_ex_fire,effect,"जैसे-जैसे धन चैनल संकीर्ण होते जाएंगे, आय वास्तव में कम हो सकती है।",1
money_C_mok_ex_fire,action,नई वित्तीय चुनौतियों का सामना करने के बजाय अपनी मौजूदा आय को बनाए रखने पर ध्यान दें।,1
money_C_mok_ex_fire,state,"यदि आप बहुत अधिक प्रेरित हैं, तो आप खुद को काम करने के लिए प्रेरित कर सकते हैं, और आपकी स्पष्ट ऊर्जा एक उत्साहित माहौल में प्रवाहित हो सकती है, जो आपके विवेक को धूमिल कर सकती है।",1
money_C_mok_ex_water,intro,यह एक ऐसा दिन है जब आपके धन का विस्तार अवरुद्ध हो सकता है और नई आय के आपके प्रयास विफल हो सकते हैं।,1
money_C_mok_ex_water,effect,"जैसे-जैसे धन चैनल संकीर्ण होते जाएंगे, आय वास्तव में कम हो सकती है।",1
money_C_mok_ex_water,action,नई वित्तीय चुनौतियों का सामना करने के बजाय अपनी मौजूदा आय को बनाए रखने पर ध्यान दें।,1
money_C_mok_ex_water,state,"यदि आपके पास बहुत अधिक प्रेरणा है, तो आप चीजों को अति कर सकते हैं, और बारिश और बर्फ की ऊर्जा आपकी भावनाओं और आंतरिक आत्म को उत्तेजित कर सकती है, जिससे प्रभाव बढ़ सकता है।",1
money_C_mok_ex_wood,intro,यह एक ऐसा दिन है जब आपके धन का विस्तार अवरुद्ध हो सकता है और नई आय के आपके प्रयास विफल हो सकते हैं।,1
money_C_mok_ex_wood,effect,"जैसे-जैसे धन चैनल संकीर्ण होते जाएंगे, आय वास्तव में कम हो सकती है।",1
money_C_mok_ex_wood,action,नई वित्तीय चुनौतियों का सामना करने के बजाय अपनी मौजूदा आय को बनाए रखने पर ध्यान दें।,1
money_C_mok_ex_wood,state,"अत्यधिक प्रेरणा चीजों को अति करने के लिए प्रेरित कर सकती है, और परिवर्तन की मजबूत ऊर्जा लय को हिला सकती है और अप्रत्याशित परिवर्तन ला सकती है।",1
money_C_su_df_earth,intro,यह वह दिन है जब धन का प्रवाह उलट जाता है और अपेक्षित आय प्राप्त नहीं होती है।,1
money_C_su_df_earth,effect,"यदि समय बहुत ख़राब है, तो संपत्ति का नुकसान दोहराया जा सकता है।",1
money_C_su_df_earth,action,वित्तीय निर्णय टाल दें और स्थिर नकदी प्रबंधन पर ध्यान केंद्रित करें।,1
money_C_su_df_earth,state,"लचीलेपन की कमी के कारण प्रवाह का ट्रैक खोना आसान है, और बादल वाली ऊर्जा आपको धीमा कर सकती है और आपके विचारों को भारी बना सकती है।",1
money_C_su_df_fire,intro,यह वह दिन है जब धन का प्रवाह उलट जाता है और अपेक्षित आय प्राप्त नहीं होती है।,1
money_C_su_df_fire,effect,"यदि समय बहुत ख़राब है, तो संपत्ति का नुकसान दोहराया जा सकता है।",1
money_C_su_df_fire,action,वित्तीय निर्णय टाल दें और स्थिर नकदी प्रबंधन पर ध्यान केंद्रित करें।,1
money_C_su_df_fire,state,"लचीलेपन की कमी के कारण, प्रवाह का ट्रैक खोना आसान है, और स्पष्ट ऊर्जा उत्तेजित वातावरण में प्रवाहित हो सकती है, जो आपके विवेक को धूमिल कर सकती है।",1
money_C_su_df_water,intro,यह वह दिन है जब धन का प्रवाह उलट जाता है और अपेक्षित आय प्राप्त नहीं होती है।,1
money_C_su_df_water,effect,"यदि समय बहुत ख़राब है, तो संपत्ति का नुकसान दोहराया जा सकता है।",1
money_C_su_df_water,action,वित्तीय निर्णय टाल दें और स्थिर नकदी प्रबंधन पर ध्यान केंद्रित करें।,1
money_C_su_df_water,state,"लचीलेपन की कमी के कारण, प्रवाह का ट्रैक खोना आसान है, और बारिश और बर्फ की ऊर्जा भावनाओं और आंतरिक आत्म को उत्तेजित कर सकती है, जिससे प्रभाव बढ़ सकता है।",1
money_C_su_df_wood,intro,यह वह दिन है जब धन का प्रवाह उलट जाता है और अपेक्षित आय प्राप्त नहीं होती है।,1
money_C_su_df_wood,effect,"यदि समय बहुत ख़राब है, तो संपत्ति का नुकसान दोहराया जा सकता है।",1
money_C_su_df_wood,action,वित्तीय निर्णय टाल दें और स्थिर नकदी प्रबंधन पर ध्यान केंद्रित करें।,1
money_C_su_df_wood,state,"लचीलेपन की कमी के कारण, प्रवाह का ट्रैक खोना आसान है, और परिवर्तन की मजबूत ऊर्जा लय को हिला सकती है और अप्रत्याशित परिवर्तन को जन्म दे सकती है।",1
money_C_su_ex_earth,intro,यह वह दिन है जब धन का प्रवाह उलट जाता है और अपेक्षित आय प्राप्त नहीं होती है।,1
money_C_su_ex_earth,effect,"यदि समय बहुत ख़राब है, तो संपत्ति का नुकसान दोहराया जा सकता है।",1
money_C_su_ex_earth,action,वित्तीय निर्णय टाल दें और स्थिर नकदी प्रबंधन पर ध्यान केंद्रित करें।,1
money_C_su_ex_earth,state,"उमड़ती हुई भावनाओं के कारण आपके निर्णय पर पर्दा पड़ना आसान है, और धुंधली ऊर्जा आपको धीमा कर सकती है और आपके विचारों को भारी बना सकती है।",1
money_C_su_ex_fire,intro,यह वह दिन है जब धन का प्रवाह उलट जाता है और अपेक्षित आय प्राप्त नहीं होती है।,1
money_C_su_ex_fire,effect,"यदि समय बहुत ख़राब है, तो संपत्ति का नुकसान दोहराया जा सकता है।",1
money_C_su_ex_fire,action,वित्तीय निर्णय टाल दें और स्थिर नकदी प्रबंधन पर ध्यान केंद्रित करें।,1
money_C_su_ex_fire,state,"भावनाओं के उमड़ने से निर्णय आसानी से धुंधला हो सकता है, और स्पष्ट ऊर्जा उत्तेजित वातावरण में प्रवाहित हो सकती है, जो विवेक को धूमिल कर सकती है।",1
money_C_su_ex_water,intro,यह वह दिन है जब धन का प्रवाह उलट जाता है और अपेक्षित आय प्राप्त नहीं होती है।,1
money_C_su_ex_water,effect,"यदि समय बहुत ख़राब है, तो संपत्ति का नुकसान दोहराया जा सकता है।",1
money_C_su_ex_water,action,वित्तीय निर्णय टाल दें और स्थिर नकदी प्रबंधन पर ध्यान केंद्रित करें।,1
money_C_su_ex_water,state,"उमड़ती भावनाओं के कारण आपके निर्णय पर बादल छा जाना आसान है, और बारिश और बर्फ की ऊर्जा आपकी भावनाओं और आंतरिक स्व को उत्तेजित कर सकती है, जिससे प्रभाव बढ़ सकता है।",1
money_C_su_ex_wood,intro,यह वह दिन है जब धन का प्रवाह उलट जाता है और अपेक्षित आय प्राप्त नहीं होती है।,1
money_C_su_ex_wood,effect,"यदि समय बहुत ख़राब है, तो संपत्ति का नुकसान दोहराया जा सकता है।",1
money_C_su_ex_wood,action,वित्तीय निर्णय टाल दें और स्थिर नकदी प्रबंधन पर ध्यान केंद्रित करें।,1
money_C_su_ex_wood,state,"निर्णय आसानी से भावनाओं से ढका जा सकता है, और परिवर्तन की मजबूत ऊर्जा लय को हिला सकती है और अप्रत्याशित परिवर्तन ला सकती है।",1
money_C_to_df_earth,intro,यह वह दिन है जब धन की नींव हिल जाती है और खर्च और हानि आय से अधिक हो जाती है।,1
money_C_to_df_earth,effect,अस्थिर वित्तीय स्थिति के कारण श्रृंखलाबद्ध नुकसान हो सकता है।,1
money_C_to_df_earth,action,अभी अपने खर्च में कटौती करें और अपने वित्तीय आधार की सुरक्षा पर ध्यान केंद्रित करें।,1
money_C_to_df_earth,state,"क्योंकि आपका केंद्र हिल गया है, आपके परिवेश से प्रभावित होना आसान है, और बादल वाली ऊर्जा आपको धीमा कर सकती है और आपके विचारों को भारी बना सकती है।",1
money_C_to_df_fire,intro,यह वह दिन है जब धन की नींव हिल जाती है और खर्च और हानि आय से अधिक हो जाती है।,1
money_C_to_df_fire,effect,अस्थिर वित्तीय स्थिति के कारण श्रृंखलाबद्ध नुकसान हो सकता है।,1
money_C_to_df_fire,action,अभी अपने खर्च में कटौती करें और अपने वित्तीय आधार की सुरक्षा पर ध्यान केंद्रित करें।,1
money_C_to_df_fire,state,"क्योंकि आपका केंद्र हिल गया है, आपके आस-पास के लोगों द्वारा प्रभावित होना आसान है, और आपकी स्पष्ट ऊर्जा एक उत्साहित वातावरण में प्रवाहित हो सकती है, जो आपके विवेक को धूमिल कर सकती है।",1
money_C_to_df_water,intro,यह वह दिन है जब धन की नींव हिल जाती है और खर्च और हानि आय से अधिक हो जाती है।,1
money_C_to_df_water,effect,अस्थिर वित्तीय स्थिति के कारण श्रृंखलाबद्ध नुकसान हो सकता है।,1
money_C_to_df_water,action,अभी अपने खर्च में कटौती करें और अपने वित्तीय आधार की सुरक्षा पर ध्यान केंद्रित करें।,1
money_C_to_df_water,state,"क्योंकि आपका केंद्र हिल गया है, आपके परिवेश से प्रभावित होना आसान है, और बारिश और बर्फ की ऊर्जा आपकी भावनाओं और आंतरिक स्व को उत्तेजित कर सकती है, जिससे प्रभाव बढ़ सकता है।",1
money_C_to_df_wood,intro,यह वह दिन है जब धन की नींव हिल जाती है और खर्च और हानि आय से अधिक हो जाती है।,1
money_C_to_df_wood,effect,अस्थिर वित्तीय स्थिति के कारण श्रृंखलाबद्ध नुकसान हो सकता है।,1
money_C_to_df_wood,action,अभी अपने खर्च में कटौती करें और अपने वित्तीय आधार की सुरक्षा पर ध्यान केंद्रित करें।,1
money_C_to_df_wood,state,"क्योंकि केंद्र हिल गया है, परिवेश से प्रभावित होना आसान है, और परिवर्तन की मजबूत ऊर्जा लय को हिला सकती है और अप्रत्याशित परिवर्तन ला सकती है।",1
money_C_to_ex_earth,intro,यह वह दिन है जब धन की नींव हिल जाती है और खर्च और हानि आय से अधिक हो जाती है।,1
money_C_to_ex_earth,effect,अस्थिर वित्तीय स्थिति के कारण श्रृंखलाबद्ध नुकसान हो सकता है।,1
money_C_to_ex_earth,action,अभी अपने खर्च में कटौती करें और अपने वित्तीय आधार की सुरक्षा पर ध्यान केंद्रित करें।,1
money_C_to_ex_earth,state,"जो मन परिवर्तन से इनकार करता है वह अवसरों को अवरुद्ध कर सकता है, और बादल भरी ऊर्जा आपकी गति को धीमा कर सकती है और आपके विचारों को भारी बना सकती है।",1
money_C_to_ex_fire,intro,यह वह दिन है जब धन की नींव हिल जाती है और खर्च और हानि आय से अधिक हो जाती है।,1
money_C_to_ex_fire,effect,अस्थिर वित्तीय स्थिति के कारण श्रृंखलाबद्ध नुकसान हो सकता है।,1
money_C_to_ex_fire,action,अभी अपने खर्च में कटौती करें और अपने वित्तीय आधार की सुरक्षा पर ध्यान केंद्रित करें।,1
money_C_to_ex_fire,state,"एक मन जो परिवर्तन से इनकार करता है वह अवसरों को अवरुद्ध कर सकता है, और स्पष्ट ऊर्जा एक उत्साहित माहौल में प्रवाहित हो सकती है, जिससे सावधानी बरतती है।",1
money_C_to_ex_water,intro,यह वह दिन है जब धन की नींव हिल जाती है और खर्च और हानि आय से अधिक हो जाती है।,1
money_C_to_ex_water,effect,अस्थिर वित्तीय स्थिति के कारण श्रृंखलाबद्ध नुकसान हो सकता है।,1
money_C_to_ex_water,action,अभी अपने खर्च में कटौती करें और अपने वित्तीय आधार की सुरक्षा पर ध्यान केंद्रित करें।,1
money_C_to_ex_water,state,"एक मन जो परिवर्तन से इनकार करता है वह अवसरों को अवरुद्ध कर सकता है, और बारिश और बर्फ की ऊर्जा भावनाओं और आंतरिक भावनाओं को उत्तेजित कर सकती है, जो प्रभाव को बढ़ा सकती है।",1
money_C_to_ex_wood,intro,यह वह दिन है जब धन की नींव हिल जाती है और खर्च और हानि आय से अधिक हो जाती है।,1
money_C_to_ex_wood,effect,अस्थिर वित्तीय स्थिति के कारण श्रृंखलाबद्ध नुकसान हो सकता है।,1
money_C_to_ex_wood,action,अभी अपने खर्च में कटौती करें और अपने वित्तीय आधार की सुरक्षा पर ध्यान केंद्रित करें।,1
money_C_to_ex_wood,state,"परिवर्तन से इनकार अवसरों को अवरुद्ध कर सकता है, और परिवर्तन की मजबूत ऊर्जा लय को हिला सकती है और अप्रत्याशित परिवर्तन को जन्म दे सकती है।",1
money_C1,intro,"धन ऊर्जा आज काफी कमजोर है, इसलिए आपको अपने खर्चों के प्रबंधन में विशेष रूप से सावधान रहने की जरूरत है।",1
money_C1,intro,"आज, धन का प्रवाह अवरुद्ध है, इसलिए घाटे को रोकने को लाभ से अधिक प्राथमिकता दी जाती है।",1
money_C1,effect,"यह एक ऐसा दिन है जब वित्तीय गलतियाँ या अप्रत्याशित खर्च करना आसान होता है, इसलिए बड़े निर्णयों से बचना सबसे अच्छा है।",1
money_C1,effect,यह वह दिन है जब आपको अपने वित्त की जांच और प्रबंधन करने की आवश्यकता है क्योंकि खर्च मुनाफे से अधिक हो सकता है।,1
money_C1,action,सभी भुगतान या अनुबंध-संबंधी निर्णय कल तक के लिए स्थगित करना सुरक्षित है।,1
money_C1,action,अपने नकदी प्रवाह की जांच करें और जितना संभव हो गैर-जरूरी खर्चों को कम करें।,1
money_C1_geum_df_earth,intro,यह एक ऐसा दिन है जब आपका वित्तीय भाग्य बहुत कम हो जाता है और वित्तीय नुकसान का जोखिम अधिक होता है।,1
money_C1_geum_df_earth,effect,"जैसे-जैसे आपकी संपत्ति को आंकने की क्षमता कम होती जाएगी, आपको बार-बार नुकसान का अनुभव हो सकता है।",1
money_C1_geum_df_earth,action,नई चीज़ों को आज़माना बिल्कुल बंद कर दें और नुकसान रोकने पर ध्यान केंद्रित करें।,1
money_C1_geum_df_earth,state,"दृढ़ संकल्प की कमी के कारण, अनिर्णायक विकल्पों को जमा करना आसान होता है, और अस्पष्ट ऊर्जा प्रेरणा और अस्पष्ट निर्णय को कम कर सकती है।",1
money_C1_geum_df_fire,intro,यह एक ऐसा दिन है जब आपका वित्तीय भाग्य बहुत कम हो जाता है और वित्तीय नुकसान का जोखिम अधिक होता है।,1
money_C1_geum_df_fire,effect,"जैसे-जैसे आपकी संपत्ति को आंकने की क्षमता कम होती जाएगी, आपको बार-बार नुकसान का अनुभव हो सकता है।",1
money_C1_geum_df_fire,action,नई चीज़ों को आज़माना बिल्कुल बंद कर दें और नुकसान रोकने पर ध्यान केंद्रित करें।,1
money_C1_geum_df_fire,state,"दृढ़ संकल्प की कमी के कारण, अनिर्णायक विकल्प चुनना आसान है, और उत्साहित यांग शांति भंग कर सकता है और छोटी गलतियों को जन्म दे सकता है।",1
money_C1_geum_df_water,intro,यह एक ऐसा दिन है जब आपका वित्तीय भाग्य बहुत कम हो जाता है और वित्तीय नुकसान का जोखिम अधिक होता है।,1
money_C1_geum_df_water,effect,"जैसे-जैसे आपकी संपत्ति को आंकने की क्षमता कम होती जाएगी, आपको बार-बार नुकसान का अनुभव हो सकता है।",1
money_C1_geum_df_water,action,नई चीज़ों को आज़माना बिल्कुल बंद कर दें और नुकसान रोकने पर ध्यान केंद्रित करें।,1
money_C1_geum_df_water,state,"दृढ़ संकल्प की कमी के कारण, अनिर्णायक विकल्पों का ढेर लगना आसान होता है, और बारिश और बर्फ़ की ऊर्जा आपकी भावनाओं को शांत नहीं कर पाती है, जिससे आपका दिल भारी हो जाता है।",1
money_C1_geum_df_wood,intro,यह एक ऐसा दिन है जब आपका वित्तीय भाग्य बहुत कम हो जाता है और वित्तीय नुकसान का जोखिम अधिक होता है।,1
money_C1_geum_df_wood,effect,"जैसे-जैसे आपकी संपत्ति को आंकने की क्षमता कम होती जाएगी, आपको बार-बार नुकसान का अनुभव हो सकता है।",1
money_C1_geum_df_wood,action,नई चीज़ों को आज़माना बिल्कुल बंद कर दें और नुकसान रोकने पर ध्यान केंद्रित करें।,1
money_C1_geum_df_wood,state,"दृढ़ संकल्प की कमी के कारण, अनिर्णायक विकल्पों का ढेर लगना आसान है, और परिवर्तन की ऊर्जा योजनाओं में हस्तक्षेप और बाधा डालती रह सकती है।",1
money_C1_geum_ex_earth,intro,यह एक ऐसा दिन है जब आपका वित्तीय भाग्य बहुत कम हो जाता है और वित्तीय नुकसान का जोखिम अधिक होता है।,1
money_C1_geum_ex_earth,effect,"जैसे-जैसे आपकी संपत्ति को आंकने की क्षमता कम होती जाएगी, आपको बार-बार नुकसान का अनुभव हो सकता है।",1
money_C1_geum_ex_earth,action,नई चीज़ों को आज़माना बिल्कुल बंद कर दें और नुकसान रोकने पर ध्यान केंद्रित करें।,1
money_C1_geum_ex_earth,state,"तीक्ष्णता बहुत दूर तक जा सकती है और आपके आस-पास के लोगों पर बोझ डाल सकती है, और धूमिल ऊर्जा प्रेरणा को कम कर सकती है और आपके निर्णय को धूमिल कर सकती है।",1
money_C1_geum_ex_fire,intro,यह एक ऐसा दिन है जब आपका वित्तीय भाग्य बहुत कम हो जाता है और वित्तीय नुकसान का जोखिम अधिक होता है।,1
money_C1_geum_ex_fire,effect,"जैसे-जैसे आपकी संपत्ति को आंकने की क्षमता कम होती जाएगी, आपको बार-बार नुकसान का अनुभव हो सकता है।",1
money_C1_geum_ex_fire,action,नई चीज़ों को आज़माना बिल्कुल बंद कर दें और नुकसान रोकने पर ध्यान केंद्रित करें।,1
money_C1_geum_ex_fire,state,"आपकी तीक्ष्णता बहुत दूर तक जा सकती है और आपके आस-पास के लोगों पर बोझ डाल सकती है, और आपकी उत्तेजित ऊर्जा आपकी शांति को ख़त्म कर सकती है और छोटी-मोटी गलतियों को जन्म दे सकती है।",1
money_C1_geum_ex_water,intro,यह एक ऐसा दिन है जब आपका वित्तीय भाग्य बहुत कम हो जाता है और वित्तीय नुकसान का जोखिम अधिक होता है।,1
money_C1_geum_ex_water,effect,"जैसे-जैसे आपकी संपत्ति को आंकने की क्षमता कम होती जाएगी, आपको बार-बार नुकसान का अनुभव हो सकता है।",1
money_C1_geum_ex_water,action,नई चीज़ों को आज़माना बिल्कुल बंद कर दें और नुकसान रोकने पर ध्यान केंद्रित करें।,1
money_C1_geum_ex_water,state,"आपकी तीक्ष्णता बहुत दूर तक जा सकती है और आपके आस-पास के लोगों पर बोझ डाल सकती है, और बारिश और बर्फ की ऊर्जा आपकी भावनाओं को शांत नहीं कर सकती है, जिससे आपका दिल भारी हो जाएगा।",1
money_C1_geum_ex_wood,intro,यह एक ऐसा दिन है जब आपका वित्तीय भाग्य बहुत कम हो जाता है और वित्तीय नुकसान का जोखिम अधिक होता है।,1
money_C1_geum_ex_wood,effect,"जैसे-जैसे आपकी संपत्ति को आंकने की क्षमता कम होती जाएगी, आपको बार-बार नुकसान का अनुभव हो सकता है।",1
money_C1_geum_ex_wood,action,नई चीज़ों को आज़माना बिल्कुल बंद कर दें और नुकसान रोकने पर ध्यान केंद्रित करें।,1
money_C1_geum_ex_wood,state,"आपकी तीक्ष्णता बहुत दूर तक जा सकती है और आपके आस-पास के लोगों पर बोझ डाल सकती है, और परिवर्तन की ऊर्जा आपकी योजनाओं में हस्तक्षेप कर सकती है।",1
money_C1_hwa_df_earth,intro,यह वह दिन है जब आपके पास धन की भावना लगभग खत्म हो गई है और आवेगपूर्ण खर्च करने का जोखिम बहुत अधिक है।,1
money_C1_hwa_df_earth,effect,धन का गलत एहसास बड़े नुकसान का कारण बन सकता है।,1
money_C1_hwa_df_earth,action,आज अपने वित्त से संबंधित निर्णय लेने से सख्ती से बचें।,1
money_C1_hwa_df_earth,state,"अभिव्यक्ति में रुकावट के कारण आपकी भावनाओं को ठीक से व्यक्त नहीं किया जाना आसान है, और धूमिल ऊर्जा प्रेरणा को कम कर सकती है और आपके निर्णय को धूमिल कर सकती है।",1
money_C1_hwa_df_fire,intro,यह वह दिन है जब आपके पास धन की भावना लगभग खत्म हो गई है और आवेगपूर्ण खर्च करने का जोखिम बहुत अधिक है।,1
money_C1_hwa_df_fire,effect,धन का गलत एहसास बड़े नुकसान का कारण बन सकता है।,1
money_C1_hwa_df_fire,action,आज अपने वित्त से संबंधित निर्णय लेने से सख्ती से बचें।,1
money_C1_hwa_df_fire,state,"अभिव्यक्ति में रुकावट के कारण आपकी भावनाओं को ठीक से व्यक्त नहीं किया जाना आसान है, और उत्तेजित ऊर्जा आपकी शांति को बिखेर सकती है और छोटी-मोटी गलतियों को जन्म दे सकती है।",1
money_C1_hwa_df_water,intro,यह वह दिन है जब आपके पास धन की भावना लगभग खत्म हो गई है और आवेगपूर्ण खर्च करने का जोखिम बहुत अधिक है।,1
money_C1_hwa_df_water,effect,धन का गलत एहसास बड़े नुकसान का कारण बन सकता है।,1
money_C1_hwa_df_water,action,आज अपने वित्त से संबंधित निर्णय लेने से सख्ती से बचें।,1
money_C1_hwa_df_water,state,"चूँकि अभिव्यक्तियाँ अवरुद्ध हैं, इसलिए आपकी भावनाओं को ठीक से व्यक्त नहीं किया जाना आसान है, और बारिश और बर्फ की ऊर्जा आपकी भावनाओं को शांत नहीं कर सकती है, जिससे आपका दिल भारी हो सकता है।",1
money_C1_hwa_df_wood,intro,यह वह दिन है जब आपके पास धन की भावना लगभग खत्म हो गई है और आवेगपूर्ण खर्च करने का जोखिम बहुत अधिक है।,1
money_C1_hwa_df_wood,effect,धन का गलत एहसास बड़े नुकसान का कारण बन सकता है।,1
money_C1_hwa_df_wood,action,आज अपने वित्त से संबंधित निर्णय लेने से सख्ती से बचें।,1
money_C1_hwa_df_wood,state,"अभिव्यक्ति में रुकावट के कारण आपकी भावनाओं को ठीक से व्यक्त नहीं किया जाना आसान है, और परिवर्तन की ऊर्जा आपकी योजनाओं में हस्तक्षेप और बाधा डाल सकती है।",1
money_C1_hwa_ex_earth,intro,यह वह दिन है जब आपके पास धन की भावना लगभग खत्म हो गई है और आवेगपूर्ण खर्च करने का जोखिम बहुत अधिक है।,1
money_C1_hwa_ex_earth,effect,धन का गलत एहसास बड़े नुकसान का कारण बन सकता है।,1
money_C1_hwa_ex_earth,action,आज अपने वित्त से संबंधित निर्णय लेने से सख्ती से बचें।,1
money_C1_hwa_ex_earth,state,"भावनाओं के लिए छोटी-छोटी बातों पर भी घर्षण पैदा करना आसान होता है, और धुंधली ऊर्जा प्रेरणा और अस्पष्ट निर्णय को कम कर सकती है।",1
money_C1_hwa_ex_fire,intro,यह वह दिन है जब आपके पास धन की भावना लगभग खत्म हो गई है और आवेगपूर्ण खर्च करने का जोखिम बहुत अधिक है।,1
money_C1_hwa_ex_fire,effect,धन का गलत एहसास बड़े नुकसान का कारण बन सकता है।,1
money_C1_hwa_ex_fire,action,आज अपने वित्त से संबंधित निर्णय लेने से सख्ती से बचें।,1
money_C1_hwa_ex_fire,state,"भावनाओं के लिए छोटी-छोटी बातों पर भी घर्षण पैदा करना आसान है, और उत्तेजित ऊर्जा आपकी शांति को भंग कर सकती है और छोटी-छोटी गलतियों को जन्म दे सकती है।",1
money_C1_hwa_ex_water,intro,यह वह दिन है जब आपके पास धन की भावना लगभग खत्म हो गई है और आवेगपूर्ण खर्च करने का जोखिम बहुत अधिक है।,1
money_C1_hwa_ex_water,effect,धन का गलत एहसास बड़े नुकसान का कारण बन सकता है।,1
money_C1_hwa_ex_water,action,आज अपने वित्त से संबंधित निर्णय लेने से सख्ती से बचें।,1
money_C1_hwa_ex_water,state,"छोटी-छोटी बातों पर भी भावनाएँ उत्पन्न होना आसान है, और बारिश और बर्फ़ की ऊर्जा आपकी भावनाओं को शांत नहीं कर पाती है, जिससे आपका दिल भारी हो जाता है।",1
money_C1_hwa_ex_wood,intro,यह वह दिन है जब आपके पास धन की भावना लगभग खत्म हो गई है और आवेगपूर्ण खर्च करने का जोखिम बहुत अधिक है।,1
money_C1_hwa_ex_wood,effect,धन का गलत एहसास बड़े नुकसान का कारण बन सकता है।,1
money_C1_hwa_ex_wood,action,आज अपने वित्त से संबंधित निर्णय लेने से सख्ती से बचें।,1
money_C1_hwa_ex_wood,state,"यदि आप भावनात्मक रूप से प्रेरित हैं, तो छोटी-छोटी बातों पर भी मनमुटाव पैदा होना आसान है, और परिवर्तन की ऊर्जा आपकी योजनाओं में हस्तक्षेप और बाधा डालती रह सकती है।",1
money_C1_mok_df_earth,intro,यह वह दिन है जब धन वृद्धि पूरी तरह से रुक जाती है और आय के स्रोत अवरुद्ध हो जाते हैं।,1
money_C1_mok_df_earth,effect,"आय चैनल अवरुद्ध हो सकते हैं, जिससे आय में भारी गिरावट आ सकती है।",1
money_C1_mok_df_earth,action,जितना संभव हो सके अपने खर्च को सीमित करें और अपनी मौजूदा संपत्ति की रक्षा करें।,1
money_C1_mok_df_earth,state,"यदि आप लंबे समय तक झिझकते हैं, तो अवसर आपके हाथ से निकल जाना आसान है, और धूमिल ऊर्जा प्रेरणा को कम कर सकती है और आपके निर्णय को धूमिल कर सकती है।",1
money_C1_mok_df_fire,intro,यह वह दिन है जब धन वृद्धि पूरी तरह से रुक जाती है और आय के स्रोत अवरुद्ध हो जाते हैं।,1
money_C1_mok_df_fire,effect,"आय चैनल अवरुद्ध हो सकते हैं, जिससे आय में भारी गिरावट आ सकती है।",1
money_C1_mok_df_fire,action,जितना संभव हो सके अपने खर्च को सीमित करें और अपनी मौजूदा संपत्ति की रक्षा करें।,1
money_C1_mok_df_fire,state,"यदि आप लंबे समय तक झिझकते हैं, तो अवसर आपके हाथ से निकल जाना आसान है, और उत्साहित ऊर्जा आपकी शांति को नष्ट कर सकती है और छोटी-मोटी गलतियों को जन्म दे सकती है।",1
money_C1_mok_df_water,intro,यह वह दिन है जब धन वृद्धि पूरी तरह से रुक जाती है और आय के स्रोत अवरुद्ध हो जाते हैं।,1
money_C1_mok_df_water,effect,"आय चैनल अवरुद्ध हो सकते हैं, जिससे आय में भारी गिरावट आ सकती है।",1
money_C1_mok_df_water,action,जितना संभव हो सके अपने खर्च को सीमित करें और अपनी मौजूदा संपत्ति की रक्षा करें।,1
money_C1_mok_df_water,state,"यदि आप लंबे समय तक झिझकते हैं, तो अवसर आसानी से आपके हाथ से निकल जाता है, और बारिश और बर्फ की ऊर्जा आपकी भावनाओं को शांत नहीं कर पाती है, जिससे आपका दिल भारी हो जाता है।",1
money_C1_mok_df_wood,intro,यह वह दिन है जब धन वृद्धि पूरी तरह से रुक जाती है और आय के स्रोत अवरुद्ध हो जाते हैं।,1
money_C1_mok_df_wood,effect,"आय चैनल अवरुद्ध हो सकते हैं, जिससे आय में भारी गिरावट आ सकती है।",1
money_C1_mok_df_wood,action,जितना संभव हो सके अपने खर्च को सीमित करें और अपनी मौजूदा संपत्ति की रक्षा करें।,1
money_C1_mok_df_wood,state,"यदि आप लंबे समय तक झिझकते हैं, तो अवसर आपके हाथ से निकल जाना आसान है, और परिवर्तन की ऊर्जा हस्तक्षेप करती रह सकती है और आपकी योजनाओं को बाधित कर सकती है।",1
money_C1_mok_ex_earth,intro,यह वह दिन है जब धन वृद्धि पूरी तरह से रुक जाती है और आय के स्रोत अवरुद्ध हो जाते हैं।,1
money_C1_mok_ex_earth,effect,"आय चैनल अवरुद्ध हो सकते हैं, जिससे आय में भारी गिरावट आ सकती है।",1
money_C1_mok_ex_earth,action,जितना संभव हो सके अपने खर्च को सीमित करें और अपनी मौजूदा संपत्ति की रक्षा करें।,1
money_C1_mok_ex_earth,state,"लालच के लिए उन चीज़ों की ओर ले जाना आसान है जिन्हें समझा नहीं जा सकता है, और अस्पष्ट ऊर्जा प्रेरणा और अस्पष्ट निर्णय को कम कर सकती है।",1
money_C1_mok_ex_fire,intro,यह वह दिन है जब धन वृद्धि पूरी तरह से रुक जाती है और आय के स्रोत अवरुद्ध हो जाते हैं।,1
money_C1_mok_ex_fire,effect,"आय चैनल अवरुद्ध हो सकते हैं, जिससे आय में भारी गिरावट आ सकती है।",1
money_C1_mok_ex_fire,action,जितना संभव हो सके अपने खर्च को सीमित करें और अपनी मौजूदा संपत्ति की रक्षा करें।,1
money_C1_mok_ex_fire,state,"लालच करना और ऐसे काम करना आसान है जिन पर आप नियंत्रण नहीं कर सकते, और उत्तेजित ऊर्जा आपकी शांति को भंग कर सकती है और छोटी-मोटी गलतियों को जन्म दे सकती है।",1
money_C1_mok_ex_water,intro,यह वह दिन है जब धन वृद्धि पूरी तरह से रुक जाती है और आय के स्रोत अवरुद्ध हो जाते हैं।,1
money_C1_mok_ex_water,effect,"आय चैनल अवरुद्ध हो सकते हैं, जिससे आय में भारी गिरावट आ सकती है।",1
money_C1_mok_ex_water,action,जितना संभव हो सके अपने खर्च को सीमित करें और अपनी मौजूदा संपत्ति की रक्षा करें।,1
money_C1_mok_ex_water,state,"लालच करना और ऐसे काम करना आसान है जिन्हें आप नियंत्रित नहीं कर सकते, और बारिश और बर्फ की ऊर्जा आपकी भावनाओं को शांत नहीं कर सकती है, जिससे आपका दिल भारी हो जाता है।",1
money_C1_mok_ex_wood,intro,यह वह दिन है जब धन वृद्धि पूरी तरह से रुक जाती है और आय के स्रोत अवरुद्ध हो जाते हैं।,1
money_C1_mok_ex_wood,effect,"आय चैनल अवरुद्ध हो सकते हैं, जिससे आय में भारी गिरावट आ सकती है।",1
money_C1_mok_ex_wood,action,जितना संभव हो सके अपने खर्च को सीमित करें और अपनी मौजूदा संपत्ति की रक्षा करें।,1
money_C1_mok_ex_wood,state,"लालची होना और ऐसे काम करना आसान है जिन्हें आप नियंत्रित नहीं कर सकते, और परिवर्तन की ऊर्जा आपकी योजनाओं में हस्तक्षेप और बाधा डाल सकती है।",1
money_C1_su_df_earth,intro,यह एक ऐसा दिन है जब धन का प्रवाह पूरी तरह से उलट जाता है और घाटा जारी रहता है।,1
money_C1_su_df_earth,effect,गलत समय पर लिया गया वित्तीय निर्णय नुकसान को बढ़ा देता है।,1
money_C1_su_df_earth,action,आज के सभी वित्तीय निर्णय कल तक के लिए टाल दें।,1
money_C1_su_df_earth,state,"जिद्दी होना और बार-बार चीजों पर नज़र रखना आसान है, और धूमिल ऊर्जा प्रेरणा को कम कर सकती है और आपके निर्णय को धूमिल कर सकती है।",1
money_C1_su_df_fire,intro,यह एक ऐसा दिन है जब धन का प्रवाह पूरी तरह से उलट जाता है और घाटा जारी रहता है।,1
money_C1_su_df_fire,effect,गलत समय पर लिया गया वित्तीय निर्णय नुकसान को बढ़ा देता है।,1
money_C1_su_df_fire,action,आज के सभी वित्तीय निर्णय कल तक के लिए टाल दें।,1
money_C1_su_df_fire,state,"जिद्दी होना और प्रवाह का ट्रैक खोना आसान है, और उत्तेजित ऊर्जा आपकी शांति को भंग कर सकती है और छोटी-मोटी गलतियों को जन्म दे सकती है।",1
money_C1_su_df_water,intro,यह एक ऐसा दिन है जब धन का प्रवाह पूरी तरह से उलट जाता है और घाटा जारी रहता है।,1
money_C1_su_df_water,effect,गलत समय पर लिया गया वित्तीय निर्णय नुकसान को बढ़ा देता है।,1
money_C1_su_df_water,action,आज के सभी वित्तीय निर्णय कल तक के लिए टाल दें।,1
money_C1_su_df_water,state,"जिद्दी बनना और प्रवाह का ट्रैक खोना आसान है, और बारिश और बर्फ की ऊर्जा आपकी भावनाओं को शांत नहीं कर सकती है, जिससे आपका दिल भारी हो जाता है।",1
money_C1_su_df_wood,intro,यह एक ऐसा दिन है जब धन का प्रवाह पूरी तरह से उलट जाता है और घाटा जारी रहता है।,1
money_C1_su_df_wood,effect,गलत समय पर लिया गया वित्तीय निर्णय नुकसान को बढ़ा देता है।,1
money_C1_su_df_wood,action,आज के सभी वित्तीय निर्णय कल तक के लिए टाल दें।,1
money_C1_su_df_wood,state,"ज़िद्दी होना और बार-बार चीज़ों से भटक जाना आसान है, और परिवर्तन की ऊर्जा आपकी योजनाओं में हस्तक्षेप और बाधा डाल सकती है।",1
money_C1_su_ex_earth,intro,यह एक ऐसा दिन है जब धन का प्रवाह पूरी तरह से उलट जाता है और घाटा जारी रहता है।,1
money_C1_su_ex_earth,effect,गलत समय पर लिया गया वित्तीय निर्णय नुकसान को बढ़ा देता है।,1
money_C1_su_ex_earth,action,आज के सभी वित्तीय निर्णय कल तक के लिए टाल दें।,1
money_C1_su_ex_earth,state,"भावनाएँ गहरी हो जाती हैं, इसलिए छोटी-छोटी उत्तेजनाओं से भी हिलना आसान होता है, और धुंधली ऊर्जा प्रेरणा और बादल निर्णय को कम कर सकती है।",1
money_C1_su_ex_fire,intro,यह एक ऐसा दिन है जब धन का प्रवाह पूरी तरह से उलट जाता है और घाटा जारी रहता है।,1
money_C1_su_ex_fire,effect,गलत समय पर लिया गया वित्तीय निर्णय नुकसान को बढ़ा देता है।,1
money_C1_su_ex_fire,action,आज के सभी वित्तीय निर्णय कल तक के लिए टाल दें।,1
money_C1_su_ex_fire,state,"भावनाएँ गहरी हो जाती हैं, इसलिए थोड़ी सी भी उत्तेजना से हिलना आसान होता है, और उत्तेजित ऊर्जा शांति को भंग कर सकती है और छोटी-मोटी गलतियाँ कर सकती है।",1
money_C1_su_ex_water,intro,यह एक ऐसा दिन है जब धन का प्रवाह पूरी तरह से उलट जाता है और घाटा जारी रहता है।,1
money_C1_su_ex_water,effect,गलत समय पर लिया गया वित्तीय निर्णय नुकसान को बढ़ा देता है।,1
money_C1_su_ex_water,action,आज के सभी वित्तीय निर्णय कल तक के लिए टाल दें।,1
money_C1_su_ex_water,state,"जैसे-जैसे भावनाएँ गहरी होती जाती हैं, थोड़ी सी भी उत्तेजना से हिलना आसान हो जाता है, और बारिश और बर्फ़ की ऊर्जा भावनाओं को शांत नहीं कर पाती है, जिससे दिल भारी हो जाता है।",1
money_C1_su_ex_wood,intro,यह एक ऐसा दिन है जब धन का प्रवाह पूरी तरह से उलट जाता है और घाटा जारी रहता है।,1
money_C1_su_ex_wood,effect,गलत समय पर लिया गया वित्तीय निर्णय नुकसान को बढ़ा देता है।,1
money_C1_su_ex_wood,action,आज के सभी वित्तीय निर्णय कल तक के लिए टाल दें।,1
money_C1_su_ex_wood,state,"जैसे-जैसे आपकी भावनाएँ गहरी होती जाती हैं, थोड़ी सी भी उत्तेजना से हिलना आसान हो जाता है, और परिवर्तन की ऊर्जा आपकी योजनाओं में हस्तक्षेप और बाधा डालती रह सकती है।",1
money_C1_to_df_earth,intro,यह वह दिन है जब आपका वित्तीय आधार गंभीर रूप से कमजोर हो गया है और कोई भी खर्च जोखिम भरा है।,1
money_C1_to_df_earth,effect,अस्थिर वित्तीय आधार से लगातार नुकसान हो सकता है।,1
money_C1_to_df_earth,action,बस न्यूनतम आवश्यक चीजें खर्च करें और बाकी सब कुछ रोक दें।,1
money_C1_to_df_earth,state,"चूँकि आप केन्द्रित नहीं हैं, इसलिए आपके निर्णयों को बदलना आसान है, और धूमिल ऊर्जा प्रेरणा को कम कर सकती है और आपके निर्णय को धूमिल कर सकती है।",1
money_C1_to_df_fire,intro,यह वह दिन है जब आपका वित्तीय आधार गंभीर रूप से कमजोर हो गया है और कोई भी खर्च जोखिम भरा है।,1
money_C1_to_df_fire,effect,अस्थिर वित्तीय आधार से लगातार नुकसान हो सकता है।,1
money_C1_to_df_fire,action,बस न्यूनतम आवश्यक चीजें खर्च करें और बाकी सब कुछ रोक दें।,1
money_C1_to_df_fire,state,"चूँकि आप केन्द्रित नहीं हैं, इसलिए आपके निर्णयों को बदलना आसान है, और आपकी उत्तेजित ऊर्जा आपकी शांति को नष्ट कर सकती है और छोटी-मोटी गलतियों को जन्म दे सकती है।",1
money_C1_to_df_water,intro,यह वह दिन है जब आपका वित्तीय आधार गंभीर रूप से कमजोर हो गया है और कोई भी खर्च जोखिम भरा है।,1
money_C1_to_df_water,effect,अस्थिर वित्तीय आधार से लगातार नुकसान हो सकता है।,1
money_C1_to_df_water,action,बस न्यूनतम आवश्यक चीजें खर्च करें और बाकी सब कुछ रोक दें।,1
money_C1_to_df_water,state,"क्योंकि आप केंद्रित नहीं हैं, इसलिए आपके निर्णय बदलना आसान है, और बारिश और बर्फ की ऊर्जा आपकी भावनाओं को शांत नहीं कर सकती है, जिससे आपका दिल भारी हो जाता है।",1
money_C1_to_df_wood,intro,यह वह दिन है जब आपका वित्तीय आधार गंभीर रूप से कमजोर हो गया है और कोई भी खर्च जोखिम भरा है।,1
money_C1_to_df_wood,effect,अस्थिर वित्तीय आधार से लगातार नुकसान हो सकता है।,1
money_C1_to_df_wood,action,बस न्यूनतम आवश्यक चीजें खर्च करें और बाकी सब कुछ रोक दें।,1
money_C1_to_df_wood,state,"चूँकि आप केन्द्रित नहीं हैं, इसलिए आपके निर्णयों को बदलना आसान है, और परिवर्तन की ऊर्जा आपकी योजनाओं में हस्तक्षेप कर सकती है।",1
money_C1_to_ex_earth,intro,यह वह दिन है जब आपका वित्तीय आधार गंभीर रूप से कमजोर हो गया है और कोई भी खर्च जोखिम भरा है।,1
money_C1_to_ex_earth,effect,अस्थिर वित्तीय आधार से लगातार नुकसान हो सकता है।,1
money_C1_to_ex_earth,action,बस न्यूनतम आवश्यक चीजें खर्च करें और बाकी सब कुछ रोक दें।,1
money_C1_to_ex_earth,state,"उन परिवर्तनों को अनदेखा करना आसान है जिनके लिए जिद्दी स्थिरता अभिविन्यास की आवश्यकता होती है, और बादल वाली ऊर्जा प्रेरणा और बादल निर्णय को कम कर सकती है।",1
money_C1_to_ex_fire,intro,यह वह दिन है जब आपका वित्तीय आधार गंभीर रूप से कमजोर हो गया है और कोई भी खर्च जोखिम भरा है।,1
money_C1_to_ex_fire,effect,अस्थिर वित्तीय आधार से लगातार नुकसान हो सकता है।,1
money_C1_to_ex_fire,action,बस न्यूनतम आवश्यक चीजें खर्च करें और बाकी सब कुछ रोक दें।,1
money_C1_to_ex_fire,state,"उन परिवर्तनों को अनदेखा करना आसान है जिनके लिए जिद्दी स्थिरता की आवश्यकता होती है, और उत्तेजित ऊर्जा शांति को परेशान कर सकती है और छोटी गलतियों को जन्म दे सकती है।",1
money_C1_to_ex_water,intro,यह वह दिन है जब आपका वित्तीय आधार गंभीर रूप से कमजोर हो गया है और कोई भी खर्च जोखिम भरा है।,1
money_C1_to_ex_water,effect,अस्थिर वित्तीय आधार से लगातार नुकसान हो सकता है।,1
money_C1_to_ex_water,action,बस न्यूनतम आवश्यक चीजें खर्च करें और बाकी सब कुछ रोक दें।,1
money_C1_to_ex_water,state,"उन परिवर्तनों को अनदेखा करना आसान है जिनके लिए जिद्दी स्थिरता की आवश्यकता होती है, और बारिश और बर्फ की ऊर्जा आपकी भावनाओं को शांत नहीं कर सकती है, जिससे आपका दिल भारी हो जाता है।",1
money_C1_to_ex_wood,intro,यह वह दिन है जब आपका वित्तीय आधार गंभीर रूप से कमजोर हो गया है और कोई भी खर्च जोखिम भरा है।,1
money_C1_to_ex_wood,effect,अस्थिर वित्तीय आधार से लगातार नुकसान हो सकता है।,1
money_C1_to_ex_wood,action,बस न्यूनतम आवश्यक चीजें खर्च करें और बाकी सब कुछ रोक दें।,1
money_C1_to_ex_wood,state,"उन परिवर्तनों को अनदेखा करना आसान है जिनके लिए जिद्दी स्थिरता अभिविन्यास की आवश्यकता होती है, और परिवर्तन की ऊर्जा आपकी योजनाओं में हस्तक्षेप और बाधित कर सकती है।",1
money_D,intro,"धन ऊर्जा आज पूरी तरह से बंद है, इसलिए किसी भी वित्तीय कार्य को न्यूनतम रखा जाना चाहिए।",1
money_D,intro,"आज ऐसा समय है जब धन का प्रवाह उल्टा हो गया है, इसलिए जितना संभव हो सके खर्च को रोकना सर्वोच्च प्राथमिकता है।",1
money_D,effect,आपको सतर्क रहना चाहिए क्योंकि अप्रत्याशित बड़े खर्च या वित्तीय नुकसान हो सकते हैं।,1
money_D,effect,"यह एक ऐसा दिन है जब सभी वित्तीय गतिविधियों में गलतियों की संभावना अधिक होती है, इसलिए जितना संभव हो लेनदेन या भुगतान को स्थगित करना सुरक्षित है।",1
money_D,action,बेहतर होगा कि आज अपना बटुआ पूरी तरह से बंद कर दें और सभी वित्तीय निर्णय कल तक के लिए स्थगित कर दें।,1
money_D,action,कभी भी अनियोजित पैसा खर्च न करें और बस अपने बैंक खाते की शेष राशि की जांच करें।,1
money_D_geum_df_earth,intro,यह वह दिन है जब आपका वित्तीय भाग्य अपने सबसे निचले स्तर पर है और सभी वित्तीय निर्णय जोखिम भरे हैं।,1
money_D_geum_df_earth,effect,"धन के बारे में आपका निर्णय अत्यधिक अस्पष्ट हो जाता है, और आप जो भी निर्णय लेंगे उससे हानि होगी।",1
money_D_geum_df_earth,action,आज पैसों से जुड़ा कोई भी काम करना बिल्कुल बंद कर दें।,1
money_D_geum_df_earth,state,"आपका दृढ़ संकल्प बहुत टूट सकता है, और आपके द्वारा चुने गए किसी भी विकल्प के परिणामस्वरूप पछतावा हो सकता है, और मोटी, धुंधली ऊर्जा हर चीज को बहुत धीमा कर सकती है।",1
money_D_geum_df_fire,intro,यह वह दिन है जब आपका वित्तीय भाग्य अपने सबसे निचले स्तर पर है और सभी वित्तीय निर्णय जोखिम भरे हैं।,1
money_D_geum_df_fire,effect,"धन के बारे में आपका निर्णय अत्यधिक अस्पष्ट हो जाता है, और आप जो भी निर्णय लेंगे उससे हानि होगी।",1
money_D_geum_df_fire,action,आज पैसों से जुड़ा कोई भी काम करना बिल्कुल बंद कर दें।,1
money_D_geum_df_fire,state,"निर्णय लेने की क्षमता को बहुत कमजोर किया जा सकता है, और कोई भी विकल्प पछतावे का कारण बन सकता है, और मजबूत यांग आवेगों को प्रोत्साहित कर सकता है और लापरवाह कार्यों को जन्म दे सकता है।",1
money_D_geum_df_water,intro,यह वह दिन है जब आपका वित्तीय भाग्य अपने सबसे निचले स्तर पर है और सभी वित्तीय निर्णय जोखिम भरे हैं।,1
money_D_geum_df_water,effect,"धन के बारे में आपका निर्णय अत्यधिक अस्पष्ट हो जाता है, और आप जो भी निर्णय लेंगे उससे हानि होगी।",1
money_D_geum_df_water,action,आज पैसों से जुड़ा कोई भी काम करना बिल्कुल बंद कर दें।,1
money_D_geum_df_water,state,"आपका दृढ़ संकल्प बुरी तरह टूट सकता है, और आपके द्वारा चुने गए किसी भी विकल्प के परिणामस्वरूप पछतावा हो सकता है, और भारी बारिश और बर्फ़ की तीव्रता आपकी भावनाओं को हिंसक रूप से झकझोर सकती है, जिससे उन्हें नियंत्रित करना मुश्किल हो जाएगा।",1
money_D_geum_df_wood,intro,यह वह दिन है जब आपका वित्तीय भाग्य अपने सबसे निचले स्तर पर है और सभी वित्तीय निर्णय जोखिम भरे हैं।,1
money_D_geum_df_wood,effect,"धन के बारे में आपका निर्णय अत्यधिक अस्पष्ट हो जाता है, और आप जो भी निर्णय लेंगे उससे हानि होगी।",1
money_D_geum_df_wood,action,आज पैसों से जुड़ा कोई भी काम करना बिल्कुल बंद कर दें।,1
money_D_geum_df_wood,state,"आपका दृढ़ संकल्प बुरी तरह टूट सकता है, आपके द्वारा किया गया कोई भी विकल्प पछतावे में समाप्त हो सकता है, और परिवर्तन की प्रचंड ऊर्जा के कारण आपकी सभी भविष्यवाणियाँ भटक सकती हैं।",1
money_D_geum_ex_earth,intro,यह वह दिन है जब आपका वित्तीय भाग्य अपने सबसे निचले स्तर पर है और सभी वित्तीय निर्णय जोखिम भरे हैं।,1
money_D_geum_ex_earth,effect,"धन के बारे में आपका निर्णय अत्यधिक अस्पष्ट हो जाता है, और आप जो भी निर्णय लेंगे उससे हानि होगी।",1
money_D_geum_ex_earth,action,आज पैसों से जुड़ा कोई भी काम करना बिल्कुल बंद कर दें।,1
money_D_geum_ex_earth,state,"यदि तीक्ष्णता बहुत दूर तक जाती है, तो यह आसपास के वातावरण के साथ एक गहरी दरार पैदा कर सकती है, और घनी बादल वाली ऊर्जा हर चीज़ को बहुत धीमा कर सकती है।",1
money_D_geum_ex_fire,intro,यह वह दिन है जब आपका वित्तीय भाग्य अपने सबसे निचले स्तर पर है और सभी वित्तीय निर्णय जोखिम भरे हैं।,1
money_D_geum_ex_fire,effect,"धन के बारे में आपका निर्णय अत्यधिक अस्पष्ट हो जाता है, और आप जो भी निर्णय लेंगे उससे हानि होगी।",1
money_D_geum_ex_fire,action,आज पैसों से जुड़ा कोई भी काम करना बिल्कुल बंद कर दें।,1
money_D_geum_ex_fire,state,"तीखापन बहुत दूर तक जा सकता है और आपके आस-पास के लोगों के साथ गहरी दरार पैदा कर सकता है, और मजबूत यांग आवेगों को प्रोत्साहित कर सकता है और लापरवाह कार्यों को जन्म दे सकता है।",1
money_D_geum_ex_water,intro,यह वह दिन है जब आपका वित्तीय भाग्य अपने सबसे निचले स्तर पर है और सभी वित्तीय निर्णय जोखिम भरे हैं।,1
money_D_geum_ex_water,effect,"धन के बारे में आपका निर्णय अत्यधिक अस्पष्ट हो जाता है, और आप जो भी निर्णय लेंगे उससे हानि होगी।",1
money_D_geum_ex_water,action,आज पैसों से जुड़ा कोई भी काम करना बिल्कुल बंद कर दें।,1
money_D_geum_ex_water,state,"तीव्रता बहुत दूर तक जा सकती है और आसपास के वातावरण में गहरी दरारें पैदा कर सकती है, और भारी बारिश और बर्फ की ताकत आपकी भावनाओं को हिंसक रूप से झकझोर सकती है, जिससे उन्हें नियंत्रित करना मुश्किल हो जाता है।",1
money_D_geum_ex_wood,intro,यह वह दिन है जब आपका वित्तीय भाग्य अपने सबसे निचले स्तर पर है और सभी वित्तीय निर्णय जोखिम भरे हैं।,1
money_D_geum_ex_wood,effect,"धन के बारे में आपका निर्णय अत्यधिक अस्पष्ट हो जाता है, और आप जो भी निर्णय लेंगे उससे हानि होगी।",1
money_D_geum_ex_wood,action,आज पैसों से जुड़ा कोई भी काम करना बिल्कुल बंद कर दें।,1
money_D_geum_ex_wood,state,"तीक्ष्णता बहुत दूर तक जा सकती है और परिवेश में गहरी दरारें पैदा कर सकती है, और परिवर्तन की प्रचंड ऊर्जा सभी भविष्यवाणियों को भटका सकती है।",1
money_D_hwa_df_earth,intro,"यह एक ऐसा दिन है जब आपकी वित्तीय अंतर्ज्ञान पूरी तरह से अवरुद्ध हो सकता है, जिससे सबसे खराब निर्णय हो सकते हैं।",1
money_D_hwa_df_earth,effect,धन की ग़लत भावना अपूरणीय हानि उत्पन्न करती है।,1
money_D_hwa_df_earth,action,अपने भौतिक-संबंधी आवेगों को सख्ती से दबाएँ और दिन गुजारें।,1
money_D_hwa_df_earth,state,"किसी की भावनाओं को व्यक्त करने का रास्ता पूरी तरह से बंद है, जो गलतफहमियों और वियोग को गहरा कर सकता है, और मोटी, धुंधली ऊर्जा हर चीज को बहुत धीमा कर सकती है।",1
money_D_hwa_df_fire,intro,"यह एक ऐसा दिन है जब आपकी वित्तीय अंतर्ज्ञान पूरी तरह से अवरुद्ध हो सकता है, जिससे सबसे खराब निर्णय हो सकते हैं।",1
money_D_hwa_df_fire,effect,धन की ग़लत भावना अपूरणीय हानि उत्पन्न करती है।,1
money_D_hwa_df_fire,action,अपने भौतिक-संबंधी आवेगों को सख्ती से दबाएँ और दिन गुजारें।,1
money_D_hwa_df_fire,state,"किसी की भावनाओं को संप्रेषित करने का रास्ता पूरी तरह से बंद है, जिससे गलतफहमी और अलगाव गहरा हो सकता है, और मजबूत सकारात्मक ऊर्जा आवेगों को प्रोत्साहित कर सकती है और लापरवाह कार्यों को जन्म दे सकती है।",1
money_D_hwa_df_water,intro,"यह एक ऐसा दिन है जब आपकी वित्तीय अंतर्ज्ञान पूरी तरह से अवरुद्ध हो सकता है, जिससे सबसे खराब निर्णय हो सकते हैं।",1
money_D_hwa_df_water,effect,धन की ग़लत भावना अपूरणीय हानि उत्पन्न करती है।,1
money_D_hwa_df_water,action,अपने भौतिक-संबंधी आवेगों को सख्ती से दबाएँ और दिन गुजारें।,1
money_D_hwa_df_water,state,"किसी की भावनाओं को संप्रेषित करने का रास्ता पूरी तरह से बंद है, जिससे गलतफहमियां और वियोग गहरा सकता है, और भारी बारिश और बर्फ की ताकत भावनाओं को हिंसक रूप से झकझोर सकती है, जिससे उन्हें नियंत्रित करना मुश्किल हो जाता है।",1
money_D_hwa_df_wood,intro,"यह एक ऐसा दिन है जब आपकी वित्तीय अंतर्ज्ञान पूरी तरह से अवरुद्ध हो सकता है, जिससे सबसे खराब निर्णय हो सकते हैं।",1
money_D_hwa_df_wood,effect,धन की ग़लत भावना अपूरणीय हानि उत्पन्न करती है।,1
money_D_hwa_df_wood,action,अपने भौतिक-संबंधी आवेगों को सख्ती से दबाएँ और दिन गुजारें।,1
money_D_hwa_df_wood,state,"किसी की भावनाओं को संप्रेषित करने का रास्ता पूरी तरह से बंद हो जाता है, गलतफहमियाँ और वियोग गहरा हो सकता है, और परिवर्तन की उग्र ऊर्जा सभी भविष्यवाणियों को भटका सकती है।",1
money_D_hwa_ex_earth,intro,"यह एक ऐसा दिन है जब आपकी वित्तीय अंतर्ज्ञान पूरी तरह से अवरुद्ध हो सकता है, जिससे सबसे खराब निर्णय हो सकते हैं।",1
money_D_hwa_ex_earth,effect,धन की ग़लत भावना अपूरणीय हानि उत्पन्न करती है।,1
money_D_hwa_ex_earth,action,अपने भौतिक-संबंधी आवेगों को सख्ती से दबाएँ और दिन गुजारें।,1
money_D_hwa_ex_earth,state,"अत्यधिक गरम भावनाएँ एक अपूरणीय संघर्ष में फैल सकती हैं, और घनी बादल वाली ऊर्जा सब कुछ बहुत धीमा कर सकती है।",1
money_D_hwa_ex_fire,intro,"यह एक ऐसा दिन है जब आपकी वित्तीय अंतर्ज्ञान पूरी तरह से अवरुद्ध हो सकता है, जिससे सबसे खराब निर्णय हो सकते हैं।",1
money_D_hwa_ex_fire,effect,धन की ग़लत भावना अपूरणीय हानि उत्पन्न करती है।,1
money_D_hwa_ex_fire,action,अपने भौतिक-संबंधी आवेगों को सख्ती से दबाएँ और दिन गुजारें।,1
money_D_hwa_ex_fire,state,"अत्यधिक गरम भावनाएं अपरिवर्तनीय संघर्ष का कारण बन सकती हैं, और मजबूत यांग आवेगों को प्रोत्साहित कर सकता है और लापरवाह कार्यों को जन्म दे सकता है।",1
money_D_hwa_ex_water,intro,"यह एक ऐसा दिन है जब आपकी वित्तीय अंतर्ज्ञान पूरी तरह से अवरुद्ध हो सकता है, जिससे सबसे खराब निर्णय हो सकते हैं।",1
money_D_hwa_ex_water,effect,धन की ग़लत भावना अपूरणीय हानि उत्पन्न करती है।,1
money_D_hwa_ex_water,action,अपने भौतिक-संबंधी आवेगों को सख्ती से दबाएँ और दिन गुजारें।,1
money_D_hwa_ex_water,state,"अत्यधिक गरम भावनाएं एक अपूरणीय संघर्ष में फैल सकती हैं, और भारी बारिश और बर्फ की ताकत भावनाओं को हिंसक रूप से हिला देती है, जिससे नियंत्रण मुश्किल हो जाता है।",1
money_D_hwa_ex_wood,intro,"यह एक ऐसा दिन है जब आपकी वित्तीय अंतर्ज्ञान पूरी तरह से अवरुद्ध हो सकता है, जिससे सबसे खराब निर्णय हो सकते हैं।",1
money_D_hwa_ex_wood,effect,धन की ग़लत भावना अपूरणीय हानि उत्पन्न करती है।,1
money_D_hwa_ex_wood,action,अपने भौतिक-संबंधी आवेगों को सख्ती से दबाएँ और दिन गुजारें।,1
money_D_hwa_ex_wood,state,"अत्यधिक गरम भावनाएँ एक अपूरणीय संघर्ष में फैल सकती हैं, और परिवर्तन की उग्र ऊर्जा सभी भविष्यवाणियों को भटका सकती है।",1
money_D_mok_df_earth,intro,यह एक ऐसा दिन है जब धन का विस्तार पूरी तरह से अवरुद्ध हो जाता है और केवल हानि ही बढ़ती है।,1
money_D_mok_df_earth,effect,धन कमाने का हर प्रयास उल्टा पड़ता है और स्थिति को बदतर बना देता है।,1
money_D_mok_df_earth,action,सभी भौतिक गतिविधियाँ आज ही रोक दें और कल के लिए योजनाएँ बनाएं।,1
money_D_mok_df_earth,state,"डर आपको कार्रवाई करने से पूरी तरह से रोक सकता है और यहां तक ​​कि आपको अवसरों को खोने का कारण भी बन सकता है, और घनी बादल वाली ऊर्जा हर चीज को बहुत धीमा कर सकती है।",1
money_D_mok_df_fire,intro,यह एक ऐसा दिन है जब धन का विस्तार पूरी तरह से अवरुद्ध हो जाता है और केवल हानि ही बढ़ती है।,1
money_D_mok_df_fire,effect,धन कमाने का हर प्रयास उल्टा पड़ता है और स्थिति को बदतर बना देता है।,1
money_D_mok_df_fire,action,सभी भौतिक गतिविधियाँ आज ही रोक दें और कल के लिए योजनाएँ बनाएं।,1
money_D_mok_df_fire,state,"डर किसी कार्य को पूरी तरह से रोक सकता है और यहां तक कि अवसरों की हानि भी हो सकती है, और मजबूत सकारात्मक ऊर्जा आवेगों को प्रोत्साहित कर सकती है और लापरवाह कार्यों को जन्म दे सकती है।",1
money_D_mok_df_water,intro,यह एक ऐसा दिन है जब धन का विस्तार पूरी तरह से अवरुद्ध हो जाता है और केवल हानि ही बढ़ती है।,1
money_D_mok_df_water,effect,धन कमाने का हर प्रयास उल्टा पड़ता है और स्थिति को बदतर बना देता है।,1
money_D_mok_df_water,action,सभी भौतिक गतिविधियाँ आज ही रोक दें और कल के लिए योजनाएँ बनाएं।,1
money_D_mok_df_water,state,"डर आपको कार्रवाई करने से पूरी तरह से रोक सकता है और यहां तक कि आपके लिए अवसर भी खो सकता है, और भारी बारिश और बर्फबारी की ताकत आपकी भावनाओं को इतना हिला सकती है कि उन्हें नियंत्रित करना मुश्किल हो जाता है।",1
money_D_mok_df_wood,intro,यह एक ऐसा दिन है जब धन का विस्तार पूरी तरह से अवरुद्ध हो जाता है और केवल हानि ही बढ़ती है।,1
money_D_mok_df_wood,effect,धन कमाने का हर प्रयास उल्टा पड़ता है और स्थिति को बदतर बना देता है।,1
money_D_mok_df_wood,action,सभी भौतिक गतिविधियाँ आज ही रोक दें और कल के लिए योजनाएँ बनाएं।,1
money_D_mok_df_wood,state,"डर कार्रवाई को पूरी तरह से रोक सकता है और यहां तक कि अवसरों की हानि भी हो सकती है, और परिवर्तन की प्रचंड ऊर्जा सभी भविष्यवाणियों को भटका सकती है।",1
money_D_mok_ex_earth,intro,यह एक ऐसा दिन है जब धन का विस्तार पूरी तरह से अवरुद्ध हो जाता है और केवल हानि ही बढ़ती है।,1
money_D_mok_ex_earth,effect,धन कमाने का हर प्रयास उल्टा पड़ता है और स्थिति को बदतर बना देता है।,1
money_D_mok_ex_earth,action,सभी भौतिक गतिविधियाँ आज ही रोक दें और कल के लिए योजनाएँ बनाएं।,1
money_D_mok_ex_earth,state,"अनियंत्रित प्रेरणा अनुचित दुर्घटनाओं को जन्म दे सकती है, और घनी धुंधली ऊर्जा हर चीज़ को बहुत धीमा कर सकती है।",1
money_D_mok_ex_fire,intro,यह एक ऐसा दिन है जब धन का विस्तार पूरी तरह से अवरुद्ध हो जाता है और केवल हानि ही बढ़ती है।,1
money_D_mok_ex_fire,effect,धन कमाने का हर प्रयास उल्टा पड़ता है और स्थिति को बदतर बना देता है।,1
money_D_mok_ex_fire,action,सभी भौतिक गतिविधियाँ आज ही रोक दें और कल के लिए योजनाएँ बनाएं।,1
money_D_mok_ex_fire,state,"अनियंत्रित प्रेरणा अनुचित दुर्घटनाओं को जन्म दे सकती है, और मजबूत सकारात्मक ऊर्जा आवेगों को प्रोत्साहित कर सकती है और लापरवाह कार्यों को जन्म दे सकती है।",1
money_D_mok_ex_water,intro,यह एक ऐसा दिन है जब धन का विस्तार पूरी तरह से अवरुद्ध हो जाता है और केवल हानि ही बढ़ती है।,1
money_D_mok_ex_water,effect,धन कमाने का हर प्रयास उल्टा पड़ता है और स्थिति को बदतर बना देता है।,1
money_D_mok_ex_water,action,सभी भौतिक गतिविधियाँ आज ही रोक दें और कल के लिए योजनाएँ बनाएं।,1
money_D_mok_ex_water,state,"अनियंत्रित प्रेरणा अनुचित दुर्घटनाओं को जन्म दे सकती है, और भारी बारिश और बर्फ की ताकत भावनाओं को हिंसक रूप से हिला सकती है, जिससे नियंत्रण मुश्किल हो जाता है।",1
money_D_mok_ex_wood,intro,यह एक ऐसा दिन है जब धन का विस्तार पूरी तरह से अवरुद्ध हो जाता है और केवल हानि ही बढ़ती है।,1
money_D_mok_ex_wood,effect,धन कमाने का हर प्रयास उल्टा पड़ता है और स्थिति को बदतर बना देता है।,1
money_D_mok_ex_wood,action,सभी भौतिक गतिविधियाँ आज ही रोक दें और कल के लिए योजनाएँ बनाएं।,1
money_D_mok_ex_wood,state,"अनियंत्रित प्रेरणा अनुचित सोच को जन्म दे सकती है, और परिवर्तन की प्रचंड ऊर्जा सभी भविष्यवाणियों को भटका सकती है।",1
money_D_su_df_earth,intro,यह एक ऐसा दिन है जब धन का प्रवाह पूरी तरह से अवरुद्ध हो जाता है और कोई समय या अवसर नहीं होता है।,1
money_D_su_df_earth,effect,"सभी वित्तीय निर्णयों का समय समाप्त हो गया है, जिससे सबसे खराब परिणाम सामने आ रहे हैं।",1
money_D_su_df_earth,action,अपनी सभी वित्तीय योजनाएं रोकें और सुधार की प्रतीक्षा करें।,1
money_D_su_df_earth,state,"एक कठोर रवैया सभी प्रवाह को अवरुद्ध कर देता है, जिससे प्रगति कठिन हो जाती है, और मोटी, धुंधली ऊर्जा हर चीज को बहुत धीमा कर सकती है।",1
money_D_su_df_fire,intro,यह एक ऐसा दिन है जब धन का प्रवाह पूरी तरह से अवरुद्ध हो जाता है और कोई समय या अवसर नहीं होता है।,1
money_D_su_df_fire,effect,"सभी वित्तीय निर्णयों का समय समाप्त हो गया है, जिससे सबसे खराब परिणाम सामने आ रहे हैं।",1
money_D_su_df_fire,action,अपनी सभी वित्तीय योजनाएं रोकें और सुधार की प्रतीक्षा करें।,1
money_D_su_df_fire,state,"एक कठोर रवैया सभी प्रवाह को अवरुद्ध करता है, प्रगति को कठिन बनाता है, और मजबूत सकारात्मक ऊर्जा आवेगों को प्रोत्साहित कर सकती है और लापरवाह कार्यों को जन्म दे सकती है।",1
money_D_su_df_water,intro,यह एक ऐसा दिन है जब धन का प्रवाह पूरी तरह से अवरुद्ध हो जाता है और कोई समय या अवसर नहीं होता है।,1
money_D_su_df_water,effect,"सभी वित्तीय निर्णयों का समय समाप्त हो गया है, जिससे सबसे खराब परिणाम सामने आ रहे हैं।",1
money_D_su_df_water,action,अपनी सभी वित्तीय योजनाएं रोकें और सुधार की प्रतीक्षा करें।,1
money_D_su_df_water,state,"एक कठोर रवैया सभी प्रवाह को अवरुद्ध कर देता है, जिससे प्रगति मुश्किल हो जाती है, और भारी बारिश और बर्फ की ताकत भावनाओं को हिंसक रूप से हिला देती है, जिससे नियंत्रण मुश्किल हो जाता है।",1
money_D_su_df_wood,intro,यह एक ऐसा दिन है जब धन का प्रवाह पूरी तरह से अवरुद्ध हो जाता है और कोई समय या अवसर नहीं होता है।,1
money_D_su_df_wood,effect,"सभी वित्तीय निर्णयों का समय समाप्त हो गया है, जिससे सबसे खराब परिणाम सामने आ रहे हैं।",1
money_D_su_df_wood,action,अपनी सभी वित्तीय योजनाएं रोकें और सुधार की प्रतीक्षा करें।,1
money_D_su_df_wood,state,"एक कठोर रवैया सभी प्रवाह को अवरुद्ध कर देता है, जिससे प्रगति कठिन हो जाती है, और परिवर्तन की उग्र ऊर्जा सभी भविष्यवाणियों को भटका सकती है।",1
money_D_su_ex_earth,intro,यह एक ऐसा दिन है जब धन का प्रवाह पूरी तरह से अवरुद्ध हो जाता है और कोई समय या अवसर नहीं होता है।,1
money_D_su_ex_earth,effect,"सभी वित्तीय निर्णयों का समय समाप्त हो गया है, जिससे सबसे खराब परिणाम सामने आ रहे हैं।",1
money_D_su_ex_earth,action,अपनी सभी वित्तीय योजनाएं रोकें और सुधार की प्रतीक्षा करें।,1
money_D_su_ex_earth,state,"भावनाओं का तूफ़ान तर्क पर हावी हो सकता है और बड़ी ग़लतियों को जन्म दे सकता है, और मोटी, धुंधली ऊर्जा हर चीज़ को बहुत धीमा कर सकती है।",1
money_D_su_ex_fire,intro,यह एक ऐसा दिन है जब धन का प्रवाह पूरी तरह से अवरुद्ध हो जाता है और कोई समय या अवसर नहीं होता है।,1
money_D_su_ex_fire,effect,"सभी वित्तीय निर्णयों का समय समाप्त हो गया है, जिससे सबसे खराब परिणाम सामने आ रहे हैं।",1
money_D_su_ex_fire,action,अपनी सभी वित्तीय योजनाएं रोकें और सुधार की प्रतीक्षा करें।,1
money_D_su_ex_fire,state,"भावनाओं का सैलाब तर्क पर हावी हो सकता है और बड़ी गलतियों को जन्म दे सकता है, और मजबूत सकारात्मक ऊर्जा आवेगों को प्रोत्साहित कर सकती है और लापरवाह कार्यों को जन्म दे सकती है।",1
money_D_su_ex_water,intro,यह एक ऐसा दिन है जब धन का प्रवाह पूरी तरह से अवरुद्ध हो जाता है और कोई समय या अवसर नहीं होता है।,1
money_D_su_ex_water,effect,"सभी वित्तीय निर्णयों का समय समाप्त हो गया है, जिससे सबसे खराब परिणाम सामने आ रहे हैं।",1
money_D_su_ex_water,action,अपनी सभी वित्तीय योजनाएं रोकें और सुधार की प्रतीक्षा करें।,1
money_D_su_ex_water,state,"भावनाओं का सैलाब तर्क पर हावी हो सकता है और बड़ी ग़लतियों को जन्म दे सकता है, और भारी बारिश और बर्फ़ की तीव्रता भावनाओं को हिंसक रूप से झकझोर सकती है, जिससे उन्हें नियंत्रित करना मुश्किल हो जाता है।",1
money_D_su_ex_wood,intro,यह एक ऐसा दिन है जब धन का प्रवाह पूरी तरह से अवरुद्ध हो जाता है और कोई समय या अवसर नहीं होता है।,1
money_D_su_ex_wood,effect,"सभी वित्तीय निर्णयों का समय समाप्त हो गया है, जिससे सबसे खराब परिणाम सामने आ रहे हैं।",1
money_D_su_ex_wood,action,अपनी सभी वित्तीय योजनाएं रोकें और सुधार की प्रतीक्षा करें।,1
money_D_su_ex_wood,state,"भावनाओं का सैलाब तर्क पर हावी हो सकता है और बड़ी गलतियों को जन्म दे सकता है, और परिवर्तन की प्रचंड ऊर्जा सभी भविष्यवाणियों को भटका सकती है।",1
money_D_to_df_earth,intro,"आपकी वित्तीय नींव पूरी तरह से ढह गई है, इसलिए आज कोई भी वित्तीय कार्य जोखिम भरा है।",1
money_D_to_df_earth,effect,अस्थिर वित्तीय स्थिति के कारण अत्यधिक नुकसान होता है।,1
money_D_to_df_earth,action,आज वित्तीय निर्णय लेना पूरी तरह से बंद कर दें और स्थिरता खोजने पर ध्यान केंद्रित करें।,1
money_D_to_df_earth,state,"आप अपना संतुलन पूरी तरह से खो सकते हैं और सब कुछ नियंत्रण से बाहर हो सकता है, और घने बादलों वाली ऊर्जा हर चीज़ को बहुत धीमा कर सकती है।",1
money_D_to_df_fire,intro,"आपकी वित्तीय नींव पूरी तरह से ढह गई है, इसलिए आज कोई भी वित्तीय कार्य जोखिम भरा है।",1
money_D_to_df_fire,effect,अस्थिर वित्तीय स्थिति के कारण अत्यधिक नुकसान होता है।,1
money_D_to_df_fire,action,आज वित्तीय निर्णय लेना पूरी तरह से बंद कर दें और स्थिरता खोजने पर ध्यान केंद्रित करें।,1
money_D_to_df_fire,state,"यदि आप पूरी तरह से अपना संतुलन खो देते हैं, तो सब कुछ नियंत्रण से बाहर हो सकता है, और मजबूत यांग ऊर्जा आवेगों को प्रोत्साहित कर सकती है और आपको लापरवाह कार्यों के लिए प्रेरित कर सकती है।",1
money_D_to_df_water,intro,"आपकी वित्तीय नींव पूरी तरह से ढह गई है, इसलिए आज कोई भी वित्तीय कार्य जोखिम भरा है।",1
money_D_to_df_water,effect,अस्थिर वित्तीय स्थिति के कारण अत्यधिक नुकसान होता है।,1
money_D_to_df_water,action,आज वित्तीय निर्णय लेना पूरी तरह से बंद कर दें और स्थिरता खोजने पर ध्यान केंद्रित करें।,1
money_D_to_df_water,state,"आप पूरी तरह से अपना संतुलन खो सकते हैं और सब कुछ नियंत्रण से बाहर हो सकता है, और भारी बारिश और बर्फ़ की तीव्रता आपकी भावनाओं को इतना हिला सकती है कि उन्हें नियंत्रित करना मुश्किल हो जाता है।",1
money_D_to_df_wood,intro,"आपकी वित्तीय नींव पूरी तरह से ढह गई है, इसलिए आज कोई भी वित्तीय कार्य जोखिम भरा है।",1
money_D_to_df_wood,effect,अस्थिर वित्तीय स्थिति के कारण अत्यधिक नुकसान होता है।,1
money_D_to_df_wood,action,आज वित्तीय निर्णय लेना पूरी तरह से बंद कर दें और स्थिरता खोजने पर ध्यान केंद्रित करें।,1
money_D_to_df_wood,state,"यदि आप अपना संतुलन पूरी तरह से खो देते हैं, तो सब कुछ नियंत्रण से बाहर हो सकता है, और परिवर्तन की हिंसक ऊर्जा आपकी सभी भविष्यवाणियों को भटका सकती है।",1
money_D_to_ex_earth,intro,"आपकी वित्तीय नींव पूरी तरह से ढह गई है, इसलिए आज कोई भी वित्तीय कार्य जोखिम भरा है।",1
money_D_to_ex_earth,effect,अस्थिर वित्तीय स्थिति के कारण अत्यधिक नुकसान होता है।,1
money_D_to_ex_earth,action,आज वित्तीय निर्णय लेना पूरी तरह से बंद कर दें और स्थिरता खोजने पर ध्यान केंद्रित करें।,1
money_D_to_ex_earth,state,"परिवर्तन से इनकार करने से संकट बढ़ सकता है और पुनर्प्राप्ति कठिन हो सकती है, और घना, बादल भरा वातावरण सब कुछ बहुत धीमा कर सकता है।",1
money_D_to_ex_fire,intro,"आपकी वित्तीय नींव पूरी तरह से ढह गई है, इसलिए आज कोई भी वित्तीय कार्य जोखिम भरा है।",1
money_D_to_ex_fire,effect,अस्थिर वित्तीय स्थिति के कारण अत्यधिक नुकसान होता है।,1
money_D_to_ex_fire,action,आज वित्तीय निर्णय लेना पूरी तरह से बंद कर दें और स्थिरता खोजने पर ध्यान केंद्रित करें।,1
money_D_to_ex_fire,state,"परिवर्तन से इनकार करने से संकट बढ़ सकता है और पुनर्प्राप्ति कठिन हो सकती है, और मजबूत सकारात्मक ऊर्जा आवेगों को प्रोत्साहित कर सकती है और लापरवाह कार्यों को जन्म दे सकती है।",1
money_D_to_ex_water,intro,"आपकी वित्तीय नींव पूरी तरह से ढह गई है, इसलिए आज कोई भी वित्तीय कार्य जोखिम भरा है।",1
money_D_to_ex_water,effect,अस्थिर वित्तीय स्थिति के कारण अत्यधिक नुकसान होता है।,1
money_D_to_ex_water,action,आज वित्तीय निर्णय लेना पूरी तरह से बंद कर दें और स्थिरता खोजने पर ध्यान केंद्रित करें।,1
money_D_to_ex_water,state,"परिवर्तन से इनकार करने से संकट बढ़ सकता है और पुनर्प्राप्ति कठिन हो सकती है, और भारी बारिश और बर्फ़ की तीव्रता भावनाओं को हिंसक रूप से हिला सकती है, जिससे नियंत्रण मुश्किल हो जाता है।",1
money_D_to_ex_wood,intro,"आपकी वित्तीय नींव पूरी तरह से ढह गई है, इसलिए आज कोई भी वित्तीय कार्य जोखिम भरा है।",1
money_D_to_ex_wood,effect,अस्थिर वित्तीय स्थिति के कारण अत्यधिक नुकसान होता है।,1
money_D_to_ex_wood,action,आज वित्तीय निर्णय लेना पूरी तरह से बंद कर दें और स्थिरता खोजने पर ध्यान केंद्रित करें।,1
money_D_to_ex_wood,state,"परिवर्तन से इनकार करने से संकट बढ़ सकता है और पुनर्प्राप्ति कठिन हो सकती है, और परिवर्तन की प्रचंड ऊर्जा सभी भविष्यवाणियों को भटका सकती है।",1
work_A,intro,"आज वह दिन है जब आपके करियर की किस्मत खुलेगी, आपके प्रयासों को पहचान मिलेगी और अवसर आपके पास आएंगे।",1
work_A,intro,आज वह दिन है जब आपकी कार्य ऊर्जा अपने चरम पर होगी और आप कुछ भी हासिल कर सकते हैं।,1
work_A,effect,"आप उच्च एकाग्रता के साथ परिणाम प्राप्त कर सकते हैं, और आपके आस-पास के लोगों का समर्थन स्वाभाविक रूप से मिलता है।",1
work_A,effect,आज आप अपने काम से उत्कृष्ट परिणाम प्राप्त करेंगे और आपका विश्वास और मूल्यांकन बढ़ेगा।,1
work_A,action,सामान्य से अधिक ऊंचे लक्ष्य निर्धारित करें और साहसपूर्वक उनका पीछा करें।,1
work_A,action,अगर आप महत्वपूर्ण काम जल्दी निपटा लेंगे तो आज का दिन आपके प्रदर्शन को दोगुना कर देगा।,1
work_A_geum_df_earth,intro,यह वह दिन है जब आपकी कार्य क्षमता चरम पर होती है और आप किसी भी कार्य को स्पष्टता से निपटा सकते हैं।,1
work_A_geum_df_earth,effect,तीव्र कार्य एकाग्रता प्रदर्शन को अधिकतम करती है।,1
work_A_geum_df_earth,action,महत्वपूर्ण कार्यों पर अभी कार्यवाही करें।,1
work_A_geum_df_earth,state,"शांत निर्णय से विवेक बढ़ता है, जिससे गहरी अंतर्दृष्टि प्राप्त होती है, और शांत ऊर्जा से विवेक बढ़ता है, जिससे अच्छे परिणाम मिलते हैं।",1
work_A_geum_df_fire,intro,यह वह दिन है जब आपकी कार्य क्षमता चरम पर होती है और आप किसी भी कार्य को स्पष्टता से निपटा सकते हैं।,1
work_A_geum_df_fire,effect,तीव्र कार्य एकाग्रता प्रदर्शन को अधिकतम करती है।,1
work_A_geum_df_fire,action,महत्वपूर्ण कार्यों पर अभी कार्यवाही करें।,1
work_A_geum_df_fire,state,"शांत निर्णय विवेक को बढ़ाता है, गहरी अंतर्दृष्टि की ओर ले जाता है, और स्पष्ट ऊर्जा जीवन शक्ति को बढ़ाती है और एक अच्छा प्रवाह बनाती है।",1
work_A_geum_df_water,intro,यह वह दिन है जब आपकी कार्य क्षमता चरम पर होती है और आप किसी भी कार्य को स्पष्टता से निपटा सकते हैं।,1
work_A_geum_df_water,effect,तीव्र कार्य एकाग्रता प्रदर्शन को अधिकतम करती है।,1
work_A_geum_df_water,action,महत्वपूर्ण कार्यों पर अभी कार्यवाही करें।,1
work_A_geum_df_water,state,"शांत निर्णय विवेक को बढ़ाता है और गहरी अंतर्दृष्टि की ओर ले जाता है, और नम ऊर्जा मन को गहराई से परिष्कृत करती है और स्पष्ट दृष्टि खोलती है।",1
work_A_geum_df_wood,intro,यह वह दिन है जब आपकी कार्य क्षमता चरम पर होती है और आप किसी भी कार्य को स्पष्टता से निपटा सकते हैं।,1
work_A_geum_df_wood,effect,तीव्र कार्य एकाग्रता प्रदर्शन को अधिकतम करती है।,1
work_A_geum_df_wood,action,महत्वपूर्ण कार्यों पर अभी कार्यवाही करें।,1
work_A_geum_df_wood,state,"शांत निर्णय विवेक को बढ़ाता है, गहरी अंतर्दृष्टि की ओर ले जाता है और गतिशील ऊर्जा नई संभावनाओं को खोलती है।",1
work_A_geum_ex_earth,intro,यह वह दिन है जब आपकी कार्य क्षमता चरम पर होती है और आप किसी भी कार्य को स्पष्टता से निपटा सकते हैं।,1
work_A_geum_ex_earth,effect,तीव्र कार्य एकाग्रता प्रदर्शन को अधिकतम करती है।,1
work_A_geum_ex_earth,action,महत्वपूर्ण कार्यों पर अभी कार्यवाही करें।,1
work_A_geum_ex_earth,state,"तीव्र निर्णय मूल में प्रवेश करता है और स्पष्ट निष्कर्ष की ओर ले जाता है, और शांत ऊर्जा विवेक को बढ़ाती है, जिससे अच्छे परिणाम मिलते हैं।",1
work_A_geum_ex_fire,intro,यह वह दिन है जब आपकी कार्य क्षमता चरम पर होती है और आप किसी भी कार्य को स्पष्टता से निपटा सकते हैं।,1
work_A_geum_ex_fire,effect,तीव्र कार्य एकाग्रता प्रदर्शन को अधिकतम करती है।,1
work_A_geum_ex_fire,action,महत्वपूर्ण कार्यों पर अभी कार्यवाही करें।,1
work_A_geum_ex_fire,state,"तीव्र निर्णय मूल में प्रवेश करता है और स्पष्ट निष्कर्ष निकालता है, और स्पष्ट ऊर्जा जीवन शक्ति को बढ़ाती है और एक अच्छा प्रवाह बनाती है।",1
work_A_geum_ex_water,intro,यह वह दिन है जब आपकी कार्य क्षमता चरम पर होती है और आप किसी भी कार्य को स्पष्टता से निपटा सकते हैं।,1
work_A_geum_ex_water,effect,तीव्र कार्य एकाग्रता प्रदर्शन को अधिकतम करती है।,1
work_A_geum_ex_water,action,महत्वपूर्ण कार्यों पर अभी कार्यवाही करें।,1
work_A_geum_ex_water,state,"तीव्र निर्णय मूल में प्रवेश करता है और स्पष्ट निष्कर्ष निकालता है, और नम ऊर्जा मन को गहराई से परिष्कृत करती है और स्पष्ट दृष्टि खोलती है।",1
work_A_geum_ex_wood,intro,यह वह दिन है जब आपकी कार्य क्षमता चरम पर होती है और आप किसी भी कार्य को स्पष्टता से निपटा सकते हैं।,1
work_A_geum_ex_wood,effect,तीव्र कार्य एकाग्रता प्रदर्शन को अधिकतम करती है।,1
work_A_geum_ex_wood,action,महत्वपूर्ण कार्यों पर अभी कार्यवाही करें।,1
work_A_geum_ex_wood,state,"तीव्र निर्णय मूल में प्रवेश करता है और स्पष्ट निष्कर्ष निकालता है, और गतिशील ऊर्जा नई संभावनाओं को खोलती है।",1
work_A_hwa_df_earth,intro,यह एक ऐसा दिन है जब आप जोश से भरे होते हैं और काम करने की आपकी प्रेरणा अपने चरम पर होती है।,1
work_A_hwa_df_earth,effect,आप ऊर्जा से भरपूर होने के कारण कठिन कार्य भी जल्दी हल हो जाते हैं।,1
work_A_hwa_df_earth,action,सबसे चुनौतीपूर्ण कार्यों से शुरुआत करें और गति बढ़ाएं।,1
work_A_hwa_df_earth,state,"एक शांत आंतरिक आत्म आपको अपनी ईमानदारी को पूरी तरह से व्यक्त करने की शक्ति देता है, और एक शांत ऊर्जा विवेक को बढ़ाती है, जिससे अच्छे परिणाम मिलते हैं।",1
work_A_hwa_df_fire,intro,यह एक ऐसा दिन है जब आप जोश से भरे होते हैं और काम करने की आपकी प्रेरणा अपने चरम पर होती है।,1
work_A_hwa_df_fire,effect,आप ऊर्जा से भरपूर होने के कारण कठिन कार्य भी जल्दी हल हो जाते हैं।,1
work_A_hwa_df_fire,action,सबसे चुनौतीपूर्ण कार्यों से शुरुआत करें और गति बढ़ाएं।,1
work_A_hwa_df_fire,state,"एक शांत आंतरिक आत्म आपको अपनी ईमानदारी को पूरी तरह से व्यक्त करने की शक्ति देता है, और स्पष्ट ऊर्जा आपकी जीवन शक्ति को बढ़ाती है और एक अच्छा प्रवाह बनाती है।",1
work_A_hwa_df_water,intro,यह एक ऐसा दिन है जब आप जोश से भरे होते हैं और काम करने की आपकी प्रेरणा अपने चरम पर होती है।,1
work_A_hwa_df_water,effect,आप ऊर्जा से भरपूर होने के कारण कठिन कार्य भी जल्दी हल हो जाते हैं।,1
work_A_hwa_df_water,action,सबसे चुनौतीपूर्ण कार्यों से शुरुआत करें और गति बढ़ाएं।,1
work_A_hwa_df_water,state,"एक शांत आंतरिक आत्म आपको अपनी सच्ची भावनाओं को पूरी तरह से व्यक्त करने की शक्ति देता है, और नम ऊर्जा आपके दिमाग को गहराई से परिष्कृत करती है और स्पष्ट दृष्टि खोलती है।",1
work_A_hwa_df_wood,intro,यह एक ऐसा दिन है जब आप जोश से भरे होते हैं और काम करने की आपकी प्रेरणा अपने चरम पर होती है।,1
work_A_hwa_df_wood,effect,आप ऊर्जा से भरपूर होने के कारण कठिन कार्य भी जल्दी हल हो जाते हैं।,1
work_A_hwa_df_wood,action,सबसे चुनौतीपूर्ण कार्यों से शुरुआत करें और गति बढ़ाएं।,1
work_A_hwa_df_wood,state,"एक शांत आंतरिक आत्म आपको अपनी ईमानदारी को पूरी तरह से व्यक्त करने की शक्ति देता है, और गतिशील ऊर्जा नई संभावनाओं को खोलती है।",1
work_A_hwa_ex_earth,intro,यह एक ऐसा दिन है जब आप जोश से भरे होते हैं और काम करने की आपकी प्रेरणा अपने चरम पर होती है।,1
work_A_hwa_ex_earth,effect,आप ऊर्जा से भरपूर होने के कारण कठिन कार्य भी जल्दी हल हो जाते हैं।,1
work_A_hwa_ex_earth,action,सबसे चुनौतीपूर्ण कार्यों से शुरुआत करें और गति बढ़ाएं।,1
work_A_hwa_ex_earth,state,"उमड़ता हुआ जुनून गति को बहुत बढ़ाता है और एक अच्छा प्रवाह बनाता है, और शांत ऊर्जा विवेक को बढ़ाती है, जिससे अच्छे परिणाम मिलते हैं।",1
work_A_hwa_ex_fire,intro,यह एक ऐसा दिन है जब आप जोश से भरे होते हैं और काम करने की आपकी प्रेरणा अपने चरम पर होती है।,1
work_A_hwa_ex_fire,effect,आप ऊर्जा से भरपूर होने के कारण कठिन कार्य भी जल्दी हल हो जाते हैं।,1
work_A_hwa_ex_fire,action,सबसे चुनौतीपूर्ण कार्यों से शुरुआत करें और गति बढ़ाएं।,1
work_A_hwa_ex_fire,state,"अत्यधिक जुनून प्रेरणा शक्ति को बढ़ाता है और एक अच्छा प्रवाह बनाता है, और स्पष्ट ऊर्जा जीवन शक्ति को बढ़ाती है और एक अच्छा प्रवाह बनाती है।",1
work_A_hwa_ex_water,intro,यह एक ऐसा दिन है जब आप जोश से भरे होते हैं और काम करने की आपकी प्रेरणा अपने चरम पर होती है।,1
work_A_hwa_ex_water,effect,आप ऊर्जा से भरपूर होने के कारण कठिन कार्य भी जल्दी हल हो जाते हैं।,1
work_A_hwa_ex_water,action,सबसे चुनौतीपूर्ण कार्यों से शुरुआत करें और गति बढ़ाएं।,1
work_A_hwa_ex_water,state,"उमड़ता हुआ जुनून प्रेरक शक्ति को बहुत बढ़ाता है और एक अच्छा प्रवाह बनाता है, और नम ऊर्जा मन को गहराई से परिष्कृत करती है और स्पष्ट दृष्टि खोलती है।",1
work_A_hwa_ex_wood,intro,यह एक ऐसा दिन है जब आप जोश से भरे होते हैं और काम करने की आपकी प्रेरणा अपने चरम पर होती है।,1
work_A_hwa_ex_wood,effect,आप ऊर्जा से भरपूर होने के कारण कठिन कार्य भी जल्दी हल हो जाते हैं।,1
work_A_hwa_ex_wood,action,सबसे चुनौतीपूर्ण कार्यों से शुरुआत करें और गति बढ़ाएं।,1
work_A_hwa_ex_wood,state,"उमड़ता हुआ जुनून प्रेरक शक्ति को बहुत बढ़ाता है, एक अच्छा प्रवाह बनाता है और गतिशील ऊर्जा नई संभावनाओं को खोलती है।",1
work_A_mok_df_earth,intro,यह वह दिन है जब आपकी कार्य वृद्धि ऊर्जा सक्रिय हो जाती है और आप एक नई भूमिका में खड़े होते हैं।,1
work_A_mok_df_earth,effect,विस्तारित क्षमताएं कार्य के दायरे को व्यापक बनाती हैं और प्रदर्शन को बढ़ाती हैं।,1
work_A_mok_df_earth,action,नई परियोजनाओं या भूमिकाओं को आत्मविश्वास के साथ स्वीकार करें।,1
work_A_mok_df_earth,state,"एक सतर्क दृष्टिकोण वास्तव में एक ठोस शुरुआत करता है, और एक शांत ऊर्जा विवेक को बढ़ाती है, जिससे अच्छे परिणाम मिलते हैं।",1
work_A_mok_df_fire,intro,यह वह दिन है जब आपकी कार्य वृद्धि ऊर्जा सक्रिय हो जाती है और आप एक नई भूमिका में खड़े होते हैं।,1
work_A_mok_df_fire,effect,विस्तारित क्षमताएं कार्य के दायरे को व्यापक बनाती हैं और प्रदर्शन को बढ़ाती हैं।,1
work_A_mok_df_fire,action,नई परियोजनाओं या भूमिकाओं को आत्मविश्वास के साथ स्वीकार करें।,1
work_A_mok_df_fire,state,"एक सतर्क दृष्टिकोण वास्तव में एक ठोस शुरुआत बनाता है, और स्पष्ट ऊर्जा जीवन शक्ति को बढ़ाती है और एक अच्छा प्रवाह बनाती है।",1
work_A_mok_df_water,intro,यह वह दिन है जब आपकी कार्य वृद्धि ऊर्जा सक्रिय हो जाती है और आप एक नई भूमिका में खड़े होते हैं।,1
work_A_mok_df_water,effect,विस्तारित क्षमताएं कार्य के दायरे को व्यापक बनाती हैं और प्रदर्शन को बढ़ाती हैं।,1
work_A_mok_df_water,action,नई परियोजनाओं या भूमिकाओं को आत्मविश्वास के साथ स्वीकार करें।,1
work_A_mok_df_water,state,"एक सतर्क दृष्टिकोण वास्तव में एक ठोस शुरुआत करता है, और नम ऊर्जा मन को गहराई से परिष्कृत करती है और स्पष्ट दृष्टि खोलती है।",1
work_A_mok_df_wood,intro,यह वह दिन है जब आपकी कार्य वृद्धि ऊर्जा सक्रिय हो जाती है और आप एक नई भूमिका में खड़े होते हैं।,1
work_A_mok_df_wood,effect,विस्तारित क्षमताएं कार्य के दायरे को व्यापक बनाती हैं और प्रदर्शन को बढ़ाती हैं।,1
work_A_mok_df_wood,action,नई परियोजनाओं या भूमिकाओं को आत्मविश्वास के साथ स्वीकार करें।,1
work_A_mok_df_wood,state,"एक सतर्क दृष्टिकोण एक ठोस शुरुआत बनाता है, और गतिशील ऊर्जा नई संभावनाओं को खोलती है।",1
work_A_mok_ex_earth,intro,यह वह दिन है जब आपकी कार्य वृद्धि ऊर्जा सक्रिय हो जाती है और आप एक नई भूमिका में खड़े होते हैं।,1
work_A_mok_ex_earth,effect,विस्तारित क्षमताएं कार्य के दायरे को व्यापक बनाती हैं और प्रदर्शन को बढ़ाती हैं।,1
work_A_mok_ex_earth,action,नई परियोजनाओं या भूमिकाओं को आत्मविश्वास के साथ स्वीकार करें।,1
work_A_mok_ex_earth,state,"एक मजबूत इच्छाशक्ति सक्रिय रूप से नए अवसर खोलती है, और एक शांत ऊर्जा विवेक को बढ़ाती है, जिससे अच्छे परिणाम मिलते हैं।",1
work_A_mok_ex_fire,intro,यह वह दिन है जब आपकी कार्य वृद्धि ऊर्जा सक्रिय हो जाती है और आप एक नई भूमिका में खड़े होते हैं।,1
work_A_mok_ex_fire,effect,विस्तारित क्षमताएं कार्य के दायरे को व्यापक बनाती हैं और प्रदर्शन को बढ़ाती हैं।,1
work_A_mok_ex_fire,action,नई परियोजनाओं या भूमिकाओं को आत्मविश्वास के साथ स्वीकार करें।,1
work_A_mok_ex_fire,state,"एक मजबूत इच्छाशक्ति सक्रिय रूप से नए अवसर खोलती है, और स्पष्ट ऊर्जा जीवन शक्ति बढ़ाती है और एक अच्छा प्रवाह बनाती है।",1
work_A_mok_ex_water,intro,यह वह दिन है जब आपकी कार्य वृद्धि ऊर्जा सक्रिय हो जाती है और आप एक नई भूमिका में खड़े होते हैं।,1
work_A_mok_ex_water,effect,विस्तारित क्षमताएं कार्य के दायरे को व्यापक बनाती हैं और प्रदर्शन को बढ़ाती हैं।,1
work_A_mok_ex_water,action,नई परियोजनाओं या भूमिकाओं को आत्मविश्वास के साथ स्वीकार करें।,1
work_A_mok_ex_water,state,"एक मजबूत इच्छाशक्ति सक्रिय रूप से नए अवसरों को खोलती है, और नम ऊर्जा मन को गहराई से परिष्कृत करती है और स्पष्ट दृष्टि खोलती है।",1
work_A_mok_ex_wood,intro,यह वह दिन है जब आपकी कार्य वृद्धि ऊर्जा सक्रिय हो जाती है और आप एक नई भूमिका में खड़े होते हैं।,1
work_A_mok_ex_wood,effect,विस्तारित क्षमताएं कार्य के दायरे को व्यापक बनाती हैं और प्रदर्शन को बढ़ाती हैं।,1
work_A_mok_ex_wood,action,नई परियोजनाओं या भूमिकाओं को आत्मविश्वास के साथ स्वीकार करें।,1
work_A_mok_ex_wood,state,"एक मजबूत इच्छाशक्ति सक्रिय रूप से नए अवसरों को खोलती है, और एक गतिशील ऊर्जा नई संभावनाओं को खोलती है।",1
work_A_su_df_earth,intro,यह एक ऐसा दिन है जब कार्य प्रवाह स्वाभाविक रूप से जुड़ा होता है और सहयोग बिना किसी रुकावट के आगे बढ़ता है।,1
work_A_su_df_earth,effect,सहज संचार से कार्यकुशलता बढ़ती है और परिणामों में तेजी आती है।,1
work_A_su_df_earth,action,अपनी टीम के साथ सहयोग का लाभ उठाकर अपने काम में तेजी लाएँ।,1
work_A_su_df_earth,state,"एक ठोस केंद्र आपको बिना डगमगाए अपनी दिशा बनाए रखने में मदद करता है, और एक शांत ऊर्जा विवेक को बढ़ाती है, जिससे अच्छे परिणाम मिलते हैं।",1
work_A_su_df_fire,intro,यह एक ऐसा दिन है जब कार्य प्रवाह स्वाभाविक रूप से जुड़ा होता है और सहयोग बिना किसी रुकावट के आगे बढ़ता है।,1
work_A_su_df_fire,effect,सहज संचार से कार्यकुशलता बढ़ती है और परिणामों में तेजी आती है।,1
work_A_su_df_fire,action,अपनी टीम के साथ सहयोग का लाभ उठाकर अपने काम में तेजी लाएँ।,1
work_A_su_df_fire,state,"एक ठोस केंद्र आपको बिना डगमगाए सही दिशा में रखता है, और स्पष्ट ऊर्जा आपकी जीवन शक्ति को बढ़ाती है और एक अच्छा प्रवाह बनाती है।",1
work_A_su_df_water,intro,यह एक ऐसा दिन है जब कार्य प्रवाह स्वाभाविक रूप से जुड़ा होता है और सहयोग बिना किसी रुकावट के आगे बढ़ता है।,1
work_A_su_df_water,effect,सहज संचार से कार्यकुशलता बढ़ती है और परिणामों में तेजी आती है।,1
work_A_su_df_water,action,अपनी टीम के साथ सहयोग का लाभ उठाकर अपने काम में तेजी लाएँ।,1
work_A_su_df_water,state,"एक ठोस केंद्र आपको बिना डगमगाए अपनी दिशा बनाए रखने में मदद करता है, और नम ऊर्जा आपके दिमाग को गहराई से परिष्कृत करती है और स्पष्ट दृष्टि खोलती है।",1
work_A_su_df_wood,intro,यह एक ऐसा दिन है जब कार्य प्रवाह स्वाभाविक रूप से जुड़ा होता है और सहयोग बिना किसी रुकावट के आगे बढ़ता है।,1
work_A_su_df_wood,effect,सहज संचार से कार्यकुशलता बढ़ती है और परिणामों में तेजी आती है।,1
work_A_su_df_wood,action,अपनी टीम के साथ सहयोग का लाभ उठाकर अपने काम में तेजी लाएँ।,1
work_A_su_df_wood,state,"एक ठोस केंद्र बिना डगमगाए दिशा बनाए रखता है, और गतिशील ऊर्जा नई संभावनाओं को खोलती है।",1
work_A_su_ex_earth,intro,यह एक ऐसा दिन है जब कार्य प्रवाह स्वाभाविक रूप से जुड़ा होता है और सहयोग बिना किसी रुकावट के आगे बढ़ता है।,1
work_A_su_ex_earth,effect,सहज संचार से कार्यकुशलता बढ़ती है और परिणामों में तेजी आती है।,1
work_A_su_ex_earth,action,अपनी टीम के साथ सहयोग का लाभ उठाकर अपने काम में तेजी लाएँ।,1
work_A_su_ex_earth,state,"समृद्ध संवेदनशीलता गहरी अंतर्दृष्टि की ओर ले जाती है और अच्छे निर्णय लेने में मदद करती है, और शांत ऊर्जा विवेक को बढ़ाती है, जिससे अच्छे परिणाम मिलते हैं।",1
work_A_su_ex_fire,intro,यह एक ऐसा दिन है जब कार्य प्रवाह स्वाभाविक रूप से जुड़ा होता है और सहयोग बिना किसी रुकावट के आगे बढ़ता है।,1
work_A_su_ex_fire,effect,सहज संचार से कार्यकुशलता बढ़ती है और परिणामों में तेजी आती है।,1
work_A_su_ex_fire,action,अपनी टीम के साथ सहयोग का लाभ उठाकर अपने काम में तेजी लाएँ।,1
work_A_su_ex_fire,state,"समृद्ध संवेदनशीलता गहरी अंतर्दृष्टि की ओर ले जाती है और अच्छे निर्णय लेने में मदद करती है, और स्पष्ट ऊर्जा जीवन शक्ति बढ़ाती है और एक अच्छा प्रवाह बनाती है।",1
work_A_su_ex_water,intro,यह एक ऐसा दिन है जब कार्य प्रवाह स्वाभाविक रूप से जुड़ा होता है और सहयोग बिना किसी रुकावट के आगे बढ़ता है।,1
work_A_su_ex_water,effect,सहज संचार से कार्यकुशलता बढ़ती है और परिणामों में तेजी आती है।,1
work_A_su_ex_water,action,अपनी टीम के साथ सहयोग का लाभ उठाकर अपने काम में तेजी लाएँ।,1
work_A_su_ex_water,state,"समृद्ध संवेदनशीलता गहरी अंतर्दृष्टि की ओर ले जाती है और अच्छे निर्णय में मदद करती है, और नम ऊर्जा मन को गहराई से परिष्कृत करती है और स्पष्ट दृष्टि खोलती है।",1
work_A_su_ex_wood,intro,यह एक ऐसा दिन है जब कार्य प्रवाह स्वाभाविक रूप से जुड़ा होता है और सहयोग बिना किसी रुकावट के आगे बढ़ता है।,1
work_A_su_ex_wood,effect,सहज संचार से कार्यकुशलता बढ़ती है और परिणामों में तेजी आती है।,1
work_A_su_ex_wood,action,अपनी टीम के साथ सहयोग का लाभ उठाकर अपने काम में तेजी लाएँ।,1
work_A_su_ex_wood,state,"समृद्ध संवेदनशीलता गहरी अंतर्दृष्टि की ओर ले जाती है और अच्छे निर्णय लेने में मदद करती है, और गतिशील ऊर्जा नई संभावनाओं को खोलती है।",1
work_A_to_df_earth,intro,यह एक ऐसा दिन है जब काम की स्थिरता अपने उच्चतम स्तर पर होती है और आप किसी भी माहौल में विचलित नहीं होते हैं।,1
work_A_to_df_earth,effect,एक स्थिर कार्य आधार गलतियों को कम करता है और गुणवत्ता में सुधार करता है।,1
work_A_to_df_earth,action,सावधानीपूर्वक परिष्करण कार्य पर ध्यान केंद्रित करके पूर्णता का स्तर बढ़ाएँ।,1
work_A_to_df_earth,state,"एक लचीला रवैया आपको स्वाभाविक रूप से नए रुझानों को स्वीकार करने की अनुमति देता है, और एक शांत ऊर्जा विवेक को बढ़ाती है, जिससे अच्छे परिणाम मिलते हैं।",1
work_A_to_df_fire,intro,यह एक ऐसा दिन है जब काम की स्थिरता अपने उच्चतम स्तर पर होती है और आप किसी भी माहौल में विचलित नहीं होते हैं।,1
work_A_to_df_fire,effect,एक स्थिर कार्य आधार गलतियों को कम करता है और गुणवत्ता में सुधार करता है।,1
work_A_to_df_fire,action,सावधानीपूर्वक परिष्करण कार्य पर ध्यान केंद्रित करके पूर्णता का स्तर बढ़ाएँ।,1
work_A_to_df_fire,state,"एक लचीला रवैया आपको स्वाभाविक रूप से नए रुझानों को स्वीकार करने की अनुमति देता है, और स्पष्ट ऊर्जा जीवन शक्ति बढ़ाती है और एक अच्छा प्रवाह बनाती है।",1
work_A_to_df_water,intro,यह एक ऐसा दिन है जब काम की स्थिरता अपने उच्चतम स्तर पर होती है और आप किसी भी माहौल में विचलित नहीं होते हैं।,1
work_A_to_df_water,effect,एक स्थिर कार्य आधार गलतियों को कम करता है और गुणवत्ता में सुधार करता है।,1
work_A_to_df_water,action,सावधानीपूर्वक परिष्करण कार्य पर ध्यान केंद्रित करके पूर्णता का स्तर बढ़ाएँ।,1
work_A_to_df_water,state,"एक लचीला रवैया आपको स्वाभाविक रूप से नए रुझानों को स्वीकार करने की अनुमति देता है, और नम ऊर्जा आपके दिमाग को गहराई से परिष्कृत करती है और स्पष्ट दृष्टि खोलती है।",1
work_A_to_df_wood,intro,यह एक ऐसा दिन है जब काम की स्थिरता अपने उच्चतम स्तर पर होती है और आप किसी भी माहौल में विचलित नहीं होते हैं।,1
work_A_to_df_wood,effect,एक स्थिर कार्य आधार गलतियों को कम करता है और गुणवत्ता में सुधार करता है।,1
work_A_to_df_wood,action,सावधानीपूर्वक परिष्करण कार्य पर ध्यान केंद्रित करके पूर्णता का स्तर बढ़ाएँ।,1
work_A_to_df_wood,state,"एक लचीला रवैया आपको स्वाभाविक रूप से नए रुझानों को स्वीकार करने की अनुमति देता है, और एक गतिशील ऊर्जा नई संभावनाओं को खोलती है।",1
work_A_to_ex_earth,intro,यह एक ऐसा दिन है जब काम की स्थिरता अपने उच्चतम स्तर पर होती है और आप किसी भी माहौल में विचलित नहीं होते हैं।,1
work_A_to_ex_earth,effect,एक स्थिर कार्य आधार गलतियों को कम करता है और गुणवत्ता में सुधार करता है।,1
work_A_to_ex_earth,action,सावधानीपूर्वक परिष्करण कार्य पर ध्यान केंद्रित करके पूर्णता का स्तर बढ़ाएँ।,1
work_A_to_ex_earth,state,"स्थिरता की एक मजबूत भावना हर चीज के लिए एक ठोस आधार बन जाती है, और एक शांत ऊर्जा विवेक को बढ़ाती है, जिससे अच्छे परिणाम मिलते हैं।",1
work_A_to_ex_fire,intro,यह एक ऐसा दिन है जब काम की स्थिरता अपने उच्चतम स्तर पर होती है और आप किसी भी माहौल में विचलित नहीं होते हैं।,1
work_A_to_ex_fire,effect,एक स्थिर कार्य आधार गलतियों को कम करता है और गुणवत्ता में सुधार करता है।,1
work_A_to_ex_fire,action,सावधानीपूर्वक परिष्करण कार्य पर ध्यान केंद्रित करके पूर्णता का स्तर बढ़ाएँ।,1
work_A_to_ex_fire,state,"स्थिरता की एक मजबूत भावना हर चीज के लिए एक ठोस आधार बन जाती है, और स्पष्ट ऊर्जा जीवन शक्ति को बढ़ाती है और एक अच्छा प्रवाह बनाती है।",1
work_A_to_ex_water,intro,यह एक ऐसा दिन है जब काम की स्थिरता अपने उच्चतम स्तर पर होती है और आप किसी भी माहौल में विचलित नहीं होते हैं।,1
work_A_to_ex_water,effect,एक स्थिर कार्य आधार गलतियों को कम करता है और गुणवत्ता में सुधार करता है।,1
work_A_to_ex_water,action,सावधानीपूर्वक परिष्करण कार्य पर ध्यान केंद्रित करके पूर्णता का स्तर बढ़ाएँ।,1
work_A_to_ex_water,state,"स्थिरता की एक मजबूत भावना हर चीज के लिए एक ठोस आधार बन जाती है, और नम ऊर्जा मन को गहराई से परिष्कृत करती है और स्पष्ट दृष्टि खोलती है।",1
work_A_to_ex_wood,intro,यह एक ऐसा दिन है जब काम की स्थिरता अपने उच्चतम स्तर पर होती है और आप किसी भी माहौल में विचलित नहीं होते हैं।,1
work_A_to_ex_wood,effect,एक स्थिर कार्य आधार गलतियों को कम करता है और गुणवत्ता में सुधार करता है।,1
work_A_to_ex_wood,action,सावधानीपूर्वक परिष्करण कार्य पर ध्यान केंद्रित करके पूर्णता का स्तर बढ़ाएँ।,1
work_A_to_ex_wood,state,"स्थिरता की एक मजबूत भावना हर चीज़ के लिए एक ठोस आधार प्रदान करती है, और गतिशील ऊर्जा नई संभावनाओं को खोलती है।",1
work_B,intro,आज कार्यस्थल पर प्रवाह अच्छा है और काम एक लय में आगे बढ़ रहा है।,1
work_B,intro,"आज मेरे पास अच्छी कार्य ऊर्जा है, इसलिए मेरी एकाग्रता और उत्साह सामान्य से अधिक है।",1
work_B,effect,आपको कार्यस्थल पर अपनी क्षमताओं को प्रदर्शित करने का अवसर मिलेगा और आपके प्रयासों पर ध्यान दिया जाएगा।,1
work_B,effect,सहयोग सुचारू रूप से चल रहा है और चीजें उम्मीद के मुताबिक चल रही हैं।,1
work_B,action,"यदि आप सामान्य से अधिक सक्रिय रूप से विचार लेकर आते हैं, तो आपको अच्छी प्रतिक्रिया मिलने की अधिक संभावना है।",1
work_B,action,आज की अच्छी ऊर्जा का लाभ उठाएं और इसका उपयोग प्रमुख कार्यों को पूरा करने में करें।,1
work_B_geum_df_earth,intro,यह एक ऐसा दिन है जब आपकी कार्य-प्रसंस्करण क्षमता स्थिर रहती है और आप अपने कार्यों को आसानी से पूरा कर सकते हैं।,1
work_B_geum_df_earth,effect,"एकाग्रता बनी रहती है, कार्य संबंधी त्रुटियाँ कम हो जाती हैं और प्रदर्शन एक समान रहता है।",1
work_B_geum_df_earth,action,अपना कार्य योजनानुसार चरण दर चरण पूरा करें।,1
work_B_geum_df_earth,state,"भले ही आपका दृढ़ संकल्प कुछ हद तक सुस्त हो जाए, दैनिक जीवन का प्रवाह सुचारू रूप से जारी रहता है, और बादल वाली ऊर्जा शांत वातावरण में जुड़ जाती है, जिससे शांति की भावना पैदा होती है।",1
work_B_geum_df_fire,intro,यह एक ऐसा दिन है जब आपकी कार्य-प्रसंस्करण क्षमता स्थिर रहती है और आप अपने कार्यों को आसानी से पूरा कर सकते हैं।,1
work_B_geum_df_fire,effect,"एकाग्रता बनी रहती है, कार्य संबंधी त्रुटियाँ कम हो जाती हैं और प्रदर्शन एक समान रहता है।",1
work_B_geum_df_fire,action,अपना कार्य योजनानुसार चरण दर चरण पूरा करें।,1
work_B_geum_df_fire,state,"भले ही आपका दृढ़ संकल्प कुछ हद तक सुस्त हो जाए, आपके दैनिक जीवन का प्रवाह सुचारू रूप से जारी रहता है, और स्पष्ट ऊर्जा प्रकाश जीवन शक्ति जोड़ती है, जिससे एक सहज प्रवाह बनता है।",1
work_B_geum_df_water,intro,यह एक ऐसा दिन है जब आपकी कार्य-प्रसंस्करण क्षमता स्थिर रहती है और आप अपने कार्यों को आसानी से पूरा कर सकते हैं।,1
work_B_geum_df_water,effect,"एकाग्रता बनी रहती है, कार्य संबंधी त्रुटियाँ कम हो जाती हैं और प्रदर्शन एक समान रहता है।",1
work_B_geum_df_water,action,अपना कार्य योजनानुसार चरण दर चरण पूरा करें।,1
work_B_geum_df_water,state,"भले ही आपका दृढ़ संकल्प कुछ हद तक सुस्त हो जाए, आपके दैनिक जीवन का प्रवाह सुचारू रूप से जारी रहता है, और नम ऊर्जा आपकी भावनाओं में एक शांत, लंबे समय तक रहने वाली अनुभूति जोड़ती है।",1
work_B_geum_df_wood,intro,यह एक ऐसा दिन है जब आपकी कार्य-प्रसंस्करण क्षमता स्थिर रहती है और आप अपने कार्यों को आसानी से पूरा कर सकते हैं।,1
work_B_geum_df_wood,effect,"एकाग्रता बनी रहती है, कार्य संबंधी त्रुटियाँ कम हो जाती हैं और प्रदर्शन एक समान रहता है।",1
work_B_geum_df_wood,action,अपना कार्य योजनानुसार चरण दर चरण पूरा करें।,1
work_B_geum_df_wood,state,"भले ही आपका दृढ़ संकल्प कुछ हद तक सुस्त हो जाए, दैनिक जीवन का प्रवाह सुचारू रूप से जारी रहता है और परिवर्तन की थोड़ी सी ऊर्जा उचित उत्तेजना जोड़ती है।",1
work_B_geum_ex_earth,intro,यह एक ऐसा दिन है जब आपकी कार्य-प्रसंस्करण क्षमता स्थिर रहती है और आप अपने कार्यों को आसानी से पूरा कर सकते हैं।,1
work_B_geum_ex_earth,effect,"एकाग्रता बनी रहती है, कार्य संबंधी त्रुटियाँ कम हो जाती हैं और प्रदर्शन एक समान रहता है।",1
work_B_geum_ex_earth,action,अपना कार्य योजनानुसार चरण दर चरण पूरा करें।,1
work_B_geum_ex_earth,state,"विश्लेषणात्मक निर्णय स्वाभाविक रूप से सामान्य गति से प्रवाहित होता है, और बादल वाली ऊर्जा शांत वातावरण में जुड़ जाती है, जिससे शांति की भावना पैदा होती है।",1
work_B_geum_ex_fire,intro,यह एक ऐसा दिन है जब आपकी कार्य-प्रसंस्करण क्षमता स्थिर रहती है और आप अपने कार्यों को आसानी से पूरा कर सकते हैं।,1
work_B_geum_ex_fire,effect,"एकाग्रता बनी रहती है, कार्य संबंधी त्रुटियाँ कम हो जाती हैं और प्रदर्शन एक समान रहता है।",1
work_B_geum_ex_fire,action,अपना कार्य योजनानुसार चरण दर चरण पूरा करें।,1
work_B_geum_ex_fire,state,"विश्लेषणात्मक निर्णय स्वाभाविक रूप से सामान्य गति का अनुसरण करता है, और स्पष्ट ऊर्जा प्रकाश जीवन शक्ति जोड़ती है, जिससे एक सहज प्रवाह बनता है।",1
work_B_geum_ex_water,intro,यह एक ऐसा दिन है जब आपकी कार्य-प्रसंस्करण क्षमता स्थिर रहती है और आप अपने कार्यों को आसानी से पूरा कर सकते हैं।,1
work_B_geum_ex_water,effect,"एकाग्रता बनी रहती है, कार्य संबंधी त्रुटियाँ कम हो जाती हैं और प्रदर्शन एक समान रहता है।",1
work_B_geum_ex_water,action,अपना कार्य योजनानुसार चरण दर चरण पूरा करें।,1
work_B_geum_ex_water,state,"विश्लेषणात्मक निर्णय आपकी सामान्य गति से स्वाभाविक रूप से प्रवाहित होता है, और नम ऊर्जा आपकी भावनाओं में एक शांत, लंबे समय तक रहने वाली अनुभूति जोड़ती है।",1
work_B_geum_ex_wood,intro,यह एक ऐसा दिन है जब आपकी कार्य-प्रसंस्करण क्षमता स्थिर रहती है और आप अपने कार्यों को आसानी से पूरा कर सकते हैं।,1
work_B_geum_ex_wood,effect,"एकाग्रता बनी रहती है, कार्य संबंधी त्रुटियाँ कम हो जाती हैं और प्रदर्शन एक समान रहता है।",1
work_B_geum_ex_wood,action,अपना कार्य योजनानुसार चरण दर चरण पूरा करें।,1
work_B_geum_ex_wood,state,"विश्लेषणात्मक निर्णय स्वाभाविक रूप से सामान्य गति का अनुसरण करता है, और परिवर्तन की थोड़ी सी ऊर्जा उचित उत्तेजना जोड़ती है।",1
work_B_hwa_df_earth,intro,यह वह दिन है जब काम की प्रेरणा औसत से ऊपर रहती है और काम की गति अच्छी होती है।,1
work_B_hwa_df_earth,effect,पर्याप्त ऊर्जा कार्य एकाग्रता में सहायता करती है।,1
work_B_hwa_df_earth,action,ऊर्जा अधिक होने पर पहले प्रमुख कार्य निपटा लें।,1
work_B_hwa_df_earth,state,"भले ही अभिव्यक्तियाँ संयमित हों, रिश्ते की स्थिरता आसानी से बनी रहती है, और बादल भरी ऊर्जा शांत वातावरण में जुड़ जाती है, जिससे शांति का एहसास होता है।",1
work_B_hwa_df_fire,intro,यह वह दिन है जब काम की प्रेरणा औसत से ऊपर रहती है और काम की गति अच्छी होती है।,1
work_B_hwa_df_fire,effect,पर्याप्त ऊर्जा कार्य एकाग्रता में सहायता करती है।,1
work_B_hwa_df_fire,action,ऊर्जा अधिक होने पर पहले प्रमुख कार्य निपटा लें।,1
work_B_hwa_df_fire,state,"भले ही अभिव्यक्तियां संयमित हों, रिश्ते की स्थिरता आसानी से बनी रहती है, और स्पष्ट ऊर्जा प्रकाश जीवन शक्ति जोड़ती है, जिससे एक सहज प्रवाह बनता है।",1
work_B_hwa_df_water,intro,यह वह दिन है जब काम की प्रेरणा औसत से ऊपर रहती है और काम की गति अच्छी होती है।,1
work_B_hwa_df_water,effect,पर्याप्त ऊर्जा कार्य एकाग्रता में सहायता करती है।,1
work_B_hwa_df_water,action,ऊर्जा अधिक होने पर पहले प्रमुख कार्य निपटा लें।,1
work_B_hwa_df_water,state,"भले ही अभिव्यक्तियाँ संयमित हों, रिश्ते की स्थिरता आसानी से बनी रहती है, और नम ऊर्जा भावनाओं में एक शांत दीर्घकालिक एहसास जोड़ती है।",1
work_B_hwa_df_wood,intro,यह वह दिन है जब काम की प्रेरणा औसत से ऊपर रहती है और काम की गति अच्छी होती है।,1
work_B_hwa_df_wood,effect,पर्याप्त ऊर्जा कार्य एकाग्रता में सहायता करती है।,1
work_B_hwa_df_wood,action,ऊर्जा अधिक होने पर पहले प्रमुख कार्य निपटा लें।,1
work_B_hwa_df_wood,state,"भले ही अभिव्यक्ति पर लगाम लगाई जाए, रिश्ते की स्थिरता आसानी से बनी रहती है, और परिवर्तन की थोड़ी सी ऊर्जा उचित उत्तेजना जोड़ती है।",1
work_B_hwa_ex_earth,intro,यह वह दिन है जब काम की प्रेरणा औसत से ऊपर रहती है और काम की गति अच्छी होती है।,1
work_B_hwa_ex_earth,effect,पर्याप्त ऊर्जा कार्य एकाग्रता में सहायता करती है।,1
work_B_hwa_ex_earth,action,ऊर्जा अधिक होने पर पहले प्रमुख कार्य निपटा लें।,1
work_B_hwa_ex_earth,state,"जुनून जीवित है, लेकिन संतुलन भी बनाए रखा जाता है, जिससे दिन स्थिर रहता है, और बादल वाली ऊर्जा एक शांत वातावरण जोड़ती है, जिससे शांति बनी रहती है।",1
work_B_hwa_ex_fire,intro,यह वह दिन है जब काम की प्रेरणा औसत से ऊपर रहती है और काम की गति अच्छी होती है।,1
work_B_hwa_ex_fire,effect,पर्याप्त ऊर्जा कार्य एकाग्रता में सहायता करती है।,1
work_B_hwa_ex_fire,action,ऊर्जा अधिक होने पर पहले प्रमुख कार्य निपटा लें।,1
work_B_hwa_ex_fire,state,"जुनून जीवित रहता है और संतुलन बना रहता है, जिससे दिन स्थिर रहता है, और स्पष्ट ऊर्जा प्रकाश जीवन शक्ति जोड़ती है, जिससे एक सहज प्रवाह बनता है।",1
work_B_hwa_ex_water,intro,यह वह दिन है जब काम की प्रेरणा औसत से ऊपर रहती है और काम की गति अच्छी होती है।,1
work_B_hwa_ex_water,effect,पर्याप्त ऊर्जा कार्य एकाग्रता में सहायता करती है।,1
work_B_hwa_ex_water,action,ऊर्जा अधिक होने पर पहले प्रमुख कार्य निपटा लें।,1
work_B_hwa_ex_water,state,"जुनून जीवित रहता है और संतुलन बना रहता है, जिससे एक स्थिर दिन होता है, और नम ऊर्जा भावनाओं में एक शांत, लंबे समय तक रहने वाली अनुभूति जोड़ती है।",1
work_B_hwa_ex_wood,intro,यह वह दिन है जब काम की प्रेरणा औसत से ऊपर रहती है और काम की गति अच्छी होती है।,1
work_B_hwa_ex_wood,effect,पर्याप्त ऊर्जा कार्य एकाग्रता में सहायता करती है।,1
work_B_hwa_ex_wood,action,ऊर्जा अधिक होने पर पहले प्रमुख कार्य निपटा लें।,1
work_B_hwa_ex_wood,state,"जुनून जीवंत और संतुलित है, जो एक स्थिर दिन की ओर ले जाता है, और परिवर्तन की थोड़ी सी ऊर्जा उचित उत्तेजना जोड़ती है।",1
work_B_mok_df_earth,intro,यह एक ऐसा दिन है जब आपकी कार्य क्षमताएं लगातार बढ़ती हैं और आप नई चुनौतियों का सामना कर सकते हैं।,1
work_B_mok_df_earth,effect,विकास ऊर्जा व्यवसाय विस्तार और योग्यता विकास की ओर ले जाती है।,1
work_B_mok_df_earth,action,नए कार्य कौशल सीखने या अपनी भूमिका का विस्तार करने का प्रयास करें।,1
work_B_mok_df_earth,state,"यहां तक कि अगर आप नई चीजों को आजमाने में सतर्क रहते हैं, तो भी आपका दैनिक जीवन स्थिर रूप से चलता है, और बादल वाली ऊर्जा शांत वातावरण में जुड़ जाती है, जिससे शांति का एहसास होता है।",1
work_B_mok_df_fire,intro,यह एक ऐसा दिन है जब आपकी कार्य क्षमताएं लगातार बढ़ती हैं और आप नई चुनौतियों का सामना कर सकते हैं।,1
work_B_mok_df_fire,effect,विकास ऊर्जा व्यवसाय विस्तार और योग्यता विकास की ओर ले जाती है।,1
work_B_mok_df_fire,action,नए कार्य कौशल सीखने या अपनी भूमिका का विस्तार करने का प्रयास करें।,1
work_B_mok_df_fire,state,"भले ही आप नई चीजें आज़माते समय सतर्क रहें, आपका दैनिक जीवन स्थिर रूप से प्रवाहित होता है, और स्पष्ट ऊर्जा प्रकाश जीवन शक्ति जोड़ती है, जिससे एक सहज प्रवाह बनता है।",1
work_B_mok_df_water,intro,यह एक ऐसा दिन है जब आपकी कार्य क्षमताएं लगातार बढ़ती हैं और आप नई चुनौतियों का सामना कर सकते हैं।,1
work_B_mok_df_water,effect,विकास ऊर्जा व्यवसाय विस्तार और योग्यता विकास की ओर ले जाती है।,1
work_B_mok_df_water,action,नए कार्य कौशल सीखने या अपनी भूमिका का विस्तार करने का प्रयास करें।,1
work_B_mok_df_water,state,"भले ही आप नई चीजों को आजमाने में सतर्क हों, आपका दैनिक जीवन स्थिर रूप से प्रवाहित होता है और नम ऊर्जा आपकी भावनाओं में एक शांत और लंबे समय तक रहने वाली अनुभूति जोड़ती है।",1
work_B_mok_df_wood,intro,यह एक ऐसा दिन है जब आपकी कार्य क्षमताएं लगातार बढ़ती हैं और आप नई चुनौतियों का सामना कर सकते हैं।,1
work_B_mok_df_wood,effect,विकास ऊर्जा व्यवसाय विस्तार और योग्यता विकास की ओर ले जाती है।,1
work_B_mok_df_wood,action,नए कार्य कौशल सीखने या अपनी भूमिका का विस्तार करने का प्रयास करें।,1
work_B_mok_df_wood,state,"भले ही आप नई चीजों को आजमाने में सतर्क हों, आपका दैनिक जीवन स्थिर रूप से चलता है और परिवर्तन की थोड़ी सी ऊर्जा उचित उत्तेजना जोड़ती है।",1
work_B_mok_ex_earth,intro,यह एक ऐसा दिन है जब आपकी कार्य क्षमताएं लगातार बढ़ती हैं और आप नई चुनौतियों का सामना कर सकते हैं।,1
work_B_mok_ex_earth,effect,विकास ऊर्जा व्यवसाय विस्तार और योग्यता विकास की ओर ले जाती है।,1
work_B_mok_ex_earth,action,नए कार्य कौशल सीखने या अपनी भूमिका का विस्तार करने का प्रयास करें।,1
work_B_mok_ex_earth,state,"स्थिर प्रेरणा कदम-दर-कदम प्रगति करती है, और बादल भरी ऊर्जा शांत वातावरण में जुड़ जाती है, जिससे शांति मिलती है।",1
work_B_mok_ex_fire,intro,यह एक ऐसा दिन है जब आपकी कार्य क्षमताएं लगातार बढ़ती हैं और आप नई चुनौतियों का सामना कर सकते हैं।,1
work_B_mok_ex_fire,effect,विकास ऊर्जा व्यवसाय विस्तार और योग्यता विकास की ओर ले जाती है।,1
work_B_mok_ex_fire,action,नए कार्य कौशल सीखने या अपनी भूमिका का विस्तार करने का प्रयास करें।,1
work_B_mok_ex_fire,state,"स्थिर प्रेरणा कदम दर कदम प्रगति करती है, और स्पष्ट ऊर्जा प्रकाश जीवन शक्ति जोड़ती है, जिससे एक सहज प्रवाह बनता है।",1
work_B_mok_ex_water,intro,यह एक ऐसा दिन है जब आपकी कार्य क्षमताएं लगातार बढ़ती हैं और आप नई चुनौतियों का सामना कर सकते हैं।,1
work_B_mok_ex_water,effect,विकास ऊर्जा व्यवसाय विस्तार और योग्यता विकास की ओर ले जाती है।,1
work_B_mok_ex_water,action,नए कार्य कौशल सीखने या अपनी भूमिका का विस्तार करने का प्रयास करें।,1
work_B_mok_ex_water,state,"स्थिर प्रेरणा कदम-दर-कदम प्रगति करती है, और नम ऊर्जा भावनाओं में एक शांत दीर्घकालिक एहसास जोड़ती है।",1
work_B_mok_ex_wood,intro,यह एक ऐसा दिन है जब आपकी कार्य क्षमताएं लगातार बढ़ती हैं और आप नई चुनौतियों का सामना कर सकते हैं।,1
work_B_mok_ex_wood,effect,विकास ऊर्जा व्यवसाय विस्तार और योग्यता विकास की ओर ले जाती है।,1
work_B_mok_ex_wood,action,नए कार्य कौशल सीखने या अपनी भूमिका का विस्तार करने का प्रयास करें।,1
work_B_mok_ex_wood,state,"स्थिर प्रेरणा कदम दर कदम सामान्य प्रगति करती है, और परिवर्तन की कमजोर ऊर्जा उचित उत्तेजना जोड़ती है।",1
work_B_su_df_earth,intro,यह एक ऐसा दिन है जब कार्य संचार सुचारू रूप से चलता है और सहयोग अच्छा होता है।,1
work_B_su_df_earth,effect,टीम वर्क मजबूत होता है और काम की गति और गुणवत्ता एक साथ बढ़ती है।,1
work_B_su_df_earth,action,सहकर्मियों के साथ सक्रिय रूप से संवाद करें और तालमेल बनाएं।,1
work_B_su_df_earth,state,"यद्यपि लचीलेपन में कुछ हद तक कमी है, मूल लय को बिना किसी कठिनाई के बनाए रखा जाता है, और बादल वाली ऊर्जा एक शांत वातावरण जोड़ती है, जिससे शांति का एहसास होता है।",1
work_B_su_df_fire,intro,यह एक ऐसा दिन है जब कार्य संचार सुचारू रूप से चलता है और सहयोग अच्छा होता है।,1
work_B_su_df_fire,effect,टीम वर्क मजबूत होता है और काम की गति और गुणवत्ता एक साथ बढ़ती है।,1
work_B_su_df_fire,action,सहकर्मियों के साथ सक्रिय रूप से संवाद करें और तालमेल बनाएं।,1
work_B_su_df_fire,state,"यद्यपि लचीलेपन में कुछ हद तक कमी है, मूल लय को बिना किसी कठिनाई के बनाए रखा जाता है, और स्पष्ट ऊर्जा प्रकाश जीवन शक्ति जोड़ती है, जिससे एक सहज प्रवाह बनता है।",1
work_B_su_df_water,intro,यह एक ऐसा दिन है जब कार्य संचार सुचारू रूप से चलता है और सहयोग अच्छा होता है।,1
work_B_su_df_water,effect,टीम वर्क मजबूत होता है और काम की गति और गुणवत्ता एक साथ बढ़ती है।,1
work_B_su_df_water,action,सहकर्मियों के साथ सक्रिय रूप से संवाद करें और तालमेल बनाएं।,1
work_B_su_df_water,state,"हालाँकि इसमें लचीलेपन की कमी है, लेकिन मूल लय बिना किसी कठिनाई के बनी रहती है, और नम ऊर्जा भावनाओं में एक शांत, लंबे समय तक रहने वाली अनुभूति जोड़ती है।",1
work_B_su_df_wood,intro,यह एक ऐसा दिन है जब कार्य संचार सुचारू रूप से चलता है और सहयोग अच्छा होता है।,1
work_B_su_df_wood,effect,टीम वर्क मजबूत होता है और काम की गति और गुणवत्ता एक साथ बढ़ती है।,1
work_B_su_df_wood,action,सहकर्मियों के साथ सक्रिय रूप से संवाद करें और तालमेल बनाएं।,1
work_B_su_df_wood,state,"यद्यपि लचीलेपन में कुछ हद तक कमी है, मूल लय बिना किसी कठिनाई के बनाए रखी जाती है, और परिवर्तन की थोड़ी सी ऊर्जा उचित उत्तेजना जोड़ती है।",1
work_B_su_ex_earth,intro,यह एक ऐसा दिन है जब कार्य संचार सुचारू रूप से चलता है और सहयोग अच्छा होता है।,1
work_B_su_ex_earth,effect,टीम वर्क मजबूत होता है और काम की गति और गुणवत्ता एक साथ बढ़ती है।,1
work_B_su_ex_earth,action,सहकर्मियों के साथ सक्रिय रूप से संवाद करें और तालमेल बनाएं।,1
work_B_su_ex_earth,state,"दिन भावनाओं से भरा होता है, जिससे यह सामान्य से अधिक ध्यान देने वाला दिन बन जाता है, और बादल भरी ऊर्जा एक शांत वातावरण जोड़ती है, जिससे शांति का एहसास होता है।",1
work_B_su_ex_fire,intro,यह एक ऐसा दिन है जब कार्य संचार सुचारू रूप से चलता है और सहयोग अच्छा होता है।,1
work_B_su_ex_fire,effect,टीम वर्क मजबूत होता है और काम की गति और गुणवत्ता एक साथ बढ़ती है।,1
work_B_su_ex_fire,action,सहकर्मियों के साथ सक्रिय रूप से संवाद करें और तालमेल बनाएं।,1
work_B_su_ex_fire,state,"दिन भावनाओं से भरपूर है, जो इसे सामान्य से अधिक ध्यानपूर्ण दिन बनाता है, और स्पष्ट ऊर्जा प्रकाश जीवन शक्ति जोड़ती है, जिससे एक सहज प्रवाह बनता है।",1
work_B_su_ex_water,intro,यह एक ऐसा दिन है जब कार्य संचार सुचारू रूप से चलता है और सहयोग अच्छा होता है।,1
work_B_su_ex_water,effect,टीम वर्क मजबूत होता है और काम की गति और गुणवत्ता एक साथ बढ़ती है।,1
work_B_su_ex_water,action,सहकर्मियों के साथ सक्रिय रूप से संवाद करें और तालमेल बनाएं।,1
work_B_su_ex_water,state,"दिन भावनाओं से भरा है, जो आपको सामान्य से अधिक चौकस बनाता है, और नम ऊर्जा आपकी भावनाओं में एक शांत स्वाद जोड़ती है।",1
work_B_su_ex_wood,intro,यह एक ऐसा दिन है जब कार्य संचार सुचारू रूप से चलता है और सहयोग अच्छा होता है।,1
work_B_su_ex_wood,effect,टीम वर्क मजबूत होता है और काम की गति और गुणवत्ता एक साथ बढ़ती है।,1
work_B_su_ex_wood,action,सहकर्मियों के साथ सक्रिय रूप से संवाद करें और तालमेल बनाएं।,1
work_B_su_ex_wood,state,"दिन भावनाओं से भरा है, जो इसे सामान्य से अधिक ध्यान देने वाला दिन बनाता है, और परिवर्तन की थोड़ी सी ऊर्जा उचित उत्तेजना जोड़ती है।",1
work_B_to_df_earth,intro,यह एक ऐसा दिन है जब काम में स्थिरता बनी रहती है और कार्य बिना गलतियों के पूरे हो सकते हैं।,1
work_B_to_df_earth,effect,स्थिर कार्य प्रसंस्करण विश्वास बनाता है और परिणामों की गुणवत्ता में सुधार करता है।,1
work_B_to_df_earth,action,आज अपने कार्यों को पूरी तरह से पूरा करने पर ध्यान दें।,1
work_B_to_df_earth,state,"भले ही गुरुत्वाकर्षण का केंद्र कुछ हद तक हिल गया हो, दैनिक जीवन का संतुलन बिना किसी परेशानी के बना रहता है, और बादल वाली ऊर्जा शांत वातावरण में जुड़ जाती है, जिससे शांति का एहसास होता है।",1
work_B_to_df_fire,intro,यह एक ऐसा दिन है जब काम में स्थिरता बनी रहती है और कार्य बिना गलतियों के पूरे हो सकते हैं।,1
work_B_to_df_fire,effect,स्थिर कार्य प्रसंस्करण विश्वास बनाता है और परिणामों की गुणवत्ता में सुधार करता है।,1
work_B_to_df_fire,action,आज अपने कार्यों को पूरी तरह से पूरा करने पर ध्यान दें।,1
work_B_to_df_fire,state,"भले ही गुरुत्वाकर्षण का केंद्र कुछ हद तक हिल गया हो, दैनिक जीवन का संतुलन बिना किसी परेशानी के बनाए रखा जाता है, और स्पष्ट ऊर्जा प्रकाश जीवन शक्ति जोड़ती है, जिससे एक सहज प्रवाह बनता है।",1
work_B_to_df_water,intro,यह एक ऐसा दिन है जब काम में स्थिरता बनी रहती है और कार्य बिना गलतियों के पूरे हो सकते हैं।,1
work_B_to_df_water,effect,स्थिर कार्य प्रसंस्करण विश्वास बनाता है और परिणामों की गुणवत्ता में सुधार करता है।,1
work_B_to_df_water,action,आज अपने कार्यों को पूरी तरह से पूरा करने पर ध्यान दें।,1
work_B_to_df_water,state,"भले ही आपके गुरुत्वाकर्षण का केंद्र कुछ हद तक हिल गया हो, आपके दैनिक जीवन का संतुलन बिना किसी परेशानी के बना रहता है, और नम ऊर्जा आपकी भावनाओं में एक शांत और लंबे समय तक रहने वाली भावना जोड़ती है।",1
work_B_to_df_wood,intro,यह एक ऐसा दिन है जब काम में स्थिरता बनी रहती है और कार्य बिना गलतियों के पूरे हो सकते हैं।,1
work_B_to_df_wood,effect,स्थिर कार्य प्रसंस्करण विश्वास बनाता है और परिणामों की गुणवत्ता में सुधार करता है।,1
work_B_to_df_wood,action,आज अपने कार्यों को पूरी तरह से पूरा करने पर ध्यान दें।,1
work_B_to_df_wood,state,"भले ही केंद्र कुछ हद तक हिल गया हो, दैनिक जीवन का संतुलन बिना किसी परेशानी के बना रहता है, और परिवर्तन की थोड़ी सी ऊर्जा उचित उत्तेजना जोड़ती है।",1
work_B_to_ex_earth,intro,यह एक ऐसा दिन है जब काम में स्थिरता बनी रहती है और कार्य बिना गलतियों के पूरे हो सकते हैं।,1
work_B_to_ex_earth,effect,स्थिर कार्य प्रसंस्करण विश्वास बनाता है और परिणामों की गुणवत्ता में सुधार करता है।,1
work_B_to_ex_earth,action,आज अपने कार्यों को पूरी तरह से पूरा करने पर ध्यान दें।,1
work_B_to_ex_earth,state,"इसमें स्थिरता की ओर एक मजबूत प्रवृत्ति होती है, इसलिए यह बिना किसी समस्या के एक शांत दिन में जारी रहता है, और बादल वाली ऊर्जा शांत वातावरण में जुड़ जाती है, जिससे शांति बनी रहती है।",1
work_B_to_ex_fire,intro,यह एक ऐसा दिन है जब काम में स्थिरता बनी रहती है और कार्य बिना गलतियों के पूरे हो सकते हैं।,1
work_B_to_ex_fire,effect,स्थिर कार्य प्रसंस्करण विश्वास बनाता है और परिणामों की गुणवत्ता में सुधार करता है।,1
work_B_to_ex_fire,action,आज अपने कार्यों को पूरी तरह से पूरा करने पर ध्यान दें।,1
work_B_to_ex_fire,state,"इसमें स्थिरता की ओर एक मजबूत प्रवृत्ति होती है, इसलिए यह एक शांत दिन में भी सुचारू रूप से जारी रहती है, और स्पष्ट ऊर्जा प्रकाश जीवन शक्ति जोड़ती है, जिससे एक सहज प्रवाह बनता है।",1
work_B_to_ex_water,intro,यह एक ऐसा दिन है जब काम में स्थिरता बनी रहती है और कार्य बिना गलतियों के पूरे हो सकते हैं।,1
work_B_to_ex_water,effect,स्थिर कार्य प्रसंस्करण विश्वास बनाता है और परिणामों की गुणवत्ता में सुधार करता है।,1
work_B_to_ex_water,action,आज अपने कार्यों को पूरी तरह से पूरा करने पर ध्यान दें।,1
work_B_to_ex_water,state,"इसकी एक मजबूत स्थिरता-उन्मुख प्रकृति है, इसलिए यह आसानी से एक शांत दिन का नेतृत्व कर सकती है, और नम ऊर्जा भावनाओं में एक शांत स्वाद जोड़ती है।",1
work_B_to_ex_wood,intro,यह एक ऐसा दिन है जब काम में स्थिरता बनी रहती है और कार्य बिना गलतियों के पूरे हो सकते हैं।,1
work_B_to_ex_wood,effect,स्थिर कार्य प्रसंस्करण विश्वास बनाता है और परिणामों की गुणवत्ता में सुधार करता है।,1
work_B_to_ex_wood,action,आज अपने कार्यों को पूरी तरह से पूरा करने पर ध्यान दें।,1
work_B_to_ex_wood,state,"स्थिरता-अभिविन्यास मजबूत है, इसलिए यह एक शांत दिन में भी सुचारू रूप से जारी रहता है, और परिवर्तन की थोड़ी सी ऊर्जा उचित उत्तेजना जोड़ती है।",1
work_B1,intro,"आज का कार्य प्रवाह स्थिर है, जिससे आप शांत और केंद्रित रह सकेंगे।",1
work_B1,intro,"आज काम पर ऊर्जा अच्छी है, इसलिए मैं अपना काम लगातार कर सकता हूं।",1
work_B1,effect,कार्य योजना के अनुसार चलता है और सहयोग में कोई बड़ा टकराव नहीं होता है।,1
work_B1,effect,कार्य प्रगति पर है और आपके आस-पास के लोगों के साथ सहयोग सुचारू है।,1
work_B1,action,"यदि आप इस पर ध्यान केंद्रित करते हैं कि आप अभी क्या कर रहे हैं, तो आप पर्याप्त परिणाम प्राप्त कर सकते हैं।",1
work_B1,action,आज निरंतरता ही कुंजी है. आपको बस बिना डगमगाए बुनियादी बातों पर टिके रहना है।,1
work_B1_geum_df_earth,intro,यदि आपकी कार्य क्षमता औसत है तो आप जटिल कार्यों में फंस सकते हैं।,1
work_B1_geum_df_earth,effect,एकाग्रता कुछ हद तक कम हो सकती है और काम उम्मीद के मुताबिक पूरा नहीं हो पाएगा।,1
work_B1_geum_df_earth,action,जिन कार्यों पर ध्यान केंद्रित करना कठिन हो उन्हें छोटे-छोटे टुकड़ों में बांट लें और उन्हें चरण दर चरण संभालें।,1
work_B1_geum_df_earth,state,"हालाँकि मैं निर्णय लेने में धीमा हूँ, दिन बिना किसी हिचकिचाहट के चलता रहता है, और बादल भरी ऊर्जा मुझे आसान गति बनाए रखने में मदद करती है।",1
work_B1_geum_df_fire,intro,यदि आपकी कार्य क्षमता औसत है तो आप जटिल कार्यों में फंस सकते हैं।,1
work_B1_geum_df_fire,effect,एकाग्रता कुछ हद तक कम हो सकती है और काम उम्मीद के मुताबिक पूरा नहीं हो पाएगा।,1
work_B1_geum_df_fire,action,जिन कार्यों पर ध्यान केंद्रित करना कठिन हो उन्हें छोटे-छोटे टुकड़ों में बांट लें और उन्हें चरण दर चरण संभालें।,1
work_B1_geum_df_fire,state,"हालाँकि मैं निर्णय लेने में धीमा हूँ, दिन बिना किसी हिचकिचाहट के बीतता है, और स्पष्ट ऊर्जा शांत जीवन शक्ति जोड़ती है, जिससे दिन सामान्य हो जाता है।",1
work_B1_geum_df_water,intro,यदि आपकी कार्य क्षमता औसत है तो आप जटिल कार्यों में फंस सकते हैं।,1
work_B1_geum_df_water,effect,एकाग्रता कुछ हद तक कम हो सकती है और काम उम्मीद के मुताबिक पूरा नहीं हो पाएगा।,1
work_B1_geum_df_water,action,जिन कार्यों पर ध्यान केंद्रित करना कठिन हो उन्हें छोटे-छोटे टुकड़ों में बांट लें और उन्हें चरण दर चरण संभालें।,1
work_B1_geum_df_water,state,"हालाँकि मैं निर्णय लेने में धीमा हूँ, दिन बिना किसी हिचकिचाहट के बीतता है, और नम ऊर्जा मेरे विचारों को बढ़ाती है लेकिन ज्यादा हलचल पैदा नहीं करती है।",1
work_B1_geum_df_wood,intro,यदि आपकी कार्य क्षमता औसत है तो आप जटिल कार्यों में फंस सकते हैं।,1
work_B1_geum_df_wood,effect,एकाग्रता कुछ हद तक कम हो सकती है और काम उम्मीद के मुताबिक पूरा नहीं हो पाएगा।,1
work_B1_geum_df_wood,action,जिन कार्यों पर ध्यान केंद्रित करना कठिन हो उन्हें छोटे-छोटे टुकड़ों में बांट लें और उन्हें चरण दर चरण संभालें।,1
work_B1_geum_df_wood,state,"निर्णय धीमा हो सकता है, लेकिन दिन बिना किसी हिचकिचाहट के चलता रहता है, और परिवर्तन की शांत ऊर्जा सामान्य प्रवाह को केवल थोड़ा सा हिलाती है।",1
work_B1_geum_ex_earth,intro,यदि आपकी कार्य क्षमता औसत है तो आप जटिल कार्यों में फंस सकते हैं।,1
work_B1_geum_ex_earth,effect,एकाग्रता कुछ हद तक कम हो सकती है और काम उम्मीद के मुताबिक पूरा नहीं हो पाएगा।,1
work_B1_geum_ex_earth,action,जिन कार्यों पर ध्यान केंद्रित करना कठिन हो उन्हें छोटे-छोटे टुकड़ों में बांट लें और उन्हें चरण दर चरण संभालें।,1
work_B1_geum_ex_earth,state,"निर्णय स्पष्ट है, लेकिन यह एक औसत परिणाम के साथ समाप्त होता है, और बादल वाली ऊर्जा एक सभ्य गति बनाए रखने में मदद करती है।",1
work_B1_geum_ex_fire,intro,यदि आपकी कार्य क्षमता औसत है तो आप जटिल कार्यों में फंस सकते हैं।,1
work_B1_geum_ex_fire,effect,एकाग्रता कुछ हद तक कम हो सकती है और काम उम्मीद के मुताबिक पूरा नहीं हो पाएगा।,1
work_B1_geum_ex_fire,action,जिन कार्यों पर ध्यान केंद्रित करना कठिन हो उन्हें छोटे-छोटे टुकड़ों में बांट लें और उन्हें चरण दर चरण संभालें।,1
work_B1_geum_ex_fire,state,"निर्णय स्पष्ट है, लेकिन यह एक सामान्य परिणाम के साथ समाप्त होता है, और स्पष्ट ऊर्जा शांत जीवन शक्ति जोड़ती है और सामान्य दिन को जारी रखती है।",1
work_B1_geum_ex_water,intro,यदि आपकी कार्य क्षमता औसत है तो आप जटिल कार्यों में फंस सकते हैं।,1
work_B1_geum_ex_water,effect,एकाग्रता कुछ हद तक कम हो सकती है और काम उम्मीद के मुताबिक पूरा नहीं हो पाएगा।,1
work_B1_geum_ex_water,action,जिन कार्यों पर ध्यान केंद्रित करना कठिन हो उन्हें छोटे-छोटे टुकड़ों में बांट लें और उन्हें चरण दर चरण संभालें।,1
work_B1_geum_ex_water,state,"निर्णय स्पष्ट है लेकिन एक साधारण परिणाम के साथ समाप्त होता है, और नम ऊर्जा विचारों को बढ़ाती है लेकिन ज्यादा उत्तेजना पैदा नहीं करती है।",1
work_B1_geum_ex_wood,intro,यदि आपकी कार्य क्षमता औसत है तो आप जटिल कार्यों में फंस सकते हैं।,1
work_B1_geum_ex_wood,effect,एकाग्रता कुछ हद तक कम हो सकती है और काम उम्मीद के मुताबिक पूरा नहीं हो पाएगा।,1
work_B1_geum_ex_wood,action,जिन कार्यों पर ध्यान केंद्रित करना कठिन हो उन्हें छोटे-छोटे टुकड़ों में बांट लें और उन्हें चरण दर चरण संभालें।,1
work_B1_geum_ex_wood,state,"निर्णय स्पष्ट है, लेकिन यह एक औसत परिणाम के साथ समाप्त होता है, और परिवर्तन की शांत ऊर्जा सामान्य प्रवाह को थोड़ा सा हिलाने के अलावा और कुछ नहीं करती है।",1
work_B1_hwa_df_earth,intro,यह एक ऐसा दिन है जब काम करने की आपकी प्रेरणा कुछ कम है और आपको कुछ प्रेरणा की आवश्यकता है।,1
work_B1_hwa_df_earth,effect,ऊर्जा की कमी के कारण कार्य की गति धीमी है।,1
work_B1_hwa_df_earth,action,छोटे लक्ष्य निर्धारित करके और उन्हें प्राप्त करके अपनी प्रेरणा पुनः प्राप्त करें।,1
work_B1_hwa_df_earth,state,"हालाँकि बहुत कम अभिव्यक्ति होती है, लेकिन रिश्ता बहुत अधिक नहीं हिलता है, और धुंधली ऊर्जा एक आसान गति बनाए रखने में मदद करती है।",1
work_B1_hwa_df_fire,intro,यह एक ऐसा दिन है जब काम करने की आपकी प्रेरणा कुछ कम है और आपको कुछ प्रेरणा की आवश्यकता है।,1
work_B1_hwa_df_fire,effect,ऊर्जा की कमी के कारण कार्य की गति धीमी है।,1
work_B1_hwa_df_fire,action,छोटे लक्ष्य निर्धारित करके और उन्हें प्राप्त करके अपनी प्रेरणा पुनः प्राप्त करें।,1
work_B1_hwa_df_fire,state,"हालाँकि कुछ अभिव्यक्तियाँ हैं, रिश्ता बहुत अधिक नहीं हिला है, और स्पष्ट ऊर्जा शांत जीवन शक्ति जोड़ती है और एक सामान्य दिन जारी रखती है।",1
work_B1_hwa_df_water,intro,यह एक ऐसा दिन है जब काम करने की आपकी प्रेरणा कुछ कम है और आपको कुछ प्रेरणा की आवश्यकता है।,1
work_B1_hwa_df_water,effect,ऊर्जा की कमी के कारण कार्य की गति धीमी है।,1
work_B1_hwa_df_water,action,छोटे लक्ष्य निर्धारित करके और उन्हें प्राप्त करके अपनी प्रेरणा पुनः प्राप्त करें।,1
work_B1_hwa_df_water,state,"हालाँकि कुछ अभिव्यक्तियाँ हैं, रिश्ते बहुत अधिक हिलते नहीं हैं, और नम ऊर्जा विचारों को बढ़ाती है, लेकिन बहुत अधिक हलचल पैदा नहीं करती है।",1
work_B1_hwa_df_wood,intro,यह एक ऐसा दिन है जब काम करने की आपकी प्रेरणा कुछ कम है और आपको कुछ प्रेरणा की आवश्यकता है।,1
work_B1_hwa_df_wood,effect,ऊर्जा की कमी के कारण कार्य की गति धीमी है।,1
work_B1_hwa_df_wood,action,छोटे लक्ष्य निर्धारित करके और उन्हें प्राप्त करके अपनी प्रेरणा पुनः प्राप्त करें।,1
work_B1_hwa_df_wood,state,"यद्यपि बहुत कम अभिव्यक्ति है, संबंध बहुत अधिक नहीं हिला है, और परिवर्तन की शांत ऊर्जा केवल सामान्य प्रवाह को थोड़ा हिलाने के लिए पर्याप्त है।",1
work_B1_hwa_ex_earth,intro,यह एक ऐसा दिन है जब काम करने की आपकी प्रेरणा कुछ कम है और आपको कुछ प्रेरणा की आवश्यकता है।,1
work_B1_hwa_ex_earth,effect,ऊर्जा की कमी के कारण कार्य की गति धीमी है।,1
work_B1_hwa_ex_earth,action,छोटे लक्ष्य निर्धारित करके और उन्हें प्राप्त करके अपनी प्रेरणा पुनः प्राप्त करें।,1
work_B1_hwa_ex_earth,state,"मध्यम गर्मी एक सहज दिन बनाती है, और बादल वाली ऊर्जा आपको एक आसान गति बनाए रखने में मदद करती है।",1
work_B1_hwa_ex_fire,intro,यह एक ऐसा दिन है जब काम करने की आपकी प्रेरणा कुछ कम है और आपको कुछ प्रेरणा की आवश्यकता है।,1
work_B1_hwa_ex_fire,effect,ऊर्जा की कमी के कारण कार्य की गति धीमी है।,1
work_B1_hwa_ex_fire,action,छोटे लक्ष्य निर्धारित करके और उन्हें प्राप्त करके अपनी प्रेरणा पुनः प्राप्त करें।,1
work_B1_hwa_ex_fire,state,"मध्यम गर्मी एक सहज दिन बनाती है, और स्पष्ट ऊर्जा शांत जीवन शक्ति जोड़ती है और सामान्य दिन को जारी रखती है।",1
work_B1_hwa_ex_water,intro,यह एक ऐसा दिन है जब काम करने की आपकी प्रेरणा कुछ कम है और आपको कुछ प्रेरणा की आवश्यकता है।,1
work_B1_hwa_ex_water,effect,ऊर्जा की कमी के कारण कार्य की गति धीमी है।,1
work_B1_hwa_ex_water,action,छोटे लक्ष्य निर्धारित करके और उन्हें प्राप्त करके अपनी प्रेरणा पुनः प्राप्त करें।,1
work_B1_hwa_ex_water,state,"मध्यम गर्मी एक सुहाना दिन बनाती है, और नम ऊर्जा आपके विचारों को बढ़ाती है लेकिन ज्यादा उत्तेजना पैदा नहीं करती है।",1
work_B1_hwa_ex_wood,intro,यह एक ऐसा दिन है जब काम करने की आपकी प्रेरणा कुछ कम है और आपको कुछ प्रेरणा की आवश्यकता है।,1
work_B1_hwa_ex_wood,effect,ऊर्जा की कमी के कारण कार्य की गति धीमी है।,1
work_B1_hwa_ex_wood,action,छोटे लक्ष्य निर्धारित करके और उन्हें प्राप्त करके अपनी प्रेरणा पुनः प्राप्त करें।,1
work_B1_hwa_ex_wood,state,"मध्यम गर्मी एक सहज दिन बनाती है, और परिवर्तन की शांत ऊर्जा सामान्य प्रवाह को थोड़ा सा हिलाने के अलावा और कुछ नहीं करती है।",1
work_B1_mok_df_earth,intro,"व्यवसाय की वृद्धि धीमी हो सकती है, जिससे नए प्रयासों से परिणाम प्राप्त करना कठिन हो जाएगा।",1
work_B1_mok_df_earth,effect,सीमित क्षमता विस्तार के कारण कार्य परिणाम अपेक्षा से कम प्राप्त होंगे।,1
work_B1_mok_df_earth,action,बुनियादी कार्य ईमानदारी से करें और विकास के अवसरों के लिए तैयारी करें।,1
work_B1_mok_df_earth,state,"यह नए की तुलना में अधिक परिचित रहता है, लेकिन प्रवाह निर्बाध है और बादलदार ऊर्जा आपको आसान गति बनाए रखने में मदद करती है।",1
work_B1_mok_df_fire,intro,"व्यवसाय की वृद्धि धीमी हो सकती है, जिससे नए प्रयासों से परिणाम प्राप्त करना कठिन हो जाएगा।",1
work_B1_mok_df_fire,effect,सीमित क्षमता विस्तार के कारण कार्य परिणाम अपेक्षा से कम प्राप्त होंगे।,1
work_B1_mok_df_fire,action,बुनियादी कार्य ईमानदारी से करें और विकास के अवसरों के लिए तैयारी करें।,1
work_B1_mok_df_fire,state,"यद्यपि यह नए के बजाय परिचित बना हुआ है, प्रवाह निर्बाध है और स्पष्ट ऊर्जा शांत जीवन शक्ति जोड़ती है और सामान्य दिन को जारी रखती है।",1
work_B1_mok_df_water,intro,"व्यवसाय की वृद्धि धीमी हो सकती है, जिससे नए प्रयासों से परिणाम प्राप्त करना कठिन हो जाएगा।",1
work_B1_mok_df_water,effect,सीमित क्षमता विस्तार के कारण कार्य परिणाम अपेक्षा से कम प्राप्त होंगे।,1
work_B1_mok_df_water,action,बुनियादी कार्य ईमानदारी से करें और विकास के अवसरों के लिए तैयारी करें।,1
work_B1_mok_df_water,state,"यद्यपि यह उपन्यास के बजाय परिचित रहता है, प्रवाह निर्बाध है और नम ऊर्जा विचारों को बढ़ाती है लेकिन ज्यादा हलचल पैदा नहीं करती है।",1
work_B1_mok_df_wood,intro,"व्यवसाय की वृद्धि धीमी हो सकती है, जिससे नए प्रयासों से परिणाम प्राप्त करना कठिन हो जाएगा।",1
work_B1_mok_df_wood,effect,सीमित क्षमता विस्तार के कारण कार्य परिणाम अपेक्षा से कम प्राप्त होंगे।,1
work_B1_mok_df_wood,action,बुनियादी कार्य ईमानदारी से करें और विकास के अवसरों के लिए तैयारी करें।,1
work_B1_mok_df_wood,state,"हालाँकि यह नए की तुलना में अधिक परिचित है, प्रवाह निर्बाध है और परिवर्तन की शांत ऊर्जा सामान्य प्रवाह को केवल थोड़ा सा हिलाती है।",1
work_B1_mok_ex_earth,intro,"व्यवसाय की वृद्धि धीमी हो सकती है, जिससे नए प्रयासों से परिणाम प्राप्त करना कठिन हो जाएगा।",1
work_B1_mok_ex_earth,effect,सीमित क्षमता विस्तार के कारण कार्य परिणाम अपेक्षा से कम प्राप्त होंगे।,1
work_B1_mok_ex_earth,action,बुनियादी कार्य ईमानदारी से करें और विकास के अवसरों के लिए तैयारी करें।,1
work_B1_mok_ex_earth,state,"मैं प्रेरित हूं, लेकिन मेरी प्रेरक शक्ति औसत स्तर पर बनी हुई है, और बादल भरी ऊर्जा मुझे एक अच्छी गति बनाए रखने में मदद करती है।",1
work_B1_mok_ex_fire,intro,"व्यवसाय की वृद्धि धीमी हो सकती है, जिससे नए प्रयासों से परिणाम प्राप्त करना कठिन हो जाएगा।",1
work_B1_mok_ex_fire,effect,सीमित क्षमता विस्तार के कारण कार्य परिणाम अपेक्षा से कम प्राप्त होंगे।,1
work_B1_mok_ex_fire,action,बुनियादी कार्य ईमानदारी से करें और विकास के अवसरों के लिए तैयारी करें।,1
work_B1_mok_ex_fire,state,"यद्यपि मैं प्रेरित हूं, मेरी प्रेरक शक्ति औसत स्तर पर बनी हुई है, और स्पष्ट ऊर्जा शांत जीवन शक्ति जोड़ती है और मेरे सामान्य दिन को जारी रखती है।",1
work_B1_mok_ex_water,intro,"व्यवसाय की वृद्धि धीमी हो सकती है, जिससे नए प्रयासों से परिणाम प्राप्त करना कठिन हो जाएगा।",1
work_B1_mok_ex_water,effect,सीमित क्षमता विस्तार के कारण कार्य परिणाम अपेक्षा से कम प्राप्त होंगे।,1
work_B1_mok_ex_water,action,बुनियादी कार्य ईमानदारी से करें और विकास के अवसरों के लिए तैयारी करें।,1
work_B1_mok_ex_water,state,"प्रेरणा होती है, लेकिन प्रेरक शक्ति सामान्य स्तर पर रहती है, और नम ऊर्जा विचारों को बढ़ाती है, लेकिन ज्यादा उत्तेजना पैदा नहीं करती है।",1
work_B1_mok_ex_wood,intro,"व्यवसाय की वृद्धि धीमी हो सकती है, जिससे नए प्रयासों से परिणाम प्राप्त करना कठिन हो जाएगा।",1
work_B1_mok_ex_wood,effect,सीमित क्षमता विस्तार के कारण कार्य परिणाम अपेक्षा से कम प्राप्त होंगे।,1
work_B1_mok_ex_wood,action,बुनियादी कार्य ईमानदारी से करें और विकास के अवसरों के लिए तैयारी करें।,1
work_B1_mok_ex_wood,state,"प्रेरणा है, लेकिन प्रेरक शक्ति औसत स्तर पर बनी हुई है, और परिवर्तन की शांत ऊर्जा सामान्य प्रवाह को थोड़ा सा हिलाने के लिए पर्याप्त है।",1
work_B1_su_df_earth,intro,"काम में कुछ गलतफहमियां हो सकती हैं, जिसके परिणामस्वरूप सहयोग के दौरान गलतफहमियां पैदा होंगी।",1
work_B1_su_df_earth,effect,गलत संचार से काम धीमा हो जाता है और टीम वर्क कमजोर हो जाता है।,1
work_B1_su_df_earth,action,महत्वपूर्ण विवरणों की जांच करना और संचार की स्पष्टता बढ़ाना सुनिश्चित करें।,1
work_B1_su_df_earth,state,"यद्यपि लचीलेपन में कमी आई है, प्रवाह में उल्लेखनीय रूप से रुकावट नहीं आई है, और बादल वाली ऊर्जा एक सभ्य गति बनाए रखने में मदद करती है।",1
work_B1_su_df_fire,intro,"काम में कुछ गलतफहमियां हो सकती हैं, जिसके परिणामस्वरूप सहयोग के दौरान गलतफहमियां पैदा होंगी।",1
work_B1_su_df_fire,effect,गलत संचार से काम धीमा हो जाता है और टीम वर्क कमजोर हो जाता है।,1
work_B1_su_df_fire,action,महत्वपूर्ण विवरणों की जांच करना और संचार की स्पष्टता बढ़ाना सुनिश्चित करें।,1
work_B1_su_df_fire,state,"यद्यपि लचीलेपन में कमी आई है, प्रवाह में उल्लेखनीय रूप से बाधा नहीं आई है, और स्पष्ट ऊर्जा शांत जीवन शक्ति जोड़ती है और एक सामान्य दिन जारी रखती है।",1
work_B1_su_df_water,intro,"काम में कुछ गलतफहमियां हो सकती हैं, जिसके परिणामस्वरूप सहयोग के दौरान गलतफहमियां पैदा होंगी।",1
work_B1_su_df_water,effect,गलत संचार से काम धीमा हो जाता है और टीम वर्क कमजोर हो जाता है।,1
work_B1_su_df_water,action,महत्वपूर्ण विवरणों की जांच करना और संचार की स्पष्टता बढ़ाना सुनिश्चित करें।,1
work_B1_su_df_water,state,"लचीलापन कम हो जाता है, लेकिन प्रवाह बहुत अधिक बाधित नहीं होता है, और नम ऊर्जा विचारों को बढ़ाती है, लेकिन अधिक उत्तेजना पैदा नहीं करती है।",1
work_B1_su_df_wood,intro,"काम में कुछ गलतफहमियां हो सकती हैं, जिसके परिणामस्वरूप सहयोग के दौरान गलतफहमियां पैदा होंगी।",1
work_B1_su_df_wood,effect,गलत संचार से काम धीमा हो जाता है और टीम वर्क कमजोर हो जाता है।,1
work_B1_su_df_wood,action,महत्वपूर्ण विवरणों की जांच करना और संचार की स्पष्टता बढ़ाना सुनिश्चित करें।,1
work_B1_su_df_wood,state,"यद्यपि लचीलेपन में कमी आई है, प्रवाह में कोई विशेष बाधा नहीं आई है, और परिवर्तन की शांत ऊर्जा सामान्य प्रवाह को केवल थोड़ा सा हिलाती है।",1
work_B1_su_ex_earth,intro,"काम में कुछ गलतफहमियां हो सकती हैं, जिसके परिणामस्वरूप सहयोग के दौरान गलतफहमियां पैदा होंगी।",1
work_B1_su_ex_earth,effect,गलत संचार से काम धीमा हो जाता है और टीम वर्क कमजोर हो जाता है।,1
work_B1_su_ex_earth,action,महत्वपूर्ण विवरणों की जांच करना और संचार की स्पष्टता बढ़ाना सुनिश्चित करें।,1
work_B1_su_ex_earth,state,"हालाँकि मेरे पास सोचने के लिए बहुत कुछ है, फिर भी दिन बिना किसी परेशानी के बीत जाता है, और बादल भरी ऊर्जा मुझे आसान गति बनाए रखने में मदद करती है।",1
work_B1_su_ex_fire,intro,"काम में कुछ गलतफहमियां हो सकती हैं, जिसके परिणामस्वरूप सहयोग के दौरान गलतफहमियां पैदा होंगी।",1
work_B1_su_ex_fire,effect,गलत संचार से काम धीमा हो जाता है और टीम वर्क कमजोर हो जाता है।,1
work_B1_su_ex_fire,action,महत्वपूर्ण विवरणों की जांच करना और संचार की स्पष्टता बढ़ाना सुनिश्चित करें।,1
work_B1_su_ex_fire,state,"भले ही मेरे पास बहुत सारे विचार हैं, दिन बिना किसी परेशानी के बीत जाता है, और स्पष्ट ऊर्जा शांत जीवन शक्ति जोड़ती है और सामान्य दिन को जारी रखती है।",1
work_B1_su_ex_water,intro,"काम में कुछ गलतफहमियां हो सकती हैं, जिसके परिणामस्वरूप सहयोग के दौरान गलतफहमियां पैदा होंगी।",1
work_B1_su_ex_water,effect,गलत संचार से काम धीमा हो जाता है और टीम वर्क कमजोर हो जाता है।,1
work_B1_su_ex_water,action,महत्वपूर्ण विवरणों की जांच करना और संचार की स्पष्टता बढ़ाना सुनिश्चित करें।,1
work_B1_su_ex_water,state,"भले ही आपके मन में बहुत सारे विचार हों, दिन बिना ज्यादा हलचल के बीत जाता है और नम ऊर्जा आपके विचारों को बढ़ा देती है लेकिन ज्यादा हलचल पैदा नहीं करती।",1
work_B1_su_ex_wood,intro,"काम में कुछ गलतफहमियां हो सकती हैं, जिसके परिणामस्वरूप सहयोग के दौरान गलतफहमियां पैदा होंगी।",1
work_B1_su_ex_wood,effect,गलत संचार से काम धीमा हो जाता है और टीम वर्क कमजोर हो जाता है।,1
work_B1_su_ex_wood,action,महत्वपूर्ण विवरणों की जांच करना और संचार की स्पष्टता बढ़ाना सुनिश्चित करें।,1
work_B1_su_ex_wood,state,"भले ही मेरे मन में बहुत सारे विचार हों, दिन बिना किसी व्यवधान के बीत जाता है, और परिवर्तन की शांत ऊर्जा सामान्य प्रवाह को केवल थोड़ा सा हिलाती है।",1
work_B1_to_df_earth,intro,यह एक ऐसा दिन है जब कार्य सुरक्षा औसत से नीचे गिर जाती है और गलतियों का खतरा बढ़ जाता है।,1
work_B1_to_df_earth,effect,एकाग्रता डगमगाने से काम की गुणवत्ता कम हो जाती है।,1
work_B1_to_df_earth,action,महत्वपूर्ण कार्यों की एक से अधिक बार समीक्षा करें और सबमिट करें।,1
work_B1_to_df_earth,state,"भले ही कुछ कंपन हो, दैनिक जीवन सुचारू रूप से चलता है और बादल वाली ऊर्जा मुझे आसान गति बनाए रखने में मदद करती है।",1
work_B1_to_df_fire,intro,यह एक ऐसा दिन है जब कार्य सुरक्षा औसत से नीचे गिर जाती है और गलतियों का खतरा बढ़ जाता है।,1
work_B1_to_df_fire,effect,एकाग्रता डगमगाने से काम की गुणवत्ता कम हो जाती है।,1
work_B1_to_df_fire,action,महत्वपूर्ण कार्यों की एक से अधिक बार समीक्षा करें और सबमिट करें।,1
work_B1_to_df_fire,state,"हालाँकि कुछ कंपन है, दैनिक जीवन सुचारू रूप से चलता है, और स्पष्ट ऊर्जा शांत जीवन शक्ति जोड़ती है और सामान्य दिन को जारी रखती है।",1
work_B1_to_df_water,intro,यह एक ऐसा दिन है जब कार्य सुरक्षा औसत से नीचे गिर जाती है और गलतियों का खतरा बढ़ जाता है।,1
work_B1_to_df_water,effect,एकाग्रता डगमगाने से काम की गुणवत्ता कम हो जाती है।,1
work_B1_to_df_water,action,महत्वपूर्ण कार्यों की एक से अधिक बार समीक्षा करें और सबमिट करें।,1
work_B1_to_df_water,state,"यद्यपि कंपन होता है, दैनिक जीवन सुचारू रूप से चलता है, और नम ऊर्जा विचारों को बढ़ाती है, लेकिन अधिक हलचल पैदा नहीं करती है।",1
work_B1_to_df_wood,intro,यह एक ऐसा दिन है जब कार्य सुरक्षा औसत से नीचे गिर जाती है और गलतियों का खतरा बढ़ जाता है।,1
work_B1_to_df_wood,effect,एकाग्रता डगमगाने से काम की गुणवत्ता कम हो जाती है।,1
work_B1_to_df_wood,action,महत्वपूर्ण कार्यों की एक से अधिक बार समीक्षा करें और सबमिट करें।,1
work_B1_to_df_wood,state,"यद्यपि उतार-चढ़ाव होते हैं, दैनिक जीवन सुचारू रूप से चलता है, और परिवर्तन की शांत ऊर्जा सामान्य प्रवाह को केवल थोड़ा सा हिलाती है।",1
work_B1_to_ex_earth,intro,यह एक ऐसा दिन है जब कार्य सुरक्षा औसत से नीचे गिर जाती है और गलतियों का खतरा बढ़ जाता है।,1
work_B1_to_ex_earth,effect,एकाग्रता डगमगाने से काम की गुणवत्ता कम हो जाती है।,1
work_B1_to_ex_earth,action,महत्वपूर्ण कार्यों की एक से अधिक बार समीक्षा करें और सबमिट करें।,1
work_B1_to_ex_earth,state,"परिवर्तन के स्थान पर परिचितता को चुनने से दिन आसान हो जाता है, और बादल भरी ऊर्जा मुझे आसान गति बनाए रखने में मदद करती है।",1
work_B1_to_ex_fire,intro,यह एक ऐसा दिन है जब कार्य सुरक्षा औसत से नीचे गिर जाती है और गलतियों का खतरा बढ़ जाता है।,1
work_B1_to_ex_fire,effect,एकाग्रता डगमगाने से काम की गुणवत्ता कम हो जाती है।,1
work_B1_to_ex_fire,action,महत्वपूर्ण कार्यों की एक से अधिक बार समीक्षा करें और सबमिट करें।,1
work_B1_to_ex_fire,state,"परिवर्तन के स्थान पर परिचितता को चुनने से एक सामान्य दिन बन जाता है, और स्पष्ट ऊर्जा सामान्य दिन में शांत जीवन शक्ति जोड़ती है।",1
work_B1_to_ex_water,intro,यह एक ऐसा दिन है जब कार्य सुरक्षा औसत से नीचे गिर जाती है और गलतियों का खतरा बढ़ जाता है।,1
work_B1_to_ex_water,effect,एकाग्रता डगमगाने से काम की गुणवत्ता कम हो जाती है।,1
work_B1_to_ex_water,action,महत्वपूर्ण कार्यों की एक से अधिक बार समीक्षा करें और सबमिट करें।,1
work_B1_to_ex_water,state,"परिवर्तन के स्थान पर परिचितता को चुनने से दिन सामान्य हो जाता है, और नम ऊर्जा विचारों को बढ़ाती है लेकिन अधिक उत्तेजना पैदा नहीं करती है।",1
work_B1_to_ex_wood,intro,यह एक ऐसा दिन है जब कार्य सुरक्षा औसत से नीचे गिर जाती है और गलतियों का खतरा बढ़ जाता है।,1
work_B1_to_ex_wood,effect,एकाग्रता डगमगाने से काम की गुणवत्ता कम हो जाती है।,1
work_B1_to_ex_wood,action,महत्वपूर्ण कार्यों की एक से अधिक बार समीक्षा करें और सबमिट करें।,1
work_B1_to_ex_wood,state,"परिवर्तन के स्थान पर परिचितता को चुनने से दिन सामान्य हो जाता है, और परिवर्तन की शांत ऊर्जा सामान्य प्रवाह को केवल थोड़ा सा हिला देती है।",1
work_C,intro,आज काम ऊर्जा में शांति के साथ यथासंभव स्थिरता से आगे बढ़ना फायदेमंद रहेगा।,1
work_C,intro,"आज काम पर ऊर्जा कम है, इसलिए यथार्थवादी योजनाएँ अनुचित लक्ष्यों से बेहतर हैं।",1
work_C,effect,"कार्य की गति सामान्य से धीमी हो सकती है या त्रुटियाँ बढ़ सकती हैं, इसलिए सावधानीपूर्वक निरीक्षण आवश्यक है।",1
work_C,effect,"चीजें अधिक जटिल हो सकती हैं या अपेक्षा से अधिक समय लग सकता है, इसलिए कुछ अतिरिक्त समय सुरक्षित करना एक अच्छा विचार है।",1
work_C,action,यदि आप कार्यों को एक साथ करने के बजाय छोटे-छोटे हिस्सों में बांट देते हैं तो गलतियाँ कम हो जाती हैं।,1
work_C,action,आज आप जिस चीज़ में अच्छे हैं उस पर ध्यान केंद्रित करें और नए क्षेत्रों में प्रयास करना बाद के लिए टाल दें।,1
work_C_geum_df_earth,intro,यह एक ऐसा दिन है जब आपकी कार्य क्षमता कम हो जाती है और आपके कार्यों को पूरा करना मुश्किल हो जाता है।,1
work_C_geum_df_earth,effect,एकाग्रता कम होने से कार्य में त्रुटियाँ और देरी होती है।,1
work_C_geum_df_earth,action,आज नए कार्यों की बजाय मौजूदा काम निपटाने पर ध्यान दें।,1
work_C_geum_df_earth,state,"जैसे-जैसे आपका संकल्प कमजोर होता है, महत्वपूर्ण विकल्पों को टालना आसान हो जाता है, और धुंधली ऊर्जा आपको धीमा कर सकती है और आपके विचारों को भारी बना सकती है।",1
work_C_geum_df_fire,intro,यह एक ऐसा दिन है जब आपकी कार्य क्षमता कम हो जाती है और आपके कार्यों को पूरा करना मुश्किल हो जाता है।,1
work_C_geum_df_fire,effect,एकाग्रता कम होने से कार्य में त्रुटियाँ और देरी होती है।,1
work_C_geum_df_fire,action,आज नए कार्यों की बजाय मौजूदा काम निपटाने पर ध्यान दें।,1
work_C_geum_df_fire,state,"जैसे-जैसे आपका संकल्प कमजोर होता है, महत्वपूर्ण विकल्पों को टालना आसान हो जाता है, और आपकी स्पष्ट ऊर्जा उत्साहित माहौल में प्रवाहित हो सकती है, जो आपके विवेक को धूमिल कर सकती है।",1
work_C_geum_df_water,intro,यह एक ऐसा दिन है जब आपकी कार्य क्षमता कम हो जाती है और आपके कार्यों को पूरा करना मुश्किल हो जाता है।,1
work_C_geum_df_water,effect,एकाग्रता कम होने से कार्य में त्रुटियाँ और देरी होती है।,1
work_C_geum_df_water,action,आज नए कार्यों की बजाय मौजूदा काम निपटाने पर ध्यान दें।,1
work_C_geum_df_water,state,"महत्वपूर्ण विकल्पों को स्थगित करना आसान है क्योंकि आपका संकल्प कमजोर हो जाता है, और बारिश और बर्फ की ऊर्जा आपकी भावनाओं और आंतरिक आत्म को उत्तेजित कर सकती है, जिसका बड़ा प्रभाव हो सकता है।",1
work_C_geum_df_wood,intro,यह एक ऐसा दिन है जब आपकी कार्य क्षमता कम हो जाती है और आपके कार्यों को पूरा करना मुश्किल हो जाता है।,1
work_C_geum_df_wood,effect,एकाग्रता कम होने से कार्य में त्रुटियाँ और देरी होती है।,1
work_C_geum_df_wood,action,आज नए कार्यों की बजाय मौजूदा काम निपटाने पर ध्यान दें।,1
work_C_geum_df_wood,state,"कमजोर दृढ़ संकल्प के कारण महत्वपूर्ण विकल्पों को स्थगित करना आसान है, और परिवर्तन की मजबूत ऊर्जा लय को हिला सकती है और अप्रत्याशित परिवर्तन ला सकती है।",1
work_C_geum_ex_earth,intro,यह एक ऐसा दिन है जब आपकी कार्य क्षमता कम हो जाती है और आपके कार्यों को पूरा करना मुश्किल हो जाता है।,1
work_C_geum_ex_earth,effect,एकाग्रता कम होने से कार्य में त्रुटियाँ और देरी होती है।,1
work_C_geum_ex_earth,action,आज नए कार्यों की बजाय मौजूदा काम निपटाने पर ध्यान दें।,1
work_C_geum_ex_earth,state,"अत्यधिक तीखा निर्णय रिश्तों को ठंडा बना सकता है, और धुंधली ऊर्जा आपकी गति को धीमा कर सकती है और आपके विचारों को भारी बना सकती है।",1
work_C_geum_ex_fire,intro,यह एक ऐसा दिन है जब आपकी कार्य क्षमता कम हो जाती है और आपके कार्यों को पूरा करना मुश्किल हो जाता है।,1
work_C_geum_ex_fire,effect,एकाग्रता कम होने से कार्य में त्रुटियाँ और देरी होती है।,1
work_C_geum_ex_fire,action,आज नए कार्यों की बजाय मौजूदा काम निपटाने पर ध्यान दें।,1
work_C_geum_ex_fire,state,"अत्यधिक तीखा निर्णय रिश्तों को ठंडा बना सकता है, और स्पष्ट ऊर्जा उत्तेजित वातावरण में प्रवाहित हो सकती है, जो विवेक को धूमिल कर सकती है।",1
work_C_geum_ex_water,intro,यह एक ऐसा दिन है जब आपकी कार्य क्षमता कम हो जाती है और आपके कार्यों को पूरा करना मुश्किल हो जाता है।,1
work_C_geum_ex_water,effect,एकाग्रता कम होने से कार्य में त्रुटियाँ और देरी होती है।,1
work_C_geum_ex_water,action,आज नए कार्यों की बजाय मौजूदा काम निपटाने पर ध्यान दें।,1
work_C_geum_ex_water,state,"अत्यधिक तीखा निर्णय रिश्तों को ठंडा बना सकता है, और बारिश और बर्फ की ऊर्जा भावनाओं और आंतरिक भावनाओं को उत्तेजित कर सकती है, जिसका बड़ा प्रभाव हो सकता है।",1
work_C_geum_ex_wood,intro,यह एक ऐसा दिन है जब आपकी कार्य क्षमता कम हो जाती है और आपके कार्यों को पूरा करना मुश्किल हो जाता है।,1
work_C_geum_ex_wood,effect,एकाग्रता कम होने से कार्य में त्रुटियाँ और देरी होती है।,1
work_C_geum_ex_wood,action,आज नए कार्यों की बजाय मौजूदा काम निपटाने पर ध्यान दें।,1
work_C_geum_ex_wood,state,"अत्यधिक तीखा निर्णय रिश्तों को ठंडा बना सकता है, और परिवर्तन की मजबूत ऊर्जा लय को हिला सकती है और अप्रत्याशित परिवर्तन ला सकती है।",1
work_C_hwa_df_earth,intro,यह एक ऐसा दिन है जब आप काम करने के लिए प्रेरित नहीं होते और ध्यान केंद्रित करने में कठिनाई महसूस करते हैं।,1
work_C_hwa_df_earth,effect,ऊर्जा की कमी से कार्य की समग्र गति और गुणवत्ता कम हो जाती है।,1
work_C_hwa_df_earth,action,बस न्यूनतम आवश्यक कार्य करें और इसे ज़्यादा न करें।,1
work_C_hwa_df_earth,state,"स्वयं को अभिव्यक्त करने में कठिनाई के कारण गलतफहमियाँ उत्पन्न होना आसान है, और धुंधली ऊर्जा आपको धीमा कर सकती है और आपके विचारों को भारी बना सकती है।",1
work_C_hwa_df_fire,intro,यह एक ऐसा दिन है जब आप काम करने के लिए प्रेरित नहीं होते और ध्यान केंद्रित करने में कठिनाई महसूस करते हैं।,1
work_C_hwa_df_fire,effect,ऊर्जा की कमी से कार्य की समग्र गति और गुणवत्ता कम हो जाती है।,1
work_C_hwa_df_fire,action,बस न्यूनतम आवश्यक कार्य करें और इसे ज़्यादा न करें।,1
work_C_hwa_df_fire,state,"ग़लतफहमियाँ पैदा होना आसान है क्योंकि भावों को समझना कठिन होता है, और स्पष्ट ऊर्जा उत्तेजित वातावरण में प्रवाहित हो सकती है और सावधानी को धूमिल कर सकती है।",1
work_C_hwa_df_water,intro,यह एक ऐसा दिन है जब आप काम करने के लिए प्रेरित नहीं होते और ध्यान केंद्रित करने में कठिनाई महसूस करते हैं।,1
work_C_hwa_df_water,effect,ऊर्जा की कमी से कार्य की समग्र गति और गुणवत्ता कम हो जाती है।,1
work_C_hwa_df_water,action,बस न्यूनतम आवश्यक कार्य करें और इसे ज़्यादा न करें।,1
work_C_hwa_df_water,state,"गलतफहमियां पैदा होना आसान है क्योंकि भावों को समझना मुश्किल होता है, और बारिश और बर्फ की ऊर्जा भावनाओं और आंतरिक भावनाओं को उत्तेजित कर सकती है, जिसका बड़ा प्रभाव हो सकता है।",1
work_C_hwa_df_wood,intro,यह एक ऐसा दिन है जब आप काम करने के लिए प्रेरित नहीं होते और ध्यान केंद्रित करने में कठिनाई महसूस करते हैं।,1
work_C_hwa_df_wood,effect,ऊर्जा की कमी से कार्य की समग्र गति और गुणवत्ता कम हो जाती है।,1
work_C_hwa_df_wood,action,बस न्यूनतम आवश्यक कार्य करें और इसे ज़्यादा न करें।,1
work_C_hwa_df_wood,state,"कठिन अभिव्यक्तियों के कारण गलतफहमी उत्पन्न होना आसान है, और परिवर्तन की मजबूत ऊर्जा लय को हिला सकती है और अप्रत्याशित परिवर्तन ला सकती है।",1
work_C_hwa_ex_earth,intro,यह एक ऐसा दिन है जब आप काम करने के लिए प्रेरित नहीं होते और ध्यान केंद्रित करने में कठिनाई महसूस करते हैं।,1
work_C_hwa_ex_earth,effect,ऊर्जा की कमी से कार्य की समग्र गति और गुणवत्ता कम हो जाती है।,1
work_C_hwa_ex_earth,action,बस न्यूनतम आवश्यक कार्य करें और इसे ज़्यादा न करें।,1
work_C_hwa_ex_earth,state,"भावनाओं का टकराना आसान है, और धुंधली ऊर्जा आपको धीमा कर सकती है और आपके विचारों को भारी बना सकती है।",1
work_C_hwa_ex_fire,intro,यह एक ऐसा दिन है जब आप काम करने के लिए प्रेरित नहीं होते और ध्यान केंद्रित करने में कठिनाई महसूस करते हैं।,1
work_C_hwa_ex_fire,effect,ऊर्जा की कमी से कार्य की समग्र गति और गुणवत्ता कम हो जाती है।,1
work_C_hwa_ex_fire,action,बस न्यूनतम आवश्यक कार्य करें और इसे ज़्यादा न करें।,1
work_C_hwa_ex_fire,state,"भावनाओं का टकराना आसान है, और स्पष्ट ऊर्जा उत्तेजित माहौल में प्रवाहित हो सकती है, जिससे सावधानी धुंधली हो सकती है।",1
work_C_hwa_ex_water,intro,यह एक ऐसा दिन है जब आप काम करने के लिए प्रेरित नहीं होते और ध्यान केंद्रित करने में कठिनाई महसूस करते हैं।,1
work_C_hwa_ex_water,effect,ऊर्जा की कमी से कार्य की समग्र गति और गुणवत्ता कम हो जाती है।,1
work_C_hwa_ex_water,action,बस न्यूनतम आवश्यक कार्य करें और इसे ज़्यादा न करें।,1
work_C_hwa_ex_water,state,"भावनाओं का संघर्ष में आना आसान है, और बारिश और बर्फ की ऊर्जा भावनाओं और आंतरिक भावनाओं को उत्तेजित कर सकती है, जिससे प्रभाव बढ़ सकता है।",1
work_C_hwa_ex_wood,intro,यह एक ऐसा दिन है जब आप काम करने के लिए प्रेरित नहीं होते और ध्यान केंद्रित करने में कठिनाई महसूस करते हैं।,1
work_C_hwa_ex_wood,effect,ऊर्जा की कमी से कार्य की समग्र गति और गुणवत्ता कम हो जाती है।,1
work_C_hwa_ex_wood,action,बस न्यूनतम आवश्यक कार्य करें और इसे ज़्यादा न करें।,1
work_C_hwa_ex_wood,state,"भावनाओं का टकराना आसान है, और परिवर्तन की मजबूत ऊर्जा लय को हिला सकती है और अप्रत्याशित परिवर्तन ला सकती है।",1
work_C_mok_df_earth,intro,यह एक ऐसा दिन है जब कार्य क्षमता अस्थायी रूप से अवरुद्ध हो जाती है और प्रगति धीमी हो जाती है।,1
work_C_mok_df_earth,effect,स्थिर क्षमताएँ कार्य निष्पादन को कम करती हैं और अवसरों को कम करती हैं।,1
work_C_mok_df_earth,action,कुछ नया करने की बजाय अपनी वर्तमान भूमिका में स्थिर रहें।,1
work_C_mok_df_earth,state,"नई चीजों को आजमाने में झिझक प्रगति को धीमा कर सकती है, और धूमिल ऊर्जा आपकी गति को धीमा कर सकती है और आपके विचारों को भारी बना सकती है।",1
work_C_mok_df_fire,intro,यह एक ऐसा दिन है जब कार्य क्षमता अस्थायी रूप से अवरुद्ध हो जाती है और प्रगति धीमी हो जाती है।,1
work_C_mok_df_fire,effect,स्थिर क्षमताएँ कार्य निष्पादन को कम करती हैं और अवसरों को कम करती हैं।,1
work_C_mok_df_fire,action,कुछ नया करने की बजाय अपनी वर्तमान भूमिका में स्थिर रहें।,1
work_C_mok_df_fire,state,"नई चीजों को आजमाने में झिझक प्रगति को धीमा कर सकती है, और स्पष्ट ऊर्जा से उत्साहित माहौल बन सकता है, जो सावधानी को धूमिल कर सकता है।",1
work_C_mok_df_water,intro,यह एक ऐसा दिन है जब कार्य क्षमता अस्थायी रूप से अवरुद्ध हो जाती है और प्रगति धीमी हो जाती है।,1
work_C_mok_df_water,effect,स्थिर क्षमताएँ कार्य निष्पादन को कम करती हैं और अवसरों को कम करती हैं।,1
work_C_mok_df_water,action,कुछ नया करने की बजाय अपनी वर्तमान भूमिका में स्थिर रहें।,1
work_C_mok_df_water,state,"नई चीजों को आजमाने में झिझक प्रगति को धीमा कर सकती है, और बारिश और बर्फ की ऊर्जा आपकी भावनाओं और आंतरिक आत्म को उत्तेजित कर सकती है, जिससे प्रभाव बढ़ सकता है।",1
work_C_mok_df_wood,intro,यह एक ऐसा दिन है जब कार्य क्षमता अस्थायी रूप से अवरुद्ध हो जाती है और प्रगति धीमी हो जाती है।,1
work_C_mok_df_wood,effect,स्थिर क्षमताएँ कार्य निष्पादन को कम करती हैं और अवसरों को कम करती हैं।,1
work_C_mok_df_wood,action,कुछ नया करने की बजाय अपनी वर्तमान भूमिका में स्थिर रहें।,1
work_C_mok_df_wood,state,"नई चीजों को आजमाने में झिझक प्रगति को धीमा कर सकती है, और परिवर्तन की मजबूत ऊर्जा लय को हिला सकती है और अप्रत्याशित परिवर्तन ला सकती है।",1
work_C_mok_ex_earth,intro,यह एक ऐसा दिन है जब कार्य क्षमता अस्थायी रूप से अवरुद्ध हो जाती है और प्रगति धीमी हो जाती है।,1
work_C_mok_ex_earth,effect,स्थिर क्षमताएँ कार्य निष्पादन को कम करती हैं और अवसरों को कम करती हैं।,1
work_C_mok_ex_earth,action,कुछ नया करने की बजाय अपनी वर्तमान भूमिका में स्थिर रहें।,1
work_C_mok_ex_earth,state,"अत्यधिक प्रेरणा के कारण आप चीजों को अति कर सकते हैं, और धूमिल ऊर्जा आपको धीमा कर सकती है और आपके विचारों को भारी बना सकती है।",1
work_C_mok_ex_fire,intro,यह एक ऐसा दिन है जब कार्य क्षमता अस्थायी रूप से अवरुद्ध हो जाती है और प्रगति धीमी हो जाती है।,1
work_C_mok_ex_fire,effect,स्थिर क्षमताएँ कार्य निष्पादन को कम करती हैं और अवसरों को कम करती हैं।,1
work_C_mok_ex_fire,action,कुछ नया करने की बजाय अपनी वर्तमान भूमिका में स्थिर रहें।,1
work_C_mok_ex_fire,state,"यदि आप बहुत अधिक प्रेरित हैं, तो आप खुद को काम करने के लिए प्रेरित कर सकते हैं, और आपकी स्पष्ट ऊर्जा एक उत्साहित माहौल में प्रवाहित हो सकती है, जो आपके विवेक को धूमिल कर सकती है।",1
work_C_mok_ex_water,intro,यह एक ऐसा दिन है जब कार्य क्षमता अस्थायी रूप से अवरुद्ध हो जाती है और प्रगति धीमी हो जाती है।,1
work_C_mok_ex_water,effect,स्थिर क्षमताएँ कार्य निष्पादन को कम करती हैं और अवसरों को कम करती हैं।,1
work_C_mok_ex_water,action,कुछ नया करने की बजाय अपनी वर्तमान भूमिका में स्थिर रहें।,1
work_C_mok_ex_water,state,"यदि आपके पास बहुत अधिक प्रेरणा है, तो आप चीजों को अति कर सकते हैं, और बारिश और बर्फ की ऊर्जा आपकी भावनाओं और आंतरिक आत्म को उत्तेजित कर सकती है, जिससे प्रभाव बढ़ सकता है।",1
work_C_mok_ex_wood,intro,यह एक ऐसा दिन है जब कार्य क्षमता अस्थायी रूप से अवरुद्ध हो जाती है और प्रगति धीमी हो जाती है।,1
work_C_mok_ex_wood,effect,स्थिर क्षमताएँ कार्य निष्पादन को कम करती हैं और अवसरों को कम करती हैं।,1
work_C_mok_ex_wood,action,कुछ नया करने की बजाय अपनी वर्तमान भूमिका में स्थिर रहें।,1
work_C_mok_ex_wood,state,"अत्यधिक प्रेरणा चीजों को अति करने के लिए प्रेरित कर सकती है, और परिवर्तन की मजबूत ऊर्जा लय को हिला सकती है और अप्रत्याशित परिवर्तन ला सकती है।",1
work_C_su_df_earth,intro,यह एक ऐसा दिन है जब कार्य संचार अवरुद्ध हो जाता है और सहयोग में टकराव उत्पन्न होने की संभावना होती है।,1
work_C_su_df_earth,effect,"संचार त्रुटियाँ बार-बार दोहराई जाती हैं, जिससे पूरी टीम के काम में देरी होती है।",1
work_C_su_df_earth,action,गलतफहमी पैदा होने से पहले स्पष्ट रूप से संवाद करें और पुष्टि करें।,1
work_C_su_df_earth,state,"लचीलेपन की कमी के कारण प्रवाह का ट्रैक खोना आसान है, और बादल वाली ऊर्जा आपको धीमा कर सकती है और आपके विचारों को भारी बना सकती है।",1
work_C_su_df_fire,intro,यह एक ऐसा दिन है जब कार्य संचार अवरुद्ध हो जाता है और सहयोग में टकराव उत्पन्न होने की संभावना होती है।,1
work_C_su_df_fire,effect,"संचार त्रुटियाँ बार-बार दोहराई जाती हैं, जिससे पूरी टीम के काम में देरी होती है।",1
work_C_su_df_fire,action,गलतफहमी पैदा होने से पहले स्पष्ट रूप से संवाद करें और पुष्टि करें।,1
work_C_su_df_fire,state,"लचीलेपन की कमी के कारण, प्रवाह का ट्रैक खोना आसान है, और स्पष्ट ऊर्जा उत्तेजित वातावरण में प्रवाहित हो सकती है, जो आपके विवेक को धूमिल कर सकती है।",1
work_C_su_df_water,intro,यह एक ऐसा दिन है जब कार्य संचार अवरुद्ध हो जाता है और सहयोग में टकराव उत्पन्न होने की संभावना होती है।,1
work_C_su_df_water,effect,"संचार त्रुटियाँ बार-बार दोहराई जाती हैं, जिससे पूरी टीम के काम में देरी होती है।",1
work_C_su_df_water,action,गलतफहमी पैदा होने से पहले स्पष्ट रूप से संवाद करें और पुष्टि करें।,1
work_C_su_df_water,state,"लचीलेपन की कमी के कारण, प्रवाह का ट्रैक खोना आसान है, और बारिश और बर्फ की ऊर्जा भावनाओं और आंतरिक आत्म को उत्तेजित कर सकती है, जिससे प्रभाव बढ़ सकता है।",1
work_C_su_df_wood,intro,यह एक ऐसा दिन है जब कार्य संचार अवरुद्ध हो जाता है और सहयोग में टकराव उत्पन्न होने की संभावना होती है।,1
work_C_su_df_wood,effect,"संचार त्रुटियाँ बार-बार दोहराई जाती हैं, जिससे पूरी टीम के काम में देरी होती है।",1
work_C_su_df_wood,action,गलतफहमी पैदा होने से पहले स्पष्ट रूप से संवाद करें और पुष्टि करें।,1
work_C_su_df_wood,state,"लचीलेपन की कमी के कारण, प्रवाह का ट्रैक खोना आसान है, और परिवर्तन की मजबूत ऊर्जा लय को हिला सकती है और अप्रत्याशित परिवर्तन को जन्म दे सकती है।",1
work_C_su_ex_earth,intro,यह एक ऐसा दिन है जब कार्य संचार अवरुद्ध हो जाता है और सहयोग में टकराव उत्पन्न होने की संभावना होती है।,1
work_C_su_ex_earth,effect,"संचार त्रुटियाँ बार-बार दोहराई जाती हैं, जिससे पूरी टीम के काम में देरी होती है।",1
work_C_su_ex_earth,action,गलतफहमी पैदा होने से पहले स्पष्ट रूप से संवाद करें और पुष्टि करें।,1
work_C_su_ex_earth,state,"उमड़ती हुई भावनाओं के कारण आपके निर्णय पर पर्दा पड़ना आसान है, और धुंधली ऊर्जा आपको धीमा कर सकती है और आपके विचारों को भारी बना सकती है।",1
work_C_su_ex_fire,intro,यह एक ऐसा दिन है जब कार्य संचार अवरुद्ध हो जाता है और सहयोग में टकराव उत्पन्न होने की संभावना होती है।,1
work_C_su_ex_fire,effect,"संचार त्रुटियाँ बार-बार दोहराई जाती हैं, जिससे पूरी टीम के काम में देरी होती है।",1
work_C_su_ex_fire,action,गलतफहमी पैदा होने से पहले स्पष्ट रूप से संवाद करें और पुष्टि करें।,1
work_C_su_ex_fire,state,"भावनाओं के उमड़ने से निर्णय आसानी से धुंधला हो सकता है, और स्पष्ट ऊर्जा उत्तेजित वातावरण में प्रवाहित हो सकती है, जो विवेक को धूमिल कर सकती है।",1
work_C_su_ex_water,intro,यह एक ऐसा दिन है जब कार्य संचार अवरुद्ध हो जाता है और सहयोग में टकराव उत्पन्न होने की संभावना होती है।,1
work_C_su_ex_water,effect,"संचार त्रुटियाँ बार-बार दोहराई जाती हैं, जिससे पूरी टीम के काम में देरी होती है।",1
work_C_su_ex_water,action,गलतफहमी पैदा होने से पहले स्पष्ट रूप से संवाद करें और पुष्टि करें।,1
work_C_su_ex_water,state,"उमड़ती भावनाओं के कारण आपके निर्णय पर बादल छा जाना आसान है, और बारिश और बर्फ की ऊर्जा आपकी भावनाओं और आंतरिक स्व को उत्तेजित कर सकती है, जिससे प्रभाव बढ़ सकता है।",1
work_C_su_ex_wood,intro,यह एक ऐसा दिन है जब कार्य संचार अवरुद्ध हो जाता है और सहयोग में टकराव उत्पन्न होने की संभावना होती है।,1
work_C_su_ex_wood,effect,"संचार त्रुटियाँ बार-बार दोहराई जाती हैं, जिससे पूरी टीम के काम में देरी होती है।",1
work_C_su_ex_wood,action,गलतफहमी पैदा होने से पहले स्पष्ट रूप से संवाद करें और पुष्टि करें।,1
work_C_su_ex_wood,state,"निर्णय आसानी से भावनाओं से ढका जा सकता है, और परिवर्तन की मजबूत ऊर्जा लय को हिला सकती है और अप्रत्याशित परिवर्तन ला सकती है।",1
work_C_to_df_earth,intro,यह एक ऐसा दिन है जब कार्य स्थिरता कम होती है और गलतियाँ और देरी दोहराई जाती है।,1
work_C_to_df_earth,effect,अस्थिर स्थिति समग्र कार्य को हिला देती है और परिणाम खराब कर देती है।,1
work_C_to_df_earth,action,बोझिल कार्यों में अपने सहकर्मियों से मदद माँगें।,1
work_C_to_df_earth,state,"क्योंकि आपका केंद्र हिल गया है, आपके परिवेश से प्रभावित होना आसान है, और बादल वाली ऊर्जा आपको धीमा कर सकती है और आपके विचारों को भारी बना सकती है।",1
work_C_to_df_fire,intro,यह एक ऐसा दिन है जब कार्य स्थिरता कम होती है और गलतियाँ और देरी दोहराई जाती है।,1
work_C_to_df_fire,effect,अस्थिर स्थिति समग्र कार्य को हिला देती है और परिणाम खराब कर देती है।,1
work_C_to_df_fire,action,बोझिल कार्यों में अपने सहकर्मियों से मदद माँगें।,1
work_C_to_df_fire,state,"क्योंकि आपका केंद्र हिल गया है, आपके आस-पास के लोगों द्वारा प्रभावित होना आसान है, और आपकी स्पष्ट ऊर्जा एक उत्साहित वातावरण में प्रवाहित हो सकती है, जो आपके विवेक को धूमिल कर सकती है।",1
work_C_to_df_water,intro,यह एक ऐसा दिन है जब कार्य स्थिरता कम होती है और गलतियाँ और देरी दोहराई जाती है।,1
work_C_to_df_water,effect,अस्थिर स्थिति समग्र कार्य को हिला देती है और परिणाम खराब कर देती है।,1
work_C_to_df_water,action,बोझिल कार्यों में अपने सहकर्मियों से मदद माँगें।,1
work_C_to_df_water,state,"क्योंकि आपका केंद्र हिल गया है, आपके परिवेश से प्रभावित होना आसान है, और बारिश और बर्फ की ऊर्जा आपकी भावनाओं और आंतरिक स्व को उत्तेजित कर सकती है, जिससे प्रभाव बढ़ सकता है।",1
work_C_to_df_wood,intro,यह एक ऐसा दिन है जब कार्य स्थिरता कम होती है और गलतियाँ और देरी दोहराई जाती है।,1
work_C_to_df_wood,effect,अस्थिर स्थिति समग्र कार्य को हिला देती है और परिणाम खराब कर देती है।,1
work_C_to_df_wood,action,बोझिल कार्यों में अपने सहकर्मियों से मदद माँगें।,1
work_C_to_df_wood,state,"क्योंकि केंद्र हिल गया है, परिवेश से प्रभावित होना आसान है, और परिवर्तन की मजबूत ऊर्जा लय को हिला सकती है और अप्रत्याशित परिवर्तन ला सकती है।",1
work_C_to_ex_earth,intro,यह एक ऐसा दिन है जब कार्य स्थिरता कम होती है और गलतियाँ और देरी दोहराई जाती है।,1
work_C_to_ex_earth,effect,अस्थिर स्थिति समग्र कार्य को हिला देती है और परिणाम खराब कर देती है।,1
work_C_to_ex_earth,action,बोझिल कार्यों में अपने सहकर्मियों से मदद माँगें।,1
work_C_to_ex_earth,state,"जो मन परिवर्तन से इनकार करता है वह अवसरों को अवरुद्ध कर सकता है, और बादल भरी ऊर्जा आपकी गति को धीमा कर सकती है और आपके विचारों को भारी बना सकती है।",1
work_C_to_ex_fire,intro,यह एक ऐसा दिन है जब कार्य स्थिरता कम होती है और गलतियाँ और देरी दोहराई जाती है।,1
work_C_to_ex_fire,effect,अस्थिर स्थिति समग्र कार्य को हिला देती है और परिणाम खराब कर देती है।,1
work_C_to_ex_fire,action,बोझिल कार्यों में अपने सहकर्मियों से मदद माँगें।,1
work_C_to_ex_fire,state,"एक मन जो परिवर्तन से इनकार करता है वह अवसरों को अवरुद्ध कर सकता है, और स्पष्ट ऊर्जा एक उत्साहित माहौल में प्रवाहित हो सकती है, जिससे सावधानी बरतती है।",1
work_C_to_ex_water,intro,यह एक ऐसा दिन है जब कार्य स्थिरता कम होती है और गलतियाँ और देरी दोहराई जाती है।,1
work_C_to_ex_water,effect,अस्थिर स्थिति समग्र कार्य को हिला देती है और परिणाम खराब कर देती है।,1
work_C_to_ex_water,action,बोझिल कार्यों में अपने सहकर्मियों से मदद माँगें।,1
work_C_to_ex_water,state,"एक मन जो परिवर्तन से इनकार करता है वह अवसरों को अवरुद्ध कर सकता है, और बारिश और बर्फ की ऊर्जा भावनाओं और आंतरिक भावनाओं को उत्तेजित कर सकती है, जो प्रभाव को बढ़ा सकती है।",1
work_C_to_ex_wood,intro,यह एक ऐसा दिन है जब कार्य स्थिरता कम होती है और गलतियाँ और देरी दोहराई जाती है।,1
work_C_to_ex_wood,effect,अस्थिर स्थिति समग्र कार्य को हिला देती है और परिणाम खराब कर देती है।,1
work_C_to_ex_wood,action,बोझिल कार्यों में अपने सहकर्मियों से मदद माँगें।,1
work_C_to_ex_wood,state,"परिवर्तन से इनकार अवसरों को अवरुद्ध कर सकता है, और परिवर्तन की मजबूत ऊर्जा लय को हिला सकती है और अप्रत्याशित परिवर्तन को जन्म दे सकती है।",1
work_C1,intro,"आज काम पर ऊर्जा काफी कम है, इसलिए बेहतर होगा कि आप चुपचाप अपने कर्तव्यों पर ध्यान केंद्रित करें।",1
work_C1,intro,"आज आपमें काम की ऊर्जा बहुत अधिक रहेगी, इसलिए आपको लालच करने की बजाय गलतियों को कम करने पर ध्यान देना चाहिए।",1
work_C1,effect,दोबारा जाँच करना महत्वपूर्ण है क्योंकि कार्यस्थल पर अनजाने में गलतियाँ या टकराव हो सकते हैं।,1
work_C1,effect,नई चीजों को आजमाने या नई चीजों का सुझाव देने के बजाय केवल अपनी दी गई भूमिका पर ध्यान केंद्रित करने का यह एक सुरक्षित दिन है।,1
work_C1,action,"आज के लिए, दूसरों से अलग दिखने की कोशिश करने से बेहतर है कि आप चुपचाप बुनियादी काम निपटा लें।",1
work_C1,action,स्थिति में सुधार होने तक गैर-जरूरी निर्णयों या सुझावों को स्थगित रखना सबसे अच्छा है।,1
work_C1_geum_df_earth,intro,यह एक ऐसा दिन है जब कार्य क्षमता बहुत कम हो जाती है और बुनियादी कार्य भी कठिन हो जाते हैं।,1
work_C1_geum_df_earth,effect,एकाग्रता बेहद कम हो जाती है और महत्वपूर्ण कार्यों में गलतियाँ दोहराई जाती हैं।,1
work_C1_geum_df_earth,action,आज न्यूनतम कार्य ही करें और कोई भी अनुचित कार्य टाल दें।,1
work_C1_geum_df_earth,state,"दृढ़ संकल्प की कमी के कारण, अनिर्णायक विकल्पों को जमा करना आसान होता है, और अस्पष्ट ऊर्जा प्रेरणा और अस्पष्ट निर्णय को कम कर सकती है।",1
work_C1_geum_df_fire,intro,यह एक ऐसा दिन है जब कार्य क्षमता बहुत कम हो जाती है और बुनियादी कार्य भी कठिन हो जाते हैं।,1
work_C1_geum_df_fire,effect,एकाग्रता बेहद कम हो जाती है और महत्वपूर्ण कार्यों में गलतियाँ दोहराई जाती हैं।,1
work_C1_geum_df_fire,action,आज न्यूनतम कार्य ही करें और कोई भी अनुचित कार्य टाल दें।,1
work_C1_geum_df_fire,state,"दृढ़ संकल्प की कमी के कारण, अनिर्णायक विकल्प चुनना आसान है, और उत्साहित यांग शांति भंग कर सकता है और छोटी गलतियों को जन्म दे सकता है।",1
work_C1_geum_df_water,intro,यह एक ऐसा दिन है जब कार्य क्षमता बहुत कम हो जाती है और बुनियादी कार्य भी कठिन हो जाते हैं।,1
work_C1_geum_df_water,effect,एकाग्रता बेहद कम हो जाती है और महत्वपूर्ण कार्यों में गलतियाँ दोहराई जाती हैं।,1
work_C1_geum_df_water,action,आज न्यूनतम कार्य ही करें और कोई भी अनुचित कार्य टाल दें।,1
work_C1_geum_df_water,state,"दृढ़ संकल्प की कमी के कारण, अनिर्णायक विकल्पों का ढेर लगना आसान होता है, और बारिश और बर्फ़ की ऊर्जा आपकी भावनाओं को शांत नहीं कर पाती है, जिससे आपका दिल भारी हो जाता है।",1
work_C1_geum_df_wood,intro,यह एक ऐसा दिन है जब कार्य क्षमता बहुत कम हो जाती है और बुनियादी कार्य भी कठिन हो जाते हैं।,1
work_C1_geum_df_wood,effect,एकाग्रता बेहद कम हो जाती है और महत्वपूर्ण कार्यों में गलतियाँ दोहराई जाती हैं।,1
work_C1_geum_df_wood,action,आज न्यूनतम कार्य ही करें और कोई भी अनुचित कार्य टाल दें।,1
work_C1_geum_df_wood,state,"दृढ़ संकल्प की कमी के कारण, अनिर्णायक विकल्पों का ढेर लगना आसान है, और परिवर्तन की ऊर्जा योजनाओं में हस्तक्षेप और बाधा डालती रह सकती है।",1
work_C1_geum_ex_earth,intro,यह एक ऐसा दिन है जब कार्य क्षमता बहुत कम हो जाती है और बुनियादी कार्य भी कठिन हो जाते हैं।,1
work_C1_geum_ex_earth,effect,एकाग्रता बेहद कम हो जाती है और महत्वपूर्ण कार्यों में गलतियाँ दोहराई जाती हैं।,1
work_C1_geum_ex_earth,action,आज न्यूनतम कार्य ही करें और कोई भी अनुचित कार्य टाल दें।,1
work_C1_geum_ex_earth,state,"तीक्ष्णता बहुत दूर तक जा सकती है और आपके आस-पास के लोगों पर बोझ डाल सकती है, और धूमिल ऊर्जा प्रेरणा को कम कर सकती है और आपके निर्णय को धूमिल कर सकती है।",1
work_C1_geum_ex_fire,intro,यह एक ऐसा दिन है जब कार्य क्षमता बहुत कम हो जाती है और बुनियादी कार्य भी कठिन हो जाते हैं।,1
work_C1_geum_ex_fire,effect,एकाग्रता बेहद कम हो जाती है और महत्वपूर्ण कार्यों में गलतियाँ दोहराई जाती हैं।,1
work_C1_geum_ex_fire,action,आज न्यूनतम कार्य ही करें और कोई भी अनुचित कार्य टाल दें।,1
work_C1_geum_ex_fire,state,"आपकी तीक्ष्णता बहुत दूर तक जा सकती है और आपके आस-पास के लोगों पर बोझ डाल सकती है, और आपकी उत्तेजित ऊर्जा आपकी शांति को ख़त्म कर सकती है और छोटी-मोटी गलतियों को जन्म दे सकती है।",1
work_C1_geum_ex_water,intro,यह एक ऐसा दिन है जब कार्य क्षमता बहुत कम हो जाती है और बुनियादी कार्य भी कठिन हो जाते हैं।,1
work_C1_geum_ex_water,effect,एकाग्रता बेहद कम हो जाती है और महत्वपूर्ण कार्यों में गलतियाँ दोहराई जाती हैं।,1
work_C1_geum_ex_water,action,आज न्यूनतम कार्य ही करें और कोई भी अनुचित कार्य टाल दें।,1
work_C1_geum_ex_water,state,"आपकी तीक्ष्णता बहुत दूर तक जा सकती है और आपके आस-पास के लोगों पर बोझ डाल सकती है, और बारिश और बर्फ की ऊर्जा आपकी भावनाओं को शांत नहीं कर सकती है, जिससे आपका दिल भारी हो जाएगा।",1
work_C1_geum_ex_wood,intro,यह एक ऐसा दिन है जब कार्य क्षमता बहुत कम हो जाती है और बुनियादी कार्य भी कठिन हो जाते हैं।,1
work_C1_geum_ex_wood,effect,एकाग्रता बेहद कम हो जाती है और महत्वपूर्ण कार्यों में गलतियाँ दोहराई जाती हैं।,1
work_C1_geum_ex_wood,action,आज न्यूनतम कार्य ही करें और कोई भी अनुचित कार्य टाल दें।,1
work_C1_geum_ex_wood,state,"आपकी तीक्ष्णता बहुत दूर तक जा सकती है और आपके आस-पास के लोगों पर बोझ डाल सकती है, और परिवर्तन की ऊर्जा आपकी योजनाओं में हस्तक्षेप कर सकती है।",1
work_C1_hwa_df_earth,intro,यह एक ऐसा दिन है जब मेरे पास काम करने के लिए लगभग कोई प्रेरणा नहीं है और बुनियादी कार्य भी करना कठिन है।,1
work_C1_hwa_df_earth,effect,ऊर्जा की कमी से संपूर्ण कार्य प्रवाह रुक जाता है।,1
work_C1_hwa_df_earth,action,दिन के लिए अपने कार्य लक्ष्यों को कम करें और पुनर्प्राप्ति को प्राथमिकता दें।,1
work_C1_hwa_df_earth,state,"अभिव्यक्ति में रुकावट के कारण आपकी भावनाओं को ठीक से व्यक्त नहीं किया जाना आसान है, और धूमिल ऊर्जा प्रेरणा को कम कर सकती है और आपके निर्णय को धूमिल कर सकती है।",1
work_C1_hwa_df_fire,intro,यह एक ऐसा दिन है जब मेरे पास काम करने के लिए लगभग कोई प्रेरणा नहीं है और बुनियादी कार्य भी करना कठिन है।,1
work_C1_hwa_df_fire,effect,ऊर्जा की कमी से संपूर्ण कार्य प्रवाह रुक जाता है।,1
work_C1_hwa_df_fire,action,दिन के लिए अपने कार्य लक्ष्यों को कम करें और पुनर्प्राप्ति को प्राथमिकता दें।,1
work_C1_hwa_df_fire,state,"अभिव्यक्ति में रुकावट के कारण आपकी भावनाओं को ठीक से व्यक्त नहीं किया जाना आसान है, और उत्तेजित ऊर्जा आपकी शांति को बिखेर सकती है और छोटी-मोटी गलतियों को जन्म दे सकती है।",1
work_C1_hwa_df_water,intro,यह एक ऐसा दिन है जब मेरे पास काम करने के लिए लगभग कोई प्रेरणा नहीं है और बुनियादी कार्य भी करना कठिन है।,1
work_C1_hwa_df_water,effect,ऊर्जा की कमी से संपूर्ण कार्य प्रवाह रुक जाता है।,1
work_C1_hwa_df_water,action,दिन के लिए अपने कार्य लक्ष्यों को कम करें और पुनर्प्राप्ति को प्राथमिकता दें।,1
work_C1_hwa_df_water,state,"चूँकि अभिव्यक्तियाँ अवरुद्ध हैं, इसलिए आपकी भावनाओं को ठीक से व्यक्त नहीं किया जाना आसान है, और बारिश और बर्फ की ऊर्जा आपकी भावनाओं को शांत नहीं कर सकती है, जिससे आपका दिल भारी हो सकता है।",1
work_C1_hwa_df_wood,intro,यह एक ऐसा दिन है जब मेरे पास काम करने के लिए लगभग कोई प्रेरणा नहीं है और बुनियादी कार्य भी करना कठिन है।,1
work_C1_hwa_df_wood,effect,ऊर्जा की कमी से संपूर्ण कार्य प्रवाह रुक जाता है।,1
work_C1_hwa_df_wood,action,दिन के लिए अपने कार्य लक्ष्यों को कम करें और पुनर्प्राप्ति को प्राथमिकता दें।,1
work_C1_hwa_df_wood,state,"अभिव्यक्ति में रुकावट के कारण आपकी भावनाओं को ठीक से व्यक्त नहीं किया जाना आसान है, और परिवर्तन की ऊर्जा आपकी योजनाओं में हस्तक्षेप और बाधा डाल सकती है।",1
work_C1_hwa_ex_earth,intro,यह एक ऐसा दिन है जब मेरे पास काम करने के लिए लगभग कोई प्रेरणा नहीं है और बुनियादी कार्य भी करना कठिन है।,1
work_C1_hwa_ex_earth,effect,ऊर्जा की कमी से संपूर्ण कार्य प्रवाह रुक जाता है।,1
work_C1_hwa_ex_earth,action,दिन के लिए अपने कार्य लक्ष्यों को कम करें और पुनर्प्राप्ति को प्राथमिकता दें।,1
work_C1_hwa_ex_earth,state,"भावनाओं के लिए छोटी-छोटी बातों पर भी घर्षण पैदा करना आसान होता है, और धुंधली ऊर्जा प्रेरणा और अस्पष्ट निर्णय को कम कर सकती है।",1
work_C1_hwa_ex_fire,intro,यह एक ऐसा दिन है जब मेरे पास काम करने के लिए लगभग कोई प्रेरणा नहीं है और बुनियादी कार्य भी करना कठिन है।,1
work_C1_hwa_ex_fire,effect,ऊर्जा की कमी से संपूर्ण कार्य प्रवाह रुक जाता है।,1
work_C1_hwa_ex_fire,action,दिन के लिए अपने कार्य लक्ष्यों को कम करें और पुनर्प्राप्ति को प्राथमिकता दें।,1
work_C1_hwa_ex_fire,state,"भावनाओं के लिए छोटी-छोटी बातों पर भी घर्षण पैदा करना आसान है, और उत्तेजित ऊर्जा आपकी शांति को भंग कर सकती है और छोटी-छोटी गलतियों को जन्म दे सकती है।",1
work_C1_hwa_ex_water,intro,यह एक ऐसा दिन है जब मेरे पास काम करने के लिए लगभग कोई प्रेरणा नहीं है और बुनियादी कार्य भी करना कठिन है।,1
work_C1_hwa_ex_water,effect,ऊर्जा की कमी से संपूर्ण कार्य प्रवाह रुक जाता है।,1
work_C1_hwa_ex_water,action,दिन के लिए अपने कार्य लक्ष्यों को कम करें और पुनर्प्राप्ति को प्राथमिकता दें।,1
work_C1_hwa_ex_water,state,"छोटी-छोटी बातों पर भी भावनाएँ उत्पन्न होना आसान है, और बारिश और बर्फ़ की ऊर्जा आपकी भावनाओं को शांत नहीं कर पाती है, जिससे आपका दिल भारी हो जाता है।",1
work_C1_hwa_ex_wood,intro,यह एक ऐसा दिन है जब मेरे पास काम करने के लिए लगभग कोई प्रेरणा नहीं है और बुनियादी कार्य भी करना कठिन है।,1
work_C1_hwa_ex_wood,effect,ऊर्जा की कमी से संपूर्ण कार्य प्रवाह रुक जाता है।,1
work_C1_hwa_ex_wood,action,दिन के लिए अपने कार्य लक्ष्यों को कम करें और पुनर्प्राप्ति को प्राथमिकता दें।,1
work_C1_hwa_ex_wood,state,"यदि आप भावनात्मक रूप से प्रेरित हैं, तो छोटी-छोटी बातों पर भी मनमुटाव पैदा होना आसान है, और परिवर्तन की ऊर्जा आपकी योजनाओं में हस्तक्षेप और बाधा डालती रह सकती है।",1
work_C1_mok_df_earth,intro,यह एक ऐसा दिन है जब व्यापार की वृद्धि पूरी तरह से रुक जाती है और क्षमताएं वास्तव में सिकुड़ जाती हैं।,1
work_C1_mok_df_earth,effect,क्षमताओं में गिरावट मौजूदा काम को हिला रही है।,1
work_C1_mok_df_earth,action,नई चीज़ों को आज़माना बिल्कुल बंद कर दें और केवल मूल बातों पर ही टिके रहें।,1
work_C1_mok_df_earth,state,"यदि आप लंबे समय तक झिझकते हैं, तो अवसर आपके हाथ से निकल जाना आसान है, और धूमिल ऊर्जा प्रेरणा को कम कर सकती है और आपके निर्णय को धूमिल कर सकती है।",1
work_C1_mok_df_fire,intro,यह एक ऐसा दिन है जब व्यापार की वृद्धि पूरी तरह से रुक जाती है और क्षमताएं वास्तव में सिकुड़ जाती हैं।,1
work_C1_mok_df_fire,effect,क्षमताओं में गिरावट मौजूदा काम को हिला रही है।,1
work_C1_mok_df_fire,action,नई चीज़ों को आज़माना बिल्कुल बंद कर दें और केवल मूल बातों पर ही टिके रहें।,1
work_C1_mok_df_fire,state,"यदि आप लंबे समय तक झिझकते हैं, तो अवसर आपके हाथ से निकल जाना आसान है, और उत्साहित ऊर्जा आपकी शांति को नष्ट कर सकती है और छोटी-मोटी गलतियों को जन्म दे सकती है।",1
work_C1_mok_df_water,intro,यह एक ऐसा दिन है जब व्यापार की वृद्धि पूरी तरह से रुक जाती है और क्षमताएं वास्तव में सिकुड़ जाती हैं।,1
work_C1_mok_df_water,effect,क्षमताओं में गिरावट मौजूदा काम को हिला रही है।,1
work_C1_mok_df_water,action,नई चीज़ों को आज़माना बिल्कुल बंद कर दें और केवल मूल बातों पर ही टिके रहें।,1
work_C1_mok_df_water,state,"यदि आप लंबे समय तक झिझकते हैं, तो अवसर आसानी से आपके हाथ से निकल जाता है, और बारिश और बर्फ की ऊर्जा आपकी भावनाओं को शांत नहीं कर पाती है, जिससे आपका दिल भारी हो जाता है।",1
work_C1_mok_df_wood,intro,यह एक ऐसा दिन है जब व्यापार की वृद्धि पूरी तरह से रुक जाती है और क्षमताएं वास्तव में सिकुड़ जाती हैं।,1
work_C1_mok_df_wood,effect,क्षमताओं में गिरावट मौजूदा काम को हिला रही है।,1
work_C1_mok_df_wood,action,नई चीज़ों को आज़माना बिल्कुल बंद कर दें और केवल मूल बातों पर ही टिके रहें।,1
work_C1_mok_df_wood,state,"यदि आप लंबे समय तक झिझकते हैं, तो अवसर आपके हाथ से निकल जाना आसान है, और परिवर्तन की ऊर्जा हस्तक्षेप करती रह सकती है और आपकी योजनाओं को बाधित कर सकती है।",1
work_C1_mok_ex_earth,intro,यह एक ऐसा दिन है जब व्यापार की वृद्धि पूरी तरह से रुक जाती है और क्षमताएं वास्तव में सिकुड़ जाती हैं।,1
work_C1_mok_ex_earth,effect,क्षमताओं में गिरावट मौजूदा काम को हिला रही है।,1
work_C1_mok_ex_earth,action,नई चीज़ों को आज़माना बिल्कुल बंद कर दें और केवल मूल बातों पर ही टिके रहें।,1
work_C1_mok_ex_earth,state,"लालच के लिए उन चीज़ों की ओर ले जाना आसान है जिन्हें समझा नहीं जा सकता है, और अस्पष्ट ऊर्जा प्रेरणा और अस्पष्ट निर्णय को कम कर सकती है।",1
work_C1_mok_ex_fire,intro,यह एक ऐसा दिन है जब व्यापार की वृद्धि पूरी तरह से रुक जाती है और क्षमताएं वास्तव में सिकुड़ जाती हैं।,1
work_C1_mok_ex_fire,effect,क्षमताओं में गिरावट मौजूदा काम को हिला रही है।,1
work_C1_mok_ex_fire,action,नई चीज़ों को आज़माना बिल्कुल बंद कर दें और केवल मूल बातों पर ही टिके रहें।,1
work_C1_mok_ex_fire,state,"लालच करना और ऐसे काम करना आसान है जिन पर आप नियंत्रण नहीं कर सकते, और उत्तेजित ऊर्जा आपकी शांति को भंग कर सकती है और छोटी-मोटी गलतियों को जन्म दे सकती है।",1
work_C1_mok_ex_water,intro,यह एक ऐसा दिन है जब व्यापार की वृद्धि पूरी तरह से रुक जाती है और क्षमताएं वास्तव में सिकुड़ जाती हैं।,1
work_C1_mok_ex_water,effect,क्षमताओं में गिरावट मौजूदा काम को हिला रही है।,1
work_C1_mok_ex_water,action,नई चीज़ों को आज़माना बिल्कुल बंद कर दें और केवल मूल बातों पर ही टिके रहें।,1
work_C1_mok_ex_water,state,"लालच करना और ऐसे काम करना आसान है जिन्हें आप नियंत्रित नहीं कर सकते, और बारिश और बर्फ की ऊर्जा आपकी भावनाओं को शांत नहीं कर सकती है, जिससे आपका दिल भारी हो जाता है।",1
work_C1_mok_ex_wood,intro,यह एक ऐसा दिन है जब व्यापार की वृद्धि पूरी तरह से रुक जाती है और क्षमताएं वास्तव में सिकुड़ जाती हैं।,1
work_C1_mok_ex_wood,effect,क्षमताओं में गिरावट मौजूदा काम को हिला रही है।,1
work_C1_mok_ex_wood,action,नई चीज़ों को आज़माना बिल्कुल बंद कर दें और केवल मूल बातों पर ही टिके रहें।,1
work_C1_mok_ex_wood,state,"लालची होना और ऐसे काम करना आसान है जिन्हें आप नियंत्रित नहीं कर सकते, और परिवर्तन की ऊर्जा आपकी योजनाओं में हस्तक्षेप और बाधा डाल सकती है।",1
work_C1_su_df_earth,intro,यह एक ऐसा दिन है जब कार्य संचार गंभीर रूप से बाधित हो जाता है और संपूर्ण सहयोग हिल जाता है।,1
work_C1_su_df_earth,effect,संचार की कमी टीम के काम को पंगु बना देती है और संघर्ष को बढ़ा देती है।,1
work_C1_su_df_earth,action,सहयोग के महत्वपूर्ण मुद्दों पर आज निर्णय न लें और उन्हें टाल दें।,1
work_C1_su_df_earth,state,"जिद्दी होना और बार-बार चीजों पर नज़र रखना आसान है, और धूमिल ऊर्जा प्रेरणा को कम कर सकती है और आपके निर्णय को धूमिल कर सकती है।",1
work_C1_su_df_fire,intro,यह एक ऐसा दिन है जब कार्य संचार गंभीर रूप से बाधित हो जाता है और संपूर्ण सहयोग हिल जाता है।,1
work_C1_su_df_fire,effect,संचार की कमी टीम के काम को पंगु बना देती है और संघर्ष को बढ़ा देती है।,1
work_C1_su_df_fire,action,सहयोग के महत्वपूर्ण मुद्दों पर आज निर्णय न लें और उन्हें टाल दें।,1
work_C1_su_df_fire,state,"जिद्दी होना और प्रवाह का ट्रैक खोना आसान है, और उत्तेजित ऊर्जा आपकी शांति को भंग कर सकती है और छोटी-मोटी गलतियों को जन्म दे सकती है।",1
work_C1_su_df_water,intro,यह एक ऐसा दिन है जब कार्य संचार गंभीर रूप से बाधित हो जाता है और संपूर्ण सहयोग हिल जाता है।,1
work_C1_su_df_water,effect,संचार की कमी टीम के काम को पंगु बना देती है और संघर्ष को बढ़ा देती है।,1
work_C1_su_df_water,action,सहयोग के महत्वपूर्ण मुद्दों पर आज निर्णय न लें और उन्हें टाल दें।,1
work_C1_su_df_water,state,"जिद्दी बनना और प्रवाह का ट्रैक खोना आसान है, और बारिश और बर्फ की ऊर्जा आपकी भावनाओं को शांत नहीं कर सकती है, जिससे आपका दिल भारी हो जाता है।",1
work_C1_su_df_wood,intro,यह एक ऐसा दिन है जब कार्य संचार गंभीर रूप से बाधित हो जाता है और संपूर्ण सहयोग हिल जाता है।,1
work_C1_su_df_wood,effect,संचार की कमी टीम के काम को पंगु बना देती है और संघर्ष को बढ़ा देती है।,1
work_C1_su_df_wood,action,सहयोग के महत्वपूर्ण मुद्दों पर आज निर्णय न लें और उन्हें टाल दें।,1
work_C1_su_df_wood,state,"ज़िद्दी होना और बार-बार चीज़ों से भटक जाना आसान है, और परिवर्तन की ऊर्जा आपकी योजनाओं में हस्तक्षेप और बाधा डाल सकती है।",1
work_C1_su_ex_earth,intro,यह एक ऐसा दिन है जब कार्य संचार गंभीर रूप से बाधित हो जाता है और संपूर्ण सहयोग हिल जाता है।,1
work_C1_su_ex_earth,effect,संचार की कमी टीम के काम को पंगु बना देती है और संघर्ष को बढ़ा देती है।,1
work_C1_su_ex_earth,action,सहयोग के महत्वपूर्ण मुद्दों पर आज निर्णय न लें और उन्हें टाल दें।,1
work_C1_su_ex_earth,state,"भावनाएँ गहरी हो जाती हैं, इसलिए छोटी-छोटी उत्तेजनाओं से भी हिलना आसान होता है, और धुंधली ऊर्जा प्रेरणा और बादल निर्णय को कम कर सकती है।",1
work_C1_su_ex_fire,intro,यह एक ऐसा दिन है जब कार्य संचार गंभीर रूप से बाधित हो जाता है और संपूर्ण सहयोग हिल जाता है।,1
work_C1_su_ex_fire,effect,संचार की कमी टीम के काम को पंगु बना देती है और संघर्ष को बढ़ा देती है।,1
work_C1_su_ex_fire,action,सहयोग के महत्वपूर्ण मुद्दों पर आज निर्णय न लें और उन्हें टाल दें।,1
work_C1_su_ex_fire,state,"भावनाएँ गहरी हो जाती हैं, इसलिए थोड़ी सी भी उत्तेजना से हिलना आसान होता है, और उत्तेजित ऊर्जा शांति को भंग कर सकती है और छोटी-मोटी गलतियाँ कर सकती है।",1
work_C1_su_ex_water,intro,यह एक ऐसा दिन है जब कार्य संचार गंभीर रूप से बाधित हो जाता है और संपूर्ण सहयोग हिल जाता है।,1
work_C1_su_ex_water,effect,संचार की कमी टीम के काम को पंगु बना देती है और संघर्ष को बढ़ा देती है।,1
work_C1_su_ex_water,action,सहयोग के महत्वपूर्ण मुद्दों पर आज निर्णय न लें और उन्हें टाल दें।,1
work_C1_su_ex_water,state,"जैसे-जैसे भावनाएँ गहरी होती जाती हैं, थोड़ी सी भी उत्तेजना से हिलना आसान हो जाता है, और बारिश और बर्फ़ की ऊर्जा भावनाओं को शांत नहीं कर पाती है, जिससे दिल भारी हो जाता है।",1
work_C1_su_ex_wood,intro,यह एक ऐसा दिन है जब कार्य संचार गंभीर रूप से बाधित हो जाता है और संपूर्ण सहयोग हिल जाता है।,1
work_C1_su_ex_wood,effect,संचार की कमी टीम के काम को पंगु बना देती है और संघर्ष को बढ़ा देती है।,1
work_C1_su_ex_wood,action,सहयोग के महत्वपूर्ण मुद्दों पर आज निर्णय न लें और उन्हें टाल दें।,1
work_C1_su_ex_wood,state,"जैसे-जैसे आपकी भावनाएँ गहरी होती जाती हैं, थोड़ी सी भी उत्तेजना से हिलना आसान हो जाता है, और परिवर्तन की ऊर्जा आपकी योजनाओं में हस्तक्षेप और बाधा डालती रह सकती है।",1
work_C1_to_df_earth,intro,यह एक ऐसा दिन है जब आपका कार्य आधार अस्थिर हो जाता है और आपकी पूरी नौकरी खतरे में पड़ जाती है।,1
work_C1_to_df_earth,effect,अस्थिर स्थिति कार्य संबंधी गलतियों की एक श्रृंखला बनाती है।,1
work_C1_to_df_earth,action,एक सबसे महत्वपूर्ण कार्य पर ध्यान केंद्रित करें और बाकी को कल पर छोड़ दें।,1
work_C1_to_df_earth,state,"चूँकि आप केन्द्रित नहीं हैं, इसलिए आपके निर्णयों को बदलना आसान है, और धूमिल ऊर्जा प्रेरणा को कम कर सकती है और आपके निर्णय को धूमिल कर सकती है।",1
work_C1_to_df_fire,intro,यह एक ऐसा दिन है जब आपका कार्य आधार अस्थिर हो जाता है और आपकी पूरी नौकरी खतरे में पड़ जाती है।,1
work_C1_to_df_fire,effect,अस्थिर स्थिति कार्य संबंधी गलतियों की एक श्रृंखला बनाती है।,1
work_C1_to_df_fire,action,एक सबसे महत्वपूर्ण कार्य पर ध्यान केंद्रित करें और बाकी को कल पर छोड़ दें।,1
work_C1_to_df_fire,state,"चूँकि आप केन्द्रित नहीं हैं, इसलिए आपके निर्णयों को बदलना आसान है, और आपकी उत्तेजित ऊर्जा आपकी शांति को नष्ट कर सकती है और छोटी-मोटी गलतियों को जन्म दे सकती है।",1
work_C1_to_df_water,intro,यह एक ऐसा दिन है जब आपका कार्य आधार अस्थिर हो जाता है और आपकी पूरी नौकरी खतरे में पड़ जाती है।,1
work_C1_to_df_water,effect,अस्थिर स्थिति कार्य संबंधी गलतियों की एक श्रृंखला बनाती है।,1
work_C1_to_df_water,action,एक सबसे महत्वपूर्ण कार्य पर ध्यान केंद्रित करें और बाकी को कल पर छोड़ दें।,1
work_C1_to_df_water,state,"क्योंकि आप केंद्रित नहीं हैं, इसलिए आपके निर्णय बदलना आसान है, और बारिश और बर्फ की ऊर्जा आपकी भावनाओं को शांत नहीं कर सकती है, जिससे आपका दिल भारी हो जाता है।",1
work_C1_to_df_wood,intro,यह एक ऐसा दिन है जब आपका कार्य आधार अस्थिर हो जाता है और आपकी पूरी नौकरी खतरे में पड़ जाती है।,1
work_C1_to_df_wood,effect,अस्थिर स्थिति कार्य संबंधी गलतियों की एक श्रृंखला बनाती है।,1
work_C1_to_df_wood,action,एक सबसे महत्वपूर्ण कार्य पर ध्यान केंद्रित करें और बाकी को कल पर छोड़ दें।,1
work_C1_to_df_wood,state,"चूँकि आप केन्द्रित नहीं हैं, इसलिए आपके निर्णयों को बदलना आसान है, और परिवर्तन की ऊर्जा आपकी योजनाओं में हस्तक्षेप कर सकती है।",1
work_C1_to_ex_earth,intro,यह एक ऐसा दिन है जब आपका कार्य आधार अस्थिर हो जाता है और आपकी पूरी नौकरी खतरे में पड़ जाती है।,1
work_C1_to_ex_earth,effect,अस्थिर स्थिति कार्य संबंधी गलतियों की एक श्रृंखला बनाती है।,1
work_C1_to_ex_earth,action,एक सबसे महत्वपूर्ण कार्य पर ध्यान केंद्रित करें और बाकी को कल पर छोड़ दें।,1
work_C1_to_ex_earth,state,"उन परिवर्तनों को अनदेखा करना आसान है जिनके लिए जिद्दी स्थिरता अभिविन्यास की आवश्यकता होती है, और बादल वाली ऊर्जा प्रेरणा और बादल निर्णय को कम कर सकती है।",1
work_C1_to_ex_fire,intro,यह एक ऐसा दिन है जब आपका कार्य आधार अस्थिर हो जाता है और आपकी पूरी नौकरी खतरे में पड़ जाती है।,1
work_C1_to_ex_fire,effect,अस्थिर स्थिति कार्य संबंधी गलतियों की एक श्रृंखला बनाती है।,1
work_C1_to_ex_fire,action,एक सबसे महत्वपूर्ण कार्य पर ध्यान केंद्रित करें और बाकी को कल पर छोड़ दें।,1
work_C1_to_ex_fire,state,"उन परिवर्तनों को अनदेखा करना आसान है जिनके लिए जिद्दी स्थिरता की आवश्यकता होती है, और उत्तेजित ऊर्जा शांति को परेशान कर सकती है और छोटी गलतियों को जन्म दे सकती है।",1
work_C1_to_ex_water,intro,यह एक ऐसा दिन है जब आपका कार्य आधार अस्थिर हो जाता है और आपकी पूरी नौकरी खतरे में पड़ जाती है।,1
work_C1_to_ex_water,effect,अस्थिर स्थिति कार्य संबंधी गलतियों की एक श्रृंखला बनाती है।,1
work_C1_to_ex_water,action,एक सबसे महत्वपूर्ण कार्य पर ध्यान केंद्रित करें और बाकी को कल पर छोड़ दें।,1
work_C1_to_ex_water,state,"उन परिवर्तनों को अनदेखा करना आसान है जिनके लिए जिद्दी स्थिरता की आवश्यकता होती है, और बारिश और बर्फ की ऊर्जा आपकी भावनाओं को शांत नहीं कर सकती है, जिससे आपका दिल भारी हो जाता है।",1
work_C1_to_ex_wood,intro,यह एक ऐसा दिन है जब आपका कार्य आधार अस्थिर हो जाता है और आपकी पूरी नौकरी खतरे में पड़ जाती है।,1
work_C1_to_ex_wood,effect,अस्थिर स्थिति कार्य संबंधी गलतियों की एक श्रृंखला बनाती है।,1
work_C1_to_ex_wood,action,एक सबसे महत्वपूर्ण कार्य पर ध्यान केंद्रित करें और बाकी को कल पर छोड़ दें।,1
work_C1_to_ex_wood,state,"उन परिवर्तनों को अनदेखा करना आसान है जिनके लिए जिद्दी स्थिरता अभिविन्यास की आवश्यकता होती है, और परिवर्तन की ऊर्जा आपकी योजनाओं में हस्तक्षेप और बाधित कर सकती है।",1
work_D,intro,"कार्य ऊर्जा आज निचले स्तर पर है, इसलिए केवल न्यूनतम खेलना ही सुरक्षित है।",1
work_D,intro,"आज कार्य ऊर्जा बहुत कम है, इसलिए आपको मौजूदा कार्यों के साथ-साथ नई चीजों को आजमाने में भी सावधानी बरतनी चाहिए।",1
work_D,effect,"यह एक ऐसा दिन है जब काम में गलतियाँ और संघर्ष सामान्य से कई गुना अधिक होने की संभावना होती है, और प्रत्येक कार्य की दोबारा जाँच करने की आवश्यकता होती है।",1
work_D,effect,"आज आप जो नया काम शुरू करेंगे वह बाद में भारी पड़ सकता है, इसलिए उसे शुरू करने से रोकना ही बेहतर है।",1
work_D,action,आज कार्यस्थल पर शांत रहें और ध्यान आकर्षित करने वाली हरकतें या टिप्पणी करने से बचें।,1
work_D,action,जो सौंपा जा सकता है उसे सौंपें और जो काम अकेले करने की जरूरत है उस पर आगे बढ़ने से पहले दो बार समीक्षा करें।,1
work_D_geum_df_earth,intro,यह एक ऐसा दिन है जब कार्य क्षमता अपने निम्नतम स्तर पर होती है और किसी भी कार्य को ठीक से संभालना कठिन होता है।,1
work_D_geum_df_earth,effect,कार्य क्षमता में पूर्ण गिरावट से सभी परिणाम ख़राब हो जाते हैं।,1
work_D_geum_df_earth,action,आज अपना कार्यभार न्यूनतम रखें और अपनी रिकवरी पर ध्यान दें।,1
work_D_geum_df_earth,state,"आपका दृढ़ संकल्प बहुत टूट सकता है, और आपके द्वारा चुने गए किसी भी विकल्प के परिणामस्वरूप पछतावा हो सकता है, और मोटी, धुंधली ऊर्जा हर चीज को बहुत धीमा कर सकती है।",1
work_D_geum_df_fire,intro,यह एक ऐसा दिन है जब कार्य क्षमता अपने निम्नतम स्तर पर होती है और किसी भी कार्य को ठीक से संभालना कठिन होता है।,1
work_D_geum_df_fire,effect,कार्य क्षमता में पूर्ण गिरावट से सभी परिणाम ख़राब हो जाते हैं।,1
work_D_geum_df_fire,action,आज अपना कार्यभार न्यूनतम रखें और अपनी रिकवरी पर ध्यान दें।,1
work_D_geum_df_fire,state,"निर्णय लेने की क्षमता को बहुत कमजोर किया जा सकता है, और कोई भी विकल्प पछतावे का कारण बन सकता है, और मजबूत यांग आवेगों को प्रोत्साहित कर सकता है और लापरवाह कार्यों को जन्म दे सकता है।",1
work_D_geum_df_water,intro,यह एक ऐसा दिन है जब कार्य क्षमता अपने निम्नतम स्तर पर होती है और किसी भी कार्य को ठीक से संभालना कठिन होता है।,1
work_D_geum_df_water,effect,कार्य क्षमता में पूर्ण गिरावट से सभी परिणाम ख़राब हो जाते हैं।,1
work_D_geum_df_water,action,आज अपना कार्यभार न्यूनतम रखें और अपनी रिकवरी पर ध्यान दें।,1
work_D_geum_df_water,state,"आपका दृढ़ संकल्प बुरी तरह टूट सकता है, और आपके द्वारा चुने गए किसी भी विकल्प के परिणामस्वरूप पछतावा हो सकता है, और भारी बारिश और बर्फ़ की तीव्रता आपकी भावनाओं को हिंसक रूप से झकझोर सकती है, जिससे उन्हें नियंत्रित करना मुश्किल हो जाएगा।",1
work_D_geum_df_wood,intro,यह एक ऐसा दिन है जब कार्य क्षमता अपने निम्नतम स्तर पर होती है और किसी भी कार्य को ठीक से संभालना कठिन होता है।,1
work_D_geum_df_wood,effect,कार्य क्षमता में पूर्ण गिरावट से सभी परिणाम ख़राब हो जाते हैं।,1
work_D_geum_df_wood,action,आज अपना कार्यभार न्यूनतम रखें और अपनी रिकवरी पर ध्यान दें।,1
work_D_geum_df_wood,state,"आपका दृढ़ संकल्प बुरी तरह टूट सकता है, आपके द्वारा किया गया कोई भी विकल्प पछतावे में समाप्त हो सकता है, और परिवर्तन की प्रचंड ऊर्जा के कारण आपकी सभी भविष्यवाणियाँ भटक सकती हैं।",1
work_D_geum_ex_earth,intro,यह एक ऐसा दिन है जब कार्य क्षमता अपने निम्नतम स्तर पर होती है और किसी भी कार्य को ठीक से संभालना कठिन होता है।,1
work_D_geum_ex_earth,effect,कार्य क्षमता में पूर्ण गिरावट से सभी परिणाम ख़राब हो जाते हैं।,1
work_D_geum_ex_earth,action,आज अपना कार्यभार न्यूनतम रखें और अपनी रिकवरी पर ध्यान दें।,1
work_D_geum_ex_earth,state,"यदि तीक्ष्णता बहुत दूर तक जाती है, तो यह आसपास के वातावरण के साथ एक गहरी दरार पैदा कर सकती है, और घनी बादल वाली ऊर्जा हर चीज़ को बहुत धीमा कर सकती है।",1
work_D_geum_ex_fire,intro,यह एक ऐसा दिन है जब कार्य क्षमता अपने निम्नतम स्तर पर होती है और किसी भी कार्य को ठीक से संभालना कठिन होता है।,1
work_D_geum_ex_fire,effect,कार्य क्षमता में पूर्ण गिरावट से सभी परिणाम ख़राब हो जाते हैं।,1
work_D_geum_ex_fire,action,आज अपना कार्यभार न्यूनतम रखें और अपनी रिकवरी पर ध्यान दें।,1
work_D_geum_ex_fire,state,"तीखापन बहुत दूर तक जा सकता है और आपके आस-पास के लोगों के साथ गहरी दरार पैदा कर सकता है, और मजबूत यांग आवेगों को प्रोत्साहित कर सकता है और लापरवाह कार्यों को जन्म दे सकता है।",1
work_D_geum_ex_water,intro,यह एक ऐसा दिन है जब कार्य क्षमता अपने निम्नतम स्तर पर होती है और किसी भी कार्य को ठीक से संभालना कठिन होता है।,1
work_D_geum_ex_water,effect,कार्य क्षमता में पूर्ण गिरावट से सभी परिणाम ख़राब हो जाते हैं।,1
work_D_geum_ex_water,action,आज अपना कार्यभार न्यूनतम रखें और अपनी रिकवरी पर ध्यान दें।,1
work_D_geum_ex_water,state,"तीव्रता बहुत दूर तक जा सकती है और आसपास के वातावरण में गहरी दरारें पैदा कर सकती है, और भारी बारिश और बर्फ की ताकत आपकी भावनाओं को हिंसक रूप से झकझोर सकती है, जिससे उन्हें नियंत्रित करना मुश्किल हो जाता है।",1
work_D_geum_ex_wood,intro,यह एक ऐसा दिन है जब कार्य क्षमता अपने निम्नतम स्तर पर होती है और किसी भी कार्य को ठीक से संभालना कठिन होता है।,1
work_D_geum_ex_wood,effect,कार्य क्षमता में पूर्ण गिरावट से सभी परिणाम ख़राब हो जाते हैं।,1
work_D_geum_ex_wood,action,आज अपना कार्यभार न्यूनतम रखें और अपनी रिकवरी पर ध्यान दें।,1
work_D_geum_ex_wood,state,"तीक्ष्णता बहुत दूर तक जा सकती है और परिवेश में गहरी दरारें पैदा कर सकती है, और परिवर्तन की प्रचंड ऊर्जा सभी भविष्यवाणियों को भटका सकती है।",1
work_D_hwa_df_earth,intro,ये ऐसे दिन होते हैं जब काम करने की प्रेरणा पूरी तरह ख़त्म हो जाती है और कोई प्रेरणा काम नहीं करती।,1
work_D_hwa_df_earth,effect,कम ऊर्जा पूरे काम को पंगु बना देती है।,1
work_D_hwa_df_earth,action,आज अपना काम कम करें और कल शुरू करने से पहले रिचार्ज करें।,1
work_D_hwa_df_earth,state,"किसी की भावनाओं को व्यक्त करने का रास्ता पूरी तरह से बंद है, जो गलतफहमियों और वियोग को गहरा कर सकता है, और मोटी, धुंधली ऊर्जा हर चीज को बहुत धीमा कर सकती है।",1
work_D_hwa_df_fire,intro,ये ऐसे दिन होते हैं जब काम करने की प्रेरणा पूरी तरह ख़त्म हो जाती है और कोई प्रेरणा काम नहीं करती।,1
work_D_hwa_df_fire,effect,कम ऊर्जा पूरे काम को पंगु बना देती है।,1
work_D_hwa_df_fire,action,आज अपना काम कम करें और कल शुरू करने से पहले रिचार्ज करें।,1
work_D_hwa_df_fire,state,"किसी की भावनाओं को संप्रेषित करने का रास्ता पूरी तरह से बंद है, जिससे गलतफहमी और अलगाव गहरा हो सकता है, और मजबूत सकारात्मक ऊर्जा आवेगों को प्रोत्साहित कर सकती है और लापरवाह कार्यों को जन्म दे सकती है।",1
work_D_hwa_df_water,intro,ये ऐसे दिन होते हैं जब काम करने की प्रेरणा पूरी तरह ख़त्म हो जाती है और कोई प्रेरणा काम नहीं करती।,1
work_D_hwa_df_water,effect,कम ऊर्जा पूरे काम को पंगु बना देती है।,1
work_D_hwa_df_water,action,आज अपना काम कम करें और कल शुरू करने से पहले रिचार्ज करें।,1
work_D_hwa_df_water,state,"किसी की भावनाओं को संप्रेषित करने का रास्ता पूरी तरह से बंद है, जिससे गलतफहमियां और वियोग गहरा सकता है, और भारी बारिश और बर्फ की ताकत भावनाओं को हिंसक रूप से झकझोर सकती है, जिससे उन्हें नियंत्रित करना मुश्किल हो जाता है।",1
work_D_hwa_df_wood,intro,ये ऐसे दिन होते हैं जब काम करने की प्रेरणा पूरी तरह ख़त्म हो जाती है और कोई प्रेरणा काम नहीं करती।,1
work_D_hwa_df_wood,effect,कम ऊर्जा पूरे काम को पंगु बना देती है।,1
work_D_hwa_df_wood,action,आज अपना काम कम करें और कल शुरू करने से पहले रिचार्ज करें।,1
work_D_hwa_df_wood,state,"किसी की भावनाओं को संप्रेषित करने का रास्ता पूरी तरह से बंद हो जाता है, गलतफहमियाँ और वियोग गहरा हो सकता है, और परिवर्तन की उग्र ऊर्जा सभी भविष्यवाणियों को भटका सकती है।",1
work_D_hwa_ex_earth,intro,ये ऐसे दिन होते हैं जब काम करने की प्रेरणा पूरी तरह ख़त्म हो जाती है और कोई प्रेरणा काम नहीं करती।,1
work_D_hwa_ex_earth,effect,कम ऊर्जा पूरे काम को पंगु बना देती है।,1
work_D_hwa_ex_earth,action,आज अपना काम कम करें और कल शुरू करने से पहले रिचार्ज करें।,1
work_D_hwa_ex_earth,state,"अत्यधिक गरम भावनाएँ एक अपूरणीय संघर्ष में फैल सकती हैं, और घनी बादल वाली ऊर्जा सब कुछ बहुत धीमा कर सकती है।",1
work_D_hwa_ex_fire,intro,ये ऐसे दिन होते हैं जब काम करने की प्रेरणा पूरी तरह ख़त्म हो जाती है और कोई प्रेरणा काम नहीं करती।,1
work_D_hwa_ex_fire,effect,कम ऊर्जा पूरे काम को पंगु बना देती है।,1
work_D_hwa_ex_fire,action,आज अपना काम कम करें और कल शुरू करने से पहले रिचार्ज करें।,1
work_D_hwa_ex_fire,state,"अत्यधिक गरम भावनाएं अपरिवर्तनीय संघर्ष का कारण बन सकती हैं, और मजबूत यांग आवेगों को प्रोत्साहित कर सकता है और लापरवाह कार्यों को जन्म दे सकता है।",1
work_D_hwa_ex_water,intro,ये ऐसे दिन होते हैं जब काम करने की प्रेरणा पूरी तरह ख़त्म हो जाती है और कोई प्रेरणा काम नहीं करती।,1
work_D_hwa_ex_water,effect,कम ऊर्जा पूरे काम को पंगु बना देती है।,1
work_D_hwa_ex_water,action,आज अपना काम कम करें और कल शुरू करने से पहले रिचार्ज करें।,1
work_D_hwa_ex_water,state,"अत्यधिक गरम भावनाएं एक अपूरणीय संघर्ष में फैल सकती हैं, और भारी बारिश और बर्फ की ताकत भावनाओं को हिंसक रूप से हिला देती है, जिससे नियंत्रण मुश्किल हो जाता है।",1
work_D_hwa_ex_wood,intro,ये ऐसे दिन होते हैं जब काम करने की प्रेरणा पूरी तरह ख़त्म हो जाती है और कोई प्रेरणा काम नहीं करती।,1
work_D_hwa_ex_wood,effect,कम ऊर्जा पूरे काम को पंगु बना देती है।,1
work_D_hwa_ex_wood,action,आज अपना काम कम करें और कल शुरू करने से पहले रिचार्ज करें।,1
work_D_hwa_ex_wood,state,"अत्यधिक गरम भावनाएँ एक अपूरणीय संघर्ष में फैल सकती हैं, और परिवर्तन की उग्र ऊर्जा सभी भविष्यवाणियों को भटका सकती है।",1
work_D_mok_df_earth,intro,यह एक ऐसा दिन है जब आपकी कार्य क्षमता पूरी तरह से निचले स्तर पर होती है और आपके द्वारा किया गया कोई भी प्रयास प्रतिकूल हो जाता है।,1
work_D_mok_df_earth,effect,योग्यता की कमी के कारण समग्र कार्य ध्वस्त हो जाता है।,1
work_D_mok_df_earth,action,आज काम छोड़ दें और पूरा आराम करें।,1
work_D_mok_df_earth,state,"डर आपको कार्रवाई करने से पूरी तरह से रोक सकता है और यहां तक ​​कि आपको अवसरों को खोने का कारण भी बन सकता है, और घनी बादल वाली ऊर्जा हर चीज को बहुत धीमा कर सकती है।",1
work_D_mok_df_fire,intro,यह एक ऐसा दिन है जब आपकी कार्य क्षमता पूरी तरह से निचले स्तर पर होती है और आपके द्वारा किया गया कोई भी प्रयास प्रतिकूल हो जाता है।,1
work_D_mok_df_fire,effect,योग्यता की कमी के कारण समग्र कार्य ध्वस्त हो जाता है।,1
work_D_mok_df_fire,action,आज काम छोड़ दें और पूरा आराम करें।,1
work_D_mok_df_fire,state,"डर किसी कार्य को पूरी तरह से रोक सकता है और यहां तक कि अवसरों की हानि भी हो सकती है, और मजबूत सकारात्मक ऊर्जा आवेगों को प्रोत्साहित कर सकती है और लापरवाह कार्यों को जन्म दे सकती है।",1
work_D_mok_df_water,intro,यह एक ऐसा दिन है जब आपकी कार्य क्षमता पूरी तरह से निचले स्तर पर होती है और आपके द्वारा किया गया कोई भी प्रयास प्रतिकूल हो जाता है।,1
work_D_mok_df_water,effect,योग्यता की कमी के कारण समग्र कार्य ध्वस्त हो जाता है।,1
work_D_mok_df_water,action,आज काम छोड़ दें और पूरा आराम करें।,1
work_D_mok_df_water,state,"डर आपको कार्रवाई करने से पूरी तरह से रोक सकता है और यहां तक कि आपके लिए अवसर भी खो सकता है, और भारी बारिश और बर्फबारी की ताकत आपकी भावनाओं को इतना हिला सकती है कि उन्हें नियंत्रित करना मुश्किल हो जाता है।",1
work_D_mok_df_wood,intro,यह एक ऐसा दिन है जब आपकी कार्य क्षमता पूरी तरह से निचले स्तर पर होती है और आपके द्वारा किया गया कोई भी प्रयास प्रतिकूल हो जाता है।,1
work_D_mok_df_wood,effect,योग्यता की कमी के कारण समग्र कार्य ध्वस्त हो जाता है।,1
work_D_mok_df_wood,action,आज काम छोड़ दें और पूरा आराम करें।,1
work_D_mok_df_wood,state,"डर कार्रवाई को पूरी तरह से रोक सकता है और यहां तक कि अवसरों की हानि भी हो सकती है, और परिवर्तन की प्रचंड ऊर्जा सभी भविष्यवाणियों को भटका सकती है।",1
work_D_mok_ex_earth,intro,यह एक ऐसा दिन है जब आपकी कार्य क्षमता पूरी तरह से निचले स्तर पर होती है और आपके द्वारा किया गया कोई भी प्रयास प्रतिकूल हो जाता है।,1
work_D_mok_ex_earth,effect,योग्यता की कमी के कारण समग्र कार्य ध्वस्त हो जाता है।,1
work_D_mok_ex_earth,action,आज काम छोड़ दें और पूरा आराम करें।,1
work_D_mok_ex_earth,state,"अनियंत्रित प्रेरणा अनुचित दुर्घटनाओं को जन्म दे सकती है, और घनी धुंधली ऊर्जा हर चीज़ को बहुत धीमा कर सकती है।",1
work_D_mok_ex_fire,intro,यह एक ऐसा दिन है जब आपकी कार्य क्षमता पूरी तरह से निचले स्तर पर होती है और आपके द्वारा किया गया कोई भी प्रयास प्रतिकूल हो जाता है।,1
work_D_mok_ex_fire,effect,योग्यता की कमी के कारण समग्र कार्य ध्वस्त हो जाता है।,1
work_D_mok_ex_fire,action,आज काम छोड़ दें और पूरा आराम करें।,1
work_D_mok_ex_fire,state,"अनियंत्रित प्रेरणा अनुचित दुर्घटनाओं को जन्म दे सकती है, और मजबूत सकारात्मक ऊर्जा आवेगों को प्रोत्साहित कर सकती है और लापरवाह कार्यों को जन्म दे सकती है।",1
work_D_mok_ex_water,intro,यह एक ऐसा दिन है जब आपकी कार्य क्षमता पूरी तरह से निचले स्तर पर होती है और आपके द्वारा किया गया कोई भी प्रयास प्रतिकूल हो जाता है।,1
work_D_mok_ex_water,effect,योग्यता की कमी के कारण समग्र कार्य ध्वस्त हो जाता है।,1
work_D_mok_ex_water,action,आज काम छोड़ दें और पूरा आराम करें।,1
work_D_mok_ex_water,state,"अनियंत्रित प्रेरणा अनुचित दुर्घटनाओं को जन्म दे सकती है, और भारी बारिश और बर्फ की ताकत भावनाओं को हिंसक रूप से हिला सकती है, जिससे नियंत्रण मुश्किल हो जाता है।",1
work_D_mok_ex_wood,intro,यह एक ऐसा दिन है जब आपकी कार्य क्षमता पूरी तरह से निचले स्तर पर होती है और आपके द्वारा किया गया कोई भी प्रयास प्रतिकूल हो जाता है।,1
work_D_mok_ex_wood,effect,योग्यता की कमी के कारण समग्र कार्य ध्वस्त हो जाता है।,1
work_D_mok_ex_wood,action,आज काम छोड़ दें और पूरा आराम करें।,1
work_D_mok_ex_wood,state,"अनियंत्रित प्रेरणा अनुचित सोच को जन्म दे सकती है, और परिवर्तन की प्रचंड ऊर्जा सभी भविष्यवाणियों को भटका सकती है।",1
work_D_su_df_earth,intro,यह एक ऐसा दिन है जब कार्य संचार पूरी तरह से बंद हो जाता है और सहयोग असंभव है।,1
work_D_su_df_earth,effect,संचार में खराबी का पूरी टीम के काम पर सबसे बुरा प्रभाव पड़ता है।,1
work_D_su_df_earth,action,आज के सभी सहयोग कार्यों को कल पर स्थानांतरित करें।,1
work_D_su_df_earth,state,"एक कठोर रवैया सभी प्रवाह को अवरुद्ध कर देता है, जिससे प्रगति कठिन हो जाती है, और मोटी, धुंधली ऊर्जा हर चीज को बहुत धीमा कर सकती है।",1
work_D_su_df_fire,intro,यह एक ऐसा दिन है जब कार्य संचार पूरी तरह से बंद हो जाता है और सहयोग असंभव है।,1
work_D_su_df_fire,effect,संचार में खराबी का पूरी टीम के काम पर सबसे बुरा प्रभाव पड़ता है।,1
work_D_su_df_fire,action,आज के सभी सहयोग कार्यों को कल पर स्थानांतरित करें।,1
work_D_su_df_fire,state,"एक कठोर रवैया सभी प्रवाह को अवरुद्ध करता है, प्रगति को कठिन बनाता है, और मजबूत सकारात्मक ऊर्जा आवेगों को प्रोत्साहित कर सकती है और लापरवाह कार्यों को जन्म दे सकती है।",1
work_D_su_df_water,intro,यह एक ऐसा दिन है जब कार्य संचार पूरी तरह से बंद हो जाता है और सहयोग असंभव है।,1
work_D_su_df_water,effect,संचार में खराबी का पूरी टीम के काम पर सबसे बुरा प्रभाव पड़ता है।,1
work_D_su_df_water,action,आज के सभी सहयोग कार्यों को कल पर स्थानांतरित करें।,1
work_D_su_df_water,state,"एक कठोर रवैया सभी प्रवाह को अवरुद्ध कर देता है, जिससे प्रगति मुश्किल हो जाती है, और भारी बारिश और बर्फ की ताकत भावनाओं को हिंसक रूप से हिला देती है, जिससे नियंत्रण मुश्किल हो जाता है।",1
work_D_su_df_wood,intro,यह एक ऐसा दिन है जब कार्य संचार पूरी तरह से बंद हो जाता है और सहयोग असंभव है।,1
work_D_su_df_wood,effect,संचार में खराबी का पूरी टीम के काम पर सबसे बुरा प्रभाव पड़ता है।,1
work_D_su_df_wood,action,आज के सभी सहयोग कार्यों को कल पर स्थानांतरित करें।,1
work_D_su_df_wood,state,"एक कठोर रवैया सभी प्रवाह को अवरुद्ध कर देता है, जिससे प्रगति कठिन हो जाती है, और परिवर्तन की उग्र ऊर्जा सभी भविष्यवाणियों को भटका सकती है।",1
work_D_su_ex_earth,intro,यह एक ऐसा दिन है जब कार्य संचार पूरी तरह से बंद हो जाता है और सहयोग असंभव है।,1
work_D_su_ex_earth,effect,संचार में खराबी का पूरी टीम के काम पर सबसे बुरा प्रभाव पड़ता है।,1
work_D_su_ex_earth,action,आज के सभी सहयोग कार्यों को कल पर स्थानांतरित करें।,1
work_D_su_ex_earth,state,"भावनाओं का तूफ़ान तर्क पर हावी हो सकता है और बड़ी ग़लतियों को जन्म दे सकता है, और मोटी, धुंधली ऊर्जा हर चीज़ को बहुत धीमा कर सकती है।",1
work_D_su_ex_fire,intro,यह एक ऐसा दिन है जब कार्य संचार पूरी तरह से बंद हो जाता है और सहयोग असंभव है।,1
work_D_su_ex_fire,effect,संचार में खराबी का पूरी टीम के काम पर सबसे बुरा प्रभाव पड़ता है।,1
work_D_su_ex_fire,action,आज के सभी सहयोग कार्यों को कल पर स्थानांतरित करें।,1
work_D_su_ex_fire,state,"भावनाओं का सैलाब तर्क पर हावी हो सकता है और बड़ी गलतियों को जन्म दे सकता है, और मजबूत सकारात्मक ऊर्जा आवेगों को प्रोत्साहित कर सकती है और लापरवाह कार्यों को जन्म दे सकती है।",1
work_D_su_ex_water,intro,यह एक ऐसा दिन है जब कार्य संचार पूरी तरह से बंद हो जाता है और सहयोग असंभव है।,1
work_D_su_ex_water,effect,संचार में खराबी का पूरी टीम के काम पर सबसे बुरा प्रभाव पड़ता है।,1
work_D_su_ex_water,action,आज के सभी सहयोग कार्यों को कल पर स्थानांतरित करें।,1
work_D_su_ex_water,state,"भावनाओं का सैलाब तर्क पर हावी हो सकता है और बड़ी ग़लतियों को जन्म दे सकता है, और भारी बारिश और बर्फ़ की तीव्रता भावनाओं को हिंसक रूप से झकझोर सकती है, जिससे उन्हें नियंत्रित करना मुश्किल हो जाता है।",1
work_D_su_ex_wood,intro,यह एक ऐसा दिन है जब कार्य संचार पूरी तरह से बंद हो जाता है और सहयोग असंभव है।,1
work_D_su_ex_wood,effect,संचार में खराबी का पूरी टीम के काम पर सबसे बुरा प्रभाव पड़ता है।,1
work_D_su_ex_wood,action,आज के सभी सहयोग कार्यों को कल पर स्थानांतरित करें।,1
work_D_su_ex_wood,state,"भावनाओं का सैलाब तर्क पर हावी हो सकता है और बड़ी गलतियों को जन्म दे सकता है, और परिवर्तन की प्रचंड ऊर्जा सभी भविष्यवाणियों को भटका सकती है।",1
work_D_to_df_earth,intro,यह एक ऐसा दिन है जब काम की स्थिरता पूरी तरह खत्म हो जाती है और कोई भी काम सामान्य रूप से नहीं हो पाता है।,1
work_D_to_df_earth,effect,अत्यधिक अस्थिरता के कारण सारा कार्य रुक जाता है।,1
work_D_to_df_earth,action,आज काम को पूरी तरह से त्याग दें और केवल सुधार पर ध्यान दें।,1
work_D_to_df_earth,state,"आप अपना संतुलन पूरी तरह से खो सकते हैं और सब कुछ नियंत्रण से बाहर हो सकता है, और घने बादलों वाली ऊर्जा हर चीज़ को बहुत धीमा कर सकती है।",1
work_D_to_df_fire,intro,यह एक ऐसा दिन है जब काम की स्थिरता पूरी तरह खत्म हो जाती है और कोई भी काम सामान्य रूप से नहीं हो पाता है।,1
work_D_to_df_fire,effect,अत्यधिक अस्थिरता के कारण सारा कार्य रुक जाता है।,1
work_D_to_df_fire,action,आज काम को पूरी तरह से त्याग दें और केवल सुधार पर ध्यान दें।,1
work_D_to_df_fire,state,"यदि आप पूरी तरह से अपना संतुलन खो देते हैं, तो सब कुछ नियंत्रण से बाहर हो सकता है, और मजबूत यांग ऊर्जा आवेगों को प्रोत्साहित कर सकती है और आपको लापरवाह कार्यों के लिए प्रेरित कर सकती है।",1
work_D_to_df_water,intro,यह एक ऐसा दिन है जब काम की स्थिरता पूरी तरह खत्म हो जाती है और कोई भी काम सामान्य रूप से नहीं हो पाता है।,1
work_D_to_df_water,effect,अत्यधिक अस्थिरता के कारण सारा कार्य रुक जाता है।,1
work_D_to_df_water,action,आज काम को पूरी तरह से त्याग दें और केवल सुधार पर ध्यान दें।,1
work_D_to_df_water,state,"आप पूरी तरह से अपना संतुलन खो सकते हैं और सब कुछ नियंत्रण से बाहर हो सकता है, और भारी बारिश और बर्फ़ की तीव्रता आपकी भावनाओं को इतना हिला सकती है कि उन्हें नियंत्रित करना मुश्किल हो जाता है।",1
work_D_to_df_wood,intro,यह एक ऐसा दिन है जब काम की स्थिरता पूरी तरह खत्म हो जाती है और कोई भी काम सामान्य रूप से नहीं हो पाता है।,1
work_D_to_df_wood,effect,अत्यधिक अस्थिरता के कारण सारा कार्य रुक जाता है।,1
work_D_to_df_wood,action,आज काम को पूरी तरह से त्याग दें और केवल सुधार पर ध्यान दें।,1
work_D_to_df_wood,state,"यदि आप अपना संतुलन पूरी तरह से खो देते हैं, तो सब कुछ नियंत्रण से बाहर हो सकता है, और परिवर्तन की हिंसक ऊर्जा आपकी सभी भविष्यवाणियों को भटका सकती है।",1
work_D_to_ex_earth,intro,यह एक ऐसा दिन है जब काम की स्थिरता पूरी तरह खत्म हो जाती है और कोई भी काम सामान्य रूप से नहीं हो पाता है।,1
work_D_to_ex_earth,effect,अत्यधिक अस्थिरता के कारण सारा कार्य रुक जाता है।,1
work_D_to_ex_earth,action,आज काम को पूरी तरह से त्याग दें और केवल सुधार पर ध्यान दें।,1
work_D_to_ex_earth,state,"परिवर्तन से इनकार करने से संकट बढ़ सकता है और पुनर्प्राप्ति कठिन हो सकती है, और घना, बादल भरा वातावरण सब कुछ बहुत धीमा कर सकता है।",1
work_D_to_ex_fire,intro,यह एक ऐसा दिन है जब काम की स्थिरता पूरी तरह खत्म हो जाती है और कोई भी काम सामान्य रूप से नहीं हो पाता है।,1
work_D_to_ex_fire,effect,अत्यधिक अस्थिरता के कारण सारा कार्य रुक जाता है।,1
work_D_to_ex_fire,action,आज काम को पूरी तरह से त्याग दें और केवल सुधार पर ध्यान दें।,1
work_D_to_ex_fire,state,"परिवर्तन से इनकार करने से संकट बढ़ सकता है और पुनर्प्राप्ति कठिन हो सकती है, और मजबूत सकारात्मक ऊर्जा आवेगों को प्रोत्साहित कर सकती है और लापरवाह कार्यों को जन्म दे सकती है।",1
work_D_to_ex_water,intro,यह एक ऐसा दिन है जब काम की स्थिरता पूरी तरह खत्म हो जाती है और कोई भी काम सामान्य रूप से नहीं हो पाता है।,1
work_D_to_ex_water,effect,अत्यधिक अस्थिरता के कारण सारा कार्य रुक जाता है।,1
work_D_to_ex_water,action,आज काम को पूरी तरह से त्याग दें और केवल सुधार पर ध्यान दें।,1
work_D_to_ex_water,state,"परिवर्तन से इनकार करने से संकट बढ़ सकता है और पुनर्प्राप्ति कठिन हो सकती है, और भारी बारिश और बर्फ़ की तीव्रता भावनाओं को हिंसक रूप से हिला सकती है, जिससे नियंत्रण मुश्किल हो जाता है।",1
work_D_to_ex_wood,intro,यह एक ऐसा दिन है जब काम की स्थिरता पूरी तरह खत्म हो जाती है और कोई भी काम सामान्य रूप से नहीं हो पाता है।,1
work_D_to_ex_wood,effect,अत्यधिक अस्थिरता के कारण सारा कार्य रुक जाता है।,1
work_D_to_ex_wood,action,आज काम को पूरी तरह से त्याग दें और केवल सुधार पर ध्यान दें।,1
work_D_to_ex_wood,state,"परिवर्तन से इनकार करने से संकट बढ़ सकता है और पुनर्प्राप्ति कठिन हो सकती है, और परिवर्तन की प्रचंड ऊर्जा सभी भविष्यवाणियों को भटका सकती है।",1
love_A,intro,आज वह दिन है जब रिश्तों में आपकी किस्मत चमकेगी और अगर आप अपनी भावनाएं व्यक्त करेंगे तो आपको सकारात्मक प्रतिक्रिया मिलेगी।,1
love_A,intro,"प्यार की ऊर्जा आज प्रचुर मात्रा में है, इसलिए मैं रोमांचक मुलाकातों और गहरे रिश्तों की प्रतीक्षा कर रहा हूं।",1
love_A,effect,यह दूसरे व्यक्ति के लिए अपना दिल खोलने का एक अच्छा दिन है और स्वाभाविक संचार होता है।,1
love_A,effect,आपके रिश्ते में स्नेह की अभिव्यक्ति चमकती है और गर्मजोशी भरे पल लगातार जारी रहते हैं।,1
love_A,action,आज अपनी ईमानदार भावनाओं को व्यक्त करना किसी दूसरे के दिल को बहुत प्रभावित कर सकता है।,1
love_A,action,अगर आप पहले बातचीत शुरू करेंगे तो आज की अच्छी ऊर्जा आपके रिश्ते को और गहरा कर देगी।,1
love_A_geum_df_earth,intro,यह वह दिन है जब आपका रोमांटिक आकर्षण अपने चरम पर होता है और आप अपने साथी पर एक मजबूत प्रभाव छोड़ते हैं।,1
love_A_geum_df_earth,effect,भावनाओं की स्पष्ट अभिव्यक्ति से दूसरों के साथ रिश्ते जल्दी विकसित होते हैं।,1
love_A_geum_df_earth,action,"यदि आप कभी अपनी भावनाओं को व्यक्त करना चाहते हैं, तो आज सही समय है।",1
love_A_geum_df_earth,state,"शांत निर्णय से विवेक बढ़ता है, जिससे गहरी अंतर्दृष्टि प्राप्त होती है, और शांत ऊर्जा से विवेक बढ़ता है, जिससे अच्छे परिणाम मिलते हैं।",1
love_A_geum_df_fire,intro,यह वह दिन है जब आपका रोमांटिक आकर्षण अपने चरम पर होता है और आप अपने साथी पर एक मजबूत प्रभाव छोड़ते हैं।,1
love_A_geum_df_fire,effect,भावनाओं की स्पष्ट अभिव्यक्ति से दूसरों के साथ रिश्ते जल्दी विकसित होते हैं।,1
love_A_geum_df_fire,action,"यदि आप कभी अपनी भावनाओं को व्यक्त करना चाहते हैं, तो आज सही समय है।",1
love_A_geum_df_fire,state,"शांत निर्णय विवेक को बढ़ाता है, गहरी अंतर्दृष्टि की ओर ले जाता है, और स्पष्ट ऊर्जा जीवन शक्ति को बढ़ाती है और एक अच्छा प्रवाह बनाती है।",1
love_A_geum_df_water,intro,यह वह दिन है जब आपका रोमांटिक आकर्षण अपने चरम पर होता है और आप अपने साथी पर एक मजबूत प्रभाव छोड़ते हैं।,1
love_A_geum_df_water,effect,भावनाओं की स्पष्ट अभिव्यक्ति से दूसरों के साथ रिश्ते जल्दी विकसित होते हैं।,1
love_A_geum_df_water,action,"यदि आप कभी अपनी भावनाओं को व्यक्त करना चाहते हैं, तो आज सही समय है।",1
love_A_geum_df_water,state,"शांत निर्णय विवेक को बढ़ाता है और गहरी अंतर्दृष्टि की ओर ले जाता है, और नम ऊर्जा मन को गहराई से परिष्कृत करती है और स्पष्ट दृष्टि खोलती है।",1
love_A_geum_df_wood,intro,यह वह दिन है जब आपका रोमांटिक आकर्षण अपने चरम पर होता है और आप अपने साथी पर एक मजबूत प्रभाव छोड़ते हैं।,1
love_A_geum_df_wood,effect,भावनाओं की स्पष्ट अभिव्यक्ति से दूसरों के साथ रिश्ते जल्दी विकसित होते हैं।,1
love_A_geum_df_wood,action,"यदि आप कभी अपनी भावनाओं को व्यक्त करना चाहते हैं, तो आज सही समय है।",1
love_A_geum_df_wood,state,"शांत निर्णय विवेक को बढ़ाता है, गहरी अंतर्दृष्टि की ओर ले जाता है और गतिशील ऊर्जा नई संभावनाओं को खोलती है।",1
love_A_geum_ex_earth,intro,यह वह दिन है जब आपका रोमांटिक आकर्षण अपने चरम पर होता है और आप अपने साथी पर एक मजबूत प्रभाव छोड़ते हैं।,1
love_A_geum_ex_earth,effect,भावनाओं की स्पष्ट अभिव्यक्ति से दूसरों के साथ रिश्ते जल्दी विकसित होते हैं।,1
love_A_geum_ex_earth,action,"यदि आप कभी अपनी भावनाओं को व्यक्त करना चाहते हैं, तो आज सही समय है।",1
love_A_geum_ex_earth,state,"तीव्र निर्णय मूल में प्रवेश करता है और स्पष्ट निष्कर्ष की ओर ले जाता है, और शांत ऊर्जा विवेक को बढ़ाती है, जिससे अच्छे परिणाम मिलते हैं।",1
love_A_geum_ex_fire,intro,यह वह दिन है जब आपका रोमांटिक आकर्षण अपने चरम पर होता है और आप अपने साथी पर एक मजबूत प्रभाव छोड़ते हैं।,1
love_A_geum_ex_fire,effect,भावनाओं की स्पष्ट अभिव्यक्ति से दूसरों के साथ रिश्ते जल्दी विकसित होते हैं।,1
love_A_geum_ex_fire,action,"यदि आप कभी अपनी भावनाओं को व्यक्त करना चाहते हैं, तो आज सही समय है।",1
love_A_geum_ex_fire,state,"तीव्र निर्णय मूल में प्रवेश करता है और स्पष्ट निष्कर्ष निकालता है, और स्पष्ट ऊर्जा जीवन शक्ति को बढ़ाती है और एक अच्छा प्रवाह बनाती है।",1
love_A_geum_ex_water,intro,यह वह दिन है जब आपका रोमांटिक आकर्षण अपने चरम पर होता है और आप अपने साथी पर एक मजबूत प्रभाव छोड़ते हैं।,1
love_A_geum_ex_water,effect,भावनाओं की स्पष्ट अभिव्यक्ति से दूसरों के साथ रिश्ते जल्दी विकसित होते हैं।,1
love_A_geum_ex_water,action,"यदि आप कभी अपनी भावनाओं को व्यक्त करना चाहते हैं, तो आज सही समय है।",1
love_A_geum_ex_water,state,"तीव्र निर्णय मूल में प्रवेश करता है और स्पष्ट निष्कर्ष निकालता है, और नम ऊर्जा मन को गहराई से परिष्कृत करती है और स्पष्ट दृष्टि खोलती है।",1
love_A_geum_ex_wood,intro,यह वह दिन है जब आपका रोमांटिक आकर्षण अपने चरम पर होता है और आप अपने साथी पर एक मजबूत प्रभाव छोड़ते हैं।,1
love_A_geum_ex_wood,effect,भावनाओं की स्पष्ट अभिव्यक्ति से दूसरों के साथ रिश्ते जल्दी विकसित होते हैं।,1
love_A_geum_ex_wood,action,"यदि आप कभी अपनी भावनाओं को व्यक्त करना चाहते हैं, तो आज सही समय है।",1
love_A_geum_ex_wood,state,"तीव्र निर्णय मूल में प्रवेश करता है और स्पष्ट निष्कर्ष निकालता है, और गतिशील ऊर्जा नई संभावनाओं को खोलती है।",1
love_A_hwa_df_earth,intro,यह एक ऐसा दिन है जब प्यार का जुनून उमड़ता है और आप अपने साथी को गहराई से खींच लेते हैं।,1
love_A_hwa_df_earth,effect,गर्म भावनाएँ रिश्ते को चमकाती हैं और बंधन को मजबूत बनाती हैं।,1
love_A_hwa_df_earth,action,"यदि आप अपनी भावनाओं को ईमानदारी से व्यक्त करते हैं, तो दूसरा व्यक्ति पूरी तरह से प्रतिक्रिया देगा।",1
love_A_hwa_df_earth,state,"एक शांत आंतरिक आत्म आपको अपनी ईमानदारी को पूरी तरह से व्यक्त करने की शक्ति देता है, और एक शांत ऊर्जा विवेक को बढ़ाती है, जिससे अच्छे परिणाम मिलते हैं।",1
love_A_hwa_df_fire,intro,यह एक ऐसा दिन है जब प्यार का जुनून उमड़ता है और आप अपने साथी को गहराई से खींच लेते हैं।,1
love_A_hwa_df_fire,effect,गर्म भावनाएँ रिश्ते को चमकाती हैं और बंधन को मजबूत बनाती हैं।,1
love_A_hwa_df_fire,action,"यदि आप अपनी भावनाओं को ईमानदारी से व्यक्त करते हैं, तो दूसरा व्यक्ति पूरी तरह से प्रतिक्रिया देगा।",1
love_A_hwa_df_fire,state,"एक शांत आंतरिक आत्म आपको अपनी ईमानदारी को पूरी तरह से व्यक्त करने की शक्ति देता है, और स्पष्ट ऊर्जा आपकी जीवन शक्ति को बढ़ाती है और एक अच्छा प्रवाह बनाती है।",1
love_A_hwa_df_water,intro,यह एक ऐसा दिन है जब प्यार का जुनून उमड़ता है और आप अपने साथी को गहराई से खींच लेते हैं।,1
love_A_hwa_df_water,effect,गर्म भावनाएँ रिश्ते को चमकाती हैं और बंधन को मजबूत बनाती हैं।,1
love_A_hwa_df_water,action,"यदि आप अपनी भावनाओं को ईमानदारी से व्यक्त करते हैं, तो दूसरा व्यक्ति पूरी तरह से प्रतिक्रिया देगा।",1
love_A_hwa_df_water,state,"एक शांत आंतरिक आत्म आपको अपनी सच्ची भावनाओं को पूरी तरह से व्यक्त करने की शक्ति देता है, और नम ऊर्जा आपके दिमाग को गहराई से परिष्कृत करती है और स्पष्ट दृष्टि खोलती है।",1
love_A_hwa_df_wood,intro,यह एक ऐसा दिन है जब प्यार का जुनून उमड़ता है और आप अपने साथी को गहराई से खींच लेते हैं।,1
love_A_hwa_df_wood,effect,गर्म भावनाएँ रिश्ते को चमकाती हैं और बंधन को मजबूत बनाती हैं।,1
love_A_hwa_df_wood,action,"यदि आप अपनी भावनाओं को ईमानदारी से व्यक्त करते हैं, तो दूसरा व्यक्ति पूरी तरह से प्रतिक्रिया देगा।",1
love_A_hwa_df_wood,state,"एक शांत आंतरिक आत्म आपको अपनी ईमानदारी को पूरी तरह से व्यक्त करने की शक्ति देता है, और गतिशील ऊर्जा नई संभावनाओं को खोलती है।",1
love_A_hwa_ex_earth,intro,यह एक ऐसा दिन है जब प्यार का जुनून उमड़ता है और आप अपने साथी को गहराई से खींच लेते हैं।,1
love_A_hwa_ex_earth,effect,गर्म भावनाएँ रिश्ते को चमकाती हैं और बंधन को मजबूत बनाती हैं।,1
love_A_hwa_ex_earth,action,"यदि आप अपनी भावनाओं को ईमानदारी से व्यक्त करते हैं, तो दूसरा व्यक्ति पूरी तरह से प्रतिक्रिया देगा।",1
love_A_hwa_ex_earth,state,"उमड़ता हुआ जुनून गति को बहुत बढ़ाता है और एक अच्छा प्रवाह बनाता है, और शांत ऊर्जा विवेक को बढ़ाती है, जिससे अच्छे परिणाम मिलते हैं।",1
love_A_hwa_ex_fire,intro,यह एक ऐसा दिन है जब प्यार का जुनून उमड़ता है और आप अपने साथी को गहराई से खींच लेते हैं।,1
love_A_hwa_ex_fire,effect,गर्म भावनाएँ रिश्ते को चमकाती हैं और बंधन को मजबूत बनाती हैं।,1
love_A_hwa_ex_fire,action,"यदि आप अपनी भावनाओं को ईमानदारी से व्यक्त करते हैं, तो दूसरा व्यक्ति पूरी तरह से प्रतिक्रिया देगा।",1
love_A_hwa_ex_fire,state,"अत्यधिक जुनून प्रेरणा शक्ति को बढ़ाता है और एक अच्छा प्रवाह बनाता है, और स्पष्ट ऊर्जा जीवन शक्ति को बढ़ाती है और एक अच्छा प्रवाह बनाती है।",1
love_A_hwa_ex_water,intro,यह एक ऐसा दिन है जब प्यार का जुनून उमड़ता है और आप अपने साथी को गहराई से खींच लेते हैं।,1
love_A_hwa_ex_water,effect,गर्म भावनाएँ रिश्ते को चमकाती हैं और बंधन को मजबूत बनाती हैं।,1
love_A_hwa_ex_water,action,"यदि आप अपनी भावनाओं को ईमानदारी से व्यक्त करते हैं, तो दूसरा व्यक्ति पूरी तरह से प्रतिक्रिया देगा।",1
love_A_hwa_ex_water,state,"उमड़ता हुआ जुनून प्रेरक शक्ति को बहुत बढ़ाता है और एक अच्छा प्रवाह बनाता है, और नम ऊर्जा मन को गहराई से परिष्कृत करती है और स्पष्ट दृष्टि खोलती है।",1
love_A_hwa_ex_wood,intro,यह एक ऐसा दिन है जब प्यार का जुनून उमड़ता है और आप अपने साथी को गहराई से खींच लेते हैं।,1
love_A_hwa_ex_wood,effect,गर्म भावनाएँ रिश्ते को चमकाती हैं और बंधन को मजबूत बनाती हैं।,1
love_A_hwa_ex_wood,action,"यदि आप अपनी भावनाओं को ईमानदारी से व्यक्त करते हैं, तो दूसरा व्यक्ति पूरी तरह से प्रतिक्रिया देगा।",1
love_A_hwa_ex_wood,state,"उमड़ता हुआ जुनून प्रेरक शक्ति को बहुत बढ़ाता है, एक अच्छा प्रवाह बनाता है और गतिशील ऊर्जा नई संभावनाओं को खोलती है।",1
love_A_mok_df_earth,intro,"यह नए लोगों से मिलने या रिश्तों को गहरा करने का दिन है, क्योंकि इसमें रिश्ते को आगे बढ़ाने की भरपूर ऊर्जा होती है।",1
love_A_mok_df_earth,effect,बढ़ती प्रेम ऊर्जा नई मुठभेड़ों और गहरे बंधनों का निर्माण करती है।,1
love_A_mok_df_earth,action,सक्रिय रहें और नए लोगों से मिलने जाएं।,1
love_A_mok_df_earth,state,"एक सतर्क दृष्टिकोण वास्तव में एक ठोस शुरुआत करता है, और एक शांत ऊर्जा विवेक को बढ़ाती है, जिससे अच्छे परिणाम मिलते हैं।",1
love_A_mok_df_fire,intro,"यह नए लोगों से मिलने या रिश्तों को गहरा करने का दिन है, क्योंकि इसमें रिश्ते को आगे बढ़ाने की भरपूर ऊर्जा होती है।",1
love_A_mok_df_fire,effect,बढ़ती प्रेम ऊर्जा नई मुठभेड़ों और गहरे बंधनों का निर्माण करती है।,1
love_A_mok_df_fire,action,सक्रिय रहें और नए लोगों से मिलने जाएं।,1
love_A_mok_df_fire,state,"एक सतर्क दृष्टिकोण वास्तव में एक ठोस शुरुआत बनाता है, और स्पष्ट ऊर्जा जीवन शक्ति को बढ़ाती है और एक अच्छा प्रवाह बनाती है।",1
love_A_mok_df_water,intro,"यह नए लोगों से मिलने या रिश्तों को गहरा करने का दिन है, क्योंकि इसमें रिश्ते को आगे बढ़ाने की भरपूर ऊर्जा होती है।",1
love_A_mok_df_water,effect,बढ़ती प्रेम ऊर्जा नई मुठभेड़ों और गहरे बंधनों का निर्माण करती है।,1
love_A_mok_df_water,action,सक्रिय रहें और नए लोगों से मिलने जाएं।,1
love_A_mok_df_water,state,"एक सतर्क दृष्टिकोण वास्तव में एक ठोस शुरुआत करता है, और नम ऊर्जा मन को गहराई से परिष्कृत करती है और स्पष्ट दृष्टि खोलती है।",1
love_A_mok_df_wood,intro,"यह नए लोगों से मिलने या रिश्तों को गहरा करने का दिन है, क्योंकि इसमें रिश्ते को आगे बढ़ाने की भरपूर ऊर्जा होती है।",1
love_A_mok_df_wood,effect,बढ़ती प्रेम ऊर्जा नई मुठभेड़ों और गहरे बंधनों का निर्माण करती है।,1
love_A_mok_df_wood,action,सक्रिय रहें और नए लोगों से मिलने जाएं।,1
love_A_mok_df_wood,state,"एक सतर्क दृष्टिकोण एक ठोस शुरुआत बनाता है, और गतिशील ऊर्जा नई संभावनाओं को खोलती है।",1
love_A_mok_ex_earth,intro,"यह नए लोगों से मिलने या रिश्तों को गहरा करने का दिन है, क्योंकि इसमें रिश्ते को आगे बढ़ाने की भरपूर ऊर्जा होती है।",1
love_A_mok_ex_earth,effect,बढ़ती प्रेम ऊर्जा नई मुठभेड़ों और गहरे बंधनों का निर्माण करती है।,1
love_A_mok_ex_earth,action,सक्रिय रहें और नए लोगों से मिलने जाएं।,1
love_A_mok_ex_earth,state,"एक मजबूत इच्छाशक्ति सक्रिय रूप से नए अवसर खोलती है, और एक शांत ऊर्जा विवेक को बढ़ाती है, जिससे अच्छे परिणाम मिलते हैं।",1
love_A_mok_ex_fire,intro,"यह नए लोगों से मिलने या रिश्तों को गहरा करने का दिन है, क्योंकि इसमें रिश्ते को आगे बढ़ाने की भरपूर ऊर्जा होती है।",1
love_A_mok_ex_fire,effect,बढ़ती प्रेम ऊर्जा नई मुठभेड़ों और गहरे बंधनों का निर्माण करती है।,1
love_A_mok_ex_fire,action,सक्रिय रहें और नए लोगों से मिलने जाएं।,1
love_A_mok_ex_fire,state,"एक मजबूत इच्छाशक्ति सक्रिय रूप से नए अवसर खोलती है, और स्पष्ट ऊर्जा जीवन शक्ति बढ़ाती है और एक अच्छा प्रवाह बनाती है।",1
love_A_mok_ex_water,intro,"यह नए लोगों से मिलने या रिश्तों को गहरा करने का दिन है, क्योंकि इसमें रिश्ते को आगे बढ़ाने की भरपूर ऊर्जा होती है।",1
love_A_mok_ex_water,effect,बढ़ती प्रेम ऊर्जा नई मुठभेड़ों और गहरे बंधनों का निर्माण करती है।,1
love_A_mok_ex_water,action,सक्रिय रहें और नए लोगों से मिलने जाएं।,1
love_A_mok_ex_water,state,"एक मजबूत इच्छाशक्ति सक्रिय रूप से नए अवसरों को खोलती है, और नम ऊर्जा मन को गहराई से परिष्कृत करती है और स्पष्ट दृष्टि खोलती है।",1
love_A_mok_ex_wood,intro,"यह नए लोगों से मिलने या रिश्तों को गहरा करने का दिन है, क्योंकि इसमें रिश्ते को आगे बढ़ाने की भरपूर ऊर्जा होती है।",1
love_A_mok_ex_wood,effect,बढ़ती प्रेम ऊर्जा नई मुठभेड़ों और गहरे बंधनों का निर्माण करती है।,1
love_A_mok_ex_wood,action,सक्रिय रहें और नए लोगों से मिलने जाएं।,1
love_A_mok_ex_wood,state,"एक मजबूत इच्छाशक्ति सक्रिय रूप से नए अवसरों को खोलती है, और एक गतिशील ऊर्जा नई संभावनाओं को खोलती है।",1
love_A_su_df_earth,intro,यह एक ऐसा दिन है जब भावनाएं स्वाभाविक रूप से बहती हैं और दूसरों के साथ संचार निर्बाध होता है।,1
love_A_su_df_earth,effect,प्रवाहपूर्ण बातचीत आपके और दूसरे व्यक्ति के बीच की दूरी को कम कर देती है।,1
love_A_su_df_earth,action,खुला और ईमानदार संचार आपके रिश्ते को गहरा करेगा।,1
love_A_su_df_earth,state,"एक ठोस केंद्र आपको बिना डगमगाए अपनी दिशा बनाए रखने में मदद करता है, और एक शांत ऊर्जा विवेक को बढ़ाती है, जिससे अच्छे परिणाम मिलते हैं।",1
love_A_su_df_fire,intro,यह एक ऐसा दिन है जब भावनाएं स्वाभाविक रूप से बहती हैं और दूसरों के साथ संचार निर्बाध होता है।,1
love_A_su_df_fire,effect,प्रवाहपूर्ण बातचीत आपके और दूसरे व्यक्ति के बीच की दूरी को कम कर देती है।,1
love_A_su_df_fire,action,खुला और ईमानदार संचार आपके रिश्ते को गहरा करेगा।,1
love_A_su_df_fire,state,"एक ठोस केंद्र आपको बिना डगमगाए सही दिशा में रखता है, और स्पष्ट ऊर्जा आपकी जीवन शक्ति को बढ़ाती है और एक अच्छा प्रवाह बनाती है।",1
love_A_su_df_water,intro,यह एक ऐसा दिन है जब भावनाएं स्वाभाविक रूप से बहती हैं और दूसरों के साथ संचार निर्बाध होता है।,1
love_A_su_df_water,effect,प्रवाहपूर्ण बातचीत आपके और दूसरे व्यक्ति के बीच की दूरी को कम कर देती है।,1
love_A_su_df_water,action,खुला और ईमानदार संचार आपके रिश्ते को गहरा करेगा।,1
love_A_su_df_water,state,"एक ठोस केंद्र आपको बिना डगमगाए अपनी दिशा बनाए रखने में मदद करता है, और नम ऊर्जा आपके दिमाग को गहराई से परिष्कृत करती है और स्पष्ट दृष्टि खोलती है।",1
love_A_su_df_wood,intro,यह एक ऐसा दिन है जब भावनाएं स्वाभाविक रूप से बहती हैं और दूसरों के साथ संचार निर्बाध होता है।,1
love_A_su_df_wood,effect,प्रवाहपूर्ण बातचीत आपके और दूसरे व्यक्ति के बीच की दूरी को कम कर देती है।,1
love_A_su_df_wood,action,खुला और ईमानदार संचार आपके रिश्ते को गहरा करेगा।,1
love_A_su_df_wood,state,"एक ठोस केंद्र बिना डगमगाए दिशा बनाए रखता है, और गतिशील ऊर्जा नई संभावनाओं को खोलती है।",1
love_A_su_ex_earth,intro,यह एक ऐसा दिन है जब भावनाएं स्वाभाविक रूप से बहती हैं और दूसरों के साथ संचार निर्बाध होता है।,1
love_A_su_ex_earth,effect,प्रवाहपूर्ण बातचीत आपके और दूसरे व्यक्ति के बीच की दूरी को कम कर देती है।,1
love_A_su_ex_earth,action,खुला और ईमानदार संचार आपके रिश्ते को गहरा करेगा।,1
love_A_su_ex_earth,state,"समृद्ध संवेदनशीलता गहरी अंतर्दृष्टि की ओर ले जाती है और अच्छे निर्णय लेने में मदद करती है, और शांत ऊर्जा विवेक को बढ़ाती है, जिससे अच्छे परिणाम मिलते हैं।",1
love_A_su_ex_fire,intro,यह एक ऐसा दिन है जब भावनाएं स्वाभाविक रूप से बहती हैं और दूसरों के साथ संचार निर्बाध होता है।,1
love_A_su_ex_fire,effect,प्रवाहपूर्ण बातचीत आपके और दूसरे व्यक्ति के बीच की दूरी को कम कर देती है।,1
love_A_su_ex_fire,action,खुला और ईमानदार संचार आपके रिश्ते को गहरा करेगा।,1
love_A_su_ex_fire,state,"समृद्ध संवेदनशीलता गहरी अंतर्दृष्टि की ओर ले जाती है और अच्छे निर्णय लेने में मदद करती है, और स्पष्ट ऊर्जा जीवन शक्ति बढ़ाती है और एक अच्छा प्रवाह बनाती है।",1
love_A_su_ex_water,intro,यह एक ऐसा दिन है जब भावनाएं स्वाभाविक रूप से बहती हैं और दूसरों के साथ संचार निर्बाध होता है।,1
love_A_su_ex_water,effect,प्रवाहपूर्ण बातचीत आपके और दूसरे व्यक्ति के बीच की दूरी को कम कर देती है।,1
love_A_su_ex_water,action,खुला और ईमानदार संचार आपके रिश्ते को गहरा करेगा।,1
love_A_su_ex_water,state,"समृद्ध संवेदनशीलता गहरी अंतर्दृष्टि की ओर ले जाती है और अच्छे निर्णय में मदद करती है, और नम ऊर्जा मन को गहराई से परिष्कृत करती है और स्पष्ट दृष्टि खोलती है।",1
love_A_su_ex_wood,intro,यह एक ऐसा दिन है जब भावनाएं स्वाभाविक रूप से बहती हैं और दूसरों के साथ संचार निर्बाध होता है।,1
love_A_su_ex_wood,effect,प्रवाहपूर्ण बातचीत आपके और दूसरे व्यक्ति के बीच की दूरी को कम कर देती है।,1
love_A_su_ex_wood,action,खुला और ईमानदार संचार आपके रिश्ते को गहरा करेगा।,1
love_A_su_ex_wood,state,"समृद्ध संवेदनशीलता गहरी अंतर्दृष्टि की ओर ले जाती है और अच्छे निर्णय लेने में मदद करती है, और गतिशील ऊर्जा नई संभावनाओं को खोलती है।",1
love_A_to_df_earth,intro,यह एक ऐसा दिन है जब प्यार की स्थिर ऊर्जा रिश्तों में शांति और विश्वास जोड़ती है।,1
love_A_to_df_earth,effect,एक मजबूत बंधन रिश्ते को और भी मजबूत बनाता है।,1
love_A_to_df_earth,action,दूसरों के प्रति रोजमर्रा का विचार व्यक्त करके विश्वास बनाएँ।,1
love_A_to_df_earth,state,"एक लचीला रवैया आपको स्वाभाविक रूप से नए रुझानों को स्वीकार करने की अनुमति देता है, और एक शांत ऊर्जा विवेक को बढ़ाती है, जिससे अच्छे परिणाम मिलते हैं।",1
love_A_to_df_fire,intro,यह एक ऐसा दिन है जब प्यार की स्थिर ऊर्जा रिश्तों में शांति और विश्वास जोड़ती है।,1
love_A_to_df_fire,effect,एक मजबूत बंधन रिश्ते को और भी मजबूत बनाता है।,1
love_A_to_df_fire,action,दूसरों के प्रति रोजमर्रा का विचार व्यक्त करके विश्वास बनाएँ।,1
love_A_to_df_fire,state,"एक लचीला रवैया आपको स्वाभाविक रूप से नए रुझानों को स्वीकार करने की अनुमति देता है, और स्पष्ट ऊर्जा जीवन शक्ति बढ़ाती है और एक अच्छा प्रवाह बनाती है।",1
love_A_to_df_water,intro,यह एक ऐसा दिन है जब प्यार की स्थिर ऊर्जा रिश्तों में शांति और विश्वास जोड़ती है।,1
love_A_to_df_water,effect,एक मजबूत बंधन रिश्ते को और भी मजबूत बनाता है।,1
love_A_to_df_water,action,दूसरों के प्रति रोजमर्रा का विचार व्यक्त करके विश्वास बनाएँ।,1
love_A_to_df_water,state,"एक लचीला रवैया आपको स्वाभाविक रूप से नए रुझानों को स्वीकार करने की अनुमति देता है, और नम ऊर्जा आपके दिमाग को गहराई से परिष्कृत करती है और स्पष्ट दृष्टि खोलती है।",1
love_A_to_df_wood,intro,यह एक ऐसा दिन है जब प्यार की स्थिर ऊर्जा रिश्तों में शांति और विश्वास जोड़ती है।,1
love_A_to_df_wood,effect,एक मजबूत बंधन रिश्ते को और भी मजबूत बनाता है।,1
love_A_to_df_wood,action,दूसरों के प्रति रोजमर्रा का विचार व्यक्त करके विश्वास बनाएँ।,1
love_A_to_df_wood,state,"एक लचीला रवैया आपको स्वाभाविक रूप से नए रुझानों को स्वीकार करने की अनुमति देता है, और एक गतिशील ऊर्जा नई संभावनाओं को खोलती है।",1
love_A_to_ex_earth,intro,यह एक ऐसा दिन है जब प्यार की स्थिर ऊर्जा रिश्तों में शांति और विश्वास जोड़ती है।,1
love_A_to_ex_earth,effect,एक मजबूत बंधन रिश्ते को और भी मजबूत बनाता है।,1
love_A_to_ex_earth,action,दूसरों के प्रति रोजमर्रा का विचार व्यक्त करके विश्वास बनाएँ।,1
love_A_to_ex_earth,state,"स्थिरता की एक मजबूत भावना हर चीज के लिए एक ठोस आधार बन जाती है, और एक शांत ऊर्जा विवेक को बढ़ाती है, जिससे अच्छे परिणाम मिलते हैं।",1
love_A_to_ex_fire,intro,यह एक ऐसा दिन है जब प्यार की स्थिर ऊर्जा रिश्तों में शांति और विश्वास जोड़ती है।,1
love_A_to_ex_fire,effect,एक मजबूत बंधन रिश्ते को और भी मजबूत बनाता है।,1
love_A_to_ex_fire,action,दूसरों के प्रति रोजमर्रा का विचार व्यक्त करके विश्वास बनाएँ।,1
love_A_to_ex_fire,state,"स्थिरता की एक मजबूत भावना हर चीज के लिए एक ठोस आधार बन जाती है, और स्पष्ट ऊर्जा जीवन शक्ति को बढ़ाती है और एक अच्छा प्रवाह बनाती है।",1
love_A_to_ex_water,intro,यह एक ऐसा दिन है जब प्यार की स्थिर ऊर्जा रिश्तों में शांति और विश्वास जोड़ती है।,1
love_A_to_ex_water,effect,एक मजबूत बंधन रिश्ते को और भी मजबूत बनाता है।,1
love_A_to_ex_water,action,दूसरों के प्रति रोजमर्रा का विचार व्यक्त करके विश्वास बनाएँ।,1
love_A_to_ex_water,state,"स्थिरता की एक मजबूत भावना हर चीज के लिए एक ठोस आधार बन जाती है, और नम ऊर्जा मन को गहराई से परिष्कृत करती है और स्पष्ट दृष्टि खोलती है।",1
love_A_to_ex_wood,intro,यह एक ऐसा दिन है जब प्यार की स्थिर ऊर्जा रिश्तों में शांति और विश्वास जोड़ती है।,1
love_A_to_ex_wood,effect,एक मजबूत बंधन रिश्ते को और भी मजबूत बनाता है।,1
love_A_to_ex_wood,action,दूसरों के प्रति रोजमर्रा का विचार व्यक्त करके विश्वास बनाएँ।,1
love_A_to_ex_wood,state,"स्थिरता की एक मजबूत भावना हर चीज़ के लिए एक ठोस आधार प्रदान करती है, और गतिशील ऊर्जा नई संभावनाओं को खोलती है।",1
love_B,intro,आज रिश्ते की ऊर्जा गर्म है और आप स्वाभाविक रूप से अपने साथी के करीब आ सकते हैं।,1
love_B,intro,आज एक ऐसा दिन है जब भावनात्मक अभिव्यक्ति स्वाभाविक रूप से प्रवाहित होती है और रिश्तों में गर्माहट आती है।,1
love_B,effect,छोटे-छोटे विचार और रुचियां रिश्तों को मजबूत बनाने का काम करती हैं।,1
love_B,effect,आपके पार्टनर या आपके आस-पास के लोगों के साथ रिश्ता गहरा होता है और एक अच्छा माहौल बनता है।,1
love_B,action,आज आपकी एक छोटी सी हरकत सामने वाले को शब्दों से ज्यादा ऊंची आवाज में बोलेगी।,1
love_B,action,यह वह दिन है जब आप स्वाभाविक रूप से अपनी भावनाओं को व्यक्त करते हैं और आपका रिश्ता एक कदम और करीब आ जाता है।,1
love_B_geum_df_earth,intro,यह एक ऐसा दिन है जब प्यार का प्रवाह लगातार जारी रहता है और रिश्ता सुचारू रूप से बना रहता है।,1
love_B_geum_df_earth,effect,"भावनाओं को संतुलित तरीके से व्यक्त किया जाता है, इसलिए दूसरे व्यक्ति के साथ संबंध सहज रहते हैं।",1
love_B_geum_df_earth,action,अगर आज आपके रिश्ते में कुछ कमी है तो उसके प्रति ईमानदार रहें।,1
love_B_geum_df_earth,state,"भले ही आपका दृढ़ संकल्प कुछ हद तक सुस्त हो जाए, दैनिक जीवन का प्रवाह सुचारू रूप से जारी रहता है, और बादल वाली ऊर्जा शांत वातावरण में जुड़ जाती है, जिससे शांति की भावना पैदा होती है।",1
love_B_geum_df_fire,intro,यह एक ऐसा दिन है जब प्यार का प्रवाह लगातार जारी रहता है और रिश्ता सुचारू रूप से बना रहता है।,1
love_B_geum_df_fire,effect,"भावनाओं को संतुलित तरीके से व्यक्त किया जाता है, इसलिए दूसरे व्यक्ति के साथ संबंध सहज रहते हैं।",1
love_B_geum_df_fire,action,अगर आज आपके रिश्ते में कुछ कमी है तो उसके प्रति ईमानदार रहें।,1
love_B_geum_df_fire,state,"भले ही आपका दृढ़ संकल्प कुछ हद तक सुस्त हो जाए, आपके दैनिक जीवन का प्रवाह सुचारू रूप से जारी रहता है, और स्पष्ट ऊर्जा प्रकाश जीवन शक्ति जोड़ती है, जिससे एक सहज प्रवाह बनता है।",1
love_B_geum_df_water,intro,यह एक ऐसा दिन है जब प्यार का प्रवाह लगातार जारी रहता है और रिश्ता सुचारू रूप से बना रहता है।,1
love_B_geum_df_water,effect,"भावनाओं को संतुलित तरीके से व्यक्त किया जाता है, इसलिए दूसरे व्यक्ति के साथ संबंध सहज रहते हैं।",1
love_B_geum_df_water,action,अगर आज आपके रिश्ते में कुछ कमी है तो उसके प्रति ईमानदार रहें।,1
love_B_geum_df_water,state,"भले ही आपका दृढ़ संकल्प कुछ हद तक सुस्त हो जाए, आपके दैनिक जीवन का प्रवाह सुचारू रूप से जारी रहता है, और नम ऊर्जा आपकी भावनाओं में एक शांत, लंबे समय तक रहने वाली अनुभूति जोड़ती है।",1
love_B_geum_df_wood,intro,यह एक ऐसा दिन है जब प्यार का प्रवाह लगातार जारी रहता है और रिश्ता सुचारू रूप से बना रहता है।,1
love_B_geum_df_wood,effect,"भावनाओं को संतुलित तरीके से व्यक्त किया जाता है, इसलिए दूसरे व्यक्ति के साथ संबंध सहज रहते हैं।",1
love_B_geum_df_wood,action,अगर आज आपके रिश्ते में कुछ कमी है तो उसके प्रति ईमानदार रहें।,1
love_B_geum_df_wood,state,"भले ही आपका दृढ़ संकल्प कुछ हद तक सुस्त हो जाए, दैनिक जीवन का प्रवाह सुचारू रूप से जारी रहता है और परिवर्तन की थोड़ी सी ऊर्जा उचित उत्तेजना जोड़ती है।",1
love_B_geum_ex_earth,intro,यह एक ऐसा दिन है जब प्यार का प्रवाह लगातार जारी रहता है और रिश्ता सुचारू रूप से बना रहता है।,1
love_B_geum_ex_earth,effect,"भावनाओं को संतुलित तरीके से व्यक्त किया जाता है, इसलिए दूसरे व्यक्ति के साथ संबंध सहज रहते हैं।",1
love_B_geum_ex_earth,action,अगर आज आपके रिश्ते में कुछ कमी है तो उसके प्रति ईमानदार रहें।,1
love_B_geum_ex_earth,state,"विश्लेषणात्मक निर्णय स्वाभाविक रूप से सामान्य गति से प्रवाहित होता है, और बादल वाली ऊर्जा शांत वातावरण में जुड़ जाती है, जिससे शांति की भावना पैदा होती है।",1
love_B_geum_ex_fire,intro,यह एक ऐसा दिन है जब प्यार का प्रवाह लगातार जारी रहता है और रिश्ता सुचारू रूप से बना रहता है।,1
love_B_geum_ex_fire,effect,"भावनाओं को संतुलित तरीके से व्यक्त किया जाता है, इसलिए दूसरे व्यक्ति के साथ संबंध सहज रहते हैं।",1
love_B_geum_ex_fire,action,अगर आज आपके रिश्ते में कुछ कमी है तो उसके प्रति ईमानदार रहें।,1
love_B_geum_ex_fire,state,"विश्लेषणात्मक निर्णय स्वाभाविक रूप से सामान्य गति का अनुसरण करता है, और स्पष्ट ऊर्जा प्रकाश जीवन शक्ति जोड़ती है, जिससे एक सहज प्रवाह बनता है।",1
love_B_geum_ex_water,intro,यह एक ऐसा दिन है जब प्यार का प्रवाह लगातार जारी रहता है और रिश्ता सुचारू रूप से बना रहता है।,1
love_B_geum_ex_water,effect,"भावनाओं को संतुलित तरीके से व्यक्त किया जाता है, इसलिए दूसरे व्यक्ति के साथ संबंध सहज रहते हैं।",1
love_B_geum_ex_water,action,अगर आज आपके रिश्ते में कुछ कमी है तो उसके प्रति ईमानदार रहें।,1
love_B_geum_ex_water,state,"विश्लेषणात्मक निर्णय आपकी सामान्य गति से स्वाभाविक रूप से प्रवाहित होता है, और नम ऊर्जा आपकी भावनाओं में एक शांत, लंबे समय तक रहने वाली अनुभूति जोड़ती है।",1
love_B_geum_ex_wood,intro,यह एक ऐसा दिन है जब प्यार का प्रवाह लगातार जारी रहता है और रिश्ता सुचारू रूप से बना रहता है।,1
love_B_geum_ex_wood,effect,"भावनाओं को संतुलित तरीके से व्यक्त किया जाता है, इसलिए दूसरे व्यक्ति के साथ संबंध सहज रहते हैं।",1
love_B_geum_ex_wood,action,अगर आज आपके रिश्ते में कुछ कमी है तो उसके प्रति ईमानदार रहें।,1
love_B_geum_ex_wood,state,"विश्लेषणात्मक निर्णय स्वाभाविक रूप से सामान्य गति का अनुसरण करता है, और परिवर्तन की थोड़ी सी ऊर्जा उचित उत्तेजना जोड़ती है।",1
love_B_hwa_df_earth,intro,यह एक ऐसा दिन है जब प्यार का जुनून समान रूप से बना रहता है और दूसरे व्यक्ति के साथ संवाद अच्छा रहता है।,1
love_B_hwa_df_earth,effect,गर्म भावनाएं व्यक्त करने से सामने वाले पर अच्छा प्रभाव पड़ता है।,1
love_B_hwa_df_earth,action,अपनी भावनाओं को स्वाभाविक रूप से व्यक्त करें और अपने रिश्ते को सुचारू रूप से जारी रखें।,1
love_B_hwa_df_earth,state,"भले ही अभिव्यक्तियाँ संयमित हों, रिश्ते की स्थिरता आसानी से बनी रहती है, और बादल भरी ऊर्जा शांत वातावरण में जुड़ जाती है, जिससे शांति का एहसास होता है।",1
love_B_hwa_df_fire,intro,यह एक ऐसा दिन है जब प्यार का जुनून समान रूप से बना रहता है और दूसरे व्यक्ति के साथ संवाद अच्छा रहता है।,1
love_B_hwa_df_fire,effect,गर्म भावनाएं व्यक्त करने से सामने वाले पर अच्छा प्रभाव पड़ता है।,1
love_B_hwa_df_fire,action,अपनी भावनाओं को स्वाभाविक रूप से व्यक्त करें और अपने रिश्ते को सुचारू रूप से जारी रखें।,1
love_B_hwa_df_fire,state,"भले ही अभिव्यक्तियां संयमित हों, रिश्ते की स्थिरता आसानी से बनी रहती है, और स्पष्ट ऊर्जा प्रकाश जीवन शक्ति जोड़ती है, जिससे एक सहज प्रवाह बनता है।",1
love_B_hwa_df_water,intro,यह एक ऐसा दिन है जब प्यार का जुनून समान रूप से बना रहता है और दूसरे व्यक्ति के साथ संवाद अच्छा रहता है।,1
love_B_hwa_df_water,effect,गर्म भावनाएं व्यक्त करने से सामने वाले पर अच्छा प्रभाव पड़ता है।,1
love_B_hwa_df_water,action,अपनी भावनाओं को स्वाभाविक रूप से व्यक्त करें और अपने रिश्ते को सुचारू रूप से जारी रखें।,1
love_B_hwa_df_water,state,"भले ही अभिव्यक्तियाँ संयमित हों, रिश्ते की स्थिरता आसानी से बनी रहती है, और नम ऊर्जा भावनाओं में एक शांत दीर्घकालिक एहसास जोड़ती है।",1
love_B_hwa_df_wood,intro,यह एक ऐसा दिन है जब प्यार का जुनून समान रूप से बना रहता है और दूसरे व्यक्ति के साथ संवाद अच्छा रहता है।,1
love_B_hwa_df_wood,effect,गर्म भावनाएं व्यक्त करने से सामने वाले पर अच्छा प्रभाव पड़ता है।,1
love_B_hwa_df_wood,action,अपनी भावनाओं को स्वाभाविक रूप से व्यक्त करें और अपने रिश्ते को सुचारू रूप से जारी रखें।,1
love_B_hwa_df_wood,state,"भले ही अभिव्यक्ति पर लगाम लगाई जाए, रिश्ते की स्थिरता आसानी से बनी रहती है, और परिवर्तन की थोड़ी सी ऊर्जा उचित उत्तेजना जोड़ती है।",1
love_B_hwa_ex_earth,intro,यह एक ऐसा दिन है जब प्यार का जुनून समान रूप से बना रहता है और दूसरे व्यक्ति के साथ संवाद अच्छा रहता है।,1
love_B_hwa_ex_earth,effect,गर्म भावनाएं व्यक्त करने से सामने वाले पर अच्छा प्रभाव पड़ता है।,1
love_B_hwa_ex_earth,action,अपनी भावनाओं को स्वाभाविक रूप से व्यक्त करें और अपने रिश्ते को सुचारू रूप से जारी रखें।,1
love_B_hwa_ex_earth,state,"जुनून जीवित है, लेकिन संतुलन भी बनाए रखा जाता है, जिससे दिन स्थिर रहता है, और बादल वाली ऊर्जा एक शांत वातावरण जोड़ती है, जिससे शांति बनी रहती है।",1
love_B_hwa_ex_fire,intro,यह एक ऐसा दिन है जब प्यार का जुनून समान रूप से बना रहता है और दूसरे व्यक्ति के साथ संवाद अच्छा रहता है।,1
love_B_hwa_ex_fire,effect,गर्म भावनाएं व्यक्त करने से सामने वाले पर अच्छा प्रभाव पड़ता है।,1
love_B_hwa_ex_fire,action,अपनी भावनाओं को स्वाभाविक रूप से व्यक्त करें और अपने रिश्ते को सुचारू रूप से जारी रखें।,1
love_B_hwa_ex_fire,state,"जुनून जीवित रहता है और संतुलन बना रहता है, जिससे दिन स्थिर रहता है, और स्पष्ट ऊर्जा प्रकाश जीवन शक्ति जोड़ती है, जिससे एक सहज प्रवाह बनता है।",1
love_B_hwa_ex_water,intro,यह एक ऐसा दिन है जब प्यार का जुनून समान रूप से बना रहता है और दूसरे व्यक्ति के साथ संवाद अच्छा रहता है।,1
love_B_hwa_ex_water,effect,गर्म भावनाएं व्यक्त करने से सामने वाले पर अच्छा प्रभाव पड़ता है।,1
love_B_hwa_ex_water,action,अपनी भावनाओं को स्वाभाविक रूप से व्यक्त करें और अपने रिश्ते को सुचारू रूप से जारी रखें।,1
love_B_hwa_ex_water,state,"जुनून जीवित रहता है और संतुलन बना रहता है, जिससे एक स्थिर दिन होता है, और नम ऊर्जा भावनाओं में एक शांत, लंबे समय तक रहने वाली अनुभूति जोड़ती है।",1
love_B_hwa_ex_wood,intro,यह एक ऐसा दिन है जब प्यार का जुनून समान रूप से बना रहता है और दूसरे व्यक्ति के साथ संवाद अच्छा रहता है।,1
love_B_hwa_ex_wood,effect,गर्म भावनाएं व्यक्त करने से सामने वाले पर अच्छा प्रभाव पड़ता है।,1
love_B_hwa_ex_wood,action,अपनी भावनाओं को स्वाभाविक रूप से व्यक्त करें और अपने रिश्ते को सुचारू रूप से जारी रखें।,1
love_B_hwa_ex_wood,state,"जुनून जीवंत और संतुलित है, जो एक स्थिर दिन की ओर ले जाता है, और परिवर्तन की थोड़ी सी ऊर्जा उचित उत्तेजना जोड़ती है।",1
love_B_mok_df_earth,intro,यह एक ऐसा दिन है जब रिश्ते धीरे-धीरे बढ़ते हैं और गहरे रिश्ते बनते हैं।,1
love_B_mok_df_earth,effect,धीरे-धीरे संबंध विकसित होने से विश्वास और घनिष्ठता बढ़ती है।,1
love_B_mok_df_earth,action,आज अपने पार्टनर के साथ एक नए अनुभव का आनंद लें।,1
love_B_mok_df_earth,state,"यहां तक कि अगर आप नई चीजों को आजमाने में सतर्क रहते हैं, तो भी आपका दैनिक जीवन स्थिर रूप से चलता है, और बादल वाली ऊर्जा शांत वातावरण में जुड़ जाती है, जिससे शांति का एहसास होता है।",1
love_B_mok_df_fire,intro,यह एक ऐसा दिन है जब रिश्ते धीरे-धीरे बढ़ते हैं और गहरे रिश्ते बनते हैं।,1
love_B_mok_df_fire,effect,धीरे-धीरे संबंध विकसित होने से विश्वास और घनिष्ठता बढ़ती है।,1
love_B_mok_df_fire,action,आज अपने पार्टनर के साथ एक नए अनुभव का आनंद लें।,1
love_B_mok_df_fire,state,"भले ही आप नई चीजें आज़माते समय सतर्क रहें, आपका दैनिक जीवन स्थिर रूप से प्रवाहित होता है, और स्पष्ट ऊर्जा प्रकाश जीवन शक्ति जोड़ती है, जिससे एक सहज प्रवाह बनता है।",1
love_B_mok_df_water,intro,यह एक ऐसा दिन है जब रिश्ते धीरे-धीरे बढ़ते हैं और गहरे रिश्ते बनते हैं।,1
love_B_mok_df_water,effect,धीरे-धीरे संबंध विकसित होने से विश्वास और घनिष्ठता बढ़ती है।,1
love_B_mok_df_water,action,आज अपने पार्टनर के साथ एक नए अनुभव का आनंद लें।,1
love_B_mok_df_water,state,"भले ही आप नई चीजों को आजमाने में सतर्क हों, आपका दैनिक जीवन स्थिर रूप से प्रवाहित होता है और नम ऊर्जा आपकी भावनाओं में एक शांत और लंबे समय तक रहने वाली अनुभूति जोड़ती है।",1
love_B_mok_df_wood,intro,यह एक ऐसा दिन है जब रिश्ते धीरे-धीरे बढ़ते हैं और गहरे रिश्ते बनते हैं।,1
love_B_mok_df_wood,effect,धीरे-धीरे संबंध विकसित होने से विश्वास और घनिष्ठता बढ़ती है।,1
love_B_mok_df_wood,action,आज अपने पार्टनर के साथ एक नए अनुभव का आनंद लें।,1
love_B_mok_df_wood,state,"भले ही आप नई चीजों को आजमाने में सतर्क हों, आपका दैनिक जीवन स्थिर रूप से चलता है और परिवर्तन की थोड़ी सी ऊर्जा उचित उत्तेजना जोड़ती है।",1
love_B_mok_ex_earth,intro,यह एक ऐसा दिन है जब रिश्ते धीरे-धीरे बढ़ते हैं और गहरे रिश्ते बनते हैं।,1
love_B_mok_ex_earth,effect,धीरे-धीरे संबंध विकसित होने से विश्वास और घनिष्ठता बढ़ती है।,1
love_B_mok_ex_earth,action,आज अपने पार्टनर के साथ एक नए अनुभव का आनंद लें।,1
love_B_mok_ex_earth,state,"स्थिर प्रेरणा कदम-दर-कदम प्रगति करती है, और बादल भरी ऊर्जा शांत वातावरण में जुड़ जाती है, जिससे शांति मिलती है।",1
love_B_mok_ex_fire,intro,यह एक ऐसा दिन है जब रिश्ते धीरे-धीरे बढ़ते हैं और गहरे रिश्ते बनते हैं।,1
love_B_mok_ex_fire,effect,धीरे-धीरे संबंध विकसित होने से विश्वास और घनिष्ठता बढ़ती है।,1
love_B_mok_ex_fire,action,आज अपने पार्टनर के साथ एक नए अनुभव का आनंद लें।,1
love_B_mok_ex_fire,state,"स्थिर प्रेरणा कदम दर कदम प्रगति करती है, और स्पष्ट ऊर्जा प्रकाश जीवन शक्ति जोड़ती है, जिससे एक सहज प्रवाह बनता है।",1
love_B_mok_ex_water,intro,यह एक ऐसा दिन है जब रिश्ते धीरे-धीरे बढ़ते हैं और गहरे रिश्ते बनते हैं।,1
love_B_mok_ex_water,effect,धीरे-धीरे संबंध विकसित होने से विश्वास और घनिष्ठता बढ़ती है।,1
love_B_mok_ex_water,action,आज अपने पार्टनर के साथ एक नए अनुभव का आनंद लें।,1
love_B_mok_ex_water,state,"स्थिर प्रेरणा कदम-दर-कदम प्रगति करती है, और नम ऊर्जा भावनाओं में एक शांत दीर्घकालिक एहसास जोड़ती है।",1
love_B_mok_ex_wood,intro,यह एक ऐसा दिन है जब रिश्ते धीरे-धीरे बढ़ते हैं और गहरे रिश्ते बनते हैं।,1
love_B_mok_ex_wood,effect,धीरे-धीरे संबंध विकसित होने से विश्वास और घनिष्ठता बढ़ती है।,1
love_B_mok_ex_wood,action,आज अपने पार्टनर के साथ एक नए अनुभव का आनंद लें।,1
love_B_mok_ex_wood,state,"स्थिर प्रेरणा कदम दर कदम सामान्य प्रगति करती है, और परिवर्तन की कमजोर ऊर्जा उचित उत्तेजना जोड़ती है।",1
love_B_su_df_earth,intro,यह एक ऐसा दिन है जब भावनात्मक संचार सुचारू होता है और रिश्ते बिना किसी गलतफहमी के चलते रहते हैं।,1
love_B_su_df_earth,effect,प्राकृतिक भावनात्मक आदान-प्रदान रिश्तों के प्रवाह को सहज बनाता है।,1
love_B_su_df_earth,action,अपनी भावनाओं को सामान्य से अधिक खुलकर साझा करें।,1
love_B_su_df_earth,state,"यद्यपि लचीलेपन में कुछ हद तक कमी है, मूल लय को बिना किसी कठिनाई के बनाए रखा जाता है, और बादल वाली ऊर्जा एक शांत वातावरण जोड़ती है, जिससे शांति का एहसास होता है।",1
love_B_su_df_fire,intro,यह एक ऐसा दिन है जब भावनात्मक संचार सुचारू होता है और रिश्ते बिना किसी गलतफहमी के चलते रहते हैं।,1
love_B_su_df_fire,effect,प्राकृतिक भावनात्मक आदान-प्रदान रिश्तों के प्रवाह को सहज बनाता है।,1
love_B_su_df_fire,action,अपनी भावनाओं को सामान्य से अधिक खुलकर साझा करें।,1
love_B_su_df_fire,state,"यद्यपि लचीलेपन में कुछ हद तक कमी है, मूल लय को बिना किसी कठिनाई के बनाए रखा जाता है, और स्पष्ट ऊर्जा प्रकाश जीवन शक्ति जोड़ती है, जिससे एक सहज प्रवाह बनता है।",1
love_B_su_df_water,intro,यह एक ऐसा दिन है जब भावनात्मक संचार सुचारू होता है और रिश्ते बिना किसी गलतफहमी के चलते रहते हैं।,1
love_B_su_df_water,effect,प्राकृतिक भावनात्मक आदान-प्रदान रिश्तों के प्रवाह को सहज बनाता है।,1
love_B_su_df_water,action,अपनी भावनाओं को सामान्य से अधिक खुलकर साझा करें।,1
love_B_su_df_water,state,"हालाँकि इसमें लचीलेपन की कमी है, लेकिन मूल लय बिना किसी कठिनाई के बनी रहती है, और नम ऊर्जा भावनाओं में एक शांत, लंबे समय तक रहने वाली अनुभूति जोड़ती है।",1
love_B_su_df_wood,intro,यह एक ऐसा दिन है जब भावनात्मक संचार सुचारू होता है और रिश्ते बिना किसी गलतफहमी के चलते रहते हैं।,1
love_B_su_df_wood,effect,प्राकृतिक भावनात्मक आदान-प्रदान रिश्तों के प्रवाह को सहज बनाता है।,1
love_B_su_df_wood,action,अपनी भावनाओं को सामान्य से अधिक खुलकर साझा करें।,1
love_B_su_df_wood,state,"यद्यपि लचीलेपन में कुछ हद तक कमी है, मूल लय बिना किसी कठिनाई के बनाए रखी जाती है, और परिवर्तन की थोड़ी सी ऊर्जा उचित उत्तेजना जोड़ती है।",1
love_B_su_ex_earth,intro,यह एक ऐसा दिन है जब भावनात्मक संचार सुचारू होता है और रिश्ते बिना किसी गलतफहमी के चलते रहते हैं।,1
love_B_su_ex_earth,effect,प्राकृतिक भावनात्मक आदान-प्रदान रिश्तों के प्रवाह को सहज बनाता है।,1
love_B_su_ex_earth,action,अपनी भावनाओं को सामान्य से अधिक खुलकर साझा करें।,1
love_B_su_ex_earth,state,"दिन भावनाओं से भरा होता है, जिससे यह सामान्य से अधिक ध्यान देने वाला दिन बन जाता है, और बादल भरी ऊर्जा एक शांत वातावरण जोड़ती है, जिससे शांति का एहसास होता है।",1
love_B_su_ex_fire,intro,यह एक ऐसा दिन है जब भावनात्मक संचार सुचारू होता है और रिश्ते बिना किसी गलतफहमी के चलते रहते हैं।,1
love_B_su_ex_fire,effect,प्राकृतिक भावनात्मक आदान-प्रदान रिश्तों के प्रवाह को सहज बनाता है।,1
love_B_su_ex_fire,action,अपनी भावनाओं को सामान्य से अधिक खुलकर साझा करें।,1
love_B_su_ex_fire,state,"दिन भावनाओं से भरपूर है, जो इसे सामान्य से अधिक ध्यानपूर्ण दिन बनाता है, और स्पष्ट ऊर्जा प्रकाश जीवन शक्ति जोड़ती है, जिससे एक सहज प्रवाह बनता है।",1
love_B_su_ex_water,intro,यह एक ऐसा दिन है जब भावनात्मक संचार सुचारू होता है और रिश्ते बिना किसी गलतफहमी के चलते रहते हैं।,1
love_B_su_ex_water,effect,प्राकृतिक भावनात्मक आदान-प्रदान रिश्तों के प्रवाह को सहज बनाता है।,1
love_B_su_ex_water,action,अपनी भावनाओं को सामान्य से अधिक खुलकर साझा करें।,1
love_B_su_ex_water,state,"दिन भावनाओं से भरा है, जो आपको सामान्य से अधिक चौकस बनाता है, और नम ऊर्जा आपकी भावनाओं में एक शांत स्वाद जोड़ती है।",1
love_B_su_ex_wood,intro,यह एक ऐसा दिन है जब भावनात्मक संचार सुचारू होता है और रिश्ते बिना किसी गलतफहमी के चलते रहते हैं।,1
love_B_su_ex_wood,effect,प्राकृतिक भावनात्मक आदान-प्रदान रिश्तों के प्रवाह को सहज बनाता है।,1
love_B_su_ex_wood,action,अपनी भावनाओं को सामान्य से अधिक खुलकर साझा करें।,1
love_B_su_ex_wood,state,"दिन भावनाओं से भरा है, जो इसे सामान्य से अधिक ध्यान देने वाला दिन बनाता है, और परिवर्तन की थोड़ी सी ऊर्जा उचित उत्तेजना जोड़ती है।",1
love_B_to_df_earth,intro,यह एक ऐसा दिन है जब रिश्ते में स्थिरता बनी रहती है और आरामदायक और भरोसेमंद बंधन जारी रहते हैं।,1
love_B_to_df_earth,effect,एक स्थिर भावनात्मक आधार रिश्तों को मजबूत बनाता है।,1
love_B_to_df_earth,action,अपने साथी के साथ अपने दैनिक जीवन पर ध्यान केंद्रित करके अपने रिश्ते का ख्याल रखें।,1
love_B_to_df_earth,state,"भले ही गुरुत्वाकर्षण का केंद्र कुछ हद तक हिल गया हो, दैनिक जीवन का संतुलन बिना किसी परेशानी के बना रहता है, और बादल वाली ऊर्जा शांत वातावरण में जुड़ जाती है, जिससे शांति का एहसास होता है।",1
love_B_to_df_fire,intro,यह एक ऐसा दिन है जब रिश्ते में स्थिरता बनी रहती है और आरामदायक और भरोसेमंद बंधन जारी रहते हैं।,1
love_B_to_df_fire,effect,एक स्थिर भावनात्मक आधार रिश्तों को मजबूत बनाता है।,1
love_B_to_df_fire,action,अपने साथी के साथ अपने दैनिक जीवन पर ध्यान केंद्रित करके अपने रिश्ते का ख्याल रखें।,1
love_B_to_df_fire,state,"भले ही गुरुत्वाकर्षण का केंद्र कुछ हद तक हिल गया हो, दैनिक जीवन का संतुलन बिना किसी परेशानी के बनाए रखा जाता है, और स्पष्ट ऊर्जा प्रकाश जीवन शक्ति जोड़ती है, जिससे एक सहज प्रवाह बनता है।",1
love_B_to_df_water,intro,यह एक ऐसा दिन है जब रिश्ते में स्थिरता बनी रहती है और आरामदायक और भरोसेमंद बंधन जारी रहते हैं।,1
love_B_to_df_water,effect,एक स्थिर भावनात्मक आधार रिश्तों को मजबूत बनाता है।,1
love_B_to_df_water,action,अपने साथी के साथ अपने दैनिक जीवन पर ध्यान केंद्रित करके अपने रिश्ते का ख्याल रखें।,1
love_B_to_df_water,state,"भले ही आपके गुरुत्वाकर्षण का केंद्र कुछ हद तक हिल गया हो, आपके दैनिक जीवन का संतुलन बिना किसी परेशानी के बना रहता है, और नम ऊर्जा आपकी भावनाओं में एक शांत और लंबे समय तक रहने वाली भावना जोड़ती है।",1
love_B_to_df_wood,intro,यह एक ऐसा दिन है जब रिश्ते में स्थिरता बनी रहती है और आरामदायक और भरोसेमंद बंधन जारी रहते हैं।,1
love_B_to_df_wood,effect,एक स्थिर भावनात्मक आधार रिश्तों को मजबूत बनाता है।,1
love_B_to_df_wood,action,अपने साथी के साथ अपने दैनिक जीवन पर ध्यान केंद्रित करके अपने रिश्ते का ख्याल रखें।,1
love_B_to_df_wood,state,"भले ही केंद्र कुछ हद तक हिल गया हो, दैनिक जीवन का संतुलन बिना किसी परेशानी के बना रहता है, और परिवर्तन की थोड़ी सी ऊर्जा उचित उत्तेजना जोड़ती है।",1
love_B_to_ex_earth,intro,यह एक ऐसा दिन है जब रिश्ते में स्थिरता बनी रहती है और आरामदायक और भरोसेमंद बंधन जारी रहते हैं।,1
love_B_to_ex_earth,effect,एक स्थिर भावनात्मक आधार रिश्तों को मजबूत बनाता है।,1
love_B_to_ex_earth,action,अपने साथी के साथ अपने दैनिक जीवन पर ध्यान केंद्रित करके अपने रिश्ते का ख्याल रखें।,1
love_B_to_ex_earth,state,"इसमें स्थिरता की ओर एक मजबूत प्रवृत्ति होती है, इसलिए यह बिना किसी समस्या के एक शांत दिन में जारी रहता है, और बादल वाली ऊर्जा शांत वातावरण में जुड़ जाती है, जिससे शांति बनी रहती है।",1
love_B_to_ex_fire,intro,यह एक ऐसा दिन है जब रिश्ते में स्थिरता बनी रहती है और आरामदायक और भरोसेमंद बंधन जारी रहते हैं।,1
love_B_to_ex_fire,effect,एक स्थिर भावनात्मक आधार रिश्तों को मजबूत बनाता है।,1
love_B_to_ex_fire,action,अपने साथी के साथ अपने दैनिक जीवन पर ध्यान केंद्रित करके अपने रिश्ते का ख्याल रखें।,1
love_B_to_ex_fire,state,"इसमें स्थिरता की ओर एक मजबूत प्रवृत्ति होती है, इसलिए यह एक शांत दिन में भी सुचारू रूप से जारी रहती है, और स्पष्ट ऊर्जा प्रकाश जीवन शक्ति जोड़ती है, जिससे एक सहज प्रवाह बनता है।",1
love_B_to_ex_water,intro,यह एक ऐसा दिन है जब रिश्ते में स्थिरता बनी रहती है और आरामदायक और भरोसेमंद बंधन जारी रहते हैं।,1
love_B_to_ex_water,effect,एक स्थिर भावनात्मक आधार रिश्तों को मजबूत बनाता है।,1
love_B_to_ex_water,action,अपने साथी के साथ अपने दैनिक जीवन पर ध्यान केंद्रित करके अपने रिश्ते का ख्याल रखें।,1
love_B_to_ex_water,state,"इसकी एक मजबूत स्थिरता-उन्मुख प्रकृति है, इसलिए यह आसानी से एक शांत दिन का नेतृत्व कर सकती है, और नम ऊर्जा भावनाओं में एक शांत स्वाद जोड़ती है।",1
love_B_to_ex_wood,intro,यह एक ऐसा दिन है जब रिश्ते में स्थिरता बनी रहती है और आरामदायक और भरोसेमंद बंधन जारी रहते हैं।,1
love_B_to_ex_wood,effect,एक स्थिर भावनात्मक आधार रिश्तों को मजबूत बनाता है।,1
love_B_to_ex_wood,action,अपने साथी के साथ अपने दैनिक जीवन पर ध्यान केंद्रित करके अपने रिश्ते का ख्याल रखें।,1
love_B_to_ex_wood,state,"स्थिरता-अभिविन्यास मजबूत है, इसलिए यह एक शांत दिन में भी सुचारू रूप से जारी रहता है, और परिवर्तन की थोड़ी सी ऊर्जा उचित उत्तेजना जोड़ती है।",1
love_B1,intro,रिश्ते की ऊर्जा आज शांत है और बिना किसी बड़े टकराव के स्वाभाविक रूप से जारी रहेगी।,1
love_B1,intro,आज आपकी भावनाएँ स्थिर रहेंगी और आपके आस-पास के लोगों के साथ आपके रिश्ते सहज रहेंगे।,1
love_B1,effect,छोटी-छोटी अभिव्यक्तियाँ या विचार एक अच्छा माहौल बनाए रखने में मदद करते हैं।,1
love_B1,effect,रिश्ता शांतिपूर्ण रहता है और आपसी समझ बढ़ती है।,1
love_B1,action,रिश्ते सहज माहौल में बिना ज्यादा मेहनत के निभाए जा सकते हैं।,1
love_B1,action,कृपया अपने रिश्ते के वर्तमान प्रवाह को संजोएं और दैनिक अभिव्यक्तियों का उपयोग करना जारी रखें।,1
love_B1_geum_df_earth,intro,प्रेम का प्रवाह सामान्य स्तर पर है और रिश्ते में छोटी-मोटी तकरार उत्पन्न हो सकती है।,1
love_B1_geum_df_earth,effect,अपनी भावनाओं को व्यक्त करना कुछ हद तक अजीब हो सकता है और दूसरे व्यक्ति में गलतफहमी पैदा कर सकता है।,1
love_B1_geum_df_earth,action,गलतफहमी पैदा होने से पहले ईमानदारी से बात करें।,1
love_B1_geum_df_earth,state,"हालाँकि मैं निर्णय लेने में धीमा हूँ, दिन बिना किसी हिचकिचाहट के चलता रहता है, और बादल भरी ऊर्जा मुझे आसान गति बनाए रखने में मदद करती है।",1
love_B1_geum_df_fire,intro,प्रेम का प्रवाह सामान्य स्तर पर है और रिश्ते में छोटी-मोटी तकरार उत्पन्न हो सकती है।,1
love_B1_geum_df_fire,effect,अपनी भावनाओं को व्यक्त करना कुछ हद तक अजीब हो सकता है और दूसरे व्यक्ति में गलतफहमी पैदा कर सकता है।,1
love_B1_geum_df_fire,action,गलतफहमी पैदा होने से पहले ईमानदारी से बात करें।,1
love_B1_geum_df_fire,state,"हालाँकि मैं निर्णय लेने में धीमा हूँ, दिन बिना किसी हिचकिचाहट के बीतता है, और स्पष्ट ऊर्जा शांत जीवन शक्ति जोड़ती है, जिससे दिन सामान्य हो जाता है।",1
love_B1_geum_df_water,intro,प्रेम का प्रवाह सामान्य स्तर पर है और रिश्ते में छोटी-मोटी तकरार उत्पन्न हो सकती है।,1
love_B1_geum_df_water,effect,अपनी भावनाओं को व्यक्त करना कुछ हद तक अजीब हो सकता है और दूसरे व्यक्ति में गलतफहमी पैदा कर सकता है।,1
love_B1_geum_df_water,action,गलतफहमी पैदा होने से पहले ईमानदारी से बात करें।,1
love_B1_geum_df_water,state,"हालाँकि मैं निर्णय लेने में धीमा हूँ, दिन बिना किसी हिचकिचाहट के बीतता है, और नम ऊर्जा मेरे विचारों को बढ़ाती है लेकिन ज्यादा हलचल पैदा नहीं करती है।",1
love_B1_geum_df_wood,intro,प्रेम का प्रवाह सामान्य स्तर पर है और रिश्ते में छोटी-मोटी तकरार उत्पन्न हो सकती है।,1
love_B1_geum_df_wood,effect,अपनी भावनाओं को व्यक्त करना कुछ हद तक अजीब हो सकता है और दूसरे व्यक्ति में गलतफहमी पैदा कर सकता है।,1
love_B1_geum_df_wood,action,गलतफहमी पैदा होने से पहले ईमानदारी से बात करें।,1
love_B1_geum_df_wood,state,"निर्णय धीमा हो सकता है, लेकिन दिन बिना किसी हिचकिचाहट के चलता रहता है, और परिवर्तन की शांत ऊर्जा सामान्य प्रवाह को केवल थोड़ा सा हिलाती है।",1
love_B1_geum_ex_earth,intro,प्रेम का प्रवाह सामान्य स्तर पर है और रिश्ते में छोटी-मोटी तकरार उत्पन्न हो सकती है।,1
love_B1_geum_ex_earth,effect,अपनी भावनाओं को व्यक्त करना कुछ हद तक अजीब हो सकता है और दूसरे व्यक्ति में गलतफहमी पैदा कर सकता है।,1
love_B1_geum_ex_earth,action,गलतफहमी पैदा होने से पहले ईमानदारी से बात करें।,1
love_B1_geum_ex_earth,state,"निर्णय स्पष्ट है, लेकिन यह एक औसत परिणाम के साथ समाप्त होता है, और बादल वाली ऊर्जा एक सभ्य गति बनाए रखने में मदद करती है।",1
love_B1_geum_ex_fire,intro,प्रेम का प्रवाह सामान्य स्तर पर है और रिश्ते में छोटी-मोटी तकरार उत्पन्न हो सकती है।,1
love_B1_geum_ex_fire,effect,अपनी भावनाओं को व्यक्त करना कुछ हद तक अजीब हो सकता है और दूसरे व्यक्ति में गलतफहमी पैदा कर सकता है।,1
love_B1_geum_ex_fire,action,गलतफहमी पैदा होने से पहले ईमानदारी से बात करें।,1
love_B1_geum_ex_fire,state,"निर्णय स्पष्ट है, लेकिन यह एक सामान्य परिणाम के साथ समाप्त होता है, और स्पष्ट ऊर्जा शांत जीवन शक्ति जोड़ती है और सामान्य दिन को जारी रखती है।",1
love_B1_geum_ex_water,intro,प्रेम का प्रवाह सामान्य स्तर पर है और रिश्ते में छोटी-मोटी तकरार उत्पन्न हो सकती है।,1
love_B1_geum_ex_water,effect,अपनी भावनाओं को व्यक्त करना कुछ हद तक अजीब हो सकता है और दूसरे व्यक्ति में गलतफहमी पैदा कर सकता है।,1
love_B1_geum_ex_water,action,गलतफहमी पैदा होने से पहले ईमानदारी से बात करें।,1
love_B1_geum_ex_water,state,"निर्णय स्पष्ट है लेकिन एक साधारण परिणाम के साथ समाप्त होता है, और नम ऊर्जा विचारों को बढ़ाती है लेकिन ज्यादा उत्तेजना पैदा नहीं करती है।",1
love_B1_geum_ex_wood,intro,प्रेम का प्रवाह सामान्य स्तर पर है और रिश्ते में छोटी-मोटी तकरार उत्पन्न हो सकती है।,1
love_B1_geum_ex_wood,effect,अपनी भावनाओं को व्यक्त करना कुछ हद तक अजीब हो सकता है और दूसरे व्यक्ति में गलतफहमी पैदा कर सकता है।,1
love_B1_geum_ex_wood,action,गलतफहमी पैदा होने से पहले ईमानदारी से बात करें।,1
love_B1_geum_ex_wood,state,"निर्णय स्पष्ट है, लेकिन यह एक औसत परिणाम के साथ समाप्त होता है, और परिवर्तन की शांत ऊर्जा सामान्य प्रवाह को थोड़ा सा हिलाने के अलावा और कुछ नहीं करती है।",1
love_B1_hwa_df_earth,intro,रोमांटिक जुनून थोड़ा ठंडा हो सकता है और आप अपने रिश्ते में दूरियां महसूस कर सकते हैं।,1
love_B1_hwa_df_earth,effect,"जैसे-जैसे भावनात्मक तापमान गिरता है, दूसरों के साथ संवाद करना मुश्किल हो जाता है।",1
love_B1_hwa_df_earth,action,रुचि के छोटे-छोटे भावों से दूसरे व्यक्ति के प्रति अपनी गर्मजोशी व्यक्त करें।,1
love_B1_hwa_df_earth,state,"हालाँकि बहुत कम अभिव्यक्ति होती है, लेकिन रिश्ता बहुत अधिक नहीं हिलता है, और धुंधली ऊर्जा एक आसान गति बनाए रखने में मदद करती है।",1
love_B1_hwa_df_fire,intro,रोमांटिक जुनून थोड़ा ठंडा हो सकता है और आप अपने रिश्ते में दूरियां महसूस कर सकते हैं।,1
love_B1_hwa_df_fire,effect,"जैसे-जैसे भावनात्मक तापमान गिरता है, दूसरों के साथ संवाद करना मुश्किल हो जाता है।",1
love_B1_hwa_df_fire,action,रुचि के छोटे-छोटे भावों से दूसरे व्यक्ति के प्रति अपनी गर्मजोशी व्यक्त करें।,1
love_B1_hwa_df_fire,state,"हालाँकि कुछ अभिव्यक्तियाँ हैं, रिश्ता बहुत अधिक नहीं हिला है, और स्पष्ट ऊर्जा शांत जीवन शक्ति जोड़ती है और एक सामान्य दिन जारी रखती है।",1
love_B1_hwa_df_water,intro,रोमांटिक जुनून थोड़ा ठंडा हो सकता है और आप अपने रिश्ते में दूरियां महसूस कर सकते हैं।,1
love_B1_hwa_df_water,effect,"जैसे-जैसे भावनात्मक तापमान गिरता है, दूसरों के साथ संवाद करना मुश्किल हो जाता है।",1
love_B1_hwa_df_water,action,रुचि के छोटे-छोटे भावों से दूसरे व्यक्ति के प्रति अपनी गर्मजोशी व्यक्त करें।,1
love_B1_hwa_df_water,state,"हालाँकि कुछ अभिव्यक्तियाँ हैं, रिश्ते बहुत अधिक हिलते नहीं हैं, और नम ऊर्जा विचारों को बढ़ाती है, लेकिन बहुत अधिक हलचल पैदा नहीं करती है।",1
love_B1_hwa_df_wood,intro,रोमांटिक जुनून थोड़ा ठंडा हो सकता है और आप अपने रिश्ते में दूरियां महसूस कर सकते हैं।,1
love_B1_hwa_df_wood,effect,"जैसे-जैसे भावनात्मक तापमान गिरता है, दूसरों के साथ संवाद करना मुश्किल हो जाता है।",1
love_B1_hwa_df_wood,action,रुचि के छोटे-छोटे भावों से दूसरे व्यक्ति के प्रति अपनी गर्मजोशी व्यक्त करें।,1
love_B1_hwa_df_wood,state,"यद्यपि बहुत कम अभिव्यक्ति है, संबंध बहुत अधिक नहीं हिला है, और परिवर्तन की शांत ऊर्जा केवल सामान्य प्रवाह को थोड़ा हिलाने के लिए पर्याप्त है।",1
love_B1_hwa_ex_earth,intro,रोमांटिक जुनून थोड़ा ठंडा हो सकता है और आप अपने रिश्ते में दूरियां महसूस कर सकते हैं।,1
love_B1_hwa_ex_earth,effect,"जैसे-जैसे भावनात्मक तापमान गिरता है, दूसरों के साथ संवाद करना मुश्किल हो जाता है।",1
love_B1_hwa_ex_earth,action,रुचि के छोटे-छोटे भावों से दूसरे व्यक्ति के प्रति अपनी गर्मजोशी व्यक्त करें।,1
love_B1_hwa_ex_earth,state,"मध्यम गर्मी एक सहज दिन बनाती है, और बादल वाली ऊर्जा आपको एक आसान गति बनाए रखने में मदद करती है।",1
love_B1_hwa_ex_fire,intro,रोमांटिक जुनून थोड़ा ठंडा हो सकता है और आप अपने रिश्ते में दूरियां महसूस कर सकते हैं।,1
love_B1_hwa_ex_fire,effect,"जैसे-जैसे भावनात्मक तापमान गिरता है, दूसरों के साथ संवाद करना मुश्किल हो जाता है।",1
love_B1_hwa_ex_fire,action,रुचि के छोटे-छोटे भावों से दूसरे व्यक्ति के प्रति अपनी गर्मजोशी व्यक्त करें।,1
love_B1_hwa_ex_fire,state,"मध्यम गर्मी एक सहज दिन बनाती है, और स्पष्ट ऊर्जा शांत जीवन शक्ति जोड़ती है और सामान्य दिन को जारी रखती है।",1
love_B1_hwa_ex_water,intro,रोमांटिक जुनून थोड़ा ठंडा हो सकता है और आप अपने रिश्ते में दूरियां महसूस कर सकते हैं।,1
love_B1_hwa_ex_water,effect,"जैसे-जैसे भावनात्मक तापमान गिरता है, दूसरों के साथ संवाद करना मुश्किल हो जाता है।",1
love_B1_hwa_ex_water,action,रुचि के छोटे-छोटे भावों से दूसरे व्यक्ति के प्रति अपनी गर्मजोशी व्यक्त करें।,1
love_B1_hwa_ex_water,state,"मध्यम गर्मी एक सुहाना दिन बनाती है, और नम ऊर्जा आपके विचारों को बढ़ाती है लेकिन ज्यादा उत्तेजना पैदा नहीं करती है।",1
love_B1_hwa_ex_wood,intro,रोमांटिक जुनून थोड़ा ठंडा हो सकता है और आप अपने रिश्ते में दूरियां महसूस कर सकते हैं।,1
love_B1_hwa_ex_wood,effect,"जैसे-जैसे भावनात्मक तापमान गिरता है, दूसरों के साथ संवाद करना मुश्किल हो जाता है।",1
love_B1_hwa_ex_wood,action,रुचि के छोटे-छोटे भावों से दूसरे व्यक्ति के प्रति अपनी गर्मजोशी व्यक्त करें।,1
love_B1_hwa_ex_wood,state,"मध्यम गर्मी एक सहज दिन बनाती है, और परिवर्तन की शांत ऊर्जा सामान्य प्रवाह को थोड़ा सा हिलाने के अलावा और कुछ नहीं करती है।",1
love_B1_mok_df_earth,intro,यह एक ऐसा दिन है जब रिश्ते का विकास धीमा होता है और नई चीजों को आजमाना आसान नहीं होता है।,1
love_B1_mok_df_earth,effect,प्रगति में ठहराव रिश्तों में बोरियत पैदा कर सकता है।,1
love_B1_mok_df_earth,action,अपने साथी के साथ नई गतिविधियाँ या बातचीत के विषय आज़माएँ।,1
love_B1_mok_df_earth,state,"यह नए की तुलना में अधिक परिचित रहता है, लेकिन प्रवाह निर्बाध है और बादलदार ऊर्जा आपको आसान गति बनाए रखने में मदद करती है।",1
love_B1_mok_df_fire,intro,यह एक ऐसा दिन है जब रिश्ते का विकास धीमा होता है और नई चीजों को आजमाना आसान नहीं होता है।,1
love_B1_mok_df_fire,effect,प्रगति में ठहराव रिश्तों में बोरियत पैदा कर सकता है।,1
love_B1_mok_df_fire,action,अपने साथी के साथ नई गतिविधियाँ या बातचीत के विषय आज़माएँ।,1
love_B1_mok_df_fire,state,"यद्यपि यह नए के बजाय परिचित बना हुआ है, प्रवाह निर्बाध है और स्पष्ट ऊर्जा शांत जीवन शक्ति जोड़ती है और सामान्य दिन को जारी रखती है।",1
love_B1_mok_df_water,intro,यह एक ऐसा दिन है जब रिश्ते का विकास धीमा होता है और नई चीजों को आजमाना आसान नहीं होता है।,1
love_B1_mok_df_water,effect,प्रगति में ठहराव रिश्तों में बोरियत पैदा कर सकता है।,1
love_B1_mok_df_water,action,अपने साथी के साथ नई गतिविधियाँ या बातचीत के विषय आज़माएँ।,1
love_B1_mok_df_water,state,"यद्यपि यह उपन्यास के बजाय परिचित रहता है, प्रवाह निर्बाध है और नम ऊर्जा विचारों को बढ़ाती है लेकिन ज्यादा हलचल पैदा नहीं करती है।",1
love_B1_mok_df_wood,intro,यह एक ऐसा दिन है जब रिश्ते का विकास धीमा होता है और नई चीजों को आजमाना आसान नहीं होता है।,1
love_B1_mok_df_wood,effect,प्रगति में ठहराव रिश्तों में बोरियत पैदा कर सकता है।,1
love_B1_mok_df_wood,action,अपने साथी के साथ नई गतिविधियाँ या बातचीत के विषय आज़माएँ।,1
love_B1_mok_df_wood,state,"हालाँकि यह नए की तुलना में अधिक परिचित है, प्रवाह निर्बाध है और परिवर्तन की शांत ऊर्जा सामान्य प्रवाह को केवल थोड़ा सा हिलाती है।",1
love_B1_mok_ex_earth,intro,यह एक ऐसा दिन है जब रिश्ते का विकास धीमा होता है और नई चीजों को आजमाना आसान नहीं होता है।,1
love_B1_mok_ex_earth,effect,प्रगति में ठहराव रिश्तों में बोरियत पैदा कर सकता है।,1
love_B1_mok_ex_earth,action,अपने साथी के साथ नई गतिविधियाँ या बातचीत के विषय आज़माएँ।,1
love_B1_mok_ex_earth,state,"मैं प्रेरित हूं, लेकिन मेरी प्रेरक शक्ति औसत स्तर पर बनी हुई है, और बादल भरी ऊर्जा मुझे एक अच्छी गति बनाए रखने में मदद करती है।",1
love_B1_mok_ex_fire,intro,यह एक ऐसा दिन है जब रिश्ते का विकास धीमा होता है और नई चीजों को आजमाना आसान नहीं होता है।,1
love_B1_mok_ex_fire,effect,प्रगति में ठहराव रिश्तों में बोरियत पैदा कर सकता है।,1
love_B1_mok_ex_fire,action,अपने साथी के साथ नई गतिविधियाँ या बातचीत के विषय आज़माएँ।,1
love_B1_mok_ex_fire,state,"यद्यपि मैं प्रेरित हूं, मेरी प्रेरक शक्ति औसत स्तर पर बनी हुई है, और स्पष्ट ऊर्जा शांत जीवन शक्ति जोड़ती है और मेरे सामान्य दिन को जारी रखती है।",1
love_B1_mok_ex_water,intro,यह एक ऐसा दिन है जब रिश्ते का विकास धीमा होता है और नई चीजों को आजमाना आसान नहीं होता है।,1
love_B1_mok_ex_water,effect,प्रगति में ठहराव रिश्तों में बोरियत पैदा कर सकता है।,1
love_B1_mok_ex_water,action,अपने साथी के साथ नई गतिविधियाँ या बातचीत के विषय आज़माएँ।,1
love_B1_mok_ex_water,state,"प्रेरणा होती है, लेकिन प्रेरक शक्ति सामान्य स्तर पर रहती है, और नम ऊर्जा विचारों को बढ़ाती है, लेकिन ज्यादा उत्तेजना पैदा नहीं करती है।",1
love_B1_mok_ex_wood,intro,यह एक ऐसा दिन है जब रिश्ते का विकास धीमा होता है और नई चीजों को आजमाना आसान नहीं होता है।,1
love_B1_mok_ex_wood,effect,प्रगति में ठहराव रिश्तों में बोरियत पैदा कर सकता है।,1
love_B1_mok_ex_wood,action,अपने साथी के साथ नई गतिविधियाँ या बातचीत के विषय आज़माएँ।,1
love_B1_mok_ex_wood,state,"प्रेरणा है, लेकिन प्रेरक शक्ति औसत स्तर पर बनी हुई है, और परिवर्तन की शांत ऊर्जा सामान्य प्रवाह को थोड़ा सा हिलाने के लिए पर्याप्त है।",1
love_B1_su_df_earth,intro,यह एक ऐसा दिन है जब भावनात्मक संचार थोड़ा कम हो जाता है और गलतफहमियां पैदा होने की संभावना होती है।,1
love_B1_su_df_earth,effect,ग़लतफ़हमी रिश्ते में थोड़ा तनाव पैदा करती है।,1
love_B1_su_df_earth,action,अपनी भावनाओं को व्यक्त करते समय अपने भावों का चयन सावधानी से करें।,1
love_B1_su_df_earth,state,"यद्यपि लचीलेपन में कमी आई है, प्रवाह में उल्लेखनीय रूप से रुकावट नहीं आई है, और बादल वाली ऊर्जा एक सभ्य गति बनाए रखने में मदद करती है।",1
love_B1_su_df_fire,intro,यह एक ऐसा दिन है जब भावनात्मक संचार थोड़ा कम हो जाता है और गलतफहमियां पैदा होने की संभावना होती है।,1
love_B1_su_df_fire,effect,ग़लतफ़हमी रिश्ते में थोड़ा तनाव पैदा करती है।,1
love_B1_su_df_fire,action,अपनी भावनाओं को व्यक्त करते समय अपने भावों का चयन सावधानी से करें।,1
love_B1_su_df_fire,state,"यद्यपि लचीलेपन में कमी आई है, प्रवाह में उल्लेखनीय रूप से बाधा नहीं आई है, और स्पष्ट ऊर्जा शांत जीवन शक्ति जोड़ती है और एक सामान्य दिन जारी रखती है।",1
love_B1_su_df_water,intro,यह एक ऐसा दिन है जब भावनात्मक संचार थोड़ा कम हो जाता है और गलतफहमियां पैदा होने की संभावना होती है।,1
love_B1_su_df_water,effect,ग़लतफ़हमी रिश्ते में थोड़ा तनाव पैदा करती है।,1
love_B1_su_df_water,action,अपनी भावनाओं को व्यक्त करते समय अपने भावों का चयन सावधानी से करें।,1
love_B1_su_df_water,state,"लचीलापन कम हो जाता है, लेकिन प्रवाह बहुत अधिक बाधित नहीं होता है, और नम ऊर्जा विचारों को बढ़ाती है, लेकिन अधिक उत्तेजना पैदा नहीं करती है।",1
love_B1_su_df_wood,intro,यह एक ऐसा दिन है जब भावनात्मक संचार थोड़ा कम हो जाता है और गलतफहमियां पैदा होने की संभावना होती है।,1
love_B1_su_df_wood,effect,ग़लतफ़हमी रिश्ते में थोड़ा तनाव पैदा करती है।,1
love_B1_su_df_wood,action,अपनी भावनाओं को व्यक्त करते समय अपने भावों का चयन सावधानी से करें।,1
love_B1_su_df_wood,state,"यद्यपि लचीलेपन में कमी आई है, प्रवाह में कोई विशेष बाधा नहीं आई है, और परिवर्तन की शांत ऊर्जा सामान्य प्रवाह को केवल थोड़ा सा हिलाती है।",1
love_B1_su_ex_earth,intro,यह एक ऐसा दिन है जब भावनात्मक संचार थोड़ा कम हो जाता है और गलतफहमियां पैदा होने की संभावना होती है।,1
love_B1_su_ex_earth,effect,ग़लतफ़हमी रिश्ते में थोड़ा तनाव पैदा करती है।,1
love_B1_su_ex_earth,action,अपनी भावनाओं को व्यक्त करते समय अपने भावों का चयन सावधानी से करें।,1
love_B1_su_ex_earth,state,"हालाँकि मेरे पास सोचने के लिए बहुत कुछ है, फिर भी दिन बिना किसी परेशानी के बीत जाता है, और बादल भरी ऊर्जा मुझे आसान गति बनाए रखने में मदद करती है।",1
love_B1_su_ex_fire,intro,यह एक ऐसा दिन है जब भावनात्मक संचार थोड़ा कम हो जाता है और गलतफहमियां पैदा होने की संभावना होती है।,1
love_B1_su_ex_fire,effect,ग़लतफ़हमी रिश्ते में थोड़ा तनाव पैदा करती है।,1
love_B1_su_ex_fire,action,अपनी भावनाओं को व्यक्त करते समय अपने भावों का चयन सावधानी से करें।,1
love_B1_su_ex_fire,state,"भले ही मेरे पास बहुत सारे विचार हैं, दिन बिना किसी परेशानी के बीत जाता है, और स्पष्ट ऊर्जा शांत जीवन शक्ति जोड़ती है और सामान्य दिन को जारी रखती है।",1
love_B1_su_ex_water,intro,यह एक ऐसा दिन है जब भावनात्मक संचार थोड़ा कम हो जाता है और गलतफहमियां पैदा होने की संभावना होती है।,1
love_B1_su_ex_water,effect,ग़लतफ़हमी रिश्ते में थोड़ा तनाव पैदा करती है।,1
love_B1_su_ex_water,action,अपनी भावनाओं को व्यक्त करते समय अपने भावों का चयन सावधानी से करें।,1
love_B1_su_ex_water,state,"भले ही आपके मन में बहुत सारे विचार हों, दिन बिना ज्यादा हलचल के बीत जाता है और नम ऊर्जा आपके विचारों को बढ़ा देती है लेकिन ज्यादा हलचल पैदा नहीं करती।",1
love_B1_su_ex_wood,intro,यह एक ऐसा दिन है जब भावनात्मक संचार थोड़ा कम हो जाता है और गलतफहमियां पैदा होने की संभावना होती है।,1
love_B1_su_ex_wood,effect,ग़लतफ़हमी रिश्ते में थोड़ा तनाव पैदा करती है।,1
love_B1_su_ex_wood,action,अपनी भावनाओं को व्यक्त करते समय अपने भावों का चयन सावधानी से करें।,1
love_B1_su_ex_wood,state,"भले ही मेरे मन में बहुत सारे विचार हों, दिन बिना किसी व्यवधान के बीत जाता है, और परिवर्तन की शांत ऊर्जा सामान्य प्रवाह को केवल थोड़ा सा हिलाती है।",1
love_B1_to_df_earth,intro,यह एक ऐसा दिन है जब रिश्तों की स्थिरता कमजोर हो सकती है और छोटे-मोटे झगड़े बढ़ सकते हैं।,1
love_B1_to_df_earth,effect,अस्थिर भावनात्मक आधार रिश्तों में घर्षण का कारण बनता है।,1
love_B1_to_df_earth,action,छोटे-मोटे झगड़ों को उसी दिन सुलझा लें और आगे बढ़ें।,1
love_B1_to_df_earth,state,"भले ही कुछ कंपन हो, दैनिक जीवन सुचारू रूप से चलता है और बादल वाली ऊर्जा मुझे आसान गति बनाए रखने में मदद करती है।",1
love_B1_to_df_fire,intro,यह एक ऐसा दिन है जब रिश्तों की स्थिरता कमजोर हो सकती है और छोटे-मोटे झगड़े बढ़ सकते हैं।,1
love_B1_to_df_fire,effect,अस्थिर भावनात्मक आधार रिश्तों में घर्षण का कारण बनता है।,1
love_B1_to_df_fire,action,छोटे-मोटे झगड़ों को उसी दिन सुलझा लें और आगे बढ़ें।,1
love_B1_to_df_fire,state,"हालाँकि कुछ कंपन है, दैनिक जीवन सुचारू रूप से चलता है, और स्पष्ट ऊर्जा शांत जीवन शक्ति जोड़ती है और सामान्य दिन को जारी रखती है।",1
love_B1_to_df_water,intro,यह एक ऐसा दिन है जब रिश्तों की स्थिरता कमजोर हो सकती है और छोटे-मोटे झगड़े बढ़ सकते हैं।,1
love_B1_to_df_water,effect,अस्थिर भावनात्मक आधार रिश्तों में घर्षण का कारण बनता है।,1
love_B1_to_df_water,action,छोटे-मोटे झगड़ों को उसी दिन सुलझा लें और आगे बढ़ें।,1
love_B1_to_df_water,state,"यद्यपि कंपन होता है, दैनिक जीवन सुचारू रूप से चलता है, और नम ऊर्जा विचारों को बढ़ाती है, लेकिन अधिक हलचल पैदा नहीं करती है।",1
love_B1_to_df_wood,intro,यह एक ऐसा दिन है जब रिश्तों की स्थिरता कमजोर हो सकती है और छोटे-मोटे झगड़े बढ़ सकते हैं।,1
love_B1_to_df_wood,effect,अस्थिर भावनात्मक आधार रिश्तों में घर्षण का कारण बनता है।,1
love_B1_to_df_wood,action,छोटे-मोटे झगड़ों को उसी दिन सुलझा लें और आगे बढ़ें।,1
love_B1_to_df_wood,state,"यद्यपि उतार-चढ़ाव होते हैं, दैनिक जीवन सुचारू रूप से चलता है, और परिवर्तन की शांत ऊर्जा सामान्य प्रवाह को केवल थोड़ा सा हिलाती है।",1
love_B1_to_ex_earth,intro,यह एक ऐसा दिन है जब रिश्तों की स्थिरता कमजोर हो सकती है और छोटे-मोटे झगड़े बढ़ सकते हैं।,1
love_B1_to_ex_earth,effect,अस्थिर भावनात्मक आधार रिश्तों में घर्षण का कारण बनता है।,1
love_B1_to_ex_earth,action,छोटे-मोटे झगड़ों को उसी दिन सुलझा लें और आगे बढ़ें।,1
love_B1_to_ex_earth,state,"परिवर्तन के स्थान पर परिचितता को चुनने से दिन आसान हो जाता है, और बादल भरी ऊर्जा मुझे आसान गति बनाए रखने में मदद करती है।",1
love_B1_to_ex_fire,intro,यह एक ऐसा दिन है जब रिश्तों की स्थिरता कमजोर हो सकती है और छोटे-मोटे झगड़े बढ़ सकते हैं।,1
love_B1_to_ex_fire,effect,अस्थिर भावनात्मक आधार रिश्तों में घर्षण का कारण बनता है।,1
love_B1_to_ex_fire,action,छोटे-मोटे झगड़ों को उसी दिन सुलझा लें और आगे बढ़ें।,1
love_B1_to_ex_fire,state,"परिवर्तन के स्थान पर परिचितता को चुनने से एक सामान्य दिन बन जाता है, और स्पष्ट ऊर्जा सामान्य दिन में शांत जीवन शक्ति जोड़ती है।",1
love_B1_to_ex_water,intro,यह एक ऐसा दिन है जब रिश्तों की स्थिरता कमजोर हो सकती है और छोटे-मोटे झगड़े बढ़ सकते हैं।,1
love_B1_to_ex_water,effect,अस्थिर भावनात्मक आधार रिश्तों में घर्षण का कारण बनता है।,1
love_B1_to_ex_water,action,छोटे-मोटे झगड़ों को उसी दिन सुलझा लें और आगे बढ़ें।,1
love_B1_to_ex_water,state,"परिवर्तन के स्थान पर परिचितता को चुनने से दिन सामान्य हो जाता है, और नम ऊर्जा विचारों को बढ़ाती है लेकिन अधिक उत्तेजना पैदा नहीं करती है।",1
love_B1_to_ex_wood,intro,यह एक ऐसा दिन है जब रिश्तों की स्थिरता कमजोर हो सकती है और छोटे-मोटे झगड़े बढ़ सकते हैं।,1
love_B1_to_ex_wood,effect,अस्थिर भावनात्मक आधार रिश्तों में घर्षण का कारण बनता है।,1
love_B1_to_ex_wood,action,छोटे-मोटे झगड़ों को उसी दिन सुलझा लें और आगे बढ़ें।,1
love_B1_to_ex_wood,state,"परिवर्तन के स्थान पर परिचितता को चुनने से दिन सामान्य हो जाता है, और परिवर्तन की शांत ऊर्जा सामान्य प्रवाह को केवल थोड़ा सा हिला देती है।",1
love_C,intro,"आज आपकी भावनाएँ कुछ अधिक संवेदनशील हो सकती हैं, इसलिए आपके रिश्तों में छोटी-छोटी बातें बहुत बड़ी लग सकती हैं।",1
love_C,intro,"प्रेम ऊर्जा आज कमज़ोर है, इसलिए इसे ज़बरदस्ती थोपने से बेहतर है कि इसे स्वाभाविक रूप से बहने दिया जाए।",1
love_C,effect,"दूसरे व्यक्ति के छोटे-छोटे शब्द या कार्य बड़ा प्रभाव डाल सकते हैं, इसलिए बेहतर होगा कि आप अपनी भावनाओं को तटस्थ रखें।",1
love_C,effect,"किसी रिश्ते में संचार करना थोड़ा मुश्किल हो सकता है, इसलिए सीधे बातचीत करने के बजाय माहौल का निरीक्षण करना बेहतर है।",1
love_C,action,"आज, दूसरे व्यक्ति को बदलने की कोशिश करने के बजाय, यह स्वीकार करने का अभ्यास करें कि आप अभी कौन हैं।",1
love_C,action,अगर कोई छोटी सी गलतफहमी भी हो जाए तो तुरंत प्रतिक्रिया देने से बेहतर है कि ब्रेक ले लिया जाए।,1
love_C_geum_df_earth,intro,यह एक ऐसा दिन है जब प्रेम ऊर्जा कम होती है और रिश्तों में दूरियां बढ़ जाती हैं।,1
love_C_geum_df_earth,effect,भावनात्मक अभिव्यक्ति की कमी दूसरे व्यक्ति में गलतफहमी और निराशा का कारण बनती है।,1
love_C_geum_df_earth,action,पहले दूसरे व्यक्ति की भावनाओं को जांचें और अपना विचार व्यक्त करें।,1
love_C_geum_df_earth,state,"जैसे-जैसे आपका संकल्प कमजोर होता है, महत्वपूर्ण विकल्पों को टालना आसान हो जाता है, और धुंधली ऊर्जा आपको धीमा कर सकती है और आपके विचारों को भारी बना सकती है।",1
love_C_geum_df_fire,intro,यह एक ऐसा दिन है जब प्रेम ऊर्जा कम होती है और रिश्तों में दूरियां बढ़ जाती हैं।,1
love_C_geum_df_fire,effect,भावनात्मक अभिव्यक्ति की कमी दूसरे व्यक्ति में गलतफहमी और निराशा का कारण बनती है।,1
love_C_geum_df_fire,action,पहले दूसरे व्यक्ति की भावनाओं को जांचें और अपना विचार व्यक्त करें।,1
love_C_geum_df_fire,state,"जैसे-जैसे आपका संकल्प कमजोर होता है, महत्वपूर्ण विकल्पों को टालना आसान हो जाता है, और आपकी स्पष्ट ऊर्जा उत्साहित माहौल में प्रवाहित हो सकती है, जो आपके विवेक को धूमिल कर सकती है।",1
love_C_geum_df_water,intro,यह एक ऐसा दिन है जब प्रेम ऊर्जा कम होती है और रिश्तों में दूरियां बढ़ जाती हैं।,1
love_C_geum_df_water,effect,भावनात्मक अभिव्यक्ति की कमी दूसरे व्यक्ति में गलतफहमी और निराशा का कारण बनती है।,1
love_C_geum_df_water,action,पहले दूसरे व्यक्ति की भावनाओं को जांचें और अपना विचार व्यक्त करें।,1
love_C_geum_df_water,state,"महत्वपूर्ण विकल्पों को स्थगित करना आसान है क्योंकि आपका संकल्प कमजोर हो जाता है, और बारिश और बर्फ की ऊर्जा आपकी भावनाओं और आंतरिक आत्म को उत्तेजित कर सकती है, जिसका बड़ा प्रभाव हो सकता है।",1
love_C_geum_df_wood,intro,यह एक ऐसा दिन है जब प्रेम ऊर्जा कम होती है और रिश्तों में दूरियां बढ़ जाती हैं।,1
love_C_geum_df_wood,effect,भावनात्मक अभिव्यक्ति की कमी दूसरे व्यक्ति में गलतफहमी और निराशा का कारण बनती है।,1
love_C_geum_df_wood,action,पहले दूसरे व्यक्ति की भावनाओं को जांचें और अपना विचार व्यक्त करें।,1
love_C_geum_df_wood,state,"कमजोर दृढ़ संकल्प के कारण महत्वपूर्ण विकल्पों को स्थगित करना आसान है, और परिवर्तन की मजबूत ऊर्जा लय को हिला सकती है और अप्रत्याशित परिवर्तन ला सकती है।",1
love_C_geum_ex_earth,intro,यह एक ऐसा दिन है जब प्रेम ऊर्जा कम होती है और रिश्तों में दूरियां बढ़ जाती हैं।,1
love_C_geum_ex_earth,effect,भावनात्मक अभिव्यक्ति की कमी दूसरे व्यक्ति में गलतफहमी और निराशा का कारण बनती है।,1
love_C_geum_ex_earth,action,पहले दूसरे व्यक्ति की भावनाओं को जांचें और अपना विचार व्यक्त करें।,1
love_C_geum_ex_earth,state,"अत्यधिक तीखा निर्णय रिश्तों को ठंडा बना सकता है, और धुंधली ऊर्जा आपकी गति को धीमा कर सकती है और आपके विचारों को भारी बना सकती है।",1
love_C_geum_ex_fire,intro,यह एक ऐसा दिन है जब प्रेम ऊर्जा कम होती है और रिश्तों में दूरियां बढ़ जाती हैं।,1
love_C_geum_ex_fire,effect,भावनात्मक अभिव्यक्ति की कमी दूसरे व्यक्ति में गलतफहमी और निराशा का कारण बनती है।,1
love_C_geum_ex_fire,action,पहले दूसरे व्यक्ति की भावनाओं को जांचें और अपना विचार व्यक्त करें।,1
love_C_geum_ex_fire,state,"अत्यधिक तीखा निर्णय रिश्तों को ठंडा बना सकता है, और स्पष्ट ऊर्जा उत्तेजित वातावरण में प्रवाहित हो सकती है, जो विवेक को धूमिल कर सकती है।",1
love_C_geum_ex_water,intro,यह एक ऐसा दिन है जब प्रेम ऊर्जा कम होती है और रिश्तों में दूरियां बढ़ जाती हैं।,1
love_C_geum_ex_water,effect,भावनात्मक अभिव्यक्ति की कमी दूसरे व्यक्ति में गलतफहमी और निराशा का कारण बनती है।,1
love_C_geum_ex_water,action,पहले दूसरे व्यक्ति की भावनाओं को जांचें और अपना विचार व्यक्त करें।,1
love_C_geum_ex_water,state,"अत्यधिक तीखा निर्णय रिश्तों को ठंडा बना सकता है, और बारिश और बर्फ की ऊर्जा भावनाओं और आंतरिक भावनाओं को उत्तेजित कर सकती है, जिसका बड़ा प्रभाव हो सकता है।",1
love_C_geum_ex_wood,intro,यह एक ऐसा दिन है जब प्रेम ऊर्जा कम होती है और रिश्तों में दूरियां बढ़ जाती हैं।,1
love_C_geum_ex_wood,effect,भावनात्मक अभिव्यक्ति की कमी दूसरे व्यक्ति में गलतफहमी और निराशा का कारण बनती है।,1
love_C_geum_ex_wood,action,पहले दूसरे व्यक्ति की भावनाओं को जांचें और अपना विचार व्यक्त करें।,1
love_C_geum_ex_wood,state,"अत्यधिक तीखा निर्णय रिश्तों को ठंडा बना सकता है, और परिवर्तन की मजबूत ऊर्जा लय को हिला सकती है और अप्रत्याशित परिवर्तन ला सकती है।",1
love_C_hwa_df_earth,intro,यह एक ऐसा दिन है जब प्यार का जुनून ठंडा हो जाता है और आप अपने रिश्ते में असहाय महसूस करते हैं।,1
love_C_hwa_df_earth,effect,भावनात्मक तापमान में गिरावट रिश्तों में ठंडा माहौल पैदा करती है।,1
love_C_hwa_df_earth,action,"इसे मजबूर न करें, दूसरे व्यक्ति को जगह दें और प्रतीक्षा करें।",1
love_C_hwa_df_earth,state,"स्वयं को अभिव्यक्त करने में कठिनाई के कारण गलतफहमियाँ उत्पन्न होना आसान है, और धुंधली ऊर्जा आपको धीमा कर सकती है और आपके विचारों को भारी बना सकती है।",1
love_C_hwa_df_fire,intro,यह एक ऐसा दिन है जब प्यार का जुनून ठंडा हो जाता है और आप अपने रिश्ते में असहाय महसूस करते हैं।,1
love_C_hwa_df_fire,effect,भावनात्मक तापमान में गिरावट रिश्तों में ठंडा माहौल पैदा करती है।,1
love_C_hwa_df_fire,action,"इसे मजबूर न करें, दूसरे व्यक्ति को जगह दें और प्रतीक्षा करें।",1
love_C_hwa_df_fire,state,"ग़लतफहमियाँ पैदा होना आसान है क्योंकि भावों को समझना कठिन होता है, और स्पष्ट ऊर्जा उत्तेजित वातावरण में प्रवाहित हो सकती है और सावधानी को धूमिल कर सकती है।",1
love_C_hwa_df_water,intro,यह एक ऐसा दिन है जब प्यार का जुनून ठंडा हो जाता है और आप अपने रिश्ते में असहाय महसूस करते हैं।,1
love_C_hwa_df_water,effect,भावनात्मक तापमान में गिरावट रिश्तों में ठंडा माहौल पैदा करती है।,1
love_C_hwa_df_water,action,"इसे मजबूर न करें, दूसरे व्यक्ति को जगह दें और प्रतीक्षा करें।",1
love_C_hwa_df_water,state,"गलतफहमियां पैदा होना आसान है क्योंकि भावों को समझना मुश्किल होता है, और बारिश और बर्फ की ऊर्जा भावनाओं और आंतरिक भावनाओं को उत्तेजित कर सकती है, जिसका बड़ा प्रभाव हो सकता है।",1
love_C_hwa_df_wood,intro,यह एक ऐसा दिन है जब प्यार का जुनून ठंडा हो जाता है और आप अपने रिश्ते में असहाय महसूस करते हैं।,1
love_C_hwa_df_wood,effect,भावनात्मक तापमान में गिरावट रिश्तों में ठंडा माहौल पैदा करती है।,1
love_C_hwa_df_wood,action,"इसे मजबूर न करें, दूसरे व्यक्ति को जगह दें और प्रतीक्षा करें।",1
love_C_hwa_df_wood,state,"कठिन अभिव्यक्तियों के कारण गलतफहमी उत्पन्न होना आसान है, और परिवर्तन की मजबूत ऊर्जा लय को हिला सकती है और अप्रत्याशित परिवर्तन ला सकती है।",1
love_C_hwa_ex_earth,intro,यह एक ऐसा दिन है जब प्यार का जुनून ठंडा हो जाता है और आप अपने रिश्ते में असहाय महसूस करते हैं।,1
love_C_hwa_ex_earth,effect,भावनात्मक तापमान में गिरावट रिश्तों में ठंडा माहौल पैदा करती है।,1
love_C_hwa_ex_earth,action,"इसे मजबूर न करें, दूसरे व्यक्ति को जगह दें और प्रतीक्षा करें।",1
love_C_hwa_ex_earth,state,"भावनाओं का टकराना आसान है, और धुंधली ऊर्जा आपको धीमा कर सकती है और आपके विचारों को भारी बना सकती है।",1
love_C_hwa_ex_fire,intro,यह एक ऐसा दिन है जब प्यार का जुनून ठंडा हो जाता है और आप अपने रिश्ते में असहाय महसूस करते हैं।,1
love_C_hwa_ex_fire,effect,भावनात्मक तापमान में गिरावट रिश्तों में ठंडा माहौल पैदा करती है।,1
love_C_hwa_ex_fire,action,"इसे मजबूर न करें, दूसरे व्यक्ति को जगह दें और प्रतीक्षा करें।",1
love_C_hwa_ex_fire,state,"भावनाओं का टकराना आसान है, और स्पष्ट ऊर्जा उत्तेजित माहौल में प्रवाहित हो सकती है, जिससे सावधानी धुंधली हो सकती है।",1
love_C_hwa_ex_water,intro,यह एक ऐसा दिन है जब प्यार का जुनून ठंडा हो जाता है और आप अपने रिश्ते में असहाय महसूस करते हैं।,1
love_C_hwa_ex_water,effect,भावनात्मक तापमान में गिरावट रिश्तों में ठंडा माहौल पैदा करती है।,1
love_C_hwa_ex_water,action,"इसे मजबूर न करें, दूसरे व्यक्ति को जगह दें और प्रतीक्षा करें।",1
love_C_hwa_ex_water,state,"भावनाओं का संघर्ष में आना आसान है, और बारिश और बर्फ की ऊर्जा भावनाओं और आंतरिक भावनाओं को उत्तेजित कर सकती है, जिससे प्रभाव बढ़ सकता है।",1
love_C_hwa_ex_wood,intro,यह एक ऐसा दिन है जब प्यार का जुनून ठंडा हो जाता है और आप अपने रिश्ते में असहाय महसूस करते हैं।,1
love_C_hwa_ex_wood,effect,भावनात्मक तापमान में गिरावट रिश्तों में ठंडा माहौल पैदा करती है।,1
love_C_hwa_ex_wood,action,"इसे मजबूर न करें, दूसरे व्यक्ति को जगह दें और प्रतीक्षा करें।",1
love_C_hwa_ex_wood,state,"भावनाओं का टकराना आसान है, और परिवर्तन की मजबूत ऊर्जा लय को हिला सकती है और अप्रत्याशित परिवर्तन ला सकती है।",1
love_C_mok_df_earth,intro,यह एक ऐसा दिन है जब रिश्तों का विस्तार अवरुद्ध हो जाता है और नए रिश्ते या रिश्ते विकसित करना मुश्किल हो जाता है।,1
love_C_mok_df_earth,effect,विकास ऊर्जा की कमी रिश्तों को स्थिर कर देती है और रुचि कम कर देती है।,1
love_C_mok_df_earth,action,अपने वर्तमान रिश्ते को बनाए रखने पर ध्यान दें और बहुत अधिक प्रगति करने से बचें।,1
love_C_mok_df_earth,state,"नई चीजों को आजमाने में झिझक प्रगति को धीमा कर सकती है, और धूमिल ऊर्जा आपकी गति को धीमा कर सकती है और आपके विचारों को भारी बना सकती है।",1
love_C_mok_df_fire,intro,यह एक ऐसा दिन है जब रिश्तों का विस्तार अवरुद्ध हो जाता है और नए रिश्ते या रिश्ते विकसित करना मुश्किल हो जाता है।,1
love_C_mok_df_fire,effect,विकास ऊर्जा की कमी रिश्तों को स्थिर कर देती है और रुचि कम कर देती है।,1
love_C_mok_df_fire,action,अपने वर्तमान रिश्ते को बनाए रखने पर ध्यान दें और बहुत अधिक प्रगति करने से बचें।,1
love_C_mok_df_fire,state,"नई चीजों को आजमाने में झिझक प्रगति को धीमा कर सकती है, और स्पष्ट ऊर्जा से उत्साहित माहौल बन सकता है, जो सावधानी को धूमिल कर सकता है।",1
love_C_mok_df_water,intro,यह एक ऐसा दिन है जब रिश्तों का विस्तार अवरुद्ध हो जाता है और नए रिश्ते या रिश्ते विकसित करना मुश्किल हो जाता है।,1
love_C_mok_df_water,effect,विकास ऊर्जा की कमी रिश्तों को स्थिर कर देती है और रुचि कम कर देती है।,1
love_C_mok_df_water,action,अपने वर्तमान रिश्ते को बनाए रखने पर ध्यान दें और बहुत अधिक प्रगति करने से बचें।,1
love_C_mok_df_water,state,"नई चीजों को आजमाने में झिझक प्रगति को धीमा कर सकती है, और बारिश और बर्फ की ऊर्जा आपकी भावनाओं और आंतरिक आत्म को उत्तेजित कर सकती है, जिससे प्रभाव बढ़ सकता है।",1
love_C_mok_df_wood,intro,यह एक ऐसा दिन है जब रिश्तों का विस्तार अवरुद्ध हो जाता है और नए रिश्ते या रिश्ते विकसित करना मुश्किल हो जाता है।,1
love_C_mok_df_wood,effect,विकास ऊर्जा की कमी रिश्तों को स्थिर कर देती है और रुचि कम कर देती है।,1
love_C_mok_df_wood,action,अपने वर्तमान रिश्ते को बनाए रखने पर ध्यान दें और बहुत अधिक प्रगति करने से बचें।,1
love_C_mok_df_wood,state,"नई चीजों को आजमाने में झिझक प्रगति को धीमा कर सकती है, और परिवर्तन की मजबूत ऊर्जा लय को हिला सकती है और अप्रत्याशित परिवर्तन ला सकती है।",1
love_C_mok_ex_earth,intro,यह एक ऐसा दिन है जब रिश्तों का विस्तार अवरुद्ध हो जाता है और नए रिश्ते या रिश्ते विकसित करना मुश्किल हो जाता है।,1
love_C_mok_ex_earth,effect,विकास ऊर्जा की कमी रिश्तों को स्थिर कर देती है और रुचि कम कर देती है।,1
love_C_mok_ex_earth,action,अपने वर्तमान रिश्ते को बनाए रखने पर ध्यान दें और बहुत अधिक प्रगति करने से बचें।,1
love_C_mok_ex_earth,state,"अत्यधिक प्रेरणा के कारण आप चीजों को अति कर सकते हैं, और धूमिल ऊर्जा आपको धीमा कर सकती है और आपके विचारों को भारी बना सकती है।",1
love_C_mok_ex_fire,intro,यह एक ऐसा दिन है जब रिश्तों का विस्तार अवरुद्ध हो जाता है और नए रिश्ते या रिश्ते विकसित करना मुश्किल हो जाता है।,1
love_C_mok_ex_fire,effect,विकास ऊर्जा की कमी रिश्तों को स्थिर कर देती है और रुचि कम कर देती है।,1
love_C_mok_ex_fire,action,अपने वर्तमान रिश्ते को बनाए रखने पर ध्यान दें और बहुत अधिक प्रगति करने से बचें।,1
love_C_mok_ex_fire,state,"यदि आप बहुत अधिक प्रेरित हैं, तो आप खुद को काम करने के लिए प्रेरित कर सकते हैं, और आपकी स्पष्ट ऊर्जा एक उत्साहित माहौल में प्रवाहित हो सकती है, जो आपके विवेक को धूमिल कर सकती है।",1
love_C_mok_ex_water,intro,यह एक ऐसा दिन है जब रिश्तों का विस्तार अवरुद्ध हो जाता है और नए रिश्ते या रिश्ते विकसित करना मुश्किल हो जाता है।,1
love_C_mok_ex_water,effect,विकास ऊर्जा की कमी रिश्तों को स्थिर कर देती है और रुचि कम कर देती है।,1
love_C_mok_ex_water,action,अपने वर्तमान रिश्ते को बनाए रखने पर ध्यान दें और बहुत अधिक प्रगति करने से बचें।,1
love_C_mok_ex_water,state,"यदि आपके पास बहुत अधिक प्रेरणा है, तो आप चीजों को अति कर सकते हैं, और बारिश और बर्फ की ऊर्जा आपकी भावनाओं और आंतरिक आत्म को उत्तेजित कर सकती है, जिससे प्रभाव बढ़ सकता है।",1
love_C_mok_ex_wood,intro,यह एक ऐसा दिन है जब रिश्तों का विस्तार अवरुद्ध हो जाता है और नए रिश्ते या रिश्ते विकसित करना मुश्किल हो जाता है।,1
love_C_mok_ex_wood,effect,विकास ऊर्जा की कमी रिश्तों को स्थिर कर देती है और रुचि कम कर देती है।,1
love_C_mok_ex_wood,action,अपने वर्तमान रिश्ते को बनाए रखने पर ध्यान दें और बहुत अधिक प्रगति करने से बचें।,1
love_C_mok_ex_wood,state,"अत्यधिक प्रेरणा चीजों को अति करने के लिए प्रेरित कर सकती है, और परिवर्तन की मजबूत ऊर्जा लय को हिला सकती है और अप्रत्याशित परिवर्तन ला सकती है।",1
love_C_su_df_earth,intro,यह एक ऐसा दिन है जब भावनात्मक संचार अवरुद्ध हो जाता है और रिश्तों में संघर्ष बार-बार होता है।,1
love_C_su_df_earth,effect,संचार में व्यवधान से गलतफहमियाँ पैदा होती हैं और रिश्ते खराब हो जाते हैं।,1
love_C_su_df_earth,action,"भावनात्मक रूप से प्रतिक्रिया करने के बजाय, पहले यह सुनें कि दूसरा व्यक्ति क्या कहना चाहता है।",1
love_C_su_df_earth,state,"लचीलेपन की कमी के कारण प्रवाह का ट्रैक खोना आसान है, और बादल वाली ऊर्जा आपको धीमा कर सकती है और आपके विचारों को भारी बना सकती है।",1
love_C_su_df_fire,intro,यह एक ऐसा दिन है जब भावनात्मक संचार अवरुद्ध हो जाता है और रिश्तों में संघर्ष बार-बार होता है।,1
love_C_su_df_fire,effect,संचार में व्यवधान से गलतफहमियाँ पैदा होती हैं और रिश्ते खराब हो जाते हैं।,1
love_C_su_df_fire,action,"भावनात्मक रूप से प्रतिक्रिया करने के बजाय, पहले यह सुनें कि दूसरा व्यक्ति क्या कहना चाहता है।",1
love_C_su_df_fire,state,"लचीलेपन की कमी के कारण, प्रवाह का ट्रैक खोना आसान है, और स्पष्ट ऊर्जा उत्तेजित वातावरण में प्रवाहित हो सकती है, जो आपके विवेक को धूमिल कर सकती है।",1
love_C_su_df_water,intro,यह एक ऐसा दिन है जब भावनात्मक संचार अवरुद्ध हो जाता है और रिश्तों में संघर्ष बार-बार होता है।,1
love_C_su_df_water,effect,संचार में व्यवधान से गलतफहमियाँ पैदा होती हैं और रिश्ते खराब हो जाते हैं।,1
love_C_su_df_water,action,"भावनात्मक रूप से प्रतिक्रिया करने के बजाय, पहले यह सुनें कि दूसरा व्यक्ति क्या कहना चाहता है।",1
love_C_su_df_water,state,"लचीलेपन की कमी के कारण, प्रवाह का ट्रैक खोना आसान है, और बारिश और बर्फ की ऊर्जा भावनाओं और आंतरिक आत्म को उत्तेजित कर सकती है, जिससे प्रभाव बढ़ सकता है।",1
love_C_su_df_wood,intro,यह एक ऐसा दिन है जब भावनात्मक संचार अवरुद्ध हो जाता है और रिश्तों में संघर्ष बार-बार होता है।,1
love_C_su_df_wood,effect,संचार में व्यवधान से गलतफहमियाँ पैदा होती हैं और रिश्ते खराब हो जाते हैं।,1
love_C_su_df_wood,action,"भावनात्मक रूप से प्रतिक्रिया करने के बजाय, पहले यह सुनें कि दूसरा व्यक्ति क्या कहना चाहता है।",1
love_C_su_df_wood,state,"लचीलेपन की कमी के कारण, प्रवाह का ट्रैक खोना आसान है, और परिवर्तन की मजबूत ऊर्जा लय को हिला सकती है और अप्रत्याशित परिवर्तन को जन्म दे सकती है।",1
love_C_su_ex_earth,intro,यह एक ऐसा दिन है जब भावनात्मक संचार अवरुद्ध हो जाता है और रिश्तों में संघर्ष बार-बार होता है।,1
love_C_su_ex_earth,effect,संचार में व्यवधान से गलतफहमियाँ पैदा होती हैं और रिश्ते खराब हो जाते हैं।,1
love_C_su_ex_earth,action,"भावनात्मक रूप से प्रतिक्रिया करने के बजाय, पहले यह सुनें कि दूसरा व्यक्ति क्या कहना चाहता है।",1
love_C_su_ex_earth,state,"उमड़ती हुई भावनाओं के कारण आपके निर्णय पर पर्दा पड़ना आसान है, और धुंधली ऊर्जा आपको धीमा कर सकती है और आपके विचारों को भारी बना सकती है।",1
love_C_su_ex_fire,intro,यह एक ऐसा दिन है जब भावनात्मक संचार अवरुद्ध हो जाता है और रिश्तों में संघर्ष बार-बार होता है।,1
love_C_su_ex_fire,effect,संचार में व्यवधान से गलतफहमियाँ पैदा होती हैं और रिश्ते खराब हो जाते हैं।,1
love_C_su_ex_fire,action,"भावनात्मक रूप से प्रतिक्रिया करने के बजाय, पहले यह सुनें कि दूसरा व्यक्ति क्या कहना चाहता है।",1
love_C_su_ex_fire,state,"भावनाओं के उमड़ने से निर्णय आसानी से धुंधला हो सकता है, और स्पष्ट ऊर्जा उत्तेजित वातावरण में प्रवाहित हो सकती है, जो विवेक को धूमिल कर सकती है।",1
love_C_su_ex_water,intro,यह एक ऐसा दिन है जब भावनात्मक संचार अवरुद्ध हो जाता है और रिश्तों में संघर्ष बार-बार होता है।,1
love_C_su_ex_water,effect,संचार में व्यवधान से गलतफहमियाँ पैदा होती हैं और रिश्ते खराब हो जाते हैं।,1
love_C_su_ex_water,action,"भावनात्मक रूप से प्रतिक्रिया करने के बजाय, पहले यह सुनें कि दूसरा व्यक्ति क्या कहना चाहता है।",1
love_C_su_ex_water,state,"उमड़ती भावनाओं के कारण आपके निर्णय पर बादल छा जाना आसान है, और बारिश और बर्फ की ऊर्जा आपकी भावनाओं और आंतरिक स्व को उत्तेजित कर सकती है, जिससे प्रभाव बढ़ सकता है।",1
love_C_su_ex_wood,intro,यह एक ऐसा दिन है जब भावनात्मक संचार अवरुद्ध हो जाता है और रिश्तों में संघर्ष बार-बार होता है।,1
love_C_su_ex_wood,effect,संचार में व्यवधान से गलतफहमियाँ पैदा होती हैं और रिश्ते खराब हो जाते हैं।,1
love_C_su_ex_wood,action,"भावनात्मक रूप से प्रतिक्रिया करने के बजाय, पहले यह सुनें कि दूसरा व्यक्ति क्या कहना चाहता है।",1
love_C_su_ex_wood,state,"निर्णय आसानी से भावनाओं से ढका जा सकता है, और परिवर्तन की मजबूत ऊर्जा लय को हिला सकती है और अप्रत्याशित परिवर्तन ला सकती है।",1
love_C_to_df_earth,intro,यह एक ऐसा दिन है जब रिश्तों की स्थिरता हिल जाती है और संघर्ष और चिंता बढ़ जाती है।,1
love_C_to_df_earth,effect,एक अस्थिर रिश्ते की नींव विश्वास को नष्ट कर सकती है।,1
love_C_to_df_earth,action,अपनी भावनाओं को ईमानदारी से अपने साथी के साथ साझा करें और अपनी चिंता दूर करें।,1
love_C_to_df_earth,state,"क्योंकि आपका केंद्र हिल गया है, आपके परिवेश से प्रभावित होना आसान है, और बादल वाली ऊर्जा आपको धीमा कर सकती है और आपके विचारों को भारी बना सकती है।",1
love_C_to_df_fire,intro,यह एक ऐसा दिन है जब रिश्तों की स्थिरता हिल जाती है और संघर्ष और चिंता बढ़ जाती है।,1
love_C_to_df_fire,effect,एक अस्थिर रिश्ते की नींव विश्वास को नष्ट कर सकती है।,1
love_C_to_df_fire,action,अपनी भावनाओं को ईमानदारी से अपने साथी के साथ साझा करें और अपनी चिंता दूर करें।,1
love_C_to_df_fire,state,"क्योंकि आपका केंद्र हिल गया है, आपके आस-पास के लोगों द्वारा प्रभावित होना आसान है, और आपकी स्पष्ट ऊर्जा एक उत्साहित वातावरण में प्रवाहित हो सकती है, जो आपके विवेक को धूमिल कर सकती है।",1
love_C_to_df_water,intro,यह एक ऐसा दिन है जब रिश्तों की स्थिरता हिल जाती है और संघर्ष और चिंता बढ़ जाती है।,1
love_C_to_df_water,effect,एक अस्थिर रिश्ते की नींव विश्वास को नष्ट कर सकती है।,1
love_C_to_df_water,action,अपनी भावनाओं को ईमानदारी से अपने साथी के साथ साझा करें और अपनी चिंता दूर करें।,1
love_C_to_df_water,state,"क्योंकि आपका केंद्र हिल गया है, आपके परिवेश से प्रभावित होना आसान है, और बारिश और बर्फ की ऊर्जा आपकी भावनाओं और आंतरिक स्व को उत्तेजित कर सकती है, जिससे प्रभाव बढ़ सकता है।",1
love_C_to_df_wood,intro,यह एक ऐसा दिन है जब रिश्तों की स्थिरता हिल जाती है और संघर्ष और चिंता बढ़ जाती है।,1
love_C_to_df_wood,effect,एक अस्थिर रिश्ते की नींव विश्वास को नष्ट कर सकती है।,1
love_C_to_df_wood,action,अपनी भावनाओं को ईमानदारी से अपने साथी के साथ साझा करें और अपनी चिंता दूर करें।,1
love_C_to_df_wood,state,"क्योंकि केंद्र हिल गया है, परिवेश से प्रभावित होना आसान है, और परिवर्तन की मजबूत ऊर्जा लय को हिला सकती है और अप्रत्याशित परिवर्तन ला सकती है।",1
love_C_to_ex_earth,intro,यह एक ऐसा दिन है जब रिश्तों की स्थिरता हिल जाती है और संघर्ष और चिंता बढ़ जाती है।,1
love_C_to_ex_earth,effect,एक अस्थिर रिश्ते की नींव विश्वास को नष्ट कर सकती है।,1
love_C_to_ex_earth,action,अपनी भावनाओं को ईमानदारी से अपने साथी के साथ साझा करें और अपनी चिंता दूर करें।,1
love_C_to_ex_earth,state,"जो मन परिवर्तन से इनकार करता है वह अवसरों को अवरुद्ध कर सकता है, और बादल भरी ऊर्जा आपकी गति को धीमा कर सकती है और आपके विचारों को भारी बना सकती है।",1
love_C_to_ex_fire,intro,यह एक ऐसा दिन है जब रिश्तों की स्थिरता हिल जाती है और संघर्ष और चिंता बढ़ जाती है।,1
love_C_to_ex_fire,effect,एक अस्थिर रिश्ते की नींव विश्वास को नष्ट कर सकती है।,1
love_C_to_ex_fire,action,अपनी भावनाओं को ईमानदारी से अपने साथी के साथ साझा करें और अपनी चिंता दूर करें।,1
love_C_to_ex_fire,state,"एक मन जो परिवर्तन से इनकार करता है वह अवसरों को अवरुद्ध कर सकता है, और स्पष्ट ऊर्जा एक उत्साहित माहौल में प्रवाहित हो सकती है, जिससे सावधानी बरतती है।",1
love_C_to_ex_water,intro,यह एक ऐसा दिन है जब रिश्तों की स्थिरता हिल जाती है और संघर्ष और चिंता बढ़ जाती है।,1
love_C_to_ex_water,effect,एक अस्थिर रिश्ते की नींव विश्वास को नष्ट कर सकती है।,1
love_C_to_ex_water,action,अपनी भावनाओं को ईमानदारी से अपने साथी के साथ साझा करें और अपनी चिंता दूर करें।,1
love_C_to_ex_water,state,"एक मन जो परिवर्तन से इनकार करता है वह अवसरों को अवरुद्ध कर सकता है, और बारिश और बर्फ की ऊर्जा भावनाओं और आंतरिक भावनाओं को उत्तेजित कर सकती है, जो प्रभाव को बढ़ा सकती है।",1
love_C_to_ex_wood,intro,यह एक ऐसा दिन है जब रिश्तों की स्थिरता हिल जाती है और संघर्ष और चिंता बढ़ जाती है।,1
love_C_to_ex_wood,effect,एक अस्थिर रिश्ते की नींव विश्वास को नष्ट कर सकती है।,1
love_C_to_ex_wood,action,अपनी भावनाओं को ईमानदारी से अपने साथी के साथ साझा करें और अपनी चिंता दूर करें।,1
love_C_to_ex_wood,state,"परिवर्तन से इनकार अवसरों को अवरुद्ध कर सकता है, और परिवर्तन की मजबूत ऊर्जा लय को हिला सकती है और अप्रत्याशित परिवर्तन को जन्म दे सकती है।",1
love_C1,intro,"आज ऐसा दिन है जब आपकी भावनात्मक ऊर्जा बहुत कम है, जिससे रिश्तों में गलतफहमियां पैदा होना आसान है।",1
love_C1,intro,"आज प्रेम ऊर्जा कमज़ोर है, इसलिए भावनात्मक अभिव्यक्ति को कम करना ही बुद्धिमानी होगी।",1
love_C1,effect,आपके द्वारा बोले जाने वाले शब्दों की संख्या कम करना बेहतर है क्योंकि छोटे शब्द और कार्य दूसरे व्यक्ति के लिए संवेदनशील हो सकते हैं।,1
love_C1,effect,भावनात्मक बातचीत की तुलना में तथ्य-आधारित बातचीत गलतफहमी को कम करने में अधिक प्रभावी होती है।,1
love_C1,action,आज कृपया भावनाओं पर तर्क को प्राथमिकता दें और दूसरों के साथ सहज व्यवहार करें।,1
love_C1,action,मामले को तुरंत सुलझाने की कोशिश करने से बेहतर है कि कुछ दिन बाद शांत होकर इस बारे में बात की जाए।,1
love_C1_geum_df_earth,intro,यह एक ऐसा दिन है जब प्रेम ऊर्जा बहुत कम हो जाती है और रिश्तों को बनाए रखना मुश्किल हो जाता है।,1
love_C1_geum_df_earth,effect,भावनात्मक वियोग रिश्ते में गंभीर संकट पैदा कर सकता है।,1
love_C1_geum_df_earth,action,"आज अपने साथी के साथ बातचीत शुरू न करें, बल्कि जब आप बेहतर महसूस करें तो ऐसा करें।",1
love_C1_geum_df_earth,state,"दृढ़ संकल्प की कमी के कारण, अनिर्णायक विकल्पों को जमा करना आसान होता है, और अस्पष्ट ऊर्जा प्रेरणा और अस्पष्ट निर्णय को कम कर सकती है।",1
love_C1_geum_df_fire,intro,यह एक ऐसा दिन है जब प्रेम ऊर्जा बहुत कम हो जाती है और रिश्तों को बनाए रखना मुश्किल हो जाता है।,1
love_C1_geum_df_fire,effect,भावनात्मक वियोग रिश्ते में गंभीर संकट पैदा कर सकता है।,1
love_C1_geum_df_fire,action,"आज अपने साथी के साथ बातचीत शुरू न करें, बल्कि जब आप बेहतर महसूस करें तो ऐसा करें।",1
love_C1_geum_df_fire,state,"दृढ़ संकल्प की कमी के कारण, अनिर्णायक विकल्प चुनना आसान है, और उत्साहित यांग शांति भंग कर सकता है और छोटी गलतियों को जन्म दे सकता है।",1
love_C1_geum_df_water,intro,यह एक ऐसा दिन है जब प्रेम ऊर्जा बहुत कम हो जाती है और रिश्तों को बनाए रखना मुश्किल हो जाता है।,1
love_C1_geum_df_water,effect,भावनात्मक वियोग रिश्ते में गंभीर संकट पैदा कर सकता है।,1
love_C1_geum_df_water,action,"आज अपने साथी के साथ बातचीत शुरू न करें, बल्कि जब आप बेहतर महसूस करें तो ऐसा करें।",1
love_C1_geum_df_water,state,"दृढ़ संकल्प की कमी के कारण, अनिर्णायक विकल्पों का ढेर लगना आसान होता है, और बारिश और बर्फ़ की ऊर्जा आपकी भावनाओं को शांत नहीं कर पाती है, जिससे आपका दिल भारी हो जाता है।",1
love_C1_geum_df_wood,intro,यह एक ऐसा दिन है जब प्रेम ऊर्जा बहुत कम हो जाती है और रिश्तों को बनाए रखना मुश्किल हो जाता है।,1
love_C1_geum_df_wood,effect,भावनात्मक वियोग रिश्ते में गंभीर संकट पैदा कर सकता है।,1
love_C1_geum_df_wood,action,"आज अपने साथी के साथ बातचीत शुरू न करें, बल्कि जब आप बेहतर महसूस करें तो ऐसा करें।",1
love_C1_geum_df_wood,state,"दृढ़ संकल्प की कमी के कारण, अनिर्णायक विकल्पों का ढेर लगना आसान है, और परिवर्तन की ऊर्जा योजनाओं में हस्तक्षेप और बाधा डालती रह सकती है।",1
love_C1_geum_ex_earth,intro,यह एक ऐसा दिन है जब प्रेम ऊर्जा बहुत कम हो जाती है और रिश्तों को बनाए रखना मुश्किल हो जाता है।,1
love_C1_geum_ex_earth,effect,भावनात्मक वियोग रिश्ते में गंभीर संकट पैदा कर सकता है।,1
love_C1_geum_ex_earth,action,"आज अपने साथी के साथ बातचीत शुरू न करें, बल्कि जब आप बेहतर महसूस करें तो ऐसा करें।",1
love_C1_geum_ex_earth,state,"तीक्ष्णता बहुत दूर तक जा सकती है और आपके आस-पास के लोगों पर बोझ डाल सकती है, और धूमिल ऊर्जा प्रेरणा को कम कर सकती है और आपके निर्णय को धूमिल कर सकती है।",1
love_C1_geum_ex_fire,intro,यह एक ऐसा दिन है जब प्रेम ऊर्जा बहुत कम हो जाती है और रिश्तों को बनाए रखना मुश्किल हो जाता है।,1
love_C1_geum_ex_fire,effect,भावनात्मक वियोग रिश्ते में गंभीर संकट पैदा कर सकता है।,1
love_C1_geum_ex_fire,action,"आज अपने साथी के साथ बातचीत शुरू न करें, बल्कि जब आप बेहतर महसूस करें तो ऐसा करें।",1
love_C1_geum_ex_fire,state,"आपकी तीक्ष्णता बहुत दूर तक जा सकती है और आपके आस-पास के लोगों पर बोझ डाल सकती है, और आपकी उत्तेजित ऊर्जा आपकी शांति को ख़त्म कर सकती है और छोटी-मोटी गलतियों को जन्म दे सकती है।",1
love_C1_geum_ex_water,intro,यह एक ऐसा दिन है जब प्रेम ऊर्जा बहुत कम हो जाती है और रिश्तों को बनाए रखना मुश्किल हो जाता है।,1
love_C1_geum_ex_water,effect,भावनात्मक वियोग रिश्ते में गंभीर संकट पैदा कर सकता है।,1
love_C1_geum_ex_water,action,"आज अपने साथी के साथ बातचीत शुरू न करें, बल्कि जब आप बेहतर महसूस करें तो ऐसा करें।",1
love_C1_geum_ex_water,state,"आपकी तीक्ष्णता बहुत दूर तक जा सकती है और आपके आस-पास के लोगों पर बोझ डाल सकती है, और बारिश और बर्फ की ऊर्जा आपकी भावनाओं को शांत नहीं कर सकती है, जिससे आपका दिल भारी हो जाएगा।",1
love_C1_geum_ex_wood,intro,यह एक ऐसा दिन है जब प्रेम ऊर्जा बहुत कम हो जाती है और रिश्तों को बनाए रखना मुश्किल हो जाता है।,1
love_C1_geum_ex_wood,effect,भावनात्मक वियोग रिश्ते में गंभीर संकट पैदा कर सकता है।,1
love_C1_geum_ex_wood,action,"आज अपने साथी के साथ बातचीत शुरू न करें, बल्कि जब आप बेहतर महसूस करें तो ऐसा करें।",1
love_C1_geum_ex_wood,state,"आपकी तीक्ष्णता बहुत दूर तक जा सकती है और आपके आस-पास के लोगों पर बोझ डाल सकती है, और परिवर्तन की ऊर्जा आपकी योजनाओं में हस्तक्षेप कर सकती है।",1
love_C1_hwa_df_earth,intro,यह एक ऐसा दिन है जब प्यार का जुनून लगभग खत्म हो जाता है और रिश्तों में सुन्नता आ जाती है।,1
love_C1_hwa_df_earth,effect,भावनात्मक थकावट रिश्तों को बहुत नुकसान पहुंचा सकती है।,1
love_C1_hwa_df_earth,action,आज भावनात्मक निर्णय लेने से बचें और पहले अपना ख्याल रखें।,1
love_C1_hwa_df_earth,state,"अभिव्यक्ति में रुकावट के कारण आपकी भावनाओं को ठीक से व्यक्त नहीं किया जाना आसान है, और धूमिल ऊर्जा प्रेरणा को कम कर सकती है और आपके निर्णय को धूमिल कर सकती है।",1
love_C1_hwa_df_fire,intro,यह एक ऐसा दिन है जब प्यार का जुनून लगभग खत्म हो जाता है और रिश्तों में सुन्नता आ जाती है।,1
love_C1_hwa_df_fire,effect,भावनात्मक थकावट रिश्तों को बहुत नुकसान पहुंचा सकती है।,1
love_C1_hwa_df_fire,action,आज भावनात्मक निर्णय लेने से बचें और पहले अपना ख्याल रखें।,1
love_C1_hwa_df_fire,state,"अभिव्यक्ति में रुकावट के कारण आपकी भावनाओं को ठीक से व्यक्त नहीं किया जाना आसान है, और उत्तेजित ऊर्जा आपकी शांति को बिखेर सकती है और छोटी-मोटी गलतियों को जन्म दे सकती है।",1
love_C1_hwa_df_water,intro,यह एक ऐसा दिन है जब प्यार का जुनून लगभग खत्म हो जाता है और रिश्तों में सुन्नता आ जाती है।,1
love_C1_hwa_df_water,effect,भावनात्मक थकावट रिश्तों को बहुत नुकसान पहुंचा सकती है।,1
love_C1_hwa_df_water,action,आज भावनात्मक निर्णय लेने से बचें और पहले अपना ख्याल रखें।,1
love_C1_hwa_df_water,state,"चूँकि अभिव्यक्तियाँ अवरुद्ध हैं, इसलिए आपकी भावनाओं को ठीक से व्यक्त नहीं किया जाना आसान है, और बारिश और बर्फ की ऊर्जा आपकी भावनाओं को शांत नहीं कर सकती है, जिससे आपका दिल भारी हो सकता है।",1
love_C1_hwa_df_wood,intro,यह एक ऐसा दिन है जब प्यार का जुनून लगभग खत्म हो जाता है और रिश्तों में सुन्नता आ जाती है।,1
love_C1_hwa_df_wood,effect,भावनात्मक थकावट रिश्तों को बहुत नुकसान पहुंचा सकती है।,1
love_C1_hwa_df_wood,action,आज भावनात्मक निर्णय लेने से बचें और पहले अपना ख्याल रखें।,1
love_C1_hwa_df_wood,state,"अभिव्यक्ति में रुकावट के कारण आपकी भावनाओं को ठीक से व्यक्त नहीं किया जाना आसान है, और परिवर्तन की ऊर्जा आपकी योजनाओं में हस्तक्षेप और बाधा डाल सकती है।",1
love_C1_hwa_ex_earth,intro,यह एक ऐसा दिन है जब प्यार का जुनून लगभग खत्म हो जाता है और रिश्तों में सुन्नता आ जाती है।,1
love_C1_hwa_ex_earth,effect,भावनात्मक थकावट रिश्तों को बहुत नुकसान पहुंचा सकती है।,1
love_C1_hwa_ex_earth,action,आज भावनात्मक निर्णय लेने से बचें और पहले अपना ख्याल रखें।,1
love_C1_hwa_ex_earth,state,"भावनाओं के लिए छोटी-छोटी बातों पर भी घर्षण पैदा करना आसान होता है, और धुंधली ऊर्जा प्रेरणा और अस्पष्ट निर्णय को कम कर सकती है।",1
love_C1_hwa_ex_fire,intro,यह एक ऐसा दिन है जब प्यार का जुनून लगभग खत्म हो जाता है और रिश्तों में सुन्नता आ जाती है।,1
love_C1_hwa_ex_fire,effect,भावनात्मक थकावट रिश्तों को बहुत नुकसान पहुंचा सकती है।,1
love_C1_hwa_ex_fire,action,आज भावनात्मक निर्णय लेने से बचें और पहले अपना ख्याल रखें।,1
love_C1_hwa_ex_fire,state,"भावनाओं के लिए छोटी-छोटी बातों पर भी घर्षण पैदा करना आसान है, और उत्तेजित ऊर्जा आपकी शांति को भंग कर सकती है और छोटी-छोटी गलतियों को जन्म दे सकती है।",1
love_C1_hwa_ex_water,intro,यह एक ऐसा दिन है जब प्यार का जुनून लगभग खत्म हो जाता है और रिश्तों में सुन्नता आ जाती है।,1
love_C1_hwa_ex_water,effect,भावनात्मक थकावट रिश्तों को बहुत नुकसान पहुंचा सकती है।,1
love_C1_hwa_ex_water,action,आज भावनात्मक निर्णय लेने से बचें और पहले अपना ख्याल रखें।,1
love_C1_hwa_ex_water,state,"छोटी-छोटी बातों पर भी भावनाएँ उत्पन्न होना आसान है, और बारिश और बर्फ़ की ऊर्जा आपकी भावनाओं को शांत नहीं कर पाती है, जिससे आपका दिल भारी हो जाता है।",1
love_C1_hwa_ex_wood,intro,यह एक ऐसा दिन है जब प्यार का जुनून लगभग खत्म हो जाता है और रिश्तों में सुन्नता आ जाती है।,1
love_C1_hwa_ex_wood,effect,भावनात्मक थकावट रिश्तों को बहुत नुकसान पहुंचा सकती है।,1
love_C1_hwa_ex_wood,action,आज भावनात्मक निर्णय लेने से बचें और पहले अपना ख्याल रखें।,1
love_C1_hwa_ex_wood,state,"यदि आप भावनात्मक रूप से प्रेरित हैं, तो छोटी-छोटी बातों पर भी मनमुटाव पैदा होना आसान है, और परिवर्तन की ऊर्जा आपकी योजनाओं में हस्तक्षेप और बाधा डालती रह सकती है।",1
love_C1_mok_df_earth,intro,यह वह दिन है जब रिश्ते का विकास पूरी तरह से रुक जाता है और दूरियां बढ़ने लगती हैं।,1
love_C1_mok_df_earth,effect,किसी रिश्ते में ठहराव ब्रेकअप संकट का कारण बन सकता है।,1
love_C1_mok_df_earth,action,"अपने रिश्ते में ज़बरदस्ती बदलाव लाने की कोशिश करने के बजाय, थोड़ी देर रुकें।",1
love_C1_mok_df_earth,state,"यदि आप लंबे समय तक झिझकते हैं, तो अवसर आपके हाथ से निकल जाना आसान है, और धूमिल ऊर्जा प्रेरणा को कम कर सकती है और आपके निर्णय को धूमिल कर सकती है।",1
love_C1_mok_df_fire,intro,यह वह दिन है जब रिश्ते का विकास पूरी तरह से रुक जाता है और दूरियां बढ़ने लगती हैं।,1
love_C1_mok_df_fire,effect,किसी रिश्ते में ठहराव ब्रेकअप संकट का कारण बन सकता है।,1
love_C1_mok_df_fire,action,"अपने रिश्ते में ज़बरदस्ती बदलाव लाने की कोशिश करने के बजाय, थोड़ी देर रुकें।",1
love_C1_mok_df_fire,state,"यदि आप लंबे समय तक झिझकते हैं, तो अवसर आपके हाथ से निकल जाना आसान है, और उत्साहित ऊर्जा आपकी शांति को नष्ट कर सकती है और छोटी-मोटी गलतियों को जन्म दे सकती है।",1
love_C1_mok_df_water,intro,यह वह दिन है जब रिश्ते का विकास पूरी तरह से रुक जाता है और दूरियां बढ़ने लगती हैं।,1
love_C1_mok_df_water,effect,किसी रिश्ते में ठहराव ब्रेकअप संकट का कारण बन सकता है।,1
love_C1_mok_df_water,action,"अपने रिश्ते में ज़बरदस्ती बदलाव लाने की कोशिश करने के बजाय, थोड़ी देर रुकें।",1
love_C1_mok_df_water,state,"यदि आप लंबे समय तक झिझकते हैं, तो अवसर आसानी से आपके हाथ से निकल जाता है, और बारिश और बर्फ की ऊर्जा आपकी भावनाओं को शांत नहीं कर पाती है, जिससे आपका दिल भारी हो जाता है।",1
love_C1_mok_df_wood,intro,यह वह दिन है जब रिश्ते का विकास पूरी तरह से रुक जाता है और दूरियां बढ़ने लगती हैं।,1
love_C1_mok_df_wood,effect,किसी रिश्ते में ठहराव ब्रेकअप संकट का कारण बन सकता है।,1
love_C1_mok_df_wood,action,"अपने रिश्ते में ज़बरदस्ती बदलाव लाने की कोशिश करने के बजाय, थोड़ी देर रुकें।",1
love_C1_mok_df_wood,state,"यदि आप लंबे समय तक झिझकते हैं, तो अवसर आपके हाथ से निकल जाना आसान है, और परिवर्तन की ऊर्जा हस्तक्षेप करती रह सकती है और आपकी योजनाओं को बाधित कर सकती है।",1
love_C1_mok_ex_earth,intro,यह वह दिन है जब रिश्ते का विकास पूरी तरह से रुक जाता है और दूरियां बढ़ने लगती हैं।,1
love_C1_mok_ex_earth,effect,किसी रिश्ते में ठहराव ब्रेकअप संकट का कारण बन सकता है।,1
love_C1_mok_ex_earth,action,"अपने रिश्ते में ज़बरदस्ती बदलाव लाने की कोशिश करने के बजाय, थोड़ी देर रुकें।",1
love_C1_mok_ex_earth,state,"लालच के लिए उन चीज़ों की ओर ले जाना आसान है जिन्हें समझा नहीं जा सकता है, और अस्पष्ट ऊर्जा प्रेरणा और अस्पष्ट निर्णय को कम कर सकती है।",1
love_C1_mok_ex_fire,intro,यह वह दिन है जब रिश्ते का विकास पूरी तरह से रुक जाता है और दूरियां बढ़ने लगती हैं।,1
love_C1_mok_ex_fire,effect,किसी रिश्ते में ठहराव ब्रेकअप संकट का कारण बन सकता है।,1
love_C1_mok_ex_fire,action,"अपने रिश्ते में ज़बरदस्ती बदलाव लाने की कोशिश करने के बजाय, थोड़ी देर रुकें।",1
love_C1_mok_ex_fire,state,"लालच करना और ऐसे काम करना आसान है जिन पर आप नियंत्रण नहीं कर सकते, और उत्तेजित ऊर्जा आपकी शांति को भंग कर सकती है और छोटी-मोटी गलतियों को जन्म दे सकती है।",1
love_C1_mok_ex_water,intro,यह वह दिन है जब रिश्ते का विकास पूरी तरह से रुक जाता है और दूरियां बढ़ने लगती हैं।,1
love_C1_mok_ex_water,effect,किसी रिश्ते में ठहराव ब्रेकअप संकट का कारण बन सकता है।,1
love_C1_mok_ex_water,action,"अपने रिश्ते में ज़बरदस्ती बदलाव लाने की कोशिश करने के बजाय, थोड़ी देर रुकें।",1
love_C1_mok_ex_water,state,"लालच करना और ऐसे काम करना आसान है जिन्हें आप नियंत्रित नहीं कर सकते, और बारिश और बर्फ की ऊर्जा आपकी भावनाओं को शांत नहीं कर सकती है, जिससे आपका दिल भारी हो जाता है।",1
love_C1_mok_ex_wood,intro,यह वह दिन है जब रिश्ते का विकास पूरी तरह से रुक जाता है और दूरियां बढ़ने लगती हैं।,1
love_C1_mok_ex_wood,effect,किसी रिश्ते में ठहराव ब्रेकअप संकट का कारण बन सकता है।,1
love_C1_mok_ex_wood,action,"अपने रिश्ते में ज़बरदस्ती बदलाव लाने की कोशिश करने के बजाय, थोड़ी देर रुकें।",1
love_C1_mok_ex_wood,state,"लालची होना और ऐसे काम करना आसान है जिन्हें आप नियंत्रित नहीं कर सकते, और परिवर्तन की ऊर्जा आपकी योजनाओं में हस्तक्षेप और बाधा डाल सकती है।",1
love_C1_su_df_earth,intro,यह एक ऐसा दिन है जब भावनात्मक संचार गंभीर रूप से बाधित हो सकता है और संघर्ष भड़क सकता है।,1
love_C1_su_df_earth,effect,भावनात्मक अलगाव और गलतफहमियों की एक श्रृंखला रिश्तों को खतरे में डालती है।,1
love_C1_su_df_earth,action,आज महत्वपूर्ण भावनात्मक बातचीत से बचें और खुद को शांत रखें।,1
love_C1_su_df_earth,state,"जिद्दी होना और बार-बार चीजों पर नज़र रखना आसान है, और धूमिल ऊर्जा प्रेरणा को कम कर सकती है और आपके निर्णय को धूमिल कर सकती है।",1
love_C1_su_df_fire,intro,यह एक ऐसा दिन है जब भावनात्मक संचार गंभीर रूप से बाधित हो सकता है और संघर्ष भड़क सकता है।,1
love_C1_su_df_fire,effect,भावनात्मक अलगाव और गलतफहमियों की एक श्रृंखला रिश्तों को खतरे में डालती है।,1
love_C1_su_df_fire,action,आज महत्वपूर्ण भावनात्मक बातचीत से बचें और खुद को शांत रखें।,1
love_C1_su_df_fire,state,"जिद्दी होना और प्रवाह का ट्रैक खोना आसान है, और उत्तेजित ऊर्जा आपकी शांति को भंग कर सकती है और छोटी-मोटी गलतियों को जन्म दे सकती है।",1
love_C1_su_df_water,intro,यह एक ऐसा दिन है जब भावनात्मक संचार गंभीर रूप से बाधित हो सकता है और संघर्ष भड़क सकता है।,1
love_C1_su_df_water,effect,भावनात्मक अलगाव और गलतफहमियों की एक श्रृंखला रिश्तों को खतरे में डालती है।,1
love_C1_su_df_water,action,आज महत्वपूर्ण भावनात्मक बातचीत से बचें और खुद को शांत रखें।,1
love_C1_su_df_water,state,"जिद्दी बनना और प्रवाह का ट्रैक खोना आसान है, और बारिश और बर्फ की ऊर्जा आपकी भावनाओं को शांत नहीं कर सकती है, जिससे आपका दिल भारी हो जाता है।",1
love_C1_su_df_wood,intro,यह एक ऐसा दिन है जब भावनात्मक संचार गंभीर रूप से बाधित हो सकता है और संघर्ष भड़क सकता है।,1
love_C1_su_df_wood,effect,भावनात्मक अलगाव और गलतफहमियों की एक श्रृंखला रिश्तों को खतरे में डालती है।,1
love_C1_su_df_wood,action,आज महत्वपूर्ण भावनात्मक बातचीत से बचें और खुद को शांत रखें।,1
love_C1_su_df_wood,state,"ज़िद्दी होना और बार-बार चीज़ों से भटक जाना आसान है, और परिवर्तन की ऊर्जा आपकी योजनाओं में हस्तक्षेप और बाधा डाल सकती है।",1
love_C1_su_ex_earth,intro,यह एक ऐसा दिन है जब भावनात्मक संचार गंभीर रूप से बाधित हो सकता है और संघर्ष भड़क सकता है।,1
love_C1_su_ex_earth,effect,भावनात्मक अलगाव और गलतफहमियों की एक श्रृंखला रिश्तों को खतरे में डालती है।,1
love_C1_su_ex_earth,action,आज महत्वपूर्ण भावनात्मक बातचीत से बचें और खुद को शांत रखें।,1
love_C1_su_ex_earth,state,"भावनाएँ गहरी हो जाती हैं, इसलिए छोटी-छोटी उत्तेजनाओं से भी हिलना आसान होता है, और धुंधली ऊर्जा प्रेरणा और बादल निर्णय को कम कर सकती है।",1
love_C1_su_ex_fire,intro,यह एक ऐसा दिन है जब भावनात्मक संचार गंभीर रूप से बाधित हो सकता है और संघर्ष भड़क सकता है।,1
love_C1_su_ex_fire,effect,भावनात्मक अलगाव और गलतफहमियों की एक श्रृंखला रिश्तों को खतरे में डालती है।,1
love_C1_su_ex_fire,action,आज महत्वपूर्ण भावनात्मक बातचीत से बचें और खुद को शांत रखें।,1
love_C1_su_ex_fire,state,"भावनाएँ गहरी हो जाती हैं, इसलिए थोड़ी सी भी उत्तेजना से हिलना आसान होता है, और उत्तेजित ऊर्जा शांति को भंग कर सकती है और छोटी-मोटी गलतियाँ कर सकती है।",1
love_C1_su_ex_water,intro,यह एक ऐसा दिन है जब भावनात्मक संचार गंभीर रूप से बाधित हो सकता है और संघर्ष भड़क सकता है।,1
love_C1_su_ex_water,effect,भावनात्मक अलगाव और गलतफहमियों की एक श्रृंखला रिश्तों को खतरे में डालती है।,1
love_C1_su_ex_water,action,आज महत्वपूर्ण भावनात्मक बातचीत से बचें और खुद को शांत रखें।,1
love_C1_su_ex_water,state,"जैसे-जैसे भावनाएँ गहरी होती जाती हैं, थोड़ी सी भी उत्तेजना से हिलना आसान हो जाता है, और बारिश और बर्फ़ की ऊर्जा भावनाओं को शांत नहीं कर पाती है, जिससे दिल भारी हो जाता है।",1
love_C1_su_ex_wood,intro,यह एक ऐसा दिन है जब भावनात्मक संचार गंभीर रूप से बाधित हो सकता है और संघर्ष भड़क सकता है।,1
love_C1_su_ex_wood,effect,भावनात्मक अलगाव और गलतफहमियों की एक श्रृंखला रिश्तों को खतरे में डालती है।,1
love_C1_su_ex_wood,action,आज महत्वपूर्ण भावनात्मक बातचीत से बचें और खुद को शांत रखें।,1
love_C1_su_ex_wood,state,"जैसे-जैसे आपकी भावनाएँ गहरी होती जाती हैं, थोड़ी सी भी उत्तेजना से हिलना आसान हो जाता है, और परिवर्तन की ऊर्जा आपकी योजनाओं में हस्तक्षेप और बाधा डालती रह सकती है।",1
love_C1_to_df_earth,intro,यह एक ऐसा दिन होता है जब रिश्तों की स्थिरता खत्म हो जाती है और विश्वास बुरी तरह हिल जाता है।,1
love_C1_to_df_earth,effect,एक अस्थिर भावनात्मक आधार पूरे रिश्ते को ख़तरे में डाल देता है।,1
love_C1_to_df_earth,action,अपने पार्टनर से अकेले में शांति से बात करें और अपने रिश्ते को परखें।,1
love_C1_to_df_earth,state,"चूँकि आप केन्द्रित नहीं हैं, इसलिए आपके निर्णयों को बदलना आसान है, और धूमिल ऊर्जा प्रेरणा को कम कर सकती है और आपके निर्णय को धूमिल कर सकती है।",1
love_C1_to_df_fire,intro,यह एक ऐसा दिन होता है जब रिश्तों की स्थिरता खत्म हो जाती है और विश्वास बुरी तरह हिल जाता है।,1
love_C1_to_df_fire,effect,एक अस्थिर भावनात्मक आधार पूरे रिश्ते को ख़तरे में डाल देता है।,1
love_C1_to_df_fire,action,अपने पार्टनर से अकेले में शांति से बात करें और अपने रिश्ते को परखें।,1
love_C1_to_df_fire,state,"चूँकि आप केन्द्रित नहीं हैं, इसलिए आपके निर्णयों को बदलना आसान है, और आपकी उत्तेजित ऊर्जा आपकी शांति को नष्ट कर सकती है और छोटी-मोटी गलतियों को जन्म दे सकती है।",1
love_C1_to_df_water,intro,यह एक ऐसा दिन होता है जब रिश्तों की स्थिरता खत्म हो जाती है और विश्वास बुरी तरह हिल जाता है।,1
love_C1_to_df_water,effect,एक अस्थिर भावनात्मक आधार पूरे रिश्ते को ख़तरे में डाल देता है।,1
love_C1_to_df_water,action,अपने पार्टनर से अकेले में शांति से बात करें और अपने रिश्ते को परखें।,1
love_C1_to_df_water,state,"क्योंकि आप केंद्रित नहीं हैं, इसलिए आपके निर्णय बदलना आसान है, और बारिश और बर्फ की ऊर्जा आपकी भावनाओं को शांत नहीं कर सकती है, जिससे आपका दिल भारी हो जाता है।",1
love_C1_to_df_wood,intro,यह एक ऐसा दिन होता है जब रिश्तों की स्थिरता खत्म हो जाती है और विश्वास बुरी तरह हिल जाता है।,1
love_C1_to_df_wood,effect,एक अस्थिर भावनात्मक आधार पूरे रिश्ते को ख़तरे में डाल देता है।,1
love_C1_to_df_wood,action,अपने पार्टनर से अकेले में शांति से बात करें और अपने रिश्ते को परखें।,1
love_C1_to_df_wood,state,"चूँकि आप केन्द्रित नहीं हैं, इसलिए आपके निर्णयों को बदलना आसान है, और परिवर्तन की ऊर्जा आपकी योजनाओं में हस्तक्षेप कर सकती है।",1
love_C1_to_ex_earth,intro,यह एक ऐसा दिन होता है जब रिश्तों की स्थिरता खत्म हो जाती है और विश्वास बुरी तरह हिल जाता है।,1
love_C1_to_ex_earth,effect,एक अस्थिर भावनात्मक आधार पूरे रिश्ते को ख़तरे में डाल देता है।,1
love_C1_to_ex_earth,action,अपने पार्टनर से अकेले में शांति से बात करें और अपने रिश्ते को परखें।,1
love_C1_to_ex_earth,state,"उन परिवर्तनों को अनदेखा करना आसान है जिनके लिए जिद्दी स्थिरता अभिविन्यास की आवश्यकता होती है, और बादल वाली ऊर्जा प्रेरणा और बादल निर्णय को कम कर सकती है।",1
love_C1_to_ex_fire,intro,यह एक ऐसा दिन होता है जब रिश्तों की स्थिरता खत्म हो जाती है और विश्वास बुरी तरह हिल जाता है।,1
love_C1_to_ex_fire,effect,एक अस्थिर भावनात्मक आधार पूरे रिश्ते को ख़तरे में डाल देता है।,1
love_C1_to_ex_fire,action,अपने पार्टनर से अकेले में शांति से बात करें और अपने रिश्ते को परखें।,1
love_C1_to_ex_fire,state,"उन परिवर्तनों को अनदेखा करना आसान है जिनके लिए जिद्दी स्थिरता की आवश्यकता होती है, और उत्तेजित ऊर्जा शांति को परेशान कर सकती है और छोटी गलतियों को जन्म दे सकती है।",1
love_C1_to_ex_water,intro,यह एक ऐसा दिन होता है जब रिश्तों की स्थिरता खत्म हो जाती है और विश्वास बुरी तरह हिल जाता है।,1
love_C1_to_ex_water,effect,एक अस्थिर भावनात्मक आधार पूरे रिश्ते को ख़तरे में डाल देता है।,1
love_C1_to_ex_water,action,अपने पार्टनर से अकेले में शांति से बात करें और अपने रिश्ते को परखें।,1
love_C1_to_ex_water,state,"उन परिवर्तनों को अनदेखा करना आसान है जिनके लिए जिद्दी स्थिरता की आवश्यकता होती है, और बारिश और बर्फ की ऊर्जा आपकी भावनाओं को शांत नहीं कर सकती है, जिससे आपका दिल भारी हो जाता है।",1
love_C1_to_ex_wood,intro,यह एक ऐसा दिन होता है जब रिश्तों की स्थिरता खत्म हो जाती है और विश्वास बुरी तरह हिल जाता है।,1
love_C1_to_ex_wood,effect,एक अस्थिर भावनात्मक आधार पूरे रिश्ते को ख़तरे में डाल देता है।,1
love_C1_to_ex_wood,action,अपने पार्टनर से अकेले में शांति से बात करें और अपने रिश्ते को परखें।,1
love_C1_to_ex_wood,state,"उन परिवर्तनों को अनदेखा करना आसान है जिनके लिए जिद्दी स्थिरता अभिविन्यास की आवश्यकता होती है, और परिवर्तन की ऊर्जा आपकी योजनाओं में हस्तक्षेप और बाधित कर सकती है।",1
love_D,intro,"रिश्ते की ऊर्जा आज निचले स्तर पर है, इसलिए संघर्ष से बचना और दूरी बनाए रखना बुद्धिमानी होगी।",1
love_D,intro,"आज आपकी भावनात्मक ऊर्जा बहुत कमजोर रहेगी, इसलिए बेहतर होगा कि दूसरों से संपर्क कम से कम करें।",1
love_D,effect,"आपके इरादे कितने भी अच्छे क्यों न हों, चुप्पी सबसे अच्छी हो सकती है क्योंकि इससे गलतफहमी पैदा हो सकती है।",1
love_D,effect,"चूँकि आपकी भावनाएँ अत्यधिक संवेदनशील हो जाती हैं, छोटी-छोटी बातें भी बड़ी हो सकती हैं, इसलिए आज दूरी बनाए रखना ही बेहतर है।",1
love_D,action,महत्वपूर्ण संबंधों संबंधी बातचीत को कुछ दिनों के लिए टाल दें और आज अपनी भावनाओं को व्यवस्थित करने पर ध्यान केंद्रित करें।,1
love_D,action,आज का दिन दूसरों से संपर्क करने के बजाय अपना ख्याल रखने में बिताना सबसे अच्छा है।,1
love_D_geum_df_earth,intro,यह एक ऐसा दिन है जब आपकी प्रेम ऊर्जा पूरी तरह से ख़त्म हो जाती है और आपका रिश्ता संकट में है।,1
love_D_geum_df_earth,effect,भावनात्मक थकावट रिश्तों को सुधारना कठिन बना देती है।,1
love_D_geum_df_earth,action,आज कोई भी रोमांटिक निर्णय न लें।,1
love_D_geum_df_earth,state,"आपका दृढ़ संकल्प बहुत टूट सकता है, और आपके द्वारा चुने गए किसी भी विकल्प के परिणामस्वरूप पछतावा हो सकता है, और मोटी, धुंधली ऊर्जा हर चीज को बहुत धीमा कर सकती है।",1
love_D_geum_df_fire,intro,यह एक ऐसा दिन है जब आपकी प्रेम ऊर्जा पूरी तरह से ख़त्म हो जाती है और आपका रिश्ता संकट में है।,1
love_D_geum_df_fire,effect,भावनात्मक थकावट रिश्तों को सुधारना कठिन बना देती है।,1
love_D_geum_df_fire,action,आज कोई भी रोमांटिक निर्णय न लें।,1
love_D_geum_df_fire,state,"निर्णय लेने की क्षमता को बहुत कमजोर किया जा सकता है, और कोई भी विकल्प पछतावे का कारण बन सकता है, और मजबूत यांग आवेगों को प्रोत्साहित कर सकता है और लापरवाह कार्यों को जन्म दे सकता है।",1
love_D_geum_df_water,intro,यह एक ऐसा दिन है जब आपकी प्रेम ऊर्जा पूरी तरह से ख़त्म हो जाती है और आपका रिश्ता संकट में है।,1
love_D_geum_df_water,effect,भावनात्मक थकावट रिश्तों को सुधारना कठिन बना देती है।,1
love_D_geum_df_water,action,आज कोई भी रोमांटिक निर्णय न लें।,1
love_D_geum_df_water,state,"आपका दृढ़ संकल्प बुरी तरह टूट सकता है, और आपके द्वारा चुने गए किसी भी विकल्प के परिणामस्वरूप पछतावा हो सकता है, और भारी बारिश और बर्फ़ की तीव्रता आपकी भावनाओं को हिंसक रूप से झकझोर सकती है, जिससे उन्हें नियंत्रित करना मुश्किल हो जाएगा।",1
love_D_geum_df_wood,intro,यह एक ऐसा दिन है जब आपकी प्रेम ऊर्जा पूरी तरह से ख़त्म हो जाती है और आपका रिश्ता संकट में है।,1
love_D_geum_df_wood,effect,भावनात्मक थकावट रिश्तों को सुधारना कठिन बना देती है।,1
love_D_geum_df_wood,action,आज कोई भी रोमांटिक निर्णय न लें।,1
love_D_geum_df_wood,state,"आपका दृढ़ संकल्प बुरी तरह टूट सकता है, आपके द्वारा किया गया कोई भी विकल्प पछतावे में समाप्त हो सकता है, और परिवर्तन की प्रचंड ऊर्जा के कारण आपकी सभी भविष्यवाणियाँ भटक सकती हैं।",1
love_D_geum_ex_earth,intro,यह एक ऐसा दिन है जब आपकी प्रेम ऊर्जा पूरी तरह से ख़त्म हो जाती है और आपका रिश्ता संकट में है।,1
love_D_geum_ex_earth,effect,भावनात्मक थकावट रिश्तों को सुधारना कठिन बना देती है।,1
love_D_geum_ex_earth,action,आज कोई भी रोमांटिक निर्णय न लें।,1
love_D_geum_ex_earth,state,"यदि तीक्ष्णता बहुत दूर तक जाती है, तो यह आसपास के वातावरण के साथ एक गहरी दरार पैदा कर सकती है, और घनी बादल वाली ऊर्जा हर चीज़ को बहुत धीमा कर सकती है।",1
love_D_geum_ex_fire,intro,यह एक ऐसा दिन है जब आपकी प्रेम ऊर्जा पूरी तरह से ख़त्म हो जाती है और आपका रिश्ता संकट में है।,1
love_D_geum_ex_fire,effect,भावनात्मक थकावट रिश्तों को सुधारना कठिन बना देती है।,1
love_D_geum_ex_fire,action,आज कोई भी रोमांटिक निर्णय न लें।,1
love_D_geum_ex_fire,state,"तीखापन बहुत दूर तक जा सकता है और आपके आस-पास के लोगों के साथ गहरी दरार पैदा कर सकता है, और मजबूत यांग आवेगों को प्रोत्साहित कर सकता है और लापरवाह कार्यों को जन्म दे सकता है।",1
love_D_geum_ex_water,intro,यह एक ऐसा दिन है जब आपकी प्रेम ऊर्जा पूरी तरह से ख़त्म हो जाती है और आपका रिश्ता संकट में है।,1
love_D_geum_ex_water,effect,भावनात्मक थकावट रिश्तों को सुधारना कठिन बना देती है।,1
love_D_geum_ex_water,action,आज कोई भी रोमांटिक निर्णय न लें।,1
love_D_geum_ex_water,state,"तीव्रता बहुत दूर तक जा सकती है और आसपास के वातावरण में गहरी दरारें पैदा कर सकती है, और भारी बारिश और बर्फ की ताकत आपकी भावनाओं को हिंसक रूप से झकझोर सकती है, जिससे उन्हें नियंत्रित करना मुश्किल हो जाता है।",1
love_D_geum_ex_wood,intro,यह एक ऐसा दिन है जब आपकी प्रेम ऊर्जा पूरी तरह से ख़त्म हो जाती है और आपका रिश्ता संकट में है।,1
love_D_geum_ex_wood,effect,भावनात्मक थकावट रिश्तों को सुधारना कठिन बना देती है।,1
love_D_geum_ex_wood,action,आज कोई भी रोमांटिक निर्णय न लें।,1
love_D_geum_ex_wood,state,"तीक्ष्णता बहुत दूर तक जा सकती है और परिवेश में गहरी दरारें पैदा कर सकती है, और परिवर्तन की प्रचंड ऊर्जा सभी भविष्यवाणियों को भटका सकती है।",1
love_D_hwa_df_earth,intro,यह एक ऐसा दिन है जब प्यार की भावना पूरी तरह से अवरुद्ध हो जाती है और दूसरे व्यक्ति के साथ संचार असंभव हो जाता है।,1
love_D_hwa_df_earth,effect,अत्यधिक भावनात्मक वियोग रिश्तों में घातक घाव छोड़ जाता है।,1
love_D_hwa_df_earth,action,भावनात्मक व्यवहार से पूरी तरह दूर रहें और अकेले आराम खोजें।,1
love_D_hwa_df_earth,state,"किसी की भावनाओं को व्यक्त करने का रास्ता पूरी तरह से बंद है, जो गलतफहमियों और वियोग को गहरा कर सकता है, और मोटी, धुंधली ऊर्जा हर चीज को बहुत धीमा कर सकती है।",1
love_D_hwa_df_fire,intro,यह एक ऐसा दिन है जब प्यार की भावना पूरी तरह से अवरुद्ध हो जाती है और दूसरे व्यक्ति के साथ संचार असंभव हो जाता है।,1
love_D_hwa_df_fire,effect,अत्यधिक भावनात्मक वियोग रिश्तों में घातक घाव छोड़ जाता है।,1
love_D_hwa_df_fire,action,भावनात्मक व्यवहार से पूरी तरह दूर रहें और अकेले आराम खोजें।,1
love_D_hwa_df_fire,state,"किसी की भावनाओं को संप्रेषित करने का रास्ता पूरी तरह से बंद है, जिससे गलतफहमी और अलगाव गहरा हो सकता है, और मजबूत सकारात्मक ऊर्जा आवेगों को प्रोत्साहित कर सकती है और लापरवाह कार्यों को जन्म दे सकती है।",1
love_D_hwa_df_water,intro,यह एक ऐसा दिन है जब प्यार की भावना पूरी तरह से अवरुद्ध हो जाती है और दूसरे व्यक्ति के साथ संचार असंभव हो जाता है।,1
love_D_hwa_df_water,effect,अत्यधिक भावनात्मक वियोग रिश्तों में घातक घाव छोड़ जाता है।,1
love_D_hwa_df_water,action,भावनात्मक व्यवहार से पूरी तरह दूर रहें और अकेले आराम खोजें।,1
love_D_hwa_df_water,state,"किसी की भावनाओं को संप्रेषित करने का रास्ता पूरी तरह से बंद है, जिससे गलतफहमियां और वियोग गहरा सकता है, और भारी बारिश और बर्फ की ताकत भावनाओं को हिंसक रूप से झकझोर सकती है, जिससे उन्हें नियंत्रित करना मुश्किल हो जाता है।",1
love_D_hwa_df_wood,intro,यह एक ऐसा दिन है जब प्यार की भावना पूरी तरह से अवरुद्ध हो जाती है और दूसरे व्यक्ति के साथ संचार असंभव हो जाता है।,1
love_D_hwa_df_wood,effect,अत्यधिक भावनात्मक वियोग रिश्तों में घातक घाव छोड़ जाता है।,1
love_D_hwa_df_wood,action,भावनात्मक व्यवहार से पूरी तरह दूर रहें और अकेले आराम खोजें।,1
love_D_hwa_df_wood,state,"किसी की भावनाओं को संप्रेषित करने का रास्ता पूरी तरह से बंद हो जाता है, गलतफहमियाँ और वियोग गहरा हो सकता है, और परिवर्तन की उग्र ऊर्जा सभी भविष्यवाणियों को भटका सकती है।",1
love_D_hwa_ex_earth,intro,यह एक ऐसा दिन है जब प्यार की भावना पूरी तरह से अवरुद्ध हो जाती है और दूसरे व्यक्ति के साथ संचार असंभव हो जाता है।,1
love_D_hwa_ex_earth,effect,अत्यधिक भावनात्मक वियोग रिश्तों में घातक घाव छोड़ जाता है।,1
love_D_hwa_ex_earth,action,भावनात्मक व्यवहार से पूरी तरह दूर रहें और अकेले आराम खोजें।,1
love_D_hwa_ex_earth,state,"अत्यधिक गरम भावनाएँ एक अपूरणीय संघर्ष में फैल सकती हैं, और घनी बादल वाली ऊर्जा सब कुछ बहुत धीमा कर सकती है।",1
love_D_hwa_ex_fire,intro,यह एक ऐसा दिन है जब प्यार की भावना पूरी तरह से अवरुद्ध हो जाती है और दूसरे व्यक्ति के साथ संचार असंभव हो जाता है।,1
love_D_hwa_ex_fire,effect,अत्यधिक भावनात्मक वियोग रिश्तों में घातक घाव छोड़ जाता है।,1
love_D_hwa_ex_fire,action,भावनात्मक व्यवहार से पूरी तरह दूर रहें और अकेले आराम खोजें।,1
love_D_hwa_ex_fire,state,"अत्यधिक गरम भावनाएं अपरिवर्तनीय संघर्ष का कारण बन सकती हैं, और मजबूत यांग आवेगों को प्रोत्साहित कर सकता है और लापरवाह कार्यों को जन्म दे सकता है।",1
love_D_hwa_ex_water,intro,यह एक ऐसा दिन है जब प्यार की भावना पूरी तरह से अवरुद्ध हो जाती है और दूसरे व्यक्ति के साथ संचार असंभव हो जाता है।,1
love_D_hwa_ex_water,effect,अत्यधिक भावनात्मक वियोग रिश्तों में घातक घाव छोड़ जाता है।,1
love_D_hwa_ex_water,action,भावनात्मक व्यवहार से पूरी तरह दूर रहें और अकेले आराम खोजें।,1
love_D_hwa_ex_water,state,"अत्यधिक गरम भावनाएं एक अपूरणीय संघर्ष में फैल सकती हैं, और भारी बारिश और बर्फ की ताकत भावनाओं को हिंसक रूप से हिला देती है, जिससे नियंत्रण मुश्किल हो जाता है।",1
love_D_hwa_ex_wood,intro,यह एक ऐसा दिन है जब प्यार की भावना पूरी तरह से अवरुद्ध हो जाती है और दूसरे व्यक्ति के साथ संचार असंभव हो जाता है।,1
love_D_hwa_ex_wood,effect,अत्यधिक भावनात्मक वियोग रिश्तों में घातक घाव छोड़ जाता है।,1
love_D_hwa_ex_wood,action,भावनात्मक व्यवहार से पूरी तरह दूर रहें और अकेले आराम खोजें।,1
love_D_hwa_ex_wood,state,"अत्यधिक गरम भावनाएँ एक अपूरणीय संघर्ष में फैल सकती हैं, और परिवर्तन की उग्र ऊर्जा सभी भविष्यवाणियों को भटका सकती है।",1
love_D_mok_df_earth,intro,यह एक ऐसा दिन है जब रिश्तों को विस्तार देने की ऊर्जा पूरी तरह खत्म हो जाती है और कोई भी प्रयास प्रतिकूल होता है।,1
love_D_mok_df_earth,effect,"रिश्ते की सभी दिशाएँ अवरुद्ध हो गई हैं, और संकट और गहरा हो गया है।",1
love_D_mok_df_earth,action,आज रिश्ते से पूरी तरह दूर हो जाएं और ठीक होने का इंतजार करें।,1
love_D_mok_df_earth,state,"डर आपको कार्रवाई करने से पूरी तरह से रोक सकता है और यहां तक ​​कि आपको अवसरों को खोने का कारण भी बन सकता है, और घनी बादल वाली ऊर्जा हर चीज को बहुत धीमा कर सकती है।",1
love_D_mok_df_fire,intro,यह एक ऐसा दिन है जब रिश्तों को विस्तार देने की ऊर्जा पूरी तरह खत्म हो जाती है और कोई भी प्रयास प्रतिकूल होता है।,1
love_D_mok_df_fire,effect,"रिश्ते की सभी दिशाएँ अवरुद्ध हो गई हैं, और संकट और गहरा हो गया है।",1
love_D_mok_df_fire,action,आज रिश्ते से पूरी तरह दूर हो जाएं और ठीक होने का इंतजार करें।,1
love_D_mok_df_fire,state,"डर किसी कार्य को पूरी तरह से रोक सकता है और यहां तक कि अवसरों की हानि भी हो सकती है, और मजबूत सकारात्मक ऊर्जा आवेगों को प्रोत्साहित कर सकती है और लापरवाह कार्यों को जन्म दे सकती है।",1
love_D_mok_df_water,intro,यह एक ऐसा दिन है जब रिश्तों को विस्तार देने की ऊर्जा पूरी तरह खत्म हो जाती है और कोई भी प्रयास प्रतिकूल होता है।,1
love_D_mok_df_water,effect,"रिश्ते की सभी दिशाएँ अवरुद्ध हो गई हैं, और संकट और गहरा हो गया है।",1
love_D_mok_df_water,action,आज रिश्ते से पूरी तरह दूर हो जाएं और ठीक होने का इंतजार करें।,1
love_D_mok_df_water,state,"डर आपको कार्रवाई करने से पूरी तरह से रोक सकता है और यहां तक कि आपके लिए अवसर भी खो सकता है, और भारी बारिश और बर्फबारी की ताकत आपकी भावनाओं को इतना हिला सकती है कि उन्हें नियंत्रित करना मुश्किल हो जाता है।",1
love_D_mok_df_wood,intro,यह एक ऐसा दिन है जब रिश्तों को विस्तार देने की ऊर्जा पूरी तरह खत्म हो जाती है और कोई भी प्रयास प्रतिकूल होता है।,1
love_D_mok_df_wood,effect,"रिश्ते की सभी दिशाएँ अवरुद्ध हो गई हैं, और संकट और गहरा हो गया है।",1
love_D_mok_df_wood,action,आज रिश्ते से पूरी तरह दूर हो जाएं और ठीक होने का इंतजार करें।,1
love_D_mok_df_wood,state,"डर कार्रवाई को पूरी तरह से रोक सकता है और यहां तक कि अवसरों की हानि भी हो सकती है, और परिवर्तन की प्रचंड ऊर्जा सभी भविष्यवाणियों को भटका सकती है।",1
love_D_mok_ex_earth,intro,यह एक ऐसा दिन है जब रिश्तों को विस्तार देने की ऊर्जा पूरी तरह खत्म हो जाती है और कोई भी प्रयास प्रतिकूल होता है।,1
love_D_mok_ex_earth,effect,"रिश्ते की सभी दिशाएँ अवरुद्ध हो गई हैं, और संकट और गहरा हो गया है।",1
love_D_mok_ex_earth,action,आज रिश्ते से पूरी तरह दूर हो जाएं और ठीक होने का इंतजार करें।,1
love_D_mok_ex_earth,state,"अनियंत्रित प्रेरणा अनुचित दुर्घटनाओं को जन्म दे सकती है, और घनी धुंधली ऊर्जा हर चीज़ को बहुत धीमा कर सकती है।",1
love_D_mok_ex_fire,intro,यह एक ऐसा दिन है जब रिश्तों को विस्तार देने की ऊर्जा पूरी तरह खत्म हो जाती है और कोई भी प्रयास प्रतिकूल होता है।,1
love_D_mok_ex_fire,effect,"रिश्ते की सभी दिशाएँ अवरुद्ध हो गई हैं, और संकट और गहरा हो गया है।",1
love_D_mok_ex_fire,action,आज रिश्ते से पूरी तरह दूर हो जाएं और ठीक होने का इंतजार करें।,1
love_D_mok_ex_fire,state,"अनियंत्रित प्रेरणा अनुचित दुर्घटनाओं को जन्म दे सकती है, और मजबूत सकारात्मक ऊर्जा आवेगों को प्रोत्साहित कर सकती है और लापरवाह कार्यों को जन्म दे सकती है।",1
love_D_mok_ex_water,intro,यह एक ऐसा दिन है जब रिश्तों को विस्तार देने की ऊर्जा पूरी तरह खत्म हो जाती है और कोई भी प्रयास प्रतिकूल होता है।,1
love_D_mok_ex_water,effect,"रिश्ते की सभी दिशाएँ अवरुद्ध हो गई हैं, और संकट और गहरा हो गया है।",1
love_D_mok_ex_water,action,आज रिश्ते से पूरी तरह दूर हो जाएं और ठीक होने का इंतजार करें।,1
love_D_mok_ex_water,state,"अनियंत्रित प्रेरणा अनुचित दुर्घटनाओं को जन्म दे सकती है, और भारी बारिश और बर्फ की ताकत भावनाओं को हिंसक रूप से हिला सकती है, जिससे नियंत्रण मुश्किल हो जाता है।",1
love_D_mok_ex_wood,intro,यह एक ऐसा दिन है जब रिश्तों को विस्तार देने की ऊर्जा पूरी तरह खत्म हो जाती है और कोई भी प्रयास प्रतिकूल होता है।,1
love_D_mok_ex_wood,effect,"रिश्ते की सभी दिशाएँ अवरुद्ध हो गई हैं, और संकट और गहरा हो गया है।",1
love_D_mok_ex_wood,action,आज रिश्ते से पूरी तरह दूर हो जाएं और ठीक होने का इंतजार करें।,1
love_D_mok_ex_wood,state,"अनियंत्रित प्रेरणा अनुचित सोच को जन्म दे सकती है, और परिवर्तन की प्रचंड ऊर्जा सभी भविष्यवाणियों को भटका सकती है।",1
love_D_su_df_earth,intro,यह एक ऐसा दिन है जब भावनात्मक संचार पूरी तरह से बंद हो जाता है और हर बातचीत संघर्ष में बदल जाती है।,1
love_D_su_df_earth,effect,संवाद करने में असमर्थता रिश्ते को सबसे खराब स्थिति में धकेल रही है।,1
love_D_su_df_earth,action,आज सारी भावनात्मक बातचीत बंद कर दें और कल का इंतज़ार करें।,1
love_D_su_df_earth,state,"एक कठोर रवैया सभी प्रवाह को अवरुद्ध कर देता है, जिससे प्रगति कठिन हो जाती है, और मोटी, धुंधली ऊर्जा हर चीज को बहुत धीमा कर सकती है।",1
love_D_su_df_fire,intro,यह एक ऐसा दिन है जब भावनात्मक संचार पूरी तरह से बंद हो जाता है और हर बातचीत संघर्ष में बदल जाती है।,1
love_D_su_df_fire,effect,संवाद करने में असमर्थता रिश्ते को सबसे खराब स्थिति में धकेल रही है।,1
love_D_su_df_fire,action,आज सारी भावनात्मक बातचीत बंद कर दें और कल का इंतज़ार करें।,1
love_D_su_df_fire,state,"एक कठोर रवैया सभी प्रवाह को अवरुद्ध करता है, प्रगति को कठिन बनाता है, और मजबूत सकारात्मक ऊर्जा आवेगों को प्रोत्साहित कर सकती है और लापरवाह कार्यों को जन्म दे सकती है।",1
love_D_su_df_water,intro,यह एक ऐसा दिन है जब भावनात्मक संचार पूरी तरह से बंद हो जाता है और हर बातचीत संघर्ष में बदल जाती है।,1
love_D_su_df_water,effect,संवाद करने में असमर्थता रिश्ते को सबसे खराब स्थिति में धकेल रही है।,1
love_D_su_df_water,action,आज सारी भावनात्मक बातचीत बंद कर दें और कल का इंतज़ार करें।,1
love_D_su_df_water,state,"एक कठोर रवैया सभी प्रवाह को अवरुद्ध कर देता है, जिससे प्रगति मुश्किल हो जाती है, और भारी बारिश और बर्फ की ताकत भावनाओं को हिंसक रूप से हिला देती है, जिससे नियंत्रण मुश्किल हो जाता है।",1
love_D_su_df_wood,intro,यह एक ऐसा दिन है जब भावनात्मक संचार पूरी तरह से बंद हो जाता है और हर बातचीत संघर्ष में बदल जाती है।,1
love_D_su_df_wood,effect,संवाद करने में असमर्थता रिश्ते को सबसे खराब स्थिति में धकेल रही है।,1
love_D_su_df_wood,action,आज सारी भावनात्मक बातचीत बंद कर दें और कल का इंतज़ार करें।,1
love_D_su_df_wood,state,"एक कठोर रवैया सभी प्रवाह को अवरुद्ध कर देता है, जिससे प्रगति कठिन हो जाती है, और परिवर्तन की उग्र ऊर्जा सभी भविष्यवाणियों को भटका सकती है।",1
love_D_su_ex_earth,intro,यह एक ऐसा दिन है जब भावनात्मक संचार पूरी तरह से बंद हो जाता है और हर बातचीत संघर्ष में बदल जाती है।,1
love_D_su_ex_earth,effect,संवाद करने में असमर्थता रिश्ते को सबसे खराब स्थिति में धकेल रही है।,1
love_D_su_ex_earth,action,आज सारी भावनात्मक बातचीत बंद कर दें और कल का इंतज़ार करें।,1
love_D_su_ex_earth,state,"भावनाओं का तूफ़ान तर्क पर हावी हो सकता है और बड़ी ग़लतियों को जन्म दे सकता है, और मोटी, धुंधली ऊर्जा हर चीज़ को बहुत धीमा कर सकती है।",1
love_D_su_ex_fire,intro,यह एक ऐसा दिन है जब भावनात्मक संचार पूरी तरह से बंद हो जाता है और हर बातचीत संघर्ष में बदल जाती है।,1
love_D_su_ex_fire,effect,संवाद करने में असमर्थता रिश्ते को सबसे खराब स्थिति में धकेल रही है।,1
love_D_su_ex_fire,action,आज सारी भावनात्मक बातचीत बंद कर दें और कल का इंतज़ार करें।,1
love_D_su_ex_fire,state,"भावनाओं का सैलाब तर्क पर हावी हो सकता है और बड़ी गलतियों को जन्म दे सकता है, और मजबूत सकारात्मक ऊर्जा आवेगों को प्रोत्साहित कर सकती है और लापरवाह कार्यों को जन्म दे सकती है।",1
love_D_su_ex_water,intro,यह एक ऐसा दिन है जब भावनात्मक संचार पूरी तरह से बंद हो जाता है और हर बातचीत संघर्ष में बदल जाती है।,1
love_D_su_ex_water,effect,संवाद करने में असमर्थता रिश्ते को सबसे खराब स्थिति में धकेल रही है।,1
love_D_su_ex_water,action,आज सारी भावनात्मक बातचीत बंद कर दें और कल का इंतज़ार करें।,1
love_D_su_ex_water,state,"भावनाओं का सैलाब तर्क पर हावी हो सकता है और बड़ी ग़लतियों को जन्म दे सकता है, और भारी बारिश और बर्फ़ की तीव्रता भावनाओं को हिंसक रूप से झकझोर सकती है, जिससे उन्हें नियंत्रित करना मुश्किल हो जाता है।",1
love_D_su_ex_wood,intro,यह एक ऐसा दिन है जब भावनात्मक संचार पूरी तरह से बंद हो जाता है और हर बातचीत संघर्ष में बदल जाती है।,1
love_D_su_ex_wood,effect,संवाद करने में असमर्थता रिश्ते को सबसे खराब स्थिति में धकेल रही है।,1
love_D_su_ex_wood,action,आज सारी भावनात्मक बातचीत बंद कर दें और कल का इंतज़ार करें।,1
love_D_su_ex_wood,state,"भावनाओं का सैलाब तर्क पर हावी हो सकता है और बड़ी गलतियों को जन्म दे सकता है, और परिवर्तन की प्रचंड ऊर्जा सभी भविष्यवाणियों को भटका सकती है।",1
love_D_to_df_earth,intro,यह एक ऐसा दिन है जब रिश्ते में सारी स्थिरता खत्म हो जाती है और कोई भी रोमांटिक क्रिया खतरनाक होती है।,1
love_D_to_df_earth,effect,अत्यधिक अस्थिरता किसी रिश्ते को मोड़ना कठिन बना देती है।,1
love_D_to_df_earth,action,आज डेटिंग को पूरी तरह से छोड़ दें और खुद को ठीक करने पर ध्यान दें।,1
love_D_to_df_earth,state,"आप अपना संतुलन पूरी तरह से खो सकते हैं और सब कुछ नियंत्रण से बाहर हो सकता है, और घने बादलों वाली ऊर्जा हर चीज़ को बहुत धीमा कर सकती है।",1
love_D_to_df_fire,intro,यह एक ऐसा दिन है जब रिश्ते में सारी स्थिरता खत्म हो जाती है और कोई भी रोमांटिक क्रिया खतरनाक होती है।,1
love_D_to_df_fire,effect,अत्यधिक अस्थिरता किसी रिश्ते को मोड़ना कठिन बना देती है।,1
love_D_to_df_fire,action,आज डेटिंग को पूरी तरह से छोड़ दें और खुद को ठीक करने पर ध्यान दें।,1
love_D_to_df_fire,state,"यदि आप पूरी तरह से अपना संतुलन खो देते हैं, तो सब कुछ नियंत्रण से बाहर हो सकता है, और मजबूत यांग ऊर्जा आवेगों को प्रोत्साहित कर सकती है और आपको लापरवाह कार्यों के लिए प्रेरित कर सकती है।",1
love_D_to_df_water,intro,यह एक ऐसा दिन है जब रिश्ते में सारी स्थिरता खत्म हो जाती है और कोई भी रोमांटिक क्रिया खतरनाक होती है।,1
love_D_to_df_water,effect,अत्यधिक अस्थिरता किसी रिश्ते को मोड़ना कठिन बना देती है।,1
love_D_to_df_water,action,आज डेटिंग को पूरी तरह से छोड़ दें और खुद को ठीक करने पर ध्यान दें।,1
love_D_to_df_water,state,"आप पूरी तरह से अपना संतुलन खो सकते हैं और सब कुछ नियंत्रण से बाहर हो सकता है, और भारी बारिश और बर्फ़ की तीव्रता आपकी भावनाओं को इतना हिला सकती है कि उन्हें नियंत्रित करना मुश्किल हो जाता है।",1
love_D_to_df_wood,intro,यह एक ऐसा दिन है जब रिश्ते में सारी स्थिरता खत्म हो जाती है और कोई भी रोमांटिक क्रिया खतरनाक होती है।,1
love_D_to_df_wood,effect,अत्यधिक अस्थिरता किसी रिश्ते को मोड़ना कठिन बना देती है।,1
love_D_to_df_wood,action,आज डेटिंग को पूरी तरह से छोड़ दें और खुद को ठीक करने पर ध्यान दें।,1
love_D_to_df_wood,state,"यदि आप अपना संतुलन पूरी तरह से खो देते हैं, तो सब कुछ नियंत्रण से बाहर हो सकता है, और परिवर्तन की हिंसक ऊर्जा आपकी सभी भविष्यवाणियों को भटका सकती है।",1
love_D_to_ex_earth,intro,यह एक ऐसा दिन है जब रिश्ते में सारी स्थिरता खत्म हो जाती है और कोई भी रोमांटिक क्रिया खतरनाक होती है।,1
love_D_to_ex_earth,effect,अत्यधिक अस्थिरता किसी रिश्ते को मोड़ना कठिन बना देती है।,1
love_D_to_ex_earth,action,आज डेटिंग को पूरी तरह से छोड़ दें और खुद को ठीक करने पर ध्यान दें।,1
love_D_to_ex_earth,state,"परिवर्तन से इनकार करने से संकट बढ़ सकता है और पुनर्प्राप्ति कठिन हो सकती है, और घना, बादल भरा वातावरण सब कुछ बहुत धीमा कर सकता है।",1
love_D_to_ex_fire,intro,यह एक ऐसा दिन है जब रिश्ते में सारी स्थिरता खत्म हो जाती है और कोई भी रोमांटिक क्रिया खतरनाक होती है।,1
love_D_to_ex_fire,effect,अत्यधिक अस्थिरता किसी रिश्ते को मोड़ना कठिन बना देती है।,1
love_D_to_ex_fire,action,आज डेटिंग को पूरी तरह से छोड़ दें और खुद को ठीक करने पर ध्यान दें।,1
love_D_to_ex_fire,state,"परिवर्तन से इनकार करने से संकट बढ़ सकता है और पुनर्प्राप्ति कठिन हो सकती है, और मजबूत सकारात्मक ऊर्जा आवेगों को प्रोत्साहित कर सकती है और लापरवाह कार्यों को जन्म दे सकती है।",1
love_D_to_ex_water,intro,यह एक ऐसा दिन है जब रिश्ते में सारी स्थिरता खत्म हो जाती है और कोई भी रोमांटिक क्रिया खतरनाक होती है।,1
love_D_to_ex_water,effect,अत्यधिक अस्थिरता किसी रिश्ते को मोड़ना कठिन बना देती है।,1
love_D_to_ex_water,action,आज डेटिंग को पूरी तरह से छोड़ दें और खुद को ठीक करने पर ध्यान दें।,1
love_D_to_ex_water,state,"परिवर्तन से इनकार करने से संकट बढ़ सकता है और पुनर्प्राप्ति कठिन हो सकती है, और भारी बारिश और बर्फ़ की तीव्रता भावनाओं को हिंसक रूप से हिला सकती है, जिससे नियंत्रण मुश्किल हो जाता है।",1
love_D_to_ex_wood,intro,यह एक ऐसा दिन है जब रिश्ते में सारी स्थिरता खत्म हो जाती है और कोई भी रोमांटिक क्रिया खतरनाक होती है।,1
love_D_to_ex_wood,effect,अत्यधिक अस्थिरता किसी रिश्ते को मोड़ना कठिन बना देती है।,1
love_D_to_ex_wood,action,आज डेटिंग को पूरी तरह से छोड़ दें और खुद को ठीक करने पर ध्यान दें।,1
love_D_to_ex_wood,state,"परिवर्तन से इनकार करने से संकट बढ़ सकता है और पुनर्प्राप्ति कठिन हो सकती है, और परिवर्तन की प्रचंड ऊर्जा सभी भविष्यवाणियों को भटका सकती है।",1
health_A,intro,आज आपका शरीर और दिमाग दोनों जीवंत हैं और आप किसी भी गतिविधि को आसानी से संभाल सकते हैं।,1
health_A,intro,"आज आपकी स्वास्थ्य ऊर्जा चरम पर रहेगी, जिससे आपका दिन सामान्य से कहीं अधिक हल्का और तरोताजा रहेगा।",1
health_A,effect,आप ऊर्जा से भरपूर हैं और बिना किसी कठिनाई के नई चुनौतियों का सामना कर सकते हैं।,1
health_A,effect,"स्थिति को सर्वोत्तम बनाए रखा जाता है, जिसमें एकाग्रता और सहनशक्ति दोनों का उच्च स्तर दिखाई देता है।",1
health_A,action,"जो व्यायाम या स्वास्थ्य संबंधी योजनाएँ आप टाल रहे थे, उन्हें आज ही शुरू करें।",1
health_A,action,यह आपके शरीर द्वारा आपको बताए गए अच्छे संकेतों पर भरोसा करने और एक सक्रिय दिन बिताने के लिए पर्याप्त है।,1
health_A_geum_df_earth,intro,यह एक ऐसा दिन है जब आपके शरीर की ऊर्जा अपने चरम पर होती है और आप अपनी सर्वोत्तम स्थिति में किसी भी चीज़ से निपट सकते हैं।,1
health_A_geum_df_earth,effect,तीव्र शारीरिक प्रतिक्रियाएँ सभी गतिविधियों में सर्वोच्च प्रदर्शन उत्पन्न करती हैं।,1
health_A_geum_df_earth,action,उच्च तीव्रता वाले व्यायाम या चुनौतीपूर्ण शारीरिक गतिविधि का प्रयास करें।,1
health_A_geum_df_earth,state,"शांत निर्णय से विवेक बढ़ता है, जिससे गहरी अंतर्दृष्टि प्राप्त होती है, और शांत ऊर्जा से विवेक बढ़ता है, जिससे अच्छे परिणाम मिलते हैं।",1
health_A_geum_df_fire,intro,यह एक ऐसा दिन है जब आपके शरीर की ऊर्जा अपने चरम पर होती है और आप अपनी सर्वोत्तम स्थिति में किसी भी चीज़ से निपट सकते हैं।,1
health_A_geum_df_fire,effect,तीव्र शारीरिक प्रतिक्रियाएँ सभी गतिविधियों में सर्वोच्च प्रदर्शन उत्पन्न करती हैं।,1
health_A_geum_df_fire,action,उच्च तीव्रता वाले व्यायाम या चुनौतीपूर्ण शारीरिक गतिविधि का प्रयास करें।,1
health_A_geum_df_fire,state,"शांत निर्णय विवेक को बढ़ाता है, गहरी अंतर्दृष्टि की ओर ले जाता है, और स्पष्ट ऊर्जा जीवन शक्ति को बढ़ाती है और एक अच्छा प्रवाह बनाती है।",1
health_A_geum_df_water,intro,यह एक ऐसा दिन है जब आपके शरीर की ऊर्जा अपने चरम पर होती है और आप अपनी सर्वोत्तम स्थिति में किसी भी चीज़ से निपट सकते हैं।,1
health_A_geum_df_water,effect,तीव्र शारीरिक प्रतिक्रियाएँ सभी गतिविधियों में सर्वोच्च प्रदर्शन उत्पन्न करती हैं।,1
health_A_geum_df_water,action,उच्च तीव्रता वाले व्यायाम या चुनौतीपूर्ण शारीरिक गतिविधि का प्रयास करें।,1
health_A_geum_df_water,state,"शांत निर्णय विवेक को बढ़ाता है और गहरी अंतर्दृष्टि की ओर ले जाता है, और नम ऊर्जा मन को गहराई से परिष्कृत करती है और स्पष्ट दृष्टि खोलती है।",1
health_A_geum_df_wood,intro,यह एक ऐसा दिन है जब आपके शरीर की ऊर्जा अपने चरम पर होती है और आप अपनी सर्वोत्तम स्थिति में किसी भी चीज़ से निपट सकते हैं।,1
health_A_geum_df_wood,effect,तीव्र शारीरिक प्रतिक्रियाएँ सभी गतिविधियों में सर्वोच्च प्रदर्शन उत्पन्न करती हैं।,1
health_A_geum_df_wood,action,उच्च तीव्रता वाले व्यायाम या चुनौतीपूर्ण शारीरिक गतिविधि का प्रयास करें।,1
health_A_geum_df_wood,state,"शांत निर्णय विवेक को बढ़ाता है, गहरी अंतर्दृष्टि की ओर ले जाता है और गतिशील ऊर्जा नई संभावनाओं को खोलती है।",1
health_A_geum_ex_earth,intro,यह एक ऐसा दिन है जब आपके शरीर की ऊर्जा अपने चरम पर होती है और आप अपनी सर्वोत्तम स्थिति में किसी भी चीज़ से निपट सकते हैं।,1
health_A_geum_ex_earth,effect,तीव्र शारीरिक प्रतिक्रियाएँ सभी गतिविधियों में सर्वोच्च प्रदर्शन उत्पन्न करती हैं।,1
health_A_geum_ex_earth,action,उच्च तीव्रता वाले व्यायाम या चुनौतीपूर्ण शारीरिक गतिविधि का प्रयास करें।,1
health_A_geum_ex_earth,state,"तीव्र निर्णय मूल में प्रवेश करता है और स्पष्ट निष्कर्ष की ओर ले जाता है, और शांत ऊर्जा विवेक को बढ़ाती है, जिससे अच्छे परिणाम मिलते हैं।",1
health_A_geum_ex_fire,intro,यह एक ऐसा दिन है जब आपके शरीर की ऊर्जा अपने चरम पर होती है और आप अपनी सर्वोत्तम स्थिति में किसी भी चीज़ से निपट सकते हैं।,1
health_A_geum_ex_fire,effect,तीव्र शारीरिक प्रतिक्रियाएँ सभी गतिविधियों में सर्वोच्च प्रदर्शन उत्पन्न करती हैं।,1
health_A_geum_ex_fire,action,उच्च तीव्रता वाले व्यायाम या चुनौतीपूर्ण शारीरिक गतिविधि का प्रयास करें।,1
health_A_geum_ex_fire,state,"तीव्र निर्णय मूल में प्रवेश करता है और स्पष्ट निष्कर्ष निकालता है, और स्पष्ट ऊर्जा जीवन शक्ति को बढ़ाती है और एक अच्छा प्रवाह बनाती है।",1
health_A_geum_ex_water,intro,यह एक ऐसा दिन है जब आपके शरीर की ऊर्जा अपने चरम पर होती है और आप अपनी सर्वोत्तम स्थिति में किसी भी चीज़ से निपट सकते हैं।,1
health_A_geum_ex_water,effect,तीव्र शारीरिक प्रतिक्रियाएँ सभी गतिविधियों में सर्वोच्च प्रदर्शन उत्पन्न करती हैं।,1
health_A_geum_ex_water,action,उच्च तीव्रता वाले व्यायाम या चुनौतीपूर्ण शारीरिक गतिविधि का प्रयास करें।,1
health_A_geum_ex_water,state,"तीव्र निर्णय मूल में प्रवेश करता है और स्पष्ट निष्कर्ष निकालता है, और नम ऊर्जा मन को गहराई से परिष्कृत करती है और स्पष्ट दृष्टि खोलती है।",1
health_A_geum_ex_wood,intro,यह एक ऐसा दिन है जब आपके शरीर की ऊर्जा अपने चरम पर होती है और आप अपनी सर्वोत्तम स्थिति में किसी भी चीज़ से निपट सकते हैं।,1
health_A_geum_ex_wood,effect,तीव्र शारीरिक प्रतिक्रियाएँ सभी गतिविधियों में सर्वोच्च प्रदर्शन उत्पन्न करती हैं।,1
health_A_geum_ex_wood,action,उच्च तीव्रता वाले व्यायाम या चुनौतीपूर्ण शारीरिक गतिविधि का प्रयास करें।,1
health_A_geum_ex_wood,state,"तीव्र निर्णय मूल में प्रवेश करता है और स्पष्ट निष्कर्ष निकालता है, और गतिशील ऊर्जा नई संभावनाओं को खोलती है।",1
health_A_hwa_df_earth,intro,यह एक ऐसा दिन है जब आपकी जीवन शक्ति चमक रही है और आपका समग्र स्वास्थ्य सर्वोत्तम स्थिति में है।,1
health_A_hwa_df_earth,effect,भरपूर जीवन शक्ति एक ही समय में शारीरिक शक्ति और प्रतिरक्षा को बढ़ाती है।,1
health_A_hwa_df_earth,action,"जब आपके पास भरपूर ऊर्जा हो, तो मौज-मस्ती करें और अपनी पसंदीदा गतिविधियों में घूमें।",1
health_A_hwa_df_earth,state,"एक शांत आंतरिक आत्म आपको अपनी ईमानदारी को पूरी तरह से व्यक्त करने की शक्ति देता है, और एक शांत ऊर्जा विवेक को बढ़ाती है, जिससे अच्छे परिणाम मिलते हैं।",1
health_A_hwa_df_fire,intro,यह एक ऐसा दिन है जब आपकी जीवन शक्ति चमक रही है और आपका समग्र स्वास्थ्य सर्वोत्तम स्थिति में है।,1
health_A_hwa_df_fire,effect,भरपूर जीवन शक्ति एक ही समय में शारीरिक शक्ति और प्रतिरक्षा को बढ़ाती है।,1
health_A_hwa_df_fire,action,"जब आपके पास भरपूर ऊर्जा हो, तो मौज-मस्ती करें और अपनी पसंदीदा गतिविधियों में घूमें।",1
health_A_hwa_df_fire,state,"एक शांत आंतरिक आत्म आपको अपनी ईमानदारी को पूरी तरह से व्यक्त करने की शक्ति देता है, और स्पष्ट ऊर्जा आपकी जीवन शक्ति को बढ़ाती है और एक अच्छा प्रवाह बनाती है।",1
health_A_hwa_df_water,intro,यह एक ऐसा दिन है जब आपकी जीवन शक्ति चमक रही है और आपका समग्र स्वास्थ्य सर्वोत्तम स्थिति में है।,1
health_A_hwa_df_water,effect,भरपूर जीवन शक्ति एक ही समय में शारीरिक शक्ति और प्रतिरक्षा को बढ़ाती है।,1
health_A_hwa_df_water,action,"जब आपके पास भरपूर ऊर्जा हो, तो मौज-मस्ती करें और अपनी पसंदीदा गतिविधियों में घूमें।",1
health_A_hwa_df_water,state,"एक शांत आंतरिक आत्म आपको अपनी सच्ची भावनाओं को पूरी तरह से व्यक्त करने की शक्ति देता है, और नम ऊर्जा आपके दिमाग को गहराई से परिष्कृत करती है और स्पष्ट दृष्टि खोलती है।",1
health_A_hwa_df_wood,intro,यह एक ऐसा दिन है जब आपकी जीवन शक्ति चमक रही है और आपका समग्र स्वास्थ्य सर्वोत्तम स्थिति में है।,1
health_A_hwa_df_wood,effect,भरपूर जीवन शक्ति एक ही समय में शारीरिक शक्ति और प्रतिरक्षा को बढ़ाती है।,1
health_A_hwa_df_wood,action,"जब आपके पास भरपूर ऊर्जा हो, तो मौज-मस्ती करें और अपनी पसंदीदा गतिविधियों में घूमें।",1
health_A_hwa_df_wood,state,"एक शांत आंतरिक आत्म आपको अपनी ईमानदारी को पूरी तरह से व्यक्त करने की शक्ति देता है, और गतिशील ऊर्जा नई संभावनाओं को खोलती है।",1
health_A_hwa_ex_earth,intro,यह एक ऐसा दिन है जब आपकी जीवन शक्ति चमक रही है और आपका समग्र स्वास्थ्य सर्वोत्तम स्थिति में है।,1
health_A_hwa_ex_earth,effect,भरपूर जीवन शक्ति एक ही समय में शारीरिक शक्ति और प्रतिरक्षा को बढ़ाती है।,1
health_A_hwa_ex_earth,action,"जब आपके पास भरपूर ऊर्जा हो, तो मौज-मस्ती करें और अपनी पसंदीदा गतिविधियों में घूमें।",1
health_A_hwa_ex_earth,state,"उमड़ता हुआ जुनून गति को बहुत बढ़ाता है और एक अच्छा प्रवाह बनाता है, और शांत ऊर्जा विवेक को बढ़ाती है, जिससे अच्छे परिणाम मिलते हैं।",1
health_A_hwa_ex_fire,intro,यह एक ऐसा दिन है जब आपकी जीवन शक्ति चमक रही है और आपका समग्र स्वास्थ्य सर्वोत्तम स्थिति में है।,1
health_A_hwa_ex_fire,effect,भरपूर जीवन शक्ति एक ही समय में शारीरिक शक्ति और प्रतिरक्षा को बढ़ाती है।,1
health_A_hwa_ex_fire,action,"जब आपके पास भरपूर ऊर्जा हो, तो मौज-मस्ती करें और अपनी पसंदीदा गतिविधियों में घूमें।",1
health_A_hwa_ex_fire,state,"अत्यधिक जुनून प्रेरणा शक्ति को बढ़ाता है और एक अच्छा प्रवाह बनाता है, और स्पष्ट ऊर्जा जीवन शक्ति को बढ़ाती है और एक अच्छा प्रवाह बनाती है।",1
health_A_hwa_ex_water,intro,यह एक ऐसा दिन है जब आपकी जीवन शक्ति चमक रही है और आपका समग्र स्वास्थ्य सर्वोत्तम स्थिति में है।,1
health_A_hwa_ex_water,effect,भरपूर जीवन शक्ति एक ही समय में शारीरिक शक्ति और प्रतिरक्षा को बढ़ाती है।,1
health_A_hwa_ex_water,action,"जब आपके पास भरपूर ऊर्जा हो, तो मौज-मस्ती करें और अपनी पसंदीदा गतिविधियों में घूमें।",1
health_A_hwa_ex_water,state,"उमड़ता हुआ जुनून प्रेरक शक्ति को बहुत बढ़ाता है और एक अच्छा प्रवाह बनाता है, और नम ऊर्जा मन को गहराई से परिष्कृत करती है और स्पष्ट दृष्टि खोलती है।",1
health_A_hwa_ex_wood,intro,यह एक ऐसा दिन है जब आपकी जीवन शक्ति चमक रही है और आपका समग्र स्वास्थ्य सर्वोत्तम स्थिति में है।,1
health_A_hwa_ex_wood,effect,भरपूर जीवन शक्ति एक ही समय में शारीरिक शक्ति और प्रतिरक्षा को बढ़ाती है।,1
health_A_hwa_ex_wood,action,"जब आपके पास भरपूर ऊर्जा हो, तो मौज-मस्ती करें और अपनी पसंदीदा गतिविधियों में घूमें।",1
health_A_hwa_ex_wood,state,"उमड़ता हुआ जुनून प्रेरक शक्ति को बहुत बढ़ाता है, एक अच्छा प्रवाह बनाता है और गतिशील ऊर्जा नई संभावनाओं को खोलती है।",1
health_A_mok_df_earth,intro,यह एक ऐसा दिन है जब शारीरिक विकास ऊर्जा सक्रिय हो जाती है और समग्र स्वास्थ्य में सुधार होता है।,1
health_A_mok_df_earth,effect,"जैसे-जैसे आपकी शारीरिक जीवन शक्ति बढ़ती है, आपकी सहनशक्ति और रिकवरी भी बढ़ती है।",1
health_A_mok_df_earth,action,नियमित व्यायाम करने का प्रयास करें या कोई नई स्वास्थ्य आदत शुरू करें।,1
health_A_mok_df_earth,state,"एक सतर्क दृष्टिकोण वास्तव में एक ठोस शुरुआत करता है, और एक शांत ऊर्जा विवेक को बढ़ाती है, जिससे अच्छे परिणाम मिलते हैं।",1
health_A_mok_df_fire,intro,यह एक ऐसा दिन है जब शारीरिक विकास ऊर्जा सक्रिय हो जाती है और समग्र स्वास्थ्य में सुधार होता है।,1
health_A_mok_df_fire,effect,"जैसे-जैसे आपकी शारीरिक जीवन शक्ति बढ़ती है, आपकी सहनशक्ति और रिकवरी भी बढ़ती है।",1
health_A_mok_df_fire,action,नियमित व्यायाम करने का प्रयास करें या कोई नई स्वास्थ्य आदत शुरू करें।,1
health_A_mok_df_fire,state,"एक सतर्क दृष्टिकोण वास्तव में एक ठोस शुरुआत बनाता है, और स्पष्ट ऊर्जा जीवन शक्ति को बढ़ाती है और एक अच्छा प्रवाह बनाती है।",1
health_A_mok_df_water,intro,यह एक ऐसा दिन है जब शारीरिक विकास ऊर्जा सक्रिय हो जाती है और समग्र स्वास्थ्य में सुधार होता है।,1
health_A_mok_df_water,effect,"जैसे-जैसे आपकी शारीरिक जीवन शक्ति बढ़ती है, आपकी सहनशक्ति और रिकवरी भी बढ़ती है।",1
health_A_mok_df_water,action,नियमित व्यायाम करने का प्रयास करें या कोई नई स्वास्थ्य आदत शुरू करें।,1
health_A_mok_df_water,state,"एक सतर्क दृष्टिकोण वास्तव में एक ठोस शुरुआत करता है, और नम ऊर्जा मन को गहराई से परिष्कृत करती है और स्पष्ट दृष्टि खोलती है।",1
health_A_mok_df_wood,intro,यह एक ऐसा दिन है जब शारीरिक विकास ऊर्जा सक्रिय हो जाती है और समग्र स्वास्थ्य में सुधार होता है।,1
health_A_mok_df_wood,effect,"जैसे-जैसे आपकी शारीरिक जीवन शक्ति बढ़ती है, आपकी सहनशक्ति और रिकवरी भी बढ़ती है।",1
health_A_mok_df_wood,action,नियमित व्यायाम करने का प्रयास करें या कोई नई स्वास्थ्य आदत शुरू करें।,1
health_A_mok_df_wood,state,"एक सतर्क दृष्टिकोण एक ठोस शुरुआत बनाता है, और गतिशील ऊर्जा नई संभावनाओं को खोलती है।",1
health_A_mok_ex_earth,intro,यह एक ऐसा दिन है जब शारीरिक विकास ऊर्जा सक्रिय हो जाती है और समग्र स्वास्थ्य में सुधार होता है।,1
health_A_mok_ex_earth,effect,"जैसे-जैसे आपकी शारीरिक जीवन शक्ति बढ़ती है, आपकी सहनशक्ति और रिकवरी भी बढ़ती है।",1
health_A_mok_ex_earth,action,नियमित व्यायाम करने का प्रयास करें या कोई नई स्वास्थ्य आदत शुरू करें।,1
health_A_mok_ex_earth,state,"एक मजबूत इच्छाशक्ति सक्रिय रूप से नए अवसर खोलती है, और एक शांत ऊर्जा विवेक को बढ़ाती है, जिससे अच्छे परिणाम मिलते हैं।",1
health_A_mok_ex_fire,intro,यह एक ऐसा दिन है जब शारीरिक विकास ऊर्जा सक्रिय हो जाती है और समग्र स्वास्थ्य में सुधार होता है।,1
health_A_mok_ex_fire,effect,"जैसे-जैसे आपकी शारीरिक जीवन शक्ति बढ़ती है, आपकी सहनशक्ति और रिकवरी भी बढ़ती है।",1
health_A_mok_ex_fire,action,नियमित व्यायाम करने का प्रयास करें या कोई नई स्वास्थ्य आदत शुरू करें।,1
health_A_mok_ex_fire,state,"एक मजबूत इच्छाशक्ति सक्रिय रूप से नए अवसर खोलती है, और स्पष्ट ऊर्जा जीवन शक्ति बढ़ाती है और एक अच्छा प्रवाह बनाती है।",1
health_A_mok_ex_water,intro,यह एक ऐसा दिन है जब शारीरिक विकास ऊर्जा सक्रिय हो जाती है और समग्र स्वास्थ्य में सुधार होता है।,1
health_A_mok_ex_water,effect,"जैसे-जैसे आपकी शारीरिक जीवन शक्ति बढ़ती है, आपकी सहनशक्ति और रिकवरी भी बढ़ती है।",1
health_A_mok_ex_water,action,नियमित व्यायाम करने का प्रयास करें या कोई नई स्वास्थ्य आदत शुरू करें।,1
health_A_mok_ex_water,state,"एक मजबूत इच्छाशक्ति सक्रिय रूप से नए अवसरों को खोलती है, और नम ऊर्जा मन को गहराई से परिष्कृत करती है और स्पष्ट दृष्टि खोलती है।",1
health_A_mok_ex_wood,intro,यह एक ऐसा दिन है जब शारीरिक विकास ऊर्जा सक्रिय हो जाती है और समग्र स्वास्थ्य में सुधार होता है।,1
health_A_mok_ex_wood,effect,"जैसे-जैसे आपकी शारीरिक जीवन शक्ति बढ़ती है, आपकी सहनशक्ति और रिकवरी भी बढ़ती है।",1
health_A_mok_ex_wood,action,नियमित व्यायाम करने का प्रयास करें या कोई नई स्वास्थ्य आदत शुरू करें।,1
health_A_mok_ex_wood,state,"एक मजबूत इच्छाशक्ति सक्रिय रूप से नए अवसरों को खोलती है, और एक गतिशील ऊर्जा नई संभावनाओं को खोलती है।",1
health_A_su_df_earth,intro,यह एक ऐसा दिन है जब शरीर का प्रवाह बिना किसी रुकावट के चलता है और स्वास्थ्य सुचारु रूप से बना रहता है।,1
health_A_su_df_earth,effect,शरीर में सुचारू परिसंचरण थकान से उबरने और प्रतिरक्षा बनाए रखने में मदद करता है।,1
health_A_su_df_earth,action,पर्याप्त पानी पीकर और स्ट्रेचिंग करके अपने स्वास्थ्य को बेहतर बनाए रखें।,1
health_A_su_df_earth,state,"एक ठोस केंद्र आपको बिना डगमगाए अपनी दिशा बनाए रखने में मदद करता है, और एक शांत ऊर्जा विवेक को बढ़ाती है, जिससे अच्छे परिणाम मिलते हैं।",1
health_A_su_df_fire,intro,यह एक ऐसा दिन है जब शरीर का प्रवाह बिना किसी रुकावट के चलता है और स्वास्थ्य सुचारु रूप से बना रहता है।,1
health_A_su_df_fire,effect,शरीर में सुचारू परिसंचरण थकान से उबरने और प्रतिरक्षा बनाए रखने में मदद करता है।,1
health_A_su_df_fire,action,पर्याप्त पानी पीकर और स्ट्रेचिंग करके अपने स्वास्थ्य को बेहतर बनाए रखें।,1
health_A_su_df_fire,state,"एक ठोस केंद्र आपको बिना डगमगाए सही दिशा में रखता है, और स्पष्ट ऊर्जा आपकी जीवन शक्ति को बढ़ाती है और एक अच्छा प्रवाह बनाती है।",1
health_A_su_df_water,intro,यह एक ऐसा दिन है जब शरीर का प्रवाह बिना किसी रुकावट के चलता है और स्वास्थ्य सुचारु रूप से बना रहता है।,1
health_A_su_df_water,effect,शरीर में सुचारू परिसंचरण थकान से उबरने और प्रतिरक्षा बनाए रखने में मदद करता है।,1
health_A_su_df_water,action,पर्याप्त पानी पीकर और स्ट्रेचिंग करके अपने स्वास्थ्य को बेहतर बनाए रखें।,1
health_A_su_df_water,state,"एक ठोस केंद्र आपको बिना डगमगाए अपनी दिशा बनाए रखने में मदद करता है, और नम ऊर्जा आपके दिमाग को गहराई से परिष्कृत करती है और स्पष्ट दृष्टि खोलती है।",1
health_A_su_df_wood,intro,यह एक ऐसा दिन है जब शरीर का प्रवाह बिना किसी रुकावट के चलता है और स्वास्थ्य सुचारु रूप से बना रहता है।,1
health_A_su_df_wood,effect,शरीर में सुचारू परिसंचरण थकान से उबरने और प्रतिरक्षा बनाए रखने में मदद करता है।,1
health_A_su_df_wood,action,पर्याप्त पानी पीकर और स्ट्रेचिंग करके अपने स्वास्थ्य को बेहतर बनाए रखें।,1
health_A_su_df_wood,state,"एक ठोस केंद्र बिना डगमगाए दिशा बनाए रखता है, और गतिशील ऊर्जा नई संभावनाओं को खोलती है।",1
health_A_su_ex_earth,intro,यह एक ऐसा दिन है जब शरीर का प्रवाह बिना किसी रुकावट के चलता है और स्वास्थ्य सुचारु रूप से बना रहता है।,1
health_A_su_ex_earth,effect,शरीर में सुचारू परिसंचरण थकान से उबरने और प्रतिरक्षा बनाए रखने में मदद करता है।,1
health_A_su_ex_earth,action,पर्याप्त पानी पीकर और स्ट्रेचिंग करके अपने स्वास्थ्य को बेहतर बनाए रखें।,1
health_A_su_ex_earth,state,"समृद्ध संवेदनशीलता गहरी अंतर्दृष्टि की ओर ले जाती है और अच्छे निर्णय लेने में मदद करती है, और शांत ऊर्जा विवेक को बढ़ाती है, जिससे अच्छे परिणाम मिलते हैं।",1
health_A_su_ex_fire,intro,यह एक ऐसा दिन है जब शरीर का प्रवाह बिना किसी रुकावट के चलता है और स्वास्थ्य सुचारु रूप से बना रहता है।,1
health_A_su_ex_fire,effect,शरीर में सुचारू परिसंचरण थकान से उबरने और प्रतिरक्षा बनाए रखने में मदद करता है।,1
health_A_su_ex_fire,action,पर्याप्त पानी पीकर और स्ट्रेचिंग करके अपने स्वास्थ्य को बेहतर बनाए रखें।,1
health_A_su_ex_fire,state,"समृद्ध संवेदनशीलता गहरी अंतर्दृष्टि की ओर ले जाती है और अच्छे निर्णय लेने में मदद करती है, और स्पष्ट ऊर्जा जीवन शक्ति बढ़ाती है और एक अच्छा प्रवाह बनाती है।",1
health_A_su_ex_water,intro,यह एक ऐसा दिन है जब शरीर का प्रवाह बिना किसी रुकावट के चलता है और स्वास्थ्य सुचारु रूप से बना रहता है।,1
health_A_su_ex_water,effect,शरीर में सुचारू परिसंचरण थकान से उबरने और प्रतिरक्षा बनाए रखने में मदद करता है।,1
health_A_su_ex_water,action,पर्याप्त पानी पीकर और स्ट्रेचिंग करके अपने स्वास्थ्य को बेहतर बनाए रखें।,1
health_A_su_ex_water,state,"समृद्ध संवेदनशीलता गहरी अंतर्दृष्टि की ओर ले जाती है और अच्छे निर्णय में मदद करती है, और नम ऊर्जा मन को गहराई से परिष्कृत करती है और स्पष्ट दृष्टि खोलती है।",1
health_A_su_ex_wood,intro,यह एक ऐसा दिन है जब शरीर का प्रवाह बिना किसी रुकावट के चलता है और स्वास्थ्य सुचारु रूप से बना रहता है।,1
health_A_su_ex_wood,effect,शरीर में सुचारू परिसंचरण थकान से उबरने और प्रतिरक्षा बनाए रखने में मदद करता है।,1
health_A_su_ex_wood,action,पर्याप्त पानी पीकर और स्ट्रेचिंग करके अपने स्वास्थ्य को बेहतर बनाए रखें।,1
health_A_su_ex_wood,state,"समृद्ध संवेदनशीलता गहरी अंतर्दृष्टि की ओर ले जाती है और अच्छे निर्णय लेने में मदद करती है, और गतिशील ऊर्जा नई संभावनाओं को खोलती है।",1
health_A_to_df_earth,intro,यह एक ऐसा दिन है जब आपका स्वास्थ्य सबसे स्थिर होता है क्योंकि आपके स्वास्थ्य का आधार बना रहता है।,1
health_A_to_df_earth,effect,एक मजबूत शारीरिक आधार थकान और बीमारी को प्रभावी ढंग से रोकता है।,1
health_A_to_df_earth,action,नियमित भोजन और पर्याप्त नींद लेकर स्वस्थ रहें।,1
health_A_to_df_earth,state,"एक लचीला रवैया आपको स्वाभाविक रूप से नए रुझानों को स्वीकार करने की अनुमति देता है, और एक शांत ऊर्जा विवेक को बढ़ाती है, जिससे अच्छे परिणाम मिलते हैं।",1
health_A_to_df_fire,intro,यह एक ऐसा दिन है जब आपका स्वास्थ्य सबसे स्थिर होता है क्योंकि आपके स्वास्थ्य का आधार बना रहता है।,1
health_A_to_df_fire,effect,एक मजबूत शारीरिक आधार थकान और बीमारी को प्रभावी ढंग से रोकता है।,1
health_A_to_df_fire,action,नियमित भोजन और पर्याप्त नींद लेकर स्वस्थ रहें।,1
health_A_to_df_fire,state,"एक लचीला रवैया आपको स्वाभाविक रूप से नए रुझानों को स्वीकार करने की अनुमति देता है, और स्पष्ट ऊर्जा जीवन शक्ति बढ़ाती है और एक अच्छा प्रवाह बनाती है।",1
health_A_to_df_water,intro,यह एक ऐसा दिन है जब आपका स्वास्थ्य सबसे स्थिर होता है क्योंकि आपके स्वास्थ्य का आधार बना रहता है।,1
health_A_to_df_water,effect,एक मजबूत शारीरिक आधार थकान और बीमारी को प्रभावी ढंग से रोकता है।,1
health_A_to_df_water,action,नियमित भोजन और पर्याप्त नींद लेकर स्वस्थ रहें।,1
health_A_to_df_water,state,"एक लचीला रवैया आपको स्वाभाविक रूप से नए रुझानों को स्वीकार करने की अनुमति देता है, और नम ऊर्जा आपके दिमाग को गहराई से परिष्कृत करती है और स्पष्ट दृष्टि खोलती है।",1
health_A_to_df_wood,intro,यह एक ऐसा दिन है जब आपका स्वास्थ्य सबसे स्थिर होता है क्योंकि आपके स्वास्थ्य का आधार बना रहता है।,1
health_A_to_df_wood,effect,एक मजबूत शारीरिक आधार थकान और बीमारी को प्रभावी ढंग से रोकता है।,1
health_A_to_df_wood,action,नियमित भोजन और पर्याप्त नींद लेकर स्वस्थ रहें।,1
health_A_to_df_wood,state,"एक लचीला रवैया आपको स्वाभाविक रूप से नए रुझानों को स्वीकार करने की अनुमति देता है, और एक गतिशील ऊर्जा नई संभावनाओं को खोलती है।",1
health_A_to_ex_earth,intro,यह एक ऐसा दिन है जब आपका स्वास्थ्य सबसे स्थिर होता है क्योंकि आपके स्वास्थ्य का आधार बना रहता है।,1
health_A_to_ex_earth,effect,एक मजबूत शारीरिक आधार थकान और बीमारी को प्रभावी ढंग से रोकता है।,1
health_A_to_ex_earth,action,नियमित भोजन और पर्याप्त नींद लेकर स्वस्थ रहें।,1
health_A_to_ex_earth,state,"स्थिरता की एक मजबूत भावना हर चीज के लिए एक ठोस आधार बन जाती है, और एक शांत ऊर्जा विवेक को बढ़ाती है, जिससे अच्छे परिणाम मिलते हैं।",1
health_A_to_ex_fire,intro,यह एक ऐसा दिन है जब आपका स्वास्थ्य सबसे स्थिर होता है क्योंकि आपके स्वास्थ्य का आधार बना रहता है।,1
health_A_to_ex_fire,effect,एक मजबूत शारीरिक आधार थकान और बीमारी को प्रभावी ढंग से रोकता है।,1
health_A_to_ex_fire,action,नियमित भोजन और पर्याप्त नींद लेकर स्वस्थ रहें।,1
health_A_to_ex_fire,state,"स्थिरता की एक मजबूत भावना हर चीज के लिए एक ठोस आधार बन जाती है, और स्पष्ट ऊर्जा जीवन शक्ति को बढ़ाती है और एक अच्छा प्रवाह बनाती है।",1
health_A_to_ex_water,intro,यह एक ऐसा दिन है जब आपका स्वास्थ्य सबसे स्थिर होता है क्योंकि आपके स्वास्थ्य का आधार बना रहता है।,1
health_A_to_ex_water,effect,एक मजबूत शारीरिक आधार थकान और बीमारी को प्रभावी ढंग से रोकता है।,1
health_A_to_ex_water,action,नियमित भोजन और पर्याप्त नींद लेकर स्वस्थ रहें।,1
health_A_to_ex_water,state,"स्थिरता की एक मजबूत भावना हर चीज के लिए एक ठोस आधार बन जाती है, और नम ऊर्जा मन को गहराई से परिष्कृत करती है और स्पष्ट दृष्टि खोलती है।",1
health_A_to_ex_wood,intro,यह एक ऐसा दिन है जब आपका स्वास्थ्य सबसे स्थिर होता है क्योंकि आपके स्वास्थ्य का आधार बना रहता है।,1
health_A_to_ex_wood,effect,एक मजबूत शारीरिक आधार थकान और बीमारी को प्रभावी ढंग से रोकता है।,1
health_A_to_ex_wood,action,नियमित भोजन और पर्याप्त नींद लेकर स्वस्थ रहें।,1
health_A_to_ex_wood,state,"स्थिरता की एक मजबूत भावना हर चीज़ के लिए एक ठोस आधार प्रदान करती है, और गतिशील ऊर्जा नई संभावनाओं को खोलती है।",1
health_B,intro,"आज मैं स्वस्थ ऊर्जा से भरपूर रहूंगा, जिससे शरीर हल्का महसूस होगा और दैनिक जीवन सुचारु रूप से चलेगा।",1
health_B,intro,आज वह दिन है जब आपके शरीर की लय स्थिर रहती है और अपनी स्थिति को नियंत्रित करना आसान होता है।,1
health_B,effect,यह एक ऐसा दिन है जब आपका शरीर अच्छी प्रतिक्रिया देता है और आप अपने दैनिक कार्यक्रम को आसानी से पचा सकते हैं।,1
health_B,effect,ऊर्जा की खपत और पुनर्प्राप्ति के बीच एक अच्छा संतुलन आपको पूरे दिन ऊर्जावान रहने की अनुमति देता है।,1
health_B,action,जब आप अच्छा महसूस करें तो कुछ हल्का व्यायाम या स्ट्रेचिंग करने का प्रयास करें।,1
health_B,action,"आज की अच्छी स्थिति को बनाए रखने के लिए, पर्याप्त पानी पीना और नियमित रूप से खाना महत्वपूर्ण है।",1
health_B_geum_df_earth,intro,यह वह दिन है जब आपका समग्र स्वास्थ्य अच्छा होता है और आपकी गतिविधियों पर कोई बड़ा प्रतिबंध नहीं होता है।,1
health_B_geum_df_earth,effect,स्थिर शारीरिक शक्ति दैनिक गतिविधियों को आसानी से सपोर्ट करती है।,1
health_B_geum_df_earth,action,मध्यम व्यायाम और नियमित भोजन के साथ अपनी स्थिति बनाए रखें।,1
health_B_geum_df_earth,state,"भले ही आपका दृढ़ संकल्प कुछ हद तक सुस्त हो जाए, दैनिक जीवन का प्रवाह सुचारू रूप से जारी रहता है, और बादल वाली ऊर्जा शांत वातावरण में जुड़ जाती है, जिससे शांति की भावना पैदा होती है।",1
health_B_geum_df_fire,intro,यह वह दिन है जब आपका समग्र स्वास्थ्य अच्छा होता है और आपकी गतिविधियों पर कोई बड़ा प्रतिबंध नहीं होता है।,1
health_B_geum_df_fire,effect,स्थिर शारीरिक शक्ति दैनिक गतिविधियों को आसानी से सपोर्ट करती है।,1
health_B_geum_df_fire,action,मध्यम व्यायाम और नियमित भोजन के साथ अपनी स्थिति बनाए रखें।,1
health_B_geum_df_fire,state,"भले ही आपका दृढ़ संकल्प कुछ हद तक सुस्त हो जाए, आपके दैनिक जीवन का प्रवाह सुचारू रूप से जारी रहता है, और स्पष्ट ऊर्जा प्रकाश जीवन शक्ति जोड़ती है, जिससे एक सहज प्रवाह बनता है।",1
health_B_geum_df_water,intro,यह वह दिन है जब आपका समग्र स्वास्थ्य अच्छा होता है और आपकी गतिविधियों पर कोई बड़ा प्रतिबंध नहीं होता है।,1
health_B_geum_df_water,effect,स्थिर शारीरिक शक्ति दैनिक गतिविधियों को आसानी से सपोर्ट करती है।,1
health_B_geum_df_water,action,मध्यम व्यायाम और नियमित भोजन के साथ अपनी स्थिति बनाए रखें।,1
health_B_geum_df_water,state,"भले ही आपका दृढ़ संकल्प कुछ हद तक सुस्त हो जाए, आपके दैनिक जीवन का प्रवाह सुचारू रूप से जारी रहता है, और नम ऊर्जा आपकी भावनाओं में एक शांत, लंबे समय तक रहने वाली अनुभूति जोड़ती है।",1
health_B_geum_df_wood,intro,यह वह दिन है जब आपका समग्र स्वास्थ्य अच्छा होता है और आपकी गतिविधियों पर कोई बड़ा प्रतिबंध नहीं होता है।,1
health_B_geum_df_wood,effect,स्थिर शारीरिक शक्ति दैनिक गतिविधियों को आसानी से सपोर्ट करती है।,1
health_B_geum_df_wood,action,मध्यम व्यायाम और नियमित भोजन के साथ अपनी स्थिति बनाए रखें।,1
health_B_geum_df_wood,state,"भले ही आपका दृढ़ संकल्प कुछ हद तक सुस्त हो जाए, दैनिक जीवन का प्रवाह सुचारू रूप से जारी रहता है और परिवर्तन की थोड़ी सी ऊर्जा उचित उत्तेजना जोड़ती है।",1
health_B_geum_ex_earth,intro,यह वह दिन है जब आपका समग्र स्वास्थ्य अच्छा होता है और आपकी गतिविधियों पर कोई बड़ा प्रतिबंध नहीं होता है।,1
health_B_geum_ex_earth,effect,स्थिर शारीरिक शक्ति दैनिक गतिविधियों को आसानी से सपोर्ट करती है।,1
health_B_geum_ex_earth,action,मध्यम व्यायाम और नियमित भोजन के साथ अपनी स्थिति बनाए रखें।,1
health_B_geum_ex_earth,state,"विश्लेषणात्मक निर्णय स्वाभाविक रूप से सामान्य गति से प्रवाहित होता है, और बादल वाली ऊर्जा शांत वातावरण में जुड़ जाती है, जिससे शांति की भावना पैदा होती है।",1
health_B_geum_ex_fire,intro,यह वह दिन है जब आपका समग्र स्वास्थ्य अच्छा होता है और आपकी गतिविधियों पर कोई बड़ा प्रतिबंध नहीं होता है।,1
health_B_geum_ex_fire,effect,स्थिर शारीरिक शक्ति दैनिक गतिविधियों को आसानी से सपोर्ट करती है।,1
health_B_geum_ex_fire,action,मध्यम व्यायाम और नियमित भोजन के साथ अपनी स्थिति बनाए रखें।,1
health_B_geum_ex_fire,state,"विश्लेषणात्मक निर्णय स्वाभाविक रूप से सामान्य गति का अनुसरण करता है, और स्पष्ट ऊर्जा प्रकाश जीवन शक्ति जोड़ती है, जिससे एक सहज प्रवाह बनता है।",1
health_B_geum_ex_water,intro,यह वह दिन है जब आपका समग्र स्वास्थ्य अच्छा होता है और आपकी गतिविधियों पर कोई बड़ा प्रतिबंध नहीं होता है।,1
health_B_geum_ex_water,effect,स्थिर शारीरिक शक्ति दैनिक गतिविधियों को आसानी से सपोर्ट करती है।,1
health_B_geum_ex_water,action,मध्यम व्यायाम और नियमित भोजन के साथ अपनी स्थिति बनाए रखें।,1
health_B_geum_ex_water,state,"विश्लेषणात्मक निर्णय आपकी सामान्य गति से स्वाभाविक रूप से प्रवाहित होता है, और नम ऊर्जा आपकी भावनाओं में एक शांत, लंबे समय तक रहने वाली अनुभूति जोड़ती है।",1
health_B_geum_ex_wood,intro,यह वह दिन है जब आपका समग्र स्वास्थ्य अच्छा होता है और आपकी गतिविधियों पर कोई बड़ा प्रतिबंध नहीं होता है।,1
health_B_geum_ex_wood,effect,स्थिर शारीरिक शक्ति दैनिक गतिविधियों को आसानी से सपोर्ट करती है।,1
health_B_geum_ex_wood,action,मध्यम व्यायाम और नियमित भोजन के साथ अपनी स्थिति बनाए रखें।,1
health_B_geum_ex_wood,state,"विश्लेषणात्मक निर्णय स्वाभाविक रूप से सामान्य गति का अनुसरण करता है, और परिवर्तन की थोड़ी सी ऊर्जा उचित उत्तेजना जोड़ती है।",1
health_B_hwa_df_earth,intro,यह पर्याप्त ऊर्जा वाला दिन है क्योंकि आपकी जीवन शक्ति सामान्य से ऊपर बनी हुई है।,1
health_B_hwa_df_earth,effect,पर्याप्त ऊर्जा आपकी दैनिक गतिविधियों का समर्थन करती है।,1
health_B_hwa_df_earth,action,अपने शरीर को सक्रिय रूप से हिलाएं और स्वस्थ तरीके से ऊर्जा खर्च करें।,1
health_B_hwa_df_earth,state,"भले ही अभिव्यक्तियाँ संयमित हों, रिश्ते की स्थिरता आसानी से बनी रहती है, और बादल भरी ऊर्जा शांत वातावरण में जुड़ जाती है, जिससे शांति का एहसास होता है।",1
health_B_hwa_df_fire,intro,यह पर्याप्त ऊर्जा वाला दिन है क्योंकि आपकी जीवन शक्ति सामान्य से ऊपर बनी हुई है।,1
health_B_hwa_df_fire,effect,पर्याप्त ऊर्जा आपकी दैनिक गतिविधियों का समर्थन करती है।,1
health_B_hwa_df_fire,action,अपने शरीर को सक्रिय रूप से हिलाएं और स्वस्थ तरीके से ऊर्जा खर्च करें।,1
health_B_hwa_df_fire,state,"भले ही अभिव्यक्तियां संयमित हों, रिश्ते की स्थिरता आसानी से बनी रहती है, और स्पष्ट ऊर्जा प्रकाश जीवन शक्ति जोड़ती है, जिससे एक सहज प्रवाह बनता है।",1
health_B_hwa_df_water,intro,यह पर्याप्त ऊर्जा वाला दिन है क्योंकि आपकी जीवन शक्ति सामान्य से ऊपर बनी हुई है।,1
health_B_hwa_df_water,effect,पर्याप्त ऊर्जा आपकी दैनिक गतिविधियों का समर्थन करती है।,1
health_B_hwa_df_water,action,अपने शरीर को सक्रिय रूप से हिलाएं और स्वस्थ तरीके से ऊर्जा खर्च करें।,1
health_B_hwa_df_water,state,"भले ही अभिव्यक्तियाँ संयमित हों, रिश्ते की स्थिरता आसानी से बनी रहती है, और नम ऊर्जा भावनाओं में एक शांत दीर्घकालिक एहसास जोड़ती है।",1
health_B_hwa_df_wood,intro,यह पर्याप्त ऊर्जा वाला दिन है क्योंकि आपकी जीवन शक्ति सामान्य से ऊपर बनी हुई है।,1
health_B_hwa_df_wood,effect,पर्याप्त ऊर्जा आपकी दैनिक गतिविधियों का समर्थन करती है।,1
health_B_hwa_df_wood,action,अपने शरीर को सक्रिय रूप से हिलाएं और स्वस्थ तरीके से ऊर्जा खर्च करें।,1
health_B_hwa_df_wood,state,"भले ही अभिव्यक्ति पर लगाम लगाई जाए, रिश्ते की स्थिरता आसानी से बनी रहती है, और परिवर्तन की थोड़ी सी ऊर्जा उचित उत्तेजना जोड़ती है।",1
health_B_hwa_ex_earth,intro,यह पर्याप्त ऊर्जा वाला दिन है क्योंकि आपकी जीवन शक्ति सामान्य से ऊपर बनी हुई है।,1
health_B_hwa_ex_earth,effect,पर्याप्त ऊर्जा आपकी दैनिक गतिविधियों का समर्थन करती है।,1
health_B_hwa_ex_earth,action,अपने शरीर को सक्रिय रूप से हिलाएं और स्वस्थ तरीके से ऊर्जा खर्च करें।,1
health_B_hwa_ex_earth,state,"जुनून जीवित है, लेकिन संतुलन भी बनाए रखा जाता है, जिससे दिन स्थिर रहता है, और बादल वाली ऊर्जा एक शांत वातावरण जोड़ती है, जिससे शांति बनी रहती है।",1
health_B_hwa_ex_fire,intro,यह पर्याप्त ऊर्जा वाला दिन है क्योंकि आपकी जीवन शक्ति सामान्य से ऊपर बनी हुई है।,1
health_B_hwa_ex_fire,effect,पर्याप्त ऊर्जा आपकी दैनिक गतिविधियों का समर्थन करती है।,1
health_B_hwa_ex_fire,action,अपने शरीर को सक्रिय रूप से हिलाएं और स्वस्थ तरीके से ऊर्जा खर्च करें।,1
health_B_hwa_ex_fire,state,"जुनून जीवित रहता है और संतुलन बना रहता है, जिससे दिन स्थिर रहता है, और स्पष्ट ऊर्जा प्रकाश जीवन शक्ति जोड़ती है, जिससे एक सहज प्रवाह बनता है।",1
health_B_hwa_ex_water,intro,यह पर्याप्त ऊर्जा वाला दिन है क्योंकि आपकी जीवन शक्ति सामान्य से ऊपर बनी हुई है।,1
health_B_hwa_ex_water,effect,पर्याप्त ऊर्जा आपकी दैनिक गतिविधियों का समर्थन करती है।,1
health_B_hwa_ex_water,action,अपने शरीर को सक्रिय रूप से हिलाएं और स्वस्थ तरीके से ऊर्जा खर्च करें।,1
health_B_hwa_ex_water,state,"जुनून जीवित रहता है और संतुलन बना रहता है, जिससे एक स्थिर दिन होता है, और नम ऊर्जा भावनाओं में एक शांत, लंबे समय तक रहने वाली अनुभूति जोड़ती है।",1
health_B_hwa_ex_wood,intro,यह पर्याप्त ऊर्जा वाला दिन है क्योंकि आपकी जीवन शक्ति सामान्य से ऊपर बनी हुई है।,1
health_B_hwa_ex_wood,effect,पर्याप्त ऊर्जा आपकी दैनिक गतिविधियों का समर्थन करती है।,1
health_B_hwa_ex_wood,action,अपने शरीर को सक्रिय रूप से हिलाएं और स्वस्थ तरीके से ऊर्जा खर्च करें।,1
health_B_hwa_ex_wood,state,"जुनून जीवंत और संतुलित है, जो एक स्थिर दिन की ओर ले जाता है, और परिवर्तन की थोड़ी सी ऊर्जा उचित उत्तेजना जोड़ती है।",1
health_B_mok_df_earth,intro,यह एक ऐसा दिन है जब शरीर अच्छी तरह से ठीक हो जाता है और हल्की थकान या परेशानी से तुरंत राहत मिलती है।,1
health_B_mok_df_earth,effect,पुनर्प्राप्ति ऊर्जा सक्रिय है और शारीरिक शक्ति लगातार बनी रहती है।,1
health_B_mok_df_earth,action,एक सीमा के भीतर लगातार सक्रिय रहें जो अत्यधिक न हो।,1
health_B_mok_df_earth,state,"यहां तक कि अगर आप नई चीजों को आजमाने में सतर्क रहते हैं, तो भी आपका दैनिक जीवन स्थिर रूप से चलता है, और बादल वाली ऊर्जा शांत वातावरण में जुड़ जाती है, जिससे शांति का एहसास होता है।",1
health_B_mok_df_fire,intro,यह एक ऐसा दिन है जब शरीर अच्छी तरह से ठीक हो जाता है और हल्की थकान या परेशानी से तुरंत राहत मिलती है।,1
health_B_mok_df_fire,effect,पुनर्प्राप्ति ऊर्जा सक्रिय है और शारीरिक शक्ति लगातार बनी रहती है।,1
health_B_mok_df_fire,action,एक सीमा के भीतर लगातार सक्रिय रहें जो अत्यधिक न हो।,1
health_B_mok_df_fire,state,"भले ही आप नई चीजें आज़माते समय सतर्क रहें, आपका दैनिक जीवन स्थिर रूप से प्रवाहित होता है, और स्पष्ट ऊर्जा प्रकाश जीवन शक्ति जोड़ती है, जिससे एक सहज प्रवाह बनता है।",1
health_B_mok_df_water,intro,यह एक ऐसा दिन है जब शरीर अच्छी तरह से ठीक हो जाता है और हल्की थकान या परेशानी से तुरंत राहत मिलती है।,1
health_B_mok_df_water,effect,पुनर्प्राप्ति ऊर्जा सक्रिय है और शारीरिक शक्ति लगातार बनी रहती है।,1
health_B_mok_df_water,action,एक सीमा के भीतर लगातार सक्रिय रहें जो अत्यधिक न हो।,1
health_B_mok_df_water,state,"भले ही आप नई चीजों को आजमाने में सतर्क हों, आपका दैनिक जीवन स्थिर रूप से प्रवाहित होता है और नम ऊर्जा आपकी भावनाओं में एक शांत और लंबे समय तक रहने वाली अनुभूति जोड़ती है।",1
health_B_mok_df_wood,intro,यह एक ऐसा दिन है जब शरीर अच्छी तरह से ठीक हो जाता है और हल्की थकान या परेशानी से तुरंत राहत मिलती है।,1
health_B_mok_df_wood,effect,पुनर्प्राप्ति ऊर्जा सक्रिय है और शारीरिक शक्ति लगातार बनी रहती है।,1
health_B_mok_df_wood,action,एक सीमा के भीतर लगातार सक्रिय रहें जो अत्यधिक न हो।,1
health_B_mok_df_wood,state,"भले ही आप नई चीजों को आजमाने में सतर्क हों, आपका दैनिक जीवन स्थिर रूप से चलता है और परिवर्तन की थोड़ी सी ऊर्जा उचित उत्तेजना जोड़ती है।",1
health_B_mok_ex_earth,intro,यह एक ऐसा दिन है जब शरीर अच्छी तरह से ठीक हो जाता है और हल्की थकान या परेशानी से तुरंत राहत मिलती है।,1
health_B_mok_ex_earth,effect,पुनर्प्राप्ति ऊर्जा सक्रिय है और शारीरिक शक्ति लगातार बनी रहती है।,1
health_B_mok_ex_earth,action,एक सीमा के भीतर लगातार सक्रिय रहें जो अत्यधिक न हो।,1
health_B_mok_ex_earth,state,"स्थिर प्रेरणा कदम-दर-कदम प्रगति करती है, और बादल भरी ऊर्जा शांत वातावरण में जुड़ जाती है, जिससे शांति मिलती है।",1
health_B_mok_ex_fire,intro,यह एक ऐसा दिन है जब शरीर अच्छी तरह से ठीक हो जाता है और हल्की थकान या परेशानी से तुरंत राहत मिलती है।,1
health_B_mok_ex_fire,effect,पुनर्प्राप्ति ऊर्जा सक्रिय है और शारीरिक शक्ति लगातार बनी रहती है।,1
health_B_mok_ex_fire,action,एक सीमा के भीतर लगातार सक्रिय रहें जो अत्यधिक न हो।,1
health_B_mok_ex_fire,state,"स्थिर प्रेरणा कदम दर कदम प्रगति करती है, और स्पष्ट ऊर्जा प्रकाश जीवन शक्ति जोड़ती है, जिससे एक सहज प्रवाह बनता है।",1
health_B_mok_ex_water,intro,यह एक ऐसा दिन है जब शरीर अच्छी तरह से ठीक हो जाता है और हल्की थकान या परेशानी से तुरंत राहत मिलती है।,1
health_B_mok_ex_water,effect,पुनर्प्राप्ति ऊर्जा सक्रिय है और शारीरिक शक्ति लगातार बनी रहती है।,1
health_B_mok_ex_water,action,एक सीमा के भीतर लगातार सक्रिय रहें जो अत्यधिक न हो।,1
health_B_mok_ex_water,state,"स्थिर प्रेरणा कदम-दर-कदम प्रगति करती है, और नम ऊर्जा भावनाओं में एक शांत दीर्घकालिक एहसास जोड़ती है।",1
health_B_mok_ex_wood,intro,यह एक ऐसा दिन है जब शरीर अच्छी तरह से ठीक हो जाता है और हल्की थकान या परेशानी से तुरंत राहत मिलती है।,1
health_B_mok_ex_wood,effect,पुनर्प्राप्ति ऊर्जा सक्रिय है और शारीरिक शक्ति लगातार बनी रहती है।,1
health_B_mok_ex_wood,action,एक सीमा के भीतर लगातार सक्रिय रहें जो अत्यधिक न हो।,1
health_B_mok_ex_wood,state,"स्थिर प्रेरणा कदम दर कदम सामान्य प्रगति करती है, और परिवर्तन की कमजोर ऊर्जा उचित उत्तेजना जोड़ती है।",1
health_B_su_df_earth,intro,यह एक ऐसा दिन है जब शरीर में रक्त संचार सुचारू होता है और आप बिना थकान के दिन बिता सकते हैं।,1
health_B_su_df_earth,effect,"सुचारू रक्त परिसंचरण से ऑक्सीजन की आपूर्ति बढ़ती है, एकाग्रता और सहनशक्ति बढ़ती है।",1
health_B_su_df_earth,action,परिसंचरण में सुधार के लिए पर्याप्त पानी पीकर अपनी स्थिति बनाए रखें।,1
health_B_su_df_earth,state,"यद्यपि लचीलेपन में कुछ हद तक कमी है, मूल लय को बिना किसी कठिनाई के बनाए रखा जाता है, और बादल वाली ऊर्जा एक शांत वातावरण जोड़ती है, जिससे शांति का एहसास होता है।",1
health_B_su_df_fire,intro,यह एक ऐसा दिन है जब शरीर में रक्त संचार सुचारू होता है और आप बिना थकान के दिन बिता सकते हैं।,1
health_B_su_df_fire,effect,"सुचारू रक्त परिसंचरण से ऑक्सीजन की आपूर्ति बढ़ती है, एकाग्रता और सहनशक्ति बढ़ती है।",1
health_B_su_df_fire,action,परिसंचरण में सुधार के लिए पर्याप्त पानी पीकर अपनी स्थिति बनाए रखें।,1
health_B_su_df_fire,state,"यद्यपि लचीलेपन में कुछ हद तक कमी है, मूल लय को बिना किसी कठिनाई के बनाए रखा जाता है, और स्पष्ट ऊर्जा प्रकाश जीवन शक्ति जोड़ती है, जिससे एक सहज प्रवाह बनता है।",1
health_B_su_df_water,intro,यह एक ऐसा दिन है जब शरीर में रक्त संचार सुचारू होता है और आप बिना थकान के दिन बिता सकते हैं।,1
health_B_su_df_water,effect,"सुचारू रक्त परिसंचरण से ऑक्सीजन की आपूर्ति बढ़ती है, एकाग्रता और सहनशक्ति बढ़ती है।",1
health_B_su_df_water,action,परिसंचरण में सुधार के लिए पर्याप्त पानी पीकर अपनी स्थिति बनाए रखें।,1
health_B_su_df_water,state,"हालाँकि इसमें लचीलेपन की कमी है, लेकिन मूल लय बिना किसी कठिनाई के बनी रहती है, और नम ऊर्जा भावनाओं में एक शांत, लंबे समय तक रहने वाली अनुभूति जोड़ती है।",1
health_B_su_df_wood,intro,यह एक ऐसा दिन है जब शरीर में रक्त संचार सुचारू होता है और आप बिना थकान के दिन बिता सकते हैं।,1
health_B_su_df_wood,effect,"सुचारू रक्त परिसंचरण से ऑक्सीजन की आपूर्ति बढ़ती है, एकाग्रता और सहनशक्ति बढ़ती है।",1
health_B_su_df_wood,action,परिसंचरण में सुधार के लिए पर्याप्त पानी पीकर अपनी स्थिति बनाए रखें।,1
health_B_su_df_wood,state,"यद्यपि लचीलेपन में कुछ हद तक कमी है, मूल लय बिना किसी कठिनाई के बनाए रखी जाती है, और परिवर्तन की थोड़ी सी ऊर्जा उचित उत्तेजना जोड़ती है।",1
health_B_su_ex_earth,intro,यह एक ऐसा दिन है जब शरीर में रक्त संचार सुचारू होता है और आप बिना थकान के दिन बिता सकते हैं।,1
health_B_su_ex_earth,effect,"सुचारू रक्त परिसंचरण से ऑक्सीजन की आपूर्ति बढ़ती है, एकाग्रता और सहनशक्ति बढ़ती है।",1
health_B_su_ex_earth,action,परिसंचरण में सुधार के लिए पर्याप्त पानी पीकर अपनी स्थिति बनाए रखें।,1
health_B_su_ex_earth,state,"दिन भावनाओं से भरा होता है, जिससे यह सामान्य से अधिक ध्यान देने वाला दिन बन जाता है, और बादल भरी ऊर्जा एक शांत वातावरण जोड़ती है, जिससे शांति का एहसास होता है।",1
health_B_su_ex_fire,intro,यह एक ऐसा दिन है जब शरीर में रक्त संचार सुचारू होता है और आप बिना थकान के दिन बिता सकते हैं।,1
health_B_su_ex_fire,effect,"सुचारू रक्त परिसंचरण से ऑक्सीजन की आपूर्ति बढ़ती है, एकाग्रता और सहनशक्ति बढ़ती है।",1
health_B_su_ex_fire,action,परिसंचरण में सुधार के लिए पर्याप्त पानी पीकर अपनी स्थिति बनाए रखें।,1
health_B_su_ex_fire,state,"दिन भावनाओं से भरपूर है, जो इसे सामान्य से अधिक ध्यानपूर्ण दिन बनाता है, और स्पष्ट ऊर्जा प्रकाश जीवन शक्ति जोड़ती है, जिससे एक सहज प्रवाह बनता है।",1
health_B_su_ex_water,intro,यह एक ऐसा दिन है जब शरीर में रक्त संचार सुचारू होता है और आप बिना थकान के दिन बिता सकते हैं।,1
health_B_su_ex_water,effect,"सुचारू रक्त परिसंचरण से ऑक्सीजन की आपूर्ति बढ़ती है, एकाग्रता और सहनशक्ति बढ़ती है।",1
health_B_su_ex_water,action,परिसंचरण में सुधार के लिए पर्याप्त पानी पीकर अपनी स्थिति बनाए रखें।,1
health_B_su_ex_water,state,"दिन भावनाओं से भरा है, जो आपको सामान्य से अधिक चौकस बनाता है, और नम ऊर्जा आपकी भावनाओं में एक शांत स्वाद जोड़ती है।",1
health_B_su_ex_wood,intro,यह एक ऐसा दिन है जब शरीर में रक्त संचार सुचारू होता है और आप बिना थकान के दिन बिता सकते हैं।,1
health_B_su_ex_wood,effect,"सुचारू रक्त परिसंचरण से ऑक्सीजन की आपूर्ति बढ़ती है, एकाग्रता और सहनशक्ति बढ़ती है।",1
health_B_su_ex_wood,action,परिसंचरण में सुधार के लिए पर्याप्त पानी पीकर अपनी स्थिति बनाए रखें।,1
health_B_su_ex_wood,state,"दिन भावनाओं से भरा है, जो इसे सामान्य से अधिक ध्यान देने वाला दिन बनाता है, और परिवर्तन की थोड़ी सी ऊर्जा उचित उत्तेजना जोड़ती है।",1
health_B_to_df_earth,intro,यह एक ऐसा दिन है जब आपका स्वास्थ्य स्थिर रहता है और आप बिना किसी बड़ी समस्या के दिन गुजार सकते हैं।,1
health_B_to_df_earth,effect,एक स्थिर शारीरिक स्थिति शारीरिक शक्ति के अनावश्यक बर्बादी को रोकती है।,1
health_B_to_df_earth,action,एक नियमित जीवन जारी रखें जो आपकी स्थिति को बनाए रखता है।,1
health_B_to_df_earth,state,"भले ही गुरुत्वाकर्षण का केंद्र कुछ हद तक हिल गया हो, दैनिक जीवन का संतुलन बिना किसी परेशानी के बना रहता है, और बादल वाली ऊर्जा शांत वातावरण में जुड़ जाती है, जिससे शांति का एहसास होता है।",1
health_B_to_df_fire,intro,यह एक ऐसा दिन है जब आपका स्वास्थ्य स्थिर रहता है और आप बिना किसी बड़ी समस्या के दिन गुजार सकते हैं।,1
health_B_to_df_fire,effect,एक स्थिर शारीरिक स्थिति शारीरिक शक्ति के अनावश्यक बर्बादी को रोकती है।,1
health_B_to_df_fire,action,एक नियमित जीवन जारी रखें जो आपकी स्थिति को बनाए रखता है।,1
health_B_to_df_fire,state,"भले ही गुरुत्वाकर्षण का केंद्र कुछ हद तक हिल गया हो, दैनिक जीवन का संतुलन बिना किसी परेशानी के बनाए रखा जाता है, और स्पष्ट ऊर्जा प्रकाश जीवन शक्ति जोड़ती है, जिससे एक सहज प्रवाह बनता है।",1
health_B_to_df_water,intro,यह एक ऐसा दिन है जब आपका स्वास्थ्य स्थिर रहता है और आप बिना किसी बड़ी समस्या के दिन गुजार सकते हैं।,1
health_B_to_df_water,effect,एक स्थिर शारीरिक स्थिति शारीरिक शक्ति के अनावश्यक बर्बादी को रोकती है।,1
health_B_to_df_water,action,एक नियमित जीवन जारी रखें जो आपकी स्थिति को बनाए रखता है।,1
health_B_to_df_water,state,"भले ही आपके गुरुत्वाकर्षण का केंद्र कुछ हद तक हिल गया हो, आपके दैनिक जीवन का संतुलन बिना किसी परेशानी के बना रहता है, और नम ऊर्जा आपकी भावनाओं में एक शांत और लंबे समय तक रहने वाली भावना जोड़ती है।",1
health_B_to_df_wood,intro,यह एक ऐसा दिन है जब आपका स्वास्थ्य स्थिर रहता है और आप बिना किसी बड़ी समस्या के दिन गुजार सकते हैं।,1
health_B_to_df_wood,effect,एक स्थिर शारीरिक स्थिति शारीरिक शक्ति के अनावश्यक बर्बादी को रोकती है।,1
health_B_to_df_wood,action,एक नियमित जीवन जारी रखें जो आपकी स्थिति को बनाए रखता है।,1
health_B_to_df_wood,state,"भले ही केंद्र कुछ हद तक हिल गया हो, दैनिक जीवन का संतुलन बिना किसी परेशानी के बना रहता है, और परिवर्तन की थोड़ी सी ऊर्जा उचित उत्तेजना जोड़ती है।",1
health_B_to_ex_earth,intro,यह एक ऐसा दिन है जब आपका स्वास्थ्य स्थिर रहता है और आप बिना किसी बड़ी समस्या के दिन गुजार सकते हैं।,1
health_B_to_ex_earth,effect,एक स्थिर शारीरिक स्थिति शारीरिक शक्ति के अनावश्यक बर्बादी को रोकती है।,1
health_B_to_ex_earth,action,एक नियमित जीवन जारी रखें जो आपकी स्थिति को बनाए रखता है।,1
health_B_to_ex_earth,state,"इसमें स्थिरता की ओर एक मजबूत प्रवृत्ति होती है, इसलिए यह बिना किसी समस्या के एक शांत दिन में जारी रहता है, और बादल वाली ऊर्जा शांत वातावरण में जुड़ जाती है, जिससे शांति बनी रहती है।",1
health_B_to_ex_fire,intro,यह एक ऐसा दिन है जब आपका स्वास्थ्य स्थिर रहता है और आप बिना किसी बड़ी समस्या के दिन गुजार सकते हैं।,1
health_B_to_ex_fire,effect,एक स्थिर शारीरिक स्थिति शारीरिक शक्ति के अनावश्यक बर्बादी को रोकती है।,1
health_B_to_ex_fire,action,एक नियमित जीवन जारी रखें जो आपकी स्थिति को बनाए रखता है।,1
health_B_to_ex_fire,state,"इसमें स्थिरता की ओर एक मजबूत प्रवृत्ति होती है, इसलिए यह एक शांत दिन में भी सुचारू रूप से जारी रहती है, और स्पष्ट ऊर्जा प्रकाश जीवन शक्ति जोड़ती है, जिससे एक सहज प्रवाह बनता है।",1
health_B_to_ex_water,intro,यह एक ऐसा दिन है जब आपका स्वास्थ्य स्थिर रहता है और आप बिना किसी बड़ी समस्या के दिन गुजार सकते हैं।,1
health_B_to_ex_water,effect,एक स्थिर शारीरिक स्थिति शारीरिक शक्ति के अनावश्यक बर्बादी को रोकती है।,1
health_B_to_ex_water,action,एक नियमित जीवन जारी रखें जो आपकी स्थिति को बनाए रखता है।,1
health_B_to_ex_water,state,"इसकी एक मजबूत स्थिरता-उन्मुख प्रकृति है, इसलिए यह आसानी से एक शांत दिन का नेतृत्व कर सकती है, और नम ऊर्जा भावनाओं में एक शांत स्वाद जोड़ती है।",1
health_B_to_ex_wood,intro,यह एक ऐसा दिन है जब आपका स्वास्थ्य स्थिर रहता है और आप बिना किसी बड़ी समस्या के दिन गुजार सकते हैं।,1
health_B_to_ex_wood,effect,एक स्थिर शारीरिक स्थिति शारीरिक शक्ति के अनावश्यक बर्बादी को रोकती है।,1
health_B_to_ex_wood,action,एक नियमित जीवन जारी रखें जो आपकी स्थिति को बनाए रखता है।,1
health_B_to_ex_wood,state,"स्थिरता-अभिविन्यास मजबूत है, इसलिए यह एक शांत दिन में भी सुचारू रूप से जारी रहता है, और परिवर्तन की थोड़ी सी ऊर्जा उचित उत्तेजना जोड़ती है।",1
health_B1,intro,आज आपकी स्वास्थ्य ऊर्जा शांत है और आप अपनी स्थिति अच्छी बनाए रख सकते हैं।,1
health_B1,intro,"आज आपकी शारीरिक स्थिति स्थिर रहेगी, इसलिए आपका दिन अच्छा रहेगा।",1
health_B1,effect,"यदि आपकी स्थिति औसत स्तर पर बनी रहती है और आप इसे ज़्यादा नहीं करते हैं, तो यह एक समस्या-मुक्त दिन होगा।",1
health_B1,effect,शरीर ऐसी स्थिति में है जहां वह बिना अधिक तनाव के दिन को संभाल सकता है।,1
health_B1,action,आज विशेष परिस्थितियों को संभालने से बेहतर है कि मौजूदा दिनचर्या को ही बरकरार रखा जाए।,1
health_B1,action,"यदि आप नियमित रूप से खाते और सोते हैं, तो आज आप अच्छी स्थिति बनाए रख सकते हैं।",1
health_B1_geum_df_earth,intro,यह वह दिन है जब आपका स्वास्थ्य औसत स्तर पर है और आप थोड़ी थकान महसूस कर सकते हैं।,1
health_B1_geum_df_earth,effect,"शारीरिक शक्ति कुछ हद तक कम है, और लंबे समय तक गतिविधि के बाद थकान जल्दी जमा हो जाती है।",1
health_B1_geum_df_earth,action,अत्यधिक गतिविधि से बचें और चलने से पहले भरपूर आराम करें।,1
health_B1_geum_df_earth,state,"हालाँकि मैं निर्णय लेने में धीमा हूँ, दिन बिना किसी हिचकिचाहट के चलता रहता है, और बादल भरी ऊर्जा मुझे आसान गति बनाए रखने में मदद करती है।",1
health_B1_geum_df_fire,intro,यह वह दिन है जब आपका स्वास्थ्य औसत स्तर पर है और आप थोड़ी थकान महसूस कर सकते हैं।,1
health_B1_geum_df_fire,effect,"शारीरिक शक्ति कुछ हद तक कम है, और लंबे समय तक गतिविधि के बाद थकान जल्दी जमा हो जाती है।",1
health_B1_geum_df_fire,action,अत्यधिक गतिविधि से बचें और चलने से पहले भरपूर आराम करें।,1
health_B1_geum_df_fire,state,"हालाँकि मैं निर्णय लेने में धीमा हूँ, दिन बिना किसी हिचकिचाहट के बीतता है, और स्पष्ट ऊर्जा शांत जीवन शक्ति जोड़ती है, जिससे दिन सामान्य हो जाता है।",1
health_B1_geum_df_water,intro,यह वह दिन है जब आपका स्वास्थ्य औसत स्तर पर है और आप थोड़ी थकान महसूस कर सकते हैं।,1
health_B1_geum_df_water,effect,"शारीरिक शक्ति कुछ हद तक कम है, और लंबे समय तक गतिविधि के बाद थकान जल्दी जमा हो जाती है।",1
health_B1_geum_df_water,action,अत्यधिक गतिविधि से बचें और चलने से पहले भरपूर आराम करें।,1
health_B1_geum_df_water,state,"हालाँकि मैं निर्णय लेने में धीमा हूँ, दिन बिना किसी हिचकिचाहट के बीतता है, और नम ऊर्जा मेरे विचारों को बढ़ाती है लेकिन ज्यादा हलचल पैदा नहीं करती है।",1
health_B1_geum_df_wood,intro,यह वह दिन है जब आपका स्वास्थ्य औसत स्तर पर है और आप थोड़ी थकान महसूस कर सकते हैं।,1
health_B1_geum_df_wood,effect,"शारीरिक शक्ति कुछ हद तक कम है, और लंबे समय तक गतिविधि के बाद थकान जल्दी जमा हो जाती है।",1
health_B1_geum_df_wood,action,अत्यधिक गतिविधि से बचें और चलने से पहले भरपूर आराम करें।,1
health_B1_geum_df_wood,state,"निर्णय धीमा हो सकता है, लेकिन दिन बिना किसी हिचकिचाहट के चलता रहता है, और परिवर्तन की शांत ऊर्जा सामान्य प्रवाह को केवल थोड़ा सा हिलाती है।",1
health_B1_geum_ex_earth,intro,यह वह दिन है जब आपका स्वास्थ्य औसत स्तर पर है और आप थोड़ी थकान महसूस कर सकते हैं।,1
health_B1_geum_ex_earth,effect,"शारीरिक शक्ति कुछ हद तक कम है, और लंबे समय तक गतिविधि के बाद थकान जल्दी जमा हो जाती है।",1
health_B1_geum_ex_earth,action,अत्यधिक गतिविधि से बचें और चलने से पहले भरपूर आराम करें।,1
health_B1_geum_ex_earth,state,"निर्णय स्पष्ट है, लेकिन यह एक औसत परिणाम के साथ समाप्त होता है, और बादल वाली ऊर्जा एक सभ्य गति बनाए रखने में मदद करती है।",1
health_B1_geum_ex_fire,intro,यह वह दिन है जब आपका स्वास्थ्य औसत स्तर पर है और आप थोड़ी थकान महसूस कर सकते हैं।,1
health_B1_geum_ex_fire,effect,"शारीरिक शक्ति कुछ हद तक कम है, और लंबे समय तक गतिविधि के बाद थकान जल्दी जमा हो जाती है।",1
health_B1_geum_ex_fire,action,अत्यधिक गतिविधि से बचें और चलने से पहले भरपूर आराम करें।,1
health_B1_geum_ex_fire,state,"निर्णय स्पष्ट है, लेकिन यह एक सामान्य परिणाम के साथ समाप्त होता है, और स्पष्ट ऊर्जा शांत जीवन शक्ति जोड़ती है और सामान्य दिन को जारी रखती है।",1
health_B1_geum_ex_water,intro,यह वह दिन है जब आपका स्वास्थ्य औसत स्तर पर है और आप थोड़ी थकान महसूस कर सकते हैं।,1
health_B1_geum_ex_water,effect,"शारीरिक शक्ति कुछ हद तक कम है, और लंबे समय तक गतिविधि के बाद थकान जल्दी जमा हो जाती है।",1
health_B1_geum_ex_water,action,अत्यधिक गतिविधि से बचें और चलने से पहले भरपूर आराम करें।,1
health_B1_geum_ex_water,state,"निर्णय स्पष्ट है लेकिन एक साधारण परिणाम के साथ समाप्त होता है, और नम ऊर्जा विचारों को बढ़ाती है लेकिन ज्यादा उत्तेजना पैदा नहीं करती है।",1
health_B1_geum_ex_wood,intro,यह वह दिन है जब आपका स्वास्थ्य औसत स्तर पर है और आप थोड़ी थकान महसूस कर सकते हैं।,1
health_B1_geum_ex_wood,effect,"शारीरिक शक्ति कुछ हद तक कम है, और लंबे समय तक गतिविधि के बाद थकान जल्दी जमा हो जाती है।",1
health_B1_geum_ex_wood,action,अत्यधिक गतिविधि से बचें और चलने से पहले भरपूर आराम करें।,1
health_B1_geum_ex_wood,state,"निर्णय स्पष्ट है, लेकिन यह एक औसत परिणाम के साथ समाप्त होता है, और परिवर्तन की शांत ऊर्जा सामान्य प्रवाह को थोड़ा सा हिलाने के अलावा और कुछ नहीं करती है।",1
health_B1_hwa_df_earth,intro,आपकी जीवन शक्ति कुछ हद तक कम हो सकती है और आप ऊर्जा की कमी महसूस कर सकते हैं।,1
health_B1_hwa_df_earth,effect,दोपहर में कम ऊर्जा के कारण एकाग्रता खोना आसान होता है।,1
health_B1_hwa_df_earth,action,अपनी ऊर्जा को फिर से भरने के लिए पौष्टिक भोजन खाएं।,1
health_B1_hwa_df_earth,state,"हालाँकि बहुत कम अभिव्यक्ति होती है, लेकिन रिश्ता बहुत अधिक नहीं हिलता है, और धुंधली ऊर्जा एक आसान गति बनाए रखने में मदद करती है।",1
health_B1_hwa_df_fire,intro,आपकी जीवन शक्ति कुछ हद तक कम हो सकती है और आप ऊर्जा की कमी महसूस कर सकते हैं।,1
health_B1_hwa_df_fire,effect,दोपहर में कम ऊर्जा के कारण एकाग्रता खोना आसान होता है।,1
health_B1_hwa_df_fire,action,अपनी ऊर्जा को फिर से भरने के लिए पौष्टिक भोजन खाएं।,1
health_B1_hwa_df_fire,state,"हालाँकि कुछ अभिव्यक्तियाँ हैं, रिश्ता बहुत अधिक नहीं हिला है, और स्पष्ट ऊर्जा शांत जीवन शक्ति जोड़ती है और एक सामान्य दिन जारी रखती है।",1
health_B1_hwa_df_water,intro,आपकी जीवन शक्ति कुछ हद तक कम हो सकती है और आप ऊर्जा की कमी महसूस कर सकते हैं।,1
health_B1_hwa_df_water,effect,दोपहर में कम ऊर्जा के कारण एकाग्रता खोना आसान होता है।,1
health_B1_hwa_df_water,action,अपनी ऊर्जा को फिर से भरने के लिए पौष्टिक भोजन खाएं।,1
health_B1_hwa_df_water,state,"हालाँकि कुछ अभिव्यक्तियाँ हैं, रिश्ते बहुत अधिक हिलते नहीं हैं, और नम ऊर्जा विचारों को बढ़ाती है, लेकिन बहुत अधिक हलचल पैदा नहीं करती है।",1
health_B1_hwa_df_wood,intro,आपकी जीवन शक्ति कुछ हद तक कम हो सकती है और आप ऊर्जा की कमी महसूस कर सकते हैं।,1
health_B1_hwa_df_wood,effect,दोपहर में कम ऊर्जा के कारण एकाग्रता खोना आसान होता है।,1
health_B1_hwa_df_wood,action,अपनी ऊर्जा को फिर से भरने के लिए पौष्टिक भोजन खाएं।,1
health_B1_hwa_df_wood,state,"यद्यपि बहुत कम अभिव्यक्ति है, संबंध बहुत अधिक नहीं हिला है, और परिवर्तन की शांत ऊर्जा केवल सामान्य प्रवाह को थोड़ा हिलाने के लिए पर्याप्त है।",1
health_B1_hwa_ex_earth,intro,आपकी जीवन शक्ति कुछ हद तक कम हो सकती है और आप ऊर्जा की कमी महसूस कर सकते हैं।,1
health_B1_hwa_ex_earth,effect,दोपहर में कम ऊर्जा के कारण एकाग्रता खोना आसान होता है।,1
health_B1_hwa_ex_earth,action,अपनी ऊर्जा को फिर से भरने के लिए पौष्टिक भोजन खाएं।,1
health_B1_hwa_ex_earth,state,"मध्यम गर्मी एक सहज दिन बनाती है, और बादल वाली ऊर्जा आपको एक आसान गति बनाए रखने में मदद करती है।",1
health_B1_hwa_ex_fire,intro,आपकी जीवन शक्ति कुछ हद तक कम हो सकती है और आप ऊर्जा की कमी महसूस कर सकते हैं।,1
health_B1_hwa_ex_fire,effect,दोपहर में कम ऊर्जा के कारण एकाग्रता खोना आसान होता है।,1
health_B1_hwa_ex_fire,action,अपनी ऊर्जा को फिर से भरने के लिए पौष्टिक भोजन खाएं।,1
health_B1_hwa_ex_fire,state,"मध्यम गर्मी एक सहज दिन बनाती है, और स्पष्ट ऊर्जा शांत जीवन शक्ति जोड़ती है और सामान्य दिन को जारी रखती है।",1
health_B1_hwa_ex_water,intro,आपकी जीवन शक्ति कुछ हद तक कम हो सकती है और आप ऊर्जा की कमी महसूस कर सकते हैं।,1
health_B1_hwa_ex_water,effect,दोपहर में कम ऊर्जा के कारण एकाग्रता खोना आसान होता है।,1
health_B1_hwa_ex_water,action,अपनी ऊर्जा को फिर से भरने के लिए पौष्टिक भोजन खाएं।,1
health_B1_hwa_ex_water,state,"मध्यम गर्मी एक सुहाना दिन बनाती है, और नम ऊर्जा आपके विचारों को बढ़ाती है लेकिन ज्यादा उत्तेजना पैदा नहीं करती है।",1
health_B1_hwa_ex_wood,intro,आपकी जीवन शक्ति कुछ हद तक कम हो सकती है और आप ऊर्जा की कमी महसूस कर सकते हैं।,1
health_B1_hwa_ex_wood,effect,दोपहर में कम ऊर्जा के कारण एकाग्रता खोना आसान होता है।,1
health_B1_hwa_ex_wood,action,अपनी ऊर्जा को फिर से भरने के लिए पौष्टिक भोजन खाएं।,1
health_B1_hwa_ex_wood,state,"मध्यम गर्मी एक सहज दिन बनाती है, और परिवर्तन की शांत ऊर्जा सामान्य प्रवाह को थोड़ा सा हिलाने के अलावा और कुछ नहीं करती है।",1
health_B1_mok_df_earth,intro,"आपका शरीर थोड़ा धीरे-धीरे ठीक हो सकता है, जिससे थकान से छुटकारा पाना कठिन हो जाएगा।",1
health_B1_mok_df_earth,effect,धीमी रिकवरी से थकान हो सकती है।,1
health_B1_mok_df_earth,action,पर्याप्त नींद और पोषण के साथ आपकी रिकवरी में मदद करें।,1
health_B1_mok_df_earth,state,"यह नए की तुलना में अधिक परिचित रहता है, लेकिन प्रवाह निर्बाध है और बादलदार ऊर्जा आपको आसान गति बनाए रखने में मदद करती है।",1
health_B1_mok_df_fire,intro,"आपका शरीर थोड़ा धीरे-धीरे ठीक हो सकता है, जिससे थकान से छुटकारा पाना कठिन हो जाएगा।",1
health_B1_mok_df_fire,effect,धीमी रिकवरी से थकान हो सकती है।,1
health_B1_mok_df_fire,action,पर्याप्त नींद और पोषण के साथ आपकी रिकवरी में मदद करें।,1
health_B1_mok_df_fire,state,"यद्यपि यह नए के बजाय परिचित बना हुआ है, प्रवाह निर्बाध है और स्पष्ट ऊर्जा शांत जीवन शक्ति जोड़ती है और सामान्य दिन को जारी रखती है।",1
health_B1_mok_df_water,intro,"आपका शरीर थोड़ा धीरे-धीरे ठीक हो सकता है, जिससे थकान से छुटकारा पाना कठिन हो जाएगा।",1
health_B1_mok_df_water,effect,धीमी रिकवरी से थकान हो सकती है।,1
health_B1_mok_df_water,action,पर्याप्त नींद और पोषण के साथ आपकी रिकवरी में मदद करें।,1
health_B1_mok_df_water,state,"यद्यपि यह उपन्यास के बजाय परिचित रहता है, प्रवाह निर्बाध है और नम ऊर्जा विचारों को बढ़ाती है लेकिन ज्यादा हलचल पैदा नहीं करती है।",1
health_B1_mok_df_wood,intro,"आपका शरीर थोड़ा धीरे-धीरे ठीक हो सकता है, जिससे थकान से छुटकारा पाना कठिन हो जाएगा।",1
health_B1_mok_df_wood,effect,धीमी रिकवरी से थकान हो सकती है।,1
health_B1_mok_df_wood,action,पर्याप्त नींद और पोषण के साथ आपकी रिकवरी में मदद करें।,1
health_B1_mok_df_wood,state,"हालाँकि यह नए की तुलना में अधिक परिचित है, प्रवाह निर्बाध है और परिवर्तन की शांत ऊर्जा सामान्य प्रवाह को केवल थोड़ा सा हिलाती है।",1
health_B1_mok_ex_earth,intro,"आपका शरीर थोड़ा धीरे-धीरे ठीक हो सकता है, जिससे थकान से छुटकारा पाना कठिन हो जाएगा।",1
health_B1_mok_ex_earth,effect,धीमी रिकवरी से थकान हो सकती है।,1
health_B1_mok_ex_earth,action,पर्याप्त नींद और पोषण के साथ आपकी रिकवरी में मदद करें।,1
health_B1_mok_ex_earth,state,"मैं प्रेरित हूं, लेकिन मेरी प्रेरक शक्ति औसत स्तर पर बनी हुई है, और बादल भरी ऊर्जा मुझे एक अच्छी गति बनाए रखने में मदद करती है।",1
health_B1_mok_ex_fire,intro,"आपका शरीर थोड़ा धीरे-धीरे ठीक हो सकता है, जिससे थकान से छुटकारा पाना कठिन हो जाएगा।",1
health_B1_mok_ex_fire,effect,धीमी रिकवरी से थकान हो सकती है।,1
health_B1_mok_ex_fire,action,पर्याप्त नींद और पोषण के साथ आपकी रिकवरी में मदद करें।,1
health_B1_mok_ex_fire,state,"यद्यपि मैं प्रेरित हूं, मेरी प्रेरक शक्ति औसत स्तर पर बनी हुई है, और स्पष्ट ऊर्जा शांत जीवन शक्ति जोड़ती है और मेरे सामान्य दिन को जारी रखती है।",1
health_B1_mok_ex_water,intro,"आपका शरीर थोड़ा धीरे-धीरे ठीक हो सकता है, जिससे थकान से छुटकारा पाना कठिन हो जाएगा।",1
health_B1_mok_ex_water,effect,धीमी रिकवरी से थकान हो सकती है।,1
health_B1_mok_ex_water,action,पर्याप्त नींद और पोषण के साथ आपकी रिकवरी में मदद करें।,1
health_B1_mok_ex_water,state,"प्रेरणा होती है, लेकिन प्रेरक शक्ति सामान्य स्तर पर रहती है, और नम ऊर्जा विचारों को बढ़ाती है, लेकिन ज्यादा उत्तेजना पैदा नहीं करती है।",1
health_B1_mok_ex_wood,intro,"आपका शरीर थोड़ा धीरे-धीरे ठीक हो सकता है, जिससे थकान से छुटकारा पाना कठिन हो जाएगा।",1
health_B1_mok_ex_wood,effect,धीमी रिकवरी से थकान हो सकती है।,1
health_B1_mok_ex_wood,action,पर्याप्त नींद और पोषण के साथ आपकी रिकवरी में मदद करें।,1
health_B1_mok_ex_wood,state,"प्रेरणा है, लेकिन प्रेरक शक्ति औसत स्तर पर बनी हुई है, और परिवर्तन की शांत ऊर्जा सामान्य प्रवाह को थोड़ा सा हिलाने के लिए पर्याप्त है।",1
health_B1_su_df_earth,intro,"शरीर में परिसंचरण थोड़ा धीमा हो सकता है, इसलिए थकान बनी रह सकती है।",1
health_B1_su_df_earth,effect,परिसंचरण में मंदी एकाग्रता में कमी और हल्की थकान के रूप में प्रकट होती है।,1
health_B1_su_df_earth,action,हल्की स्ट्रेचिंग और हाइड्रेशन के साथ परिसंचरण को बढ़ावा दें।,1
health_B1_su_df_earth,state,"यद्यपि लचीलेपन में कमी आई है, प्रवाह में उल्लेखनीय रूप से रुकावट नहीं आई है, और बादल वाली ऊर्जा एक सभ्य गति बनाए रखने में मदद करती है।",1
health_B1_su_df_fire,intro,"शरीर में परिसंचरण थोड़ा धीमा हो सकता है, इसलिए थकान बनी रह सकती है।",1
health_B1_su_df_fire,effect,परिसंचरण में मंदी एकाग्रता में कमी और हल्की थकान के रूप में प्रकट होती है।,1
health_B1_su_df_fire,action,हल्की स्ट्रेचिंग और हाइड्रेशन के साथ परिसंचरण को बढ़ावा दें।,1
health_B1_su_df_fire,state,"यद्यपि लचीलेपन में कमी आई है, प्रवाह में उल्लेखनीय रूप से बाधा नहीं आई है, और स्पष्ट ऊर्जा शांत जीवन शक्ति जोड़ती है और एक सामान्य दिन जारी रखती है।",1
health_B1_su_df_water,intro,"शरीर में परिसंचरण थोड़ा धीमा हो सकता है, इसलिए थकान बनी रह सकती है।",1
health_B1_su_df_water,effect,परिसंचरण में मंदी एकाग्रता में कमी और हल्की थकान के रूप में प्रकट होती है।,1
health_B1_su_df_water,action,हल्की स्ट्रेचिंग और हाइड्रेशन के साथ परिसंचरण को बढ़ावा दें।,1
health_B1_su_df_water,state,"लचीलापन कम हो जाता है, लेकिन प्रवाह बहुत अधिक बाधित नहीं होता है, और नम ऊर्जा विचारों को बढ़ाती है, लेकिन अधिक उत्तेजना पैदा नहीं करती है।",1
health_B1_su_df_wood,intro,"शरीर में परिसंचरण थोड़ा धीमा हो सकता है, इसलिए थकान बनी रह सकती है।",1
health_B1_su_df_wood,effect,परिसंचरण में मंदी एकाग्रता में कमी और हल्की थकान के रूप में प्रकट होती है।,1
health_B1_su_df_wood,action,हल्की स्ट्रेचिंग और हाइड्रेशन के साथ परिसंचरण को बढ़ावा दें।,1
health_B1_su_df_wood,state,"यद्यपि लचीलेपन में कमी आई है, प्रवाह में कोई विशेष बाधा नहीं आई है, और परिवर्तन की शांत ऊर्जा सामान्य प्रवाह को केवल थोड़ा सा हिलाती है।",1
health_B1_su_ex_earth,intro,"शरीर में परिसंचरण थोड़ा धीमा हो सकता है, इसलिए थकान बनी रह सकती है।",1
health_B1_su_ex_earth,effect,परिसंचरण में मंदी एकाग्रता में कमी और हल्की थकान के रूप में प्रकट होती है।,1
health_B1_su_ex_earth,action,हल्की स्ट्रेचिंग और हाइड्रेशन के साथ परिसंचरण को बढ़ावा दें।,1
health_B1_su_ex_earth,state,"हालाँकि मेरे पास सोचने के लिए बहुत कुछ है, फिर भी दिन बिना किसी परेशानी के बीत जाता है, और बादल भरी ऊर्जा मुझे आसान गति बनाए रखने में मदद करती है।",1
health_B1_su_ex_fire,intro,"शरीर में परिसंचरण थोड़ा धीमा हो सकता है, इसलिए थकान बनी रह सकती है।",1
health_B1_su_ex_fire,effect,परिसंचरण में मंदी एकाग्रता में कमी और हल्की थकान के रूप में प्रकट होती है।,1
health_B1_su_ex_fire,action,हल्की स्ट्रेचिंग और हाइड्रेशन के साथ परिसंचरण को बढ़ावा दें।,1
health_B1_su_ex_fire,state,"भले ही मेरे पास बहुत सारे विचार हैं, दिन बिना किसी परेशानी के बीत जाता है, और स्पष्ट ऊर्जा शांत जीवन शक्ति जोड़ती है और सामान्य दिन को जारी रखती है।",1
health_B1_su_ex_water,intro,"शरीर में परिसंचरण थोड़ा धीमा हो सकता है, इसलिए थकान बनी रह सकती है।",1
health_B1_su_ex_water,effect,परिसंचरण में मंदी एकाग्रता में कमी और हल्की थकान के रूप में प्रकट होती है।,1
health_B1_su_ex_water,action,हल्की स्ट्रेचिंग और हाइड्रेशन के साथ परिसंचरण को बढ़ावा दें।,1
health_B1_su_ex_water,state,"भले ही आपके मन में बहुत सारे विचार हों, दिन बिना ज्यादा हलचल के बीत जाता है और नम ऊर्जा आपके विचारों को बढ़ा देती है लेकिन ज्यादा हलचल पैदा नहीं करती।",1
health_B1_su_ex_wood,intro,"शरीर में परिसंचरण थोड़ा धीमा हो सकता है, इसलिए थकान बनी रह सकती है।",1
health_B1_su_ex_wood,effect,परिसंचरण में मंदी एकाग्रता में कमी और हल्की थकान के रूप में प्रकट होती है।,1
health_B1_su_ex_wood,action,हल्की स्ट्रेचिंग और हाइड्रेशन के साथ परिसंचरण को बढ़ावा दें।,1
health_B1_su_ex_wood,state,"भले ही मेरे मन में बहुत सारे विचार हों, दिन बिना किसी व्यवधान के बीत जाता है, और परिवर्तन की शांत ऊर्जा सामान्य प्रवाह को केवल थोड़ा सा हिलाती है।",1
health_B1_to_df_earth,intro,"यदि आपकी स्वास्थ्य स्थिरता औसत है, तो छोटी-मोटी स्वास्थ्य समस्याएं हो सकती हैं।",1
health_B1_to_df_earth,effect,शारीरिक शक्ति का आधार कमजोर होने से अक्सर छोटी-मोटी परेशानी होती है।,1
health_B1_to_df_earth,action,स्वास्थ्य समस्याओं के संकेतों को नज़रअंदाज़ न करें और तुरंत प्रतिक्रिया दें।,1
health_B1_to_df_earth,state,"भले ही कुछ कंपन हो, दैनिक जीवन सुचारू रूप से चलता है और बादल वाली ऊर्जा मुझे आसान गति बनाए रखने में मदद करती है।",1
health_B1_to_df_fire,intro,"यदि आपकी स्वास्थ्य स्थिरता औसत है, तो छोटी-मोटी स्वास्थ्य समस्याएं हो सकती हैं।",1
health_B1_to_df_fire,effect,शारीरिक शक्ति का आधार कमजोर होने से अक्सर छोटी-मोटी परेशानी होती है।,1
health_B1_to_df_fire,action,स्वास्थ्य समस्याओं के संकेतों को नज़रअंदाज़ न करें और तुरंत प्रतिक्रिया दें।,1
health_B1_to_df_fire,state,"हालाँकि कुछ कंपन है, दैनिक जीवन सुचारू रूप से चलता है, और स्पष्ट ऊर्जा शांत जीवन शक्ति जोड़ती है और सामान्य दिन को जारी रखती है।",1
health_B1_to_df_water,intro,"यदि आपकी स्वास्थ्य स्थिरता औसत है, तो छोटी-मोटी स्वास्थ्य समस्याएं हो सकती हैं।",1
health_B1_to_df_water,effect,शारीरिक शक्ति का आधार कमजोर होने से अक्सर छोटी-मोटी परेशानी होती है।,1
health_B1_to_df_water,action,स्वास्थ्य समस्याओं के संकेतों को नज़रअंदाज़ न करें और तुरंत प्रतिक्रिया दें।,1
health_B1_to_df_water,state,"यद्यपि कंपन होता है, दैनिक जीवन सुचारू रूप से चलता है, और नम ऊर्जा विचारों को बढ़ाती है, लेकिन अधिक हलचल पैदा नहीं करती है।",1
health_B1_to_df_wood,intro,"यदि आपकी स्वास्थ्य स्थिरता औसत है, तो छोटी-मोटी स्वास्थ्य समस्याएं हो सकती हैं।",1
health_B1_to_df_wood,effect,शारीरिक शक्ति का आधार कमजोर होने से अक्सर छोटी-मोटी परेशानी होती है।,1
health_B1_to_df_wood,action,स्वास्थ्य समस्याओं के संकेतों को नज़रअंदाज़ न करें और तुरंत प्रतिक्रिया दें।,1
health_B1_to_df_wood,state,"यद्यपि उतार-चढ़ाव होते हैं, दैनिक जीवन सुचारू रूप से चलता है, और परिवर्तन की शांत ऊर्जा सामान्य प्रवाह को केवल थोड़ा सा हिलाती है।",1
health_B1_to_ex_earth,intro,"यदि आपकी स्वास्थ्य स्थिरता औसत है, तो छोटी-मोटी स्वास्थ्य समस्याएं हो सकती हैं।",1
health_B1_to_ex_earth,effect,शारीरिक शक्ति का आधार कमजोर होने से अक्सर छोटी-मोटी परेशानी होती है।,1
health_B1_to_ex_earth,action,स्वास्थ्य समस्याओं के संकेतों को नज़रअंदाज़ न करें और तुरंत प्रतिक्रिया दें।,1
health_B1_to_ex_earth,state,"परिवर्तन के स्थान पर परिचितता को चुनने से दिन आसान हो जाता है, और बादल भरी ऊर्जा मुझे आसान गति बनाए रखने में मदद करती है।",1
health_B1_to_ex_fire,intro,"यदि आपकी स्वास्थ्य स्थिरता औसत है, तो छोटी-मोटी स्वास्थ्य समस्याएं हो सकती हैं।",1
health_B1_to_ex_fire,effect,शारीरिक शक्ति का आधार कमजोर होने से अक्सर छोटी-मोटी परेशानी होती है।,1
health_B1_to_ex_fire,action,स्वास्थ्य समस्याओं के संकेतों को नज़रअंदाज़ न करें और तुरंत प्रतिक्रिया दें।,1
health_B1_to_ex_fire,state,"परिवर्तन के स्थान पर परिचितता को चुनने से एक सामान्य दिन बन जाता है, और स्पष्ट ऊर्जा सामान्य दिन में शांत जीवन शक्ति जोड़ती है।",1
health_B1_to_ex_water,intro,"यदि आपकी स्वास्थ्य स्थिरता औसत है, तो छोटी-मोटी स्वास्थ्य समस्याएं हो सकती हैं।",1
health_B1_to_ex_water,effect,शारीरिक शक्ति का आधार कमजोर होने से अक्सर छोटी-मोटी परेशानी होती है।,1
health_B1_to_ex_water,action,स्वास्थ्य समस्याओं के संकेतों को नज़रअंदाज़ न करें और तुरंत प्रतिक्रिया दें।,1
health_B1_to_ex_water,state,"परिवर्तन के स्थान पर परिचितता को चुनने से दिन सामान्य हो जाता है, और नम ऊर्जा विचारों को बढ़ाती है लेकिन अधिक उत्तेजना पैदा नहीं करती है।",1
health_B1_to_ex_wood,intro,"यदि आपकी स्वास्थ्य स्थिरता औसत है, तो छोटी-मोटी स्वास्थ्य समस्याएं हो सकती हैं।",1
health_B1_to_ex_wood,effect,शारीरिक शक्ति का आधार कमजोर होने से अक्सर छोटी-मोटी परेशानी होती है।,1
health_B1_to_ex_wood,action,स्वास्थ्य समस्याओं के संकेतों को नज़रअंदाज़ न करें और तुरंत प्रतिक्रिया दें।,1
health_B1_to_ex_wood,state,"परिवर्तन के स्थान पर परिचितता को चुनने से दिन सामान्य हो जाता है, और परिवर्तन की शांत ऊर्जा सामान्य प्रवाह को केवल थोड़ा सा हिला देती है।",1
health_C,intro,"आज आपके शरीर की ऊर्जा कुछ कम है, इसलिए जरूरी है कि आप अपनी ऊर्जा का व्यय कम करें।",1
health_C,intro,आज का दिन अत्यधिक सक्रियता के बजाय स्वास्थ्य लाभ पर ध्यान देने का है क्योंकि आपकी स्वास्थ्य ऊर्जा कमज़ोर है।,1
health_C,effect,"आप सामान्य से अधिक आसानी से थक सकते हैं और ध्यान केंद्रित करने में परेशानी हो सकती है, इसलिए आपको पर्याप्त आराम की आवश्यकता है।",1
health_C,effect,"यदि आप उस दिन इसे ज़्यादा करते हैं जब आपका शरीर ठीक होने का अनुरोध कर रहा है, तो अगला दिन और अधिक कठिन हो सकता है।",1
health_C,action,"आज के लिए, व्यायाम से अधिक पर्याप्त नींद और पोषण संबंधी पूरकता को प्राथमिकता दें।",1
health_C,action,"यदि आप थोड़ा सा भी भारीपन महसूस करते हैं, तो सबसे बुद्धिमानी का विकल्प अपना शेड्यूल छोटा करना और आराम करना है।",1
health_C_geum_df_earth,intro,यह एक ऐसा दिन है जब स्वास्थ्य ऊर्जा कम होती है और पूरे दिन थकान बनी रहती है।,1
health_C_geum_df_earth,effect,शारीरिक शक्ति कम होने से सभी गतिविधियों की कार्यक्षमता कम हो जाती है।,1
health_C_geum_df_earth,action,ज़ोरदार गतिविधि से बचें और भरपूर आराम करें।,1
health_C_geum_df_earth,state,"जैसे-जैसे आपका संकल्प कमजोर होता है, महत्वपूर्ण विकल्पों को टालना आसान हो जाता है, और धुंधली ऊर्जा आपको धीमा कर सकती है और आपके विचारों को भारी बना सकती है।",1
health_C_geum_df_fire,intro,यह एक ऐसा दिन है जब स्वास्थ्य ऊर्जा कम होती है और पूरे दिन थकान बनी रहती है।,1
health_C_geum_df_fire,effect,शारीरिक शक्ति कम होने से सभी गतिविधियों की कार्यक्षमता कम हो जाती है।,1
health_C_geum_df_fire,action,ज़ोरदार गतिविधि से बचें और भरपूर आराम करें।,1
health_C_geum_df_fire,state,"जैसे-जैसे आपका संकल्प कमजोर होता है, महत्वपूर्ण विकल्पों को टालना आसान हो जाता है, और आपकी स्पष्ट ऊर्जा उत्साहित माहौल में प्रवाहित हो सकती है, जो आपके विवेक को धूमिल कर सकती है।",1
health_C_geum_df_water,intro,यह एक ऐसा दिन है जब स्वास्थ्य ऊर्जा कम होती है और पूरे दिन थकान बनी रहती है।,1
health_C_geum_df_water,effect,शारीरिक शक्ति कम होने से सभी गतिविधियों की कार्यक्षमता कम हो जाती है।,1
health_C_geum_df_water,action,ज़ोरदार गतिविधि से बचें और भरपूर आराम करें।,1
health_C_geum_df_water,state,"महत्वपूर्ण विकल्पों को स्थगित करना आसान है क्योंकि आपका संकल्प कमजोर हो जाता है, और बारिश और बर्फ की ऊर्जा आपकी भावनाओं और आंतरिक आत्म को उत्तेजित कर सकती है, जिसका बड़ा प्रभाव हो सकता है।",1
health_C_geum_df_wood,intro,यह एक ऐसा दिन है जब स्वास्थ्य ऊर्जा कम होती है और पूरे दिन थकान बनी रहती है।,1
health_C_geum_df_wood,effect,शारीरिक शक्ति कम होने से सभी गतिविधियों की कार्यक्षमता कम हो जाती है।,1
health_C_geum_df_wood,action,ज़ोरदार गतिविधि से बचें और भरपूर आराम करें।,1
health_C_geum_df_wood,state,"कमजोर दृढ़ संकल्प के कारण महत्वपूर्ण विकल्पों को स्थगित करना आसान है, और परिवर्तन की मजबूत ऊर्जा लय को हिला सकती है और अप्रत्याशित परिवर्तन ला सकती है।",1
health_C_geum_ex_earth,intro,यह एक ऐसा दिन है जब स्वास्थ्य ऊर्जा कम होती है और पूरे दिन थकान बनी रहती है।,1
health_C_geum_ex_earth,effect,शारीरिक शक्ति कम होने से सभी गतिविधियों की कार्यक्षमता कम हो जाती है।,1
health_C_geum_ex_earth,action,ज़ोरदार गतिविधि से बचें और भरपूर आराम करें।,1
health_C_geum_ex_earth,state,"अत्यधिक तीखा निर्णय रिश्तों को ठंडा बना सकता है, और धुंधली ऊर्जा आपकी गति को धीमा कर सकती है और आपके विचारों को भारी बना सकती है।",1
health_C_geum_ex_fire,intro,यह एक ऐसा दिन है जब स्वास्थ्य ऊर्जा कम होती है और पूरे दिन थकान बनी रहती है।,1
health_C_geum_ex_fire,effect,शारीरिक शक्ति कम होने से सभी गतिविधियों की कार्यक्षमता कम हो जाती है।,1
health_C_geum_ex_fire,action,ज़ोरदार गतिविधि से बचें और भरपूर आराम करें।,1
health_C_geum_ex_fire,state,"अत्यधिक तीखा निर्णय रिश्तों को ठंडा बना सकता है, और स्पष्ट ऊर्जा उत्तेजित वातावरण में प्रवाहित हो सकती है, जो विवेक को धूमिल कर सकती है।",1
health_C_geum_ex_water,intro,यह एक ऐसा दिन है जब स्वास्थ्य ऊर्जा कम होती है और पूरे दिन थकान बनी रहती है।,1
health_C_geum_ex_water,effect,शारीरिक शक्ति कम होने से सभी गतिविधियों की कार्यक्षमता कम हो जाती है।,1
health_C_geum_ex_water,action,ज़ोरदार गतिविधि से बचें और भरपूर आराम करें।,1
health_C_geum_ex_water,state,"अत्यधिक तीखा निर्णय रिश्तों को ठंडा बना सकता है, और बारिश और बर्फ की ऊर्जा भावनाओं और आंतरिक भावनाओं को उत्तेजित कर सकती है, जिसका बड़ा प्रभाव हो सकता है।",1
health_C_geum_ex_wood,intro,यह एक ऐसा दिन है जब स्वास्थ्य ऊर्जा कम होती है और पूरे दिन थकान बनी रहती है।,1
health_C_geum_ex_wood,effect,शारीरिक शक्ति कम होने से सभी गतिविधियों की कार्यक्षमता कम हो जाती है।,1
health_C_geum_ex_wood,action,ज़ोरदार गतिविधि से बचें और भरपूर आराम करें।,1
health_C_geum_ex_wood,state,"अत्यधिक तीखा निर्णय रिश्तों को ठंडा बना सकता है, और परिवर्तन की मजबूत ऊर्जा लय को हिला सकती है और अप्रत्याशित परिवर्तन ला सकती है।",1
health_C_hwa_df_earth,intro,यह एक ऐसा दिन है जब आपकी जीवन शक्ति काफी कम हो जाती है और आपका पूरा शरीर सुस्त महसूस करता है।,1
health_C_hwa_df_earth,effect,ऊर्जा की कमी से रोग प्रतिरोधक क्षमता कम हो जाती है और थकान बढ़ जाती है।,1
health_C_hwa_df_earth,action,पर्याप्त नींद और पोषक तत्वों की खुराक के साथ अपनी जीवन शक्ति बहाल करें।,1
health_C_hwa_df_earth,state,"स्वयं को अभिव्यक्त करने में कठिनाई के कारण गलतफहमियाँ उत्पन्न होना आसान है, और धुंधली ऊर्जा आपको धीमा कर सकती है और आपके विचारों को भारी बना सकती है।",1
health_C_hwa_df_fire,intro,यह एक ऐसा दिन है जब आपकी जीवन शक्ति काफी कम हो जाती है और आपका पूरा शरीर सुस्त महसूस करता है।,1
health_C_hwa_df_fire,effect,ऊर्जा की कमी से रोग प्रतिरोधक क्षमता कम हो जाती है और थकान बढ़ जाती है।,1
health_C_hwa_df_fire,action,पर्याप्त नींद और पोषक तत्वों की खुराक के साथ अपनी जीवन शक्ति बहाल करें।,1
health_C_hwa_df_fire,state,"ग़लतफहमियाँ पैदा होना आसान है क्योंकि भावों को समझना कठिन होता है, और स्पष्ट ऊर्जा उत्तेजित वातावरण में प्रवाहित हो सकती है और सावधानी को धूमिल कर सकती है।",1
health_C_hwa_df_water,intro,यह एक ऐसा दिन है जब आपकी जीवन शक्ति काफी कम हो जाती है और आपका पूरा शरीर सुस्त महसूस करता है।,1
health_C_hwa_df_water,effect,ऊर्जा की कमी से रोग प्रतिरोधक क्षमता कम हो जाती है और थकान बढ़ जाती है।,1
health_C_hwa_df_water,action,पर्याप्त नींद और पोषक तत्वों की खुराक के साथ अपनी जीवन शक्ति बहाल करें।,1
health_C_hwa_df_water,state,"गलतफहमियां पैदा होना आसान है क्योंकि भावों को समझना मुश्किल होता है, और बारिश और बर्फ की ऊर्जा भावनाओं और आंतरिक भावनाओं को उत्तेजित कर सकती है, जिसका बड़ा प्रभाव हो सकता है।",1
health_C_hwa_df_wood,intro,यह एक ऐसा दिन है जब आपकी जीवन शक्ति काफी कम हो जाती है और आपका पूरा शरीर सुस्त महसूस करता है।,1
health_C_hwa_df_wood,effect,ऊर्जा की कमी से रोग प्रतिरोधक क्षमता कम हो जाती है और थकान बढ़ जाती है।,1
health_C_hwa_df_wood,action,पर्याप्त नींद और पोषक तत्वों की खुराक के साथ अपनी जीवन शक्ति बहाल करें।,1
health_C_hwa_df_wood,state,"कठिन अभिव्यक्तियों के कारण गलतफहमी उत्पन्न होना आसान है, और परिवर्तन की मजबूत ऊर्जा लय को हिला सकती है और अप्रत्याशित परिवर्तन ला सकती है।",1
health_C_hwa_ex_earth,intro,यह एक ऐसा दिन है जब आपकी जीवन शक्ति काफी कम हो जाती है और आपका पूरा शरीर सुस्त महसूस करता है।,1
health_C_hwa_ex_earth,effect,ऊर्जा की कमी से रोग प्रतिरोधक क्षमता कम हो जाती है और थकान बढ़ जाती है।,1
health_C_hwa_ex_earth,action,पर्याप्त नींद और पोषक तत्वों की खुराक के साथ अपनी जीवन शक्ति बहाल करें।,1
health_C_hwa_ex_earth,state,"भावनाओं का टकराना आसान है, और धुंधली ऊर्जा आपको धीमा कर सकती है और आपके विचारों को भारी बना सकती है।",1
health_C_hwa_ex_fire,intro,यह एक ऐसा दिन है जब आपकी जीवन शक्ति काफी कम हो जाती है और आपका पूरा शरीर सुस्त महसूस करता है।,1
health_C_hwa_ex_fire,effect,ऊर्जा की कमी से रोग प्रतिरोधक क्षमता कम हो जाती है और थकान बढ़ जाती है।,1
health_C_hwa_ex_fire,action,पर्याप्त नींद और पोषक तत्वों की खुराक के साथ अपनी जीवन शक्ति बहाल करें।,1
health_C_hwa_ex_fire,state,"भावनाओं का टकराना आसान है, और स्पष्ट ऊर्जा उत्तेजित माहौल में प्रवाहित हो सकती है, जिससे सावधानी धुंधली हो सकती है।",1
health_C_hwa_ex_water,intro,यह एक ऐसा दिन है जब आपकी जीवन शक्ति काफी कम हो जाती है और आपका पूरा शरीर सुस्त महसूस करता है।,1
health_C_hwa_ex_water,effect,ऊर्जा की कमी से रोग प्रतिरोधक क्षमता कम हो जाती है और थकान बढ़ जाती है।,1
health_C_hwa_ex_water,action,पर्याप्त नींद और पोषक तत्वों की खुराक के साथ अपनी जीवन शक्ति बहाल करें।,1
health_C_hwa_ex_water,state,"भावनाओं का संघर्ष में आना आसान है, और बारिश और बर्फ की ऊर्जा भावनाओं और आंतरिक भावनाओं को उत्तेजित कर सकती है, जिससे प्रभाव बढ़ सकता है।",1
health_C_hwa_ex_wood,intro,यह एक ऐसा दिन है जब आपकी जीवन शक्ति काफी कम हो जाती है और आपका पूरा शरीर सुस्त महसूस करता है।,1
health_C_hwa_ex_wood,effect,ऊर्जा की कमी से रोग प्रतिरोधक क्षमता कम हो जाती है और थकान बढ़ जाती है।,1
health_C_hwa_ex_wood,action,पर्याप्त नींद और पोषक तत्वों की खुराक के साथ अपनी जीवन शक्ति बहाल करें।,1
health_C_hwa_ex_wood,state,"भावनाओं का टकराना आसान है, और परिवर्तन की मजबूत ऊर्जा लय को हिला सकती है और अप्रत्याशित परिवर्तन ला सकती है।",1
health_C_mok_df_earth,intro,यह एक ऐसा दिन है जब शरीर को ठीक होने में कठिनाई होती है और थकान आसानी से जमा हो जाती है।,1
health_C_mok_df_earth,effect,रिकवरी कम होने के कारण हल्की गतिविधि के बाद भी शारीरिक शक्ति तेजी से घटती है।,1
health_C_mok_df_earth,action,ज़ोरदार व्यायाम से बचें और आराम को प्राथमिकता दें।,1
health_C_mok_df_earth,state,"नई चीजों को आजमाने में झिझक प्रगति को धीमा कर सकती है, और धूमिल ऊर्जा आपकी गति को धीमा कर सकती है और आपके विचारों को भारी बना सकती है।",1
health_C_mok_df_fire,intro,यह एक ऐसा दिन है जब शरीर को ठीक होने में कठिनाई होती है और थकान आसानी से जमा हो जाती है।,1
health_C_mok_df_fire,effect,रिकवरी कम होने के कारण हल्की गतिविधि के बाद भी शारीरिक शक्ति तेजी से घटती है।,1
health_C_mok_df_fire,action,ज़ोरदार व्यायाम से बचें और आराम को प्राथमिकता दें।,1
health_C_mok_df_fire,state,"नई चीजों को आजमाने में झिझक प्रगति को धीमा कर सकती है, और स्पष्ट ऊर्जा से उत्साहित माहौल बन सकता है, जो सावधानी को धूमिल कर सकता है।",1
health_C_mok_df_water,intro,यह एक ऐसा दिन है जब शरीर को ठीक होने में कठिनाई होती है और थकान आसानी से जमा हो जाती है।,1
health_C_mok_df_water,effect,रिकवरी कम होने के कारण हल्की गतिविधि के बाद भी शारीरिक शक्ति तेजी से घटती है।,1
health_C_mok_df_water,action,ज़ोरदार व्यायाम से बचें और आराम को प्राथमिकता दें।,1
health_C_mok_df_water,state,"नई चीजों को आजमाने में झिझक प्रगति को धीमा कर सकती है, और बारिश और बर्फ की ऊर्जा आपकी भावनाओं और आंतरिक आत्म को उत्तेजित कर सकती है, जिससे प्रभाव बढ़ सकता है।",1
health_C_mok_df_wood,intro,यह एक ऐसा दिन है जब शरीर को ठीक होने में कठिनाई होती है और थकान आसानी से जमा हो जाती है।,1
health_C_mok_df_wood,effect,रिकवरी कम होने के कारण हल्की गतिविधि के बाद भी शारीरिक शक्ति तेजी से घटती है।,1
health_C_mok_df_wood,action,ज़ोरदार व्यायाम से बचें और आराम को प्राथमिकता दें।,1
health_C_mok_df_wood,state,"नई चीजों को आजमाने में झिझक प्रगति को धीमा कर सकती है, और परिवर्तन की मजबूत ऊर्जा लय को हिला सकती है और अप्रत्याशित परिवर्तन ला सकती है।",1
health_C_mok_ex_earth,intro,यह एक ऐसा दिन है जब शरीर को ठीक होने में कठिनाई होती है और थकान आसानी से जमा हो जाती है।,1
health_C_mok_ex_earth,effect,रिकवरी कम होने के कारण हल्की गतिविधि के बाद भी शारीरिक शक्ति तेजी से घटती है।,1
health_C_mok_ex_earth,action,ज़ोरदार व्यायाम से बचें और आराम को प्राथमिकता दें।,1
health_C_mok_ex_earth,state,"अत्यधिक प्रेरणा के कारण आप चीजों को अति कर सकते हैं, और धूमिल ऊर्जा आपको धीमा कर सकती है और आपके विचारों को भारी बना सकती है।",1
health_C_mok_ex_fire,intro,यह एक ऐसा दिन है जब शरीर को ठीक होने में कठिनाई होती है और थकान आसानी से जमा हो जाती है।,1
health_C_mok_ex_fire,effect,रिकवरी कम होने के कारण हल्की गतिविधि के बाद भी शारीरिक शक्ति तेजी से घटती है।,1
health_C_mok_ex_fire,action,ज़ोरदार व्यायाम से बचें और आराम को प्राथमिकता दें।,1
health_C_mok_ex_fire,state,"यदि आप बहुत अधिक प्रेरित हैं, तो आप खुद को काम करने के लिए प्रेरित कर सकते हैं, और आपकी स्पष्ट ऊर्जा एक उत्साहित माहौल में प्रवाहित हो सकती है, जो आपके विवेक को धूमिल कर सकती है।",1
health_C_mok_ex_water,intro,यह एक ऐसा दिन है जब शरीर को ठीक होने में कठिनाई होती है और थकान आसानी से जमा हो जाती है।,1
health_C_mok_ex_water,effect,रिकवरी कम होने के कारण हल्की गतिविधि के बाद भी शारीरिक शक्ति तेजी से घटती है।,1
health_C_mok_ex_water,action,ज़ोरदार व्यायाम से बचें और आराम को प्राथमिकता दें।,1
health_C_mok_ex_water,state,"यदि आपके पास बहुत अधिक प्रेरणा है, तो आप चीजों को अति कर सकते हैं, और बारिश और बर्फ की ऊर्जा आपकी भावनाओं और आंतरिक आत्म को उत्तेजित कर सकती है, जिससे प्रभाव बढ़ सकता है।",1
health_C_mok_ex_wood,intro,यह एक ऐसा दिन है जब शरीर को ठीक होने में कठिनाई होती है और थकान आसानी से जमा हो जाती है।,1
health_C_mok_ex_wood,effect,रिकवरी कम होने के कारण हल्की गतिविधि के बाद भी शारीरिक शक्ति तेजी से घटती है।,1
health_C_mok_ex_wood,action,ज़ोरदार व्यायाम से बचें और आराम को प्राथमिकता दें।,1
health_C_mok_ex_wood,state,"अत्यधिक प्रेरणा चीजों को अति करने के लिए प्रेरित कर सकती है, और परिवर्तन की मजबूत ऊर्जा लय को हिला सकती है और अप्रत्याशित परिवर्तन ला सकती है।",1
health_C_su_df_earth,intro,यह एक ऐसा दिन है जब शरीर में रक्त संचार अवरुद्ध हो जाता है और शरीर भारी और भरा हुआ महसूस होता है।,1
health_C_su_df_earth,effect,परिसंचरण कम होने से अत्यधिक थकान और एकाग्रता में कमी आती है।,1
health_C_su_df_earth,action,हल्की वॉकिंग या स्ट्रेचिंग करके अपने परिसंचरण को थोड़ा-थोड़ा करके बहाल करें।,1
health_C_su_df_earth,state,"लचीलेपन की कमी के कारण प्रवाह का ट्रैक खोना आसान है, और बादल वाली ऊर्जा आपको धीमा कर सकती है और आपके विचारों को भारी बना सकती है।",1
health_C_su_df_fire,intro,यह एक ऐसा दिन है जब शरीर में रक्त संचार अवरुद्ध हो जाता है और शरीर भारी और भरा हुआ महसूस होता है।,1
health_C_su_df_fire,effect,परिसंचरण कम होने से अत्यधिक थकान और एकाग्रता में कमी आती है।,1
health_C_su_df_fire,action,हल्की वॉकिंग या स्ट्रेचिंग करके अपने परिसंचरण को थोड़ा-थोड़ा करके बहाल करें।,1
health_C_su_df_fire,state,"लचीलेपन की कमी के कारण, प्रवाह का ट्रैक खोना आसान है, और स्पष्ट ऊर्जा उत्तेजित वातावरण में प्रवाहित हो सकती है, जो आपके विवेक को धूमिल कर सकती है।",1
health_C_su_df_water,intro,यह एक ऐसा दिन है जब शरीर में रक्त संचार अवरुद्ध हो जाता है और शरीर भारी और भरा हुआ महसूस होता है।,1
health_C_su_df_water,effect,परिसंचरण कम होने से अत्यधिक थकान और एकाग्रता में कमी आती है।,1
health_C_su_df_water,action,हल्की वॉकिंग या स्ट्रेचिंग करके अपने परिसंचरण को थोड़ा-थोड़ा करके बहाल करें।,1
health_C_su_df_water,state,"लचीलेपन की कमी के कारण, प्रवाह का ट्रैक खोना आसान है, और बारिश और बर्फ की ऊर्जा भावनाओं और आंतरिक आत्म को उत्तेजित कर सकती है, जिससे प्रभाव बढ़ सकता है।",1
health_C_su_df_wood,intro,यह एक ऐसा दिन है जब शरीर में रक्त संचार अवरुद्ध हो जाता है और शरीर भारी और भरा हुआ महसूस होता है।,1
health_C_su_df_wood,effect,परिसंचरण कम होने से अत्यधिक थकान और एकाग्रता में कमी आती है।,1
health_C_su_df_wood,action,हल्की वॉकिंग या स्ट्रेचिंग करके अपने परिसंचरण को थोड़ा-थोड़ा करके बहाल करें।,1
health_C_su_df_wood,state,"लचीलेपन की कमी के कारण, प्रवाह का ट्रैक खोना आसान है, और परिवर्तन की मजबूत ऊर्जा लय को हिला सकती है और अप्रत्याशित परिवर्तन को जन्म दे सकती है।",1
health_C_su_ex_earth,intro,यह एक ऐसा दिन है जब शरीर में रक्त संचार अवरुद्ध हो जाता है और शरीर भारी और भरा हुआ महसूस होता है।,1
health_C_su_ex_earth,effect,परिसंचरण कम होने से अत्यधिक थकान और एकाग्रता में कमी आती है।,1
health_C_su_ex_earth,action,हल्की वॉकिंग या स्ट्रेचिंग करके अपने परिसंचरण को थोड़ा-थोड़ा करके बहाल करें।,1
health_C_su_ex_earth,state,"उमड़ती हुई भावनाओं के कारण आपके निर्णय पर पर्दा पड़ना आसान है, और धुंधली ऊर्जा आपको धीमा कर सकती है और आपके विचारों को भारी बना सकती है।",1
health_C_su_ex_fire,intro,यह एक ऐसा दिन है जब शरीर में रक्त संचार अवरुद्ध हो जाता है और शरीर भारी और भरा हुआ महसूस होता है।,1
health_C_su_ex_fire,effect,परिसंचरण कम होने से अत्यधिक थकान और एकाग्रता में कमी आती है।,1
health_C_su_ex_fire,action,हल्की वॉकिंग या स्ट्रेचिंग करके अपने परिसंचरण को थोड़ा-थोड़ा करके बहाल करें।,1
health_C_su_ex_fire,state,"भावनाओं के उमड़ने से निर्णय आसानी से धुंधला हो सकता है, और स्पष्ट ऊर्जा उत्तेजित वातावरण में प्रवाहित हो सकती है, जो विवेक को धूमिल कर सकती है।",1
health_C_su_ex_water,intro,यह एक ऐसा दिन है जब शरीर में रक्त संचार अवरुद्ध हो जाता है और शरीर भारी और भरा हुआ महसूस होता है।,1
health_C_su_ex_water,effect,परिसंचरण कम होने से अत्यधिक थकान और एकाग्रता में कमी आती है।,1
health_C_su_ex_water,action,हल्की वॉकिंग या स्ट्रेचिंग करके अपने परिसंचरण को थोड़ा-थोड़ा करके बहाल करें।,1
health_C_su_ex_water,state,"उमड़ती भावनाओं के कारण आपके निर्णय पर बादल छा जाना आसान है, और बारिश और बर्फ की ऊर्जा आपकी भावनाओं और आंतरिक स्व को उत्तेजित कर सकती है, जिससे प्रभाव बढ़ सकता है।",1
health_C_su_ex_wood,intro,यह एक ऐसा दिन है जब शरीर में रक्त संचार अवरुद्ध हो जाता है और शरीर भारी और भरा हुआ महसूस होता है।,1
health_C_su_ex_wood,effect,परिसंचरण कम होने से अत्यधिक थकान और एकाग्रता में कमी आती है।,1
health_C_su_ex_wood,action,हल्की वॉकिंग या स्ट्रेचिंग करके अपने परिसंचरण को थोड़ा-थोड़ा करके बहाल करें।,1
health_C_su_ex_wood,state,"निर्णय आसानी से भावनाओं से ढका जा सकता है, और परिवर्तन की मजबूत ऊर्जा लय को हिला सकती है और अप्रत्याशित परिवर्तन ला सकती है।",1
health_C_to_df_earth,intro,यह एक ऐसा दिन है जब आपके स्वास्थ्य की नींव हिल जाती है और आपकी शारीरिक स्थिति अस्थिर हो जाती है।,1
health_C_to_df_earth,effect,कमजोर स्वास्थ्य आधार लगातार थकान और खराब शारीरिक स्थिति में प्रकट होता है।,1
health_C_to_df_earth,action,"इसे ज़्यादा न करें, पर्याप्त आराम करें और नियमित जीवनशैली बनाए रखें।",1
health_C_to_df_earth,state,"क्योंकि आपका केंद्र हिल गया है, आपके परिवेश से प्रभावित होना आसान है, और बादल वाली ऊर्जा आपको धीमा कर सकती है और आपके विचारों को भारी बना सकती है।",1
health_C_to_df_fire,intro,यह एक ऐसा दिन है जब आपके स्वास्थ्य की नींव हिल जाती है और आपकी शारीरिक स्थिति अस्थिर हो जाती है।,1
health_C_to_df_fire,effect,कमजोर स्वास्थ्य आधार लगातार थकान और खराब शारीरिक स्थिति में प्रकट होता है।,1
health_C_to_df_fire,action,"इसे ज़्यादा न करें, पर्याप्त आराम करें और नियमित जीवनशैली बनाए रखें।",1
health_C_to_df_fire,state,"क्योंकि आपका केंद्र हिल गया है, आपके आस-पास के लोगों द्वारा प्रभावित होना आसान है, और आपकी स्पष्ट ऊर्जा एक उत्साहित वातावरण में प्रवाहित हो सकती है, जो आपके विवेक को धूमिल कर सकती है।",1
health_C_to_df_water,intro,यह एक ऐसा दिन है जब आपके स्वास्थ्य की नींव हिल जाती है और आपकी शारीरिक स्थिति अस्थिर हो जाती है।,1
health_C_to_df_water,effect,कमजोर स्वास्थ्य आधार लगातार थकान और खराब शारीरिक स्थिति में प्रकट होता है।,1
health_C_to_df_water,action,"इसे ज़्यादा न करें, पर्याप्त आराम करें और नियमित जीवनशैली बनाए रखें।",1
health_C_to_df_water,state,"क्योंकि आपका केंद्र हिल गया है, आपके परिवेश से प्रभावित होना आसान है, और बारिश और बर्फ की ऊर्जा आपकी भावनाओं और आंतरिक स्व को उत्तेजित कर सकती है, जिससे प्रभाव बढ़ सकता है।",1
health_C_to_df_wood,intro,यह एक ऐसा दिन है जब आपके स्वास्थ्य की नींव हिल जाती है और आपकी शारीरिक स्थिति अस्थिर हो जाती है।,1
health_C_to_df_wood,effect,कमजोर स्वास्थ्य आधार लगातार थकान और खराब शारीरिक स्थिति में प्रकट होता है।,1
health_C_to_df_wood,action,"इसे ज़्यादा न करें, पर्याप्त आराम करें और नियमित जीवनशैली बनाए रखें।",1
health_C_to_df_wood,state,"क्योंकि केंद्र हिल गया है, परिवेश से प्रभावित होना आसान है, और परिवर्तन की मजबूत ऊर्जा लय को हिला सकती है और अप्रत्याशित परिवर्तन ला सकती है।",1
health_C_to_ex_earth,intro,यह एक ऐसा दिन है जब आपके स्वास्थ्य की नींव हिल जाती है और आपकी शारीरिक स्थिति अस्थिर हो जाती है।,1
health_C_to_ex_earth,effect,कमजोर स्वास्थ्य आधार लगातार थकान और खराब शारीरिक स्थिति में प्रकट होता है।,1
health_C_to_ex_earth,action,"इसे ज़्यादा न करें, पर्याप्त आराम करें और नियमित जीवनशैली बनाए रखें।",1
health_C_to_ex_earth,state,"जो मन परिवर्तन से इनकार करता है वह अवसरों को अवरुद्ध कर सकता है, और बादल भरी ऊर्जा आपकी गति को धीमा कर सकती है और आपके विचारों को भारी बना सकती है।",1
health_C_to_ex_fire,intro,यह एक ऐसा दिन है जब आपके स्वास्थ्य की नींव हिल जाती है और आपकी शारीरिक स्थिति अस्थिर हो जाती है।,1
health_C_to_ex_fire,effect,कमजोर स्वास्थ्य आधार लगातार थकान और खराब शारीरिक स्थिति में प्रकट होता है।,1
health_C_to_ex_fire,action,"इसे ज़्यादा न करें, पर्याप्त आराम करें और नियमित जीवनशैली बनाए रखें।",1
health_C_to_ex_fire,state,"एक मन जो परिवर्तन से इनकार करता है वह अवसरों को अवरुद्ध कर सकता है, और स्पष्ट ऊर्जा एक उत्साहित माहौल में प्रवाहित हो सकती है, जिससे सावधानी बरतती है।",1
health_C_to_ex_water,intro,यह एक ऐसा दिन है जब आपके स्वास्थ्य की नींव हिल जाती है और आपकी शारीरिक स्थिति अस्थिर हो जाती है।,1
health_C_to_ex_water,effect,कमजोर स्वास्थ्य आधार लगातार थकान और खराब शारीरिक स्थिति में प्रकट होता है।,1
health_C_to_ex_water,action,"इसे ज़्यादा न करें, पर्याप्त आराम करें और नियमित जीवनशैली बनाए रखें।",1
health_C_to_ex_water,state,"एक मन जो परिवर्तन से इनकार करता है वह अवसरों को अवरुद्ध कर सकता है, और बारिश और बर्फ की ऊर्जा भावनाओं और आंतरिक भावनाओं को उत्तेजित कर सकती है, जो प्रभाव को बढ़ा सकती है।",1
health_C_to_ex_wood,intro,यह एक ऐसा दिन है जब आपके स्वास्थ्य की नींव हिल जाती है और आपकी शारीरिक स्थिति अस्थिर हो जाती है।,1
health_C_to_ex_wood,effect,कमजोर स्वास्थ्य आधार लगातार थकान और खराब शारीरिक स्थिति में प्रकट होता है।,1
health_C_to_ex_wood,action,"इसे ज़्यादा न करें, पर्याप्त आराम करें और नियमित जीवनशैली बनाए रखें।",1
health_C_to_ex_wood,state,"परिवर्तन से इनकार अवसरों को अवरुद्ध कर सकता है, और परिवर्तन की मजबूत ऊर्जा लय को हिला सकती है और अप्रत्याशित परिवर्तन को जन्म दे सकती है।",1
health_C1,intro,आज ऐसा दिन है जब मेरा शरीर काफी कमजोर है और मुझे पर्याप्त आराम की सख्त जरूरत है।,1
health_C1,intro,"आज आपकी स्वास्थ्य ऊर्जा काफी कम है, इसलिए आपको अपने शरीर द्वारा भेजे जाने वाले संकेतों के प्रति संवेदनशील होने की आवश्यकता है।",1
health_C1,effect,"आपकी रोग प्रतिरोधक क्षमता और सहनशक्ति सामान्य से बहुत कम है, इसलिए एक छोटा समूह भी बोझ हो सकता है।",1
health_C1,effect,"यह वह दिन है जब आपका शरीर आराम करना चाहता है, और आराम आपके शेड्यूल को काफी हद तक कम करने के लिए काफी महत्वपूर्ण है।",1
health_C1,action,जब बात आपके स्वास्थ्य की हो तो आज रूढ़िवादी रहें और कोई भी गतिविधि कम से कम करें।,1
health_C1,action,केवल गर्म खाना खाने और पर्याप्त नींद लेने से आपके शरीर को स्वस्थ होने में काफी मदद मिल सकती है।,1
health_C1_geum_df_earth,intro,यह एक ऐसा दिन है जब आपका स्वास्थ्य इतना कमजोर हो जाता है कि आपकी शारीरिक गतिविधियाँ गंभीर रूप से सीमित हो जाती हैं।,1
health_C1_geum_df_earth,effect,उल्लेखनीय रूप से कम हुई शारीरिक शक्ति दैनिक गतिविधियों को भी कठिन बना देती है।,1
health_C1_geum_df_earth,action,आज कम से कम गतिविधि करें और अपने शरीर को जितना संभव हो उतना आराम दें।,1
health_C1_geum_df_earth,state,"दृढ़ संकल्प की कमी के कारण, अनिर्णायक विकल्पों को जमा करना आसान होता है, और अस्पष्ट ऊर्जा प्रेरणा और अस्पष्ट निर्णय को कम कर सकती है।",1
health_C1_geum_df_fire,intro,यह एक ऐसा दिन है जब आपका स्वास्थ्य इतना कमजोर हो जाता है कि आपकी शारीरिक गतिविधियाँ गंभीर रूप से सीमित हो जाती हैं।,1
health_C1_geum_df_fire,effect,उल्लेखनीय रूप से कम हुई शारीरिक शक्ति दैनिक गतिविधियों को भी कठिन बना देती है।,1
health_C1_geum_df_fire,action,आज कम से कम गतिविधि करें और अपने शरीर को जितना संभव हो उतना आराम दें।,1
health_C1_geum_df_fire,state,"दृढ़ संकल्प की कमी के कारण, अनिर्णायक विकल्प चुनना आसान है, और उत्साहित यांग शांति भंग कर सकता है और छोटी गलतियों को जन्म दे सकता है।",1
health_C1_geum_df_water,intro,यह एक ऐसा दिन है जब आपका स्वास्थ्य इतना कमजोर हो जाता है कि आपकी शारीरिक गतिविधियाँ गंभीर रूप से सीमित हो जाती हैं।,1
health_C1_geum_df_water,effect,उल्लेखनीय रूप से कम हुई शारीरिक शक्ति दैनिक गतिविधियों को भी कठिन बना देती है।,1
health_C1_geum_df_water,action,आज कम से कम गतिविधि करें और अपने शरीर को जितना संभव हो उतना आराम दें।,1
health_C1_geum_df_water,state,"दृढ़ संकल्प की कमी के कारण, अनिर्णायक विकल्पों का ढेर लगना आसान होता है, और बारिश और बर्फ़ की ऊर्जा आपकी भावनाओं को शांत नहीं कर पाती है, जिससे आपका दिल भारी हो जाता है।",1
health_C1_geum_df_wood,intro,यह एक ऐसा दिन है जब आपका स्वास्थ्य इतना कमजोर हो जाता है कि आपकी शारीरिक गतिविधियाँ गंभीर रूप से सीमित हो जाती हैं।,1
health_C1_geum_df_wood,effect,उल्लेखनीय रूप से कम हुई शारीरिक शक्ति दैनिक गतिविधियों को भी कठिन बना देती है।,1
health_C1_geum_df_wood,action,आज कम से कम गतिविधि करें और अपने शरीर को जितना संभव हो उतना आराम दें।,1
health_C1_geum_df_wood,state,"दृढ़ संकल्प की कमी के कारण, अनिर्णायक विकल्पों का ढेर लगना आसान है, और परिवर्तन की ऊर्जा योजनाओं में हस्तक्षेप और बाधा डालती रह सकती है।",1
health_C1_geum_ex_earth,intro,यह एक ऐसा दिन है जब आपका स्वास्थ्य इतना कमजोर हो जाता है कि आपकी शारीरिक गतिविधियाँ गंभीर रूप से सीमित हो जाती हैं।,1
health_C1_geum_ex_earth,effect,उल्लेखनीय रूप से कम हुई शारीरिक शक्ति दैनिक गतिविधियों को भी कठिन बना देती है।,1
health_C1_geum_ex_earth,action,आज कम से कम गतिविधि करें और अपने शरीर को जितना संभव हो उतना आराम दें।,1
health_C1_geum_ex_earth,state,"तीक्ष्णता बहुत दूर तक जा सकती है और आपके आस-पास के लोगों पर बोझ डाल सकती है, और धूमिल ऊर्जा प्रेरणा को कम कर सकती है और आपके निर्णय को धूमिल कर सकती है।",1
health_C1_geum_ex_fire,intro,यह एक ऐसा दिन है जब आपका स्वास्थ्य इतना कमजोर हो जाता है कि आपकी शारीरिक गतिविधियाँ गंभीर रूप से सीमित हो जाती हैं।,1
health_C1_geum_ex_fire,effect,उल्लेखनीय रूप से कम हुई शारीरिक शक्ति दैनिक गतिविधियों को भी कठिन बना देती है।,1
health_C1_geum_ex_fire,action,आज कम से कम गतिविधि करें और अपने शरीर को जितना संभव हो उतना आराम दें।,1
health_C1_geum_ex_fire,state,"आपकी तीक्ष्णता बहुत दूर तक जा सकती है और आपके आस-पास के लोगों पर बोझ डाल सकती है, और आपकी उत्तेजित ऊर्जा आपकी शांति को ख़त्म कर सकती है और छोटी-मोटी गलतियों को जन्म दे सकती है।",1
health_C1_geum_ex_water,intro,यह एक ऐसा दिन है जब आपका स्वास्थ्य इतना कमजोर हो जाता है कि आपकी शारीरिक गतिविधियाँ गंभीर रूप से सीमित हो जाती हैं।,1
health_C1_geum_ex_water,effect,उल्लेखनीय रूप से कम हुई शारीरिक शक्ति दैनिक गतिविधियों को भी कठिन बना देती है।,1
health_C1_geum_ex_water,action,आज कम से कम गतिविधि करें और अपने शरीर को जितना संभव हो उतना आराम दें।,1
health_C1_geum_ex_water,state,"आपकी तीक्ष्णता बहुत दूर तक जा सकती है और आपके आस-पास के लोगों पर बोझ डाल सकती है, और बारिश और बर्फ की ऊर्जा आपकी भावनाओं को शांत नहीं कर सकती है, जिससे आपका दिल भारी हो जाएगा।",1
health_C1_geum_ex_wood,intro,यह एक ऐसा दिन है जब आपका स्वास्थ्य इतना कमजोर हो जाता है कि आपकी शारीरिक गतिविधियाँ गंभीर रूप से सीमित हो जाती हैं।,1
health_C1_geum_ex_wood,effect,उल्लेखनीय रूप से कम हुई शारीरिक शक्ति दैनिक गतिविधियों को भी कठिन बना देती है।,1
health_C1_geum_ex_wood,action,आज कम से कम गतिविधि करें और अपने शरीर को जितना संभव हो उतना आराम दें।,1
health_C1_geum_ex_wood,state,"आपकी तीक्ष्णता बहुत दूर तक जा सकती है और आपके आस-पास के लोगों पर बोझ डाल सकती है, और परिवर्तन की ऊर्जा आपकी योजनाओं में हस्तक्षेप कर सकती है।",1
health_C1_hwa_df_earth,intro,यह एक कठिन दिन होता है जब आपकी जीवन शक्ति काफी कम हो जाती है और आपका पूरा शरीर थक जाता है।,1
health_C1_hwa_df_earth,effect,ऊर्जा की कमी से प्रतिरक्षा कमजोर हो जाती है और पुनर्प्राप्ति कठिन हो जाती है।,1
health_C1_hwa_df_earth,action,आराम करने और तुरंत आराम करने के अपने शरीर के संकेतों को नज़रअंदाज न करें।,1
health_C1_hwa_df_earth,state,"अभिव्यक्ति में रुकावट के कारण आपकी भावनाओं को ठीक से व्यक्त नहीं किया जाना आसान है, और धूमिल ऊर्जा प्रेरणा को कम कर सकती है और आपके निर्णय को धूमिल कर सकती है।",1
health_C1_hwa_df_fire,intro,यह एक कठिन दिन होता है जब आपकी जीवन शक्ति काफी कम हो जाती है और आपका पूरा शरीर थक जाता है।,1
health_C1_hwa_df_fire,effect,ऊर्जा की कमी से प्रतिरक्षा कमजोर हो जाती है और पुनर्प्राप्ति कठिन हो जाती है।,1
health_C1_hwa_df_fire,action,आराम करने और तुरंत आराम करने के अपने शरीर के संकेतों को नज़रअंदाज न करें।,1
health_C1_hwa_df_fire,state,"अभिव्यक्ति में रुकावट के कारण आपकी भावनाओं को ठीक से व्यक्त नहीं किया जाना आसान है, और उत्तेजित ऊर्जा आपकी शांति को बिखेर सकती है और छोटी-मोटी गलतियों को जन्म दे सकती है।",1
health_C1_hwa_df_water,intro,यह एक कठिन दिन होता है जब आपकी जीवन शक्ति काफी कम हो जाती है और आपका पूरा शरीर थक जाता है।,1
health_C1_hwa_df_water,effect,ऊर्जा की कमी से प्रतिरक्षा कमजोर हो जाती है और पुनर्प्राप्ति कठिन हो जाती है।,1
health_C1_hwa_df_water,action,आराम करने और तुरंत आराम करने के अपने शरीर के संकेतों को नज़रअंदाज न करें।,1
health_C1_hwa_df_water,state,"चूँकि अभिव्यक्तियाँ अवरुद्ध हैं, इसलिए आपकी भावनाओं को ठीक से व्यक्त नहीं किया जाना आसान है, और बारिश और बर्फ की ऊर्जा आपकी भावनाओं को शांत नहीं कर सकती है, जिससे आपका दिल भारी हो सकता है।",1
health_C1_hwa_df_wood,intro,यह एक कठिन दिन होता है जब आपकी जीवन शक्ति काफी कम हो जाती है और आपका पूरा शरीर थक जाता है।,1
health_C1_hwa_df_wood,effect,ऊर्जा की कमी से प्रतिरक्षा कमजोर हो जाती है और पुनर्प्राप्ति कठिन हो जाती है।,1
health_C1_hwa_df_wood,action,आराम करने और तुरंत आराम करने के अपने शरीर के संकेतों को नज़रअंदाज न करें।,1
health_C1_hwa_df_wood,state,"अभिव्यक्ति में रुकावट के कारण आपकी भावनाओं को ठीक से व्यक्त नहीं किया जाना आसान है, और परिवर्तन की ऊर्जा आपकी योजनाओं में हस्तक्षेप और बाधा डाल सकती है।",1
health_C1_hwa_ex_earth,intro,यह एक कठिन दिन होता है जब आपकी जीवन शक्ति काफी कम हो जाती है और आपका पूरा शरीर थक जाता है।,1
health_C1_hwa_ex_earth,effect,ऊर्जा की कमी से प्रतिरक्षा कमजोर हो जाती है और पुनर्प्राप्ति कठिन हो जाती है।,1
health_C1_hwa_ex_earth,action,आराम करने और तुरंत आराम करने के अपने शरीर के संकेतों को नज़रअंदाज न करें।,1
health_C1_hwa_ex_earth,state,"भावनाओं के लिए छोटी-छोटी बातों पर भी घर्षण पैदा करना आसान होता है, और धुंधली ऊर्जा प्रेरणा और अस्पष्ट निर्णय को कम कर सकती है।",1
health_C1_hwa_ex_fire,intro,यह एक कठिन दिन होता है जब आपकी जीवन शक्ति काफी कम हो जाती है और आपका पूरा शरीर थक जाता है।,1
health_C1_hwa_ex_fire,effect,ऊर्जा की कमी से प्रतिरक्षा कमजोर हो जाती है और पुनर्प्राप्ति कठिन हो जाती है।,1
health_C1_hwa_ex_fire,action,आराम करने और तुरंत आराम करने के अपने शरीर के संकेतों को नज़रअंदाज न करें।,1
health_C1_hwa_ex_fire,state,"भावनाओं के लिए छोटी-छोटी बातों पर भी घर्षण पैदा करना आसान है, और उत्तेजित ऊर्जा आपकी शांति को भंग कर सकती है और छोटी-छोटी गलतियों को जन्म दे सकती है।",1
health_C1_hwa_ex_water,intro,यह एक कठिन दिन होता है जब आपकी जीवन शक्ति काफी कम हो जाती है और आपका पूरा शरीर थक जाता है।,1
health_C1_hwa_ex_water,effect,ऊर्जा की कमी से प्रतिरक्षा कमजोर हो जाती है और पुनर्प्राप्ति कठिन हो जाती है।,1
health_C1_hwa_ex_water,action,आराम करने और तुरंत आराम करने के अपने शरीर के संकेतों को नज़रअंदाज न करें।,1
health_C1_hwa_ex_water,state,"छोटी-छोटी बातों पर भी भावनाएँ उत्पन्न होना आसान है, और बारिश और बर्फ़ की ऊर्जा आपकी भावनाओं को शांत नहीं कर पाती है, जिससे आपका दिल भारी हो जाता है।",1
health_C1_hwa_ex_wood,intro,यह एक कठिन दिन होता है जब आपकी जीवन शक्ति काफी कम हो जाती है और आपका पूरा शरीर थक जाता है।,1
health_C1_hwa_ex_wood,effect,ऊर्जा की कमी से प्रतिरक्षा कमजोर हो जाती है और पुनर्प्राप्ति कठिन हो जाती है।,1
health_C1_hwa_ex_wood,action,आराम करने और तुरंत आराम करने के अपने शरीर के संकेतों को नज़रअंदाज न करें।,1
health_C1_hwa_ex_wood,state,"यदि आप भावनात्मक रूप से प्रेरित हैं, तो छोटी-छोटी बातों पर भी मनमुटाव पैदा होना आसान है, और परिवर्तन की ऊर्जा आपकी योजनाओं में हस्तक्षेप और बाधा डालती रह सकती है।",1
health_C1_mok_df_earth,intro,यह एक ऐसा दिन है जब शरीर की रिकवरी बहुत कम हो जाती है और थकान शायद ही कभी दूर होती है।,1
health_C1_mok_df_earth,effect,कमजोर लचीलापन क्रोनिक थकान और स्वास्थ्य समस्याओं का कारण बन सकता है।,1
health_C1_mok_df_earth,action,कृपया पोषक तत्वों की खुराक या पर्याप्त भोजन के माध्यम से सक्रिय रूप से आपकी रिकवरी में मदद करें।,1
health_C1_mok_df_earth,state,"यदि आप लंबे समय तक झिझकते हैं, तो अवसर आपके हाथ से निकल जाना आसान है, और धूमिल ऊर्जा प्रेरणा को कम कर सकती है और आपके निर्णय को धूमिल कर सकती है।",1
health_C1_mok_df_fire,intro,यह एक ऐसा दिन है जब शरीर की रिकवरी बहुत कम हो जाती है और थकान शायद ही कभी दूर होती है।,1
health_C1_mok_df_fire,effect,कमजोर लचीलापन क्रोनिक थकान और स्वास्थ्य समस्याओं का कारण बन सकता है।,1
health_C1_mok_df_fire,action,कृपया पोषक तत्वों की खुराक या पर्याप्त भोजन के माध्यम से सक्रिय रूप से आपकी रिकवरी में मदद करें।,1
health_C1_mok_df_fire,state,"यदि आप लंबे समय तक झिझकते हैं, तो अवसर आपके हाथ से निकल जाना आसान है, और उत्साहित ऊर्जा आपकी शांति को नष्ट कर सकती है और छोटी-मोटी गलतियों को जन्म दे सकती है।",1
health_C1_mok_df_water,intro,यह एक ऐसा दिन है जब शरीर की रिकवरी बहुत कम हो जाती है और थकान शायद ही कभी दूर होती है।,1
health_C1_mok_df_water,effect,कमजोर लचीलापन क्रोनिक थकान और स्वास्थ्य समस्याओं का कारण बन सकता है।,1
health_C1_mok_df_water,action,कृपया पोषक तत्वों की खुराक या पर्याप्त भोजन के माध्यम से सक्रिय रूप से आपकी रिकवरी में मदद करें।,1
health_C1_mok_df_water,state,"यदि आप लंबे समय तक झिझकते हैं, तो अवसर आसानी से आपके हाथ से निकल जाता है, और बारिश और बर्फ की ऊर्जा आपकी भावनाओं को शांत नहीं कर पाती है, जिससे आपका दिल भारी हो जाता है।",1
health_C1_mok_df_wood,intro,यह एक ऐसा दिन है जब शरीर की रिकवरी बहुत कम हो जाती है और थकान शायद ही कभी दूर होती है।,1
health_C1_mok_df_wood,effect,कमजोर लचीलापन क्रोनिक थकान और स्वास्थ्य समस्याओं का कारण बन सकता है।,1
health_C1_mok_df_wood,action,कृपया पोषक तत्वों की खुराक या पर्याप्त भोजन के माध्यम से सक्रिय रूप से आपकी रिकवरी में मदद करें।,1
health_C1_mok_df_wood,state,"यदि आप लंबे समय तक झिझकते हैं, तो अवसर आपके हाथ से निकल जाना आसान है, और परिवर्तन की ऊर्जा हस्तक्षेप करती रह सकती है और आपकी योजनाओं को बाधित कर सकती है।",1
health_C1_mok_ex_earth,intro,यह एक ऐसा दिन है जब शरीर की रिकवरी बहुत कम हो जाती है और थकान शायद ही कभी दूर होती है।,1
health_C1_mok_ex_earth,effect,कमजोर लचीलापन क्रोनिक थकान और स्वास्थ्य समस्याओं का कारण बन सकता है।,1
health_C1_mok_ex_earth,action,कृपया पोषक तत्वों की खुराक या पर्याप्त भोजन के माध्यम से सक्रिय रूप से आपकी रिकवरी में मदद करें।,1
health_C1_mok_ex_earth,state,"लालच के लिए उन चीज़ों की ओर ले जाना आसान है जिन्हें समझा नहीं जा सकता है, और अस्पष्ट ऊर्जा प्रेरणा और अस्पष्ट निर्णय को कम कर सकती है।",1
health_C1_mok_ex_fire,intro,यह एक ऐसा दिन है जब शरीर की रिकवरी बहुत कम हो जाती है और थकान शायद ही कभी दूर होती है।,1
health_C1_mok_ex_fire,effect,कमजोर लचीलापन क्रोनिक थकान और स्वास्थ्य समस्याओं का कारण बन सकता है।,1
health_C1_mok_ex_fire,action,कृपया पोषक तत्वों की खुराक या पर्याप्त भोजन के माध्यम से सक्रिय रूप से आपकी रिकवरी में मदद करें।,1
health_C1_mok_ex_fire,state,"लालच करना और ऐसे काम करना आसान है जिन पर आप नियंत्रण नहीं कर सकते, और उत्तेजित ऊर्जा आपकी शांति को भंग कर सकती है और छोटी-मोटी गलतियों को जन्म दे सकती है।",1
health_C1_mok_ex_water,intro,यह एक ऐसा दिन है जब शरीर की रिकवरी बहुत कम हो जाती है और थकान शायद ही कभी दूर होती है।,1
health_C1_mok_ex_water,effect,कमजोर लचीलापन क्रोनिक थकान और स्वास्थ्य समस्याओं का कारण बन सकता है।,1
health_C1_mok_ex_water,action,कृपया पोषक तत्वों की खुराक या पर्याप्त भोजन के माध्यम से सक्रिय रूप से आपकी रिकवरी में मदद करें।,1
health_C1_mok_ex_water,state,"लालच करना और ऐसे काम करना आसान है जिन्हें आप नियंत्रित नहीं कर सकते, और बारिश और बर्फ की ऊर्जा आपकी भावनाओं को शांत नहीं कर सकती है, जिससे आपका दिल भारी हो जाता है।",1
health_C1_mok_ex_wood,intro,यह एक ऐसा दिन है जब शरीर की रिकवरी बहुत कम हो जाती है और थकान शायद ही कभी दूर होती है।,1
health_C1_mok_ex_wood,effect,कमजोर लचीलापन क्रोनिक थकान और स्वास्थ्य समस्याओं का कारण बन सकता है।,1
health_C1_mok_ex_wood,action,कृपया पोषक तत्वों की खुराक या पर्याप्त भोजन के माध्यम से सक्रिय रूप से आपकी रिकवरी में मदद करें।,1
health_C1_mok_ex_wood,state,"लालची होना और ऐसे काम करना आसान है जिन्हें आप नियंत्रित नहीं कर सकते, और परिवर्तन की ऊर्जा आपकी योजनाओं में हस्तक्षेप और बाधा डाल सकती है।",1
health_C1_su_df_earth,intro,यह वह दिन होता है जब शरीर में रक्त संचार बुरी तरह अवरुद्ध हो जाता है और शरीर भारी और दर्दनाक महसूस होता है।,1
health_C1_su_df_earth,effect,"परिसंचरण संबंधी समस्याएं बदतर हो सकती हैं, जिससे सिरदर्द या बेचैनी हो सकती है।",1
health_C1_su_df_earth,action,"यदि संभव हो, तो हल्के गर्म स्नान या मालिश से परिसंचरण में सहायता करें।",1
health_C1_su_df_earth,state,"जिद्दी होना और बार-बार चीजों पर नज़र रखना आसान है, और धूमिल ऊर्जा प्रेरणा को कम कर सकती है और आपके निर्णय को धूमिल कर सकती है।",1
health_C1_su_df_fire,intro,यह वह दिन होता है जब शरीर में रक्त संचार बुरी तरह अवरुद्ध हो जाता है और शरीर भारी और दर्दनाक महसूस होता है।,1
health_C1_su_df_fire,effect,"परिसंचरण संबंधी समस्याएं बदतर हो सकती हैं, जिससे सिरदर्द या बेचैनी हो सकती है।",1
health_C1_su_df_fire,action,"यदि संभव हो, तो हल्के गर्म स्नान या मालिश से परिसंचरण में सहायता करें।",1
health_C1_su_df_fire,state,"जिद्दी होना और प्रवाह का ट्रैक खोना आसान है, और उत्तेजित ऊर्जा आपकी शांति को भंग कर सकती है और छोटी-मोटी गलतियों को जन्म दे सकती है।",1
health_C1_su_df_water,intro,यह वह दिन होता है जब शरीर में रक्त संचार बुरी तरह अवरुद्ध हो जाता है और शरीर भारी और दर्दनाक महसूस होता है।,1
health_C1_su_df_water,effect,"परिसंचरण संबंधी समस्याएं बदतर हो सकती हैं, जिससे सिरदर्द या बेचैनी हो सकती है।",1
health_C1_su_df_water,action,"यदि संभव हो, तो हल्के गर्म स्नान या मालिश से परिसंचरण में सहायता करें।",1
health_C1_su_df_water,state,"जिद्दी बनना और प्रवाह का ट्रैक खोना आसान है, और बारिश और बर्फ की ऊर्जा आपकी भावनाओं को शांत नहीं कर सकती है, जिससे आपका दिल भारी हो जाता है।",1
health_C1_su_df_wood,intro,यह वह दिन होता है जब शरीर में रक्त संचार बुरी तरह अवरुद्ध हो जाता है और शरीर भारी और दर्दनाक महसूस होता है।,1
health_C1_su_df_wood,effect,"परिसंचरण संबंधी समस्याएं बदतर हो सकती हैं, जिससे सिरदर्द या बेचैनी हो सकती है।",1
health_C1_su_df_wood,action,"यदि संभव हो, तो हल्के गर्म स्नान या मालिश से परिसंचरण में सहायता करें।",1
health_C1_su_df_wood,state,"ज़िद्दी होना और बार-बार चीज़ों से भटक जाना आसान है, और परिवर्तन की ऊर्जा आपकी योजनाओं में हस्तक्षेप और बाधा डाल सकती है।",1
health_C1_su_ex_earth,intro,यह वह दिन होता है जब शरीर में रक्त संचार बुरी तरह अवरुद्ध हो जाता है और शरीर भारी और दर्दनाक महसूस होता है।,1
health_C1_su_ex_earth,effect,"परिसंचरण संबंधी समस्याएं बदतर हो सकती हैं, जिससे सिरदर्द या बेचैनी हो सकती है।",1
health_C1_su_ex_earth,action,"यदि संभव हो, तो हल्के गर्म स्नान या मालिश से परिसंचरण में सहायता करें।",1
health_C1_su_ex_earth,state,"भावनाएँ गहरी हो जाती हैं, इसलिए छोटी-छोटी उत्तेजनाओं से भी हिलना आसान होता है, और धुंधली ऊर्जा प्रेरणा और बादल निर्णय को कम कर सकती है।",1
health_C1_su_ex_fire,intro,यह वह दिन होता है जब शरीर में रक्त संचार बुरी तरह अवरुद्ध हो जाता है और शरीर भारी और दर्दनाक महसूस होता है।,1
health_C1_su_ex_fire,effect,"परिसंचरण संबंधी समस्याएं बदतर हो सकती हैं, जिससे सिरदर्द या बेचैनी हो सकती है।",1
health_C1_su_ex_fire,action,"यदि संभव हो, तो हल्के गर्म स्नान या मालिश से परिसंचरण में सहायता करें।",1
health_C1_su_ex_fire,state,"भावनाएँ गहरी हो जाती हैं, इसलिए थोड़ी सी भी उत्तेजना से हिलना आसान होता है, और उत्तेजित ऊर्जा शांति को भंग कर सकती है और छोटी-मोटी गलतियाँ कर सकती है।",1
health_C1_su_ex_water,intro,यह वह दिन होता है जब शरीर में रक्त संचार बुरी तरह अवरुद्ध हो जाता है और शरीर भारी और दर्दनाक महसूस होता है।,1
health_C1_su_ex_water,effect,"परिसंचरण संबंधी समस्याएं बदतर हो सकती हैं, जिससे सिरदर्द या बेचैनी हो सकती है।",1
health_C1_su_ex_water,action,"यदि संभव हो, तो हल्के गर्म स्नान या मालिश से परिसंचरण में सहायता करें।",1
health_C1_su_ex_water,state,"जैसे-जैसे भावनाएँ गहरी होती जाती हैं, थोड़ी सी भी उत्तेजना से हिलना आसान हो जाता है, और बारिश और बर्फ़ की ऊर्जा भावनाओं को शांत नहीं कर पाती है, जिससे दिल भारी हो जाता है।",1
health_C1_su_ex_wood,intro,यह वह दिन होता है जब शरीर में रक्त संचार बुरी तरह अवरुद्ध हो जाता है और शरीर भारी और दर्दनाक महसूस होता है।,1
health_C1_su_ex_wood,effect,"परिसंचरण संबंधी समस्याएं बदतर हो सकती हैं, जिससे सिरदर्द या बेचैनी हो सकती है।",1
health_C1_su_ex_wood,action,"यदि संभव हो, तो हल्के गर्म स्नान या मालिश से परिसंचरण में सहायता करें।",1
health_C1_su_ex_wood,state,"जैसे-जैसे आपकी भावनाएँ गहरी होती जाती हैं, थोड़ी सी भी उत्तेजना से हिलना आसान हो जाता है, और परिवर्तन की ऊर्जा आपकी योजनाओं में हस्तक्षेप और बाधा डालती रह सकती है।",1
health_C1_to_df_earth,intro,यह एक ऐसा दिन है जब आपके स्वास्थ्य की बुनियाद गंभीर रूप से कमजोर हो जाती है और आपका शरीर थोड़ी सी उत्तेजना पर भी प्रतिक्रिया करता है।,1
health_C1_to_df_earth,effect,बेहद कमजोर स्वास्थ्य आधार स्वास्थ्य समस्याओं का एक समूह पैदा करता है।,1
health_C1_to_df_earth,action,किसी चिकित्सकीय पेशेवर से मदद लें या आज पूरी तरह आराम करें।,1
health_C1_to_df_earth,state,"चूँकि आप केन्द्रित नहीं हैं, इसलिए आपके निर्णयों को बदलना आसान है, और धूमिल ऊर्जा प्रेरणा को कम कर सकती है और आपके निर्णय को धूमिल कर सकती है।",1
health_C1_to_df_fire,intro,यह एक ऐसा दिन है जब आपके स्वास्थ्य की बुनियाद गंभीर रूप से कमजोर हो जाती है और आपका शरीर थोड़ी सी उत्तेजना पर भी प्रतिक्रिया करता है।,1
health_C1_to_df_fire,effect,बेहद कमजोर स्वास्थ्य आधार स्वास्थ्य समस्याओं का एक समूह पैदा करता है।,1
health_C1_to_df_fire,action,किसी चिकित्सकीय पेशेवर से मदद लें या आज पूरी तरह आराम करें।,1
health_C1_to_df_fire,state,"चूँकि आप केन्द्रित नहीं हैं, इसलिए आपके निर्णयों को बदलना आसान है, और आपकी उत्तेजित ऊर्जा आपकी शांति को नष्ट कर सकती है और छोटी-मोटी गलतियों को जन्म दे सकती है।",1
health_C1_to_df_water,intro,यह एक ऐसा दिन है जब आपके स्वास्थ्य की बुनियाद गंभीर रूप से कमजोर हो जाती है और आपका शरीर थोड़ी सी उत्तेजना पर भी प्रतिक्रिया करता है।,1
health_C1_to_df_water,effect,बेहद कमजोर स्वास्थ्य आधार स्वास्थ्य समस्याओं का एक समूह पैदा करता है।,1
health_C1_to_df_water,action,किसी चिकित्सकीय पेशेवर से मदद लें या आज पूरी तरह आराम करें।,1
health_C1_to_df_water,state,"क्योंकि आप केंद्रित नहीं हैं, इसलिए आपके निर्णय बदलना आसान है, और बारिश और बर्फ की ऊर्जा आपकी भावनाओं को शांत नहीं कर सकती है, जिससे आपका दिल भारी हो जाता है।",1
health_C1_to_df_wood,intro,यह एक ऐसा दिन है जब आपके स्वास्थ्य की बुनियाद गंभीर रूप से कमजोर हो जाती है और आपका शरीर थोड़ी सी उत्तेजना पर भी प्रतिक्रिया करता है।,1
health_C1_to_df_wood,effect,बेहद कमजोर स्वास्थ्य आधार स्वास्थ्य समस्याओं का एक समूह पैदा करता है।,1
health_C1_to_df_wood,action,किसी चिकित्सकीय पेशेवर से मदद लें या आज पूरी तरह आराम करें।,1
health_C1_to_df_wood,state,"चूँकि आप केन्द्रित नहीं हैं, इसलिए आपके निर्णयों को बदलना आसान है, और परिवर्तन की ऊर्जा आपकी योजनाओं में हस्तक्षेप कर सकती है।",1
health_C1_to_ex_earth,intro,यह एक ऐसा दिन है जब आपके स्वास्थ्य की बुनियाद गंभीर रूप से कमजोर हो जाती है और आपका शरीर थोड़ी सी उत्तेजना पर भी प्रतिक्रिया करता है।,1
health_C1_to_ex_earth,effect,बेहद कमजोर स्वास्थ्य आधार स्वास्थ्य समस्याओं का एक समूह पैदा करता है।,1
health_C1_to_ex_earth,action,किसी चिकित्सकीय पेशेवर से मदद लें या आज पूरी तरह आराम करें।,1
health_C1_to_ex_earth,state,"उन परिवर्तनों को अनदेखा करना आसान है जिनके लिए जिद्दी स्थिरता अभिविन्यास की आवश्यकता होती है, और बादल वाली ऊर्जा प्रेरणा और बादल निर्णय को कम कर सकती है।",1
health_C1_to_ex_fire,intro,यह एक ऐसा दिन है जब आपके स्वास्थ्य की बुनियाद गंभीर रूप से कमजोर हो जाती है और आपका शरीर थोड़ी सी उत्तेजना पर भी प्रतिक्रिया करता है।,1
health_C1_to_ex_fire,effect,बेहद कमजोर स्वास्थ्य आधार स्वास्थ्य समस्याओं का एक समूह पैदा करता है।,1
health_C1_to_ex_fire,action,किसी चिकित्सकीय पेशेवर से मदद लें या आज पूरी तरह आराम करें।,1
health_C1_to_ex_fire,state,"उन परिवर्तनों को अनदेखा करना आसान है जिनके लिए जिद्दी स्थिरता की आवश्यकता होती है, और उत्तेजित ऊर्जा शांति को परेशान कर सकती है और छोटी गलतियों को जन्म दे सकती है।",1
health_C1_to_ex_water,intro,यह एक ऐसा दिन है जब आपके स्वास्थ्य की बुनियाद गंभीर रूप से कमजोर हो जाती है और आपका शरीर थोड़ी सी उत्तेजना पर भी प्रतिक्रिया करता है।,1
health_C1_to_ex_water,effect,बेहद कमजोर स्वास्थ्य आधार स्वास्थ्य समस्याओं का एक समूह पैदा करता है।,1
health_C1_to_ex_water,action,किसी चिकित्सकीय पेशेवर से मदद लें या आज पूरी तरह आराम करें।,1
health_C1_to_ex_water,state,"उन परिवर्तनों को अनदेखा करना आसान है जिनके लिए जिद्दी स्थिरता की आवश्यकता होती है, और बारिश और बर्फ की ऊर्जा आपकी भावनाओं को शांत नहीं कर सकती है, जिससे आपका दिल भारी हो जाता है।",1
health_C1_to_ex_wood,intro,यह एक ऐसा दिन है जब आपके स्वास्थ्य की बुनियाद गंभीर रूप से कमजोर हो जाती है और आपका शरीर थोड़ी सी उत्तेजना पर भी प्रतिक्रिया करता है।,1
health_C1_to_ex_wood,effect,बेहद कमजोर स्वास्थ्य आधार स्वास्थ्य समस्याओं का एक समूह पैदा करता है।,1
health_C1_to_ex_wood,action,किसी चिकित्सकीय पेशेवर से मदद लें या आज पूरी तरह आराम करें।,1
health_C1_to_ex_wood,state,"उन परिवर्तनों को अनदेखा करना आसान है जिनके लिए जिद्दी स्थिरता अभिविन्यास की आवश्यकता होती है, और परिवर्तन की ऊर्जा आपकी योजनाओं में हस्तक्षेप और बाधित कर सकती है।",1
health_D,intro,"आज आपकी स्वास्थ्य ऊर्जा निचले स्तर पर है, इसलिए आपको अपने शरीर के सभी संकेतों पर तुरंत प्रतिक्रिया देने की आवश्यकता है।",1
health_D,intro,आज वह दिन है जब मेरी शारीरिक स्थिति इतनी कमजोर है कि कोई प्रयास सहन नहीं होता।,1
health_D,effect,"शरीर छोटी भीड़ पर भी बहुत प्रतिक्रिया कर सकता है, इसलिए अपने दैनिक कार्यक्रम को कम करना महत्वपूर्ण है।",1
health_D,effect,"यह एक ऐसा दिन है जब आपकी रोग प्रतिरोधक क्षमता बहुत कम हो जाती है, जिससे अगले दिन शारीरिक स्थिति में भारी गिरावट आ सकती है।",1
health_D,action,आज का दिन आपके शरीर के लिए है और आपके पास पूर्ण आराम के अलावा कोई विकल्प नहीं है।,1
health_D,action,"किसी भी गतिविधि को कम करें, गर्म रहें और केवल जलयोजन और पोषण पर ध्यान दें।",1
health_D_geum_df_earth,intro,ये ऐसे दिन हैं जब स्वास्थ्य सबसे खराब स्थिति में होता है और कोई भी शारीरिक गतिविधि खतरनाक हो सकती है।,1
health_D_geum_df_earth,effect,शारीरिक शक्ति में अत्यधिक गिरावट से सभी गतिविधियाँ असंभव हो जाती हैं।,1
health_D_geum_df_earth,action,आज पूरा आराम करें और यदि आवश्यक हो तो डॉक्टर से मिलें।,1
health_D_geum_df_earth,state,"आपका दृढ़ संकल्प बहुत टूट सकता है, और आपके द्वारा चुने गए किसी भी विकल्प के परिणामस्वरूप पछतावा हो सकता है, और मोटी, धुंधली ऊर्जा हर चीज को बहुत धीमा कर सकती है।",1
health_D_geum_df_fire,intro,ये ऐसे दिन हैं जब स्वास्थ्य सबसे खराब स्थिति में होता है और कोई भी शारीरिक गतिविधि खतरनाक हो सकती है।,1
health_D_geum_df_fire,effect,शारीरिक शक्ति में अत्यधिक गिरावट से सभी गतिविधियाँ असंभव हो जाती हैं।,1
health_D_geum_df_fire,action,आज पूरा आराम करें और यदि आवश्यक हो तो डॉक्टर से मिलें।,1
health_D_geum_df_fire,state,"निर्णय लेने की क्षमता को बहुत कमजोर किया जा सकता है, और कोई भी विकल्प पछतावे का कारण बन सकता है, और मजबूत यांग आवेगों को प्रोत्साहित कर सकता है और लापरवाह कार्यों को जन्म दे सकता है।",1
health_D_geum_df_water,intro,ये ऐसे दिन हैं जब स्वास्थ्य सबसे खराब स्थिति में होता है और कोई भी शारीरिक गतिविधि खतरनाक हो सकती है।,1
health_D_geum_df_water,effect,शारीरिक शक्ति में अत्यधिक गिरावट से सभी गतिविधियाँ असंभव हो जाती हैं।,1
health_D_geum_df_water,action,आज पूरा आराम करें और यदि आवश्यक हो तो डॉक्टर से मिलें।,1
health_D_geum_df_water,state,"आपका दृढ़ संकल्प बुरी तरह टूट सकता है, और आपके द्वारा चुने गए किसी भी विकल्प के परिणामस्वरूप पछतावा हो सकता है, और भारी बारिश और बर्फ़ की तीव्रता आपकी भावनाओं को हिंसक रूप से झकझोर सकती है, जिससे उन्हें नियंत्रित करना मुश्किल हो जाएगा।",1
health_D_geum_df_wood,intro,ये ऐसे दिन हैं जब स्वास्थ्य सबसे खराब स्थिति में होता है और कोई भी शारीरिक गतिविधि खतरनाक हो सकती है।,1
health_D_geum_df_wood,effect,शारीरिक शक्ति में अत्यधिक गिरावट से सभी गतिविधियाँ असंभव हो जाती हैं।,1
health_D_geum_df_wood,action,आज पूरा आराम करें और यदि आवश्यक हो तो डॉक्टर से मिलें।,1
health_D_geum_df_wood,state,"आपका दृढ़ संकल्प बुरी तरह टूट सकता है, आपके द्वारा किया गया कोई भी विकल्प पछतावे में समाप्त हो सकता है, और परिवर्तन की प्रचंड ऊर्जा के कारण आपकी सभी भविष्यवाणियाँ भटक सकती हैं।",1
health_D_geum_ex_earth,intro,ये ऐसे दिन हैं जब स्वास्थ्य सबसे खराब स्थिति में होता है और कोई भी शारीरिक गतिविधि खतरनाक हो सकती है।,1
health_D_geum_ex_earth,effect,शारीरिक शक्ति में अत्यधिक गिरावट से सभी गतिविधियाँ असंभव हो जाती हैं।,1
health_D_geum_ex_earth,action,आज पूरा आराम करें और यदि आवश्यक हो तो डॉक्टर से मिलें।,1
health_D_geum_ex_earth,state,"यदि तीक्ष्णता बहुत दूर तक जाती है, तो यह आसपास के वातावरण के साथ एक गहरी दरार पैदा कर सकती है, और घनी बादल वाली ऊर्जा हर चीज़ को बहुत धीमा कर सकती है।",1
health_D_geum_ex_fire,intro,ये ऐसे दिन हैं जब स्वास्थ्य सबसे खराब स्थिति में होता है और कोई भी शारीरिक गतिविधि खतरनाक हो सकती है।,1
health_D_geum_ex_fire,effect,शारीरिक शक्ति में अत्यधिक गिरावट से सभी गतिविधियाँ असंभव हो जाती हैं।,1
health_D_geum_ex_fire,action,आज पूरा आराम करें और यदि आवश्यक हो तो डॉक्टर से मिलें।,1
health_D_geum_ex_fire,state,"तीखापन बहुत दूर तक जा सकता है और आपके आस-पास के लोगों के साथ गहरी दरार पैदा कर सकता है, और मजबूत यांग आवेगों को प्रोत्साहित कर सकता है और लापरवाह कार्यों को जन्म दे सकता है।",1
health_D_geum_ex_water,intro,ये ऐसे दिन हैं जब स्वास्थ्य सबसे खराब स्थिति में होता है और कोई भी शारीरिक गतिविधि खतरनाक हो सकती है।,1
health_D_geum_ex_water,effect,शारीरिक शक्ति में अत्यधिक गिरावट से सभी गतिविधियाँ असंभव हो जाती हैं।,1
health_D_geum_ex_water,action,आज पूरा आराम करें और यदि आवश्यक हो तो डॉक्टर से मिलें।,1
health_D_geum_ex_water,state,"तीव्रता बहुत दूर तक जा सकती है और आसपास के वातावरण में गहरी दरारें पैदा कर सकती है, और भारी बारिश और बर्फ की ताकत आपकी भावनाओं को हिंसक रूप से झकझोर सकती है, जिससे उन्हें नियंत्रित करना मुश्किल हो जाता है।",1
health_D_geum_ex_wood,intro,ये ऐसे दिन हैं जब स्वास्थ्य सबसे खराब स्थिति में होता है और कोई भी शारीरिक गतिविधि खतरनाक हो सकती है।,1
health_D_geum_ex_wood,effect,शारीरिक शक्ति में अत्यधिक गिरावट से सभी गतिविधियाँ असंभव हो जाती हैं।,1
health_D_geum_ex_wood,action,आज पूरा आराम करें और यदि आवश्यक हो तो डॉक्टर से मिलें।,1
health_D_geum_ex_wood,state,"तीक्ष्णता बहुत दूर तक जा सकती है और परिवेश में गहरी दरारें पैदा कर सकती है, और परिवर्तन की प्रचंड ऊर्जा सभी भविष्यवाणियों को भटका सकती है।",1
health_D_hwa_df_earth,intro,यह एक ऐसा दिन है जब आपकी जीवन शक्ति पूरी तरह से ख़त्म हो जाती है और आपका पूरा शरीर अत्यधिक थक जाता है।,1
health_D_hwa_df_earth,effect,ऊर्जा के पूर्ण ह्रास के कारण रोग प्रतिरोधक क्षमता जमीन पर गिर जाती है।,1
health_D_hwa_df_earth,action,किसी भी गतिविधि को रोकें और तुरंत आराम और रिकवरी पर ध्यान दें।,1
health_D_hwa_df_earth,state,"किसी की भावनाओं को व्यक्त करने का रास्ता पूरी तरह से बंद है, जो गलतफहमियों और वियोग को गहरा कर सकता है, और मोटी, धुंधली ऊर्जा हर चीज को बहुत धीमा कर सकती है।",1
health_D_hwa_df_fire,intro,यह एक ऐसा दिन है जब आपकी जीवन शक्ति पूरी तरह से ख़त्म हो जाती है और आपका पूरा शरीर अत्यधिक थक जाता है।,1
health_D_hwa_df_fire,effect,ऊर्जा के पूर्ण ह्रास के कारण रोग प्रतिरोधक क्षमता जमीन पर गिर जाती है।,1
health_D_hwa_df_fire,action,किसी भी गतिविधि को रोकें और तुरंत आराम और रिकवरी पर ध्यान दें।,1
health_D_hwa_df_fire,state,"किसी की भावनाओं को संप्रेषित करने का रास्ता पूरी तरह से बंद है, जिससे गलतफहमी और अलगाव गहरा हो सकता है, और मजबूत सकारात्मक ऊर्जा आवेगों को प्रोत्साहित कर सकती है और लापरवाह कार्यों को जन्म दे सकती है।",1
health_D_hwa_df_water,intro,यह एक ऐसा दिन है जब आपकी जीवन शक्ति पूरी तरह से ख़त्म हो जाती है और आपका पूरा शरीर अत्यधिक थक जाता है।,1
health_D_hwa_df_water,effect,ऊर्जा के पूर्ण ह्रास के कारण रोग प्रतिरोधक क्षमता जमीन पर गिर जाती है।,1
health_D_hwa_df_water,action,किसी भी गतिविधि को रोकें और तुरंत आराम और रिकवरी पर ध्यान दें।,1
health_D_hwa_df_water,state,"किसी की भावनाओं को संप्रेषित करने का रास्ता पूरी तरह से बंद है, जिससे गलतफहमियां और वियोग गहरा सकता है, और भारी बारिश और बर्फ की ताकत भावनाओं को हिंसक रूप से झकझोर सकती है, जिससे उन्हें नियंत्रित करना मुश्किल हो जाता है।",1
health_D_hwa_df_wood,intro,यह एक ऐसा दिन है जब आपकी जीवन शक्ति पूरी तरह से ख़त्म हो जाती है और आपका पूरा शरीर अत्यधिक थक जाता है।,1
health_D_hwa_df_wood,effect,ऊर्जा के पूर्ण ह्रास के कारण रोग प्रतिरोधक क्षमता जमीन पर गिर जाती है।,1
health_D_hwa_df_wood,action,किसी भी गतिविधि को रोकें और तुरंत आराम और रिकवरी पर ध्यान दें।,1
health_D_hwa_df_wood,state,"किसी की भावनाओं को संप्रेषित करने का रास्ता पूरी तरह से बंद हो जाता है, गलतफहमियाँ और वियोग गहरा हो सकता है, और परिवर्तन की उग्र ऊर्जा सभी भविष्यवाणियों को भटका सकती है।",1
health_D_hwa_ex_earth,intro,यह एक ऐसा दिन है जब आपकी जीवन शक्ति पूरी तरह से ख़त्म हो जाती है और आपका पूरा शरीर अत्यधिक थक जाता है।,1
health_D_hwa_ex_earth,effect,ऊर्जा के पूर्ण ह्रास के कारण रोग प्रतिरोधक क्षमता जमीन पर गिर जाती है।,1
health_D_hwa_ex_earth,action,किसी भी गतिविधि को रोकें और तुरंत आराम और रिकवरी पर ध्यान दें।,1
health_D_hwa_ex_earth,state,"अत्यधिक गरम भावनाएँ एक अपूरणीय संघर्ष में फैल सकती हैं, और घनी बादल वाली ऊर्जा सब कुछ बहुत धीमा कर सकती है।",1
health_D_hwa_ex_fire,intro,यह एक ऐसा दिन है जब आपकी जीवन शक्ति पूरी तरह से ख़त्म हो जाती है और आपका पूरा शरीर अत्यधिक थक जाता है।,1
health_D_hwa_ex_fire,effect,ऊर्जा के पूर्ण ह्रास के कारण रोग प्रतिरोधक क्षमता जमीन पर गिर जाती है।,1
health_D_hwa_ex_fire,action,किसी भी गतिविधि को रोकें और तुरंत आराम और रिकवरी पर ध्यान दें।,1
health_D_hwa_ex_fire,state,"अत्यधिक गरम भावनाएं अपरिवर्तनीय संघर्ष का कारण बन सकती हैं, और मजबूत यांग आवेगों को प्रोत्साहित कर सकता है और लापरवाह कार्यों को जन्म दे सकता है।",1
health_D_hwa_ex_water,intro,यह एक ऐसा दिन है जब आपकी जीवन शक्ति पूरी तरह से ख़त्म हो जाती है और आपका पूरा शरीर अत्यधिक थक जाता है।,1
health_D_hwa_ex_water,effect,ऊर्जा के पूर्ण ह्रास के कारण रोग प्रतिरोधक क्षमता जमीन पर गिर जाती है।,1
health_D_hwa_ex_water,action,किसी भी गतिविधि को रोकें और तुरंत आराम और रिकवरी पर ध्यान दें।,1
health_D_hwa_ex_water,state,"अत्यधिक गरम भावनाएं एक अपूरणीय संघर्ष में फैल सकती हैं, और भारी बारिश और बर्फ की ताकत भावनाओं को हिंसक रूप से हिला देती है, जिससे नियंत्रण मुश्किल हो जाता है।",1
health_D_hwa_ex_wood,intro,यह एक ऐसा दिन है जब आपकी जीवन शक्ति पूरी तरह से ख़त्म हो जाती है और आपका पूरा शरीर अत्यधिक थक जाता है।,1
health_D_hwa_ex_wood,effect,ऊर्जा के पूर्ण ह्रास के कारण रोग प्रतिरोधक क्षमता जमीन पर गिर जाती है।,1
health_D_hwa_ex_wood,action,किसी भी गतिविधि को रोकें और तुरंत आराम और रिकवरी पर ध्यान दें।,1
health_D_hwa_ex_wood,state,"अत्यधिक गरम भावनाएँ एक अपूरणीय संघर्ष में फैल सकती हैं, और परिवर्तन की उग्र ऊर्जा सभी भविष्यवाणियों को भटका सकती है।",1
health_D_mok_df_earth,intro,यह वह दिन है जब आपके शरीर का रिकवरी कार्य पूरी तरह से बंद हो जाता है और आपका स्वास्थ्य तेजी से बिगड़ने लगता है।,1
health_D_mok_df_earth,effect,लचीलेपन का पूर्ण ह्रास आपके समग्र स्वास्थ्य को खतरे में डालता है।,1
health_D_mok_df_earth,action,आज सभी गतिविधियाँ बंद कर दें और केवल अपना स्वास्थ्य पुनः प्राप्त करने पर ध्यान केंद्रित करें।,1
health_D_mok_df_earth,state,"डर आपको कार्रवाई करने से पूरी तरह से रोक सकता है और यहां तक ​​कि आपको अवसरों को खोने का कारण भी बन सकता है, और घनी बादल वाली ऊर्जा हर चीज को बहुत धीमा कर सकती है।",1
health_D_mok_df_fire,intro,यह वह दिन है जब आपके शरीर का रिकवरी कार्य पूरी तरह से बंद हो जाता है और आपका स्वास्थ्य तेजी से बिगड़ने लगता है।,1
health_D_mok_df_fire,effect,लचीलेपन का पूर्ण ह्रास आपके समग्र स्वास्थ्य को खतरे में डालता है।,1
health_D_mok_df_fire,action,आज सभी गतिविधियाँ बंद कर दें और केवल अपना स्वास्थ्य पुनः प्राप्त करने पर ध्यान केंद्रित करें।,1
health_D_mok_df_fire,state,"डर किसी कार्य को पूरी तरह से रोक सकता है और यहां तक कि अवसरों की हानि भी हो सकती है, और मजबूत सकारात्मक ऊर्जा आवेगों को प्रोत्साहित कर सकती है और लापरवाह कार्यों को जन्म दे सकती है।",1
health_D_mok_df_water,intro,यह वह दिन है जब आपके शरीर का रिकवरी कार्य पूरी तरह से बंद हो जाता है और आपका स्वास्थ्य तेजी से बिगड़ने लगता है।,1
health_D_mok_df_water,effect,लचीलेपन का पूर्ण ह्रास आपके समग्र स्वास्थ्य को खतरे में डालता है।,1
health_D_mok_df_water,action,आज सभी गतिविधियाँ बंद कर दें और केवल अपना स्वास्थ्य पुनः प्राप्त करने पर ध्यान केंद्रित करें।,1
health_D_mok_df_water,state,"डर आपको कार्रवाई करने से पूरी तरह से रोक सकता है और यहां तक कि आपके लिए अवसर भी खो सकता है, और भारी बारिश और बर्फबारी की ताकत आपकी भावनाओं को इतना हिला सकती है कि उन्हें नियंत्रित करना मुश्किल हो जाता है।",1
health_D_mok_df_wood,intro,यह वह दिन है जब आपके शरीर का रिकवरी कार्य पूरी तरह से बंद हो जाता है और आपका स्वास्थ्य तेजी से बिगड़ने लगता है।,1
health_D_mok_df_wood,effect,लचीलेपन का पूर्ण ह्रास आपके समग्र स्वास्थ्य को खतरे में डालता है।,1
health_D_mok_df_wood,action,आज सभी गतिविधियाँ बंद कर दें और केवल अपना स्वास्थ्य पुनः प्राप्त करने पर ध्यान केंद्रित करें।,1
health_D_mok_df_wood,state,"डर कार्रवाई को पूरी तरह से रोक सकता है और यहां तक कि अवसरों की हानि भी हो सकती है, और परिवर्तन की प्रचंड ऊर्जा सभी भविष्यवाणियों को भटका सकती है।",1
health_D_mok_ex_earth,intro,यह वह दिन है जब आपके शरीर का रिकवरी कार्य पूरी तरह से बंद हो जाता है और आपका स्वास्थ्य तेजी से बिगड़ने लगता है।,1
health_D_mok_ex_earth,effect,लचीलेपन का पूर्ण ह्रास आपके समग्र स्वास्थ्य को खतरे में डालता है।,1
health_D_mok_ex_earth,action,आज सभी गतिविधियाँ बंद कर दें और केवल अपना स्वास्थ्य पुनः प्राप्त करने पर ध्यान केंद्रित करें।,1
health_D_mok_ex_earth,state,"अनियंत्रित प्रेरणा अनुचित दुर्घटनाओं को जन्म दे सकती है, और घनी धुंधली ऊर्जा हर चीज़ को बहुत धीमा कर सकती है।",1
health_D_mok_ex_fire,intro,यह वह दिन है जब आपके शरीर का रिकवरी कार्य पूरी तरह से बंद हो जाता है और आपका स्वास्थ्य तेजी से बिगड़ने लगता है।,1
health_D_mok_ex_fire,effect,लचीलेपन का पूर्ण ह्रास आपके समग्र स्वास्थ्य को खतरे में डालता है।,1
health_D_mok_ex_fire,action,आज सभी गतिविधियाँ बंद कर दें और केवल अपना स्वास्थ्य पुनः प्राप्त करने पर ध्यान केंद्रित करें।,1
health_D_mok_ex_fire,state,"अनियंत्रित प्रेरणा अनुचित दुर्घटनाओं को जन्म दे सकती है, और मजबूत सकारात्मक ऊर्जा आवेगों को प्रोत्साहित कर सकती है और लापरवाह कार्यों को जन्म दे सकती है।",1
health_D_mok_ex_water,intro,यह वह दिन है जब आपके शरीर का रिकवरी कार्य पूरी तरह से बंद हो जाता है और आपका स्वास्थ्य तेजी से बिगड़ने लगता है।,1
health_D_mok_ex_water,effect,लचीलेपन का पूर्ण ह्रास आपके समग्र स्वास्थ्य को खतरे में डालता है।,1
health_D_mok_ex_water,action,आज सभी गतिविधियाँ बंद कर दें और केवल अपना स्वास्थ्य पुनः प्राप्त करने पर ध्यान केंद्रित करें।,1
health_D_mok_ex_water,state,"अनियंत्रित प्रेरणा अनुचित दुर्घटनाओं को जन्म दे सकती है, और भारी बारिश और बर्फ की ताकत भावनाओं को हिंसक रूप से हिला सकती है, जिससे नियंत्रण मुश्किल हो जाता है।",1
health_D_mok_ex_wood,intro,यह वह दिन है जब आपके शरीर का रिकवरी कार्य पूरी तरह से बंद हो जाता है और आपका स्वास्थ्य तेजी से बिगड़ने लगता है।,1
health_D_mok_ex_wood,effect,लचीलेपन का पूर्ण ह्रास आपके समग्र स्वास्थ्य को खतरे में डालता है।,1
health_D_mok_ex_wood,action,आज सभी गतिविधियाँ बंद कर दें और केवल अपना स्वास्थ्य पुनः प्राप्त करने पर ध्यान केंद्रित करें।,1
health_D_mok_ex_wood,state,"अनियंत्रित प्रेरणा अनुचित सोच को जन्म दे सकती है, और परिवर्तन की प्रचंड ऊर्जा सभी भविष्यवाणियों को भटका सकती है।",1
health_D_su_df_earth,intro,यह एक ऐसा दिन होता है जब शरीर में रक्त संचार पूरी तरह से अवरुद्ध हो जाता है और पूरा शरीर बेहद असहज हो जाता है।,1
health_D_su_df_earth,effect,परिसंचरण में पूर्ण रुकावट से शरीर के सभी कार्य कम हो जाते हैं।,1
health_D_su_df_earth,action,पेशेवर चिकित्सा सहायता लें या तुरंत भरपूर आराम करें।,1
health_D_su_df_earth,state,"एक कठोर रवैया सभी प्रवाह को अवरुद्ध कर देता है, जिससे प्रगति कठिन हो जाती है, और मोटी, धुंधली ऊर्जा हर चीज को बहुत धीमा कर सकती है।",1
health_D_su_df_fire,intro,यह एक ऐसा दिन होता है जब शरीर में रक्त संचार पूरी तरह से अवरुद्ध हो जाता है और पूरा शरीर बेहद असहज हो जाता है।,1
health_D_su_df_fire,effect,परिसंचरण में पूर्ण रुकावट से शरीर के सभी कार्य कम हो जाते हैं।,1
health_D_su_df_fire,action,पेशेवर चिकित्सा सहायता लें या तुरंत भरपूर आराम करें।,1
health_D_su_df_fire,state,"एक कठोर रवैया सभी प्रवाह को अवरुद्ध करता है, प्रगति को कठिन बनाता है, और मजबूत सकारात्मक ऊर्जा आवेगों को प्रोत्साहित कर सकती है और लापरवाह कार्यों को जन्म दे सकती है।",1
health_D_su_df_water,intro,यह एक ऐसा दिन होता है जब शरीर में रक्त संचार पूरी तरह से अवरुद्ध हो जाता है और पूरा शरीर बेहद असहज हो जाता है।,1
health_D_su_df_water,effect,परिसंचरण में पूर्ण रुकावट से शरीर के सभी कार्य कम हो जाते हैं।,1
health_D_su_df_water,action,पेशेवर चिकित्सा सहायता लें या तुरंत भरपूर आराम करें।,1
health_D_su_df_water,state,"एक कठोर रवैया सभी प्रवाह को अवरुद्ध कर देता है, जिससे प्रगति मुश्किल हो जाती है, और भारी बारिश और बर्फ की ताकत भावनाओं को हिंसक रूप से हिला देती है, जिससे नियंत्रण मुश्किल हो जाता है।",1
health_D_su_df_wood,intro,यह एक ऐसा दिन होता है जब शरीर में रक्त संचार पूरी तरह से अवरुद्ध हो जाता है और पूरा शरीर बेहद असहज हो जाता है।,1
health_D_su_df_wood,effect,परिसंचरण में पूर्ण रुकावट से शरीर के सभी कार्य कम हो जाते हैं।,1
health_D_su_df_wood,action,पेशेवर चिकित्सा सहायता लें या तुरंत भरपूर आराम करें।,1
health_D_su_df_wood,state,"एक कठोर रवैया सभी प्रवाह को अवरुद्ध कर देता है, जिससे प्रगति कठिन हो जाती है, और परिवर्तन की उग्र ऊर्जा सभी भविष्यवाणियों को भटका सकती है।",1
health_D_su_ex_earth,intro,यह एक ऐसा दिन होता है जब शरीर में रक्त संचार पूरी तरह से अवरुद्ध हो जाता है और पूरा शरीर बेहद असहज हो जाता है।,1
health_D_su_ex_earth,effect,परिसंचरण में पूर्ण रुकावट से शरीर के सभी कार्य कम हो जाते हैं।,1
health_D_su_ex_earth,action,पेशेवर चिकित्सा सहायता लें या तुरंत भरपूर आराम करें।,1
health_D_su_ex_earth,state,"भावनाओं का तूफ़ान तर्क पर हावी हो सकता है और बड़ी ग़लतियों को जन्म दे सकता है, और मोटी, धुंधली ऊर्जा हर चीज़ को बहुत धीमा कर सकती है।",1
health_D_su_ex_fire,intro,यह एक ऐसा दिन होता है जब शरीर में रक्त संचार पूरी तरह से अवरुद्ध हो जाता है और पूरा शरीर बेहद असहज हो जाता है।,1
health_D_su_ex_fire,effect,परिसंचरण में पूर्ण रुकावट से शरीर के सभी कार्य कम हो जाते हैं।,1
health_D_su_ex_fire,action,पेशेवर चिकित्सा सहायता लें या तुरंत भरपूर आराम करें।,1
health_D_su_ex_fire,state,"भावनाओं का सैलाब तर्क पर हावी हो सकता है और बड़ी गलतियों को जन्म दे सकता है, और मजबूत सकारात्मक ऊर्जा आवेगों को प्रोत्साहित कर सकती है और लापरवाह कार्यों को जन्म दे सकती है।",1
health_D_su_ex_water,intro,यह एक ऐसा दिन होता है जब शरीर में रक्त संचार पूरी तरह से अवरुद्ध हो जाता है और पूरा शरीर बेहद असहज हो जाता है।,1
health_D_su_ex_water,effect,परिसंचरण में पूर्ण रुकावट से शरीर के सभी कार्य कम हो जाते हैं।,1
health_D_su_ex_water,action,पेशेवर चिकित्सा सहायता लें या तुरंत भरपूर आराम करें।,1
health_D_su_ex_water,state,"भावनाओं का सैलाब तर्क पर हावी हो सकता है और बड़ी ग़लतियों को जन्म दे सकता है, और भारी बारिश और बर्फ़ की तीव्रता भावनाओं को हिंसक रूप से झकझोर सकती है, जिससे उन्हें नियंत्रित करना मुश्किल हो जाता है।",1
health_D_su_ex_wood,intro,यह एक ऐसा दिन होता है जब शरीर में रक्त संचार पूरी तरह से अवरुद्ध हो जाता है और पूरा शरीर बेहद असहज हो जाता है।,1
health_D_su_ex_wood,effect,परिसंचरण में पूर्ण रुकावट से शरीर के सभी कार्य कम हो जाते हैं।,1
health_D_su_ex_wood,action,पेशेवर चिकित्सा सहायता लें या तुरंत भरपूर आराम करें।,1
health_D_su_ex_wood,state,"भावनाओं का सैलाब तर्क पर हावी हो सकता है और बड़ी गलतियों को जन्म दे सकता है, और परिवर्तन की प्रचंड ऊर्जा सभी भविष्यवाणियों को भटका सकती है।",1
health_D_to_df_earth,intro,यह एक ऐसा दिन है जब स्वास्थ्य की नींव पूरी तरह से टूट जाती है और कोई भी गतिविधि खतरनाक होती है।,1
health_D_to_df_earth,effect,अत्यधिक स्वास्थ्य अस्थिरता एक अपरिवर्तनीय स्थिति पैदा कर सकती है।,1
health_D_to_df_earth,action,आज पूरा आराम करें और यदि आवश्यक हो तो तुरंत चिकित्सा सहायता लें।,1
health_D_to_df_earth,state,"आप अपना संतुलन पूरी तरह से खो सकते हैं और सब कुछ नियंत्रण से बाहर हो सकता है, और घने बादलों वाली ऊर्जा हर चीज़ को बहुत धीमा कर सकती है।",1
health_D_to_df_fire,intro,यह एक ऐसा दिन है जब स्वास्थ्य की नींव पूरी तरह से टूट जाती है और कोई भी गतिविधि खतरनाक होती है।,1
health_D_to_df_fire,effect,अत्यधिक स्वास्थ्य अस्थिरता एक अपरिवर्तनीय स्थिति पैदा कर सकती है।,1
health_D_to_df_fire,action,आज पूरा आराम करें और यदि आवश्यक हो तो तुरंत चिकित्सा सहायता लें।,1
health_D_to_df_fire,state,"यदि आप पूरी तरह से अपना संतुलन खो देते हैं, तो सब कुछ नियंत्रण से बाहर हो सकता है, और मजबूत यांग ऊर्जा आवेगों को प्रोत्साहित कर सकती है और आपको लापरवाह कार्यों के लिए प्रेरित कर सकती है।",1
health_D_to_df_water,intro,यह एक ऐसा दिन है जब स्वास्थ्य की नींव पूरी तरह से टूट जाती है और कोई भी गतिविधि खतरनाक होती है।,1
health_D_to_df_water,effect,अत्यधिक स्वास्थ्य अस्थिरता एक अपरिवर्तनीय स्थिति पैदा कर सकती है।,1
health_D_to_df_water,action,आज पूरा आराम करें और यदि आवश्यक हो तो तुरंत चिकित्सा सहायता लें।,1
health_D_to_df_water,state,"आप पूरी तरह से अपना संतुलन खो सकते हैं और सब कुछ नियंत्रण से बाहर हो सकता है, और भारी बारिश और बर्फ़ की तीव्रता आपकी भावनाओं को इतना हिला सकती है कि उन्हें नियंत्रित करना मुश्किल हो जाता है।",1
health_D_to_df_wood,intro,यह एक ऐसा दिन है जब स्वास्थ्य की नींव पूरी तरह से टूट जाती है और कोई भी गतिविधि खतरनाक होती है।,1
health_D_to_df_wood,effect,अत्यधिक स्वास्थ्य अस्थिरता एक अपरिवर्तनीय स्थिति पैदा कर सकती है।,1
health_D_to_df_wood,action,आज पूरा आराम करें और यदि आवश्यक हो तो तुरंत चिकित्सा सहायता लें।,1
health_D_to_df_wood,state,"यदि आप अपना संतुलन पूरी तरह से खो देते हैं, तो सब कुछ नियंत्रण से बाहर हो सकता है, और परिवर्तन की हिंसक ऊर्जा आपकी सभी भविष्यवाणियों को भटका सकती है।",1
health_D_to_ex_earth,intro,यह एक ऐसा दिन है जब स्वास्थ्य की नींव पूरी तरह से टूट जाती है और कोई भी गतिविधि खतरनाक होती है।,1
health_D_to_ex_earth,effect,अत्यधिक स्वास्थ्य अस्थिरता एक अपरिवर्तनीय स्थिति पैदा कर सकती है।,1
health_D_to_ex_earth,action,आज पूरा आराम करें और यदि आवश्यक हो तो तुरंत चिकित्सा सहायता लें।,1
health_D_to_ex_earth,state,"परिवर्तन से इनकार करने से संकट बढ़ सकता है और पुनर्प्राप्ति कठिन हो सकती है, और घना, बादल भरा वातावरण सब कुछ बहुत धीमा कर सकता है।",1
health_D_to_ex_fire,intro,यह एक ऐसा दिन है जब स्वास्थ्य की नींव पूरी तरह से टूट जाती है और कोई भी गतिविधि खतरनाक होती है।,1
health_D_to_ex_fire,effect,अत्यधिक स्वास्थ्य अस्थिरता एक अपरिवर्तनीय स्थिति पैदा कर सकती है।,1
health_D_to_ex_fire,action,आज पूरा आराम करें और यदि आवश्यक हो तो तुरंत चिकित्सा सहायता लें।,1
health_D_to_ex_fire,state,"परिवर्तन से इनकार करने से संकट बढ़ सकता है और पुनर्प्राप्ति कठिन हो सकती है, और मजबूत सकारात्मक ऊर्जा आवेगों को प्रोत्साहित कर सकती है और लापरवाह कार्यों को जन्म दे सकती है।",1
health_D_to_ex_water,intro,यह एक ऐसा दिन है जब स्वास्थ्य की नींव पूरी तरह से टूट जाती है और कोई भी गतिविधि खतरनाक होती है।,1
health_D_to_ex_water,effect,अत्यधिक स्वास्थ्य अस्थिरता एक अपरिवर्तनीय स्थिति पैदा कर सकती है।,1
health_D_to_ex_water,action,आज पूरा आराम करें और यदि आवश्यक हो तो तुरंत चिकित्सा सहायता लें।,1
health_D_to_ex_water,state,"परिवर्तन से इनकार करने से संकट बढ़ सकता है और पुनर्प्राप्ति कठिन हो सकती है, और भारी बारिश और बर्फ़ की तीव्रता भावनाओं को हिंसक रूप से हिला सकती है, जिससे नियंत्रण मुश्किल हो जाता है।",1
health_D_to_ex_wood,intro,यह एक ऐसा दिन है जब स्वास्थ्य की नींव पूरी तरह से टूट जाती है और कोई भी गतिविधि खतरनाक होती है।,1
health_D_to_ex_wood,effect,अत्यधिक स्वास्थ्य अस्थिरता एक अपरिवर्तनीय स्थिति पैदा कर सकती है।,1
health_D_to_ex_wood,action,आज पूरा आराम करें और यदि आवश्यक हो तो तुरंत चिकित्सा सहायता लें।,1
health_D_to_ex_wood,state,"परिवर्तन से इनकार करने से संकट बढ़ सकता है और पुनर्प्राप्ति कठिन हो सकती है, और परिवर्तन की प्रचंड ऊर्जा सभी भविष्यवाणियों को भटका सकती है।",1
